arm,alloc,split,user_id,y_true,p_class1
BASE,0,test,1685,1,0.5978332057222078
BASE,0,test,16787,0,0.5836435960708878
BASE,0,test,19126,1,0.76699077093973
BASE,0,test,19450,0,0.556423490945165
BASE,0,test,28836,1,0.6605883786669452
BASE,0,test,30502,1,0.6609782841863714
BASE,0,test,33225,1,0.5559030787624135
BASE,0,test,34146,1,0.39481485586805326
BASE,0,test,34428,0,0.5312931541392867
BASE,0,test,42331,1,0.8085612265049482
BASE,0,test,42450,1,0.7141410521205238
BASE,0,test,42908,1,0.858258238053154
BASE,0,test,43628,1,0.9050752965099627
BASE,0,test,56380,1,0.5119218990674271
BASE,0,test,60519,1,0.7913120375895661
BASE,0,test,70147,0,0.5917530664944128
BASE,0,test,71731,1,0.6975051583777965
BASE,0,test,72256,1,0.6978449049639606
BASE,0,test,75558,1,0.48102033482346473
BASE,0,test,78778,0,0.24193741898951426
BASE,0,test,80412,1,0.5636630890567743
BASE,0,test,86179,1,0.6481650876323102
BASE,0,test,86305,1,0.5849344909653919
BASE,0,test,86310,1,0.6739643885174118
BASE,0,test,99452,0,0.32201484179133966
BASE,0,test,100693,1,0.7598024263630626
BASE,0,test,105892,1,0.44900682448840945
BASE,0,test,108335,0,0.28116812925567514
BASE,0,test,120088,1,0.4877390841250643
BASE,0,test,121258,1,0.6832221990542157
BASE,0,test,121544,1,0.6886284841587941
BASE,0,test,121744,1,0.7264335764082216
BASE,0,test,138237,1,0.6788954948668029
BASE,0,test,141681,1,0.8374423530675352
BASE,0,test,144639,1,0.7469632912336458
BASE,0,test,156299,1,0.6803076780542157
BASE,0,test,156996,1,0.7568262544156891
BASE,0,test,160524,0,0.23863609014235496
BASE,0,test,174525,1,0.33983249433090124
BASE,0,test,177730,1,0.6425157368244641
BASE,0,test,179049,0,0.2392554735859867
BASE,0,test,183219,0,0.6823013544798922
BASE,0,test,184161,1,0.7775058517612125
BASE,0,test,199745,0,0.5329491936023898
BASE,0,test,200858,1,0.37915963191453883
BASE,0,test,205829,1,0.7969771886843974
BASE,0,test,207626,1,0.3967635486107078
BASE,0,test,208120,0,0.6226086348685711
BASE,0,test,210257,0,0.3348371067032041
BASE,0,test,226106,1,0.8072312701646038
BASE,0,test,226610,1,0.8012051586413521
BASE,0,test,247900,1,0.31159394725462347
BASE,0,test,255650,1,0.6996250349209433
BASE,0,test,266656,1,0.3712951152750054
BASE,0,test,271131,1,0.5719986088140385
BASE,0,test,273824,1,0.7360450558652051
BASE,0,test,274268,1,0.6424434279924572
BASE,0,test,278688,0,0.43310617722147254
BASE,0,test,280634,1,0.5618581767082315
BASE,0,test,284088,0,0.7152198109847963
BASE,0,test,286403,1,0.6712906040387283
BASE,0,test,290974,0,0.4329886192539997
BASE,0,test,293205,0,0.5487782856220418
BASE,0,test,298058,1,0.5762749511667907
BASE,0,test,300174,0,0.41803326501421467
BASE,0,test,301917,1,0.7006789489125802
BASE,0,test,308684,1,0.3632751228756666
BASE,0,test,309228,1,0.8205361955443611
BASE,0,test,311717,0,0.37825478737808477
BASE,0,test,315660,1,0.7563014274962404
BASE,0,test,317182,1,0.6844281601612476
BASE,0,test,320374,0,0.49885301899470574
BASE,0,test,323320,0,0.5089171094063658
BASE,0,test,324095,1,0.81952987215478
BASE,0,test,328714,1,0.6048213609136956
BASE,0,test,329983,1,0.758534934872117
BASE,0,test,330603,1,0.7503827461780266
BASE,0,test,331536,1,0.8003945990015875
BASE,0,test,333052,0,0.7036430602255443
BASE,0,test,334461,1,0.329125527836041
BASE,0,test,335240,0,0.47899494789590136
BASE,0,test,345347,1,0.6141094032937549
BASE,0,test,348496,1,0.6104401176340137
BASE,0,test,355419,1,0.45685385089550595
BASE,0,test,359014,0,0.6325941106764932
BASE,0,test,359330,0,0.18549624590044536
BASE,0,test,361397,1,0.5838576472972671
BASE,0,test,361916,1,0.7870486525599548
BASE,0,test,366159,1,0.5788316650824741
BASE,0,test,366344,0,0.7356911678348576
BASE,0,test,367930,1,0.5158635379650067
BASE,0,test,374662,1,0.619094494336592
BASE,0,test,383626,1,0.7432012818222095
BASE,0,test,388622,1,0.7053703412890022
BASE,0,test,391348,0,0.7270410565235922
BASE,0,test,402720,1,0.757455471207988
BASE,0,test,410795,1,0.8007261816080363
BASE,0,test,413554,1,0.7011741764172406
BASE,0,test,415824,1,0.2990506978432795
BASE,0,test,418425,0,0.16807149115244144
BASE,0,test,419629,1,0.7907076519167561
BASE,0,test,427380,1,0.7518196652558298
BASE,0,test,430595,1,0.6437417032424315
BASE,0,test,436619,0,0.46032983523872256
BASE,0,test,445545,1,0.5680260490944042
BASE,0,test,457179,1,0.9144495945293362
BASE,0,test,463375,1,0.8741034463754329
BASE,0,test,465489,0,0.2971353485197639
BASE,0,test,471955,1,0.5943340315283819
BASE,0,test,478525,0,0.3058746075023276
BASE,0,test,479849,0,0.527431983107054
BASE,0,test,479859,0,0.20950322961109255
BASE,0,test,480021,0,0.5606877010163003
BASE,0,test,481454,0,0.23005932924003836
BASE,0,test,486341,0,0.1067279259346796
BASE,0,test,486901,0,0.5896696055968408
BASE,0,test,490630,1,0.5016689690119187
BASE,0,test,490818,1,0.6057810199572274
BASE,0,test,498363,1,0.8509240200399293
BASE,0,test,508572,1,0.5710211761537891
BASE,0,test,510306,0,0.24062912918089885
BASE,0,test,511018,0,0.7812552735295936
BASE,0,test,513568,0,0.3950924214711018
BASE,0,test,524155,0,0.670037531058156
BASE,0,test,526137,0,0.8107152693965464
BASE,0,test,531193,0,0.21678947726711498
BASE,0,test,531815,0,0.5968573116685973
BASE,0,test,534077,1,0.5958398685359378
BASE,0,test,536736,1,0.38401391415393504
BASE,0,test,544153,1,0.7834863381570905
BASE,0,test,548749,1,0.77253669888225
BASE,0,test,552900,1,0.7443991482111766
BASE,0,test,552901,1,0.4953124618142397
BASE,0,test,553161,0,0.8968233751914053
BASE,0,test,554960,0,0.3966680670957548
BASE,0,test,560123,1,0.9143344617325405
BASE,0,test,565232,1,0.5731122792400718
BASE,0,test,565908,0,0.5131676052337474
BASE,0,test,566012,1,0.7752571684991265
BASE,0,test,569789,0,0.29629085040701414
BASE,0,test,573425,1,0.6066691073102789
BASE,0,test,575730,0,0.4331669023315497
BASE,0,test,577067,1,0.7138234714310996
BASE,0,test,580587,0,0.32228570938543
BASE,0,test,584433,0,0.17044161706510547
BASE,0,test,585465,1,0.6350148507651759
BASE,0,test,589139,1,0.7489243713732471
BASE,0,test,596051,1,0.5278237461149571
BASE,0,test,596437,0,0.7426610249346257
BASE,0,test,599359,1,0.7087224423416549
BASE,0,test,606159,1,0.619391592179036
BASE,0,test,608537,1,0.5172813003755059
BASE,0,test,612686,0,0.6046969366470292
BASE,0,test,616172,1,0.6294475638408731
BASE,0,test,625501,0,0.5629143806947232
BASE,0,test,627006,1,0.8651945963264173
BASE,0,test,627556,1,0.8077673933148988
BASE,0,test,628661,1,0.7126833813421507
BASE,0,test,639645,0,0.6008076107967626
BASE,0,test,646867,1,0.8136711919823227
BASE,0,test,648107,1,0.7686733624412493
BASE,0,test,648709,0,0.42381102996792486
BASE,0,test,649449,0,0.3817100254128586
BASE,0,test,654746,1,0.7812805036449069
BASE,0,test,660164,1,0.44124595018038465
BASE,0,test,663130,1,0.5077944630927904
BASE,0,test,663406,1,0.3844015488820628
BASE,0,test,670955,1,0.7838508476496203
BASE,0,test,673553,1,0.8135026870405391
BASE,0,test,675907,0,0.4225275578478352
BASE,0,test,677917,1,0.6849385768470228
BASE,0,test,677928,1,0.4990997336679599
BASE,0,test,682565,1,0.2671947278931254
BASE,0,test,690734,0,0.43653220714370033
BASE,0,test,690987,1,0.5857175829081194
BASE,0,test,692458,1,0.45692477318331837
BASE,0,test,695588,1,0.7184187500733663
BASE,0,test,697830,0,0.44830288244592237
BASE,0,test,702078,0,0.5723158658755517
BASE,0,test,704317,0,0.6384085698164298
BASE,0,test,706141,1,0.4565444632508424
BASE,0,test,708388,1,0.696265706771562
BASE,0,test,709192,0,0.5424526999366487
BASE,0,test,709722,1,0.41963606654137453
BASE,0,test,711711,1,0.7993966485011538
BASE,0,test,711782,1,0.6200348326361137
BASE,0,test,714764,0,0.7243382339080431
BASE,0,test,714952,1,0.5177213318784954
BASE,0,test,719050,0,0.24725226385226332
BASE,0,test,719225,1,0.6902363276797581
BASE,0,test,723474,0,0.5857198851280763
BASE,0,test,725470,0,0.6274976365616097
BASE,0,test,738078,0,0.49476193444554517
BASE,0,test,741884,0,0.68544586924285
BASE,0,test,742551,0,0.6229910790215499
BASE,0,test,744145,0,0.650727392547312
BASE,0,test,744767,0,0.479377245965467
BASE,0,test,750881,0,0.5223301267599225
BASE,0,test,752970,0,0.6803600363652618
BASE,0,test,755356,0,0.34719127766108293
BASE,0,test,762014,0,0.6249272736713418
BASE,0,test,767773,0,0.5169672028198525
BASE,0,test,768313,1,0.7534037465131092
BASE,0,test,769720,1,0.9192802326583183
BASE,0,test,772900,0,0.5182584905298168
BASE,0,test,776444,1,0.8435489597225899
BASE,0,test,777118,1,0.7695872150382931
BASE,0,test,778111,1,0.37301852894919113
BASE,0,test,779406,0,0.400943730053275
BASE,0,test,783140,1,0.4472603755259631
BASE,0,test,784920,1,0.8452867705353826
BASE,0,test,786776,0,0.5036930944374628
BASE,0,test,789093,0,0.5852946428948266
BASE,0,test,806762,0,0.29518849641703837
BASE,0,test,808258,0,0.593159309443596
BASE,0,test,809234,1,0.8055210298689643
BASE,0,test,810874,0,0.4695351195116229
BASE,0,test,820729,1,0.7555303224602784
BASE,0,test,822027,0,0.6518490801177447
BASE,0,test,822463,1,0.28720320423467516
BASE,0,test,831454,0,0.12683264933244748
BASE,0,test,835159,1,0.7885176616682169
BASE,0,test,839451,0,0.36783910635867734
BASE,0,test,858119,0,0.6910170537799211
BASE,0,test,859236,0,0.2791609807630142
BASE,0,test,866317,1,0.8849380007591211
BASE,0,test,869519,1,0.21042201643392444
BASE,0,test,873012,1,0.4234319062861778
BASE,0,test,877831,0,0.7213996672397692
BASE,0,test,884569,1,0.5905445454537378
BASE,0,test,889657,1,0.4339396375728601
BASE,0,test,900534,1,0.7128853874854569
BASE,0,test,900750,1,0.6816273163593302
BASE,0,test,903654,1,0.5555924612708115
BASE,0,test,944315,0,0.6293685227057508
BASE,0,test,951654,0,0.4865471980615405
BASE,0,test,952219,0,0.45716654392679507
BASE,0,test,953656,0,0.6225317643488537
BASE,0,test,954477,1,0.6160061706959788
BASE,0,test,955669,0,0.36780499005835454
BASE,0,test,955753,1,0.572810557892292
BASE,0,test,957325,1,0.5558999734278456
BASE,0,test,959155,0,0.6282232776485847
BASE,0,test,962643,1,0.5241905817122086
BASE,0,test,963985,1,0.7154222176140698
BASE,0,test,969827,0,0.23481649061758778
BASE,0,test,972950,1,0.7317810836655658
BASE,0,test,976523,1,0.3336896552079839
BASE,0,test,982253,1,0.6965329267885377
BASE,0,test,982817,0,0.19404552271729958
BASE,0,test,984065,0,0.22813270336040609
BASE,0,test,985152,1,0.48146292602326296
BASE,0,test,989331,1,0.6063047943774614
BASE,0,test,990528,0,0.5073918291079766
BASE,0,test,994044,1,0.4475240244625331
BASE,0,test,994160,1,0.8450549843638165
BASE,0,test,995496,1,0.5774758292056367
BASE,0,test,996219,0,0.5781663536564188
BASE,0,test,996860,0,0.5628841341219445
BASE,0,test,998151,1,0.42630977043842216
BASE,0,test,998708,1,0.6712879956906419
BASE,0,test,1001502,0,0.4641271048773954
BASE,0,test,1001535,1,0.5152567312509546
BASE,0,test,1003409,1,0.5006572664953911
BASE,0,test,1005171,1,0.7058701748748067
BASE,0,test,1005401,1,0.6011698064520468
BASE,0,test,1005619,1,0.44672931095763196
BASE,0,test,1006944,1,0.6940666064137484
BASE,0,test,1012321,1,0.423781404582866
BASE,0,test,1017249,1,0.4023063368667614
BASE,0,test,1043429,1,0.7713918728818474
BASE,0,test,1046104,0,0.8642785509161679
BASE,0,test,1048580,1,0.8104913593653318
BASE,0,test,1049831,0,0.4131033935689469
BASE,0,test,1050525,1,0.6515441229733961
BASE,0,test,1053386,0,0.46580356858170363
BASE,0,test,1054567,0,0.4601158603339715
BASE,0,test,1057686,0,0.4651361684865847
BASE,0,test,1058429,1,0.532465986270036
BASE,0,test,1063812,0,0.402859288527247
BASE,0,test,1066129,1,0.8683583897108472
BASE,0,test,1066734,1,0.650367302324692
BASE,0,test,1067828,1,0.7557174150091999
BASE,0,test,1069003,0,0.6777139602453707
BASE,0,test,1069689,1,0.4076139950253373
BASE,0,test,1071527,1,0.6284126414926532
BASE,0,test,1072194,1,0.6731415034543804
BASE,0,test,1073214,1,0.5098760832650042
BASE,0,test,1073787,1,0.4715695271968173
BASE,0,test,1074093,1,0.4481917257128085
BASE,0,test,1074163,1,0.6447208880425334
BASE,0,test,1074275,1,0.7116115733611862
BASE,0,test,1074306,1,0.6034544650177295
BASE,0,test,1075816,1,0.8491024231749422
BASE,0,test,1077606,1,0.7372279663710376
BASE,0,test,1079219,0,0.1752481034027194
BASE,0,test,1079656,1,0.6196260669910477
BASE,0,test,1079923,0,0.3348282362537056
BASE,0,test,1080366,1,0.7985636986805978
BASE,0,test,1080459,1,0.8877251340470028
BASE,0,test,1081059,1,0.5901417559152211
BASE,0,test,1081383,0,0.7004045580967103
BASE,0,test,1082739,1,0.43784101726245156
BASE,0,test,1084267,1,0.7310353017694264
BASE,0,test,1084497,1,0.4977179394888753
BASE,0,test,1085709,1,0.506910741141307
BASE,0,test,1086243,1,0.8367040182962987
BASE,0,test,1086991,0,0.5570054229513529
BASE,0,test,1087391,0,0.24675750484459918
BASE,0,test,1089172,1,0.5969381073646759
BASE,0,test,1090438,1,0.7510162155838488
BASE,0,test,1090543,1,0.5165696946027716
BASE,0,test,1091014,1,0.4031628046160352
BASE,0,test,1091583,1,0.7302483869065993
BASE,0,test,1092848,1,0.6906843021983291
BASE,0,test,1093401,1,0.8159279136453467
BASE,0,test,1094456,1,0.3701061835192644
BASE,0,test,1094730,0,0.1889505558066721
BASE,0,test,1095404,1,0.7221452773285322
BASE,0,test,1097324,1,0.46372621969958805
BASE,0,test,1097843,0,0.4505362757558362
BASE,0,test,1098849,1,0.6925251401633471
BASE,0,test,1099078,1,0.7849016117096029
BASE,0,test,1101406,0,0.25595469604136933
BASE,0,test,1102276,1,0.5946040264985237
BASE,0,test,1102389,1,0.8941393965439434
BASE,0,test,1102856,1,0.35092904764724153
BASE,0,test,1102873,1,0.6320366065041595
BASE,0,test,1104038,1,0.8885393475884967
BASE,0,test,1104198,1,0.6588823585913446
BASE,0,test,1104592,1,0.7781986539775413
BASE,0,test,1105837,1,0.5802376569776444
BASE,0,test,1106300,1,0.569291830708027
BASE,0,test,1106784,1,0.6235968755042286
BASE,0,test,1107575,0,0.6240898728760879
BASE,0,test,1107631,1,0.567239482716479
BASE,0,test,1109280,1,0.801117051590372
BASE,0,test,1109598,1,0.8389749413244516
BASE,0,test,1110598,0,0.43113432261115725
BASE,0,test,1111123,1,0.42778546186916344
BASE,0,test,1112333,1,0.7627459876019865
BASE,0,test,1112425,1,0.49907130185836307
BASE,0,test,1112671,1,0.49459341051058564
BASE,0,test,1112684,0,0.3598062025596
BASE,0,test,1112999,0,0.1350531044809414
BASE,0,test,1113155,0,0.4916937562160488
BASE,0,test,1113808,0,0.36124131199401843
BASE,0,test,1114105,0,0.7634224279448015
BASE,0,test,1114679,1,0.43083659565388804
BASE,0,test,1115212,1,0.47030553506624584
BASE,0,test,1115227,1,0.9227519604328454
BASE,0,test,1115247,0,0.6274993520036293
BASE,0,test,1115342,0,0.5205708731393662
BASE,0,test,1116507,1,0.8140950048796483
BASE,0,test,1116601,0,0.24969084074510225
BASE,0,test,1117267,1,0.7687444301902124
BASE,0,test,1118542,0,0.28134530343302944
BASE,0,test,1119067,1,0.8181008364555556
BASE,0,test,1119591,1,0.821780295137822
BASE,0,test,1120775,1,0.4316826228325323
BASE,0,test,1121443,0,0.40767327114588026
BASE,0,test,1121623,1,0.5457708360316756
BASE,0,test,1121672,1,0.4441834291919314
BASE,0,test,1121926,1,0.5152062645918222
BASE,0,test,1122760,0,0.16187395072284644
BASE,0,test,1123500,1,0.4902391205844707
BASE,0,test,1123559,0,0.46798153317295166
BASE,0,test,1123910,1,0.6878224231226524
BASE,0,test,1124180,0,0.3333742657384666
BASE,0,test,1124561,0,0.7035262344649427
BASE,0,test,1124658,0,0.5018269321340819
BASE,0,test,1125073,1,0.555888036874032
BASE,0,test,1125442,1,0.8386914804073097
BASE,0,test,1125468,1,0.8383510946050395
BASE,0,test,1125785,1,0.6718067884618831
BASE,0,test,1125964,1,0.6004699283336468
BASE,0,test,1126244,0,0.4643941810124073
BASE,0,test,1126443,0,0.41342721241358477
BASE,0,test,1127029,0,0.6750653942196773
BASE,0,test,1127233,0,0.5800590490120041
BASE,0,test,1127285,0,0.8186169700208749
BASE,0,test,1127560,1,0.8632039971783537
BASE,0,test,1128027,1,0.6442915582853372
BASE,0,test,1128117,1,0.687987498608209
BASE,0,test,1128350,1,0.58531000876484
BASE,0,test,1129253,1,0.19791718459727517
BASE,0,test,1129383,1,0.5801266950837498
BASE,0,test,1129695,1,0.512617902592818
BASE,0,test,1129961,0,0.15028671600410393
BASE,0,test,1130530,0,0.8440677643363526
BASE,0,test,1130533,1,0.5331086208474446
BASE,0,test,1130623,0,0.3565269967224076
BASE,0,test,1131355,1,0.3899891472367923
BASE,0,test,1132251,1,0.5739676957513561
BASE,0,test,1132286,0,0.7055628283668685
BASE,0,test,1132874,1,0.8808328087003909
BASE,0,test,1133607,1,0.8189817080669419
BASE,0,test,1133778,1,0.9068865963105385
BASE,0,test,1134518,0,0.48191560036012526
BASE,0,test,1134921,1,0.8443575934920657
BASE,0,test,1134927,1,0.7881260358278557
BASE,0,test,1135001,1,0.4834338249361563
BASE,0,test,1135191,0,0.3156126133972986
BASE,0,test,1135626,1,0.4519773240315824
BASE,0,test,1136569,0,0.3070868848047735
BASE,0,test,1136878,1,0.6742134535555021
BASE,0,test,1136925,0,0.7197599172831647
BASE,0,test,1136946,0,0.18265560443523757
BASE,0,test,1136981,1,0.724226011309921
BASE,0,test,1137818,1,0.1985454410729708
BASE,0,test,1138374,0,0.313877108310074
BASE,0,test,1138681,1,0.6537635400669168
BASE,0,test,1139209,0,0.2212060914753264
BASE,0,test,1139275,1,0.7027591850108188
BASE,0,test,1139688,1,0.7043835302909892
BASE,0,test,1139774,0,0.804519258292391
BASE,0,test,1139795,0,0.6289033817314843
BASE,0,test,1142591,0,0.708384427719001
BASE,0,test,1143113,1,0.6246907883900605
BASE,0,test,1144147,0,0.5760798456916256
BASE,0,test,1144198,1,0.6457689137874855
BASE,0,test,1144465,1,0.8902681698361288
BASE,0,test,1145207,0,0.4584931581726458
BASE,0,test,1146057,0,0.2943210754829552
BASE,0,test,1146208,0,0.6056874841848733
BASE,0,test,1146369,1,0.8901951561268713
BASE,0,test,1147189,1,0.4139044253871023
BASE,0,test,1147877,1,0.5583652071171621
BASE,0,test,1148116,1,0.6501567093608636
BASE,0,test,1148548,1,0.8316410069627587
BASE,0,test,1149201,1,0.27787078970463436
BASE,0,test,1150067,1,0.6328733592830325
BASE,0,test,1150178,1,0.48352446956420325
BASE,0,test,1151371,1,0.4924435566803003
BASE,0,test,1151583,1,0.15041533361538365
BASE,0,test,1152038,1,0.44933332431915024
BASE,0,test,1152707,0,0.7611491884093443
BASE,0,test,1152739,0,0.5056476126095699
BASE,0,test,1153155,1,0.46206934072038214
BASE,0,test,1153244,1,0.27166786258639525
BASE,0,test,1154055,1,0.8773472214280751
BASE,0,test,1155460,1,0.5328230432687957
BASE,0,test,1155554,1,0.6630233611737667
BASE,0,test,1156261,1,0.48568860100994166
BASE,0,test,1156634,1,0.8642317125955924
BASE,0,test,1156847,1,0.5446827386136398
BASE,0,test,1206184,1,0.34860704838406986
BASE,0,test,1206257,1,0.757786191649102
BASE,0,test,1206751,1,0.8551518690802261
BASE,0,test,1206811,1,0.45142511220162396
BASE,0,test,1206867,1,0.6683429096626
BASE,0,test,1207207,1,0.5681738275181167
BASE,0,test,1208078,0,0.503444155149043
BASE,0,test,1208476,1,0.8317739512380985
BASE,0,test,1208561,1,0.7389481240729182
BASE,0,test,1209069,1,0.47228628959299424
BASE,0,test,1209473,1,0.29918568322113354
BASE,0,test,1209531,0,0.1149266099374063
BASE,0,test,1209908,0,0.7210617701440384
BASE,0,test,1210055,0,0.42598532404049116
BASE,0,test,1210080,0,0.5683245108350157
BASE,0,test,1212290,1,0.8589641063004297
BASE,0,test,1212582,1,0.764119527499329
BASE,0,test,1212738,1,0.7549031303267181
BASE,0,test,1213041,1,0.8101890420675447
BASE,0,test,1213071,1,0.38369980456225816
BASE,0,test,1213667,0,0.3555553613095632
BASE,0,test,1214248,1,0.8895720669303224
BASE,0,test,1215252,0,0.411211522824459
BASE,0,test,1215452,0,0.4319486558228647
BASE,0,test,1215586,0,0.6114157177952662
BASE,0,test,1217110,1,0.5667761899534555
BASE,0,test,1217724,0,0.5673483187164241
BASE,0,test,1217757,1,0.5475273191134221
BASE,0,test,1218110,0,0.5057770384250323
BASE,0,test,1218980,0,0.4567035652537808
BASE,0,test,1219802,1,0.7527366423729199
BASE,0,test,1220156,0,0.41742838026476875
BASE,0,test,1220269,0,0.40054944485321703
BASE,0,test,1220796,1,0.7060771548143334
BASE,0,test,1220900,1,0.6118582985860794
BASE,0,test,1221603,1,0.5887662975667989
BASE,0,test,1221685,1,0.7881545603537569
BASE,0,test,1221764,1,0.7822095386932666
BASE,0,test,1222037,1,0.8130791041769346
BASE,0,test,1222048,1,0.8787646740147985
BASE,0,test,1222069,1,0.7177843533562995
BASE,0,test,1222115,0,0.4942787275191802
BASE,0,test,1222124,1,0.8423450251383484
BASE,0,test,1222410,0,0.24809334344922895
BASE,0,test,1223017,1,0.3637756510993429
BASE,0,test,1223272,1,0.6122885125680808
BASE,0,test,1224094,0,0.20668087311265598
BASE,0,test,1224536,1,0.5861414163567502
BASE,0,test,1225262,1,0.7020466964199925
BASE,0,test,1225309,1,0.5171322543043552
BASE,0,test,1225334,0,0.5390973602944152
BASE,0,test,1225413,1,0.7952018472358009
BASE,0,test,1225553,1,0.534066753680332
BASE,0,test,1225716,0,0.6393836564626806
BASE,0,test,1225843,0,0.281838115606674
BASE,0,test,1225945,0,0.47961203007859504
BASE,0,test,1226065,1,0.5443813807498885
BASE,0,test,1226708,1,0.6966638651076552
BASE,0,test,1226825,1,0.6311039874856402
BASE,0,test,1227138,0,0.26886307196103354
BASE,0,test,1227755,1,0.8130457410203423
BASE,0,test,1228267,1,0.554175482548883
BASE,0,test,1228453,1,0.7440655325360436
BASE,0,test,1228747,1,0.7950463532021078
BASE,0,test,1228820,0,0.3573653238911779
BASE,0,test,1229345,1,0.8796732903683996
BASE,0,test,1229976,1,0.31427568106740783
BASE,0,test,1230265,1,0.5553281569393101
BASE,0,test,1230721,1,0.431923487462232
BASE,0,test,1230724,1,0.5797794743143428
BASE,0,test,1231353,1,0.7279554068328972
BASE,0,test,1231734,1,0.8197460830631393
BASE,0,test,1231841,0,0.47091609726106154
BASE,0,test,1232099,0,0.5420628836853719
BASE,0,test,1233084,1,0.6093315550530094
BASE,0,test,1233147,1,0.6236958426985323
BASE,0,test,1233618,0,0.5738005904328727
BASE,0,test,1233777,1,0.7664375213549037
BASE,0,test,1234410,0,0.22844843970082326
BASE,0,test,1234413,1,0.2506362809354213
BASE,0,test,1234672,0,0.5426803201790203
BASE,0,test,1235697,1,0.7432914067262106
BASE,0,test,1236071,1,0.662529700767482
BASE,0,test,1236191,1,0.6639918217909022
BASE,0,test,1236410,0,0.23113782249889425
BASE,0,test,1237123,0,0.403455016121188
BASE,0,test,1237184,0,0.6785365866794976
BASE,0,test,1237496,1,0.5302735226442106
BASE,0,test,1237508,1,0.4565676385865193
BASE,0,test,1237793,1,0.379833426021002
BASE,0,test,1237971,1,0.6328989918221517
BASE,0,test,1238001,0,0.5759983280604467
BASE,0,test,1238292,0,0.729554081297289
BASE,0,test,1238406,0,0.511465293899851
BASE,0,test,1238413,1,0.703665120020943
BASE,0,test,1238443,0,0.7901020922096526
BASE,0,test,1238501,0,0.4384354339989347
BASE,0,test,1238523,1,0.611896327475007
BASE,0,test,1238553,1,0.4103599304196767
BASE,0,test,1238636,1,0.7834323620316561
BASE,0,test,1238817,0,0.8323541853560177
BASE,0,test,1238964,1,0.522721431410417
BASE,0,test,1239079,1,0.6006878654028182
BASE,0,test,1239094,1,0.6733104395473322
BASE,0,test,1239224,1,0.3881548668485554
BASE,0,test,1239458,0,0.5682549372426764
BASE,0,test,1239936,0,0.517212215255329
BASE,0,test,1240378,1,0.8061545131488635
BASE,0,test,1240433,1,0.5178929988419416
BASE,0,test,1241090,0,0.33620820172426874
BASE,0,test,1241104,0,0.5816609584525281
BASE,0,test,1241937,0,0.566809952288422
BASE,0,test,1241954,1,0.6455838542860964
BASE,0,test,1242009,1,0.6289186740082879
BASE,0,test,1242021,1,0.7092893016542863
BASE,0,test,1242267,1,0.7928744353496201
BASE,0,test,1242424,1,0.5259558437145742
BASE,0,test,1242536,1,0.7743584332070202
BASE,0,test,1242725,1,0.41161058309526743
BASE,0,test,1242729,1,0.5920735763261306
BASE,0,test,1242755,0,0.5562060422032004
BASE,0,test,1242831,0,0.5260530053004205
BASE,0,test,1243295,1,0.366957930668887
BASE,0,test,1243442,0,0.5932322697778981
BASE,0,test,1243523,0,0.4645427360314636
BASE,0,test,1244763,0,0.37125858551178353
BASE,0,test,1245846,1,0.6265667798921173
BASE_x_R1a,0,test,1685,1,0.6904758298056564
BASE_x_R1a,0,test,16787,0,0.5766933115449774
BASE_x_R1a,0,test,19126,1,0.7682071017231132
BASE_x_R1a,0,test,19450,0,0.6012382275925281
BASE_x_R1a,0,test,28836,1,0.6973855144004836
BASE_x_R1a,0,test,30502,1,0.6631348366142139
BASE_x_R1a,0,test,33225,1,0.503077454737378
BASE_x_R1a,0,test,34146,1,0.3859516852793735
BASE_x_R1a,0,test,34428,0,0.4920816582924888
BASE_x_R1a,0,test,42331,1,0.8553942206834448
BASE_x_R1a,0,test,42450,1,0.7699432244806483
BASE_x_R1a,0,test,42908,1,0.7970345301560502
BASE_x_R1a,0,test,43628,1,0.8705406491997664
BASE_x_R1a,0,test,56380,1,0.6452122331495823
BASE_x_R1a,0,test,60519,1,0.772815155498134
BASE_x_R1a,0,test,70147,0,0.7018008406586327
BASE_x_R1a,0,test,71731,1,0.6966724864555571
BASE_x_R1a,0,test,72256,1,0.7526621810622456
BASE_x_R1a,0,test,75558,1,0.4468590568257956
BASE_x_R1a,0,test,78778,0,0.17355520060958912
BASE_x_R1a,0,test,80412,1,0.6521043000746539
BASE_x_R1a,0,test,86179,1,0.7191944660913576
BASE_x_R1a,0,test,86305,1,0.6426072909616829
BASE_x_R1a,0,test,86310,1,0.6209866428915878
BASE_x_R1a,0,test,99452,0,0.3188516126269601
BASE_x_R1a,0,test,100693,1,0.6665202376637029
BASE_x_R1a,0,test,105892,1,0.37693091257721517
BASE_x_R1a,0,test,108335,0,0.24799144185760913
BASE_x_R1a,0,test,120088,1,0.591008514648121
BASE_x_R1a,0,test,121258,1,0.7173663480642547
BASE_x_R1a,0,test,121544,1,0.6756384897532429
BASE_x_R1a,0,test,121744,1,0.6681035490998181
BASE_x_R1a,0,test,138237,1,0.7130576812413484
BASE_x_R1a,0,test,141681,1,0.8197811998557429
BASE_x_R1a,0,test,144639,1,0.7703740026365541
BASE_x_R1a,0,test,156299,1,0.7218584094872013
BASE_x_R1a,0,test,156996,1,0.7361954427439749
BASE_x_R1a,0,test,160524,0,0.3445058903187326
BASE_x_R1a,0,test,174525,1,0.291991785909137
BASE_x_R1a,0,test,177730,1,0.6183799861968144
BASE_x_R1a,0,test,179049,0,0.22985238729371718
BASE_x_R1a,0,test,183219,0,0.583077454957122
BASE_x_R1a,0,test,184161,1,0.6802113332841222
BASE_x_R1a,0,test,199745,0,0.6065360068074112
BASE_x_R1a,0,test,200858,1,0.4078001722834636
BASE_x_R1a,0,test,205829,1,0.8212657934862329
BASE_x_R1a,0,test,207626,1,0.38185894426576744
BASE_x_R1a,0,test,208120,0,0.6483423318326257
BASE_x_R1a,0,test,210257,0,0.339290554481315
BASE_x_R1a,0,test,226106,1,0.7566078120243975
BASE_x_R1a,0,test,226610,1,0.7553660155471174
BASE_x_R1a,0,test,247900,1,0.36360524356095525
BASE_x_R1a,0,test,255650,1,0.6866390086080982
BASE_x_R1a,0,test,266656,1,0.33440216729668376
BASE_x_R1a,0,test,271131,1,0.6093862245001849
BASE_x_R1a,0,test,273824,1,0.8357254583074397
BASE_x_R1a,0,test,274268,1,0.6555622435285171
BASE_x_R1a,0,test,278688,0,0.4101408937658283
BASE_x_R1a,0,test,280634,1,0.592933546560705
BASE_x_R1a,0,test,284088,0,0.6511666720923834
BASE_x_R1a,0,test,286403,1,0.7432780500025128
BASE_x_R1a,0,test,290974,0,0.3885424868223229
BASE_x_R1a,0,test,293205,0,0.49159962699540594
BASE_x_R1a,0,test,298058,1,0.615598866325171
BASE_x_R1a,0,test,300174,0,0.4463621721532566
BASE_x_R1a,0,test,301917,1,0.7234270984114275
BASE_x_R1a,0,test,308684,1,0.40812815654502477
BASE_x_R1a,0,test,309228,1,0.8463225465159154
BASE_x_R1a,0,test,311717,0,0.36168789695926745
BASE_x_R1a,0,test,315660,1,0.7909758506115123
BASE_x_R1a,0,test,317182,1,0.6530134748646057
BASE_x_R1a,0,test,320374,0,0.42855860844631605
BASE_x_R1a,0,test,323320,0,0.5011361881923401
BASE_x_R1a,0,test,324095,1,0.889356177038387
BASE_x_R1a,0,test,328714,1,0.6163634213685095
BASE_x_R1a,0,test,329983,1,0.8033803744886745
BASE_x_R1a,0,test,330603,1,0.737731403028487
BASE_x_R1a,0,test,331536,1,0.7903502377505981
BASE_x_R1a,0,test,333052,0,0.7181645305022457
BASE_x_R1a,0,test,334461,1,0.29839820161936376
BASE_x_R1a,0,test,335240,0,0.4737361769251145
BASE_x_R1a,0,test,345347,1,0.6209174542643676
BASE_x_R1a,0,test,348496,1,0.6433719518648274
BASE_x_R1a,0,test,355419,1,0.45090218912849983
BASE_x_R1a,0,test,359014,0,0.6607426890689243
BASE_x_R1a,0,test,359330,0,0.13540186550962482
BASE_x_R1a,0,test,361397,1,0.5036163224571307
BASE_x_R1a,0,test,361916,1,0.7976500646013376
BASE_x_R1a,0,test,366159,1,0.5739204361600698
BASE_x_R1a,0,test,366344,0,0.685727742779704
BASE_x_R1a,0,test,367930,1,0.5000984234548401
BASE_x_R1a,0,test,374662,1,0.6019592000680231
BASE_x_R1a,0,test,383626,1,0.6998573264862578
BASE_x_R1a,0,test,388622,1,0.6630672413481488
BASE_x_R1a,0,test,391348,0,0.727489841200924
BASE_x_R1a,0,test,402720,1,0.7252513858591213
BASE_x_R1a,0,test,410795,1,0.8132898885170338
BASE_x_R1a,0,test,413554,1,0.6418638592981146
BASE_x_R1a,0,test,415824,1,0.33581051342291796
BASE_x_R1a,0,test,418425,0,0.1806838259164721
BASE_x_R1a,0,test,419629,1,0.8489334105912475
BASE_x_R1a,0,test,427380,1,0.6817001347025663
BASE_x_R1a,0,test,430595,1,0.6939694631004749
BASE_x_R1a,0,test,436619,0,0.44615986683282893
BASE_x_R1a,0,test,445545,1,0.5449207098190149
BASE_x_R1a,0,test,457179,1,0.8834516257311182
BASE_x_R1a,0,test,463375,1,0.863459904206903
BASE_x_R1a,0,test,465489,0,0.23612762471905405
BASE_x_R1a,0,test,471955,1,0.5621948353775448
BASE_x_R1a,0,test,478525,0,0.28910253703378436
BASE_x_R1a,0,test,479849,0,0.448835052193882
BASE_x_R1a,0,test,479859,0,0.18103343962527238
BASE_x_R1a,0,test,480021,0,0.6274432453954483
BASE_x_R1a,0,test,481454,0,0.22553976493551312
BASE_x_R1a,0,test,486341,0,0.12168575779952566
BASE_x_R1a,0,test,486901,0,0.59374006591724
BASE_x_R1a,0,test,490630,1,0.4044676511454881
BASE_x_R1a,0,test,490818,1,0.6121426248828601
BASE_x_R1a,0,test,498363,1,0.8703434098027385
BASE_x_R1a,0,test,508572,1,0.5542027080624033
BASE_x_R1a,0,test,510306,0,0.19141571365173882
BASE_x_R1a,0,test,511018,0,0.757385022408254
BASE_x_R1a,0,test,513568,0,0.3771077469882044
BASE_x_R1a,0,test,524155,0,0.6470358466494338
BASE_x_R1a,0,test,526137,0,0.7632694674859848
BASE_x_R1a,0,test,531193,0,0.1956634757358236
BASE_x_R1a,0,test,531815,0,0.5711584559008566
BASE_x_R1a,0,test,534077,1,0.5647859046859053
BASE_x_R1a,0,test,536736,1,0.42281129584452853
BASE_x_R1a,0,test,544153,1,0.7853008736407644
BASE_x_R1a,0,test,548749,1,0.7326530005563114
BASE_x_R1a,0,test,552900,1,0.7668434253578599
BASE_x_R1a,0,test,552901,1,0.5832821156563647
BASE_x_R1a,0,test,553161,0,0.903042451907798
BASE_x_R1a,0,test,554960,0,0.3382421978068673
BASE_x_R1a,0,test,560123,1,0.9320502442194271
BASE_x_R1a,0,test,565232,1,0.6742758168782801
BASE_x_R1a,0,test,565908,0,0.552225088780503
BASE_x_R1a,0,test,566012,1,0.7767669344103706
BASE_x_R1a,0,test,569789,0,0.21903634476297143
BASE_x_R1a,0,test,573425,1,0.5761047018426361
BASE_x_R1a,0,test,575730,0,0.46975449837342226
BASE_x_R1a,0,test,577067,1,0.7455538773839172
BASE_x_R1a,0,test,580587,0,0.3274397332691608
BASE_x_R1a,0,test,584433,0,0.18740563187740814
BASE_x_R1a,0,test,585465,1,0.6520686699162073
BASE_x_R1a,0,test,589139,1,0.8158151516661506
BASE_x_R1a,0,test,596051,1,0.6854609748551443
BASE_x_R1a,0,test,596437,0,0.7298874726045089
BASE_x_R1a,0,test,599359,1,0.7487168202768367
BASE_x_R1a,0,test,606159,1,0.6874623788030583
BASE_x_R1a,0,test,608537,1,0.5335495936157141
BASE_x_R1a,0,test,612686,0,0.5162552604259675
BASE_x_R1a,0,test,616172,1,0.6816914449907939
BASE_x_R1a,0,test,625501,0,0.566948202648705
BASE_x_R1a,0,test,627006,1,0.7980194636601422
BASE_x_R1a,0,test,627556,1,0.7856254935152962
BASE_x_R1a,0,test,628661,1,0.6781077685968521
BASE_x_R1a,0,test,639645,0,0.5716921008283506
BASE_x_R1a,0,test,646867,1,0.8008573492153175
BASE_x_R1a,0,test,648107,1,0.7706142423802951
BASE_x_R1a,0,test,648709,0,0.4459808132591983
BASE_x_R1a,0,test,649449,0,0.46545713290913765
BASE_x_R1a,0,test,654746,1,0.7308017010683127
BASE_x_R1a,0,test,660164,1,0.4696451920793947
BASE_x_R1a,0,test,663130,1,0.5525241092092682
BASE_x_R1a,0,test,663406,1,0.42386173634283636
BASE_x_R1a,0,test,670955,1,0.7898759629701222
BASE_x_R1a,0,test,673553,1,0.7743811123306709
BASE_x_R1a,0,test,675907,0,0.41424079918772544
BASE_x_R1a,0,test,677917,1,0.6953886857734656
BASE_x_R1a,0,test,677928,1,0.5313531427511551
BASE_x_R1a,0,test,682565,1,0.2805238072073529
BASE_x_R1a,0,test,690734,0,0.4222125637956865
BASE_x_R1a,0,test,690987,1,0.5652263843735191
BASE_x_R1a,0,test,692458,1,0.44005453067477585
BASE_x_R1a,0,test,695588,1,0.7530861897052454
BASE_x_R1a,0,test,697830,0,0.48531723483163813
BASE_x_R1a,0,test,702078,0,0.591115437451947
BASE_x_R1a,0,test,704317,0,0.5511363226636838
BASE_x_R1a,0,test,706141,1,0.48889701997637347
BASE_x_R1a,0,test,708388,1,0.6975972141136124
BASE_x_R1a,0,test,709192,0,0.501308167060973
BASE_x_R1a,0,test,709722,1,0.446054521744943
BASE_x_R1a,0,test,711711,1,0.8227539047000907
BASE_x_R1a,0,test,711782,1,0.6726184642058354
BASE_x_R1a,0,test,714764,0,0.7105261538805767
BASE_x_R1a,0,test,714952,1,0.4014868013117942
BASE_x_R1a,0,test,719050,0,0.3055238000755903
BASE_x_R1a,0,test,719225,1,0.7271108341848156
BASE_x_R1a,0,test,723474,0,0.5636320016149515
BASE_x_R1a,0,test,725470,0,0.6749550757807286
BASE_x_R1a,0,test,738078,0,0.5000163416617189
BASE_x_R1a,0,test,741884,0,0.670526175988124
BASE_x_R1a,0,test,742551,0,0.5563466432536864
BASE_x_R1a,0,test,744145,0,0.5921504629655215
BASE_x_R1a,0,test,744767,0,0.44223720747371714
BASE_x_R1a,0,test,750881,0,0.5080529556542956
BASE_x_R1a,0,test,752970,0,0.6432906510694962
BASE_x_R1a,0,test,755356,0,0.4314829195079561
BASE_x_R1a,0,test,762014,0,0.5692316920478608
BASE_x_R1a,0,test,767773,0,0.5389569723847141
BASE_x_R1a,0,test,768313,1,0.7628255033198176
BASE_x_R1a,0,test,769720,1,0.9199947138973746
BASE_x_R1a,0,test,772900,0,0.5580243706769357
BASE_x_R1a,0,test,776444,1,0.8805622870349724
BASE_x_R1a,0,test,777118,1,0.70245048067847
BASE_x_R1a,0,test,778111,1,0.3789225528462506
BASE_x_R1a,0,test,779406,0,0.31470552214121
BASE_x_R1a,0,test,783140,1,0.43374001107453
BASE_x_R1a,0,test,784920,1,0.805477314365642
BASE_x_R1a,0,test,786776,0,0.5372436895118616
BASE_x_R1a,0,test,789093,0,0.6533353335802511
BASE_x_R1a,0,test,806762,0,0.2515292755199649
BASE_x_R1a,0,test,808258,0,0.5598748582109687
BASE_x_R1a,0,test,809234,1,0.8013445468902183
BASE_x_R1a,0,test,810874,0,0.4561014543465153
BASE_x_R1a,0,test,820729,1,0.7044358350678338
BASE_x_R1a,0,test,822027,0,0.6035721972954948
BASE_x_R1a,0,test,822463,1,0.32947100583233
BASE_x_R1a,0,test,831454,0,0.1654033750366224
BASE_x_R1a,0,test,835159,1,0.7427391894023964
BASE_x_R1a,0,test,839451,0,0.3464882894950213
BASE_x_R1a,0,test,858119,0,0.681247398909317
BASE_x_R1a,0,test,859236,0,0.3031779985281944
BASE_x_R1a,0,test,866317,1,0.8886184384243293
BASE_x_R1a,0,test,869519,1,0.22723877292640934
BASE_x_R1a,0,test,873012,1,0.53802242626731
BASE_x_R1a,0,test,877831,0,0.7513698122911814
BASE_x_R1a,0,test,884569,1,0.6530902845286508
BASE_x_R1a,0,test,889657,1,0.5244454294383015
BASE_x_R1a,0,test,900534,1,0.7462009664818754
BASE_x_R1a,0,test,900750,1,0.7284781667089834
BASE_x_R1a,0,test,903654,1,0.5655786174298774
BASE_x_R1a,0,test,944315,0,0.6358524814120659
BASE_x_R1a,0,test,951654,0,0.4686677827082189
BASE_x_R1a,0,test,952219,0,0.5060377530452461
BASE_x_R1a,0,test,953656,0,0.5937961984964177
BASE_x_R1a,0,test,954477,1,0.6350270924963464
BASE_x_R1a,0,test,955669,0,0.35534770116101605
BASE_x_R1a,0,test,955753,1,0.6889502781703369
BASE_x_R1a,0,test,957325,1,0.5630646504894712
BASE_x_R1a,0,test,959155,0,0.6827288610372668
BASE_x_R1a,0,test,962643,1,0.5077019595281146
BASE_x_R1a,0,test,963985,1,0.7149338696865551
BASE_x_R1a,0,test,969827,0,0.2294523022904031
BASE_x_R1a,0,test,972950,1,0.690017680042292
BASE_x_R1a,0,test,976523,1,0.455093647520549
BASE_x_R1a,0,test,982253,1,0.7661474864056116
BASE_x_R1a,0,test,982817,0,0.18009898407057734
BASE_x_R1a,0,test,984065,0,0.25339654376235665
BASE_x_R1a,0,test,985152,1,0.5462387276170293
BASE_x_R1a,0,test,989331,1,0.5273374532699999
BASE_x_R1a,0,test,990528,0,0.553329466094406
BASE_x_R1a,0,test,994044,1,0.5508738963373839
BASE_x_R1a,0,test,994160,1,0.8059466659295371
BASE_x_R1a,0,test,995496,1,0.6032166136925438
BASE_x_R1a,0,test,996219,0,0.5771027731685522
BASE_x_R1a,0,test,996860,0,0.5943358635848907
BASE_x_R1a,0,test,998151,1,0.40507410155706475
BASE_x_R1a,0,test,998708,1,0.5900790070164619
BASE_x_R1a,0,test,1001502,0,0.4644669387443095
BASE_x_R1a,0,test,1001535,1,0.5362981200105341
BASE_x_R1a,0,test,1003409,1,0.5891660813006896
BASE_x_R1a,0,test,1005171,1,0.764806317343722
BASE_x_R1a,0,test,1005401,1,0.6760161021597217
BASE_x_R1a,0,test,1005619,1,0.39383595933138354
BASE_x_R1a,0,test,1006944,1,0.7205995550888541
BASE_x_R1a,0,test,1012321,1,0.4353492568227788
BASE_x_R1a,0,test,1017249,1,0.33638054284019714
BASE_x_R1a,0,test,1043429,1,0.7410589401557287
BASE_x_R1a,0,test,1046104,0,0.8204606818846321
BASE_x_R1a,0,test,1048580,1,0.8118396796148621
BASE_x_R1a,0,test,1049831,0,0.6032451051080874
BASE_x_R1a,0,test,1050525,1,0.6268248834737854
BASE_x_R1a,0,test,1053386,0,0.5127946725171665
BASE_x_R1a,0,test,1054567,0,0.4421756763934179
BASE_x_R1a,0,test,1057686,0,0.4637611166331426
BASE_x_R1a,0,test,1058429,1,0.6097082924035759
BASE_x_R1a,0,test,1063812,0,0.36185996362952155
BASE_x_R1a,0,test,1066129,1,0.873300405521059
BASE_x_R1a,0,test,1066734,1,0.5795319463762642
BASE_x_R1a,0,test,1067828,1,0.7542441963094972
BASE_x_R1a,0,test,1069003,0,0.6363616832578716
BASE_x_R1a,0,test,1069689,1,0.41612885897976293
BASE_x_R1a,0,test,1071527,1,0.6493353965058318
BASE_x_R1a,0,test,1072194,1,0.6789951351521339
BASE_x_R1a,0,test,1073214,1,0.4794127364032203
BASE_x_R1a,0,test,1073787,1,0.40260036189143394
BASE_x_R1a,0,test,1074093,1,0.3981383344543453
BASE_x_R1a,0,test,1074163,1,0.647624323678906
BASE_x_R1a,0,test,1074275,1,0.6995929123775413
BASE_x_R1a,0,test,1074306,1,0.6985902622045568
BASE_x_R1a,0,test,1075816,1,0.7994619669354591
BASE_x_R1a,0,test,1077606,1,0.7376047646962757
BASE_x_R1a,0,test,1079219,0,0.21171048987050298
BASE_x_R1a,0,test,1079656,1,0.5827997905104797
BASE_x_R1a,0,test,1079923,0,0.2664933061923073
BASE_x_R1a,0,test,1080366,1,0.7699774945375732
BASE_x_R1a,0,test,1080459,1,0.8741757663774166
BASE_x_R1a,0,test,1081059,1,0.5749047844060091
BASE_x_R1a,0,test,1081383,0,0.7511780051712771
BASE_x_R1a,0,test,1082739,1,0.5136470133276244
BASE_x_R1a,0,test,1084267,1,0.7256653856568127
BASE_x_R1a,0,test,1084497,1,0.453989899728525
BASE_x_R1a,0,test,1085709,1,0.40909454770889125
BASE_x_R1a,0,test,1086243,1,0.7724520457952605
BASE_x_R1a,0,test,1086991,0,0.558097189168795
BASE_x_R1a,0,test,1087391,0,0.30822732235497424
BASE_x_R1a,0,test,1089172,1,0.5626686112544922
BASE_x_R1a,0,test,1090438,1,0.7329690864562098
BASE_x_R1a,0,test,1090543,1,0.45355366449825985
BASE_x_R1a,0,test,1091014,1,0.40787753952813044
BASE_x_R1a,0,test,1091583,1,0.6403671219724187
BASE_x_R1a,0,test,1092848,1,0.6641472616593205
BASE_x_R1a,0,test,1093401,1,0.8179100360780681
BASE_x_R1a,0,test,1094456,1,0.4504776715374224
BASE_x_R1a,0,test,1094730,0,0.1759620992053348
BASE_x_R1a,0,test,1095404,1,0.6959459044041203
BASE_x_R1a,0,test,1097324,1,0.4561446721088251
BASE_x_R1a,0,test,1097843,0,0.4749357682986756
BASE_x_R1a,0,test,1098849,1,0.6745726106671985
BASE_x_R1a,0,test,1099078,1,0.8159668591095395
BASE_x_R1a,0,test,1101406,0,0.27147161626732885
BASE_x_R1a,0,test,1102276,1,0.548059397365862
BASE_x_R1a,0,test,1102389,1,0.8777442733797727
BASE_x_R1a,0,test,1102856,1,0.2320288882738856
BASE_x_R1a,0,test,1102873,1,0.5592135379044842
BASE_x_R1a,0,test,1104038,1,0.9022525261754565
BASE_x_R1a,0,test,1104198,1,0.6513497800288545
BASE_x_R1a,0,test,1104592,1,0.7224274208637435
BASE_x_R1a,0,test,1105837,1,0.6142307079757576
BASE_x_R1a,0,test,1106300,1,0.568882854018296
BASE_x_R1a,0,test,1106784,1,0.5598625113202541
BASE_x_R1a,0,test,1107575,0,0.5884981374877142
BASE_x_R1a,0,test,1107631,1,0.6145869930461957
BASE_x_R1a,0,test,1109280,1,0.7774411084600988
BASE_x_R1a,0,test,1109598,1,0.835674301991974
BASE_x_R1a,0,test,1110598,0,0.4345878212980024
BASE_x_R1a,0,test,1111123,1,0.4342256924356232
BASE_x_R1a,0,test,1112333,1,0.8239984297958123
BASE_x_R1a,0,test,1112425,1,0.43625552608062845
BASE_x_R1a,0,test,1112671,1,0.5698259304054925
BASE_x_R1a,0,test,1112684,0,0.3698430069715048
BASE_x_R1a,0,test,1112999,0,0.09632951842312464
BASE_x_R1a,0,test,1113155,0,0.34306335663497545
BASE_x_R1a,0,test,1113808,0,0.33995642608108567
BASE_x_R1a,0,test,1114105,0,0.8002328534219592
BASE_x_R1a,0,test,1114679,1,0.4199365840437492
BASE_x_R1a,0,test,1115212,1,0.5569824575770354
BASE_x_R1a,0,test,1115227,1,0.8942078648451648
BASE_x_R1a,0,test,1115247,0,0.6090599190036456
BASE_x_R1a,0,test,1115342,0,0.5709367346995108
BASE_x_R1a,0,test,1116507,1,0.7500872585358929
BASE_x_R1a,0,test,1116601,0,0.23426507982724312
BASE_x_R1a,0,test,1117267,1,0.7689500599529084
BASE_x_R1a,0,test,1118542,0,0.2596022259565372
BASE_x_R1a,0,test,1119067,1,0.8078214119009103
BASE_x_R1a,0,test,1119591,1,0.8277647893185472
BASE_x_R1a,0,test,1120775,1,0.4049503528687561
BASE_x_R1a,0,test,1121443,0,0.46209387728438445
BASE_x_R1a,0,test,1121623,1,0.5186667766170189
BASE_x_R1a,0,test,1121672,1,0.3356227612041257
BASE_x_R1a,0,test,1121926,1,0.606843965869832
BASE_x_R1a,0,test,1122760,0,0.18589348426586405
BASE_x_R1a,0,test,1123500,1,0.6118402403949657
BASE_x_R1a,0,test,1123559,0,0.42743218160372315
BASE_x_R1a,0,test,1123910,1,0.6998642511603649
BASE_x_R1a,0,test,1124180,0,0.4340868007393262
BASE_x_R1a,0,test,1124561,0,0.7674372589612324
BASE_x_R1a,0,test,1124658,0,0.4950748649208603
BASE_x_R1a,0,test,1125073,1,0.6233769237462927
BASE_x_R1a,0,test,1125442,1,0.8575796065076196
BASE_x_R1a,0,test,1125468,1,0.8640989872762858
BASE_x_R1a,0,test,1125785,1,0.7366934835854635
BASE_x_R1a,0,test,1125964,1,0.612699973021672
BASE_x_R1a,0,test,1126244,0,0.4311257258304259
BASE_x_R1a,0,test,1126443,0,0.42048302240359026
BASE_x_R1a,0,test,1127029,0,0.7483193758514024
BASE_x_R1a,0,test,1127233,0,0.6440052564282313
BASE_x_R1a,0,test,1127285,0,0.8209644703165024
BASE_x_R1a,0,test,1127560,1,0.9208796354043313
BASE_x_R1a,0,test,1128027,1,0.6614735027764272
BASE_x_R1a,0,test,1128117,1,0.7544828056347199
BASE_x_R1a,0,test,1128350,1,0.6462808499335386
BASE_x_R1a,0,test,1129253,1,0.1411569931985283
BASE_x_R1a,0,test,1129383,1,0.5161798020293682
BASE_x_R1a,0,test,1129695,1,0.456965815432954
BASE_x_R1a,0,test,1129961,0,0.18550841005765084
BASE_x_R1a,0,test,1130530,0,0.8043531036742158
BASE_x_R1a,0,test,1130533,1,0.597157764931239
BASE_x_R1a,0,test,1130623,0,0.4125051491341288
BASE_x_R1a,0,test,1131355,1,0.3911099576215365
BASE_x_R1a,0,test,1132251,1,0.5912408077906167
BASE_x_R1a,0,test,1132286,0,0.718088113436397
BASE_x_R1a,0,test,1132874,1,0.824395129960461
BASE_x_R1a,0,test,1133607,1,0.8083467484840645
BASE_x_R1a,0,test,1133778,1,0.9169518442028476
BASE_x_R1a,0,test,1134518,0,0.4506483176992878
BASE_x_R1a,0,test,1134921,1,0.8331460307282699
BASE_x_R1a,0,test,1134927,1,0.78629564767722
BASE_x_R1a,0,test,1135001,1,0.5731233177403187
BASE_x_R1a,0,test,1135191,0,0.21530981141791752
BASE_x_R1a,0,test,1135626,1,0.5127211625049172
BASE_x_R1a,0,test,1136569,0,0.2798511381008392
BASE_x_R1a,0,test,1136878,1,0.6521413057178809
BASE_x_R1a,0,test,1136925,0,0.7384392962122055
BASE_x_R1a,0,test,1136946,0,0.15563312645385668
BASE_x_R1a,0,test,1136981,1,0.6927948505940559
BASE_x_R1a,0,test,1137818,1,0.21510590822463893
BASE_x_R1a,0,test,1138374,0,0.31038626281549336
BASE_x_R1a,0,test,1138681,1,0.6364275575420288
BASE_x_R1a,0,test,1139209,0,0.19374240680189758
BASE_x_R1a,0,test,1139275,1,0.7034875472111523
BASE_x_R1a,0,test,1139688,1,0.6825619685531862
BASE_x_R1a,0,test,1139774,0,0.7722145756510962
BASE_x_R1a,0,test,1139795,0,0.6733377356396909
BASE_x_R1a,0,test,1142591,0,0.7653275862142686
BASE_x_R1a,0,test,1143113,1,0.6657224349650065
BASE_x_R1a,0,test,1144147,0,0.5482140530323557
BASE_x_R1a,0,test,1144198,1,0.5580403352209174
BASE_x_R1a,0,test,1144465,1,0.8915951870332179
BASE_x_R1a,0,test,1145207,0,0.5042421057270772
BASE_x_R1a,0,test,1146057,0,0.32537009704241193
BASE_x_R1a,0,test,1146208,0,0.5764036139023188
BASE_x_R1a,0,test,1146369,1,0.9265498553520932
BASE_x_R1a,0,test,1147189,1,0.5283371585818821
BASE_x_R1a,0,test,1147877,1,0.6792053475298495
BASE_x_R1a,0,test,1148116,1,0.6573617380651513
BASE_x_R1a,0,test,1148548,1,0.8749899259296121
BASE_x_R1a,0,test,1149201,1,0.2410621170175853
BASE_x_R1a,0,test,1150067,1,0.6165645092272752
BASE_x_R1a,0,test,1150178,1,0.40901143109664395
BASE_x_R1a,0,test,1151371,1,0.4675989629113036
BASE_x_R1a,0,test,1151583,1,0.08420001102828627
BASE_x_R1a,0,test,1152038,1,0.42345729144473154
BASE_x_R1a,0,test,1152707,0,0.7256332325741944
BASE_x_R1a,0,test,1152739,0,0.4567200097494693
BASE_x_R1a,0,test,1153155,1,0.5043279838837205
BASE_x_R1a,0,test,1153244,1,0.3987649155187655
BASE_x_R1a,0,test,1154055,1,0.8597331448232992
BASE_x_R1a,0,test,1155460,1,0.5354290019067344
BASE_x_R1a,0,test,1155554,1,0.6632668362294631
BASE_x_R1a,0,test,1156261,1,0.5122566893595005
BASE_x_R1a,0,test,1156634,1,0.8051270254842346
BASE_x_R1a,0,test,1156847,1,0.5827981671087261
BASE_x_R1a,0,test,1206184,1,0.3450094564991382
BASE_x_R1a,0,test,1206257,1,0.7253885421445241
BASE_x_R1a,0,test,1206751,1,0.7999419443548844
BASE_x_R1a,0,test,1206811,1,0.5428961688060255
BASE_x_R1a,0,test,1206867,1,0.7251298519840857
BASE_x_R1a,0,test,1207207,1,0.48665438611211054
BASE_x_R1a,0,test,1208078,0,0.6088255972036513
BASE_x_R1a,0,test,1208476,1,0.861398103310005
BASE_x_R1a,0,test,1208561,1,0.6977545796492517
BASE_x_R1a,0,test,1209069,1,0.496911406631212
BASE_x_R1a,0,test,1209473,1,0.33587024911700963
BASE_x_R1a,0,test,1209531,0,0.13662162853322288
BASE_x_R1a,0,test,1209908,0,0.6695498574961088
BASE_x_R1a,0,test,1210055,0,0.48567958276594586
BASE_x_R1a,0,test,1210080,0,0.5968737319534275
BASE_x_R1a,0,test,1212290,1,0.8053979211877673
BASE_x_R1a,0,test,1212582,1,0.7424060927436962
BASE_x_R1a,0,test,1212738,1,0.847392493128998
BASE_x_R1a,0,test,1213041,1,0.766787204838561
BASE_x_R1a,0,test,1213071,1,0.4231865081298399
BASE_x_R1a,0,test,1213667,0,0.339969890359943
BASE_x_R1a,0,test,1214248,1,0.9131914070771827
BASE_x_R1a,0,test,1215252,0,0.43561356305692533
BASE_x_R1a,0,test,1215452,0,0.47800798993989496
BASE_x_R1a,0,test,1215586,0,0.5831444936424883
BASE_x_R1a,0,test,1217110,1,0.6488283692545554
BASE_x_R1a,0,test,1217724,0,0.5266947393231801
BASE_x_R1a,0,test,1217757,1,0.49614141996160105
BASE_x_R1a,0,test,1218110,0,0.41213227141735487
BASE_x_R1a,0,test,1218980,0,0.42265127829604177
BASE_x_R1a,0,test,1219802,1,0.7820248035808924
BASE_x_R1a,0,test,1220156,0,0.4068937033280182
BASE_x_R1a,0,test,1220269,0,0.34155448502843
BASE_x_R1a,0,test,1220796,1,0.7113489551311604
BASE_x_R1a,0,test,1220900,1,0.5956556151826146
BASE_x_R1a,0,test,1221603,1,0.5747003006654466
BASE_x_R1a,0,test,1221685,1,0.7027591111702978
BASE_x_R1a,0,test,1221764,1,0.7710819124926747
BASE_x_R1a,0,test,1222037,1,0.831877773756016
BASE_x_R1a,0,test,1222048,1,0.8452695229503148
BASE_x_R1a,0,test,1222069,1,0.7814057059731938
BASE_x_R1a,0,test,1222115,0,0.544812296375206
BASE_x_R1a,0,test,1222124,1,0.8906287028155789
BASE_x_R1a,0,test,1222410,0,0.3125017755897963
BASE_x_R1a,0,test,1223017,1,0.4871169257290046
BASE_x_R1a,0,test,1223272,1,0.5763234979023413
BASE_x_R1a,0,test,1224094,0,0.210348550623602
BASE_x_R1a,0,test,1224536,1,0.5849582042166971
BASE_x_R1a,0,test,1225262,1,0.6534593057985358
BASE_x_R1a,0,test,1225309,1,0.5840319263244481
BASE_x_R1a,0,test,1225334,0,0.48418480927598506
BASE_x_R1a,0,test,1225413,1,0.7857272298251324
BASE_x_R1a,0,test,1225553,1,0.5324542720373315
BASE_x_R1a,0,test,1225716,0,0.64649006241859
BASE_x_R1a,0,test,1225843,0,0.2464398908932943
BASE_x_R1a,0,test,1225945,0,0.446468569244415
BASE_x_R1a,0,test,1226065,1,0.5812360464143123
BASE_x_R1a,0,test,1226708,1,0.7347831788877124
BASE_x_R1a,0,test,1226825,1,0.6911833602545607
BASE_x_R1a,0,test,1227138,0,0.2533981020404222
BASE_x_R1a,0,test,1227755,1,0.7992828145394215
BASE_x_R1a,0,test,1228267,1,0.601274230363526
BASE_x_R1a,0,test,1228453,1,0.7018811045166267
BASE_x_R1a,0,test,1228747,1,0.7720966160442936
BASE_x_R1a,0,test,1228820,0,0.40578113587950476
BASE_x_R1a,0,test,1229345,1,0.8812888959655466
BASE_x_R1a,0,test,1229976,1,0.3358388442220178
BASE_x_R1a,0,test,1230265,1,0.5728505319776463
BASE_x_R1a,0,test,1230721,1,0.39833840340962323
BASE_x_R1a,0,test,1230724,1,0.5066027862693653
BASE_x_R1a,0,test,1231353,1,0.8024761624036267
BASE_x_R1a,0,test,1231734,1,0.7675278181726495
BASE_x_R1a,0,test,1231841,0,0.5122579708994067
BASE_x_R1a,0,test,1232099,0,0.5453499824967625
BASE_x_R1a,0,test,1233084,1,0.6715417885195576
BASE_x_R1a,0,test,1233147,1,0.6839594383230642
BASE_x_R1a,0,test,1233618,0,0.617812534863774
BASE_x_R1a,0,test,1233777,1,0.7158352604683601
BASE_x_R1a,0,test,1234410,0,0.23262972973995777
BASE_x_R1a,0,test,1234413,1,0.23262404231951436
BASE_x_R1a,0,test,1234672,0,0.592377681226223
BASE_x_R1a,0,test,1235697,1,0.7374038140174075
BASE_x_R1a,0,test,1236071,1,0.6637238701944466
BASE_x_R1a,0,test,1236191,1,0.6561479634898996
BASE_x_R1a,0,test,1236410,0,0.20839346002705844
BASE_x_R1a,0,test,1237123,0,0.43449663817302364
BASE_x_R1a,0,test,1237184,0,0.5915263209440568
BASE_x_R1a,0,test,1237496,1,0.5092446444326462
BASE_x_R1a,0,test,1237508,1,0.5412128544765118
BASE_x_R1a,0,test,1237793,1,0.3330050762690855
BASE_x_R1a,0,test,1237971,1,0.6816578026558234
BASE_x_R1a,0,test,1238001,0,0.5853438480640838
BASE_x_R1a,0,test,1238292,0,0.7174170031582819
BASE_x_R1a,0,test,1238406,0,0.43379225744019584
BASE_x_R1a,0,test,1238413,1,0.7501680700838536
BASE_x_R1a,0,test,1238443,0,0.8171147823417985
BASE_x_R1a,0,test,1238501,0,0.4150493755755829
BASE_x_R1a,0,test,1238523,1,0.6119161246019162
BASE_x_R1a,0,test,1238553,1,0.47224662380027155
BASE_x_R1a,0,test,1238636,1,0.7754044420312092
BASE_x_R1a,0,test,1238817,0,0.6945247246703122
BASE_x_R1a,0,test,1238964,1,0.4761166701061626
BASE_x_R1a,0,test,1239079,1,0.6258922390425873
BASE_x_R1a,0,test,1239094,1,0.7349777845790894
BASE_x_R1a,0,test,1239224,1,0.3968965256959809
BASE_x_R1a,0,test,1239458,0,0.6739382790857458
BASE_x_R1a,0,test,1239936,0,0.5420710254641947
BASE_x_R1a,0,test,1240378,1,0.8154062761850465
BASE_x_R1a,0,test,1240433,1,0.5650705936579721
BASE_x_R1a,0,test,1241090,0,0.2647108336713247
BASE_x_R1a,0,test,1241104,0,0.5637408274249824
BASE_x_R1a,0,test,1241937,0,0.5509702084034145
BASE_x_R1a,0,test,1241954,1,0.5571903599347913
BASE_x_R1a,0,test,1242009,1,0.6605813173002688
BASE_x_R1a,0,test,1242021,1,0.6682407713089908
BASE_x_R1a,0,test,1242267,1,0.8004218694305334
BASE_x_R1a,0,test,1242424,1,0.6595722295547202
BASE_x_R1a,0,test,1242536,1,0.671949891089084
BASE_x_R1a,0,test,1242725,1,0.44747319841110167
BASE_x_R1a,0,test,1242729,1,0.6028365512177417
BASE_x_R1a,0,test,1242755,0,0.539028735822479
BASE_x_R1a,0,test,1242831,0,0.5191596760552984
BASE_x_R1a,0,test,1243295,1,0.47717728948459315
BASE_x_R1a,0,test,1243442,0,0.5967261820229927
BASE_x_R1a,0,test,1243523,0,0.4629799234566082
BASE_x_R1a,0,test,1244763,0,0.3105627112462623
BASE_x_R1a,0,test,1245846,1,0.6640474911562713
BASE_x_R1a_resid,0,test,1685,1,0.7581756973829394
BASE_x_R1a_resid,0,test,16787,0,0.5985015034586378
BASE_x_R1a_resid,0,test,19126,1,0.8629069869697419
BASE_x_R1a_resid,0,test,19450,0,0.5698417124755292
BASE_x_R1a_resid,0,test,28836,1,0.7443508298855691
BASE_x_R1a_resid,0,test,30502,1,0.6948313655499636
BASE_x_R1a_resid,0,test,33225,1,0.5057325318633255
BASE_x_R1a_resid,0,test,34146,1,0.3529827008018166
BASE_x_R1a_resid,0,test,34428,0,0.4962947232216881
BASE_x_R1a_resid,0,test,42331,1,0.8084110768507844
BASE_x_R1a_resid,0,test,42450,1,0.6994384074546592
BASE_x_R1a_resid,0,test,42908,1,0.8315816255104
BASE_x_R1a_resid,0,test,43628,1,0.8740923597819642
BASE_x_R1a_resid,0,test,56380,1,0.6567229932447425
BASE_x_R1a_resid,0,test,60519,1,0.7686980758236658
BASE_x_R1a_resid,0,test,70147,0,0.643356918980392
BASE_x_R1a_resid,0,test,71731,1,0.7306417702277607
BASE_x_R1a_resid,0,test,72256,1,0.710466276231258
BASE_x_R1a_resid,0,test,75558,1,0.45868494965241924
BASE_x_R1a_resid,0,test,78778,0,0.215497133664916
BASE_x_R1a_resid,0,test,80412,1,0.614180023646252
BASE_x_R1a_resid,0,test,86179,1,0.6812110526423225
BASE_x_R1a_resid,0,test,86305,1,0.6892353716639309
BASE_x_R1a_resid,0,test,86310,1,0.6376519876514191
BASE_x_R1a_resid,0,test,99452,0,0.3279828387720506
BASE_x_R1a_resid,0,test,100693,1,0.6962987331972296
BASE_x_R1a_resid,0,test,105892,1,0.453335059036712
BASE_x_R1a_resid,0,test,108335,0,0.2552146063858731
BASE_x_R1a_resid,0,test,120088,1,0.4933459722846716
BASE_x_R1a_resid,0,test,121258,1,0.7091941816524551
BASE_x_R1a_resid,0,test,121544,1,0.7233201796055114
BASE_x_R1a_resid,0,test,121744,1,0.7119377610205576
BASE_x_R1a_resid,0,test,138237,1,0.6713371002226074
BASE_x_R1a_resid,0,test,141681,1,0.856855306539681
BASE_x_R1a_resid,0,test,144639,1,0.7191566054660976
BASE_x_R1a_resid,0,test,156299,1,0.7361192953428904
BASE_x_R1a_resid,0,test,156996,1,0.8041483245741584
BASE_x_R1a_resid,0,test,160524,0,0.3475787011125248
BASE_x_R1a_resid,0,test,174525,1,0.3764978058645734
BASE_x_R1a_resid,0,test,177730,1,0.6004418883959093
BASE_x_R1a_resid,0,test,179049,0,0.2251467975933229
BASE_x_R1a_resid,0,test,183219,0,0.636790465786769
BASE_x_R1a_resid,0,test,184161,1,0.7476856540107656
BASE_x_R1a_resid,0,test,199745,0,0.5800503760342781
BASE_x_R1a_resid,0,test,200858,1,0.45189612607452845
BASE_x_R1a_resid,0,test,205829,1,0.7921954314232166
BASE_x_R1a_resid,0,test,207626,1,0.39571144137236625
BASE_x_R1a_resid,0,test,208120,0,0.6412204709626014
BASE_x_R1a_resid,0,test,210257,0,0.2985686091840085
BASE_x_R1a_resid,0,test,226106,1,0.7791053122102919
BASE_x_R1a_resid,0,test,226610,1,0.7978587461780668
BASE_x_R1a_resid,0,test,247900,1,0.30020490746023587
BASE_x_R1a_resid,0,test,255650,1,0.7651369594379623
BASE_x_R1a_resid,0,test,266656,1,0.34744654143261544
BASE_x_R1a_resid,0,test,271131,1,0.5888336222520171
BASE_x_R1a_resid,0,test,273824,1,0.762823468628848
BASE_x_R1a_resid,0,test,274268,1,0.6855993361102294
BASE_x_R1a_resid,0,test,278688,0,0.3624467850222471
BASE_x_R1a_resid,0,test,280634,1,0.5518105983666088
BASE_x_R1a_resid,0,test,284088,0,0.6828342915511183
BASE_x_R1a_resid,0,test,286403,1,0.635905025667208
BASE_x_R1a_resid,0,test,290974,0,0.40742807658335095
BASE_x_R1a_resid,0,test,293205,0,0.5235941462836935
BASE_x_R1a_resid,0,test,298058,1,0.6277998923498754
BASE_x_R1a_resid,0,test,300174,0,0.44707552749463075
BASE_x_R1a_resid,0,test,301917,1,0.7028216364069912
BASE_x_R1a_resid,0,test,308684,1,0.40946571139560334
BASE_x_R1a_resid,0,test,309228,1,0.8419167688186726
BASE_x_R1a_resid,0,test,311717,0,0.3443850572494652
BASE_x_R1a_resid,0,test,315660,1,0.7961069199856574
BASE_x_R1a_resid,0,test,317182,1,0.6764952618863674
BASE_x_R1a_resid,0,test,320374,0,0.3951490493980494
BASE_x_R1a_resid,0,test,323320,0,0.5356569668003159
BASE_x_R1a_resid,0,test,324095,1,0.8620541562616724
BASE_x_R1a_resid,0,test,328714,1,0.4676152815946077
BASE_x_R1a_resid,0,test,329983,1,0.7718586034036227
BASE_x_R1a_resid,0,test,330603,1,0.7472629917341971
BASE_x_R1a_resid,0,test,331536,1,0.7820593792960193
BASE_x_R1a_resid,0,test,333052,0,0.6583326683539343
BASE_x_R1a_resid,0,test,334461,1,0.29809679745943873
BASE_x_R1a_resid,0,test,335240,0,0.542490697531507
BASE_x_R1a_resid,0,test,345347,1,0.6528099364294191
BASE_x_R1a_resid,0,test,348496,1,0.5184000222608964
BASE_x_R1a_resid,0,test,355419,1,0.5115395018547465
BASE_x_R1a_resid,0,test,359014,0,0.6213798108074591
BASE_x_R1a_resid,0,test,359330,0,0.20369699489460769
BASE_x_R1a_resid,0,test,361397,1,0.49748564761637765
BASE_x_R1a_resid,0,test,361916,1,0.818452492122954
BASE_x_R1a_resid,0,test,366159,1,0.5972109739293409
BASE_x_R1a_resid,0,test,366344,0,0.7123728062961551
BASE_x_R1a_resid,0,test,367930,1,0.5430024298376368
BASE_x_R1a_resid,0,test,374662,1,0.5910028364196137
BASE_x_R1a_resid,0,test,383626,1,0.7137181278366055
BASE_x_R1a_resid,0,test,388622,1,0.7000973871097221
BASE_x_R1a_resid,0,test,391348,0,0.70918132935522
BASE_x_R1a_resid,0,test,402720,1,0.7717435976736489
BASE_x_R1a_resid,0,test,410795,1,0.8582045600463805
BASE_x_R1a_resid,0,test,413554,1,0.7258218578495871
BASE_x_R1a_resid,0,test,415824,1,0.29262853846963816
BASE_x_R1a_resid,0,test,418425,0,0.18451701542997756
BASE_x_R1a_resid,0,test,419629,1,0.8778910767408534
BASE_x_R1a_resid,0,test,427380,1,0.7127913926016097
BASE_x_R1a_resid,0,test,430595,1,0.6184097076325685
BASE_x_R1a_resid,0,test,436619,0,0.3709316095164552
BASE_x_R1a_resid,0,test,445545,1,0.6063446963647118
BASE_x_R1a_resid,0,test,457179,1,0.9252831267676324
BASE_x_R1a_resid,0,test,463375,1,0.9294992860138177
BASE_x_R1a_resid,0,test,465489,0,0.3003747155177807
BASE_x_R1a_resid,0,test,471955,1,0.5717519049348642
BASE_x_R1a_resid,0,test,478525,0,0.29444633475671034
BASE_x_R1a_resid,0,test,479849,0,0.4229845781354331
BASE_x_R1a_resid,0,test,479859,0,0.13335192424310918
BASE_x_R1a_resid,0,test,480021,0,0.6312451286363158
BASE_x_R1a_resid,0,test,481454,0,0.23076143113408193
BASE_x_R1a_resid,0,test,486341,0,0.09008914969508094
BASE_x_R1a_resid,0,test,486901,0,0.5904765120137987
BASE_x_R1a_resid,0,test,490630,1,0.4584686809409063
BASE_x_R1a_resid,0,test,490818,1,0.614779891258947
BASE_x_R1a_resid,0,test,498363,1,0.8211079091421515
BASE_x_R1a_resid,0,test,508572,1,0.5822553242783627
BASE_x_R1a_resid,0,test,510306,0,0.22801334250032632
BASE_x_R1a_resid,0,test,511018,0,0.691558532894355
BASE_x_R1a_resid,0,test,513568,0,0.3286689407686269
BASE_x_R1a_resid,0,test,524155,0,0.7164775586821461
BASE_x_R1a_resid,0,test,526137,0,0.7982305172311038
BASE_x_R1a_resid,0,test,531193,0,0.2665561122195867
BASE_x_R1a_resid,0,test,531815,0,0.5557633364918306
BASE_x_R1a_resid,0,test,534077,1,0.6521196616365391
BASE_x_R1a_resid,0,test,536736,1,0.4274634170448566
BASE_x_R1a_resid,0,test,544153,1,0.7816265141011774
BASE_x_R1a_resid,0,test,548749,1,0.7123216253784102
BASE_x_R1a_resid,0,test,552900,1,0.7652652022615607
BASE_x_R1a_resid,0,test,552901,1,0.60040925834858
BASE_x_R1a_resid,0,test,553161,0,0.8828988905415781
BASE_x_R1a_resid,0,test,554960,0,0.41548010947764985
BASE_x_R1a_resid,0,test,560123,1,0.9349964653065722
BASE_x_R1a_resid,0,test,565232,1,0.705585983177801
BASE_x_R1a_resid,0,test,565908,0,0.5671545352607352
BASE_x_R1a_resid,0,test,566012,1,0.7312006604408822
BASE_x_R1a_resid,0,test,569789,0,0.27129039297118235
BASE_x_R1a_resid,0,test,573425,1,0.6340401870507382
BASE_x_R1a_resid,0,test,575730,0,0.49773860645292806
BASE_x_R1a_resid,0,test,577067,1,0.649100446587795
BASE_x_R1a_resid,0,test,580587,0,0.2961571732852482
BASE_x_R1a_resid,0,test,584433,0,0.15407441518605744
BASE_x_R1a_resid,0,test,585465,1,0.5524492563843316
BASE_x_R1a_resid,0,test,589139,1,0.736292467873998
BASE_x_R1a_resid,0,test,596051,1,0.6376111416681385
BASE_x_R1a_resid,0,test,596437,0,0.7203060675501923
BASE_x_R1a_resid,0,test,599359,1,0.7146491452895973
BASE_x_R1a_resid,0,test,606159,1,0.7026821749078752
BASE_x_R1a_resid,0,test,608537,1,0.4306554791026084
BASE_x_R1a_resid,0,test,612686,0,0.5637324258149122
BASE_x_R1a_resid,0,test,616172,1,0.5960061574483803
BASE_x_R1a_resid,0,test,625501,0,0.5267926897410099
BASE_x_R1a_resid,0,test,627006,1,0.83450343307411
BASE_x_R1a_resid,0,test,627556,1,0.7460419448775103
BASE_x_R1a_resid,0,test,628661,1,0.6959350443240466
BASE_x_R1a_resid,0,test,639645,0,0.5801356750175566
BASE_x_R1a_resid,0,test,646867,1,0.7776369901870807
BASE_x_R1a_resid,0,test,648107,1,0.7320469452088186
BASE_x_R1a_resid,0,test,648709,0,0.4499026085442884
BASE_x_R1a_resid,0,test,649449,0,0.40291054822327205
BASE_x_R1a_resid,0,test,654746,1,0.780949769751575
BASE_x_R1a_resid,0,test,660164,1,0.5461951254764007
BASE_x_R1a_resid,0,test,663130,1,0.5019651626688892
BASE_x_R1a_resid,0,test,663406,1,0.4469477429669827
BASE_x_R1a_resid,0,test,670955,1,0.7697826910865799
BASE_x_R1a_resid,0,test,673553,1,0.8284814306802487
BASE_x_R1a_resid,0,test,675907,0,0.44002331734352185
BASE_x_R1a_resid,0,test,677917,1,0.7008811245167327
BASE_x_R1a_resid,0,test,677928,1,0.40571363032655255
BASE_x_R1a_resid,0,test,682565,1,0.26496964286764246
BASE_x_R1a_resid,0,test,690734,0,0.38293331565680755
BASE_x_R1a_resid,0,test,690987,1,0.5227029672338755
BASE_x_R1a_resid,0,test,692458,1,0.517962648672671
BASE_x_R1a_resid,0,test,695588,1,0.6690808947526473
BASE_x_R1a_resid,0,test,697830,0,0.5253729530278011
BASE_x_R1a_resid,0,test,702078,0,0.6317908733236947
BASE_x_R1a_resid,0,test,704317,0,0.5369334401053001
BASE_x_R1a_resid,0,test,706141,1,0.514384363902542
BASE_x_R1a_resid,0,test,708388,1,0.7394977047228796
BASE_x_R1a_resid,0,test,709192,0,0.5148197385856108
BASE_x_R1a_resid,0,test,709722,1,0.41053379144313096
BASE_x_R1a_resid,0,test,711711,1,0.785272535073744
BASE_x_R1a_resid,0,test,711782,1,0.6556811172530115
BASE_x_R1a_resid,0,test,714764,0,0.714842210453616
BASE_x_R1a_resid,0,test,714952,1,0.3435648250368613
BASE_x_R1a_resid,0,test,719050,0,0.3824629156435584
BASE_x_R1a_resid,0,test,719225,1,0.7112300961617372
BASE_x_R1a_resid,0,test,723474,0,0.5145057475875774
BASE_x_R1a_resid,0,test,725470,0,0.6893434830710174
BASE_x_R1a_resid,0,test,738078,0,0.5466424262795584
BASE_x_R1a_resid,0,test,741884,0,0.636768614480859
BASE_x_R1a_resid,0,test,742551,0,0.5930355345609367
BASE_x_R1a_resid,0,test,744145,0,0.5687348517778947
BASE_x_R1a_resid,0,test,744767,0,0.46419542478421655
BASE_x_R1a_resid,0,test,750881,0,0.5455642201655775
BASE_x_R1a_resid,0,test,752970,0,0.7260704688113405
BASE_x_R1a_resid,0,test,755356,0,0.4460130032910504
BASE_x_R1a_resid,0,test,762014,0,0.6276252894520145
BASE_x_R1a_resid,0,test,767773,0,0.5345177691488012
BASE_x_R1a_resid,0,test,768313,1,0.7213446231107328
BASE_x_R1a_resid,0,test,769720,1,0.8565855449048898
BASE_x_R1a_resid,0,test,772900,0,0.48568036343555
BASE_x_R1a_resid,0,test,776444,1,0.8393279190940516
BASE_x_R1a_resid,0,test,777118,1,0.736511399123414
BASE_x_R1a_resid,0,test,778111,1,0.27817245108526534
BASE_x_R1a_resid,0,test,779406,0,0.22973283196215166
BASE_x_R1a_resid,0,test,783140,1,0.44820944523172324
BASE_x_R1a_resid,0,test,784920,1,0.8552985753269715
BASE_x_R1a_resid,0,test,786776,0,0.5134834659952345
BASE_x_R1a_resid,0,test,789093,0,0.5759812106795189
BASE_x_R1a_resid,0,test,806762,0,0.22641951345088368
BASE_x_R1a_resid,0,test,808258,0,0.5688775443868324
BASE_x_R1a_resid,0,test,809234,1,0.801648777156725
BASE_x_R1a_resid,0,test,810874,0,0.5080096754605176
BASE_x_R1a_resid,0,test,820729,1,0.6811922425284043
BASE_x_R1a_resid,0,test,822027,0,0.6586797591477442
BASE_x_R1a_resid,0,test,822463,1,0.32777632806617335
BASE_x_R1a_resid,0,test,831454,0,0.16015771307550125
BASE_x_R1a_resid,0,test,835159,1,0.6928430026157342
BASE_x_R1a_resid,0,test,839451,0,0.3341227695970083
BASE_x_R1a_resid,0,test,858119,0,0.6644077754015512
BASE_x_R1a_resid,0,test,859236,0,0.30234397141726865
BASE_x_R1a_resid,0,test,866317,1,0.868417058933903
BASE_x_R1a_resid,0,test,869519,1,0.2166288298034026
BASE_x_R1a_resid,0,test,873012,1,0.5238722977069858
BASE_x_R1a_resid,0,test,877831,0,0.7594327599263595
BASE_x_R1a_resid,0,test,884569,1,0.6159815451283156
BASE_x_R1a_resid,0,test,889657,1,0.42307754864520275
BASE_x_R1a_resid,0,test,900534,1,0.7355383199386657
BASE_x_R1a_resid,0,test,900750,1,0.7262542320720587
BASE_x_R1a_resid,0,test,903654,1,0.6412841265128267
BASE_x_R1a_resid,0,test,944315,0,0.729144065326802
BASE_x_R1a_resid,0,test,951654,0,0.4883973554281909
BASE_x_R1a_resid,0,test,952219,0,0.4208167719544212
BASE_x_R1a_resid,0,test,953656,0,0.6255686260424701
BASE_x_R1a_resid,0,test,954477,1,0.6079196125343046
BASE_x_R1a_resid,0,test,955669,0,0.4299391836623188
BASE_x_R1a_resid,0,test,955753,1,0.6293085398826563
BASE_x_R1a_resid,0,test,957325,1,0.5970649701063664
BASE_x_R1a_resid,0,test,959155,0,0.6157830681390746
BASE_x_R1a_resid,0,test,962643,1,0.5562624861037312
BASE_x_R1a_resid,0,test,963985,1,0.6904077899849276
BASE_x_R1a_resid,0,test,969827,0,0.2257672434273984
BASE_x_R1a_resid,0,test,972950,1,0.7192694119209152
BASE_x_R1a_resid,0,test,976523,1,0.385016372602641
BASE_x_R1a_resid,0,test,982253,1,0.6956372839004535
BASE_x_R1a_resid,0,test,982817,0,0.24937681539495973
BASE_x_R1a_resid,0,test,984065,0,0.262389665271203
BASE_x_R1a_resid,0,test,985152,1,0.48920402537730484
BASE_x_R1a_resid,0,test,989331,1,0.5856971333129901
BASE_x_R1a_resid,0,test,990528,0,0.6019196833590486
BASE_x_R1a_resid,0,test,994044,1,0.475350559439375
BASE_x_R1a_resid,0,test,994160,1,0.8058188067446238
BASE_x_R1a_resid,0,test,995496,1,0.5478493902589165
BASE_x_R1a_resid,0,test,996219,0,0.5721712133769895
BASE_x_R1a_resid,0,test,996860,0,0.6395186703211462
BASE_x_R1a_resid,0,test,998151,1,0.44290769435170546
BASE_x_R1a_resid,0,test,998708,1,0.6237404647909863
BASE_x_R1a_resid,0,test,1001502,0,0.4839224716583588
BASE_x_R1a_resid,0,test,1001535,1,0.5420287531664851
BASE_x_R1a_resid,0,test,1003409,1,0.5723248410456852
BASE_x_R1a_resid,0,test,1005171,1,0.7681534075103662
BASE_x_R1a_resid,0,test,1005401,1,0.6780155720727035
BASE_x_R1a_resid,0,test,1005619,1,0.33972639383198183
BASE_x_R1a_resid,0,test,1006944,1,0.7073478166415827
BASE_x_R1a_resid,0,test,1012321,1,0.5089341862990442
BASE_x_R1a_resid,0,test,1017249,1,0.36244056544491093
BASE_x_R1a_resid,0,test,1043429,1,0.7674667829275903
BASE_x_R1a_resid,0,test,1046104,0,0.8095785124565686
BASE_x_R1a_resid,0,test,1048580,1,0.8344522745223553
BASE_x_R1a_resid,0,test,1049831,0,0.5257003693639395
BASE_x_R1a_resid,0,test,1050525,1,0.6617584718309146
BASE_x_R1a_resid,0,test,1053386,0,0.47459996826059153
BASE_x_R1a_resid,0,test,1054567,0,0.47652800855565647
BASE_x_R1a_resid,0,test,1057686,0,0.47348433246933297
BASE_x_R1a_resid,0,test,1058429,1,0.5596776830907575
BASE_x_R1a_resid,0,test,1063812,0,0.4052108139333127
BASE_x_R1a_resid,0,test,1066129,1,0.8591842489250054
BASE_x_R1a_resid,0,test,1066734,1,0.5903298726925346
BASE_x_R1a_resid,0,test,1067828,1,0.7587881860720553
BASE_x_R1a_resid,0,test,1069003,0,0.6728875540869755
BASE_x_R1a_resid,0,test,1069689,1,0.4470741440902451
BASE_x_R1a_resid,0,test,1071527,1,0.6163595567635397
BASE_x_R1a_resid,0,test,1072194,1,0.6866104999923358
BASE_x_R1a_resid,0,test,1073214,1,0.5333595280292452
BASE_x_R1a_resid,0,test,1073787,1,0.42934990918787785
BASE_x_R1a_resid,0,test,1074093,1,0.3330553075850931
BASE_x_R1a_resid,0,test,1074163,1,0.6530446978539753
BASE_x_R1a_resid,0,test,1074275,1,0.751395214492733
BASE_x_R1a_resid,0,test,1074306,1,0.65813808570605
BASE_x_R1a_resid,0,test,1075816,1,0.8169888944724005
BASE_x_R1a_resid,0,test,1077606,1,0.7895766206976127
BASE_x_R1a_resid,0,test,1079219,0,0.15595919332592778
BASE_x_R1a_resid,0,test,1079656,1,0.5957785135296446
BASE_x_R1a_resid,0,test,1079923,0,0.2790352274728583
BASE_x_R1a_resid,0,test,1080366,1,0.8311713379481315
BASE_x_R1a_resid,0,test,1080459,1,0.8365576624868144
BASE_x_R1a_resid,0,test,1081059,1,0.6492616777531234
BASE_x_R1a_resid,0,test,1081383,0,0.7009838347986223
BASE_x_R1a_resid,0,test,1082739,1,0.48577471574107983
BASE_x_R1a_resid,0,test,1084267,1,0.7531494529649575
BASE_x_R1a_resid,0,test,1084497,1,0.524538622876346
BASE_x_R1a_resid,0,test,1085709,1,0.45287417094703514
BASE_x_R1a_resid,0,test,1086243,1,0.8286312348060458
BASE_x_R1a_resid,0,test,1086991,0,0.5765068799503821
BASE_x_R1a_resid,0,test,1087391,0,0.2432666049079711
BASE_x_R1a_resid,0,test,1089172,1,0.501894142474014
BASE_x_R1a_resid,0,test,1090438,1,0.7073397963434015
BASE_x_R1a_resid,0,test,1090543,1,0.36856870771273764
BASE_x_R1a_resid,0,test,1091014,1,0.4144218978183945
BASE_x_R1a_resid,0,test,1091583,1,0.7129590894270816
BASE_x_R1a_resid,0,test,1092848,1,0.6596497974666496
BASE_x_R1a_resid,0,test,1093401,1,0.8416245160163299
BASE_x_R1a_resid,0,test,1094456,1,0.36432810734682725
BASE_x_R1a_resid,0,test,1094730,0,0.1843696370120716
BASE_x_R1a_resid,0,test,1095404,1,0.7200036677040292
BASE_x_R1a_resid,0,test,1097324,1,0.4616819929255847
BASE_x_R1a_resid,0,test,1097843,0,0.4531503229666399
BASE_x_R1a_resid,0,test,1098849,1,0.6604138404317093
BASE_x_R1a_resid,0,test,1099078,1,0.705294135748035
BASE_x_R1a_resid,0,test,1101406,0,0.27795225518576566
BASE_x_R1a_resid,0,test,1102276,1,0.5543758374021329
BASE_x_R1a_resid,0,test,1102389,1,0.8786924450169145
BASE_x_R1a_resid,0,test,1102856,1,0.30357027196520847
BASE_x_R1a_resid,0,test,1102873,1,0.5943424013129606
BASE_x_R1a_resid,0,test,1104038,1,0.9124846421966225
BASE_x_R1a_resid,0,test,1104198,1,0.6159181264332024
BASE_x_R1a_resid,0,test,1104592,1,0.7216408411302873
BASE_x_R1a_resid,0,test,1105837,1,0.5568148775453521
BASE_x_R1a_resid,0,test,1106300,1,0.5700326662812221
BASE_x_R1a_resid,0,test,1106784,1,0.6690140063794537
BASE_x_R1a_resid,0,test,1107575,0,0.5562348474597926
BASE_x_R1a_resid,0,test,1107631,1,0.6302141595846219
BASE_x_R1a_resid,0,test,1109280,1,0.8431320878644973
BASE_x_R1a_resid,0,test,1109598,1,0.7729565418647255
BASE_x_R1a_resid,0,test,1110598,0,0.4462515548197758
BASE_x_R1a_resid,0,test,1111123,1,0.3742792177806889
BASE_x_R1a_resid,0,test,1112333,1,0.7933348015848968
BASE_x_R1a_resid,0,test,1112425,1,0.5015658782038854
BASE_x_R1a_resid,0,test,1112671,1,0.6031515224645496
BASE_x_R1a_resid,0,test,1112684,0,0.3611628957743058
BASE_x_R1a_resid,0,test,1112999,0,0.15333173535226374
BASE_x_R1a_resid,0,test,1113155,0,0.34870311279603394
BASE_x_R1a_resid,0,test,1113808,0,0.38151676936416334
BASE_x_R1a_resid,0,test,1114105,0,0.7717592567668596
BASE_x_R1a_resid,0,test,1114679,1,0.42510840804756195
BASE_x_R1a_resid,0,test,1115212,1,0.5343448271264619
BASE_x_R1a_resid,0,test,1115227,1,0.9099986173989925
BASE_x_R1a_resid,0,test,1115247,0,0.5899714950265483
BASE_x_R1a_resid,0,test,1115342,0,0.47826785929090077
BASE_x_R1a_resid,0,test,1116507,1,0.7561675715655682
BASE_x_R1a_resid,0,test,1116601,0,0.22308580013113652
BASE_x_R1a_resid,0,test,1117267,1,0.7275998476069826
BASE_x_R1a_resid,0,test,1118542,0,0.28291339453728337
BASE_x_R1a_resid,0,test,1119067,1,0.7487175177171602
BASE_x_R1a_resid,0,test,1119591,1,0.791827565872378
BASE_x_R1a_resid,0,test,1120775,1,0.4545863424144922
BASE_x_R1a_resid,0,test,1121443,0,0.40437100264585674
BASE_x_R1a_resid,0,test,1121623,1,0.4994670404995432
BASE_x_R1a_resid,0,test,1121672,1,0.39276610972031994
BASE_x_R1a_resid,0,test,1121926,1,0.5965854858822215
BASE_x_R1a_resid,0,test,1122760,0,0.16604576021030115
BASE_x_R1a_resid,0,test,1123500,1,0.5409204343994176
BASE_x_R1a_resid,0,test,1123559,0,0.4714537414441633
BASE_x_R1a_resid,0,test,1123910,1,0.7189545735129051
BASE_x_R1a_resid,0,test,1124180,0,0.35857100018739163
BASE_x_R1a_resid,0,test,1124561,0,0.7293605333553387
BASE_x_R1a_resid,0,test,1124658,0,0.4930651196045816
BASE_x_R1a_resid,0,test,1125073,1,0.5889359396606142
BASE_x_R1a_resid,0,test,1125442,1,0.8406485609380782
BASE_x_R1a_resid,0,test,1125468,1,0.7830121329038839
BASE_x_R1a_resid,0,test,1125785,1,0.6996883101004812
BASE_x_R1a_resid,0,test,1125964,1,0.6086284289150963
BASE_x_R1a_resid,0,test,1126244,0,0.41804134890755174
BASE_x_R1a_resid,0,test,1126443,0,0.4585861944689283
BASE_x_R1a_resid,0,test,1127029,0,0.7388270248952022
BASE_x_R1a_resid,0,test,1127233,0,0.582515692006263
BASE_x_R1a_resid,0,test,1127285,0,0.8434691617015996
BASE_x_R1a_resid,0,test,1127560,1,0.9106216561912174
BASE_x_R1a_resid,0,test,1128027,1,0.6813833608219422
BASE_x_R1a_resid,0,test,1128117,1,0.7588401143239902
BASE_x_R1a_resid,0,test,1128350,1,0.6234032039618438
BASE_x_R1a_resid,0,test,1129253,1,0.2167754181275352
BASE_x_R1a_resid,0,test,1129383,1,0.5429924729666088
BASE_x_R1a_resid,0,test,1129695,1,0.44905324743508396
BASE_x_R1a_resid,0,test,1129961,0,0.21721785314874686
BASE_x_R1a_resid,0,test,1130530,0,0.7642589750307662
BASE_x_R1a_resid,0,test,1130533,1,0.5738202870023856
BASE_x_R1a_resid,0,test,1130623,0,0.45003858148598547
BASE_x_R1a_resid,0,test,1131355,1,0.4699833456570963
BASE_x_R1a_resid,0,test,1132251,1,0.5497867768044021
BASE_x_R1a_resid,0,test,1132286,0,0.6938715378662758
BASE_x_R1a_resid,0,test,1132874,1,0.8329265362183143
BASE_x_R1a_resid,0,test,1133607,1,0.7652396561473215
BASE_x_R1a_resid,0,test,1133778,1,0.9414342874056243
BASE_x_R1a_resid,0,test,1134518,0,0.45580168934195947
BASE_x_R1a_resid,0,test,1134921,1,0.791964651764021
BASE_x_R1a_resid,0,test,1134927,1,0.7746945361256438
BASE_x_R1a_resid,0,test,1135001,1,0.4774407788183233
BASE_x_R1a_resid,0,test,1135191,0,0.2130089323013718
BASE_x_R1a_resid,0,test,1135626,1,0.4845182944503194
BASE_x_R1a_resid,0,test,1136569,0,0.30808880895981583
BASE_x_R1a_resid,0,test,1136878,1,0.634981100887043
BASE_x_R1a_resid,0,test,1136925,0,0.7756091014834966
BASE_x_R1a_resid,0,test,1136946,0,0.16175421347836727
BASE_x_R1a_resid,0,test,1136981,1,0.6791607629652574
BASE_x_R1a_resid,0,test,1137818,1,0.19116471675031266
BASE_x_R1a_resid,0,test,1138374,0,0.33889430582152913
BASE_x_R1a_resid,0,test,1138681,1,0.6439777442681089
BASE_x_R1a_resid,0,test,1139209,0,0.22503692835222325
BASE_x_R1a_resid,0,test,1139275,1,0.6346281929746873
BASE_x_R1a_resid,0,test,1139688,1,0.6864821182166826
BASE_x_R1a_resid,0,test,1139774,0,0.7296513047187467
BASE_x_R1a_resid,0,test,1139795,0,0.6456032137223783
BASE_x_R1a_resid,0,test,1142591,0,0.7589076383380312
BASE_x_R1a_resid,0,test,1143113,1,0.6481494796184637
BASE_x_R1a_resid,0,test,1144147,0,0.5551800430807714
BASE_x_R1a_resid,0,test,1144198,1,0.5277720011007677
BASE_x_R1a_resid,0,test,1144465,1,0.8883809498613386
BASE_x_R1a_resid,0,test,1145207,0,0.4808849957235787
BASE_x_R1a_resid,0,test,1146057,0,0.29536045600833566
BASE_x_R1a_resid,0,test,1146208,0,0.6192352020470291
BASE_x_R1a_resid,0,test,1146369,1,0.9264113759378126
BASE_x_R1a_resid,0,test,1147189,1,0.5073053708542118
BASE_x_R1a_resid,0,test,1147877,1,0.6180983886670687
BASE_x_R1a_resid,0,test,1148116,1,0.6763583378934226
BASE_x_R1a_resid,0,test,1148548,1,0.8887129719520866
BASE_x_R1a_resid,0,test,1149201,1,0.22892100140498997
BASE_x_R1a_resid,0,test,1150067,1,0.6358820210089275
BASE_x_R1a_resid,0,test,1150178,1,0.3887963952115183
BASE_x_R1a_resid,0,test,1151371,1,0.5323955843457174
BASE_x_R1a_resid,0,test,1151583,1,0.13130699588004735
BASE_x_R1a_resid,0,test,1152038,1,0.3898469342711748
BASE_x_R1a_resid,0,test,1152707,0,0.7200463788208528
BASE_x_R1a_resid,0,test,1152739,0,0.5183007769669983
BASE_x_R1a_resid,0,test,1153155,1,0.532799948841929
BASE_x_R1a_resid,0,test,1153244,1,0.3187836610200094
BASE_x_R1a_resid,0,test,1154055,1,0.8704639114115291
BASE_x_R1a_resid,0,test,1155460,1,0.5067372832274506
BASE_x_R1a_resid,0,test,1155554,1,0.6542448404882291
BASE_x_R1a_resid,0,test,1156261,1,0.4533675277223
BASE_x_R1a_resid,0,test,1156634,1,0.8581973389187518
BASE_x_R1a_resid,0,test,1156847,1,0.5614112482116843
BASE_x_R1a_resid,0,test,1206184,1,0.38179338047234096
BASE_x_R1a_resid,0,test,1206257,1,0.6843242248935603
BASE_x_R1a_resid,0,test,1206751,1,0.7674146577986936
BASE_x_R1a_resid,0,test,1206811,1,0.513123594523055
BASE_x_R1a_resid,0,test,1206867,1,0.753284351162351
BASE_x_R1a_resid,0,test,1207207,1,0.5173747463783447
BASE_x_R1a_resid,0,test,1208078,0,0.5612867049795262
BASE_x_R1a_resid,0,test,1208476,1,0.8205373658052447
BASE_x_R1a_resid,0,test,1208561,1,0.6883557152093186
BASE_x_R1a_resid,0,test,1209069,1,0.4583979922686014
BASE_x_R1a_resid,0,test,1209473,1,0.3688978778973134
BASE_x_R1a_resid,0,test,1209531,0,0.14330091917798654
BASE_x_R1a_resid,0,test,1209908,0,0.7143016503887322
BASE_x_R1a_resid,0,test,1210055,0,0.3507278007964147
BASE_x_R1a_resid,0,test,1210080,0,0.6430021006447596
BASE_x_R1a_resid,0,test,1212290,1,0.8403455592578198
BASE_x_R1a_resid,0,test,1212582,1,0.7452831877516343
BASE_x_R1a_resid,0,test,1212738,1,0.8215582604078971
BASE_x_R1a_resid,0,test,1213041,1,0.8464394352270637
BASE_x_R1a_resid,0,test,1213071,1,0.42192616312698056
BASE_x_R1a_resid,0,test,1213667,0,0.3104678451685413
BASE_x_R1a_resid,0,test,1214248,1,0.8564648417841773
BASE_x_R1a_resid,0,test,1215252,0,0.3622665003384734
BASE_x_R1a_resid,0,test,1215452,0,0.5037017992201163
BASE_x_R1a_resid,0,test,1215586,0,0.6033724436388956
BASE_x_R1a_resid,0,test,1217110,1,0.607850877419882
BASE_x_R1a_resid,0,test,1217724,0,0.5799619957847989
BASE_x_R1a_resid,0,test,1217757,1,0.45115763509685336
BASE_x_R1a_resid,0,test,1218110,0,0.47022906185364977
BASE_x_R1a_resid,0,test,1218980,0,0.47541728067740524
BASE_x_R1a_resid,0,test,1219802,1,0.7594555186880443
BASE_x_R1a_resid,0,test,1220156,0,0.3802488596414195
BASE_x_R1a_resid,0,test,1220269,0,0.40619638503201116
BASE_x_R1a_resid,0,test,1220796,1,0.6410454975940125
BASE_x_R1a_resid,0,test,1220900,1,0.5997285614122014
BASE_x_R1a_resid,0,test,1221603,1,0.5861889056986992
BASE_x_R1a_resid,0,test,1221685,1,0.8111357560123266
BASE_x_R1a_resid,0,test,1221764,1,0.7869712799008711
BASE_x_R1a_resid,0,test,1222037,1,0.8037776550497772
BASE_x_R1a_resid,0,test,1222048,1,0.857831080063945
BASE_x_R1a_resid,0,test,1222069,1,0.7211534244025342
BASE_x_R1a_resid,0,test,1222115,0,0.4534207857931728
BASE_x_R1a_resid,0,test,1222124,1,0.861305392414863
BASE_x_R1a_resid,0,test,1222410,0,0.32614748279565775
BASE_x_R1a_resid,0,test,1223017,1,0.44755179483156143
BASE_x_R1a_resid,0,test,1223272,1,0.5259612525475642
BASE_x_R1a_resid,0,test,1224094,0,0.231010923295579
BASE_x_R1a_resid,0,test,1224536,1,0.6260995137782152
BASE_x_R1a_resid,0,test,1225262,1,0.7154397788544763
BASE_x_R1a_resid,0,test,1225309,1,0.5853420342144942
BASE_x_R1a_resid,0,test,1225334,0,0.4961289903417331
BASE_x_R1a_resid,0,test,1225413,1,0.8423547166748988
BASE_x_R1a_resid,0,test,1225553,1,0.49807740939111234
BASE_x_R1a_resid,0,test,1225716,0,0.6540522325198934
BASE_x_R1a_resid,0,test,1225843,0,0.24645502902224173
BASE_x_R1a_resid,0,test,1225945,0,0.510143073095671
BASE_x_R1a_resid,0,test,1226065,1,0.4995066584935575
BASE_x_R1a_resid,0,test,1226708,1,0.7480339354450382
BASE_x_R1a_resid,0,test,1226825,1,0.655355415407589
BASE_x_R1a_resid,0,test,1227138,0,0.23265708572950883
BASE_x_R1a_resid,0,test,1227755,1,0.7821887279587644
BASE_x_R1a_resid,0,test,1228267,1,0.5830138151882867
BASE_x_R1a_resid,0,test,1228453,1,0.7318838112678963
BASE_x_R1a_resid,0,test,1228747,1,0.7360314644795164
BASE_x_R1a_resid,0,test,1228820,0,0.2691698230679957
BASE_x_R1a_resid,0,test,1229345,1,0.876508818161588
BASE_x_R1a_resid,0,test,1229976,1,0.3108655313536903
BASE_x_R1a_resid,0,test,1230265,1,0.5836629068761108
BASE_x_R1a_resid,0,test,1230721,1,0.39025767575489195
BASE_x_R1a_resid,0,test,1230724,1,0.5195904767167853
BASE_x_R1a_resid,0,test,1231353,1,0.7621863547776567
BASE_x_R1a_resid,0,test,1231734,1,0.7256944630800259
BASE_x_R1a_resid,0,test,1231841,0,0.43440225452275155
BASE_x_R1a_resid,0,test,1232099,0,0.6140408067067351
BASE_x_R1a_resid,0,test,1233084,1,0.6337911701831325
BASE_x_R1a_resid,0,test,1233147,1,0.6529301508565171
BASE_x_R1a_resid,0,test,1233618,0,0.6090402485025087
BASE_x_R1a_resid,0,test,1233777,1,0.7619144449037577
BASE_x_R1a_resid,0,test,1234410,0,0.20543576644693345
BASE_x_R1a_resid,0,test,1234413,1,0.26676687310490566
BASE_x_R1a_resid,0,test,1234672,0,0.6171556958156135
BASE_x_R1a_resid,0,test,1235697,1,0.741772634854777
BASE_x_R1a_resid,0,test,1236071,1,0.6489277056724789
BASE_x_R1a_resid,0,test,1236191,1,0.705512955927016
BASE_x_R1a_resid,0,test,1236410,0,0.1785628043721158
BASE_x_R1a_resid,0,test,1237123,0,0.4388583503284402
BASE_x_R1a_resid,0,test,1237184,0,0.6201990462366249
BASE_x_R1a_resid,0,test,1237496,1,0.5176230485741468
BASE_x_R1a_resid,0,test,1237508,1,0.5097626095711999
BASE_x_R1a_resid,0,test,1237793,1,0.29765540704749227
BASE_x_R1a_resid,0,test,1237971,1,0.6304929361958229
BASE_x_R1a_resid,0,test,1238001,0,0.6650976949223981
BASE_x_R1a_resid,0,test,1238292,0,0.7324102893095171
BASE_x_R1a_resid,0,test,1238406,0,0.39814114495621583
BASE_x_R1a_resid,0,test,1238413,1,0.794295152344988
BASE_x_R1a_resid,0,test,1238443,0,0.7694200355504539
BASE_x_R1a_resid,0,test,1238501,0,0.4645783337834275
BASE_x_R1a_resid,0,test,1238523,1,0.6029740362898969
BASE_x_R1a_resid,0,test,1238553,1,0.4627291347548849
BASE_x_R1a_resid,0,test,1238636,1,0.7788021737364613
BASE_x_R1a_resid,0,test,1238817,0,0.7844270359921177
BASE_x_R1a_resid,0,test,1238964,1,0.5249640994117045
BASE_x_R1a_resid,0,test,1239079,1,0.4898318945278721
BASE_x_R1a_resid,0,test,1239094,1,0.6937580414404495
BASE_x_R1a_resid,0,test,1239224,1,0.4326792784373691
BASE_x_R1a_resid,0,test,1239458,0,0.6672633643268973
BASE_x_R1a_resid,0,test,1239936,0,0.48911897170971
BASE_x_R1a_resid,0,test,1240378,1,0.8261663463067979
BASE_x_R1a_resid,0,test,1240433,1,0.5854368596838034
BASE_x_R1a_resid,0,test,1241090,0,0.3119076210970301
BASE_x_R1a_resid,0,test,1241104,0,0.6025611353001002
BASE_x_R1a_resid,0,test,1241937,0,0.6078642514678824
BASE_x_R1a_resid,0,test,1241954,1,0.5024018672119365
BASE_x_R1a_resid,0,test,1242009,1,0.6168672337683866
BASE_x_R1a_resid,0,test,1242021,1,0.6953275424777894
BASE_x_R1a_resid,0,test,1242267,1,0.8391904089873994
BASE_x_R1a_resid,0,test,1242424,1,0.6839991013762818
BASE_x_R1a_resid,0,test,1242536,1,0.7256529814903037
BASE_x_R1a_resid,0,test,1242725,1,0.37312780466292084
BASE_x_R1a_resid,0,test,1242729,1,0.6296048769764172
BASE_x_R1a_resid,0,test,1242755,0,0.6186191261770598
BASE_x_R1a_resid,0,test,1242831,0,0.52208505985406
BASE_x_R1a_resid,0,test,1243295,1,0.49971822883894645
BASE_x_R1a_resid,0,test,1243442,0,0.6227961684736214
BASE_x_R1a_resid,0,test,1243523,0,0.4923107125892884
BASE_x_R1a_resid,0,test,1244763,0,0.4139837312361665
BASE_x_R1a_resid,0,test,1245846,1,0.6527858076197365
BASE,1,test,1922,1,0.4037822704454301
BASE,1,test,12246,1,0.5129356904224567
BASE,1,test,16787,0,0.61039482401321
BASE,1,test,19126,1,0.8198082748580009
BASE,1,test,34428,0,0.5395953581820425
BASE,1,test,42331,1,0.8621470969162277
BASE,1,test,44366,1,0.8800974862872871
BASE,1,test,47250,1,0.7629831773409629
BASE,1,test,48545,0,0.2647612981355034
BASE,1,test,54142,1,0.7237820433451371
BASE,1,test,61752,1,0.8440039958595317
BASE,1,test,62606,1,0.33027351920984843
BASE,1,test,66226,1,0.642033335432731
BASE,1,test,66381,1,0.5170983698432452
BASE,1,test,68648,0,0.8147411206161334
BASE,1,test,70147,0,0.7470149386038234
BASE,1,test,72035,0,0.8108150869303767
BASE,1,test,73899,1,0.7905830578447924
BASE,1,test,88483,1,0.7207566271062498
BASE,1,test,96757,1,0.24696989101078703
BASE,1,test,97998,0,0.16287639383086605
BASE,1,test,102708,1,0.6408918088311225
BASE,1,test,105271,1,0.6626340423196753
BASE,1,test,114318,1,0.43042510670730183
BASE,1,test,120088,1,0.4023573675941523
BASE,1,test,127579,0,0.2488040005263211
BASE,1,test,129407,1,0.5661835532945513
BASE,1,test,131155,1,0.386068428680603
BASE,1,test,136645,1,0.7707520621965016
BASE,1,test,139145,1,0.861563267352976
BASE,1,test,141620,1,0.7024544595596227
BASE,1,test,147228,1,0.7062595219802372
BASE,1,test,156299,1,0.6655283861127554
BASE,1,test,156996,1,0.8271589485808728
BASE,1,test,157449,1,0.8207391291037992
BASE,1,test,157463,1,0.6520526931331608
BASE,1,test,161593,1,0.7607192280480042
BASE,1,test,163659,1,0.3441474042663315
BASE,1,test,167183,1,0.5803255193011152
BASE,1,test,169457,0,0.3525580092525342
BASE,1,test,171896,1,0.7188126185878159
BASE,1,test,172578,1,0.8286123879690731
BASE,1,test,181466,0,0.17217152217528542
BASE,1,test,184874,1,0.6293843828850995
BASE,1,test,186379,1,0.5378328782210476
BASE,1,test,190049,1,0.4468451717453569
BASE,1,test,190176,0,0.62950163960291
BASE,1,test,190187,0,0.6604696127467894
BASE,1,test,191335,0,0.5651811622062985
BASE,1,test,200131,1,0.8812835154502341
BASE,1,test,200858,1,0.4012708809396484
BASE,1,test,203461,1,0.580168787989189
BASE,1,test,208652,1,0.4897151716099603
BASE,1,test,216287,0,0.5957738493769413
BASE,1,test,218529,1,0.5783634561993164
BASE,1,test,223651,1,0.5755833138129156
BASE,1,test,228543,1,0.6223418395036507
BASE,1,test,238407,0,0.2305781507191527
BASE,1,test,258335,0,0.39960295417463615
BASE,1,test,278134,1,0.6347834722517767
BASE,1,test,278836,1,0.3540777646311442
BASE,1,test,280705,0,0.4317007452405205
BASE,1,test,284088,0,0.7527536868907512
BASE,1,test,290944,0,0.6787857385662293
BASE,1,test,293205,0,0.4780404244096954
BASE,1,test,295284,0,0.4329471668996449
BASE,1,test,298058,1,0.6284595837847985
BASE,1,test,312434,1,0.6422804231945577
BASE,1,test,312810,1,0.7090325313236978
BASE,1,test,318640,1,0.7542136464904605
BASE,1,test,319549,1,0.5810125827783978
BASE,1,test,320867,1,0.7454566370504385
BASE,1,test,321989,1,0.6883533059989869
BASE,1,test,323320,0,0.3961847474966176
BASE,1,test,323939,0,0.41009739962483094
BASE,1,test,335240,0,0.573881190428345
BASE,1,test,335955,1,0.47838120066631057
BASE,1,test,338312,1,0.559270234382909
BASE,1,test,348589,1,0.7347761238383835
BASE,1,test,351101,1,0.3591603406436004
BASE,1,test,353336,1,0.5121478903789882
BASE,1,test,358239,1,0.8153140180968208
BASE,1,test,360745,1,0.5343887202955198
BASE,1,test,374203,0,0.6096725551005584
BASE,1,test,375294,1,0.6488306246026344
BASE,1,test,380225,1,0.8635964851876569
BASE,1,test,402720,1,0.8321196664918478
BASE,1,test,405843,1,0.8739713130567168
BASE,1,test,408105,0,0.7315755390787535
BASE,1,test,419138,0,0.5158882994218321
BASE,1,test,433303,1,0.8232051011593682
BASE,1,test,433686,1,0.7031208779138289
BASE,1,test,442797,1,0.5485982405751313
BASE,1,test,443207,1,0.41010279426976426
BASE,1,test,443610,0,0.8408218052468848
BASE,1,test,444203,0,0.4431054951936645
BASE,1,test,445545,1,0.5325567730462748
BASE,1,test,450155,1,0.6412729361737505
BASE,1,test,451844,1,0.2588844731767292
BASE,1,test,460422,1,0.20977345048092946
BASE,1,test,460580,1,0.6705492303099885
BASE,1,test,461946,1,0.6468141451585163
BASE,1,test,463375,1,0.841053716461892
BASE,1,test,465489,0,0.24908142057712135
BASE,1,test,466437,1,0.7193451465065164
BASE,1,test,468086,1,0.6047605469532976
BASE,1,test,468548,1,0.18420492079383874
BASE,1,test,474601,1,0.5260765463284419
BASE,1,test,477779,1,0.7754158134004692
BASE,1,test,479811,0,0.30612676429889585
BASE,1,test,480021,0,0.6890830343576788
BASE,1,test,480598,1,0.527275497167054
BASE,1,test,484238,1,0.10592880798858148
BASE,1,test,486892,0,0.4207935730619647
BASE,1,test,488934,0,0.3772203921371496
BASE,1,test,498363,1,0.8715794177657731
BASE,1,test,507011,1,0.3457281967775866
BASE,1,test,510372,1,0.46188882832964157
BASE,1,test,511018,0,0.6668136430683811
BASE,1,test,512053,1,0.6796559672798402
BASE,1,test,517848,1,0.7134947364291733
BASE,1,test,520621,1,0.595977041468944
BASE,1,test,525300,1,0.49116888556000055
BASE,1,test,532533,1,0.6378911789852535
BASE,1,test,537472,1,0.543505835207263
BASE,1,test,544153,1,0.8893372789721221
BASE,1,test,544425,0,0.3835777371073913
BASE,1,test,544864,1,0.45523450408727695
BASE,1,test,550892,1,0.7304017502983412
BASE,1,test,552901,1,0.5490841290275721
BASE,1,test,554960,0,0.30116474339494087
BASE,1,test,555492,0,0.39677783532887523
BASE,1,test,559178,1,0.7079293474569508
BASE,1,test,566285,1,0.8870452789227343
BASE,1,test,567847,1,0.7170816607745921
BASE,1,test,569789,0,0.21544578819861548
BASE,1,test,573425,1,0.5203154452789022
BASE,1,test,586109,0,0.634799424360683
BASE,1,test,589139,1,0.7524839998991701
BASE,1,test,592431,1,0.8553908180493565
BASE,1,test,592548,0,0.6102388352866107
BASE,1,test,595609,1,0.7606080030904481
BASE,1,test,599396,0,0.7759552270015964
BASE,1,test,618335,1,0.6209632901053661
BASE,1,test,619649,1,0.7977844932772763
BASE,1,test,624010,0,0.21031347121518093
BASE,1,test,624692,1,0.43704088104714744
BASE,1,test,627036,1,0.8296289905106792
BASE,1,test,629729,1,0.400524304762247
BASE,1,test,644299,1,0.6338439881043557
BASE,1,test,644744,1,0.912777860026826
BASE,1,test,649217,1,0.7483501119495064
BASE,1,test,649863,1,0.43148466304238986
BASE,1,test,655410,1,0.7425569122890843
BASE,1,test,660061,1,0.5207855421670665
BASE,1,test,661193,0,0.568087883553916
BASE,1,test,672172,1,0.8658170944550211
BASE,1,test,675660,0,0.29509384220225177
BASE,1,test,675907,0,0.48248414105056575
BASE,1,test,678681,1,0.31713861055881004
BASE,1,test,683148,1,0.697674911779272
BASE,1,test,687290,0,0.9009218258629929
BASE,1,test,690734,0,0.4296464098060268
BASE,1,test,697961,1,0.8369548446374302
BASE,1,test,698579,1,0.8779423123609971
BASE,1,test,700550,1,0.6394210380952203
BASE,1,test,704059,0,0.5635587752719055
BASE,1,test,709192,0,0.6194864753444375
BASE,1,test,711782,1,0.651142698677884
BASE,1,test,718140,0,0.3378499662421607
BASE,1,test,718508,1,0.812363369686778
BASE,1,test,719050,0,0.1901137139537875
BASE,1,test,725470,0,0.5979678126722794
BASE,1,test,726612,1,0.8606721608051476
BASE,1,test,727266,1,0.6259982683454793
BASE,1,test,738172,0,0.4774163696700419
BASE,1,test,742847,0,0.35169207075457565
BASE,1,test,747710,0,0.7457842661950721
BASE,1,test,750827,0,0.6131640920905931
BASE,1,test,750881,0,0.6435003812597947
BASE,1,test,752967,1,0.8813335276069576
BASE,1,test,754586,1,0.6646300595556852
BASE,1,test,755156,1,0.5592443895731235
BASE,1,test,755294,1,0.6113511542086929
BASE,1,test,760561,0,0.4639266633887838
BASE,1,test,765027,1,0.4596756403503411
BASE,1,test,765473,1,0.6207425370915951
BASE,1,test,765954,0,0.3240306731896508
BASE,1,test,774678,1,0.5221319342364188
BASE,1,test,777118,1,0.6863532050535147
BASE,1,test,779240,0,0.560169135927507
BASE,1,test,781445,0,0.2618691383787973
BASE,1,test,789824,0,0.3451167810813457
BASE,1,test,806762,0,0.29357698331088355
BASE,1,test,809238,0,0.7569116930132069
BASE,1,test,822633,1,0.3289714400629933
BASE,1,test,825913,1,0.5056351924055534
BASE,1,test,828057,0,0.40465142619803773
BASE,1,test,829142,1,0.8491191368276361
BASE,1,test,829697,0,0.16652586153423912
BASE,1,test,834515,0,0.7762059741209373
BASE,1,test,835833,1,0.695162067030406
BASE,1,test,836571,0,0.37159343663119465
BASE,1,test,841534,0,0.08491608868318154
BASE,1,test,847036,1,0.7216546800811754
BASE,1,test,848723,1,0.35953590898057813
BASE,1,test,851816,0,0.33189349201456136
BASE,1,test,854069,1,0.44408747912222607
BASE,1,test,856302,0,0.5848450401741139
BASE,1,test,859236,0,0.45136595292105275
BASE,1,test,866895,0,0.4556004543705237
BASE,1,test,867398,0,0.8054391660996838
BASE,1,test,868318,0,0.6605216460431635
BASE,1,test,875038,1,0.6797513198698646
BASE,1,test,877486,1,0.4663509801494016
BASE,1,test,880466,1,0.6360336277749279
BASE,1,test,889657,1,0.479933409206681
BASE,1,test,894409,1,0.6896789067052101
BASE,1,test,899067,0,0.1710554926884789
BASE,1,test,900762,1,0.7538254363272252
BASE,1,test,941626,1,0.36694611924740905
BASE,1,test,943672,1,0.5244861149497442
BASE,1,test,947197,1,0.14280500982375136
BASE,1,test,951465,0,0.6108898478117727
BASE,1,test,951654,0,0.46019134514672694
BASE,1,test,952219,0,0.5591654819164161
BASE,1,test,954440,1,0.42992788178615265
BASE,1,test,955669,0,0.30177219276697076
BASE,1,test,956387,1,0.30129953836600293
BASE,1,test,961563,0,0.3595303015549706
BASE,1,test,961819,0,0.5299118989233467
BASE,1,test,962660,1,0.7232700101835319
BASE,1,test,963985,1,0.7720966045704324
BASE,1,test,964462,0,0.5287963215268472
BASE,1,test,970464,1,0.5436397366832305
BASE,1,test,972111,0,0.6372124143253496
BASE,1,test,979369,1,0.8086103504960883
BASE,1,test,979917,1,0.667481743038542
BASE,1,test,979941,0,0.6091405187151838
BASE,1,test,980697,0,0.6226471687820554
BASE,1,test,982817,0,0.1544099053316156
BASE,1,test,984065,0,0.1580695732855827
BASE,1,test,986074,1,0.9159806796591557
BASE,1,test,986844,1,0.46171968291504145
BASE,1,test,987078,1,0.7147019454880676
BASE,1,test,987267,1,0.6515988357507929
BASE,1,test,989755,1,0.89447023346861
BASE,1,test,991790,1,0.825045358979166
BASE,1,test,993602,1,0.20746869065031878
BASE,1,test,994160,1,0.848955525788304
BASE,1,test,1002373,1,0.8821800917267718
BASE,1,test,1005171,1,0.6986830275476819
BASE,1,test,1006489,0,0.24543352099006366
BASE,1,test,1008354,0,0.5785120843605855
BASE,1,test,1009347,1,0.6383762137517799
BASE,1,test,1020322,0,0.43159763287940656
BASE,1,test,1029192,1,0.8517056442494403
BASE,1,test,1029373,1,0.6005629268035466
BASE,1,test,1030940,1,0.35543079488560103
BASE,1,test,1046104,0,0.8089419648419018
BASE,1,test,1051850,0,0.7788661648120464
BASE,1,test,1054838,0,0.4578455775413663
BASE,1,test,1064446,1,0.8243411808283366
BASE,1,test,1065288,0,0.52913848078716
BASE,1,test,1066534,1,0.19776689834386613
BASE,1,test,1067406,1,0.3474835642238827
BASE,1,test,1069689,1,0.398650778687942
BASE,1,test,1070472,0,0.272953996294637
BASE,1,test,1073839,0,0.4152491200952436
BASE,1,test,1074094,1,0.30211885068183525
BASE,1,test,1074306,1,0.7890126662756921
BASE,1,test,1074427,1,0.46276400562515024
BASE,1,test,1074527,1,0.3326381451505976
BASE,1,test,1074753,0,0.5195627231857193
BASE,1,test,1075557,1,0.5773223809110284
BASE,1,test,1075699,1,0.2620850844453803
BASE,1,test,1077703,1,0.48494701773553495
BASE,1,test,1078392,1,0.27968758918405817
BASE,1,test,1078893,0,0.4185063305406655
BASE,1,test,1079527,1,0.4009459673181551
BASE,1,test,1080214,1,0.3615207740709113
BASE,1,test,1080366,1,0.8873055954124244
BASE,1,test,1080979,1,0.7739587034572442
BASE,1,test,1081798,0,0.36652073066440216
BASE,1,test,1082641,0,0.36878769727836713
BASE,1,test,1082739,1,0.49838409087549607
BASE,1,test,1084185,0,0.7764652135873213
BASE,1,test,1084364,1,0.5068677010618202
BASE,1,test,1084497,1,0.47099866661685125
BASE,1,test,1085496,1,0.5197989843934357
BASE,1,test,1085579,1,0.6808456780249048
BASE,1,test,1085896,1,0.7067412848085489
BASE,1,test,1086657,1,0.8698626474881624
BASE,1,test,1086770,1,0.8085639662947579
BASE,1,test,1086991,0,0.5311227028806169
BASE,1,test,1087295,1,0.2954761406436484
BASE,1,test,1089310,0,0.590435145401842
BASE,1,test,1090388,1,0.8672592676867754
BASE,1,test,1090438,1,0.7730053872201453
BASE,1,test,1091071,1,0.8828387924143416
BASE,1,test,1091585,0,0.6710121953441002
BASE,1,test,1092068,0,0.5224140870418053
BASE,1,test,1093139,0,0.5339121207889711
BASE,1,test,1093401,1,0.8224495479763523
BASE,1,test,1094060,1,0.7753483683306343
BASE,1,test,1094259,1,0.6101495355701981
BASE,1,test,1096111,1,0.750082733080322
BASE,1,test,1096858,1,0.8324557876689078
BASE,1,test,1097215,1,0.4338550209458353
BASE,1,test,1097324,1,0.570419492285388
BASE,1,test,1099078,1,0.7840728130636969
BASE,1,test,1100516,0,0.4382106206689905
BASE,1,test,1100923,1,0.6694318551217272
BASE,1,test,1103063,0,0.6274104294534023
BASE,1,test,1104405,1,0.8324327431521447
BASE,1,test,1104599,1,0.5434318396229183
BASE,1,test,1104649,1,0.7863403398777669
BASE,1,test,1105176,1,0.6317333707240607
BASE,1,test,1105837,1,0.4628138795382986
BASE,1,test,1105913,1,0.7782479691806496
BASE,1,test,1105922,1,0.8137251063225587
BASE,1,test,1106300,1,0.6526967822458524
BASE,1,test,1107147,1,0.6873689521474249
BASE,1,test,1107631,1,0.64684217656699
BASE,1,test,1109275,1,0.9111508158811571
BASE,1,test,1109329,1,0.8951758963287101
BASE,1,test,1109526,1,0.6544339917846282
BASE,1,test,1109829,1,0.7639429126825763
BASE,1,test,1111153,0,0.6702745729249504
BASE,1,test,1111157,0,0.8111770291403698
BASE,1,test,1111471,1,0.6049792545566107
BASE,1,test,1112111,1,0.6514998160813735
BASE,1,test,1113214,0,0.5675401335228432
BASE,1,test,1115227,1,0.8368448060850183
BASE,1,test,1115322,1,0.7992249549251386
BASE,1,test,1115713,1,0.595318200700616
BASE,1,test,1117370,1,0.8585884973961881
BASE,1,test,1117921,1,0.9405145304215702
BASE,1,test,1117975,1,0.8645849883616401
BASE,1,test,1118291,0,0.6138575233885849
BASE,1,test,1118436,1,0.7907486669410545
BASE,1,test,1118652,0,0.1451276150561268
BASE,1,test,1119012,1,0.7053840047527451
BASE,1,test,1119591,1,0.7881386947898306
BASE,1,test,1119652,1,0.7710379052524228
BASE,1,test,1119930,1,0.8048259125011914
BASE,1,test,1120326,1,0.18896832098303978
BASE,1,test,1120775,1,0.3338910438908165
BASE,1,test,1120955,0,0.7482318619046024
BASE,1,test,1121493,0,0.1701827929928448
BASE,1,test,1121705,1,0.8739292850708108
BASE,1,test,1121926,1,0.5678224064194505
BASE,1,test,1122956,1,0.6907032687481223
BASE,1,test,1122990,1,0.3473631134559207
BASE,1,test,1123350,1,0.8713695132945172
BASE,1,test,1123551,0,0.3137297111809817
BASE,1,test,1124329,1,0.5021528061316861
BASE,1,test,1124330,0,0.8137323580128946
BASE,1,test,1124561,0,0.7635243645664747
BASE,1,test,1125348,0,0.4780843240995598
BASE,1,test,1125785,1,0.6982500547801749
BASE,1,test,1126146,0,0.2897505671784703
BASE,1,test,1126656,0,0.5965675483912624
BASE,1,test,1127029,0,0.690881878759797
BASE,1,test,1127560,1,0.8720620172744944
BASE,1,test,1129053,1,0.642225769779107
BASE,1,test,1129961,0,0.14519660444663532
BASE,1,test,1130161,1,0.10895699087313775
BASE,1,test,1131297,0,0.6454093441214694
BASE,1,test,1131833,1,0.47245948630774953
BASE,1,test,1134339,0,0.21124629542165227
BASE,1,test,1134855,0,0.15047839102274704
BASE,1,test,1134927,1,0.752590509041174
BASE,1,test,1135587,1,0.8625061473881562
BASE,1,test,1135796,1,0.7277939821938436
BASE,1,test,1136524,0,0.7895449526732017
BASE,1,test,1136946,0,0.23868283325187636
BASE,1,test,1137506,0,0.5283153496886955
BASE,1,test,1137818,1,0.25219334336375127
BASE,1,test,1138108,1,0.6169502574452594
BASE,1,test,1139233,1,0.8280907283778487
BASE,1,test,1139249,1,0.1339585194802958
BASE,1,test,1139409,1,0.8001985612715012
BASE,1,test,1139795,0,0.6983972251993594
BASE,1,test,1142126,0,0.3101795519536429
BASE,1,test,1142643,1,0.6117894454173254
BASE,1,test,1142753,1,0.8030611510212203
BASE,1,test,1143415,1,0.633676672327549
BASE,1,test,1143550,1,0.7339806069318111
BASE,1,test,1144210,1,0.6903616730376844
BASE,1,test,1144260,0,0.7179123176702314
BASE,1,test,1144465,1,0.7973897347569386
BASE,1,test,1144580,1,0.32357553345133455
BASE,1,test,1144621,1,0.3024862460608547
BASE,1,test,1144651,1,0.7070005131744139
BASE,1,test,1145207,0,0.41065393797908817
BASE,1,test,1145385,0,0.703073850184818
BASE,1,test,1146057,0,0.3305302053157672
BASE,1,test,1146108,0,0.32509632767761415
BASE,1,test,1146318,1,0.5709568750764595
BASE,1,test,1146323,0,0.4492349936364131
BASE,1,test,1146529,1,0.8025570773792946
BASE,1,test,1146584,1,0.7039848129156421
BASE,1,test,1146771,0,0.44532040991712857
BASE,1,test,1146854,1,0.5470878300846692
BASE,1,test,1147012,0,0.5139361193279282
BASE,1,test,1147189,1,0.4803451269318048
BASE,1,test,1148157,1,0.835663949733033
BASE,1,test,1148437,0,0.5447170936695231
BASE,1,test,1150400,1,0.44362071568236056
BASE,1,test,1151387,0,0.5789856892653876
BASE,1,test,1151422,1,0.752535114582945
BASE,1,test,1151627,1,0.5287873892999299
BASE,1,test,1151789,1,0.6187672077448494
BASE,1,test,1152038,1,0.5041221399779133
BASE,1,test,1152061,1,0.4803120677617625
BASE,1,test,1152979,1,0.28562121905918525
BASE,1,test,1153702,0,0.3637205000953203
BASE,1,test,1153881,0,0.5805823715499293
BASE,1,test,1154576,1,0.35542756409199405
BASE,1,test,1155404,0,0.2060592880252697
BASE,1,test,1155554,1,0.5963654652451759
BASE,1,test,1155802,1,0.5680989614888492
BASE,1,test,1157101,1,0.8167309276263325
BASE,1,test,1157237,1,0.7156101412426997
BASE,1,test,1157440,0,0.5573352493664318
BASE,1,test,1158961,1,0.8606429487771389
BASE,1,test,1206308,0,0.40736796591646834
BASE,1,test,1206667,0,0.7505174049787581
BASE,1,test,1206997,1,0.8949890350190324
BASE,1,test,1207140,1,0.8963143825834969
BASE,1,test,1207980,1,0.7738145488084135
BASE,1,test,1208561,1,0.6736990621079637
BASE,1,test,1209776,0,0.3527739015721167
BASE,1,test,1209958,1,0.49870105485055666
BASE,1,test,1210100,0,0.2120776875201142
BASE,1,test,1210485,1,0.6929685059306899
BASE,1,test,1210786,0,0.41661758006487226
BASE,1,test,1211029,1,0.8257931736531454
BASE,1,test,1211042,1,0.6899400017264636
BASE,1,test,1211177,1,0.6029147939634071
BASE,1,test,1211297,1,0.5904928900168701
BASE,1,test,1211505,1,0.7263526975455314
BASE,1,test,1211778,0,0.38586360744313486
BASE,1,test,1212217,1,0.4473667646161274
BASE,1,test,1212354,0,0.45796933008659196
BASE,1,test,1212394,1,0.24566513816173846
BASE,1,test,1212451,0,0.5482425714107472
BASE,1,test,1212582,1,0.7606311060515684
BASE,1,test,1213121,1,0.2592265200452457
BASE,1,test,1213130,1,0.3774328680798822
BASE,1,test,1213344,1,0.2690680144005595
BASE,1,test,1213929,1,0.793981728963582
BASE,1,test,1213974,0,0.7648387022451513
BASE,1,test,1214144,0,0.5976189929376929
BASE,1,test,1215381,0,0.7349792291669072
BASE,1,test,1215388,0,0.09468154717299289
BASE,1,test,1215586,0,0.6395966675961664
BASE,1,test,1216036,1,0.7271359515103053
BASE,1,test,1216045,1,0.7869202910653645
BASE,1,test,1216223,1,0.784978260944174
BASE,1,test,1216691,1,0.830014644251039
BASE,1,test,1216776,1,0.35155875854015284
BASE,1,test,1217051,1,0.7046079385506328
BASE,1,test,1217243,1,0.7006908663623631
BASE,1,test,1217708,0,0.437403182596757
BASE,1,test,1217769,1,0.5672571561593626
BASE,1,test,1218062,1,0.8404172528175414
BASE,1,test,1218110,0,0.4106119363029922
BASE,1,test,1219634,1,0.8490891311339348
BASE,1,test,1219898,1,0.26958806421717196
BASE,1,test,1219958,0,0.39697676822261047
BASE,1,test,1220095,0,0.7142354025591281
BASE,1,test,1220226,0,0.3703597942263343
BASE,1,test,1220507,0,0.8057786826964047
BASE,1,test,1220572,0,0.6341077319717965
BASE,1,test,1220694,1,0.4974359753804295
BASE,1,test,1221019,0,0.6047167986919176
BASE,1,test,1221892,1,0.696418184515437
BASE,1,test,1222069,1,0.7925561407239828
BASE,1,test,1222110,1,0.9079266810354284
BASE,1,test,1222424,1,0.5122186606081778
BASE,1,test,1222589,1,0.7654150555578519
BASE,1,test,1222850,1,0.6704082144606924
BASE,1,test,1223193,0,0.6274353744501576
BASE,1,test,1223272,1,0.5656294756213165
BASE,1,test,1223289,0,0.22738061111652785
BASE,1,test,1223754,0,0.6357940916213611
BASE,1,test,1224109,0,0.5248731984366138
BASE,1,test,1224306,1,0.9008535016122292
BASE,1,test,1224683,1,0.7407601717148518
BASE,1,test,1224968,1,0.4932187807259561
BASE,1,test,1225050,0,0.21535656896972333
BASE,1,test,1225262,1,0.826061503121603
BASE,1,test,1225323,1,0.5512275421148586
BASE,1,test,1225648,0,0.7350723246502472
BASE,1,test,1225672,1,0.7105760495754057
BASE,1,test,1225716,0,0.590766818164184
BASE,1,test,1225945,0,0.561142341954993
BASE,1,test,1226065,1,0.5647463036530637
BASE,1,test,1226588,1,0.7751495821594873
BASE,1,test,1226641,1,0.935809976258359
BASE,1,test,1226825,1,0.621035591066694
BASE,1,test,1226937,0,0.5594515507512035
BASE,1,test,1227061,1,0.22619249264395513
BASE,1,test,1227106,1,0.6303479819648612
BASE,1,test,1227138,0,0.27250661053205216
BASE,1,test,1227504,1,0.8251903932185892
BASE,1,test,1228528,0,0.3416642233584883
BASE,1,test,1228888,1,0.6147908495709441
BASE,1,test,1229368,0,0.44718663723493374
BASE,1,test,1229574,0,0.4309078237355514
BASE,1,test,1229725,1,0.8394891620763413
BASE,1,test,1229860,1,0.7295799676315501
BASE,1,test,1230265,1,0.7005863994401972
BASE,1,test,1230408,1,0.6681294336442913
BASE,1,test,1230712,0,0.724571525319451
BASE,1,test,1230724,1,0.5295334398513638
BASE,1,test,1230855,0,0.3414384599731274
BASE,1,test,1230993,0,0.251732304816429
BASE,1,test,1231114,1,0.8748356310121058
BASE,1,test,1231841,0,0.39471941021048645
BASE,1,test,1232099,0,0.5501197296566268
BASE,1,test,1232676,1,0.7570031541850564
BASE,1,test,1233791,1,0.3864380449515615
BASE,1,test,1233962,0,0.39564177665797523
BASE,1,test,1233970,1,0.47611602323428026
BASE,1,test,1234219,1,0.5148990343997369
BASE,1,test,1234306,1,0.20674166082902865
BASE,1,test,1234549,0,0.48807425528762044
BASE,1,test,1234553,0,0.7538293786382357
BASE,1,test,1235265,1,0.2610289788296706
BASE,1,test,1235275,0,0.4768571645772523
BASE,1,test,1235336,1,0.6646031527713737
BASE,1,test,1236071,1,0.635586599413886
BASE,1,test,1236410,0,0.24249035045659492
BASE,1,test,1236418,1,0.2826601276480879
BASE,1,test,1236759,1,0.8426447080771874
BASE,1,test,1236938,1,0.8686189527526547
BASE,1,test,1237075,0,0.2969313708444517
BASE,1,test,1237241,1,0.6064617010582807
BASE,1,test,1237496,1,0.6707666265960007
BASE,1,test,1237716,0,0.3175696089631183
BASE,1,test,1237793,1,0.35074650679206004
BASE,1,test,1238174,1,0.6554391382707155
BASE,1,test,1238215,1,0.8667510670386835
BASE,1,test,1238443,0,0.7507690689734331
BASE,1,test,1238550,1,0.8004962266616765
BASE,1,test,1238574,0,0.6815125477385777
BASE,1,test,1238865,1,0.25214881417236984
BASE,1,test,1238923,0,0.7208807319659793
BASE,1,test,1239038,0,0.3346102039401338
BASE,1,test,1239693,0,0.568023867204887
BASE,1,test,1239772,0,0.3912213773805842
BASE,1,test,1239841,1,0.8805011624835953
BASE,1,test,1239988,0,0.5697814047223111
BASE,1,test,1240378,1,0.8024119445326255
BASE,1,test,1240423,1,0.8149735864097428
BASE,1,test,1240598,1,0.7592308302354764
BASE,1,test,1241453,0,0.33231854265030836
BASE,1,test,1241862,1,0.5515126811518438
BASE,1,test,1242372,1,0.7124257122902569
BASE,1,test,1242535,1,0.76574223170768
BASE,1,test,1242667,0,0.4238091414861948
BASE,1,test,1242811,0,0.47147778980412275
BASE,1,test,1242831,0,0.4065290215602706
BASE,1,test,1243018,1,0.45501961726559303
BASE,1,test,1243083,0,0.6422261291594712
BASE,1,test,1243802,0,0.7888231649988074
BASE,1,test,1243942,1,0.7227273065901485
BASE,1,test,1243992,1,0.6195587442431306
BASE,1,test,1244831,1,0.2153359926571442
BASE,1,test,1245228,0,0.49045063062366656
BASE_x_R1a,1,test,1922,1,0.4532364926180557
BASE_x_R1a,1,test,12246,1,0.5198071503175694
BASE_x_R1a,1,test,16787,0,0.5895192107986706
BASE_x_R1a,1,test,19126,1,0.8528524977642341
BASE_x_R1a,1,test,34428,0,0.5113086139761756
BASE_x_R1a,1,test,42331,1,0.860089271981188
BASE_x_R1a,1,test,44366,1,0.8639508618973126
BASE_x_R1a,1,test,47250,1,0.8032767682143551
BASE_x_R1a,1,test,48545,0,0.2740845454189564
BASE_x_R1a,1,test,54142,1,0.7074283932941475
BASE_x_R1a,1,test,61752,1,0.8135516674948918
BASE_x_R1a,1,test,62606,1,0.4199751517476129
BASE_x_R1a,1,test,66226,1,0.6397301695410514
BASE_x_R1a,1,test,66381,1,0.6278572654722118
BASE_x_R1a,1,test,68648,0,0.8334358548375129
BASE_x_R1a,1,test,70147,0,0.7868607149553587
BASE_x_R1a,1,test,72035,0,0.7913181513706522
BASE_x_R1a,1,test,73899,1,0.7829960951838302
BASE_x_R1a,1,test,88483,1,0.7320136428715834
BASE_x_R1a,1,test,96757,1,0.1864971805905736
BASE_x_R1a,1,test,97998,0,0.15692424724147808
BASE_x_R1a,1,test,102708,1,0.6615126340486005
BASE_x_R1a,1,test,105271,1,0.6232603575582789
BASE_x_R1a,1,test,114318,1,0.2762477235801148
BASE_x_R1a,1,test,120088,1,0.5006550251950365
BASE_x_R1a,1,test,127579,0,0.2022445892145274
BASE_x_R1a,1,test,129407,1,0.5451195136304563
BASE_x_R1a,1,test,131155,1,0.36964397414518335
BASE_x_R1a,1,test,136645,1,0.8204564809899827
BASE_x_R1a,1,test,139145,1,0.858286093015003
BASE_x_R1a,1,test,141620,1,0.6822654117582416
BASE_x_R1a,1,test,147228,1,0.6620952866293319
BASE_x_R1a,1,test,156299,1,0.673814545364616
BASE_x_R1a,1,test,156996,1,0.7911523267803109
BASE_x_R1a,1,test,157449,1,0.7565094228198536
BASE_x_R1a,1,test,157463,1,0.6157896132897848
BASE_x_R1a,1,test,161593,1,0.70616500001873
BASE_x_R1a,1,test,163659,1,0.3443575418820203
BASE_x_R1a,1,test,167183,1,0.5003542844339828
BASE_x_R1a,1,test,169457,0,0.3220762563312096
BASE_x_R1a,1,test,171896,1,0.7275612408606321
BASE_x_R1a,1,test,172578,1,0.7768793250721443
BASE_x_R1a,1,test,181466,0,0.1837307206034944
BASE_x_R1a,1,test,184874,1,0.6254729186406736
BASE_x_R1a,1,test,186379,1,0.503318457606234
BASE_x_R1a,1,test,190049,1,0.5388904351239048
BASE_x_R1a,1,test,190176,0,0.6490488540457119
BASE_x_R1a,1,test,190187,0,0.7130722340394108
BASE_x_R1a,1,test,191335,0,0.6053437190600814
BASE_x_R1a,1,test,200131,1,0.8267880700270573
BASE_x_R1a,1,test,200858,1,0.4265988219254205
BASE_x_R1a,1,test,203461,1,0.5632283700931441
BASE_x_R1a,1,test,208652,1,0.49661740681666106
BASE_x_R1a,1,test,216287,0,0.5465216737695863
BASE_x_R1a,1,test,218529,1,0.6067838309294188
BASE_x_R1a,1,test,223651,1,0.5737683962510652
BASE_x_R1a,1,test,228543,1,0.5607198052126338
BASE_x_R1a,1,test,238407,0,0.22390209092773822
BASE_x_R1a,1,test,258335,0,0.3040306299299796
BASE_x_R1a,1,test,278134,1,0.6848771503361216
BASE_x_R1a,1,test,278836,1,0.31129021836405757
BASE_x_R1a,1,test,280705,0,0.4594430249471448
BASE_x_R1a,1,test,284088,0,0.7230906862294258
BASE_x_R1a,1,test,290944,0,0.67304473656542
BASE_x_R1a,1,test,293205,0,0.5386728082556246
BASE_x_R1a,1,test,295284,0,0.4939414691631096
BASE_x_R1a,1,test,298058,1,0.6050985448764079
BASE_x_R1a,1,test,312434,1,0.6696935803918214
BASE_x_R1a,1,test,312810,1,0.7551757410731957
BASE_x_R1a,1,test,318640,1,0.7500974466442396
BASE_x_R1a,1,test,319549,1,0.7085423280046395
BASE_x_R1a,1,test,320867,1,0.8042951343185507
BASE_x_R1a,1,test,321989,1,0.6518061790343695
BASE_x_R1a,1,test,323320,0,0.40666249154680556
BASE_x_R1a,1,test,323939,0,0.4612416467066158
BASE_x_R1a,1,test,335240,0,0.5276009964201426
BASE_x_R1a,1,test,335955,1,0.5091530571125265
BASE_x_R1a,1,test,338312,1,0.5330446681594869
BASE_x_R1a,1,test,348589,1,0.7495328344876717
BASE_x_R1a,1,test,351101,1,0.2793443236875522
BASE_x_R1a,1,test,353336,1,0.5085633465369457
BASE_x_R1a,1,test,358239,1,0.8042875603683225
BASE_x_R1a,1,test,360745,1,0.5567983772896126
BASE_x_R1a,1,test,374203,0,0.6438411892206218
BASE_x_R1a,1,test,375294,1,0.691925843834517
BASE_x_R1a,1,test,380225,1,0.81395394552717
BASE_x_R1a,1,test,402720,1,0.8096459880691803
BASE_x_R1a,1,test,405843,1,0.860433113491415
BASE_x_R1a,1,test,408105,0,0.7239739644855472
BASE_x_R1a,1,test,419138,0,0.4643928670900758
BASE_x_R1a,1,test,433303,1,0.7987172453581719
BASE_x_R1a,1,test,433686,1,0.6491244604670903
BASE_x_R1a,1,test,442797,1,0.6301517335227812
BASE_x_R1a,1,test,443207,1,0.5298807121218589
BASE_x_R1a,1,test,443610,0,0.7157353931081687
BASE_x_R1a,1,test,444203,0,0.4966188896521423
BASE_x_R1a,1,test,445545,1,0.5571730489475127
BASE_x_R1a,1,test,450155,1,0.6175932575737633
BASE_x_R1a,1,test,451844,1,0.32446556693223483
BASE_x_R1a,1,test,460422,1,0.20555714277908355
BASE_x_R1a,1,test,460580,1,0.5862295066056542
BASE_x_R1a,1,test,461946,1,0.683597280913202
BASE_x_R1a,1,test,463375,1,0.8441469545518524
BASE_x_R1a,1,test,465489,0,0.31709238661576483
BASE_x_R1a,1,test,466437,1,0.7718690969410287
BASE_x_R1a,1,test,468086,1,0.5844690659871422
BASE_x_R1a,1,test,468548,1,0.19375023086892454
BASE_x_R1a,1,test,474601,1,0.6400322916250228
BASE_x_R1a,1,test,477779,1,0.7839249280963456
BASE_x_R1a,1,test,479811,0,0.23526151751999014
BASE_x_R1a,1,test,480021,0,0.6746417474443905
BASE_x_R1a,1,test,480598,1,0.5469165928416773
BASE_x_R1a,1,test,484238,1,0.19142138275591516
BASE_x_R1a,1,test,486892,0,0.4734672318189886
BASE_x_R1a,1,test,488934,0,0.41706940609677245
BASE_x_R1a,1,test,498363,1,0.9058565546250879
BASE_x_R1a,1,test,507011,1,0.29832401938744824
BASE_x_R1a,1,test,510372,1,0.4845110449450688
BASE_x_R1a,1,test,511018,0,0.7660700911109996
BASE_x_R1a,1,test,512053,1,0.70252760998561
BASE_x_R1a,1,test,517848,1,0.8248446368530132
BASE_x_R1a,1,test,520621,1,0.6067644395318633
BASE_x_R1a,1,test,525300,1,0.6145702331310199
BASE_x_R1a,1,test,532533,1,0.6713048035941915
BASE_x_R1a,1,test,537472,1,0.6175933714710424
BASE_x_R1a,1,test,544153,1,0.8303884420319637
BASE_x_R1a,1,test,544425,0,0.3633294854977855
BASE_x_R1a,1,test,544864,1,0.4710189438470545
BASE_x_R1a,1,test,550892,1,0.7631871382793453
BASE_x_R1a,1,test,552901,1,0.5358751781901128
BASE_x_R1a,1,test,554960,0,0.3733590100513073
BASE_x_R1a,1,test,555492,0,0.4556908714580642
BASE_x_R1a,1,test,559178,1,0.6941646475776783
BASE_x_R1a,1,test,566285,1,0.9169717522157685
BASE_x_R1a,1,test,567847,1,0.7693879789559772
BASE_x_R1a,1,test,569789,0,0.16731010740672797
BASE_x_R1a,1,test,573425,1,0.5202679124149007
BASE_x_R1a,1,test,586109,0,0.6302452263573366
BASE_x_R1a,1,test,589139,1,0.7609811765855601
BASE_x_R1a,1,test,592431,1,0.8370098271501699
BASE_x_R1a,1,test,592548,0,0.6980475358262228
BASE_x_R1a,1,test,595609,1,0.7863910903129383
BASE_x_R1a,1,test,599396,0,0.7504757939606317
BASE_x_R1a,1,test,618335,1,0.652252456126305
BASE_x_R1a,1,test,619649,1,0.8282685222478594
BASE_x_R1a,1,test,624010,0,0.21092985823961027
BASE_x_R1a,1,test,624692,1,0.3697339520187625
BASE_x_R1a,1,test,627036,1,0.8124522915476361
BASE_x_R1a,1,test,629729,1,0.40678294371485135
BASE_x_R1a,1,test,644299,1,0.6945179883007497
BASE_x_R1a,1,test,644744,1,0.889420298317497
BASE_x_R1a,1,test,649217,1,0.7112434529350827
BASE_x_R1a,1,test,649863,1,0.37625313601340205
BASE_x_R1a,1,test,655410,1,0.7523619387865631
BASE_x_R1a,1,test,660061,1,0.6166140695220141
BASE_x_R1a,1,test,661193,0,0.6201697421978172
BASE_x_R1a,1,test,672172,1,0.8219847508130935
BASE_x_R1a,1,test,675660,0,0.32842176258464995
BASE_x_R1a,1,test,675907,0,0.44990491520939474
BASE_x_R1a,1,test,678681,1,0.3800410375399992
BASE_x_R1a,1,test,683148,1,0.663261926842073
BASE_x_R1a,1,test,687290,0,0.8887272779001057
BASE_x_R1a,1,test,690734,0,0.43650913586278345
BASE_x_R1a,1,test,697961,1,0.8446838562567336
BASE_x_R1a,1,test,698579,1,0.9314975197460158
BASE_x_R1a,1,test,700550,1,0.5912281327034369
BASE_x_R1a,1,test,704059,0,0.5774932964267608
BASE_x_R1a,1,test,709192,0,0.5442240751521865
BASE_x_R1a,1,test,711782,1,0.7090078025034668
BASE_x_R1a,1,test,718140,0,0.36200089875054176
BASE_x_R1a,1,test,718508,1,0.795112093063774
BASE_x_R1a,1,test,719050,0,0.19643920917747068
BASE_x_R1a,1,test,725470,0,0.541161868713641
BASE_x_R1a,1,test,726612,1,0.7477204874984316
BASE_x_R1a,1,test,727266,1,0.5786301478224976
BASE_x_R1a,1,test,738172,0,0.40622886876280206
BASE_x_R1a,1,test,742847,0,0.4011371476006152
BASE_x_R1a,1,test,747710,0,0.63592713964585
BASE_x_R1a,1,test,750827,0,0.5877841607398846
BASE_x_R1a,1,test,750881,0,0.5781459974669088
BASE_x_R1a,1,test,752967,1,0.8831678651169841
BASE_x_R1a,1,test,754586,1,0.6847622465217128
BASE_x_R1a,1,test,755156,1,0.5815588728010247
BASE_x_R1a,1,test,755294,1,0.6457272024190676
BASE_x_R1a,1,test,760561,0,0.3864889260289172
BASE_x_R1a,1,test,765027,1,0.39583400807313185
BASE_x_R1a,1,test,765473,1,0.5963014506698505
BASE_x_R1a,1,test,765954,0,0.3095236861798204
BASE_x_R1a,1,test,774678,1,0.5412801365310753
BASE_x_R1a,1,test,777118,1,0.741053326444182
BASE_x_R1a,1,test,779240,0,0.5700440152334105
BASE_x_R1a,1,test,781445,0,0.28969610051209826
BASE_x_R1a,1,test,789824,0,0.36250130573490985
BASE_x_R1a,1,test,806762,0,0.2878031236213055
BASE_x_R1a,1,test,809238,0,0.73348008136881
BASE_x_R1a,1,test,822633,1,0.38272812972995157
BASE_x_R1a,1,test,825913,1,0.515767818492344
BASE_x_R1a,1,test,828057,0,0.4723314737026388
BASE_x_R1a,1,test,829142,1,0.8895138269229261
BASE_x_R1a,1,test,829697,0,0.17627831804518126
BASE_x_R1a,1,test,834515,0,0.6921867239801238
BASE_x_R1a,1,test,835833,1,0.699226536011489
BASE_x_R1a,1,test,836571,0,0.4252636441421098
BASE_x_R1a,1,test,841534,0,0.13846855489058454
BASE_x_R1a,1,test,847036,1,0.7758756086929891
BASE_x_R1a,1,test,848723,1,0.44299377199255807
BASE_x_R1a,1,test,851816,0,0.39137832723292654
BASE_x_R1a,1,test,854069,1,0.48258258353424444
BASE_x_R1a,1,test,856302,0,0.6333823755890148
BASE_x_R1a,1,test,859236,0,0.44595504879098696
BASE_x_R1a,1,test,866895,0,0.46719104496751807
BASE_x_R1a,1,test,867398,0,0.8277752132221948
BASE_x_R1a,1,test,868318,0,0.7375736288500501
BASE_x_R1a,1,test,875038,1,0.672300872335371
BASE_x_R1a,1,test,877486,1,0.473945312082498
BASE_x_R1a,1,test,880466,1,0.677102982715609
BASE_x_R1a,1,test,889657,1,0.47491230590159444
BASE_x_R1a,1,test,894409,1,0.7549726797316495
BASE_x_R1a,1,test,899067,0,0.24411817285878648
BASE_x_R1a,1,test,900762,1,0.7086589147052236
BASE_x_R1a,1,test,941626,1,0.42701209124801176
BASE_x_R1a,1,test,943672,1,0.42943713588999427
BASE_x_R1a,1,test,947197,1,0.18061242635965108
BASE_x_R1a,1,test,951465,0,0.7391347687346663
BASE_x_R1a,1,test,951654,0,0.4128513389433547
BASE_x_R1a,1,test,952219,0,0.48819375387202046
BASE_x_R1a,1,test,954440,1,0.3411361808812785
BASE_x_R1a,1,test,955669,0,0.3057817337864648
BASE_x_R1a,1,test,956387,1,0.37983924128134045
BASE_x_R1a,1,test,961563,0,0.39612563420879526
BASE_x_R1a,1,test,961819,0,0.6140513496719973
BASE_x_R1a,1,test,962660,1,0.7304527889731193
BASE_x_R1a,1,test,963985,1,0.7697122517147439
BASE_x_R1a,1,test,964462,0,0.49027572245931816
BASE_x_R1a,1,test,970464,1,0.5906358167371024
BASE_x_R1a,1,test,972111,0,0.5366257365035405
BASE_x_R1a,1,test,979369,1,0.769625256090125
BASE_x_R1a,1,test,979917,1,0.6935995499124185
BASE_x_R1a,1,test,979941,0,0.5487027302846335
BASE_x_R1a,1,test,980697,0,0.6672780090796544
BASE_x_R1a,1,test,982817,0,0.11060658692195423
BASE_x_R1a,1,test,984065,0,0.18149644306257703
BASE_x_R1a,1,test,986074,1,0.88431380001935
BASE_x_R1a,1,test,986844,1,0.45953891942067343
BASE_x_R1a,1,test,987078,1,0.6945083357141254
BASE_x_R1a,1,test,987267,1,0.7467473941096668
BASE_x_R1a,1,test,989755,1,0.8895433628550846
BASE_x_R1a,1,test,991790,1,0.827651912181101
BASE_x_R1a,1,test,993602,1,0.3928707898508535
BASE_x_R1a,1,test,994160,1,0.8463319351358807
BASE_x_R1a,1,test,1002373,1,0.7851835479947602
BASE_x_R1a,1,test,1005171,1,0.7282344620592817
BASE_x_R1a,1,test,1006489,0,0.23232249011008213
BASE_x_R1a,1,test,1008354,0,0.5744762557677174
BASE_x_R1a,1,test,1009347,1,0.776546279503443
BASE_x_R1a,1,test,1020322,0,0.4265247487746042
BASE_x_R1a,1,test,1029192,1,0.8723810725706884
BASE_x_R1a,1,test,1029373,1,0.5434537912202567
BASE_x_R1a,1,test,1030940,1,0.32170683369767517
BASE_x_R1a,1,test,1046104,0,0.7962137900175742
BASE_x_R1a,1,test,1051850,0,0.8189700963868405
BASE_x_R1a,1,test,1054838,0,0.39621486535934297
BASE_x_R1a,1,test,1064446,1,0.8823423006656356
BASE_x_R1a,1,test,1065288,0,0.49646515819823006
BASE_x_R1a,1,test,1066534,1,0.1946710678798569
BASE_x_R1a,1,test,1067406,1,0.4235317087385219
BASE_x_R1a,1,test,1069689,1,0.5351564660070669
BASE_x_R1a,1,test,1070472,0,0.3231468379318293
BASE_x_R1a,1,test,1073839,0,0.5141285933752398
BASE_x_R1a,1,test,1074094,1,0.28563584144816784
BASE_x_R1a,1,test,1074306,1,0.7154078871997059
BASE_x_R1a,1,test,1074427,1,0.44386317498552275
BASE_x_R1a,1,test,1074527,1,0.42023746658807115
BASE_x_R1a,1,test,1074753,0,0.4403565000799637
BASE_x_R1a,1,test,1075557,1,0.6304812436679168
BASE_x_R1a,1,test,1075699,1,0.2782378846614332
BASE_x_R1a,1,test,1077703,1,0.4819872259860029
BASE_x_R1a,1,test,1078392,1,0.2681758145263943
BASE_x_R1a,1,test,1078893,0,0.41227804129461815
BASE_x_R1a,1,test,1079527,1,0.39826345217488973
BASE_x_R1a,1,test,1080214,1,0.398303266957083
BASE_x_R1a,1,test,1080366,1,0.8767321654072688
BASE_x_R1a,1,test,1080979,1,0.799794583413929
BASE_x_R1a,1,test,1081798,0,0.41318277715138096
BASE_x_R1a,1,test,1082641,0,0.2795430868337991
BASE_x_R1a,1,test,1082739,1,0.4878731708270688
BASE_x_R1a,1,test,1084185,0,0.8123533187758778
BASE_x_R1a,1,test,1084364,1,0.5458587512578444
BASE_x_R1a,1,test,1084497,1,0.42365519305796995
BASE_x_R1a,1,test,1085496,1,0.5615062195982891
BASE_x_R1a,1,test,1085579,1,0.727970663337329
BASE_x_R1a,1,test,1085896,1,0.7950656714492061
BASE_x_R1a,1,test,1086657,1,0.8896873885537738
BASE_x_R1a,1,test,1086770,1,0.837864731653848
BASE_x_R1a,1,test,1086991,0,0.5656399456898439
BASE_x_R1a,1,test,1087295,1,0.2749886082263508
BASE_x_R1a,1,test,1089310,0,0.7058722240387548
BASE_x_R1a,1,test,1090388,1,0.8704191166992931
BASE_x_R1a,1,test,1090438,1,0.7142263011542808
BASE_x_R1a,1,test,1091071,1,0.9131423333163589
BASE_x_R1a,1,test,1091585,0,0.6190750015412181
BASE_x_R1a,1,test,1092068,0,0.4898591851743311
BASE_x_R1a,1,test,1093139,0,0.5749098387322243
BASE_x_R1a,1,test,1093401,1,0.8330889181452359
BASE_x_R1a,1,test,1094060,1,0.7918980832025827
BASE_x_R1a,1,test,1094259,1,0.7080529043781566
BASE_x_R1a,1,test,1096111,1,0.7165385877837147
BASE_x_R1a,1,test,1096858,1,0.8252878208020813
BASE_x_R1a,1,test,1097215,1,0.40073904192095866
BASE_x_R1a,1,test,1097324,1,0.5597920199890626
BASE_x_R1a,1,test,1099078,1,0.7540037600953053
BASE_x_R1a,1,test,1100516,0,0.3385350315921999
BASE_x_R1a,1,test,1100923,1,0.6400415578596779
BASE_x_R1a,1,test,1103063,0,0.5648326891394688
BASE_x_R1a,1,test,1104405,1,0.7845842668431482
BASE_x_R1a,1,test,1104599,1,0.39058870956707104
BASE_x_R1a,1,test,1104649,1,0.7831463163152383
BASE_x_R1a,1,test,1105176,1,0.7292058958634299
BASE_x_R1a,1,test,1105837,1,0.5036891506035235
BASE_x_R1a,1,test,1105913,1,0.826959014354712
BASE_x_R1a,1,test,1105922,1,0.7565663879231574
BASE_x_R1a,1,test,1106300,1,0.6997510318186366
BASE_x_R1a,1,test,1107147,1,0.7177615633759433
BASE_x_R1a,1,test,1107631,1,0.6413639510149034
BASE_x_R1a,1,test,1109275,1,0.9085848865455329
BASE_x_R1a,1,test,1109329,1,0.8630075259830466
BASE_x_R1a,1,test,1109526,1,0.5869322925823786
BASE_x_R1a,1,test,1109829,1,0.7604050905905707
BASE_x_R1a,1,test,1111153,0,0.6723570025928822
BASE_x_R1a,1,test,1111157,0,0.7951497085056988
BASE_x_R1a,1,test,1111471,1,0.6152021191016758
BASE_x_R1a,1,test,1112111,1,0.5636830665601187
BASE_x_R1a,1,test,1113214,0,0.5705065933017881
BASE_x_R1a,1,test,1115227,1,0.829244170660332
BASE_x_R1a,1,test,1115322,1,0.740336247362558
BASE_x_R1a,1,test,1115713,1,0.6675687323532713
BASE_x_R1a,1,test,1117370,1,0.8872760510211777
BASE_x_R1a,1,test,1117921,1,0.9723273873855918
BASE_x_R1a,1,test,1117975,1,0.8528113332854125
BASE_x_R1a,1,test,1118291,0,0.6232569999750875
BASE_x_R1a,1,test,1118436,1,0.8039635351628217
BASE_x_R1a,1,test,1118652,0,0.14130124268158603
BASE_x_R1a,1,test,1119012,1,0.7176816907086835
BASE_x_R1a,1,test,1119591,1,0.8099416478068351
BASE_x_R1a,1,test,1119652,1,0.7543676497092597
BASE_x_R1a,1,test,1119930,1,0.8052784523049484
BASE_x_R1a,1,test,1120326,1,0.2228642404225413
BASE_x_R1a,1,test,1120775,1,0.24019589487324147
BASE_x_R1a,1,test,1120955,0,0.7712982425823909
BASE_x_R1a,1,test,1121493,0,0.178520635917918
BASE_x_R1a,1,test,1121705,1,0.8508707666358951
BASE_x_R1a,1,test,1121926,1,0.5542722226831637
BASE_x_R1a,1,test,1122956,1,0.6777692140904632
BASE_x_R1a,1,test,1122990,1,0.34860108006175927
BASE_x_R1a,1,test,1123350,1,0.8474532758807473
BASE_x_R1a,1,test,1123551,0,0.3193809294809214
BASE_x_R1a,1,test,1124329,1,0.5937009868272092
BASE_x_R1a,1,test,1124330,0,0.8331582782710392
BASE_x_R1a,1,test,1124561,0,0.7096104632946901
BASE_x_R1a,1,test,1125348,0,0.4768882592859179
BASE_x_R1a,1,test,1125785,1,0.6994239646888316
BASE_x_R1a,1,test,1126146,0,0.24081067105687365
BASE_x_R1a,1,test,1126656,0,0.4905355299331095
BASE_x_R1a,1,test,1127029,0,0.6984113688226075
BASE_x_R1a,1,test,1127560,1,0.8234917855029448
BASE_x_R1a,1,test,1129053,1,0.6383168703746014
BASE_x_R1a,1,test,1129961,0,0.1065814782857844
BASE_x_R1a,1,test,1130161,1,0.1037449601567651
BASE_x_R1a,1,test,1131297,0,0.6406438591320855
BASE_x_R1a,1,test,1131833,1,0.4844950969314899
BASE_x_R1a,1,test,1134339,0,0.2496621239760837
BASE_x_R1a,1,test,1134855,0,0.12125757737670625
BASE_x_R1a,1,test,1134927,1,0.8225340294109103
BASE_x_R1a,1,test,1135587,1,0.7780602104417466
BASE_x_R1a,1,test,1135796,1,0.7355351965489608
BASE_x_R1a,1,test,1136524,0,0.7655749582051703
BASE_x_R1a,1,test,1136946,0,0.17515279017457874
BASE_x_R1a,1,test,1137506,0,0.5980948036073017
BASE_x_R1a,1,test,1137818,1,0.30848360390806917
BASE_x_R1a,1,test,1138108,1,0.6240900743856794
BASE_x_R1a,1,test,1139233,1,0.8404748669111594
BASE_x_R1a,1,test,1139249,1,0.14987849345922302
BASE_x_R1a,1,test,1139409,1,0.8155832730480111
BASE_x_R1a,1,test,1139795,0,0.6628402333301021
BASE_x_R1a,1,test,1142126,0,0.2217364338796455
BASE_x_R1a,1,test,1142643,1,0.6429133829885726
BASE_x_R1a,1,test,1142753,1,0.8361129730371217
BASE_x_R1a,1,test,1143415,1,0.6599700533484849
BASE_x_R1a,1,test,1143550,1,0.7156042301037543
BASE_x_R1a,1,test,1144210,1,0.7217474233236083
BASE_x_R1a,1,test,1144260,0,0.6192622424733042
BASE_x_R1a,1,test,1144465,1,0.8362585502357435
BASE_x_R1a,1,test,1144580,1,0.2898640716452074
BASE_x_R1a,1,test,1144621,1,0.33635775494919734
BASE_x_R1a,1,test,1144651,1,0.7797068292649644
BASE_x_R1a,1,test,1145207,0,0.31686138087881516
BASE_x_R1a,1,test,1145385,0,0.6986889776126253
BASE_x_R1a,1,test,1146057,0,0.3221943894047699
BASE_x_R1a,1,test,1146108,0,0.27186496396635035
BASE_x_R1a,1,test,1146318,1,0.6182995636637248
BASE_x_R1a,1,test,1146323,0,0.34987243187338074
BASE_x_R1a,1,test,1146529,1,0.7920037431584106
BASE_x_R1a,1,test,1146584,1,0.6580898286526369
BASE_x_R1a,1,test,1146771,0,0.3279862071052546
BASE_x_R1a,1,test,1146854,1,0.48714647675010164
BASE_x_R1a,1,test,1147012,0,0.5869199118342724
BASE_x_R1a,1,test,1147189,1,0.40723241779379543
BASE_x_R1a,1,test,1148157,1,0.7954496990759364
BASE_x_R1a,1,test,1148437,0,0.6174133770146839
BASE_x_R1a,1,test,1150400,1,0.4515116802059051
BASE_x_R1a,1,test,1151387,0,0.5389547216694717
BASE_x_R1a,1,test,1151422,1,0.7608625607879147
BASE_x_R1a,1,test,1151627,1,0.5557455620688843
BASE_x_R1a,1,test,1151789,1,0.6040115338970489
BASE_x_R1a,1,test,1152038,1,0.40715304779027145
BASE_x_R1a,1,test,1152061,1,0.3948298829787288
BASE_x_R1a,1,test,1152979,1,0.24443074383206514
BASE_x_R1a,1,test,1153702,0,0.3387495610411312
BASE_x_R1a,1,test,1153881,0,0.5858474401828524
BASE_x_R1a,1,test,1154576,1,0.2963895021315113
BASE_x_R1a,1,test,1155404,0,0.2314651228963774
BASE_x_R1a,1,test,1155554,1,0.6846518760010154
BASE_x_R1a,1,test,1155802,1,0.4724844392167167
BASE_x_R1a,1,test,1157101,1,0.7459705025818999
BASE_x_R1a,1,test,1157237,1,0.7811587355763139
BASE_x_R1a,1,test,1157440,0,0.6243269718165376
BASE_x_R1a,1,test,1158961,1,0.7704728321134696
BASE_x_R1a,1,test,1206308,0,0.3922568384113568
BASE_x_R1a,1,test,1206667,0,0.7145722710740628
BASE_x_R1a,1,test,1206997,1,0.7922925358739933
BASE_x_R1a,1,test,1207140,1,0.8105663585091419
BASE_x_R1a,1,test,1207980,1,0.7177942295929435
BASE_x_R1a,1,test,1208561,1,0.705893200710819
BASE_x_R1a,1,test,1209776,0,0.3955388418536312
BASE_x_R1a,1,test,1209958,1,0.4532120666719946
BASE_x_R1a,1,test,1210100,0,0.2694732033372511
BASE_x_R1a,1,test,1210485,1,0.7674255167319398
BASE_x_R1a,1,test,1210786,0,0.44723044841109705
BASE_x_R1a,1,test,1211029,1,0.8428250283598131
BASE_x_R1a,1,test,1211042,1,0.6276970291824119
BASE_x_R1a,1,test,1211177,1,0.6663003672190062
BASE_x_R1a,1,test,1211297,1,0.5697464590513083
BASE_x_R1a,1,test,1211505,1,0.6954698532401373
BASE_x_R1a,1,test,1211778,0,0.32652339088337234
BASE_x_R1a,1,test,1212217,1,0.36053934013319333
BASE_x_R1a,1,test,1212354,0,0.43577442296983193
BASE_x_R1a,1,test,1212394,1,0.2413896315295287
BASE_x_R1a,1,test,1212451,0,0.5929327931256094
BASE_x_R1a,1,test,1212582,1,0.703318752558068
BASE_x_R1a,1,test,1213121,1,0.27674539764818823
BASE_x_R1a,1,test,1213130,1,0.3636744683500977
BASE_x_R1a,1,test,1213344,1,0.23316103999891286
BASE_x_R1a,1,test,1213929,1,0.6733601656248804
BASE_x_R1a,1,test,1213974,0,0.7045719369925209
BASE_x_R1a,1,test,1214144,0,0.7023965214718918
BASE_x_R1a,1,test,1215381,0,0.7583260301496382
BASE_x_R1a,1,test,1215388,0,0.10527800142436479
BASE_x_R1a,1,test,1215586,0,0.6478714396229417
BASE_x_R1a,1,test,1216036,1,0.7049941837885677
BASE_x_R1a,1,test,1216045,1,0.7900697100411612
BASE_x_R1a,1,test,1216223,1,0.7880129032523874
BASE_x_R1a,1,test,1216691,1,0.7642192503206218
BASE_x_R1a,1,test,1216776,1,0.3031312533226648
BASE_x_R1a,1,test,1217051,1,0.7192458434464238
BASE_x_R1a,1,test,1217243,1,0.7284571333119675
BASE_x_R1a,1,test,1217708,0,0.4515174215134525
BASE_x_R1a,1,test,1217769,1,0.6511342646196847
BASE_x_R1a,1,test,1218062,1,0.7304283346321901
BASE_x_R1a,1,test,1218110,0,0.4906935302531606
BASE_x_R1a,1,test,1219634,1,0.8349789058332041
BASE_x_R1a,1,test,1219898,1,0.2260217865352938
BASE_x_R1a,1,test,1219958,0,0.3683960192700233
BASE_x_R1a,1,test,1220095,0,0.73520539965697
BASE_x_R1a,1,test,1220226,0,0.41764101119211205
BASE_x_R1a,1,test,1220507,0,0.7930345585485763
BASE_x_R1a,1,test,1220572,0,0.5119652614886323
BASE_x_R1a,1,test,1220694,1,0.5680023247336843
BASE_x_R1a,1,test,1221019,0,0.5246603796985145
BASE_x_R1a,1,test,1221892,1,0.7641430283159225
BASE_x_R1a,1,test,1222069,1,0.7741416402308888
BASE_x_R1a,1,test,1222110,1,0.9428639347062667
BASE_x_R1a,1,test,1222424,1,0.5043302125576095
BASE_x_R1a,1,test,1222589,1,0.7963108242712335
BASE_x_R1a,1,test,1222850,1,0.7251955886843905
BASE_x_R1a,1,test,1223193,0,0.6088727115962125
BASE_x_R1a,1,test,1223272,1,0.4829853896154841
BASE_x_R1a,1,test,1223289,0,0.2813818045889411
BASE_x_R1a,1,test,1223754,0,0.7230521928540461
BASE_x_R1a,1,test,1224109,0,0.5716833442720558
BASE_x_R1a,1,test,1224306,1,0.8893503646959844
BASE_x_R1a,1,test,1224683,1,0.6329553625011086
BASE_x_R1a,1,test,1224968,1,0.4297032292445914
BASE_x_R1a,1,test,1225050,0,0.2035938639766631
BASE_x_R1a,1,test,1225262,1,0.7887094371166612
BASE_x_R1a,1,test,1225323,1,0.5873037349584052
BASE_x_R1a,1,test,1225648,0,0.7764395401032226
BASE_x_R1a,1,test,1225672,1,0.7754511699463633
BASE_x_R1a,1,test,1225716,0,0.6771960047944429
BASE_x_R1a,1,test,1225945,0,0.5104990507507631
BASE_x_R1a,1,test,1226065,1,0.5731083805398153
BASE_x_R1a,1,test,1226588,1,0.7752213228198986
BASE_x_R1a,1,test,1226641,1,0.9332925722078177
BASE_x_R1a,1,test,1226825,1,0.7376202580905552
BASE_x_R1a,1,test,1226937,0,0.5294206354122379
BASE_x_R1a,1,test,1227061,1,0.17081807468512517
BASE_x_R1a,1,test,1227106,1,0.69270137710559
BASE_x_R1a,1,test,1227138,0,0.27696844008548155
BASE_x_R1a,1,test,1227504,1,0.8280741127608924
BASE_x_R1a,1,test,1228528,0,0.30176622231293854
BASE_x_R1a,1,test,1228888,1,0.5750486092998173
BASE_x_R1a,1,test,1229368,0,0.5560226912151678
BASE_x_R1a,1,test,1229574,0,0.4129737916355012
BASE_x_R1a,1,test,1229725,1,0.8500060664979
BASE_x_R1a,1,test,1229860,1,0.762929592425764
BASE_x_R1a,1,test,1230265,1,0.616728478031035
BASE_x_R1a,1,test,1230408,1,0.6477053439360012
BASE_x_R1a,1,test,1230712,0,0.7206045403475659
BASE_x_R1a,1,test,1230724,1,0.5456483634800773
BASE_x_R1a,1,test,1230855,0,0.43026317153633037
BASE_x_R1a,1,test,1230993,0,0.2892948392412118
BASE_x_R1a,1,test,1231114,1,0.9125819106288503
BASE_x_R1a,1,test,1231841,0,0.3940819346722953
BASE_x_R1a,1,test,1232099,0,0.5905680963204348
BASE_x_R1a,1,test,1232676,1,0.6990920395501982
BASE_x_R1a,1,test,1233791,1,0.4633885820871082
BASE_x_R1a,1,test,1233962,0,0.3564297874824626
BASE_x_R1a,1,test,1233970,1,0.4652899278006736
BASE_x_R1a,1,test,1234219,1,0.5022662161796116
BASE_x_R1a,1,test,1234306,1,0.14907382332823965
BASE_x_R1a,1,test,1234549,0,0.5005695387467187
BASE_x_R1a,1,test,1234553,0,0.8087011364759354
BASE_x_R1a,1,test,1235265,1,0.22356113274441858
BASE_x_R1a,1,test,1235275,0,0.39866375649976665
BASE_x_R1a,1,test,1235336,1,0.7567934370045643
BASE_x_R1a,1,test,1236071,1,0.6433197422123058
BASE_x_R1a,1,test,1236410,0,0.2195650724300858
BASE_x_R1a,1,test,1236418,1,0.2709540521922443
BASE_x_R1a,1,test,1236759,1,0.8631322458048283
BASE_x_R1a,1,test,1236938,1,0.8453325049219828
BASE_x_R1a,1,test,1237075,0,0.3621580733620056
BASE_x_R1a,1,test,1237241,1,0.626752879227782
BASE_x_R1a,1,test,1237496,1,0.6711653094851442
BASE_x_R1a,1,test,1237716,0,0.30244579872507826
BASE_x_R1a,1,test,1237793,1,0.2896758657636045
BASE_x_R1a,1,test,1238174,1,0.6635221114346315
BASE_x_R1a,1,test,1238215,1,0.8369850758456086
BASE_x_R1a,1,test,1238443,0,0.7861260525254015
BASE_x_R1a,1,test,1238550,1,0.8263793021099349
BASE_x_R1a,1,test,1238574,0,0.6944680887225871
BASE_x_R1a,1,test,1238865,1,0.25527270412494163
BASE_x_R1a,1,test,1238923,0,0.6456692057020849
BASE_x_R1a,1,test,1239038,0,0.33292840154984377
BASE_x_R1a,1,test,1239693,0,0.4901160409065631
BASE_x_R1a,1,test,1239772,0,0.49116307546580623
BASE_x_R1a,1,test,1239841,1,0.7902499107975158
BASE_x_R1a,1,test,1239988,0,0.6084210320656206
BASE_x_R1a,1,test,1240378,1,0.8614913336332638
BASE_x_R1a,1,test,1240423,1,0.8462131877264721
BASE_x_R1a,1,test,1240598,1,0.67343517630451
BASE_x_R1a,1,test,1241453,0,0.3569053391969085
BASE_x_R1a,1,test,1241862,1,0.5845055182553558
BASE_x_R1a,1,test,1242372,1,0.7770100058805602
BASE_x_R1a,1,test,1242535,1,0.7958741472199041
BASE_x_R1a,1,test,1242667,0,0.44056559702171777
BASE_x_R1a,1,test,1242811,0,0.45825828720011186
BASE_x_R1a,1,test,1242831,0,0.4789663696323405
BASE_x_R1a,1,test,1243018,1,0.34836373922010216
BASE_x_R1a,1,test,1243083,0,0.5909453313405499
BASE_x_R1a,1,test,1243802,0,0.8280249889421469
BASE_x_R1a,1,test,1243942,1,0.6789625135258001
BASE_x_R1a,1,test,1243992,1,0.6234642262642116
BASE_x_R1a,1,test,1244831,1,0.17304968679150637
BASE_x_R1a,1,test,1245228,0,0.44335548405207015
BASE_x_R1a_resid,1,test,1922,1,0.3614068858240306
BASE_x_R1a_resid,1,test,12246,1,0.4493478721279151
BASE_x_R1a_resid,1,test,16787,0,0.6565885662429539
BASE_x_R1a_resid,1,test,19126,1,0.7965958715487037
BASE_x_R1a_resid,1,test,34428,0,0.503219386472044
BASE_x_R1a_resid,1,test,42331,1,0.8322768874577817
BASE_x_R1a_resid,1,test,44366,1,0.8828334697884823
BASE_x_R1a_resid,1,test,47250,1,0.7281201136015413
BASE_x_R1a_resid,1,test,48545,0,0.2538702894080172
BASE_x_R1a_resid,1,test,54142,1,0.7078887831860889
BASE_x_R1a_resid,1,test,61752,1,0.8151106309760388
BASE_x_R1a_resid,1,test,62606,1,0.3274448513118157
BASE_x_R1a_resid,1,test,66226,1,0.6794161460528114
BASE_x_R1a_resid,1,test,66381,1,0.6414912600109203
BASE_x_R1a_resid,1,test,68648,0,0.7914955599098069
BASE_x_R1a_resid,1,test,70147,0,0.6999577502554861
BASE_x_R1a_resid,1,test,72035,0,0.7643631484452339
BASE_x_R1a_resid,1,test,73899,1,0.8132044998683382
BASE_x_R1a_resid,1,test,88483,1,0.7415346633410006
BASE_x_R1a_resid,1,test,96757,1,0.28079245359889277
BASE_x_R1a_resid,1,test,97998,0,0.17468983906550256
BASE_x_R1a_resid,1,test,102708,1,0.7307703493280369
BASE_x_R1a_resid,1,test,105271,1,0.6942670133238742
BASE_x_R1a_resid,1,test,114318,1,0.3108758313266954
BASE_x_R1a_resid,1,test,120088,1,0.49413251864435237
BASE_x_R1a_resid,1,test,127579,0,0.2920211945002493
BASE_x_R1a_resid,1,test,129407,1,0.5158275343979895
BASE_x_R1a_resid,1,test,131155,1,0.42820053596125573
BASE_x_R1a_resid,1,test,136645,1,0.7275661998482376
BASE_x_R1a_resid,1,test,139145,1,0.8436614597008689
BASE_x_R1a_resid,1,test,141620,1,0.677160764295227
BASE_x_R1a_resid,1,test,147228,1,0.7446627493958832
BASE_x_R1a_resid,1,test,156299,1,0.7165451003830197
BASE_x_R1a_resid,1,test,156996,1,0.7728504915718691
BASE_x_R1a_resid,1,test,157449,1,0.7710711481180749
BASE_x_R1a_resid,1,test,157463,1,0.659083199556404
BASE_x_R1a_resid,1,test,161593,1,0.7781041694569191
BASE_x_R1a_resid,1,test,163659,1,0.3120388597494424
BASE_x_R1a_resid,1,test,167183,1,0.5404658091646057
BASE_x_R1a_resid,1,test,169457,0,0.29153705295776855
BASE_x_R1a_resid,1,test,171896,1,0.7273818561327065
BASE_x_R1a_resid,1,test,172578,1,0.8216414956289358
BASE_x_R1a_resid,1,test,181466,0,0.22311541447128877
BASE_x_R1a_resid,1,test,184874,1,0.5915057528266207
BASE_x_R1a_resid,1,test,186379,1,0.5448158677322018
BASE_x_R1a_resid,1,test,190049,1,0.4689628857062676
BASE_x_R1a_resid,1,test,190176,0,0.5879238604370927
BASE_x_R1a_resid,1,test,190187,0,0.6645816258724346
BASE_x_R1a_resid,1,test,191335,0,0.6020721158571273
BASE_x_R1a_resid,1,test,200131,1,0.8693738418422994
BASE_x_R1a_resid,1,test,200858,1,0.4430129599639414
BASE_x_R1a_resid,1,test,203461,1,0.5840164973257582
BASE_x_R1a_resid,1,test,208652,1,0.4494444506334737
BASE_x_R1a_resid,1,test,216287,0,0.5562503834891115
BASE_x_R1a_resid,1,test,218529,1,0.7106358252737196
BASE_x_R1a_resid,1,test,223651,1,0.5543555913241093
BASE_x_R1a_resid,1,test,228543,1,0.5397373626155751
BASE_x_R1a_resid,1,test,238407,0,0.2831424372977562
BASE_x_R1a_resid,1,test,258335,0,0.3567389130396483
BASE_x_R1a_resid,1,test,278134,1,0.6503824947330323
BASE_x_R1a_resid,1,test,278836,1,0.2495107414623265
BASE_x_R1a_resid,1,test,280705,0,0.46593869344193517
BASE_x_R1a_resid,1,test,284088,0,0.7539540579112781
BASE_x_R1a_resid,1,test,290944,0,0.6531486359007873
BASE_x_R1a_resid,1,test,293205,0,0.6040249704810887
BASE_x_R1a_resid,1,test,295284,0,0.52972151543213
BASE_x_R1a_resid,1,test,298058,1,0.6436891842595479
BASE_x_R1a_resid,1,test,312434,1,0.6689123080721557
BASE_x_R1a_resid,1,test,312810,1,0.7472928731367581
BASE_x_R1a_resid,1,test,318640,1,0.7912859005644498
BASE_x_R1a_resid,1,test,319549,1,0.7052369729627982
BASE_x_R1a_resid,1,test,320867,1,0.7503242596096693
BASE_x_R1a_resid,1,test,321989,1,0.7310994081372109
BASE_x_R1a_resid,1,test,323320,0,0.40528596369389464
BASE_x_R1a_resid,1,test,323939,0,0.4358594917999284
BASE_x_R1a_resid,1,test,335240,0,0.521770002097655
BASE_x_R1a_resid,1,test,335955,1,0.5040313428322587
BASE_x_R1a_resid,1,test,338312,1,0.5701172212618432
BASE_x_R1a_resid,1,test,348589,1,0.6857764200998139
BASE_x_R1a_resid,1,test,351101,1,0.3308621833815641
BASE_x_R1a_resid,1,test,353336,1,0.42498185558096724
BASE_x_R1a_resid,1,test,358239,1,0.8286107705088908
BASE_x_R1a_resid,1,test,360745,1,0.6479133386737785
BASE_x_R1a_resid,1,test,374203,0,0.7214774896706063
BASE_x_R1a_resid,1,test,375294,1,0.6260636125773855
BASE_x_R1a_resid,1,test,380225,1,0.8126359624187306
BASE_x_R1a_resid,1,test,402720,1,0.8271609544254405
BASE_x_R1a_resid,1,test,405843,1,0.8142405412885756
BASE_x_R1a_resid,1,test,408105,0,0.7199573897572149
BASE_x_R1a_resid,1,test,419138,0,0.44908208692441953
BASE_x_R1a_resid,1,test,433303,1,0.7749692586990707
BASE_x_R1a_resid,1,test,433686,1,0.72344412155979
BASE_x_R1a_resid,1,test,442797,1,0.6017429694757506
BASE_x_R1a_resid,1,test,443207,1,0.5135194438102527
BASE_x_R1a_resid,1,test,443610,0,0.7377979297929614
BASE_x_R1a_resid,1,test,444203,0,0.43549175135491985
BASE_x_R1a_resid,1,test,445545,1,0.6457359815156144
BASE_x_R1a_resid,1,test,450155,1,0.6330156238212927
BASE_x_R1a_resid,1,test,451844,1,0.3428486607958349
BASE_x_R1a_resid,1,test,460422,1,0.2425713836384367
BASE_x_R1a_resid,1,test,460580,1,0.5715933063490737
BASE_x_R1a_resid,1,test,461946,1,0.6874924944273231
BASE_x_R1a_resid,1,test,463375,1,0.8281905938159565
BASE_x_R1a_resid,1,test,465489,0,0.26891344783389154
BASE_x_R1a_resid,1,test,466437,1,0.7492489877750157
BASE_x_R1a_resid,1,test,468086,1,0.5572745993549402
BASE_x_R1a_resid,1,test,468548,1,0.1777023511475135
BASE_x_R1a_resid,1,test,474601,1,0.5887058655801057
BASE_x_R1a_resid,1,test,477779,1,0.7980584419111203
BASE_x_R1a_resid,1,test,479811,0,0.2807677892241125
BASE_x_R1a_resid,1,test,480021,0,0.6656260398560537
BASE_x_R1a_resid,1,test,480598,1,0.5651985809956066
BASE_x_R1a_resid,1,test,484238,1,0.17361767539620965
BASE_x_R1a_resid,1,test,486892,0,0.5489338685329382
BASE_x_R1a_resid,1,test,488934,0,0.30353499586828203
BASE_x_R1a_resid,1,test,498363,1,0.900803911579971
BASE_x_R1a_resid,1,test,507011,1,0.3259773787007989
BASE_x_R1a_resid,1,test,510372,1,0.547113098171215
BASE_x_R1a_resid,1,test,511018,0,0.7947891358473019
BASE_x_R1a_resid,1,test,512053,1,0.6969571986249116
BASE_x_R1a_resid,1,test,517848,1,0.7572709492009108
BASE_x_R1a_resid,1,test,520621,1,0.624502511422781
BASE_x_R1a_resid,1,test,525300,1,0.5778968866149397
BASE_x_R1a_resid,1,test,532533,1,0.6972976929152327
BASE_x_R1a_resid,1,test,537472,1,0.5652530829866376
BASE_x_R1a_resid,1,test,544153,1,0.8587743467079991
BASE_x_R1a_resid,1,test,544425,0,0.353780923758166
BASE_x_R1a_resid,1,test,544864,1,0.4551951498817682
BASE_x_R1a_resid,1,test,550892,1,0.6689405231672073
BASE_x_R1a_resid,1,test,552901,1,0.5879689335823634
BASE_x_R1a_resid,1,test,554960,0,0.41057376054814804
BASE_x_R1a_resid,1,test,555492,0,0.41524562785400493
BASE_x_R1a_resid,1,test,559178,1,0.6984452830408634
BASE_x_R1a_resid,1,test,566285,1,0.9018784168467749
BASE_x_R1a_resid,1,test,567847,1,0.7571602959868635
BASE_x_R1a_resid,1,test,569789,0,0.19241574988175764
BASE_x_R1a_resid,1,test,573425,1,0.5736709973300936
BASE_x_R1a_resid,1,test,586109,0,0.629071752138489
BASE_x_R1a_resid,1,test,589139,1,0.7096311763919856
BASE_x_R1a_resid,1,test,592431,1,0.8329747280898097
BASE_x_R1a_resid,1,test,592548,0,0.6188151515363931
BASE_x_R1a_resid,1,test,595609,1,0.7881598447423126
BASE_x_R1a_resid,1,test,599396,0,0.7490104637146107
BASE_x_R1a_resid,1,test,618335,1,0.6386106395481709
BASE_x_R1a_resid,1,test,619649,1,0.7977836028618414
BASE_x_R1a_resid,1,test,624010,0,0.23341136083596273
BASE_x_R1a_resid,1,test,624692,1,0.28474731718311336
BASE_x_R1a_resid,1,test,627036,1,0.8401229853147675
BASE_x_R1a_resid,1,test,629729,1,0.46096234738812764
BASE_x_R1a_resid,1,test,644299,1,0.7160046741255592
BASE_x_R1a_resid,1,test,644744,1,0.9085182236685049
BASE_x_R1a_resid,1,test,649217,1,0.7340100998176112
BASE_x_R1a_resid,1,test,649863,1,0.43347901528399
BASE_x_R1a_resid,1,test,655410,1,0.7738277047168015
BASE_x_R1a_resid,1,test,660061,1,0.5443862401917547
BASE_x_R1a_resid,1,test,661193,0,0.6352472804665205
BASE_x_R1a_resid,1,test,672172,1,0.8824680336258084
BASE_x_R1a_resid,1,test,675660,0,0.3155667524305374
BASE_x_R1a_resid,1,test,675907,0,0.5015879084699034
BASE_x_R1a_resid,1,test,678681,1,0.3108272380736839
BASE_x_R1a_resid,1,test,683148,1,0.6849755030698808
BASE_x_R1a_resid,1,test,687290,0,0.8833694631531579
BASE_x_R1a_resid,1,test,690734,0,0.375130465577471
BASE_x_R1a_resid,1,test,697961,1,0.8402074791984682
BASE_x_R1a_resid,1,test,698579,1,0.9154165768924932
BASE_x_R1a_resid,1,test,700550,1,0.6514854841554072
BASE_x_R1a_resid,1,test,704059,0,0.5860626080972489
BASE_x_R1a_resid,1,test,709192,0,0.6011322131679819
BASE_x_R1a_resid,1,test,711782,1,0.6830035890502377
BASE_x_R1a_resid,1,test,718140,0,0.32864388322129834
BASE_x_R1a_resid,1,test,718508,1,0.7476293880246472
BASE_x_R1a_resid,1,test,719050,0,0.21615756279276713
BASE_x_R1a_resid,1,test,725470,0,0.5794528110321008
BASE_x_R1a_resid,1,test,726612,1,0.8151205886142854
BASE_x_R1a_resid,1,test,727266,1,0.5829046417887179
BASE_x_R1a_resid,1,test,738172,0,0.45646796530667477
BASE_x_R1a_resid,1,test,742847,0,0.3863233742987306
BASE_x_R1a_resid,1,test,747710,0,0.6708155554496206
BASE_x_R1a_resid,1,test,750827,0,0.6098187641233765
BASE_x_R1a_resid,1,test,750881,0,0.5419139538800324
BASE_x_R1a_resid,1,test,752967,1,0.8876915685842769
BASE_x_R1a_resid,1,test,754586,1,0.6995108500380948
BASE_x_R1a_resid,1,test,755156,1,0.6692498845136727
BASE_x_R1a_resid,1,test,755294,1,0.594632274159164
BASE_x_R1a_resid,1,test,760561,0,0.46111920203549517
BASE_x_R1a_resid,1,test,765027,1,0.44913700108552695
BASE_x_R1a_resid,1,test,765473,1,0.6159974030262154
BASE_x_R1a_resid,1,test,765954,0,0.3041760732552907
BASE_x_R1a_resid,1,test,774678,1,0.5553674315663213
BASE_x_R1a_resid,1,test,777118,1,0.7744394067871767
BASE_x_R1a_resid,1,test,779240,0,0.579609823778326
BASE_x_R1a_resid,1,test,781445,0,0.2599428212485805
BASE_x_R1a_resid,1,test,789824,0,0.35083134155234474
BASE_x_R1a_resid,1,test,806762,0,0.28127751469382917
BASE_x_R1a_resid,1,test,809238,0,0.7119497156789347
BASE_x_R1a_resid,1,test,822633,1,0.36601991951571955
BASE_x_R1a_resid,1,test,825913,1,0.4897431101921279
BASE_x_R1a_resid,1,test,828057,0,0.4851857171844183
BASE_x_R1a_resid,1,test,829142,1,0.8969013019427492
BASE_x_R1a_resid,1,test,829697,0,0.13037232434096585
BASE_x_R1a_resid,1,test,834515,0,0.7243209869902831
BASE_x_R1a_resid,1,test,835833,1,0.7188784908889138
BASE_x_R1a_resid,1,test,836571,0,0.4413350621584497
BASE_x_R1a_resid,1,test,841534,0,0.15172815182398414
BASE_x_R1a_resid,1,test,847036,1,0.7767113919463003
BASE_x_R1a_resid,1,test,848723,1,0.4174169596656024
BASE_x_R1a_resid,1,test,851816,0,0.31813811233137007
BASE_x_R1a_resid,1,test,854069,1,0.47906947109634024
BASE_x_R1a_resid,1,test,856302,0,0.6170611248106984
BASE_x_R1a_resid,1,test,859236,0,0.41444840534848787
BASE_x_R1a_resid,1,test,866895,0,0.5098717640200409
BASE_x_R1a_resid,1,test,867398,0,0.75374381135565
BASE_x_R1a_resid,1,test,868318,0,0.6965101811600003
BASE_x_R1a_resid,1,test,875038,1,0.6279276786141288
BASE_x_R1a_resid,1,test,877486,1,0.4690638717233169
BASE_x_R1a_resid,1,test,880466,1,0.6855822797757205
BASE_x_R1a_resid,1,test,889657,1,0.5058529439670041
BASE_x_R1a_resid,1,test,894409,1,0.6931215355314412
BASE_x_R1a_resid,1,test,899067,0,0.1986566310734219
BASE_x_R1a_resid,1,test,900762,1,0.7480420915593633
BASE_x_R1a_resid,1,test,941626,1,0.4329479593450199
BASE_x_R1a_resid,1,test,943672,1,0.49983170662368115
BASE_x_R1a_resid,1,test,947197,1,0.18428236656102434
BASE_x_R1a_resid,1,test,951465,0,0.6235843300456655
BASE_x_R1a_resid,1,test,951654,0,0.43335798060642333
BASE_x_R1a_resid,1,test,952219,0,0.4833377349823884
BASE_x_R1a_resid,1,test,954440,1,0.3454591689698049
BASE_x_R1a_resid,1,test,955669,0,0.3303005951325342
BASE_x_R1a_resid,1,test,956387,1,0.43716184528665947
BASE_x_R1a_resid,1,test,961563,0,0.3063086076139052
BASE_x_R1a_resid,1,test,961819,0,0.5770530325853382
BASE_x_R1a_resid,1,test,962660,1,0.7680358366790899
BASE_x_R1a_resid,1,test,963985,1,0.825967001870739
BASE_x_R1a_resid,1,test,964462,0,0.44137901082255465
BASE_x_R1a_resid,1,test,970464,1,0.6066156176109336
BASE_x_R1a_resid,1,test,972111,0,0.6092737690732324
BASE_x_R1a_resid,1,test,979369,1,0.7551120934267831
BASE_x_R1a_resid,1,test,979917,1,0.6187201850697547
BASE_x_R1a_resid,1,test,979941,0,0.6309148724105054
BASE_x_R1a_resid,1,test,980697,0,0.6944429190573784
BASE_x_R1a_resid,1,test,982817,0,0.09155212775115121
BASE_x_R1a_resid,1,test,984065,0,0.1453077549734435
BASE_x_R1a_resid,1,test,986074,1,0.9169996606305599
BASE_x_R1a_resid,1,test,986844,1,0.47766714689961864
BASE_x_R1a_resid,1,test,987078,1,0.7318783410894458
BASE_x_R1a_resid,1,test,987267,1,0.7359564726848223
BASE_x_R1a_resid,1,test,989755,1,0.885839347837602
BASE_x_R1a_resid,1,test,991790,1,0.7939039257929931
BASE_x_R1a_resid,1,test,993602,1,0.29111965802474016
BASE_x_R1a_resid,1,test,994160,1,0.8290614465280112
BASE_x_R1a_resid,1,test,1002373,1,0.8159586083774184
BASE_x_R1a_resid,1,test,1005171,1,0.7519939413119894
BASE_x_R1a_resid,1,test,1006489,0,0.23754290816447238
BASE_x_R1a_resid,1,test,1008354,0,0.5208599154062533
BASE_x_R1a_resid,1,test,1009347,1,0.6855097015435159
BASE_x_R1a_resid,1,test,1020322,0,0.5126362080043065
BASE_x_R1a_resid,1,test,1029192,1,0.8269088947726236
BASE_x_R1a_resid,1,test,1029373,1,0.5678881761415794
BASE_x_R1a_resid,1,test,1030940,1,0.3775357046733739
BASE_x_R1a_resid,1,test,1046104,0,0.8608261091614443
BASE_x_R1a_resid,1,test,1051850,0,0.7985853793755575
BASE_x_R1a_resid,1,test,1054838,0,0.4063706873051519
BASE_x_R1a_resid,1,test,1064446,1,0.8824936328796966
BASE_x_R1a_resid,1,test,1065288,0,0.5289571386916427
BASE_x_R1a_resid,1,test,1066534,1,0.16652073992707994
BASE_x_R1a_resid,1,test,1067406,1,0.4414807875170512
BASE_x_R1a_resid,1,test,1069689,1,0.5192517107778777
BASE_x_R1a_resid,1,test,1070472,0,0.32600992895699493
BASE_x_R1a_resid,1,test,1073839,0,0.5147660174442581
BASE_x_R1a_resid,1,test,1074094,1,0.3761478686647711
BASE_x_R1a_resid,1,test,1074306,1,0.6748930367957078
BASE_x_R1a_resid,1,test,1074427,1,0.44354427764203813
BASE_x_R1a_resid,1,test,1074527,1,0.37885966098593854
BASE_x_R1a_resid,1,test,1074753,0,0.5276612118775835
BASE_x_R1a_resid,1,test,1075557,1,0.6042690380375901
BASE_x_R1a_resid,1,test,1075699,1,0.2655739498246601
BASE_x_R1a_resid,1,test,1077703,1,0.5699053497135186
BASE_x_R1a_resid,1,test,1078392,1,0.3120321153842495
BASE_x_R1a_resid,1,test,1078893,0,0.4087582266775812
BASE_x_R1a_resid,1,test,1079527,1,0.35062346454379806
BASE_x_R1a_resid,1,test,1080214,1,0.4567276589943879
BASE_x_R1a_resid,1,test,1080366,1,0.8827012508356937
BASE_x_R1a_resid,1,test,1080979,1,0.7031002844328407
BASE_x_R1a_resid,1,test,1081798,0,0.42117859493005577
BASE_x_R1a_resid,1,test,1082641,0,0.31833199534035783
BASE_x_R1a_resid,1,test,1082739,1,0.5167656304993733
BASE_x_R1a_resid,1,test,1084185,0,0.7856203561082472
BASE_x_R1a_resid,1,test,1084364,1,0.5191945314263718
BASE_x_R1a_resid,1,test,1084497,1,0.439623754642627
BASE_x_R1a_resid,1,test,1085496,1,0.4780680254433558
BASE_x_R1a_resid,1,test,1085579,1,0.7365896481075305
BASE_x_R1a_resid,1,test,1085896,1,0.7602532892882938
BASE_x_R1a_resid,1,test,1086657,1,0.8918694729690099
BASE_x_R1a_resid,1,test,1086770,1,0.8561496103765527
BASE_x_R1a_resid,1,test,1086991,0,0.588703218625333
BASE_x_R1a_resid,1,test,1087295,1,0.20301537192796054
BASE_x_R1a_resid,1,test,1089310,0,0.6293449512286672
BASE_x_R1a_resid,1,test,1090388,1,0.8486300562226926
BASE_x_R1a_resid,1,test,1090438,1,0.7451240074704285
BASE_x_R1a_resid,1,test,1091071,1,0.9144816769640696
BASE_x_R1a_resid,1,test,1091585,0,0.6286941429437238
BASE_x_R1a_resid,1,test,1092068,0,0.4282386291167161
BASE_x_R1a_resid,1,test,1093139,0,0.5523867064670375
BASE_x_R1a_resid,1,test,1093401,1,0.8582150751351046
BASE_x_R1a_resid,1,test,1094060,1,0.7631525985988443
BASE_x_R1a_resid,1,test,1094259,1,0.6230387677657976
BASE_x_R1a_resid,1,test,1096111,1,0.7415616171005222
BASE_x_R1a_resid,1,test,1096858,1,0.8485376777412674
BASE_x_R1a_resid,1,test,1097215,1,0.4279743058003944
BASE_x_R1a_resid,1,test,1097324,1,0.5458904163645903
BASE_x_R1a_resid,1,test,1099078,1,0.737268235570004
BASE_x_R1a_resid,1,test,1100516,0,0.3181013651713486
BASE_x_R1a_resid,1,test,1100923,1,0.6238948654988634
BASE_x_R1a_resid,1,test,1103063,0,0.5466482367984651
BASE_x_R1a_resid,1,test,1104405,1,0.7937972064381842
BASE_x_R1a_resid,1,test,1104599,1,0.4832614797647987
BASE_x_R1a_resid,1,test,1104649,1,0.792493226618806
BASE_x_R1a_resid,1,test,1105176,1,0.637679988209085
BASE_x_R1a_resid,1,test,1105837,1,0.500922726648902
BASE_x_R1a_resid,1,test,1105913,1,0.8295491953320254
BASE_x_R1a_resid,1,test,1105922,1,0.7316403280395274
BASE_x_R1a_resid,1,test,1106300,1,0.698176396428849
BASE_x_R1a_resid,1,test,1107147,1,0.716728009924837
BASE_x_R1a_resid,1,test,1107631,1,0.6129116519736022
BASE_x_R1a_resid,1,test,1109275,1,0.8956724182443022
BASE_x_R1a_resid,1,test,1109329,1,0.8213611084838927
BASE_x_R1a_resid,1,test,1109526,1,0.6044517338583949
BASE_x_R1a_resid,1,test,1109829,1,0.7064340523820704
BASE_x_R1a_resid,1,test,1111153,0,0.6036032395149663
BASE_x_R1a_resid,1,test,1111157,0,0.8287246561683745
BASE_x_R1a_resid,1,test,1111471,1,0.6330735970904096
BASE_x_R1a_resid,1,test,1112111,1,0.5759258484767755
BASE_x_R1a_resid,1,test,1113214,0,0.5618209430567203
BASE_x_R1a_resid,1,test,1115227,1,0.8770561048985479
BASE_x_R1a_resid,1,test,1115322,1,0.7780504299098553
BASE_x_R1a_resid,1,test,1115713,1,0.6745195326844895
BASE_x_R1a_resid,1,test,1117370,1,0.9050823505616036
BASE_x_R1a_resid,1,test,1117921,1,0.9442762956546796
BASE_x_R1a_resid,1,test,1117975,1,0.8519987162113536
BASE_x_R1a_resid,1,test,1118291,0,0.5983157702681237
BASE_x_R1a_resid,1,test,1118436,1,0.8206084863616786
BASE_x_R1a_resid,1,test,1118652,0,0.14203487446897683
BASE_x_R1a_resid,1,test,1119012,1,0.6426198079464922
BASE_x_R1a_resid,1,test,1119591,1,0.8222838664210796
BASE_x_R1a_resid,1,test,1119652,1,0.7821847314396149
BASE_x_R1a_resid,1,test,1119930,1,0.8474462204006766
BASE_x_R1a_resid,1,test,1120326,1,0.21483227399250024
BASE_x_R1a_resid,1,test,1120775,1,0.2748131751065056
BASE_x_R1a_resid,1,test,1120955,0,0.7109434881679658
BASE_x_R1a_resid,1,test,1121493,0,0.23100581161035674
BASE_x_R1a_resid,1,test,1121705,1,0.7939998251283575
BASE_x_R1a_resid,1,test,1121926,1,0.5665000606559315
BASE_x_R1a_resid,1,test,1122956,1,0.6268636481043071
BASE_x_R1a_resid,1,test,1122990,1,0.40305885046083056
BASE_x_R1a_resid,1,test,1123350,1,0.7962482522704057
BASE_x_R1a_resid,1,test,1123551,0,0.32571300869372144
BASE_x_R1a_resid,1,test,1124329,1,0.6078346503494472
BASE_x_R1a_resid,1,test,1124330,0,0.8334045534222647
BASE_x_R1a_resid,1,test,1124561,0,0.7860469214127788
BASE_x_R1a_resid,1,test,1125348,0,0.5272014322694821
BASE_x_R1a_resid,1,test,1125785,1,0.663489792401423
BASE_x_R1a_resid,1,test,1126146,0,0.2150253214831326
BASE_x_R1a_resid,1,test,1126656,0,0.5193549085236506
BASE_x_R1a_resid,1,test,1127029,0,0.7367331746966337
BASE_x_R1a_resid,1,test,1127560,1,0.8354542675901229
BASE_x_R1a_resid,1,test,1129053,1,0.5074055538925917
BASE_x_R1a_resid,1,test,1129961,0,0.10604493322522306
BASE_x_R1a_resid,1,test,1130161,1,0.07580044272988747
BASE_x_R1a_resid,1,test,1131297,0,0.6211662150493058
BASE_x_R1a_resid,1,test,1131833,1,0.48800025705545336
BASE_x_R1a_resid,1,test,1134339,0,0.27676277609756617
BASE_x_R1a_resid,1,test,1134855,0,0.16805528428726277
BASE_x_R1a_resid,1,test,1134927,1,0.8081931038184681
BASE_x_R1a_resid,1,test,1135587,1,0.8468446688433657
BASE_x_R1a_resid,1,test,1135796,1,0.7247934650523731
BASE_x_R1a_resid,1,test,1136524,0,0.7484383612411566
BASE_x_R1a_resid,1,test,1136946,0,0.19878601382129424
BASE_x_R1a_resid,1,test,1137506,0,0.5592670059811562
BASE_x_R1a_resid,1,test,1137818,1,0.22441849371479475
BASE_x_R1a_resid,1,test,1138108,1,0.6449213810173561
BASE_x_R1a_resid,1,test,1139233,1,0.8208275731926554
BASE_x_R1a_resid,1,test,1139249,1,0.19371269692628748
BASE_x_R1a_resid,1,test,1139409,1,0.8729764698632045
BASE_x_R1a_resid,1,test,1139795,0,0.7052227734662486
BASE_x_R1a_resid,1,test,1142126,0,0.30328309749680754
BASE_x_R1a_resid,1,test,1142643,1,0.5909259116999928
BASE_x_R1a_resid,1,test,1142753,1,0.8006939654058017
BASE_x_R1a_resid,1,test,1143415,1,0.5973948620851854
BASE_x_R1a_resid,1,test,1143550,1,0.7382464926635929
BASE_x_R1a_resid,1,test,1144210,1,0.7083489988026145
BASE_x_R1a_resid,1,test,1144260,0,0.6706300960781308
BASE_x_R1a_resid,1,test,1144465,1,0.822552187416203
BASE_x_R1a_resid,1,test,1144580,1,0.3408532487652782
BASE_x_R1a_resid,1,test,1144621,1,0.3715859390300431
BASE_x_R1a_resid,1,test,1144651,1,0.7490573125091153
BASE_x_R1a_resid,1,test,1145207,0,0.3386364158670972
BASE_x_R1a_resid,1,test,1145385,0,0.6051048327056606
BASE_x_R1a_resid,1,test,1146057,0,0.2977716027708903
BASE_x_R1a_resid,1,test,1146108,0,0.3271603837250046
BASE_x_R1a_resid,1,test,1146318,1,0.5578331814254391
BASE_x_R1a_resid,1,test,1146323,0,0.41658068209955906
BASE_x_R1a_resid,1,test,1146529,1,0.8529956809207164
BASE_x_R1a_resid,1,test,1146584,1,0.6965357698861296
BASE_x_R1a_resid,1,test,1146771,0,0.3656341879485143
BASE_x_R1a_resid,1,test,1146854,1,0.5216689105941462
BASE_x_R1a_resid,1,test,1147012,0,0.6200375257055216
BASE_x_R1a_resid,1,test,1147189,1,0.4262283246070073
BASE_x_R1a_resid,1,test,1148157,1,0.7825359956954543
BASE_x_R1a_resid,1,test,1148437,0,0.6030161061708944
BASE_x_R1a_resid,1,test,1150400,1,0.49904687507955864
BASE_x_R1a_resid,1,test,1151387,0,0.6075719437170286
BASE_x_R1a_resid,1,test,1151422,1,0.8155025952240403
BASE_x_R1a_resid,1,test,1151627,1,0.5091732436560862
BASE_x_R1a_resid,1,test,1151789,1,0.5740512383111205
BASE_x_R1a_resid,1,test,1152038,1,0.4169291906206
BASE_x_R1a_resid,1,test,1152061,1,0.41532989155415123
BASE_x_R1a_resid,1,test,1152979,1,0.17424884655125183
BASE_x_R1a_resid,1,test,1153702,0,0.35130273913484183
BASE_x_R1a_resid,1,test,1153881,0,0.6322126290347333
BASE_x_R1a_resid,1,test,1154576,1,0.3684455853430948
BASE_x_R1a_resid,1,test,1155404,0,0.20598192077086755
BASE_x_R1a_resid,1,test,1155554,1,0.641550690798691
BASE_x_R1a_resid,1,test,1155802,1,0.5538842778514493
BASE_x_R1a_resid,1,test,1157101,1,0.7181748349730327
BASE_x_R1a_resid,1,test,1157237,1,0.7760659588146726
BASE_x_R1a_resid,1,test,1157440,0,0.5529308301022098
BASE_x_R1a_resid,1,test,1158961,1,0.8195396641865174
BASE_x_R1a_resid,1,test,1206308,0,0.41890438797470486
BASE_x_R1a_resid,1,test,1206667,0,0.7251302252205728
BASE_x_R1a_resid,1,test,1206997,1,0.7993492441410013
BASE_x_R1a_resid,1,test,1207140,1,0.832408505719124
BASE_x_R1a_resid,1,test,1207980,1,0.785116786099794
BASE_x_R1a_resid,1,test,1208561,1,0.7228625111007569
BASE_x_R1a_resid,1,test,1209776,0,0.44877268077390137
BASE_x_R1a_resid,1,test,1209958,1,0.416023606670992
BASE_x_R1a_resid,1,test,1210100,0,0.30369892485346234
BASE_x_R1a_resid,1,test,1210485,1,0.7405852381527293
BASE_x_R1a_resid,1,test,1210786,0,0.4106143435441671
BASE_x_R1a_resid,1,test,1211029,1,0.8461731213922675
BASE_x_R1a_resid,1,test,1211042,1,0.657798516040359
BASE_x_R1a_resid,1,test,1211177,1,0.6822339455356218
BASE_x_R1a_resid,1,test,1211297,1,0.5420185001155883
BASE_x_R1a_resid,1,test,1211505,1,0.6822765270014537
BASE_x_R1a_resid,1,test,1211778,0,0.355878729265594
BASE_x_R1a_resid,1,test,1212217,1,0.3823738108644508
BASE_x_R1a_resid,1,test,1212354,0,0.4236221441914336
BASE_x_R1a_resid,1,test,1212394,1,0.23206554121839182
BASE_x_R1a_resid,1,test,1212451,0,0.5101044544028634
BASE_x_R1a_resid,1,test,1212582,1,0.645827972735639
BASE_x_R1a_resid,1,test,1213121,1,0.2946604975941148
BASE_x_R1a_resid,1,test,1213130,1,0.42466200657319547
BASE_x_R1a_resid,1,test,1213344,1,0.3030662248624458
BASE_x_R1a_resid,1,test,1213929,1,0.7506990810293652
BASE_x_R1a_resid,1,test,1213974,0,0.6962848111114972
BASE_x_R1a_resid,1,test,1214144,0,0.6611567737567132
BASE_x_R1a_resid,1,test,1215381,0,0.8078934480736807
BASE_x_R1a_resid,1,test,1215388,0,0.12121731019813246
BASE_x_R1a_resid,1,test,1215586,0,0.6689553351142553
BASE_x_R1a_resid,1,test,1216036,1,0.6904276372290471
BASE_x_R1a_resid,1,test,1216045,1,0.7592230612970436
BASE_x_R1a_resid,1,test,1216223,1,0.7871771568721618
BASE_x_R1a_resid,1,test,1216691,1,0.8129522341343227
BASE_x_R1a_resid,1,test,1216776,1,0.3102853763958055
BASE_x_R1a_resid,1,test,1217051,1,0.6362756908798793
BASE_x_R1a_resid,1,test,1217243,1,0.7267923544729346
BASE_x_R1a_resid,1,test,1217708,0,0.42440000614022727
BASE_x_R1a_resid,1,test,1217769,1,0.6197483892070285
BASE_x_R1a_resid,1,test,1218062,1,0.7840837297503377
BASE_x_R1a_resid,1,test,1218110,0,0.4678563857057904
BASE_x_R1a_resid,1,test,1219634,1,0.7756818652314798
BASE_x_R1a_resid,1,test,1219898,1,0.21688512660075465
BASE_x_R1a_resid,1,test,1219958,0,0.3567728418762832
BASE_x_R1a_resid,1,test,1220095,0,0.7774097149355477
BASE_x_R1a_resid,1,test,1220226,0,0.3476017340092955
BASE_x_R1a_resid,1,test,1220507,0,0.7999635448231517
BASE_x_R1a_resid,1,test,1220572,0,0.6304288954811679
BASE_x_R1a_resid,1,test,1220694,1,0.5231559715406913
BASE_x_R1a_resid,1,test,1221019,0,0.5312105837344965
BASE_x_R1a_resid,1,test,1221892,1,0.7568726881397378
BASE_x_R1a_resid,1,test,1222069,1,0.8029896207703962
BASE_x_R1a_resid,1,test,1222110,1,0.9377067292952695
BASE_x_R1a_resid,1,test,1222424,1,0.5731448254872047
BASE_x_R1a_resid,1,test,1222589,1,0.8048875985074707
BASE_x_R1a_resid,1,test,1222850,1,0.7029570374104623
BASE_x_R1a_resid,1,test,1223193,0,0.6118534420160862
BASE_x_R1a_resid,1,test,1223272,1,0.478891493571789
BASE_x_R1a_resid,1,test,1223289,0,0.24955313523824432
BASE_x_R1a_resid,1,test,1223754,0,0.7052661632001914
BASE_x_R1a_resid,1,test,1224109,0,0.6040250272195579
BASE_x_R1a_resid,1,test,1224306,1,0.8857285406787514
BASE_x_R1a_resid,1,test,1224683,1,0.6034484343907119
BASE_x_R1a_resid,1,test,1224968,1,0.5103028987938408
BASE_x_R1a_resid,1,test,1225050,0,0.17819087448187498
BASE_x_R1a_resid,1,test,1225262,1,0.825982912591193
BASE_x_R1a_resid,1,test,1225323,1,0.5300260992958514
BASE_x_R1a_resid,1,test,1225648,0,0.7479885612774153
BASE_x_R1a_resid,1,test,1225672,1,0.7896861512458819
BASE_x_R1a_resid,1,test,1225716,0,0.6534244394303265
BASE_x_R1a_resid,1,test,1225945,0,0.504563867720993
BASE_x_R1a_resid,1,test,1226065,1,0.6728107356920053
BASE_x_R1a_resid,1,test,1226588,1,0.8005092506363692
BASE_x_R1a_resid,1,test,1226641,1,0.9348270196191243
BASE_x_R1a_resid,1,test,1226825,1,0.6984590264709193
BASE_x_R1a_resid,1,test,1226937,0,0.5239372292649935
BASE_x_R1a_resid,1,test,1227061,1,0.21844131090048458
BASE_x_R1a_resid,1,test,1227106,1,0.6806538248418981
BASE_x_R1a_resid,1,test,1227138,0,0.29300641110178355
BASE_x_R1a_resid,1,test,1227504,1,0.8086262382218101
BASE_x_R1a_resid,1,test,1228528,0,0.33852514646738974
BASE_x_R1a_resid,1,test,1228888,1,0.6022120065038772
BASE_x_R1a_resid,1,test,1229368,0,0.45016214542816835
BASE_x_R1a_resid,1,test,1229574,0,0.39026534468120716
BASE_x_R1a_resid,1,test,1229725,1,0.864439117253039
BASE_x_R1a_resid,1,test,1229860,1,0.8123523319545469
BASE_x_R1a_resid,1,test,1230265,1,0.6013833565041007
BASE_x_R1a_resid,1,test,1230408,1,0.6995178855802311
BASE_x_R1a_resid,1,test,1230712,0,0.6952326561902447
BASE_x_R1a_resid,1,test,1230724,1,0.46542839979682993
BASE_x_R1a_resid,1,test,1230855,0,0.3772965888587183
BASE_x_R1a_resid,1,test,1230993,0,0.27451417068144673
BASE_x_R1a_resid,1,test,1231114,1,0.8883459533285083
BASE_x_R1a_resid,1,test,1231841,0,0.3862193532041293
BASE_x_R1a_resid,1,test,1232099,0,0.5488067798216977
BASE_x_R1a_resid,1,test,1232676,1,0.6853455083857086
BASE_x_R1a_resid,1,test,1233791,1,0.4161166725319561
BASE_x_R1a_resid,1,test,1233962,0,0.3555246450058957
BASE_x_R1a_resid,1,test,1233970,1,0.45401510594863886
BASE_x_R1a_resid,1,test,1234219,1,0.43739052567798753
BASE_x_R1a_resid,1,test,1234306,1,0.1882911404266434
BASE_x_R1a_resid,1,test,1234549,0,0.4954549142021078
BASE_x_R1a_resid,1,test,1234553,0,0.8237624076484178
BASE_x_R1a_resid,1,test,1235265,1,0.22205047539942516
BASE_x_R1a_resid,1,test,1235275,0,0.48590588358211184
BASE_x_R1a_resid,1,test,1235336,1,0.7582662761450281
BASE_x_R1a_resid,1,test,1236071,1,0.6733137343901606
BASE_x_R1a_resid,1,test,1236410,0,0.24067224789376918
BASE_x_R1a_resid,1,test,1236418,1,0.3067288132497456
BASE_x_R1a_resid,1,test,1236759,1,0.8744487585786893
BASE_x_R1a_resid,1,test,1236938,1,0.8959360100289894
BASE_x_R1a_resid,1,test,1237075,0,0.4161458614327694
BASE_x_R1a_resid,1,test,1237241,1,0.612054322241805
BASE_x_R1a_resid,1,test,1237496,1,0.596085693551665
BASE_x_R1a_resid,1,test,1237716,0,0.301534768809961
BASE_x_R1a_resid,1,test,1237793,1,0.3016252749422366
BASE_x_R1a_resid,1,test,1238174,1,0.6760402203353111
BASE_x_R1a_resid,1,test,1238215,1,0.8335242925094069
BASE_x_R1a_resid,1,test,1238443,0,0.8078145464444372
BASE_x_R1a_resid,1,test,1238550,1,0.840612705358937
BASE_x_R1a_resid,1,test,1238574,0,0.6878032802527946
BASE_x_R1a_resid,1,test,1238865,1,0.217301741850822
BASE_x_R1a_resid,1,test,1238923,0,0.7512594132805454
BASE_x_R1a_resid,1,test,1239038,0,0.29349627844723886
BASE_x_R1a_resid,1,test,1239693,0,0.487645989956232
BASE_x_R1a_resid,1,test,1239772,0,0.3922751567715542
BASE_x_R1a_resid,1,test,1239841,1,0.8077289847559722
BASE_x_R1a_resid,1,test,1239988,0,0.59026891825906
BASE_x_R1a_resid,1,test,1240378,1,0.869074124384465
BASE_x_R1a_resid,1,test,1240423,1,0.8311655456745767
BASE_x_R1a_resid,1,test,1240598,1,0.6385800168748738
BASE_x_R1a_resid,1,test,1241453,0,0.3145637055153887
BASE_x_R1a_resid,1,test,1241862,1,0.6437799544151391
BASE_x_R1a_resid,1,test,1242372,1,0.7472194747460223
BASE_x_R1a_resid,1,test,1242535,1,0.7528483248133849
BASE_x_R1a_resid,1,test,1242667,0,0.41277389382535956
BASE_x_R1a_resid,1,test,1242811,0,0.4744949531663945
BASE_x_R1a_resid,1,test,1242831,0,0.45179406218078133
BASE_x_R1a_resid,1,test,1243018,1,0.3827113370640355
BASE_x_R1a_resid,1,test,1243083,0,0.5482501206824528
BASE_x_R1a_resid,1,test,1243802,0,0.802752211268793
BASE_x_R1a_resid,1,test,1243942,1,0.7456659121074283
BASE_x_R1a_resid,1,test,1243992,1,0.6354620647183865
BASE_x_R1a_resid,1,test,1244831,1,0.3786311038316406
BASE_x_R1a_resid,1,test,1245228,0,0.4860782982633676
BASE,2,test,17109,1,0.404242587553693
BASE,2,test,22019,0,0.26640600526273617
BASE,2,test,30603,1,0.7465979850355761
BASE,2,test,36502,0,0.28674122135623287
BASE,2,test,42908,1,0.8318991050112642
BASE,2,test,52327,1,0.8342386319022497
BASE,2,test,52609,1,0.5747911970585395
BASE,2,test,54828,1,0.7463538396551199
BASE,2,test,61867,0,0.4460488272769898
BASE,2,test,63449,0,0.5882460894155884
BASE,2,test,65596,0,0.5740123974134148
BASE,2,test,68483,1,0.614025261409137
BASE,2,test,70693,0,0.8560582114756689
BASE,2,test,74146,0,0.7245771994168999
BASE,2,test,85978,1,0.5920785638551396
BASE,2,test,86305,1,0.5676699824519771
BASE,2,test,86310,1,0.6037119097077805
BASE,2,test,91934,0,0.4568997282880909
BASE,2,test,93011,0,0.6028127083502315
BASE,2,test,98629,1,0.36121465795544483
BASE,2,test,102312,1,0.7943932957369441
BASE,2,test,105772,1,0.8637460986048933
BASE,2,test,108509,1,0.43754397582088217
BASE,2,test,113763,0,0.6534753767392693
BASE,2,test,121544,1,0.6239380605605055
BASE,2,test,132583,0,0.5025108701682864
BASE,2,test,143353,1,0.5961964344361783
BASE,2,test,144004,0,0.6621063955979531
BASE,2,test,157463,1,0.6826440729293498
BASE,2,test,160103,1,0.7971435908998523
BASE,2,test,160197,1,0.6042741849049199
BASE,2,test,163423,1,0.8783009263672418
BASE,2,test,164362,1,0.5404146256172333
BASE,2,test,165324,0,0.7372496375604766
BASE,2,test,166451,1,0.49384805365475004
BASE,2,test,167707,1,0.5804041039123671
BASE,2,test,180001,0,0.25618875051839113
BASE,2,test,181034,1,0.7878321747054586
BASE,2,test,182595,0,0.6252878836178669
BASE,2,test,183219,0,0.6039933085837856
BASE,2,test,184704,0,0.7201238902523799
BASE,2,test,190049,1,0.4621227641613832
BASE,2,test,203461,1,0.5745524880619385
BASE,2,test,208652,1,0.4614223449337289
BASE,2,test,216589,1,0.6522046243041757
BASE,2,test,218529,1,0.6107122736539046
BASE,2,test,220792,0,0.49658767527866765
BASE,2,test,223651,1,0.6190961272781883
BASE,2,test,229959,1,0.7686255259407108
BASE,2,test,234398,0,0.6045896588005312
BASE,2,test,234471,0,0.2169481084634503
BASE,2,test,240229,0,0.2467251834931684
BASE,2,test,250983,0,0.833353526124258
BASE,2,test,252362,0,0.4654982883223312
BASE,2,test,271298,0,0.8027047546274271
BASE,2,test,274179,0,0.6334007131845896
BASE,2,test,275882,1,0.7562235871445759
BASE,2,test,278098,0,0.2777056528539298
BASE,2,test,278230,0,0.29327503907352154
BASE,2,test,278485,0,0.17745964262503608
BASE,2,test,285173,1,0.6874053884532869
BASE,2,test,288581,1,0.7008094641827356
BASE,2,test,293811,0,0.5543761527771653
BASE,2,test,304034,0,0.23248260262705678
BASE,2,test,309162,1,0.5903018547782688
BASE,2,test,309228,1,0.8694685474041642
BASE,2,test,315569,1,0.9301843794880237
BASE,2,test,325318,0,0.5369581897490632
BASE,2,test,327943,1,0.7406293071066031
BASE,2,test,335403,0,0.6706639525608934
BASE,2,test,345895,1,0.861535948418775
BASE,2,test,350707,0,0.5219285352720646
BASE,2,test,353416,1,0.6856830736036095
BASE,2,test,354035,1,0.6272044135869264
BASE,2,test,360745,1,0.5861899236563103
BASE,2,test,367686,0,0.8223583191637828
BASE,2,test,369915,1,0.6024993908793022
BASE,2,test,372332,1,0.8511708242337641
BASE,2,test,374203,0,0.6794436827005864
BASE,2,test,376880,1,0.5317602838149095
BASE,2,test,377217,1,0.4933212020849727
BASE,2,test,383626,1,0.7074640023713238
BASE,2,test,384429,0,0.6597620782953463
BASE,2,test,391348,0,0.7977932432915058
BASE,2,test,398295,0,0.28736935631932076
BASE,2,test,398592,1,0.5982231286421744
BASE,2,test,400980,1,0.8805111950359898
BASE,2,test,403399,0,0.4578277579729416
BASE,2,test,405843,1,0.8295487371140347
BASE,2,test,409579,1,0.5504796143467696
BASE,2,test,410795,1,0.8671593566136537
BASE,2,test,412716,1,0.8169405960192957
BASE,2,test,419522,1,0.654219293751424
BASE,2,test,432045,0,0.28405377672964405
BASE,2,test,432782,0,0.654290914690649
BASE,2,test,433303,1,0.810264169600994
BASE,2,test,438187,1,0.4700414992598973
BASE,2,test,442019,0,0.5967854619364371
BASE,2,test,442797,1,0.5875096581265049
BASE,2,test,442895,1,0.9144016152827318
BASE,2,test,443207,1,0.4584033797836493
BASE,2,test,443610,0,0.8005033487617064
BASE,2,test,445318,0,0.6638860814737539
BASE,2,test,451415,1,0.5192953170253872
BASE,2,test,460422,1,0.2644479944780977
BASE,2,test,460580,1,0.6917622855517271
BASE,2,test,463375,1,0.8304052823663625
BASE,2,test,465763,1,0.8357279617664295
BASE,2,test,468342,1,0.7734105436164859
BASE,2,test,469078,1,0.28241221575900355
BASE,2,test,476977,1,0.6770296642276828
BASE,2,test,477285,1,0.429600864915202
BASE,2,test,486523,0,0.5586599878798899
BASE,2,test,488255,0,0.3736393605344771
BASE,2,test,490630,1,0.4222742947555262
BASE,2,test,492132,0,0.7734080926340554
BASE,2,test,492492,0,0.4232731234550479
BASE,2,test,507011,1,0.45995772298214455
BASE,2,test,508867,1,0.43830445141146174
BASE,2,test,511417,1,0.35310225223736935
BASE,2,test,512053,1,0.7312460920360566
BASE,2,test,512180,1,0.722896595761297
BASE,2,test,515887,1,0.5448496590386287
BASE,2,test,516493,0,0.5230034317585333
BASE,2,test,525973,0,0.626530914769291
BASE,2,test,529750,0,0.45434803141129426
BASE,2,test,536935,1,0.5219906102564146
BASE,2,test,549363,0,0.18448491533286476
BASE,2,test,552901,1,0.6206280397957284
BASE,2,test,555492,0,0.40682772543207557
BASE,2,test,559178,1,0.6677051756685194
BASE,2,test,565908,0,0.6365564533047756
BASE,2,test,575773,1,0.6554317734414299
BASE,2,test,580587,0,0.3950624440433524
BASE,2,test,581598,1,0.887291756202879
BASE,2,test,588986,1,0.662105405802492
BASE,2,test,589857,0,0.4533782814145689
BASE,2,test,591051,1,0.7131503653299244
BASE,2,test,592121,0,0.29608402456580163
BASE,2,test,592548,0,0.6040146781189333
BASE,2,test,595954,1,0.5729794648615967
BASE,2,test,596445,0,0.60780545296719
BASE,2,test,602165,1,0.3805841729814757
BASE,2,test,604557,1,0.5129311213549501
BASE,2,test,605762,0,0.3202784398029712
BASE,2,test,607813,0,0.5988180721418083
BASE,2,test,610488,0,0.4491271104180998
BASE,2,test,611309,0,0.6398110718758846
BASE,2,test,615384,1,0.5142371638681156
BASE,2,test,617695,0,0.3940994472323825
BASE,2,test,618335,1,0.6468203444448103
BASE,2,test,624692,1,0.4191379971742719
BASE,2,test,626615,0,0.20353041270163477
BASE,2,test,627587,1,0.8304681943296599
BASE,2,test,628861,1,0.742541549900799
BASE,2,test,644091,1,0.6448988313563029
BASE,2,test,644443,1,0.7634105833109349
BASE,2,test,647436,0,0.4678456667146291
BASE,2,test,650259,0,0.5866726908090586
BASE,2,test,657738,0,0.6471867255228492
BASE,2,test,660164,1,0.4474470949925336
BASE,2,test,660433,0,0.35706087197959957
BASE,2,test,663130,1,0.5052183221166264
BASE,2,test,663548,1,0.5509960640406655
BASE,2,test,665050,1,0.47385015722517815
BASE,2,test,665220,1,0.6589251050415413
BASE,2,test,671576,0,0.35441456091810525
BASE,2,test,672172,1,0.8552906258791154
BASE,2,test,677259,0,0.23361868215919165
BASE,2,test,681120,1,0.5464888331427219
BASE,2,test,684963,1,0.857560844306264
BASE,2,test,687171,1,0.5280248962196173
BASE,2,test,690734,0,0.4558709768515659
BASE,2,test,693326,1,0.833647686395473
BASE,2,test,696029,0,0.6403677787162644
BASE,2,test,699877,0,0.6484849610273661
BASE,2,test,701498,1,0.6096019362088003
BASE,2,test,702078,0,0.5155329998881157
BASE,2,test,702801,0,0.44057484082746323
BASE,2,test,704059,0,0.610503107936511
BASE,2,test,704101,1,0.6887182383137614
BASE,2,test,709805,1,0.9120542394298983
BASE,2,test,711782,1,0.7677194351643412
BASE,2,test,711787,1,0.6383072183453726
BASE,2,test,712016,1,0.8202277224719207
BASE,2,test,714764,0,0.6830995412974852
BASE,2,test,715221,1,0.46657040844184006
BASE,2,test,723474,0,0.567457086670209
BASE,2,test,726409,0,0.5512317133986077
BASE,2,test,726499,0,0.6365665489296286
BASE,2,test,740043,1,0.8076300960380935
BASE,2,test,742847,0,0.4657818854627249
BASE,2,test,743605,1,0.5234381232238383
BASE,2,test,747584,1,0.7297531734357421
BASE,2,test,750881,0,0.5991087804585871
BASE,2,test,751252,0,0.6994455961287084
BASE,2,test,755294,1,0.638480965267272
BASE,2,test,780355,1,0.7590573653053748
BASE,2,test,789437,1,0.8276849211262511
BASE,2,test,803706,1,0.6534575860407488
BASE,2,test,806762,0,0.2881445227043806
BASE,2,test,808258,0,0.4595759189938295
BASE,2,test,809234,1,0.7945070204316729
BASE,2,test,818267,1,0.7801717062163567
BASE,2,test,829142,1,0.7998114554599612
BASE,2,test,835463,1,0.6605770667859275
BASE,2,test,839278,1,0.5423157243992736
BASE,2,test,841534,0,0.21617402028806498
BASE,2,test,841748,1,0.6645351490617906
BASE,2,test,844964,0,0.43762980709764276
BASE,2,test,851163,1,0.5997192528524344
BASE,2,test,851639,1,0.7866967715515331
BASE,2,test,854069,1,0.4400646403744197
BASE,2,test,855223,1,0.4550881463469532
BASE,2,test,857435,1,0.3709083465689483
BASE,2,test,860381,0,0.31627467274942833
BASE,2,test,861607,0,0.4576198857107458
BASE,2,test,872844,1,0.7468726806482874
BASE,2,test,877831,0,0.7798801166059031
BASE,2,test,878721,0,0.6278091880864496
BASE,2,test,882885,1,0.7792418140094831
BASE,2,test,883112,1,0.6685340156771482
BASE,2,test,883479,0,0.5056395932218453
BASE,2,test,885394,1,0.44732130202401954
BASE,2,test,899469,1,0.7622679584045947
BASE,2,test,900762,1,0.7504124384167525
BASE,2,test,900957,1,0.83117140229947
BASE,2,test,924232,0,0.6212866933668884
BASE,2,test,934409,0,0.6329023794097091
BASE,2,test,941626,1,0.38809562616782733
BASE,2,test,947197,1,0.2453444344699288
BASE,2,test,951246,0,0.16767798612514068
BASE,2,test,954440,1,0.38230124735714033
BASE,2,test,956387,1,0.3318261566976222
BASE,2,test,963985,1,0.786380458502737
BASE,2,test,966701,0,0.8059558877786934
BASE,2,test,968655,0,0.28330392331279525
BASE,2,test,976523,1,0.3690434910833888
BASE,2,test,977714,1,0.7268932688984024
BASE,2,test,979369,1,0.8447315821204535
BASE,2,test,980871,1,0.5094866857681474
BASE,2,test,981562,0,0.21493217916239413
BASE,2,test,986260,1,0.6225688686469276
BASE,2,test,986510,1,0.319432564129618
BASE,2,test,989331,1,0.5889250207298202
BASE,2,test,991197,0,0.7818467637356672
BASE,2,test,991829,1,0.6130547669445799
BASE,2,test,993100,1,0.7814035767694376
BASE,2,test,993602,1,0.33150248679240435
BASE,2,test,995694,1,0.2671000176198202
BASE,2,test,996219,0,0.569586081675732
BASE,2,test,996551,0,0.5357089937933194
BASE,2,test,1000725,1,0.6969459869938024
BASE,2,test,1001535,1,0.47802052829064323
BASE,2,test,1003409,1,0.6073533279191465
BASE,2,test,1005121,1,0.6111902497384937
BASE,2,test,1005171,1,0.7030065761819567
BASE,2,test,1005619,1,0.3856750012034646
BASE,2,test,1007363,0,0.7552023039841258
BASE,2,test,1058429,1,0.4918698582543118
BASE,2,test,1061584,1,0.355191055527883
BASE,2,test,1062066,0,0.5700248990932526
BASE,2,test,1066534,1,0.26631919511292423
BASE,2,test,1067041,1,0.838772586333793
BASE,2,test,1067177,1,0.7286446314758435
BASE,2,test,1068069,1,0.5949069701363805
BASE,2,test,1068151,0,0.4422516439467917
BASE,2,test,1068390,1,0.6776401520615833
BASE,2,test,1068426,1,0.6996356088525789
BASE,2,test,1068928,0,0.5664843683497266
BASE,2,test,1069432,1,0.6909865374338168
BASE,2,test,1069948,1,0.7819198023084752
BASE,2,test,1070002,1,0.4123963928501665
BASE,2,test,1070070,1,0.7980196062368755
BASE,2,test,1070173,1,0.7468294449197357
BASE,2,test,1071053,0,0.30766988511940474
BASE,2,test,1071949,1,0.6707203112180119
BASE,2,test,1072395,1,0.5519303234821922
BASE,2,test,1073214,1,0.48000397949415124
BASE,2,test,1073232,0,0.5023651126164456
BASE,2,test,1073268,1,0.4403685105443059
BASE,2,test,1073839,0,0.32093773214998467
BASE,2,test,1074312,0,0.5622340614124034
BASE,2,test,1074427,1,0.6182909783973745
BASE,2,test,1074571,1,0.6527134042729162
BASE,2,test,1074753,0,0.42786500244057607
BASE,2,test,1075228,1,0.7959205295766586
BASE,2,test,1075404,1,0.8451688652543488
BASE,2,test,1075699,1,0.4291426955831695
BASE,2,test,1077606,1,0.6695554064224793
BASE,2,test,1079282,1,0.7899894053822105
BASE,2,test,1081059,1,0.5968109784202287
BASE,2,test,1081377,0,0.3253039659313135
BASE,2,test,1081798,0,0.4502777189991656
BASE,2,test,1082290,0,0.47270500566683205
BASE,2,test,1082987,0,0.43431542822438013
BASE,2,test,1084214,1,0.7051249143297714
BASE,2,test,1084630,1,0.7222004930448491
BASE,2,test,1085216,0,0.6206669190050057
BASE,2,test,1086129,1,0.6048249209813885
BASE,2,test,1086243,1,0.795828080313316
BASE,2,test,1086770,1,0.8119222502390567
BASE,2,test,1086772,1,0.7675737317504705
BASE,2,test,1087850,0,0.5277060683443472
BASE,2,test,1089310,0,0.6208327270161119
BASE,2,test,1089629,0,0.681193435250486
BASE,2,test,1091748,1,0.6233937453791212
BASE,2,test,1093139,0,0.5286319632261239
BASE,2,test,1093650,1,0.7413688657847517
BASE,2,test,1094011,1,0.6393876697172614
BASE,2,test,1094046,1,0.6259933057880648
BASE,2,test,1094897,1,0.6081684047759023
BASE,2,test,1095869,1,0.6963135804012368
BASE,2,test,1095940,1,0.8798134752297192
BASE,2,test,1096850,1,0.6360777538719323
BASE,2,test,1096858,1,0.7630741973130177
BASE,2,test,1098886,1,0.7441428321091577
BASE,2,test,1103930,1,0.8258913534114725
BASE,2,test,1104113,1,0.6523702992144088
BASE,2,test,1104452,1,0.7139746073030865
BASE,2,test,1104592,1,0.7097011506691016
BASE,2,test,1105198,0,0.32958854564311507
BASE,2,test,1105837,1,0.5464127980999143
BASE,2,test,1106300,1,0.643830843486163
BASE,2,test,1106596,0,0.6002111712430781
BASE,2,test,1107096,1,0.6535880792660136
BASE,2,test,1107291,0,0.3436194653314278
BASE,2,test,1107631,1,0.6581774750034332
BASE,2,test,1108050,1,0.8582478256816153
BASE,2,test,1109506,1,0.8798694636785437
BASE,2,test,1109526,1,0.6331498734255218
BASE,2,test,1109598,1,0.7771555760695786
BASE,2,test,1109983,1,0.8635139855477351
BASE,2,test,1111098,1,0.3582927615226518
BASE,2,test,1111860,1,0.5952071904419203
BASE,2,test,1113294,1,0.7709239925591663
BASE,2,test,1113365,1,0.5802889994911822
BASE,2,test,1113808,0,0.45016231097138787
BASE,2,test,1115713,1,0.6264902211178545
BASE,2,test,1116144,1,0.7011322509150455
BASE,2,test,1116479,0,0.8401304977796336
BASE,2,test,1116580,1,0.49198883666804166
BASE,2,test,1117063,0,0.2578504501894091
BASE,2,test,1117243,1,0.7931548794995845
BASE,2,test,1117669,0,0.476472102098292
BASE,2,test,1117701,1,0.748740226901254
BASE,2,test,1117869,1,0.8001102015506567
BASE,2,test,1118191,1,0.7399066753640093
BASE,2,test,1118291,0,0.6539200582089271
BASE,2,test,1118398,1,0.7526427374732354
BASE,2,test,1118511,1,0.6297678714366619
BASE,2,test,1118641,0,0.09122376628813927
BASE,2,test,1119092,1,0.3787617085805662
BASE,2,test,1119930,1,0.8273018024055091
BASE,2,test,1120836,1,0.8499193576758322
BASE,2,test,1121365,1,0.7306733012351293
BASE,2,test,1121559,1,0.8168785599782834
BASE,2,test,1121672,1,0.4977228994905614
BASE,2,test,1121736,0,0.7982328914759688
BASE,2,test,1121795,1,0.6495773853507043
BASE,2,test,1121927,1,0.873482069115586
BASE,2,test,1122004,0,0.20422961145238958
BASE,2,test,1122185,1,0.5185969250674438
BASE,2,test,1122658,1,0.6698200700037319
BASE,2,test,1122760,0,0.189928835909445
BASE,2,test,1123435,1,0.5411419911347325
BASE,2,test,1123551,0,0.3198601747610374
BASE,2,test,1123858,0,0.7922034875000185
BASE,2,test,1124152,0,0.7457833528586293
BASE,2,test,1124180,0,0.3184531210477724
BASE,2,test,1124482,1,0.6551127616807251
BASE,2,test,1126244,0,0.45627722164897266
BASE,2,test,1126628,1,0.8313976468275945
BASE,2,test,1126767,0,0.3758808601661897
BASE,2,test,1127029,0,0.6431250904358619
BASE,2,test,1127812,1,0.6326450715382272
BASE,2,test,1128467,1,0.6693387433554261
BASE,2,test,1128811,0,0.5951524025230198
BASE,2,test,1129353,0,0.6327476703252418
BASE,2,test,1129383,1,0.48989584755688625
BASE,2,test,1129401,1,0.5886162144799626
BASE,2,test,1130020,1,0.7957309672625938
BASE,2,test,1130043,1,0.37421653296595614
BASE,2,test,1130495,1,0.2919859660587001
BASE,2,test,1130530,0,0.7894871808850471
BASE,2,test,1131124,1,0.7597845005979217
BASE,2,test,1131656,1,0.8026359417797073
BASE,2,test,1132058,1,0.2359845610392181
BASE,2,test,1132465,1,0.7347724908127597
BASE,2,test,1132886,0,0.5682681376701089
BASE,2,test,1133211,1,0.3694651836946127
BASE,2,test,1134193,1,0.8134502627521029
BASE,2,test,1134339,0,0.37962553106792823
BASE,2,test,1135004,0,0.7395974779609642
BASE,2,test,1136675,1,0.5657136968886836
BASE,2,test,1136878,1,0.6494770267150427
BASE,2,test,1137456,0,0.8684331410286642
BASE,2,test,1137818,1,0.2560646615161503
BASE,2,test,1138670,1,0.8297205487970392
BASE,2,test,1138681,1,0.6893043922977197
BASE,2,test,1138864,1,0.5113010910802852
BASE,2,test,1140316,1,0.835285896192174
BASE,2,test,1142126,0,0.36555900446982936
BASE,2,test,1142188,1,0.5467377643599115
BASE,2,test,1144028,0,0.5193682238996407
BASE,2,test,1144147,0,0.5891606960495899
BASE,2,test,1144488,1,0.6671037844535115
BASE,2,test,1144757,1,0.7510817847146921
BASE,2,test,1145720,0,0.7811926399557221
BASE,2,test,1146563,0,0.7272943536593615
BASE,2,test,1146584,1,0.6818109233135792
BASE,2,test,1148113,1,0.2775580236617889
BASE,2,test,1148157,1,0.7659989611064557
BASE,2,test,1148282,1,0.6518515540276094
BASE,2,test,1148607,1,0.5575755879787555
BASE,2,test,1148756,1,0.6661833768020863
BASE,2,test,1148957,1,0.6926015588179747
BASE,2,test,1149553,1,0.8300903248997433
BASE,2,test,1149963,1,0.3513977877231261
BASE,2,test,1150067,1,0.7148151527356164
BASE,2,test,1150178,1,0.3759879831241976
BASE,2,test,1151052,0,0.41070304726737583
BASE,2,test,1151422,1,0.807962652348277
BASE,2,test,1151513,1,0.5352326264179582
BASE,2,test,1151818,0,0.2735684239582361
BASE,2,test,1152700,1,0.5952466664123791
BASE,2,test,1152707,0,0.7673637777463802
BASE,2,test,1153263,0,0.6448338299553578
BASE,2,test,1153649,0,0.6271247499659356
BASE,2,test,1153914,1,0.7016621818744377
BASE,2,test,1154191,1,0.6345895428709079
BASE,2,test,1154313,1,0.5251309827361216
BASE,2,test,1154712,1,0.7134807250545099
BASE,2,test,1155176,1,0.5847210961451006
BASE,2,test,1155575,1,0.7183492693702185
BASE,2,test,1156251,1,0.2531668615898538
BASE,2,test,1156386,1,0.602815628406895
BASE,2,test,1156786,1,0.22587117869058584
BASE,2,test,1156887,1,0.5770335428615345
BASE,2,test,1158961,1,0.8073090217940573
BASE,2,test,1205766,1,0.6562777896469635
BASE,2,test,1205889,1,0.698654457321521
BASE,2,test,1206310,1,0.34369801077769535
BASE,2,test,1207017,1,0.8425835450430134
BASE,2,test,1207116,1,0.7950816679791347
BASE,2,test,1207484,0,0.6397504803297049
BASE,2,test,1207861,1,0.9079786920096576
BASE,2,test,1207963,1,0.3454047129745541
BASE,2,test,1208561,1,0.7054685235463697
BASE,2,test,1208898,1,0.5615600482368757
BASE,2,test,1209022,1,0.6634322178947472
BASE,2,test,1209496,0,0.46051353098191616
BASE,2,test,1210080,0,0.6205443936772106
BASE,2,test,1210100,0,0.27557899121319673
BASE,2,test,1210485,1,0.6220055342668129
BASE,2,test,1210639,1,0.7654475544974322
BASE,2,test,1210786,0,0.42389951205849913
BASE,2,test,1210809,1,0.789445261590425
BASE,2,test,1211001,1,0.7856711753591383
BASE,2,test,1211380,1,0.29278299610869407
BASE,2,test,1212066,0,0.5112968340032866
BASE,2,test,1212451,0,0.5295841330474154
BASE,2,test,1212582,1,0.7212992940580202
BASE,2,test,1213071,1,0.4050689279727232
BASE,2,test,1213526,1,0.7748240398178732
BASE,2,test,1214739,0,0.4504267208202861
BASE,2,test,1214832,0,0.5534772299878068
BASE,2,test,1215142,0,0.36237464974773553
BASE,2,test,1215607,0,0.2453380639440585
BASE,2,test,1216041,1,0.7261647501891335
BASE,2,test,1216045,1,0.8042716741370909
BASE,2,test,1216704,1,0.7460279370992364
BASE,2,test,1216776,1,0.29375576442137846
BASE,2,test,1217243,1,0.5892894894871938
BASE,2,test,1218194,1,0.36778684064876543
BASE,2,test,1218554,1,0.8929054219909338
BASE,2,test,1218673,1,0.40200622229568544
BASE,2,test,1219597,0,0.5777860048401657
BASE,2,test,1219877,1,0.6181275095771624
BASE,2,test,1220226,0,0.36126557538396803
BASE,2,test,1220426,0,0.3259366957747327
BASE,2,test,1220526,1,0.6618965199346012
BASE,2,test,1220699,1,0.68379933290799
BASE,2,test,1220702,0,0.4655131656898104
BASE,2,test,1220802,1,0.7499287858903777
BASE,2,test,1220833,1,0.7120976690902219
BASE,2,test,1220875,0,0.4195933876448698
BASE,2,test,1221102,0,0.8582629170503846
BASE,2,test,1221236,1,0.48946420126291446
BASE,2,test,1221707,0,0.38927994734216914
BASE,2,test,1222369,0,0.8337857597744042
BASE,2,test,1222988,1,0.7651565589877505
BASE,2,test,1223193,0,0.683459127603101
BASE,2,test,1223568,1,0.708842309188332
BASE,2,test,1223754,0,0.6373648171816352
BASE,2,test,1224229,1,0.852300030963021
BASE,2,test,1224519,1,0.6647028518992077
BASE,2,test,1224731,1,0.7912683645848234
BASE,2,test,1225050,0,0.33407009394650033
BASE,2,test,1225323,1,0.5208229043598632
BASE,2,test,1225341,1,0.5228505132958216
BASE,2,test,1225388,0,0.6110149276186393
BASE,2,test,1225413,1,0.7942252670963807
BASE,2,test,1225605,0,0.6958700515416263
BASE,2,test,1226794,0,0.2780805450811695
BASE,2,test,1226946,1,0.8994405146873659
BASE,2,test,1227262,1,0.6762352083338218
BASE,2,test,1227437,1,0.7757180758413534
BASE,2,test,1227597,0,0.5069406478317966
BASE,2,test,1227732,1,0.36976315780342844
BASE,2,test,1227755,1,0.8282029716288375
BASE,2,test,1227765,1,0.7729640544376793
BASE,2,test,1228018,1,0.4866858625237864
BASE,2,test,1228461,1,0.9031376792467679
BASE,2,test,1228842,0,0.1666139272060053
BASE,2,test,1229345,1,0.7687452543022775
BASE,2,test,1229605,0,0.502030453107675
BASE,2,test,1230051,1,0.6516989407666897
BASE,2,test,1230374,1,0.885244308316028
BASE,2,test,1230384,0,0.5301605434321431
BASE,2,test,1230408,1,0.6309097572833811
BASE,2,test,1230574,0,0.5795870498150822
BASE,2,test,1230712,0,0.6523174158203473
BASE,2,test,1230855,0,0.38916687565802877
BASE,2,test,1231339,0,0.47345319999690766
BASE,2,test,1232028,0,0.23403460826104439
BASE,2,test,1233241,0,0.5034499061441172
BASE,2,test,1233508,1,0.7087780325246209
BASE,2,test,1233527,1,0.5831893430384516
BASE,2,test,1233621,0,0.6567175809526424
BASE,2,test,1233632,1,0.427465192030202
BASE,2,test,1233791,1,0.4232364941003284
BASE,2,test,1234521,0,0.515441413252267
BASE,2,test,1235863,1,0.63146742448852
BASE,2,test,1235882,0,0.5625364525346153
BASE,2,test,1235914,0,0.18694358697947824
BASE,2,test,1235985,1,0.4995287990868089
BASE,2,test,1236656,0,0.41334421557286205
BASE,2,test,1237272,1,0.4654556377072183
BASE,2,test,1237647,0,0.4151178248612309
BASE,2,test,1238245,1,0.6810403592061222
BASE,2,test,1238297,0,0.3329108385700907
BASE,2,test,1238348,0,0.5774208471840295
BASE,2,test,1238457,1,0.681850721979984
BASE,2,test,1238537,0,0.6061329935881281
BASE,2,test,1238550,1,0.773900867447493
BASE,2,test,1238559,1,0.7608660912684109
BASE,2,test,1238835,1,0.703759225008273
BASE,2,test,1238864,1,0.6704421871809769
BASE,2,test,1238867,1,0.6207645782860554
BASE,2,test,1238917,0,0.46819783827981776
BASE,2,test,1238960,1,0.6356396387459252
BASE,2,test,1239042,1,0.4923992750549052
BASE,2,test,1239079,1,0.5987414222076002
BASE,2,test,1239224,1,0.34037262252498546
BASE,2,test,1239283,1,0.6359779187497194
BASE,2,test,1239427,1,0.7798441861018106
BASE,2,test,1239611,1,0.6216881039141817
BASE,2,test,1239907,1,0.6302075359759767
BASE,2,test,1241318,1,0.33229950654514406
BASE,2,test,1241362,1,0.7525847153089927
BASE,2,test,1241625,0,0.784052940178539
BASE,2,test,1241779,1,0.529410248144144
BASE,2,test,1242413,1,0.4843615168009701
BASE,2,test,1242831,0,0.4072496010619055
BASE,2,test,1243993,0,0.4124158147611892
BASE,2,test,1244763,0,0.4419586513789588
BASE,2,test,1244765,0,0.4990623196416359
BASE,2,test,1245905,1,0.48903047451797294
BASE,2,test,1245930,0,0.3281846009922923
BASE,2,test,1246192,1,0.37611676524387483
BASE,2,test,1246490,1,0.7499025650741138
BASE,2,test,1246702,1,0.4395231714542489
BASE_x_R1a,2,test,17109,1,0.4376213542527965
BASE_x_R1a,2,test,22019,0,0.23305444390569796
BASE_x_R1a,2,test,30603,1,0.6914775108731352
BASE_x_R1a,2,test,36502,0,0.32619594074004415
BASE_x_R1a,2,test,42908,1,0.8485203235774473
BASE_x_R1a,2,test,52327,1,0.8845154229652052
BASE_x_R1a,2,test,52609,1,0.5625666345201206
BASE_x_R1a,2,test,54828,1,0.7976994592869784
BASE_x_R1a,2,test,61867,0,0.37667235236772006
BASE_x_R1a,2,test,63449,0,0.5565021332709038
BASE_x_R1a,2,test,65596,0,0.5403196201082406
BASE_x_R1a,2,test,68483,1,0.6038835467990389
BASE_x_R1a,2,test,70693,0,0.8132690646555577
BASE_x_R1a,2,test,74146,0,0.7283733081012742
BASE_x_R1a,2,test,85978,1,0.620801748502689
BASE_x_R1a,2,test,86305,1,0.6457644103303594
BASE_x_R1a,2,test,86310,1,0.6021010794775518
BASE_x_R1a,2,test,91934,0,0.45781512981613176
BASE_x_R1a,2,test,93011,0,0.6279073929254968
BASE_x_R1a,2,test,98629,1,0.29549751292821963
BASE_x_R1a,2,test,102312,1,0.7997419442873798
BASE_x_R1a,2,test,105772,1,0.8508068340787623
BASE_x_R1a,2,test,108509,1,0.5436607089339662
BASE_x_R1a,2,test,113763,0,0.6320977480927809
BASE_x_R1a,2,test,121544,1,0.655579736419775
BASE_x_R1a,2,test,132583,0,0.5122360546838091
BASE_x_R1a,2,test,143353,1,0.6115832781590612
BASE_x_R1a,2,test,144004,0,0.6186955245806189
BASE_x_R1a,2,test,157463,1,0.6883362909785583
BASE_x_R1a,2,test,160103,1,0.7741256063500137
BASE_x_R1a,2,test,160197,1,0.5568500048460231
BASE_x_R1a,2,test,163423,1,0.9121526165976361
BASE_x_R1a,2,test,164362,1,0.5771660390281396
BASE_x_R1a,2,test,165324,0,0.6924317268751418
BASE_x_R1a,2,test,166451,1,0.407800475466325
BASE_x_R1a,2,test,167707,1,0.5695956993826592
BASE_x_R1a,2,test,180001,0,0.145715423457237
BASE_x_R1a,2,test,181034,1,0.8137799297347739
BASE_x_R1a,2,test,182595,0,0.5917532690187065
BASE_x_R1a,2,test,183219,0,0.6688260044610221
BASE_x_R1a,2,test,184704,0,0.6637592939314727
BASE_x_R1a,2,test,190049,1,0.4890367170953781
BASE_x_R1a,2,test,203461,1,0.5737660120409656
BASE_x_R1a,2,test,208652,1,0.4419161856178689
BASE_x_R1a,2,test,216589,1,0.6109100407166713
BASE_x_R1a,2,test,218529,1,0.5761910047149429
BASE_x_R1a,2,test,220792,0,0.4281850603948974
BASE_x_R1a,2,test,223651,1,0.5947012206421305
BASE_x_R1a,2,test,229959,1,0.7341439462056555
BASE_x_R1a,2,test,234398,0,0.5139037716481343
BASE_x_R1a,2,test,234471,0,0.16232927438104944
BASE_x_R1a,2,test,240229,0,0.2465956346255621
BASE_x_R1a,2,test,250983,0,0.7649670500238552
BASE_x_R1a,2,test,252362,0,0.5600823238776539
BASE_x_R1a,2,test,271298,0,0.7570665445109555
BASE_x_R1a,2,test,274179,0,0.6465882924592382
BASE_x_R1a,2,test,275882,1,0.8164021114359676
BASE_x_R1a,2,test,278098,0,0.32182814786082004
BASE_x_R1a,2,test,278230,0,0.33702098892546756
BASE_x_R1a,2,test,278485,0,0.23526490093441552
BASE_x_R1a,2,test,285173,1,0.6493996824927133
BASE_x_R1a,2,test,288581,1,0.6811571202009128
BASE_x_R1a,2,test,293811,0,0.5703159311816677
BASE_x_R1a,2,test,304034,0,0.1885973551022028
BASE_x_R1a,2,test,309162,1,0.6172932367217234
BASE_x_R1a,2,test,309228,1,0.8645490741426022
BASE_x_R1a,2,test,315569,1,0.8889525186555545
BASE_x_R1a,2,test,325318,0,0.5177345839023207
BASE_x_R1a,2,test,327943,1,0.7470112306462688
BASE_x_R1a,2,test,335403,0,0.6846166082224084
BASE_x_R1a,2,test,345895,1,0.8948801871768921
BASE_x_R1a,2,test,350707,0,0.4560252829382802
BASE_x_R1a,2,test,353416,1,0.7312872199936572
BASE_x_R1a,2,test,354035,1,0.7081420908289451
BASE_x_R1a,2,test,360745,1,0.5672460183687373
BASE_x_R1a,2,test,367686,0,0.7787272657518183
BASE_x_R1a,2,test,369915,1,0.5246396478454847
BASE_x_R1a,2,test,372332,1,0.8516337440278636
BASE_x_R1a,2,test,374203,0,0.6549080304077901
BASE_x_R1a,2,test,376880,1,0.464090623763096
BASE_x_R1a,2,test,377217,1,0.5108011867159971
BASE_x_R1a,2,test,383626,1,0.7211557307034318
BASE_x_R1a,2,test,384429,0,0.6381645890049127
BASE_x_R1a,2,test,391348,0,0.810999355342193
BASE_x_R1a,2,test,398295,0,0.29563130350625594
BASE_x_R1a,2,test,398592,1,0.6732134234869831
BASE_x_R1a,2,test,400980,1,0.8712039638831794
BASE_x_R1a,2,test,403399,0,0.4919253597634993
BASE_x_R1a,2,test,405843,1,0.8252080352130313
BASE_x_R1a,2,test,409579,1,0.5080864876888005
BASE_x_R1a,2,test,410795,1,0.9088174575597681
BASE_x_R1a,2,test,412716,1,0.8509354691079912
BASE_x_R1a,2,test,419522,1,0.6984463095830163
BASE_x_R1a,2,test,432045,0,0.2700206971536801
BASE_x_R1a,2,test,432782,0,0.6883581035852967
BASE_x_R1a,2,test,433303,1,0.7206222739565651
BASE_x_R1a,2,test,438187,1,0.5753777432955406
BASE_x_R1a,2,test,442019,0,0.6226565422464884
BASE_x_R1a,2,test,442797,1,0.6521844998047152
BASE_x_R1a,2,test,442895,1,0.8797027917965665
BASE_x_R1a,2,test,443207,1,0.5232769763138868
BASE_x_R1a,2,test,443610,0,0.7633991741035295
BASE_x_R1a,2,test,445318,0,0.6011892801434306
BASE_x_R1a,2,test,451415,1,0.5086877183756148
BASE_x_R1a,2,test,460422,1,0.30911870047374035
BASE_x_R1a,2,test,460580,1,0.6675546718787654
BASE_x_R1a,2,test,463375,1,0.7687961140970613
BASE_x_R1a,2,test,465763,1,0.8680815386176675
BASE_x_R1a,2,test,468342,1,0.8074062479916445
BASE_x_R1a,2,test,469078,1,0.3352962931384164
BASE_x_R1a,2,test,476977,1,0.6827072120154376
BASE_x_R1a,2,test,477285,1,0.5061818092090163
BASE_x_R1a,2,test,486523,0,0.5551193822568549
BASE_x_R1a,2,test,488255,0,0.36903972066207563
BASE_x_R1a,2,test,490630,1,0.43517354419340876
BASE_x_R1a,2,test,492132,0,0.7554623983007965
BASE_x_R1a,2,test,492492,0,0.5459725157856079
BASE_x_R1a,2,test,507011,1,0.39352032227326456
BASE_x_R1a,2,test,508867,1,0.5088084324293927
BASE_x_R1a,2,test,511417,1,0.31919360481869963
BASE_x_R1a,2,test,512053,1,0.7085277249245491
BASE_x_R1a,2,test,512180,1,0.7406031427755561
BASE_x_R1a,2,test,515887,1,0.6327044013611739
BASE_x_R1a,2,test,516493,0,0.49274860540634285
BASE_x_R1a,2,test,525973,0,0.5648428614576061
BASE_x_R1a,2,test,529750,0,0.4089482497284426
BASE_x_R1a,2,test,536935,1,0.5466317987370468
BASE_x_R1a,2,test,549363,0,0.16875870900065454
BASE_x_R1a,2,test,552901,1,0.6286357063585948
BASE_x_R1a,2,test,555492,0,0.3673887616630694
BASE_x_R1a,2,test,559178,1,0.6693446747437324
BASE_x_R1a,2,test,565908,0,0.6670733520518622
BASE_x_R1a,2,test,575773,1,0.5781465844758724
BASE_x_R1a,2,test,580587,0,0.36068766722107076
BASE_x_R1a,2,test,581598,1,0.8804022401263245
BASE_x_R1a,2,test,588986,1,0.6944032368978091
BASE_x_R1a,2,test,589857,0,0.38579428348764083
BASE_x_R1a,2,test,591051,1,0.7323005699865357
BASE_x_R1a,2,test,592121,0,0.32832922733479286
BASE_x_R1a,2,test,592548,0,0.5671793448026959
BASE_x_R1a,2,test,595954,1,0.6068106918249354
BASE_x_R1a,2,test,596445,0,0.5913267256016176
BASE_x_R1a,2,test,602165,1,0.36727958590136056
BASE_x_R1a,2,test,604557,1,0.5066239706164807
BASE_x_R1a,2,test,605762,0,0.32396122864507787
BASE_x_R1a,2,test,607813,0,0.6139037084710204
BASE_x_R1a,2,test,610488,0,0.3783357559693568
BASE_x_R1a,2,test,611309,0,0.6256656900102474
BASE_x_R1a,2,test,615384,1,0.5017421025045619
BASE_x_R1a,2,test,617695,0,0.33444080387549957
BASE_x_R1a,2,test,618335,1,0.6622660852131849
BASE_x_R1a,2,test,624692,1,0.420163330769098
BASE_x_R1a,2,test,626615,0,0.21923021983633112
BASE_x_R1a,2,test,627587,1,0.8293039500215853
BASE_x_R1a,2,test,628861,1,0.724290883841564
BASE_x_R1a,2,test,644091,1,0.6424340120504476
BASE_x_R1a,2,test,644443,1,0.6553988998759753
BASE_x_R1a,2,test,647436,0,0.465015433374521
BASE_x_R1a,2,test,650259,0,0.6449776177391786
BASE_x_R1a,2,test,657738,0,0.6339839340259548
BASE_x_R1a,2,test,660164,1,0.545939907052244
BASE_x_R1a,2,test,660433,0,0.32998797484089365
BASE_x_R1a,2,test,663130,1,0.4797277067657872
BASE_x_R1a,2,test,663548,1,0.526878303655753
BASE_x_R1a,2,test,665050,1,0.5782387506724356
BASE_x_R1a,2,test,665220,1,0.6435455504938082
BASE_x_R1a,2,test,671576,0,0.34837061884589526
BASE_x_R1a,2,test,672172,1,0.8571040960193888
BASE_x_R1a,2,test,677259,0,0.2654198652283781
BASE_x_R1a,2,test,681120,1,0.6105874644989236
BASE_x_R1a,2,test,684963,1,0.8736367828434812
BASE_x_R1a,2,test,687171,1,0.488787943230203
BASE_x_R1a,2,test,690734,0,0.428432594293745
BASE_x_R1a,2,test,693326,1,0.7972509096529925
BASE_x_R1a,2,test,696029,0,0.6707883791762927
BASE_x_R1a,2,test,699877,0,0.5831332184324228
BASE_x_R1a,2,test,701498,1,0.647893179736394
BASE_x_R1a,2,test,702078,0,0.5841858796113649
BASE_x_R1a,2,test,702801,0,0.44540951397635625
BASE_x_R1a,2,test,704059,0,0.5994716349153077
BASE_x_R1a,2,test,704101,1,0.7828408680961675
BASE_x_R1a,2,test,709805,1,0.9129280587198507
BASE_x_R1a,2,test,711782,1,0.7390341519382876
BASE_x_R1a,2,test,711787,1,0.6454216758873079
BASE_x_R1a,2,test,712016,1,0.861431741596705
BASE_x_R1a,2,test,714764,0,0.6687762005251987
BASE_x_R1a,2,test,715221,1,0.4214297895635838
BASE_x_R1a,2,test,723474,0,0.4837140377305406
BASE_x_R1a,2,test,726409,0,0.5665844367037682
BASE_x_R1a,2,test,726499,0,0.6690816671996784
BASE_x_R1a,2,test,740043,1,0.8304556108249994
BASE_x_R1a,2,test,742847,0,0.3746722782536188
BASE_x_R1a,2,test,743605,1,0.582551394321484
BASE_x_R1a,2,test,747584,1,0.777787669708172
BASE_x_R1a,2,test,750881,0,0.5357515056032416
BASE_x_R1a,2,test,751252,0,0.6042490367486139
BASE_x_R1a,2,test,755294,1,0.6829963127555214
BASE_x_R1a,2,test,780355,1,0.6930648405220936
BASE_x_R1a,2,test,789437,1,0.8553378366582615
BASE_x_R1a,2,test,803706,1,0.5553977639404206
BASE_x_R1a,2,test,806762,0,0.2778873975413867
BASE_x_R1a,2,test,808258,0,0.4033305455780697
BASE_x_R1a,2,test,809234,1,0.7848356241357076
BASE_x_R1a,2,test,818267,1,0.8043001555669523
BASE_x_R1a,2,test,829142,1,0.8322967364600534
BASE_x_R1a,2,test,835463,1,0.6704178389876512
BASE_x_R1a,2,test,839278,1,0.6364118109383843
BASE_x_R1a,2,test,841534,0,0.23535365450925438
BASE_x_R1a,2,test,841748,1,0.5855641389867723
BASE_x_R1a,2,test,844964,0,0.5196318737074576
BASE_x_R1a,2,test,851163,1,0.5888199862571932
BASE_x_R1a,2,test,851639,1,0.6385181643566257
BASE_x_R1a,2,test,854069,1,0.41756603362220546
BASE_x_R1a,2,test,855223,1,0.41974298354054035
BASE_x_R1a,2,test,857435,1,0.4125761845265813
BASE_x_R1a,2,test,860381,0,0.3608908466938718
BASE_x_R1a,2,test,861607,0,0.4549423736407405
BASE_x_R1a,2,test,872844,1,0.7792110990876485
BASE_x_R1a,2,test,877831,0,0.7072575314026562
BASE_x_R1a,2,test,878721,0,0.6468495565785553
BASE_x_R1a,2,test,882885,1,0.7429874979242822
BASE_x_R1a,2,test,883112,1,0.6982893500401961
BASE_x_R1a,2,test,883479,0,0.5770534402267189
BASE_x_R1a,2,test,885394,1,0.49291113944964854
BASE_x_R1a,2,test,899469,1,0.7789360990603055
BASE_x_R1a,2,test,900762,1,0.752734856965816
BASE_x_R1a,2,test,900957,1,0.8410683298482051
BASE_x_R1a,2,test,924232,0,0.6632175708658523
BASE_x_R1a,2,test,934409,0,0.5922116053491253
BASE_x_R1a,2,test,941626,1,0.39599832337457236
BASE_x_R1a,2,test,947197,1,0.2209721524390215
BASE_x_R1a,2,test,951246,0,0.13542764858079528
BASE_x_R1a,2,test,954440,1,0.31160821483895285
BASE_x_R1a,2,test,956387,1,0.3936856766582572
BASE_x_R1a,2,test,963985,1,0.8329663497144643
BASE_x_R1a,2,test,966701,0,0.736281534052618
BASE_x_R1a,2,test,968655,0,0.24598355084425905
BASE_x_R1a,2,test,976523,1,0.46804350890161395
BASE_x_R1a,2,test,977714,1,0.7754416749294875
BASE_x_R1a,2,test,979369,1,0.8167443088860361
BASE_x_R1a,2,test,980871,1,0.5619333494105526
BASE_x_R1a,2,test,981562,0,0.22185720845476076
BASE_x_R1a,2,test,986260,1,0.5948427976385193
BASE_x_R1a,2,test,986510,1,0.3598202086648661
BASE_x_R1a,2,test,989331,1,0.5615726225680535
BASE_x_R1a,2,test,991197,0,0.850274035003913
BASE_x_R1a,2,test,991829,1,0.6706849212893107
BASE_x_R1a,2,test,993100,1,0.8225733541470011
BASE_x_R1a,2,test,993602,1,0.38907676737511926
BASE_x_R1a,2,test,995694,1,0.2888169563259243
BASE_x_R1a,2,test,996219,0,0.5484284037281282
BASE_x_R1a,2,test,996551,0,0.5854301238968267
BASE_x_R1a,2,test,1000725,1,0.6612480653903482
BASE_x_R1a,2,test,1001535,1,0.4910907705403476
BASE_x_R1a,2,test,1003409,1,0.6087310034733197
BASE_x_R1a,2,test,1005121,1,0.6527474326117675
BASE_x_R1a,2,test,1005171,1,0.7840018381418951
BASE_x_R1a,2,test,1005619,1,0.3672648861212338
BASE_x_R1a,2,test,1007363,0,0.783466873340491
BASE_x_R1a,2,test,1058429,1,0.6641806599102336
BASE_x_R1a,2,test,1061584,1,0.4046859245177913
BASE_x_R1a,2,test,1062066,0,0.5598373098663942
BASE_x_R1a,2,test,1066534,1,0.26991564444179017
BASE_x_R1a,2,test,1067041,1,0.8681075048678383
BASE_x_R1a,2,test,1067177,1,0.6625548942843329
BASE_x_R1a,2,test,1068069,1,0.6360562943567781
BASE_x_R1a,2,test,1068151,0,0.37213632385839707
BASE_x_R1a,2,test,1068390,1,0.8072058226773154
BASE_x_R1a,2,test,1068426,1,0.6103749695328996
BASE_x_R1a,2,test,1068928,0,0.4752357703522759
BASE_x_R1a,2,test,1069432,1,0.6853908600212161
BASE_x_R1a,2,test,1069948,1,0.8589771699331386
BASE_x_R1a,2,test,1070002,1,0.34517755003594636
BASE_x_R1a,2,test,1070070,1,0.8419490725438079
BASE_x_R1a,2,test,1070173,1,0.8091627886048126
BASE_x_R1a,2,test,1071053,0,0.24915174677048807
BASE_x_R1a,2,test,1071949,1,0.7388259193875024
BASE_x_R1a,2,test,1072395,1,0.552525551889535
BASE_x_R1a,2,test,1073214,1,0.5301154475307239
BASE_x_R1a,2,test,1073232,0,0.5135640287536687
BASE_x_R1a,2,test,1073268,1,0.5111445509413168
BASE_x_R1a,2,test,1073839,0,0.3815978897056903
BASE_x_R1a,2,test,1074312,0,0.604946138699521
BASE_x_R1a,2,test,1074427,1,0.5252013449855457
BASE_x_R1a,2,test,1074571,1,0.6168613193183228
BASE_x_R1a,2,test,1074753,0,0.4960694394108542
BASE_x_R1a,2,test,1075228,1,0.7011016781725469
BASE_x_R1a,2,test,1075404,1,0.8835643248664049
BASE_x_R1a,2,test,1075699,1,0.36926622591968195
BASE_x_R1a,2,test,1077606,1,0.7012065764793499
BASE_x_R1a,2,test,1079282,1,0.7980733776210878
BASE_x_R1a,2,test,1081059,1,0.5548125917313018
BASE_x_R1a,2,test,1081377,0,0.3199528611150874
BASE_x_R1a,2,test,1081798,0,0.44618421857666346
BASE_x_R1a,2,test,1082290,0,0.4095631743387373
BASE_x_R1a,2,test,1082987,0,0.417017860565634
BASE_x_R1a,2,test,1084214,1,0.6503982094628799
BASE_x_R1a,2,test,1084630,1,0.6745952442065222
BASE_x_R1a,2,test,1085216,0,0.5124043957666099
BASE_x_R1a,2,test,1086129,1,0.5725474831425149
BASE_x_R1a,2,test,1086243,1,0.7822873723799778
BASE_x_R1a,2,test,1086770,1,0.7939946961010134
BASE_x_R1a,2,test,1086772,1,0.80280292816812
BASE_x_R1a,2,test,1087850,0,0.5653988132059251
BASE_x_R1a,2,test,1089310,0,0.5961987524755551
BASE_x_R1a,2,test,1089629,0,0.6616716605404265
BASE_x_R1a,2,test,1091748,1,0.6252085094212212
BASE_x_R1a,2,test,1093139,0,0.5027096523731541
BASE_x_R1a,2,test,1093650,1,0.7429405425384746
BASE_x_R1a,2,test,1094011,1,0.5886092633103942
BASE_x_R1a,2,test,1094046,1,0.6234167790621938
BASE_x_R1a,2,test,1094897,1,0.6491186784878245
BASE_x_R1a,2,test,1095869,1,0.7319230104219142
BASE_x_R1a,2,test,1095940,1,0.8773701834275812
BASE_x_R1a,2,test,1096850,1,0.7217966950199991
BASE_x_R1a,2,test,1096858,1,0.7786502411027815
BASE_x_R1a,2,test,1098886,1,0.6825093298409781
BASE_x_R1a,2,test,1103930,1,0.8544553451158212
BASE_x_R1a,2,test,1104113,1,0.5628409089691524
BASE_x_R1a,2,test,1104452,1,0.6762801347919942
BASE_x_R1a,2,test,1104592,1,0.7076360737593261
BASE_x_R1a,2,test,1105198,0,0.3614103125706392
BASE_x_R1a,2,test,1105837,1,0.48529819839375116
BASE_x_R1a,2,test,1106300,1,0.6037250811927489
BASE_x_R1a,2,test,1106596,0,0.5525776133858851
BASE_x_R1a,2,test,1107096,1,0.5955057905928337
BASE_x_R1a,2,test,1107291,0,0.356547302953558
BASE_x_R1a,2,test,1107631,1,0.6409340806258335
BASE_x_R1a,2,test,1108050,1,0.8068280715162462
BASE_x_R1a,2,test,1109506,1,0.8801987002398955
BASE_x_R1a,2,test,1109526,1,0.6308973421482819
BASE_x_R1a,2,test,1109598,1,0.8430507399328193
BASE_x_R1a,2,test,1109983,1,0.8730724311779368
BASE_x_R1a,2,test,1111098,1,0.36127644782042845
BASE_x_R1a,2,test,1111860,1,0.6696658976276847
BASE_x_R1a,2,test,1113294,1,0.7297973808547704
BASE_x_R1a,2,test,1113365,1,0.5745506833142406
BASE_x_R1a,2,test,1113808,0,0.4163389930759168
BASE_x_R1a,2,test,1115713,1,0.6829760937832213
BASE_x_R1a,2,test,1116144,1,0.7378953738639886
BASE_x_R1a,2,test,1116479,0,0.7750105882704996
BASE_x_R1a,2,test,1116580,1,0.38342915548849915
BASE_x_R1a,2,test,1117063,0,0.3229322254677383
BASE_x_R1a,2,test,1117243,1,0.7998332955700304
BASE_x_R1a,2,test,1117669,0,0.5151626895776895
BASE_x_R1a,2,test,1117701,1,0.7884719387990894
BASE_x_R1a,2,test,1117869,1,0.7504703101287916
BASE_x_R1a,2,test,1118191,1,0.7157085735502723
BASE_x_R1a,2,test,1118291,0,0.6279409421582574
BASE_x_R1a,2,test,1118398,1,0.7166273765169755
BASE_x_R1a,2,test,1118511,1,0.5285392404991094
BASE_x_R1a,2,test,1118641,0,0.08936557825498533
BASE_x_R1a,2,test,1119092,1,0.406107270636474
BASE_x_R1a,2,test,1119930,1,0.879395772880775
BASE_x_R1a,2,test,1120836,1,0.8713837582412739
BASE_x_R1a,2,test,1121365,1,0.799635006470029
BASE_x_R1a,2,test,1121559,1,0.8395980276659278
BASE_x_R1a,2,test,1121672,1,0.4608936157863285
BASE_x_R1a,2,test,1121736,0,0.7660162311837088
BASE_x_R1a,2,test,1121795,1,0.6016338105841269
BASE_x_R1a,2,test,1121927,1,0.8696319495329667
BASE_x_R1a,2,test,1122004,0,0.2058212681182078
BASE_x_R1a,2,test,1122185,1,0.5996293046494715
BASE_x_R1a,2,test,1122658,1,0.6746248756367144
BASE_x_R1a,2,test,1122760,0,0.1607848116311277
BASE_x_R1a,2,test,1123435,1,0.5255416680207173
BASE_x_R1a,2,test,1123551,0,0.36775522762233037
BASE_x_R1a,2,test,1123858,0,0.8304653209039501
BASE_x_R1a,2,test,1124152,0,0.7506412146848023
BASE_x_R1a,2,test,1124180,0,0.3586142870508599
BASE_x_R1a,2,test,1124482,1,0.646134045433642
BASE_x_R1a,2,test,1126244,0,0.3941764571116192
BASE_x_R1a,2,test,1126628,1,0.8371416286425134
BASE_x_R1a,2,test,1126767,0,0.46201176893408946
BASE_x_R1a,2,test,1127029,0,0.6549862012863705
BASE_x_R1a,2,test,1127812,1,0.5344856685071153
BASE_x_R1a,2,test,1128467,1,0.6944823581362819
BASE_x_R1a,2,test,1128811,0,0.6163788734701589
BASE_x_R1a,2,test,1129353,0,0.6191565207125407
BASE_x_R1a,2,test,1129383,1,0.48127960487254845
BASE_x_R1a,2,test,1129401,1,0.4269349587877062
BASE_x_R1a,2,test,1130020,1,0.7642515913611504
BASE_x_R1a,2,test,1130043,1,0.48644216326406137
BASE_x_R1a,2,test,1130495,1,0.2943329810351038
BASE_x_R1a,2,test,1130530,0,0.7506364044186646
BASE_x_R1a,2,test,1131124,1,0.7988865565916187
BASE_x_R1a,2,test,1131656,1,0.87427351613024
BASE_x_R1a,2,test,1132058,1,0.18687036063413978
BASE_x_R1a,2,test,1132465,1,0.6632801043365519
BASE_x_R1a,2,test,1132886,0,0.6519627656612902
BASE_x_R1a,2,test,1133211,1,0.40115196169081246
BASE_x_R1a,2,test,1134193,1,0.8299755929540673
BASE_x_R1a,2,test,1134339,0,0.36574183008390754
BASE_x_R1a,2,test,1135004,0,0.6735538351172552
BASE_x_R1a,2,test,1136675,1,0.5348874979723052
BASE_x_R1a,2,test,1136878,1,0.6522646326416054
BASE_x_R1a,2,test,1137456,0,0.8131093518961496
BASE_x_R1a,2,test,1137818,1,0.232151300031534
BASE_x_R1a,2,test,1138670,1,0.816341084407281
BASE_x_R1a,2,test,1138681,1,0.6204939838123512
BASE_x_R1a,2,test,1138864,1,0.5942597734920332
BASE_x_R1a,2,test,1140316,1,0.8648892780709372
BASE_x_R1a,2,test,1142126,0,0.31145734948209874
BASE_x_R1a,2,test,1142188,1,0.5898397302241888
BASE_x_R1a,2,test,1144028,0,0.5449895102582809
BASE_x_R1a,2,test,1144147,0,0.5992726807812493
BASE_x_R1a,2,test,1144488,1,0.6894529381409933
BASE_x_R1a,2,test,1144757,1,0.7417611229639895
BASE_x_R1a,2,test,1145720,0,0.7756866059614272
BASE_x_R1a,2,test,1146563,0,0.7173425630552913
BASE_x_R1a,2,test,1146584,1,0.7460669984677506
BASE_x_R1a,2,test,1148113,1,0.2940255451487879
BASE_x_R1a,2,test,1148157,1,0.7943151355191925
BASE_x_R1a,2,test,1148282,1,0.6168499746667981
BASE_x_R1a,2,test,1148607,1,0.6527011354285345
BASE_x_R1a,2,test,1148756,1,0.6287132285339688
BASE_x_R1a,2,test,1148957,1,0.7291960528137713
BASE_x_R1a,2,test,1149553,1,0.8364155146847352
BASE_x_R1a,2,test,1149963,1,0.3133588937427188
BASE_x_R1a,2,test,1150067,1,0.6789453596440659
BASE_x_R1a,2,test,1150178,1,0.4327993839592868
BASE_x_R1a,2,test,1151052,0,0.4591353095174424
BASE_x_R1a,2,test,1151422,1,0.8515270982652919
BASE_x_R1a,2,test,1151513,1,0.49026400828446703
BASE_x_R1a,2,test,1151818,0,0.33660460974021233
BASE_x_R1a,2,test,1152700,1,0.5945463578300617
BASE_x_R1a,2,test,1152707,0,0.7486543780956366
BASE_x_R1a,2,test,1153263,0,0.7273762349598124
BASE_x_R1a,2,test,1153649,0,0.6328194127055411
BASE_x_R1a,2,test,1153914,1,0.6536700035558912
BASE_x_R1a,2,test,1154191,1,0.6615905361212401
BASE_x_R1a,2,test,1154313,1,0.5197522905334433
BASE_x_R1a,2,test,1154712,1,0.7951084465277463
BASE_x_R1a,2,test,1155176,1,0.6090354630223149
BASE_x_R1a,2,test,1155575,1,0.6876708739992811
BASE_x_R1a,2,test,1156251,1,0.17384192130891937
BASE_x_R1a,2,test,1156386,1,0.6529446944591857
BASE_x_R1a,2,test,1156786,1,0.3115895339187393
BASE_x_R1a,2,test,1156887,1,0.5616462940530993
BASE_x_R1a,2,test,1158961,1,0.7511213535866469
BASE_x_R1a,2,test,1205766,1,0.6824268665772663
BASE_x_R1a,2,test,1205889,1,0.6699162145756162
BASE_x_R1a,2,test,1206310,1,0.3321287873341845
BASE_x_R1a,2,test,1207017,1,0.7919765860591018
BASE_x_R1a,2,test,1207116,1,0.7954052011629524
BASE_x_R1a,2,test,1207484,0,0.6045386839421976
BASE_x_R1a,2,test,1207861,1,0.8163542877574886
BASE_x_R1a,2,test,1207963,1,0.3480983208916747
BASE_x_R1a,2,test,1208561,1,0.7582062119189604
BASE_x_R1a,2,test,1208898,1,0.5492577617298644
BASE_x_R1a,2,test,1209022,1,0.6188234108523775
BASE_x_R1a,2,test,1209496,0,0.5198897118786615
BASE_x_R1a,2,test,1210080,0,0.5732428496185936
BASE_x_R1a,2,test,1210100,0,0.3578464665084745
BASE_x_R1a,2,test,1210485,1,0.6334757361384449
BASE_x_R1a,2,test,1210639,1,0.826682609244318
BASE_x_R1a,2,test,1210786,0,0.37796902975517155
BASE_x_R1a,2,test,1210809,1,0.7805849480546742
BASE_x_R1a,2,test,1211001,1,0.8208090127652703
BASE_x_R1a,2,test,1211380,1,0.286465778222921
BASE_x_R1a,2,test,1212066,0,0.44040539990093047
BASE_x_R1a,2,test,1212451,0,0.548057002611009
BASE_x_R1a,2,test,1212582,1,0.694181012930023
BASE_x_R1a,2,test,1213071,1,0.44018997174181895
BASE_x_R1a,2,test,1213526,1,0.8339228591464614
BASE_x_R1a,2,test,1214739,0,0.5010861527826694
BASE_x_R1a,2,test,1214832,0,0.5040523426435156
BASE_x_R1a,2,test,1215142,0,0.4700752656233151
BASE_x_R1a,2,test,1215607,0,0.2113717921955457
BASE_x_R1a,2,test,1216041,1,0.6781814461382489
BASE_x_R1a,2,test,1216045,1,0.8156326945041452
BASE_x_R1a,2,test,1216704,1,0.7232683905937042
BASE_x_R1a,2,test,1216776,1,0.266563391289502
BASE_x_R1a,2,test,1217243,1,0.6567727461009427
BASE_x_R1a,2,test,1218194,1,0.40778016170485154
BASE_x_R1a,2,test,1218554,1,0.917394842629099
BASE_x_R1a,2,test,1218673,1,0.4319751903681939
BASE_x_R1a,2,test,1219597,0,0.5393080234508153
BASE_x_R1a,2,test,1219877,1,0.6407656389731828
BASE_x_R1a,2,test,1220226,0,0.3924345798196582
BASE_x_R1a,2,test,1220426,0,0.47593044955246117
BASE_x_R1a,2,test,1220526,1,0.6949684897128159
BASE_x_R1a,2,test,1220699,1,0.6519901237533478
BASE_x_R1a,2,test,1220702,0,0.39218943035492065
BASE_x_R1a,2,test,1220802,1,0.7286648149716364
BASE_x_R1a,2,test,1220833,1,0.6808283654335218
BASE_x_R1a,2,test,1220875,0,0.3910184545430788
BASE_x_R1a,2,test,1221102,0,0.8865805500529643
BASE_x_R1a,2,test,1221236,1,0.5470506272873862
BASE_x_R1a,2,test,1221707,0,0.46041301910689186
BASE_x_R1a,2,test,1222369,0,0.8287264767157397
BASE_x_R1a,2,test,1222988,1,0.7575138349899123
BASE_x_R1a,2,test,1223193,0,0.7054226917786163
BASE_x_R1a,2,test,1223568,1,0.8281350706850753
BASE_x_R1a,2,test,1223754,0,0.7054706142269428
BASE_x_R1a,2,test,1224229,1,0.9273016953645116
BASE_x_R1a,2,test,1224519,1,0.7490705943344402
BASE_x_R1a,2,test,1224731,1,0.7951064295329161
BASE_x_R1a,2,test,1225050,0,0.3392163079479621
BASE_x_R1a,2,test,1225323,1,0.520178070199162
BASE_x_R1a,2,test,1225341,1,0.5006025889628595
BASE_x_R1a,2,test,1225388,0,0.6320026711840253
BASE_x_R1a,2,test,1225413,1,0.8102814441624799
BASE_x_R1a,2,test,1225605,0,0.7188621894311167
BASE_x_R1a,2,test,1226794,0,0.21200860458489065
BASE_x_R1a,2,test,1226946,1,0.8960099661964511
BASE_x_R1a,2,test,1227262,1,0.7299378189006228
BASE_x_R1a,2,test,1227437,1,0.8218715456462978
BASE_x_R1a,2,test,1227597,0,0.5641007857006489
BASE_x_R1a,2,test,1227732,1,0.3607811954765328
BASE_x_R1a,2,test,1227755,1,0.8425272777379338
BASE_x_R1a,2,test,1227765,1,0.7823867327954055
BASE_x_R1a,2,test,1228018,1,0.5362473647333981
BASE_x_R1a,2,test,1228461,1,0.9436927827004983
BASE_x_R1a,2,test,1228842,0,0.16587169762115356
BASE_x_R1a,2,test,1229345,1,0.8430625587913458
BASE_x_R1a,2,test,1229605,0,0.5187302647718388
BASE_x_R1a,2,test,1230051,1,0.6708545874768164
BASE_x_R1a,2,test,1230374,1,0.9206793956853287
BASE_x_R1a,2,test,1230384,0,0.5368029242601442
BASE_x_R1a,2,test,1230408,1,0.6829716042484751
BASE_x_R1a,2,test,1230574,0,0.6796738802276167
BASE_x_R1a,2,test,1230712,0,0.7327501602624464
BASE_x_R1a,2,test,1230855,0,0.4780625397307957
BASE_x_R1a,2,test,1231339,0,0.4411017758535875
BASE_x_R1a,2,test,1232028,0,0.21386989248447016
BASE_x_R1a,2,test,1233241,0,0.493704052863607
BASE_x_R1a,2,test,1233508,1,0.6785819884541432
BASE_x_R1a,2,test,1233527,1,0.6146012410536045
BASE_x_R1a,2,test,1233621,0,0.6505717271921544
BASE_x_R1a,2,test,1233632,1,0.39319610661389837
BASE_x_R1a,2,test,1233791,1,0.37154606722691086
BASE_x_R1a,2,test,1234521,0,0.45576581854743964
BASE_x_R1a,2,test,1235863,1,0.5399306988511687
BASE_x_R1a,2,test,1235882,0,0.5781113122128139
BASE_x_R1a,2,test,1235914,0,0.2212234595998148
BASE_x_R1a,2,test,1235985,1,0.46443646414563666
BASE_x_R1a,2,test,1236656,0,0.38362007861373754
BASE_x_R1a,2,test,1237272,1,0.466489228993447
BASE_x_R1a,2,test,1237647,0,0.4152794271703842
BASE_x_R1a,2,test,1238245,1,0.7677731470242973
BASE_x_R1a,2,test,1238297,0,0.37821878768717077
BASE_x_R1a,2,test,1238348,0,0.644366597829738
BASE_x_R1a,2,test,1238457,1,0.6960512609137747
BASE_x_R1a,2,test,1238537,0,0.6639887885027221
BASE_x_R1a,2,test,1238550,1,0.7362110437551401
BASE_x_R1a,2,test,1238559,1,0.7689382162987818
BASE_x_R1a,2,test,1238835,1,0.7035606095627855
BASE_x_R1a,2,test,1238864,1,0.6658299151715794
BASE_x_R1a,2,test,1238867,1,0.6723373933275417
BASE_x_R1a,2,test,1238917,0,0.48029213811267163
BASE_x_R1a,2,test,1238960,1,0.6510083775696763
BASE_x_R1a,2,test,1239042,1,0.5329702201856265
BASE_x_R1a,2,test,1239079,1,0.6492977434046213
BASE_x_R1a,2,test,1239224,1,0.4221387284084013
BASE_x_R1a,2,test,1239283,1,0.554701416519329
BASE_x_R1a,2,test,1239427,1,0.8194497144587065
BASE_x_R1a,2,test,1239611,1,0.5543373172057213
BASE_x_R1a,2,test,1239907,1,0.6853112760148964
BASE_x_R1a,2,test,1241318,1,0.293408726683856
BASE_x_R1a,2,test,1241362,1,0.7324173027605427
BASE_x_R1a,2,test,1241625,0,0.6732714750906976
BASE_x_R1a,2,test,1241779,1,0.5459558414739848
BASE_x_R1a,2,test,1242413,1,0.4724628254459504
BASE_x_R1a,2,test,1242831,0,0.5010157236556596
BASE_x_R1a,2,test,1243993,0,0.4402649089278073
BASE_x_R1a,2,test,1244763,0,0.439871368367384
BASE_x_R1a,2,test,1244765,0,0.48358118840948683
BASE_x_R1a,2,test,1245905,1,0.462109707358258
BASE_x_R1a,2,test,1245930,0,0.292847422162199
BASE_x_R1a,2,test,1246192,1,0.39900515051097457
BASE_x_R1a,2,test,1246490,1,0.705374890738797
BASE_x_R1a,2,test,1246702,1,0.4888157887015421
BASE_x_R1a_resid,2,test,17109,1,0.39268603227924326
BASE_x_R1a_resid,2,test,22019,0,0.2544965654315692
BASE_x_R1a_resid,2,test,30603,1,0.6801234514962347
BASE_x_R1a_resid,2,test,36502,0,0.36262059453819745
BASE_x_R1a_resid,2,test,42908,1,0.8618748075632577
BASE_x_R1a_resid,2,test,52327,1,0.8345446289843441
BASE_x_R1a_resid,2,test,52609,1,0.5958358338975746
BASE_x_R1a_resid,2,test,54828,1,0.7451721568677792
BASE_x_R1a_resid,2,test,61867,0,0.39203206386780853
BASE_x_R1a_resid,2,test,63449,0,0.5303425390241376
BASE_x_R1a_resid,2,test,65596,0,0.5240804145979424
BASE_x_R1a_resid,2,test,68483,1,0.5206319721272874
BASE_x_R1a_resid,2,test,70693,0,0.80965101973364
BASE_x_R1a_resid,2,test,74146,0,0.7204750396949574
BASE_x_R1a_resid,2,test,85978,1,0.5369852644100434
BASE_x_R1a_resid,2,test,86305,1,0.5923054412746626
BASE_x_R1a_resid,2,test,86310,1,0.5795535836062011
BASE_x_R1a_resid,2,test,91934,0,0.5051775231099346
BASE_x_R1a_resid,2,test,93011,0,0.6049900338971878
BASE_x_R1a_resid,2,test,98629,1,0.40810504880850396
BASE_x_R1a_resid,2,test,102312,1,0.819794100651979
BASE_x_R1a_resid,2,test,105772,1,0.8008432155061158
BASE_x_R1a_resid,2,test,108509,1,0.48033529770764605
BASE_x_R1a_resid,2,test,113763,0,0.6829962998147441
BASE_x_R1a_resid,2,test,121544,1,0.674630647285364
BASE_x_R1a_resid,2,test,132583,0,0.5236696367036501
BASE_x_R1a_resid,2,test,143353,1,0.6238501535173068
BASE_x_R1a_resid,2,test,144004,0,0.6600145912314157
BASE_x_R1a_resid,2,test,157463,1,0.6970080500329559
BASE_x_R1a_resid,2,test,160103,1,0.7910087191730543
BASE_x_R1a_resid,2,test,160197,1,0.4732202935186903
BASE_x_R1a_resid,2,test,163423,1,0.9150779984204368
BASE_x_R1a_resid,2,test,164362,1,0.6295245975615169
BASE_x_R1a_resid,2,test,165324,0,0.7548521997565207
BASE_x_R1a_resid,2,test,166451,1,0.4062516896171467
BASE_x_R1a_resid,2,test,167707,1,0.5208531449846149
BASE_x_R1a_resid,2,test,180001,0,0.18510797765490591
BASE_x_R1a_resid,2,test,181034,1,0.8267578415946975
BASE_x_R1a_resid,2,test,182595,0,0.5672974361298193
BASE_x_R1a_resid,2,test,183219,0,0.6852550467310818
BASE_x_R1a_resid,2,test,184704,0,0.6791952318913799
BASE_x_R1a_resid,2,test,190049,1,0.41356665570095125
BASE_x_R1a_resid,2,test,203461,1,0.590962554333287
BASE_x_R1a_resid,2,test,208652,1,0.4439043361385053
BASE_x_R1a_resid,2,test,216589,1,0.5918348999324528
BASE_x_R1a_resid,2,test,218529,1,0.5617004968657642
BASE_x_R1a_resid,2,test,220792,0,0.5214222598428583
BASE_x_R1a_resid,2,test,223651,1,0.5824815053157121
BASE_x_R1a_resid,2,test,229959,1,0.7870961138091684
BASE_x_R1a_resid,2,test,234398,0,0.4431318137877354
BASE_x_R1a_resid,2,test,234471,0,0.19636703211014656
BASE_x_R1a_resid,2,test,240229,0,0.26890100442238746
BASE_x_R1a_resid,2,test,250983,0,0.8208652190957498
BASE_x_R1a_resid,2,test,252362,0,0.6097568554886912
BASE_x_R1a_resid,2,test,271298,0,0.78296720855158
BASE_x_R1a_resid,2,test,274179,0,0.6452638026368694
BASE_x_R1a_resid,2,test,275882,1,0.8300599680951063
BASE_x_R1a_resid,2,test,278098,0,0.2920043030250348
BASE_x_R1a_resid,2,test,278230,0,0.39589933759829277
BASE_x_R1a_resid,2,test,278485,0,0.192554764560977
BASE_x_R1a_resid,2,test,285173,1,0.691124217260666
BASE_x_R1a_resid,2,test,288581,1,0.6753321980392937
BASE_x_R1a_resid,2,test,293811,0,0.5813600499154115
BASE_x_R1a_resid,2,test,304034,0,0.2508114360789198
BASE_x_R1a_resid,2,test,309162,1,0.669724216990921
BASE_x_R1a_resid,2,test,309228,1,0.8725810541188039
BASE_x_R1a_resid,2,test,315569,1,0.9093163117493779
BASE_x_R1a_resid,2,test,325318,0,0.4895048274834346
BASE_x_R1a_resid,2,test,327943,1,0.6947140170917127
BASE_x_R1a_resid,2,test,335403,0,0.6392135531586575
BASE_x_R1a_resid,2,test,345895,1,0.8711904863355696
BASE_x_R1a_resid,2,test,350707,0,0.4548857556131288
BASE_x_R1a_resid,2,test,353416,1,0.7728992689643184
BASE_x_R1a_resid,2,test,354035,1,0.6918948425200884
BASE_x_R1a_resid,2,test,360745,1,0.6314852279481968
BASE_x_R1a_resid,2,test,367686,0,0.8382543375480246
BASE_x_R1a_resid,2,test,369915,1,0.6193316877905262
BASE_x_R1a_resid,2,test,372332,1,0.8812452581104722
BASE_x_R1a_resid,2,test,374203,0,0.6111601619398693
BASE_x_R1a_resid,2,test,376880,1,0.4690323129101887
BASE_x_R1a_resid,2,test,377217,1,0.4686624842095381
BASE_x_R1a_resid,2,test,383626,1,0.7029879610887341
BASE_x_R1a_resid,2,test,384429,0,0.6852149945747018
BASE_x_R1a_resid,2,test,391348,0,0.765992722134021
BASE_x_R1a_resid,2,test,398295,0,0.33780370300046875
BASE_x_R1a_resid,2,test,398592,1,0.7050068694196395
BASE_x_R1a_resid,2,test,400980,1,0.8772729273355097
BASE_x_R1a_resid,2,test,403399,0,0.4761355167563012
BASE_x_R1a_resid,2,test,405843,1,0.8251145238190631
BASE_x_R1a_resid,2,test,409579,1,0.4692033227498256
BASE_x_R1a_resid,2,test,410795,1,0.8651505039306955
BASE_x_R1a_resid,2,test,412716,1,0.7952095573333503
BASE_x_R1a_resid,2,test,419522,1,0.6894578679327381
BASE_x_R1a_resid,2,test,432045,0,0.29147027577806706
BASE_x_R1a_resid,2,test,432782,0,0.6701816474993721
BASE_x_R1a_resid,2,test,433303,1,0.7246874177758964
BASE_x_R1a_resid,2,test,438187,1,0.5220349992287624
BASE_x_R1a_resid,2,test,442019,0,0.5454838471325156
BASE_x_R1a_resid,2,test,442797,1,0.5932201930856327
BASE_x_R1a_resid,2,test,442895,1,0.8841417911925424
BASE_x_R1a_resid,2,test,443207,1,0.496520343378107
BASE_x_R1a_resid,2,test,443610,0,0.7693696286881943
BASE_x_R1a_resid,2,test,445318,0,0.5758148097377819
BASE_x_R1a_resid,2,test,451415,1,0.493408417332838
BASE_x_R1a_resid,2,test,460422,1,0.22806550015525837
BASE_x_R1a_resid,2,test,460580,1,0.6063521489602147
BASE_x_R1a_resid,2,test,463375,1,0.8108680461029334
BASE_x_R1a_resid,2,test,465763,1,0.8510222869181644
BASE_x_R1a_resid,2,test,468342,1,0.7877423535544089
BASE_x_R1a_resid,2,test,469078,1,0.28965162512242226
BASE_x_R1a_resid,2,test,476977,1,0.6479656534485969
BASE_x_R1a_resid,2,test,477285,1,0.3782371985832094
BASE_x_R1a_resid,2,test,486523,0,0.5748095331947946
BASE_x_R1a_resid,2,test,488255,0,0.444172899024441
BASE_x_R1a_resid,2,test,490630,1,0.38842682765190567
BASE_x_R1a_resid,2,test,492132,0,0.7907922563705547
BASE_x_R1a_resid,2,test,492492,0,0.4681128155416963
BASE_x_R1a_resid,2,test,507011,1,0.3651841115996393
BASE_x_R1a_resid,2,test,508867,1,0.45095622927469264
BASE_x_R1a_resid,2,test,511417,1,0.287574554732883
BASE_x_R1a_resid,2,test,512053,1,0.7616741308368675
BASE_x_R1a_resid,2,test,512180,1,0.7739077067718769
BASE_x_R1a_resid,2,test,515887,1,0.5565070532811041
BASE_x_R1a_resid,2,test,516493,0,0.4810276552851069
BASE_x_R1a_resid,2,test,525973,0,0.6310839041180965
BASE_x_R1a_resid,2,test,529750,0,0.41425838117998814
BASE_x_R1a_resid,2,test,536935,1,0.4511811723153254
BASE_x_R1a_resid,2,test,549363,0,0.18393971637552908
BASE_x_R1a_resid,2,test,552901,1,0.5732119871690418
BASE_x_R1a_resid,2,test,555492,0,0.44328897557661134
BASE_x_R1a_resid,2,test,559178,1,0.7432318494656189
BASE_x_R1a_resid,2,test,565908,0,0.602764805330055
BASE_x_R1a_resid,2,test,575773,1,0.5842345989919686
BASE_x_R1a_resid,2,test,580587,0,0.3750421266883038
BASE_x_R1a_resid,2,test,581598,1,0.8633603823226467
BASE_x_R1a_resid,2,test,588986,1,0.6022225242505737
BASE_x_R1a_resid,2,test,589857,0,0.4021882906255641
BASE_x_R1a_resid,2,test,591051,1,0.6845652699766843
BASE_x_R1a_resid,2,test,592121,0,0.3353816738782077
BASE_x_R1a_resid,2,test,592548,0,0.5591737392412289
BASE_x_R1a_resid,2,test,595954,1,0.5743848998172169
BASE_x_R1a_resid,2,test,596445,0,0.6295562708963842
BASE_x_R1a_resid,2,test,602165,1,0.35667097310851514
BASE_x_R1a_resid,2,test,604557,1,0.515381689759343
BASE_x_R1a_resid,2,test,605762,0,0.3243528339035729
BASE_x_R1a_resid,2,test,607813,0,0.5883605325666988
BASE_x_R1a_resid,2,test,610488,0,0.42724300123462866
BASE_x_R1a_resid,2,test,611309,0,0.6096012598653346
BASE_x_R1a_resid,2,test,615384,1,0.5837220816500956
BASE_x_R1a_resid,2,test,617695,0,0.3727330206671155
BASE_x_R1a_resid,2,test,618335,1,0.6809821633681292
BASE_x_R1a_resid,2,test,624692,1,0.40765811762434523
BASE_x_R1a_resid,2,test,626615,0,0.2247342000206264
BASE_x_R1a_resid,2,test,627587,1,0.8053024523110941
BASE_x_R1a_resid,2,test,628861,1,0.7374399462124511
BASE_x_R1a_resid,2,test,644091,1,0.674369010904689
BASE_x_R1a_resid,2,test,644443,1,0.6998487250411953
BASE_x_R1a_resid,2,test,647436,0,0.4277367779436203
BASE_x_R1a_resid,2,test,650259,0,0.6988840680555749
BASE_x_R1a_resid,2,test,657738,0,0.6153427280118848
BASE_x_R1a_resid,2,test,660164,1,0.5315540670836358
BASE_x_R1a_resid,2,test,660433,0,0.37302471057457004
BASE_x_R1a_resid,2,test,663130,1,0.5082290729916079
BASE_x_R1a_resid,2,test,663548,1,0.5527924683850586
BASE_x_R1a_resid,2,test,665050,1,0.6020490052465489
BASE_x_R1a_resid,2,test,665220,1,0.5779803791591037
BASE_x_R1a_resid,2,test,671576,0,0.35914966245637614
BASE_x_R1a_resid,2,test,672172,1,0.8425385292312397
BASE_x_R1a_resid,2,test,677259,0,0.289624252769461
BASE_x_R1a_resid,2,test,681120,1,0.4913860639651213
BASE_x_R1a_resid,2,test,684963,1,0.9104286497566251
BASE_x_R1a_resid,2,test,687171,1,0.4411303935128364
BASE_x_R1a_resid,2,test,690734,0,0.329330670334765
BASE_x_R1a_resid,2,test,693326,1,0.8340415891643661
BASE_x_R1a_resid,2,test,696029,0,0.645682570709124
BASE_x_R1a_resid,2,test,699877,0,0.6381060445919841
BASE_x_R1a_resid,2,test,701498,1,0.6391493367754305
BASE_x_R1a_resid,2,test,702078,0,0.5077360078005495
BASE_x_R1a_resid,2,test,702801,0,0.40147947380545235
BASE_x_R1a_resid,2,test,704059,0,0.6569718969203353
BASE_x_R1a_resid,2,test,704101,1,0.6956742114603207
BASE_x_R1a_resid,2,test,709805,1,0.8761703833903869
BASE_x_R1a_resid,2,test,711782,1,0.7347802632883935
BASE_x_R1a_resid,2,test,711787,1,0.6747044740304231
BASE_x_R1a_resid,2,test,712016,1,0.8015513271250471
BASE_x_R1a_resid,2,test,714764,0,0.6822979747283288
BASE_x_R1a_resid,2,test,715221,1,0.486788134589575
BASE_x_R1a_resid,2,test,723474,0,0.5331845037425846
BASE_x_R1a_resid,2,test,726409,0,0.5678340498561932
BASE_x_R1a_resid,2,test,726499,0,0.6064673843785304
BASE_x_R1a_resid,2,test,740043,1,0.8214571632014445
BASE_x_R1a_resid,2,test,742847,0,0.32958871983041343
BASE_x_R1a_resid,2,test,743605,1,0.4989283253828392
BASE_x_R1a_resid,2,test,747584,1,0.7882175775427173
BASE_x_R1a_resid,2,test,750881,0,0.543240794347352
BASE_x_R1a_resid,2,test,751252,0,0.7330463518134832
BASE_x_R1a_resid,2,test,755294,1,0.5838933028247684
BASE_x_R1a_resid,2,test,780355,1,0.6616886624004893
BASE_x_R1a_resid,2,test,789437,1,0.9013493685195614
BASE_x_R1a_resid,2,test,803706,1,0.5580804068398549
BASE_x_R1a_resid,2,test,806762,0,0.2862988551831862
BASE_x_R1a_resid,2,test,808258,0,0.4736132657302097
BASE_x_R1a_resid,2,test,809234,1,0.8039948214577448
BASE_x_R1a_resid,2,test,818267,1,0.712195915240883
BASE_x_R1a_resid,2,test,829142,1,0.8417043891164911
BASE_x_R1a_resid,2,test,835463,1,0.6819052500264151
BASE_x_R1a_resid,2,test,839278,1,0.6392429840061005
BASE_x_R1a_resid,2,test,841534,0,0.2525125178433223
BASE_x_R1a_resid,2,test,841748,1,0.6091132043577767
BASE_x_R1a_resid,2,test,844964,0,0.5022339844686363
BASE_x_R1a_resid,2,test,851163,1,0.587235166994532
BASE_x_R1a_resid,2,test,851639,1,0.6009419264141872
BASE_x_R1a_resid,2,test,854069,1,0.3754911024695067
BASE_x_R1a_resid,2,test,855223,1,0.4922700670840209
BASE_x_R1a_resid,2,test,857435,1,0.504648687548503
BASE_x_R1a_resid,2,test,860381,0,0.3573252910212319
BASE_x_R1a_resid,2,test,861607,0,0.5309212856284469
BASE_x_R1a_resid,2,test,872844,1,0.7598368199977423
BASE_x_R1a_resid,2,test,877831,0,0.7558822766402519
BASE_x_R1a_resid,2,test,878721,0,0.6087479702937562
BASE_x_R1a_resid,2,test,882885,1,0.7740816425394802
BASE_x_R1a_resid,2,test,883112,1,0.6241631184762008
BASE_x_R1a_resid,2,test,883479,0,0.5455848447605696
BASE_x_R1a_resid,2,test,885394,1,0.5412226963562113
BASE_x_R1a_resid,2,test,899469,1,0.7212387927897963
BASE_x_R1a_resid,2,test,900762,1,0.7393873989050708
BASE_x_R1a_resid,2,test,900957,1,0.7905061440064997
BASE_x_R1a_resid,2,test,924232,0,0.5830988437560878
BASE_x_R1a_resid,2,test,934409,0,0.5963790438151068
BASE_x_R1a_resid,2,test,941626,1,0.3959213626792779
BASE_x_R1a_resid,2,test,947197,1,0.23864762839794923
BASE_x_R1a_resid,2,test,951246,0,0.18655743356605278
BASE_x_R1a_resid,2,test,954440,1,0.32028994390980564
BASE_x_R1a_resid,2,test,956387,1,0.458014663519985
BASE_x_R1a_resid,2,test,963985,1,0.7814909780337069
BASE_x_R1a_resid,2,test,966701,0,0.7776754609180356
BASE_x_R1a_resid,2,test,968655,0,0.21332565020064512
BASE_x_R1a_resid,2,test,976523,1,0.4657332139896008
BASE_x_R1a_resid,2,test,977714,1,0.7474952980063894
BASE_x_R1a_resid,2,test,979369,1,0.7698034695401391
BASE_x_R1a_resid,2,test,980871,1,0.5831100547284803
BASE_x_R1a_resid,2,test,981562,0,0.24610252448488004
BASE_x_R1a_resid,2,test,986260,1,0.5894205053093535
BASE_x_R1a_resid,2,test,986510,1,0.40475205262835323
BASE_x_R1a_resid,2,test,989331,1,0.5954215145911976
BASE_x_R1a_resid,2,test,991197,0,0.8073661214140561
BASE_x_R1a_resid,2,test,991829,1,0.7048724229578522
BASE_x_R1a_resid,2,test,993100,1,0.7680032581037212
BASE_x_R1a_resid,2,test,993602,1,0.3886701715370093
BASE_x_R1a_resid,2,test,995694,1,0.22938985004656776
BASE_x_R1a_resid,2,test,996219,0,0.5442825898873338
BASE_x_R1a_resid,2,test,996551,0,0.5137761855502894
BASE_x_R1a_resid,2,test,1000725,1,0.6971400558121253
BASE_x_R1a_resid,2,test,1001535,1,0.5095701463611113
BASE_x_R1a_resid,2,test,1003409,1,0.6292535112331347
BASE_x_R1a_resid,2,test,1005121,1,0.6134976667124242
BASE_x_R1a_resid,2,test,1005171,1,0.772447219813011
BASE_x_R1a_resid,2,test,1005619,1,0.3937980029981057
BASE_x_R1a_resid,2,test,1007363,0,0.7349281335464899
BASE_x_R1a_resid,2,test,1058429,1,0.5671487094334349
BASE_x_R1a_resid,2,test,1061584,1,0.41071279654521653
BASE_x_R1a_resid,2,test,1062066,0,0.5210561971142375
BASE_x_R1a_resid,2,test,1066534,1,0.30246267307063474
BASE_x_R1a_resid,2,test,1067041,1,0.8691369489076389
BASE_x_R1a_resid,2,test,1067177,1,0.6565534212613544
BASE_x_R1a_resid,2,test,1068069,1,0.6560850153701676
BASE_x_R1a_resid,2,test,1068151,0,0.46376282752036263
BASE_x_R1a_resid,2,test,1068390,1,0.7942264912446785
BASE_x_R1a_resid,2,test,1068426,1,0.5699568178213078
BASE_x_R1a_resid,2,test,1068928,0,0.4939658489311908
BASE_x_R1a_resid,2,test,1069432,1,0.7222639856613423
BASE_x_R1a_resid,2,test,1069948,1,0.8550037076653038
BASE_x_R1a_resid,2,test,1070002,1,0.35455815376380945
BASE_x_R1a_resid,2,test,1070070,1,0.8245334719894166
BASE_x_R1a_resid,2,test,1070173,1,0.8077085164493208
BASE_x_R1a_resid,2,test,1071053,0,0.28051550409417486
BASE_x_R1a_resid,2,test,1071949,1,0.6905565784333396
BASE_x_R1a_resid,2,test,1072395,1,0.5897749192518373
BASE_x_R1a_resid,2,test,1073214,1,0.5149661610674792
BASE_x_R1a_resid,2,test,1073232,0,0.596904764929712
BASE_x_R1a_resid,2,test,1073268,1,0.4022699428835414
BASE_x_R1a_resid,2,test,1073839,0,0.3048047164925656
BASE_x_R1a_resid,2,test,1074312,0,0.5686324133452437
BASE_x_R1a_resid,2,test,1074427,1,0.5617977894130834
BASE_x_R1a_resid,2,test,1074571,1,0.6762686161548264
BASE_x_R1a_resid,2,test,1074753,0,0.5265804648189709
BASE_x_R1a_resid,2,test,1075228,1,0.7555497872704495
BASE_x_R1a_resid,2,test,1075404,1,0.8413012096335841
BASE_x_R1a_resid,2,test,1075699,1,0.3681539553984877
BASE_x_R1a_resid,2,test,1077606,1,0.6828413441324629
BASE_x_R1a_resid,2,test,1079282,1,0.7525198348262343
BASE_x_R1a_resid,2,test,1081059,1,0.6149367477179337
BASE_x_R1a_resid,2,test,1081377,0,0.3239206813987764
BASE_x_R1a_resid,2,test,1081798,0,0.46228821446163093
BASE_x_R1a_resid,2,test,1082290,0,0.39649181782427284
BASE_x_R1a_resid,2,test,1082987,0,0.3566566101936115
BASE_x_R1a_resid,2,test,1084214,1,0.6812169093415487
BASE_x_R1a_resid,2,test,1084630,1,0.6715731570137021
BASE_x_R1a_resid,2,test,1085216,0,0.5944856717180024
BASE_x_R1a_resid,2,test,1086129,1,0.554640123369152
BASE_x_R1a_resid,2,test,1086243,1,0.7841815688978319
BASE_x_R1a_resid,2,test,1086770,1,0.8193725263690622
BASE_x_R1a_resid,2,test,1086772,1,0.7510192426869865
BASE_x_R1a_resid,2,test,1087850,0,0.5533366475490485
BASE_x_R1a_resid,2,test,1089310,0,0.6358407860666098
BASE_x_R1a_resid,2,test,1089629,0,0.7229796466728102
BASE_x_R1a_resid,2,test,1091748,1,0.6067736551937333
BASE_x_R1a_resid,2,test,1093139,0,0.5608051628152505
BASE_x_R1a_resid,2,test,1093650,1,0.7084441896043966
BASE_x_R1a_resid,2,test,1094011,1,0.656382822272239
BASE_x_R1a_resid,2,test,1094046,1,0.5757328551329056
BASE_x_R1a_resid,2,test,1094897,1,0.6661107583346961
BASE_x_R1a_resid,2,test,1095869,1,0.7543015397381115
BASE_x_R1a_resid,2,test,1095940,1,0.8246380475793006
BASE_x_R1a_resid,2,test,1096850,1,0.7770709967420424
BASE_x_R1a_resid,2,test,1096858,1,0.8129235990864154
BASE_x_R1a_resid,2,test,1098886,1,0.6850736311054585
BASE_x_R1a_resid,2,test,1103930,1,0.8557285238130202
BASE_x_R1a_resid,2,test,1104113,1,0.6043838109116719
BASE_x_R1a_resid,2,test,1104452,1,0.6698967219453219
BASE_x_R1a_resid,2,test,1104592,1,0.7265395091879843
BASE_x_R1a_resid,2,test,1105198,0,0.3465836043861841
BASE_x_R1a_resid,2,test,1105837,1,0.5056386897569295
BASE_x_R1a_resid,2,test,1106300,1,0.5309186738283036
BASE_x_R1a_resid,2,test,1106596,0,0.5394401406926617
BASE_x_R1a_resid,2,test,1107096,1,0.6087426419272212
BASE_x_R1a_resid,2,test,1107291,0,0.3227839697157463
BASE_x_R1a_resid,2,test,1107631,1,0.632301921122951
BASE_x_R1a_resid,2,test,1108050,1,0.8356186426632434
BASE_x_R1a_resid,2,test,1109506,1,0.8884832614397316
BASE_x_R1a_resid,2,test,1109526,1,0.5958607541474751
BASE_x_R1a_resid,2,test,1109598,1,0.8089220679344905
BASE_x_R1a_resid,2,test,1109983,1,0.8615265809271092
BASE_x_R1a_resid,2,test,1111098,1,0.4397996712890918
BASE_x_R1a_resid,2,test,1111860,1,0.6823353053634539
BASE_x_R1a_resid,2,test,1113294,1,0.7612162478502098
BASE_x_R1a_resid,2,test,1113365,1,0.5752963097074876
BASE_x_R1a_resid,2,test,1113808,0,0.41891062554706615
BASE_x_R1a_resid,2,test,1115713,1,0.6634038242111877
BASE_x_R1a_resid,2,test,1116144,1,0.6759932073324119
BASE_x_R1a_resid,2,test,1116479,0,0.7899698907854525
BASE_x_R1a_resid,2,test,1116580,1,0.5217943615731396
BASE_x_R1a_resid,2,test,1117063,0,0.3229176727717488
BASE_x_R1a_resid,2,test,1117243,1,0.7459218618278132
BASE_x_R1a_resid,2,test,1117669,0,0.505666053909556
BASE_x_R1a_resid,2,test,1117701,1,0.8287397822314859
BASE_x_R1a_resid,2,test,1117869,1,0.7587748804833927
BASE_x_R1a_resid,2,test,1118191,1,0.7028974203379383
BASE_x_R1a_resid,2,test,1118291,0,0.6157934609457313
BASE_x_R1a_resid,2,test,1118398,1,0.7180977904349342
BASE_x_R1a_resid,2,test,1118511,1,0.6090475260163866
BASE_x_R1a_resid,2,test,1118641,0,0.1328830841504104
BASE_x_R1a_resid,2,test,1119092,1,0.4307557362949529
BASE_x_R1a_resid,2,test,1119930,1,0.8306073850132223
BASE_x_R1a_resid,2,test,1120836,1,0.8641234473571683
BASE_x_R1a_resid,2,test,1121365,1,0.7780123382497202
BASE_x_R1a_resid,2,test,1121559,1,0.8003979051192566
BASE_x_R1a_resid,2,test,1121672,1,0.45171920545314115
BASE_x_R1a_resid,2,test,1121736,0,0.71660351038802
BASE_x_R1a_resid,2,test,1121795,1,0.6033982229285545
BASE_x_R1a_resid,2,test,1121927,1,0.860222638799272
BASE_x_R1a_resid,2,test,1122004,0,0.23446517121715124
BASE_x_R1a_resid,2,test,1122185,1,0.5385894384279761
BASE_x_R1a_resid,2,test,1122658,1,0.6871727760766388
BASE_x_R1a_resid,2,test,1122760,0,0.18048997295392236
BASE_x_R1a_resid,2,test,1123435,1,0.5061947024875214
BASE_x_R1a_resid,2,test,1123551,0,0.3777193396574927
BASE_x_R1a_resid,2,test,1123858,0,0.7348897733526104
BASE_x_R1a_resid,2,test,1124152,0,0.7684043872876025
BASE_x_R1a_resid,2,test,1124180,0,0.4229169420328433
BASE_x_R1a_resid,2,test,1124482,1,0.6189716944789818
BASE_x_R1a_resid,2,test,1126244,0,0.3574946873123721
BASE_x_R1a_resid,2,test,1126628,1,0.7966729481554211
BASE_x_R1a_resid,2,test,1126767,0,0.39231764217160536
BASE_x_R1a_resid,2,test,1127029,0,0.6282810376598426
BASE_x_R1a_resid,2,test,1127812,1,0.5662920130988525
BASE_x_R1a_resid,2,test,1128467,1,0.6313758423281342
BASE_x_R1a_resid,2,test,1128811,0,0.6091250555623166
BASE_x_R1a_resid,2,test,1129353,0,0.6875920100316106
BASE_x_R1a_resid,2,test,1129383,1,0.5779375013265047
BASE_x_R1a_resid,2,test,1129401,1,0.4879940885295774
BASE_x_R1a_resid,2,test,1130020,1,0.7525984230611721
BASE_x_R1a_resid,2,test,1130043,1,0.41748231565562466
BASE_x_R1a_resid,2,test,1130495,1,0.24890179409629035
BASE_x_R1a_resid,2,test,1130530,0,0.7631360667731828
BASE_x_R1a_resid,2,test,1131124,1,0.7744596426276861
BASE_x_R1a_resid,2,test,1131656,1,0.8556684947078458
BASE_x_R1a_resid,2,test,1132058,1,0.1706111684337809
BASE_x_R1a_resid,2,test,1132465,1,0.7264203355599607
BASE_x_R1a_resid,2,test,1132886,0,0.6833891902120627
BASE_x_R1a_resid,2,test,1133211,1,0.33611554693237766
BASE_x_R1a_resid,2,test,1134193,1,0.7769176715254457
BASE_x_R1a_resid,2,test,1134339,0,0.3619350762674665
BASE_x_R1a_resid,2,test,1135004,0,0.718626550940713
BASE_x_R1a_resid,2,test,1136675,1,0.6034530475926515
BASE_x_R1a_resid,2,test,1136878,1,0.6264160951965139
BASE_x_R1a_resid,2,test,1137456,0,0.8433484831655409
BASE_x_R1a_resid,2,test,1137818,1,0.2492980607520378
BASE_x_R1a_resid,2,test,1138670,1,0.7797209269328296
BASE_x_R1a_resid,2,test,1138681,1,0.6363945038630575
BASE_x_R1a_resid,2,test,1138864,1,0.531770205722074
BASE_x_R1a_resid,2,test,1140316,1,0.8819450198566449
BASE_x_R1a_resid,2,test,1142126,0,0.28694804349729386
BASE_x_R1a_resid,2,test,1142188,1,0.6154178169945905
BASE_x_R1a_resid,2,test,1144028,0,0.5158093425009472
BASE_x_R1a_resid,2,test,1144147,0,0.6889528713624274
BASE_x_R1a_resid,2,test,1144488,1,0.6911898724457007
BASE_x_R1a_resid,2,test,1144757,1,0.722458468821302
BASE_x_R1a_resid,2,test,1145720,0,0.768991887556689
BASE_x_R1a_resid,2,test,1146563,0,0.7146749723732472
BASE_x_R1a_resid,2,test,1146584,1,0.7155557154701521
BASE_x_R1a_resid,2,test,1148113,1,0.293665295657946
BASE_x_R1a_resid,2,test,1148157,1,0.7693210939063213
BASE_x_R1a_resid,2,test,1148282,1,0.7063098656485888
BASE_x_R1a_resid,2,test,1148607,1,0.64679647872337
BASE_x_R1a_resid,2,test,1148756,1,0.610276662734976
BASE_x_R1a_resid,2,test,1148957,1,0.708946888926317
BASE_x_R1a_resid,2,test,1149553,1,0.811423303418643
BASE_x_R1a_resid,2,test,1149963,1,0.35657661008669783
BASE_x_R1a_resid,2,test,1150067,1,0.7185431703024066
BASE_x_R1a_resid,2,test,1150178,1,0.3974651815532486
BASE_x_R1a_resid,2,test,1151052,0,0.42339816173500366
BASE_x_R1a_resid,2,test,1151422,1,0.8117327100518394
BASE_x_R1a_resid,2,test,1151513,1,0.48113768722227496
BASE_x_R1a_resid,2,test,1151818,0,0.32147244349043985
BASE_x_R1a_resid,2,test,1152700,1,0.5599538288566542
BASE_x_R1a_resid,2,test,1152707,0,0.7919025998992035
BASE_x_R1a_resid,2,test,1153263,0,0.6836947664868398
BASE_x_R1a_resid,2,test,1153649,0,0.6464639328629889
BASE_x_R1a_resid,2,test,1153914,1,0.7096427665486047
BASE_x_R1a_resid,2,test,1154191,1,0.6611324754138822
BASE_x_R1a_resid,2,test,1154313,1,0.5288514965459429
BASE_x_R1a_resid,2,test,1154712,1,0.7260413059526446
BASE_x_R1a_resid,2,test,1155176,1,0.6281796223269334
BASE_x_R1a_resid,2,test,1155575,1,0.7665854998554252
BASE_x_R1a_resid,2,test,1156251,1,0.19885484315530302
BASE_x_R1a_resid,2,test,1156386,1,0.6748828524244245
BASE_x_R1a_resid,2,test,1156786,1,0.2916750088449093
BASE_x_R1a_resid,2,test,1156887,1,0.6474593327509391
BASE_x_R1a_resid,2,test,1158961,1,0.8202267529154322
BASE_x_R1a_resid,2,test,1205766,1,0.6907955842535813
BASE_x_R1a_resid,2,test,1205889,1,0.7057948717585102
BASE_x_R1a_resid,2,test,1206310,1,0.28806282659167065
BASE_x_R1a_resid,2,test,1207017,1,0.833948244314739
BASE_x_R1a_resid,2,test,1207116,1,0.8430568296947517
BASE_x_R1a_resid,2,test,1207484,0,0.6147119262991797
BASE_x_R1a_resid,2,test,1207861,1,0.8404770928524194
BASE_x_R1a_resid,2,test,1207963,1,0.3541216645065655
BASE_x_R1a_resid,2,test,1208561,1,0.7312520583319359
BASE_x_R1a_resid,2,test,1208898,1,0.4890972298281494
BASE_x_R1a_resid,2,test,1209022,1,0.7154486284999083
BASE_x_R1a_resid,2,test,1209496,0,0.45668866099009797
BASE_x_R1a_resid,2,test,1210080,0,0.5796146323726882
BASE_x_R1a_resid,2,test,1210100,0,0.3739355409292584
BASE_x_R1a_resid,2,test,1210485,1,0.682347945870206
BASE_x_R1a_resid,2,test,1210639,1,0.8118105630254294
BASE_x_R1a_resid,2,test,1210786,0,0.4398278782780254
BASE_x_R1a_resid,2,test,1210809,1,0.8089101514745307
BASE_x_R1a_resid,2,test,1211001,1,0.8246361826603902
BASE_x_R1a_resid,2,test,1211380,1,0.275524207510055
BASE_x_R1a_resid,2,test,1212066,0,0.4767012331455739
BASE_x_R1a_resid,2,test,1212451,0,0.6286502863246421
BASE_x_R1a_resid,2,test,1212582,1,0.7487510291350364
BASE_x_R1a_resid,2,test,1213071,1,0.4060267828507189
BASE_x_R1a_resid,2,test,1213526,1,0.8586554361616366
BASE_x_R1a_resid,2,test,1214739,0,0.4321193644359837
BASE_x_R1a_resid,2,test,1214832,0,0.5267265559647266
BASE_x_R1a_resid,2,test,1215142,0,0.5213038190437094
BASE_x_R1a_resid,2,test,1215607,0,0.18815870856720404
BASE_x_R1a_resid,2,test,1216041,1,0.7082963882675031
BASE_x_R1a_resid,2,test,1216045,1,0.8163441855716345
BASE_x_R1a_resid,2,test,1216704,1,0.7357904266564803
BASE_x_R1a_resid,2,test,1216776,1,0.34550563617080543
BASE_x_R1a_resid,2,test,1217243,1,0.6236102260872639
BASE_x_R1a_resid,2,test,1218194,1,0.4304475652249038
BASE_x_R1a_resid,2,test,1218554,1,0.922283278062081
BASE_x_R1a_resid,2,test,1218673,1,0.39966770016783265
BASE_x_R1a_resid,2,test,1219597,0,0.5129251650161034
BASE_x_R1a_resid,2,test,1219877,1,0.6609416767910011
BASE_x_R1a_resid,2,test,1220226,0,0.4171166773941939
BASE_x_R1a_resid,2,test,1220426,0,0.44089581601187205
BASE_x_R1a_resid,2,test,1220526,1,0.6938184197952912
BASE_x_R1a_resid,2,test,1220699,1,0.649610749064893
BASE_x_R1a_resid,2,test,1220702,0,0.48374781605902517
BASE_x_R1a_resid,2,test,1220802,1,0.7209450718775979
BASE_x_R1a_resid,2,test,1220833,1,0.6932229225028985
BASE_x_R1a_resid,2,test,1220875,0,0.37646004727058396
BASE_x_R1a_resid,2,test,1221102,0,0.8859372904361416
BASE_x_R1a_resid,2,test,1221236,1,0.5073325871998642
BASE_x_R1a_resid,2,test,1221707,0,0.4382435891496931
BASE_x_R1a_resid,2,test,1222369,0,0.8014749003766067
BASE_x_R1a_resid,2,test,1222988,1,0.8163525871191278
BASE_x_R1a_resid,2,test,1223193,0,0.711431419697783
BASE_x_R1a_resid,2,test,1223568,1,0.7988599490248403
BASE_x_R1a_resid,2,test,1223754,0,0.7314174835649725
BASE_x_R1a_resid,2,test,1224229,1,0.8770769136890953
BASE_x_R1a_resid,2,test,1224519,1,0.7268120668111689
BASE_x_R1a_resid,2,test,1224731,1,0.7507383567613124
BASE_x_R1a_resid,2,test,1225050,0,0.3376472809383894
BASE_x_R1a_resid,2,test,1225323,1,0.5628864040720569
BASE_x_R1a_resid,2,test,1225341,1,0.5359568920950294
BASE_x_R1a_resid,2,test,1225388,0,0.6712108175628569
BASE_x_R1a_resid,2,test,1225413,1,0.8273712247877993
BASE_x_R1a_resid,2,test,1225605,0,0.7203689159560719
BASE_x_R1a_resid,2,test,1226794,0,0.2841105742590204
BASE_x_R1a_resid,2,test,1226946,1,0.937725312532472
BASE_x_R1a_resid,2,test,1227262,1,0.7021513825058799
BASE_x_R1a_resid,2,test,1227437,1,0.7890154080177092
BASE_x_R1a_resid,2,test,1227597,0,0.5327154560921226
BASE_x_R1a_resid,2,test,1227732,1,0.36784100742791503
BASE_x_R1a_resid,2,test,1227755,1,0.8115952138569973
BASE_x_R1a_resid,2,test,1227765,1,0.7656714772973582
BASE_x_R1a_resid,2,test,1228018,1,0.5782480774023832
BASE_x_R1a_resid,2,test,1228461,1,0.958828102789841
BASE_x_R1a_resid,2,test,1228842,0,0.253645229482565
BASE_x_R1a_resid,2,test,1229345,1,0.8960115729518031
BASE_x_R1a_resid,2,test,1229605,0,0.46280063465605975
BASE_x_R1a_resid,2,test,1230051,1,0.6296484552674358
BASE_x_R1a_resid,2,test,1230374,1,0.9125503536010968
BASE_x_R1a_resid,2,test,1230384,0,0.5284435732595854
BASE_x_R1a_resid,2,test,1230408,1,0.6114326447898571
BASE_x_R1a_resid,2,test,1230574,0,0.6195192718821797
BASE_x_R1a_resid,2,test,1230712,0,0.6423409788651542
BASE_x_R1a_resid,2,test,1230855,0,0.45710178145079994
BASE_x_R1a_resid,2,test,1231339,0,0.46358491183999834
BASE_x_R1a_resid,2,test,1232028,0,0.2881865767045266
BASE_x_R1a_resid,2,test,1233241,0,0.5382219266762808
BASE_x_R1a_resid,2,test,1233508,1,0.6868438494368736
BASE_x_R1a_resid,2,test,1233527,1,0.6555768915326867
BASE_x_R1a_resid,2,test,1233621,0,0.6588156002271203
BASE_x_R1a_resid,2,test,1233632,1,0.38078837442377833
BASE_x_R1a_resid,2,test,1233791,1,0.41222281549588885
BASE_x_R1a_resid,2,test,1234521,0,0.49952510696213537
BASE_x_R1a_resid,2,test,1235863,1,0.5617121675138383
BASE_x_R1a_resid,2,test,1235882,0,0.5569681813611409
BASE_x_R1a_resid,2,test,1235914,0,0.22124878299926895
BASE_x_R1a_resid,2,test,1235985,1,0.45954386467801345
BASE_x_R1a_resid,2,test,1236656,0,0.4583054011616954
BASE_x_R1a_resid,2,test,1237272,1,0.49912154155022165
BASE_x_R1a_resid,2,test,1237647,0,0.4849898020692738
BASE_x_R1a_resid,2,test,1238245,1,0.7192447929203338
BASE_x_R1a_resid,2,test,1238297,0,0.4262908550059278
BASE_x_R1a_resid,2,test,1238348,0,0.64657627285079
BASE_x_R1a_resid,2,test,1238457,1,0.6763802861677541
BASE_x_R1a_resid,2,test,1238537,0,0.506230269158919
BASE_x_R1a_resid,2,test,1238550,1,0.7477933391976559
BASE_x_R1a_resid,2,test,1238559,1,0.7517979241422212
BASE_x_R1a_resid,2,test,1238835,1,0.6964362770360701
BASE_x_R1a_resid,2,test,1238864,1,0.6601983307530463
BASE_x_R1a_resid,2,test,1238867,1,0.6141642378877409
BASE_x_R1a_resid,2,test,1238917,0,0.45313144262949706
BASE_x_R1a_resid,2,test,1238960,1,0.6561330956137982
BASE_x_R1a_resid,2,test,1239042,1,0.5189172218074734
BASE_x_R1a_resid,2,test,1239079,1,0.6647978752389662
BASE_x_R1a_resid,2,test,1239224,1,0.4691049317592418
BASE_x_R1a_resid,2,test,1239283,1,0.6132958287874969
BASE_x_R1a_resid,2,test,1239427,1,0.7816131039846872
BASE_x_R1a_resid,2,test,1239611,1,0.6088816561731856
BASE_x_R1a_resid,2,test,1239907,1,0.6334405939034916
BASE_x_R1a_resid,2,test,1241318,1,0.28369559986133913
BASE_x_R1a_resid,2,test,1241362,1,0.7438924824946576
BASE_x_R1a_resid,2,test,1241625,0,0.7207251741683924
BASE_x_R1a_resid,2,test,1241779,1,0.5543906506049172
BASE_x_R1a_resid,2,test,1242413,1,0.5086584788500719
BASE_x_R1a_resid,2,test,1242831,0,0.4727807985532766
BASE_x_R1a_resid,2,test,1243993,0,0.4304727703513845
BASE_x_R1a_resid,2,test,1244763,0,0.46867136171004814
BASE_x_R1a_resid,2,test,1244765,0,0.48498936588117514
BASE_x_R1a_resid,2,test,1245905,1,0.41714131666142634
BASE_x_R1a_resid,2,test,1245930,0,0.34439633985599377
BASE_x_R1a_resid,2,test,1246192,1,0.43251956611666315
BASE_x_R1a_resid,2,test,1246490,1,0.8137484206076802
BASE_x_R1a_resid,2,test,1246702,1,0.4788774554769236
BASE,3,test,12246,1,0.46489249423609047
BASE,3,test,20593,1,0.7496428242152823
BASE,3,test,26806,1,0.7196612533811145
BASE,3,test,30603,1,0.7512640731600413
BASE,3,test,32577,0,0.3999657102087415
BASE,3,test,33170,0,0.460314384505784
BASE,3,test,42450,1,0.610081791332165
BASE,3,test,42858,0,0.39535622414038213
BASE,3,test,52327,1,0.7832973711730205
BASE,3,test,54828,1,0.7657475867477619
BASE,3,test,57517,1,0.818484214349441
BASE,3,test,58630,1,0.5308774758138356
BASE,3,test,66226,1,0.5706385242415333
BASE,3,test,68483,1,0.45670617787446127
BASE,3,test,75558,1,0.5151593934730159
BASE,3,test,77870,1,0.5329647548896477
BASE,3,test,78778,0,0.19318123046238087
BASE,3,test,86840,1,0.46938804467766315
BASE,3,test,86896,0,0.8632696665257414
BASE,3,test,87973,1,0.7445301026431376
BASE,3,test,88483,1,0.7924736393278279
BASE,3,test,89841,1,0.49907027159013234
BASE,3,test,89847,1,0.5720615565206506
BASE,3,test,89850,1,0.6519229596861189
BASE,3,test,93011,0,0.6192144020321355
BASE,3,test,93380,0,0.478855366936426
BASE,3,test,95626,1,0.7304509752809923
BASE,3,test,102640,1,0.6084082975712424
BASE,3,test,108335,0,0.35914299412023126
BASE,3,test,129407,1,0.48654035686353775
BASE,3,test,130251,0,0.3297450152304068
BASE,3,test,130832,1,0.8688914896506361
BASE,3,test,136645,1,0.7050940705054323
BASE,3,test,139145,1,0.8515071233036224
BASE,3,test,139693,0,0.3562610457837757
BASE,3,test,140328,0,0.6651307639307278
BASE,3,test,141620,1,0.5570153500078411
BASE,3,test,144260,0,0.7096181372889783
BASE,3,test,144639,1,0.7821791677516003
BASE,3,test,146346,1,0.3875818523265155
BASE,3,test,149880,1,0.5829539709519457
BASE,3,test,153637,1,0.4962706254433191
BASE,3,test,154041,1,0.6176383614698725
BASE,3,test,154147,1,0.7464742177780295
BASE,3,test,160524,0,0.29320024247114235
BASE,3,test,162979,1,0.8441527411973588
BASE,3,test,167707,1,0.558058929797797
BASE,3,test,169727,0,0.7446497768629929
BASE,3,test,173162,0,0.5340066307008865
BASE,3,test,180368,1,0.5443700410209997
BASE,3,test,183492,1,0.8244147815427884
BASE,3,test,184874,1,0.5745834717011805
BASE,3,test,185004,1,0.4068500763748627
BASE,3,test,185627,1,0.6483954545930771
BASE,3,test,189685,0,0.5656433166886251
BASE,3,test,191245,1,0.8144568643976285
BASE,3,test,193149,0,0.7917145797987838
BASE,3,test,197089,0,0.4250483557664168
BASE,3,test,203461,1,0.455176603968557
BASE,3,test,220792,0,0.4308199416668696
BASE,3,test,226106,1,0.8517983521800513
BASE,3,test,226859,0,0.5837684009945775
BASE,3,test,236298,0,0.6000940515553451
BASE,3,test,240229,0,0.20571657477233438
BASE,3,test,248666,1,0.6540380708312038
BASE,3,test,253611,0,0.24664206784761888
BASE,3,test,269426,1,0.8405969556027041
BASE,3,test,270408,1,0.41198313754383264
BASE,3,test,271883,1,0.6861497237324563
BASE,3,test,273148,1,0.8635863323966544
BASE,3,test,273824,1,0.6548089623201655
BASE,3,test,274345,0,0.21965514711472264
BASE,3,test,280634,1,0.5310973170019898
BASE,3,test,280650,1,0.9023936317830139
BASE,3,test,282212,1,0.4451732005164492
BASE,3,test,292872,0,0.28360032416852493
BASE,3,test,297709,0,0.37765207401868034
BASE,3,test,298955,0,0.6887656868627003
BASE,3,test,300174,0,0.3879940410129351
BASE,3,test,306454,0,0.3625732908364855
BASE,3,test,306770,0,0.755103226310517
BASE,3,test,314907,1,0.843529415228755
BASE,3,test,315569,1,0.9065696491675317
BASE,3,test,315683,0,0.3408871459464575
BASE,3,test,316099,0,0.3273403515040566
BASE,3,test,319311,0,0.31352924975659835
BASE,3,test,319661,1,0.6472012741152168
BASE,3,test,323399,0,0.16984394635036756
BASE,3,test,324095,1,0.8274577153322871
BASE,3,test,328655,0,0.5626367933652278
BASE,3,test,330889,1,0.7874485423282068
BASE,3,test,331198,1,0.6782007256040872
BASE,3,test,331536,1,0.8230314670576313
BASE,3,test,334461,1,0.2691091888444222
BASE,3,test,335955,1,0.48683270215682856
BASE,3,test,337710,1,0.47796132035502564
BASE,3,test,338273,1,0.5649659070561481
BASE,3,test,338312,1,0.5854231578354933
BASE,3,test,338690,1,0.7578129715383315
BASE,3,test,338963,1,0.5529923821360773
BASE,3,test,339319,1,0.780667305038754
BASE,3,test,345648,0,0.43741525509467055
BASE,3,test,348496,1,0.649185235915896
BASE,3,test,349134,1,0.8117117179995025
BASE,3,test,352191,1,0.8121937638161516
BASE,3,test,352302,0,0.7471819322884481
BASE,3,test,353336,1,0.43588043439850244
BASE,3,test,353886,0,0.6499761290053553
BASE,3,test,354035,1,0.6679096456152984
BASE,3,test,360521,0,0.5407960983733552
BASE,3,test,360745,1,0.6014509252422218
BASE,3,test,361916,1,0.811284270958546
BASE,3,test,364440,0,0.5200018783913485
BASE,3,test,366159,1,0.6787738617853514
BASE,3,test,368436,1,0.49676045993569773
BASE,3,test,376917,1,0.528921328900616
BASE,3,test,378289,0,0.8110670026893834
BASE,3,test,380225,1,0.9138641577728707
BASE,3,test,397908,0,0.2968685495880359
BASE,3,test,400944,1,0.7888992157094558
BASE,3,test,409579,1,0.515525248959896
BASE,3,test,414906,0,0.24625258670985178
BASE,3,test,416249,1,0.6458671412148381
BASE,3,test,419522,1,0.5926431623639692
BASE,3,test,422674,1,0.5708739717495314
BASE,3,test,423853,1,0.7927012819764978
BASE,3,test,427380,1,0.7682425845579729
BASE,3,test,436295,1,0.779960874124016
BASE,3,test,438848,1,0.7882648368676278
BASE,3,test,442019,0,0.5323057433003482
BASE,3,test,443084,0,0.2899339398509664
BASE,3,test,451844,1,0.3721748284180578
BASE,3,test,457179,1,0.8870538790283286
BASE,3,test,467821,0,0.2992299129361187
BASE,3,test,469865,1,0.7509216485831461
BASE,3,test,475893,0,0.3129228124514115
BASE,3,test,477981,1,0.6993280479964612
BASE,3,test,479371,0,0.490237466882278
BASE,3,test,479811,0,0.3418049333744068
BASE,3,test,480021,0,0.6451503221251275
BASE,3,test,480598,1,0.6143589198774299
BASE,3,test,480708,1,0.8705132717512036
BASE,3,test,481454,0,0.2556970610798361
BASE,3,test,487515,1,0.8328058307272239
BASE,3,test,498363,1,0.8263646164595179
BASE,3,test,517250,1,0.4061737828431866
BASE,3,test,519298,1,0.4840632237978993
BASE,3,test,523694,0,0.32418489560421626
BASE,3,test,526137,0,0.7465794317761139
BASE,3,test,529816,1,0.5040788637749593
BASE,3,test,531462,1,0.5458989332517602
BASE,3,test,532019,1,0.7687412118377233
BASE,3,test,532148,1,0.6110655197425376
BASE,3,test,544864,1,0.4582919464909513
BASE,3,test,552900,1,0.8623633962208958
BASE,3,test,556177,0,0.36236574595437354
BASE,3,test,559178,1,0.6727079857294137
BASE,3,test,559210,0,0.2868060897525046
BASE,3,test,571812,1,0.8276830439939701
BASE,3,test,572241,0,0.5726574318363378
BASE,3,test,575322,1,0.6612997802829871
BASE,3,test,578406,1,0.6386807908153932
BASE,3,test,581598,1,0.8074755557971849
BASE,3,test,586714,1,0.5427227000632185
BASE,3,test,589233,1,0.7071489243552388
BASE,3,test,591051,1,0.6891564844054789
BASE,3,test,592121,0,0.3803010933765959
BASE,3,test,595099,0,0.7025609717185898
BASE,3,test,596445,0,0.6852395613751271
BASE,3,test,602794,1,0.5999377673890645
BASE,3,test,608388,1,0.6897782993820255
BASE,3,test,620021,0,0.440803970572033
BASE,3,test,621152,0,0.2620763716695236
BASE,3,test,623782,1,0.7318063983824596
BASE,3,test,624977,0,0.6238417153874666
BASE,3,test,627036,1,0.710631184644317
BASE,3,test,628861,1,0.6980205269295467
BASE,3,test,629290,0,0.44518480140810046
BASE,3,test,642558,1,0.5110433592892152
BASE,3,test,644443,1,0.7704399861650201
BASE,3,test,644744,1,0.8559098202764858
BASE,3,test,646425,1,0.39288626383801256
BASE,3,test,649313,1,0.6038597833306306
BASE,3,test,652129,1,0.9167757995382608
BASE,3,test,653268,1,0.62292994207433
BASE,3,test,661211,0,0.4542271535654913
BASE,3,test,665656,1,0.5081729978393237
BASE,3,test,673553,1,0.7427762678524518
BASE,3,test,673667,1,0.490394099777823
BASE,3,test,675008,1,0.5971710184462238
BASE,3,test,675401,1,0.5381812012662668
BASE,3,test,677928,1,0.5663789634214411
BASE,3,test,678199,0,0.41985159859208643
BASE,3,test,684963,1,0.8743590659054405
BASE,3,test,688573,0,0.4809495098326484
BASE,3,test,689380,1,0.5089811164692079
BASE,3,test,692458,1,0.520773051079885
BASE,3,test,692799,1,0.8421243109613625
BASE,3,test,696774,1,0.8394716203120102
BASE,3,test,697830,0,0.3352964621019201
BASE,3,test,697961,1,0.8470607570056355
BASE,3,test,699877,0,0.5497204729639938
BASE,3,test,703629,1,0.8716132752614993
BASE,3,test,705906,1,0.8637319337378018
BASE,3,test,706141,1,0.44449754651849466
BASE,3,test,707069,1,0.794268982530204
BASE,3,test,709722,1,0.401096266093265
BASE,3,test,709815,1,0.7656105990299431
BASE,3,test,714764,0,0.697825322844619
BASE,3,test,715113,1,0.7409686205414633
BASE,3,test,715221,1,0.48917981932778787
BASE,3,test,718508,1,0.6788806770172714
BASE,3,test,718614,0,0.27408299764619265
BASE,3,test,719188,1,0.6578998403324161
BASE,3,test,723474,0,0.4231310283474778
BASE,3,test,728929,1,0.47161487590157564
BASE,3,test,739674,0,0.4669702656819142
BASE,3,test,742847,0,0.389527886173325
BASE,3,test,743318,0,0.3373220950580297
BASE,3,test,744145,0,0.6412546136972632
BASE,3,test,747710,0,0.6834621574145454
BASE,3,test,748105,0,0.4470424735798824
BASE,3,test,751827,1,0.6871261638740791
BASE,3,test,752967,1,0.8765959301651981
BASE,3,test,752970,0,0.7036479109277581
BASE,3,test,757383,0,0.3909800463634995
BASE,3,test,757410,0,0.725169206422262
BASE,3,test,759242,1,0.7428633781261069
BASE,3,test,760356,1,0.3921474512725136
BASE,3,test,761089,0,0.4150947098607316
BASE,3,test,761233,1,0.5443781489865254
BASE,3,test,761534,1,0.7026398806541206
BASE,3,test,763094,1,0.4135214351026988
BASE,3,test,765019,0,0.5710912527303409
BASE,3,test,765027,1,0.5070058725231579
BASE,3,test,779186,1,0.6965228983803797
BASE,3,test,781445,0,0.3274001365006823
BASE,3,test,789824,0,0.3894024698272027
BASE,3,test,790696,0,0.5767937654705143
BASE,3,test,797407,0,0.39897969560998553
BASE,3,test,805599,1,0.6751154335500429
BASE,3,test,809234,1,0.8177044945913692
BASE,3,test,809238,0,0.7137017086988391
BASE,3,test,810874,0,0.5226311752486564
BASE,3,test,813871,1,0.7983739941059999
BASE,3,test,816834,0,0.19476096110372138
BASE,3,test,817995,1,0.7433921798893764
BASE,3,test,820729,1,0.7818352321235565
BASE,3,test,824734,1,0.4332320776774548
BASE,3,test,826631,0,0.32364159997306385
BASE,3,test,829142,1,0.8618488786449244
BASE,3,test,829951,1,0.5770470466820283
BASE,3,test,830573,0,0.34046068683969855
BASE,3,test,831720,0,0.5243481580005344
BASE,3,test,834393,0,0.3677397924279963
BASE,3,test,834446,1,0.8206810718259028
BASE,3,test,834515,0,0.756511636224953
BASE,3,test,841534,0,0.2344464522245193
BASE,3,test,850702,1,0.7490843308544207
BASE,3,test,851146,1,0.7347982676341044
BASE,3,test,853842,1,0.6945262060516244
BASE,3,test,855223,1,0.5061353989456792
BASE,3,test,860519,0,0.39003343423739933
BASE,3,test,862030,1,0.5836385441597308
BASE,3,test,865733,1,0.42783117562356643
BASE,3,test,865987,0,0.5051229749185293
BASE,3,test,868318,0,0.664486148764197
BASE,3,test,870983,1,0.13448034884849525
BASE,3,test,872844,1,0.7448812817344164
BASE,3,test,873012,1,0.46034221247842516
BASE,3,test,873206,1,0.5131060958328922
BASE,3,test,875241,1,0.6697869221137668
BASE,3,test,878491,1,0.5897917656420827
BASE,3,test,883112,1,0.7325282185225889
BASE,3,test,883804,1,0.434093364002212
BASE,3,test,885394,1,0.43894385473880043
BASE,3,test,899067,0,0.18440918146629215
BASE,3,test,899206,1,0.8207581987203405
BASE,3,test,941626,1,0.4535311899871655
BASE,3,test,944315,0,0.5992768928669171
BASE,3,test,951246,0,0.15116119187190946
BASE,3,test,951306,1,0.6629787686912211
BASE,3,test,951654,0,0.45517160934568957
BASE,3,test,951846,0,0.37564694626858414
BASE,3,test,954370,1,0.6124483447769083
BASE,3,test,961819,0,0.6266420514572045
BASE,3,test,963197,1,0.5359209588296924
BASE,3,test,964462,0,0.4243584218455606
BASE,3,test,967105,1,0.8286175406049014
BASE,3,test,975490,1,0.6075921464492064
BASE,3,test,976220,1,0.8884486938166593
BASE,3,test,981562,0,0.30503351380133936
BASE,3,test,982817,0,0.2352109095917062
BASE,3,test,986510,1,0.3474566274824317
BASE,3,test,987267,1,0.58809746984641
BASE,3,test,987661,1,0.39191139045603923
BASE,3,test,988546,0,0.08503796832182714
BASE,3,test,993602,1,0.32357014222521835
BASE,3,test,995694,1,0.279519165151549
BASE,3,test,1000434,1,0.7630558999082808
BASE,3,test,1005121,1,0.6289994168887802
BASE,3,test,1008354,0,0.5455429823051223
BASE,3,test,1033938,0,0.5507715799348055
BASE,3,test,1042457,0,0.24383210808826405
BASE,3,test,1048580,1,0.7198369786679534
BASE,3,test,1053386,0,0.42125516232174925
BASE,3,test,1057961,0,0.6849102360880736
BASE,3,test,1063771,0,0.5299516137087322
BASE,3,test,1065288,0,0.48559482100860096
BASE,3,test,1067946,0,0.31293449482480207
BASE,3,test,1068977,0,0.44750859742989113
BASE,3,test,1069003,0,0.6529915411178513
BASE,3,test,1069432,1,0.7333521833804807
BASE,3,test,1070002,1,0.4262588068504523
BASE,3,test,1070777,1,0.7539709928742491
BASE,3,test,1071049,1,0.5810412343095019
BASE,3,test,1072194,1,0.6545949648690335
BASE,3,test,1074094,1,0.3096486556824518
BASE,3,test,1074306,1,0.6926030394088927
BASE,3,test,1074579,0,0.4627034322334376
BASE,3,test,1076383,1,0.38823893424573974
BASE,3,test,1077856,1,0.8082479516555549
BASE,3,test,1078976,1,0.5179204018581721
BASE,3,test,1080459,1,0.8698541145958184
BASE,3,test,1080892,1,0.3762990504114672
BASE,3,test,1081397,1,0.693825520564088
BASE,3,test,1083201,1,0.6578299850331498
BASE,3,test,1084214,1,0.6677498068938809
BASE,3,test,1085896,1,0.6774086994437399
BASE,3,test,1087295,1,0.3135780265188229
BASE,3,test,1088707,1,0.8093547163015107
BASE,3,test,1089436,0,0.7473464723800697
BASE,3,test,1089629,0,0.7214333701938915
BASE,3,test,1090438,1,0.7123244796363557
BASE,3,test,1090932,1,0.5885708754175777
BASE,3,test,1091111,1,0.5951239588015566
BASE,3,test,1092068,0,0.47453776837344186
BASE,3,test,1092267,0,0.1646033802544334
BASE,3,test,1092954,1,0.7974014854062045
BASE,3,test,1094030,1,0.7525730860272624
BASE,3,test,1094456,1,0.37882284622093243
BASE,3,test,1095881,1,0.75701860408466
BASE,3,test,1096276,0,0.5801968487528555
BASE,3,test,1096850,1,0.657450840784715
BASE,3,test,1098043,0,0.7394376658957789
BASE,3,test,1101522,0,0.554754415860368
BASE,3,test,1102389,1,0.8526567307468702
BASE,3,test,1103891,1,0.5274530531687589
BASE,3,test,1104219,1,0.334482853022387
BASE,3,test,1104438,1,0.6225431330082624
BASE,3,test,1104599,1,0.5483851112248961
BASE,3,test,1104803,0,0.3105032549061111
BASE,3,test,1105078,1,0.565799338133918
BASE,3,test,1105416,1,0.6714586940875423
BASE,3,test,1105688,1,0.7837052259404516
BASE,3,test,1105733,1,0.4249021452801294
BASE,3,test,1106632,0,0.2719394464485739
BASE,3,test,1107147,1,0.6397952300247498
BASE,3,test,1109280,1,0.8018769487606806
BASE,3,test,1109829,1,0.7470000501722989
BASE,3,test,1111123,1,0.43862482501975547
BASE,3,test,1111426,0,0.5948520386473138
BASE,3,test,1111513,1,0.791788576532387
BASE,3,test,1111831,0,0.6544124301236411
BASE,3,test,1112333,1,0.7976873308749497
BASE,3,test,1112876,1,0.5453510391114823
BASE,3,test,1113294,1,0.7895577631073902
BASE,3,test,1113536,0,0.4841946919626654
BASE,3,test,1113756,1,0.6627498729738579
BASE,3,test,1114319,0,0.46132430237516003
BASE,3,test,1115322,1,0.7666779398762141
BASE,3,test,1116440,0,0.2458424187649692
BASE,3,test,1116580,1,0.6323381343486452
BASE,3,test,1117370,1,0.8003808904564695
BASE,3,test,1117882,0,0.41460724394889054
BASE,3,test,1117951,1,0.629701635201248
BASE,3,test,1118511,1,0.5524687333783896
BASE,3,test,1119492,1,0.45082769568582537
BASE,3,test,1119520,0,0.4324482804975448
BASE,3,test,1120326,1,0.2687841666222612
BASE,3,test,1120684,0,0.3588484958771862
BASE,3,test,1121623,1,0.629544217921345
BASE,3,test,1122185,1,0.47854479186069987
BASE,3,test,1122626,1,0.8098682844064539
BASE,3,test,1122658,1,0.6125628460643354
BASE,3,test,1122760,0,0.20280283074971933
BASE,3,test,1123205,0,0.5307500669390692
BASE,3,test,1123222,1,0.5063724548099175
BASE,3,test,1123572,0,0.3338564150218057
BASE,3,test,1124329,1,0.5961270531277143
BASE,3,test,1124491,1,0.6706931013119839
BASE,3,test,1124658,0,0.4055825218367762
BASE,3,test,1124806,1,0.37729004599711724
BASE,3,test,1125163,1,0.40203134572450056
BASE,3,test,1125189,0,0.32222413229812347
BASE,3,test,1125964,1,0.6504215716470452
BASE,3,test,1126637,0,0.7786612888108112
BASE,3,test,1127029,0,0.6411545598383706
BASE,3,test,1127560,1,0.8750273012098657
BASE,3,test,1128027,1,0.6064690021127228
BASE,3,test,1128065,0,0.44412507809449153
BASE,3,test,1128946,1,0.3776670973278787
BASE,3,test,1128952,0,0.5398473920050768
BASE,3,test,1129131,0,0.16163382286477643
BASE,3,test,1129401,1,0.5161613011695859
BASE,3,test,1129826,1,0.755484459361754
BASE,3,test,1130697,1,0.7809051688921536
BASE,3,test,1131818,1,0.5382942420159863
BASE,3,test,1132205,1,0.8169613770827258
BASE,3,test,1132255,0,0.4722921504917629
BASE,3,test,1132465,1,0.762441108667716
BASE,3,test,1132760,0,0.6175888149768098
BASE,3,test,1133467,1,0.5647740099256889
BASE,3,test,1133778,1,0.9108049322220271
BASE,3,test,1134347,0,0.36054768876068044
BASE,3,test,1134479,1,0.8327575061380701
BASE,3,test,1136005,0,0.3381203315541223
BASE,3,test,1136524,0,0.6893562565792146
BASE,3,test,1136723,0,0.3408371220331999
BASE,3,test,1137456,0,0.8465598863328183
BASE,3,test,1137589,1,0.5272479612351646
BASE,3,test,1137968,0,0.4039546749102015
BASE,3,test,1138091,1,0.46239668937739914
BASE,3,test,1141785,0,0.22373503198487169
BASE,3,test,1142514,0,0.5361361027764929
BASE,3,test,1142584,0,0.4388272056866863
BASE,3,test,1143112,1,0.7294449270487582
BASE,3,test,1144147,0,0.5441037867837026
BASE,3,test,1144322,1,0.7633656475293635
BASE,3,test,1145284,1,0.8582931539238714
BASE,3,test,1145450,0,0.5252104357738631
BASE,3,test,1145704,1,0.6603920766693085
BASE,3,test,1145863,1,0.8536194102718712
BASE,3,test,1146369,1,0.8722737105195548
BASE,3,test,1146398,1,0.6747869915165791
BASE,3,test,1146484,0,0.5996731891937636
BASE,3,test,1146999,1,0.8151190117652608
BASE,3,test,1147189,1,0.4984734391753072
BASE,3,test,1147390,0,0.2190391333521992
BASE,3,test,1147843,1,0.8666928530485347
BASE,3,test,1147877,1,0.6283909297536284
BASE,3,test,1148116,1,0.7453810334985588
BASE,3,test,1148270,0,0.38941460376267373
BASE,3,test,1148359,1,0.7694095301898062
BASE,3,test,1148648,1,0.6744845994819139
BASE,3,test,1149200,1,0.3849837595694816
BASE,3,test,1151454,0,0.5843110278170398
BASE,3,test,1151830,0,0.7972194229950152
BASE,3,test,1152877,0,0.3358752562892746
BASE,3,test,1153399,1,0.6686339753869659
BASE,3,test,1153462,1,0.4640391354873695
BASE,3,test,1153702,0,0.3766337123230082
BASE,3,test,1154277,1,0.6554134157509708
BASE,3,test,1154712,1,0.7684589563672591
BASE,3,test,1155460,1,0.6034671551260712
BASE,3,test,1156261,1,0.4399683745024175
BASE,3,test,1156386,1,0.5935307119540019
BASE,3,test,1158961,1,0.754295816085693
BASE,3,test,1206335,0,0.5473878924716711
BASE,3,test,1206743,0,0.514383090328533
BASE,3,test,1206997,1,0.7848788288414845
BASE,3,test,1207017,1,0.716614621171053
BASE,3,test,1207116,1,0.8800491971895252
BASE,3,test,1207140,1,0.7864748490971815
BASE,3,test,1207571,1,0.7653076025765642
BASE,3,test,1207980,1,0.7781626129046478
BASE,3,test,1208613,0,0.44041993508717914
BASE,3,test,1209229,0,0.24410167621842876
BASE,3,test,1209502,0,0.34703160960871726
BASE,3,test,1210100,0,0.32634646736272077
BASE,3,test,1210786,0,0.3497390295090904
BASE,3,test,1210915,0,0.6216704889562724
BASE,3,test,1211104,1,0.6316920021554427
BASE,3,test,1211177,1,0.596444824819789
BASE,3,test,1211293,1,0.6054549158087206
BASE,3,test,1211895,1,0.7657906561366099
BASE,3,test,1212290,1,0.8285556864503529
BASE,3,test,1213071,1,0.4799049589224047
BASE,3,test,1213344,1,0.2874307309848893
BASE,3,test,1213506,0,0.7651328026615565
BASE,3,test,1213716,1,0.7783168863987941
BASE,3,test,1213967,1,0.3225468654227786
BASE,3,test,1213974,0,0.7200405095743152
BASE,3,test,1214861,1,0.890886556462186
BASE,3,test,1215142,0,0.3482790241941981
BASE,3,test,1215187,1,0.2879130931925034
BASE,3,test,1215381,0,0.6565239294531814
BASE,3,test,1216041,1,0.6329557863718166
BASE,3,test,1216076,1,0.750787702190933
BASE,3,test,1216223,1,0.7662002675026084
BASE,3,test,1216421,1,0.581316558921344
BASE,3,test,1216718,1,0.5150128110168438
BASE,3,test,1216841,0,0.6124440560495537
BASE,3,test,1217080,1,0.8513548671361647
BASE,3,test,1217110,1,0.5135051650167938
BASE,3,test,1217635,1,0.6219666667954127
BASE,3,test,1217948,1,0.4752581469345777
BASE,3,test,1219254,0,0.5145610821985966
BASE,3,test,1219303,1,0.6162210767940468
BASE,3,test,1219337,1,0.2880710804731603
BASE,3,test,1219597,0,0.5123998700535579
BASE,3,test,1219765,1,0.7188854681174334
BASE,3,test,1219802,1,0.7423922492301958
BASE,3,test,1219853,1,0.39100034524608007
BASE,3,test,1219897,1,0.8240607184642417
BASE,3,test,1219935,1,0.8344716746229345
BASE,3,test,1220500,1,0.7987917531141073
BASE,3,test,1220515,0,0.36313358231150694
BASE,3,test,1220527,0,0.5484319987117348
BASE,3,test,1220699,1,0.5840498039385045
BASE,3,test,1221554,0,0.704997549356926
BASE,3,test,1221707,0,0.5585299430816272
BASE,3,test,1221883,0,0.4486388350582567
BASE,3,test,1222192,1,0.5228707032495679
BASE,3,test,1223568,1,0.6602126073962198
BASE,3,test,1223585,1,0.5742093039100432
BASE,3,test,1223773,1,0.6798345015557965
BASE,3,test,1223866,1,0.6388333314946593
BASE,3,test,1224547,1,0.4532776539633461
BASE,3,test,1225086,0,0.45096472092838646
BASE,3,test,1225267,0,0.35253824576588266
BASE,3,test,1225500,0,0.6563316173524835
BASE,3,test,1225672,1,0.7112600872732984
BASE,3,test,1225914,0,0.365296099376324
BASE,3,test,1226824,0,0.13269068635574452
BASE,3,test,1228207,1,0.4706985695400549
BASE,3,test,1228461,1,0.9465420341486568
BASE,3,test,1229379,1,0.5534016631977304
BASE,3,test,1229837,0,0.40592415624658984
BASE,3,test,1229920,1,0.7049754414087903
BASE,3,test,1229976,1,0.35720111882063144
BASE,3,test,1230374,1,0.8678554640279792
BASE,3,test,1230422,1,0.3409024655909861
BASE,3,test,1232028,0,0.26847346683444473
BASE,3,test,1232188,1,0.5228282122921261
BASE,3,test,1232273,1,0.6738083416000796
BASE,3,test,1233026,1,0.8418079655819155
BASE,3,test,1233054,1,0.5190026079795452
BASE,3,test,1233178,1,0.8430101759007012
BASE,3,test,1233508,1,0.6066940982439791
BASE,3,test,1233632,1,0.4723351665441244
BASE,3,test,1233863,1,0.49135220457631557
BASE,3,test,1235254,0,0.19361784575935193
BASE,3,test,1235590,1,0.5388470919566405
BASE,3,test,1235777,1,0.4700520066363236
BASE,3,test,1236063,0,0.7881044377553822
BASE,3,test,1236187,0,0.4406557033273078
BASE,3,test,1236548,0,0.8429783222551867
BASE,3,test,1237123,0,0.3883440511109597
BASE,3,test,1237587,0,0.44090222442909655
BASE,3,test,1237630,1,0.7757974664389955
BASE,3,test,1237793,1,0.3929618354609562
BASE,3,test,1237822,1,0.8268916267733577
BASE,3,test,1238264,1,0.4726925985527061
BASE,3,test,1238287,0,0.7956801762618579
BASE,3,test,1238406,0,0.32316626965726847
BASE,3,test,1238457,1,0.7161020506042294
BASE,3,test,1238559,1,0.8008958908081775
BASE,3,test,1238817,0,0.8611089304865059
BASE,3,test,1238917,0,0.45972722700425545
BASE,3,test,1238964,1,0.4723836253875672
BASE,3,test,1239034,0,0.8143133889827413
BASE,3,test,1239474,1,0.23279596069738748
BASE,3,test,1241090,0,0.3216401501374221
BASE,3,test,1242267,1,0.7289011029054191
BASE,3,test,1242372,1,0.7568043236059502
BASE,3,test,1242645,0,0.6068585902450839
BASE,3,test,1243514,1,0.7066643100369048
BASE,3,test,1243823,1,0.349325484451654
BASE,3,test,1244446,1,0.5284060920408649
BASE,3,test,1244606,1,0.5893372051039852
BASE,3,test,1244765,0,0.37972254485806906
BASE,3,test,1245566,1,0.624839959349597
BASE_x_R1a,3,test,12246,1,0.4837241816608593
BASE_x_R1a,3,test,20593,1,0.6293883172400757
BASE_x_R1a,3,test,26806,1,0.7136004473632848
BASE_x_R1a,3,test,30603,1,0.6847694464149134
BASE_x_R1a,3,test,32577,0,0.43420148535116576
BASE_x_R1a,3,test,33170,0,0.44803685896240025
BASE_x_R1a,3,test,42450,1,0.7108193272487724
BASE_x_R1a,3,test,42858,0,0.40977335660348807
BASE_x_R1a,3,test,52327,1,0.8375030330685728
BASE_x_R1a,3,test,54828,1,0.8342684262245177
BASE_x_R1a,3,test,57517,1,0.813430835682261
BASE_x_R1a,3,test,58630,1,0.6057542562368895
BASE_x_R1a,3,test,66226,1,0.6545146283012109
BASE_x_R1a,3,test,68483,1,0.459656927442046
BASE_x_R1a,3,test,75558,1,0.47948575705219837
BASE_x_R1a,3,test,77870,1,0.4951535816662463
BASE_x_R1a,3,test,78778,0,0.28319999938035556
BASE_x_R1a,3,test,86840,1,0.45560209691525044
BASE_x_R1a,3,test,86896,0,0.8228869338948921
BASE_x_R1a,3,test,87973,1,0.7692143292558622
BASE_x_R1a,3,test,88483,1,0.7579285663392626
BASE_x_R1a,3,test,89841,1,0.5603606600442267
BASE_x_R1a,3,test,89847,1,0.6071479878553978
BASE_x_R1a,3,test,89850,1,0.6486064397033021
BASE_x_R1a,3,test,93011,0,0.5928812592741357
BASE_x_R1a,3,test,93380,0,0.4921745794701514
BASE_x_R1a,3,test,95626,1,0.6903561242763689
BASE_x_R1a,3,test,102640,1,0.6205241035160277
BASE_x_R1a,3,test,108335,0,0.3008441508430582
BASE_x_R1a,3,test,129407,1,0.5524222086145106
BASE_x_R1a,3,test,130251,0,0.4080641484547738
BASE_x_R1a,3,test,130832,1,0.8244919636424413
BASE_x_R1a,3,test,136645,1,0.7629246362714089
BASE_x_R1a,3,test,139145,1,0.841417309732324
BASE_x_R1a,3,test,139693,0,0.2938455212332665
BASE_x_R1a,3,test,140328,0,0.6433204400126035
BASE_x_R1a,3,test,141620,1,0.5883510821092224
BASE_x_R1a,3,test,144260,0,0.7122222205644028
BASE_x_R1a,3,test,144639,1,0.7858923867506692
BASE_x_R1a,3,test,146346,1,0.46534149046186135
BASE_x_R1a,3,test,149880,1,0.6247413988635365
BASE_x_R1a,3,test,153637,1,0.5148583326872899
BASE_x_R1a,3,test,154041,1,0.6860674329767257
BASE_x_R1a,3,test,154147,1,0.744799504669006
BASE_x_R1a,3,test,160524,0,0.24933727419806018
BASE_x_R1a,3,test,162979,1,0.8267199279797804
BASE_x_R1a,3,test,167707,1,0.5059651240682002
BASE_x_R1a,3,test,169727,0,0.73457023431764
BASE_x_R1a,3,test,173162,0,0.5337541619354461
BASE_x_R1a,3,test,180368,1,0.6024933279999509
BASE_x_R1a,3,test,183492,1,0.8176454661895681
BASE_x_R1a,3,test,184874,1,0.6484880445555607
BASE_x_R1a,3,test,185004,1,0.33205837987579395
BASE_x_R1a,3,test,185627,1,0.6793357714499961
BASE_x_R1a,3,test,189685,0,0.5230251651720453
BASE_x_R1a,3,test,191245,1,0.8408518203730876
BASE_x_R1a,3,test,193149,0,0.8315815235634695
BASE_x_R1a,3,test,197089,0,0.4491998100524219
BASE_x_R1a,3,test,203461,1,0.5612193582494746
BASE_x_R1a,3,test,220792,0,0.3419592379950673
BASE_x_R1a,3,test,226106,1,0.8338820256600147
BASE_x_R1a,3,test,226859,0,0.6155379518232336
BASE_x_R1a,3,test,236298,0,0.5254552738467726
BASE_x_R1a,3,test,240229,0,0.23656150014469302
BASE_x_R1a,3,test,248666,1,0.7412427863988907
BASE_x_R1a,3,test,253611,0,0.282496492002031
BASE_x_R1a,3,test,269426,1,0.7555257168118465
BASE_x_R1a,3,test,270408,1,0.4500617038433105
BASE_x_R1a,3,test,271883,1,0.5973657008380033
BASE_x_R1a,3,test,273148,1,0.8879544214516892
BASE_x_R1a,3,test,273824,1,0.6339175396042231
BASE_x_R1a,3,test,274345,0,0.22473936317980897
BASE_x_R1a,3,test,280634,1,0.6346709046110487
BASE_x_R1a,3,test,280650,1,0.892541479914916
BASE_x_R1a,3,test,282212,1,0.4738885607595031
BASE_x_R1a,3,test,292872,0,0.24210778137608382
BASE_x_R1a,3,test,297709,0,0.37567254445607967
BASE_x_R1a,3,test,298955,0,0.7440065039662197
BASE_x_R1a,3,test,300174,0,0.4177928782530111
BASE_x_R1a,3,test,306454,0,0.35723825238142504
BASE_x_R1a,3,test,306770,0,0.7083642133905346
BASE_x_R1a,3,test,314907,1,0.8481447248998707
BASE_x_R1a,3,test,315569,1,0.8859975401341568
BASE_x_R1a,3,test,315683,0,0.4185548223715847
BASE_x_R1a,3,test,316099,0,0.3250502794508595
BASE_x_R1a,3,test,319311,0,0.32268525708754014
BASE_x_R1a,3,test,319661,1,0.6428775237300914
BASE_x_R1a,3,test,323399,0,0.20409623763701293
BASE_x_R1a,3,test,324095,1,0.803142342026836
BASE_x_R1a,3,test,328655,0,0.6074224346215376
BASE_x_R1a,3,test,330889,1,0.8089358882701156
BASE_x_R1a,3,test,331198,1,0.6346945258914888
BASE_x_R1a,3,test,331536,1,0.7650297149451925
BASE_x_R1a,3,test,334461,1,0.2633438473137157
BASE_x_R1a,3,test,335955,1,0.43858138464358476
BASE_x_R1a,3,test,337710,1,0.4966122681190337
BASE_x_R1a,3,test,338273,1,0.5568618135598533
BASE_x_R1a,3,test,338312,1,0.5449520064082517
BASE_x_R1a,3,test,338690,1,0.7667916998326576
BASE_x_R1a,3,test,338963,1,0.44506771194062444
BASE_x_R1a,3,test,339319,1,0.7805715264289179
BASE_x_R1a,3,test,345648,0,0.48208970086191405
BASE_x_R1a,3,test,348496,1,0.6019983673323986
BASE_x_R1a,3,test,349134,1,0.863433589483828
BASE_x_R1a,3,test,352191,1,0.8387117960382342
BASE_x_R1a,3,test,352302,0,0.7558160346781306
BASE_x_R1a,3,test,353336,1,0.49501120421963163
BASE_x_R1a,3,test,353886,0,0.6165398590938161
BASE_x_R1a,3,test,354035,1,0.6823073900071318
BASE_x_R1a,3,test,360521,0,0.4743591440734272
BASE_x_R1a,3,test,360745,1,0.6446340692982878
BASE_x_R1a,3,test,361916,1,0.7600918433513424
BASE_x_R1a,3,test,364440,0,0.513657185060696
BASE_x_R1a,3,test,366159,1,0.6336446423448628
BASE_x_R1a,3,test,368436,1,0.39474344027923114
BASE_x_R1a,3,test,376917,1,0.5400887999262306
BASE_x_R1a,3,test,378289,0,0.8547669624159896
BASE_x_R1a,3,test,380225,1,0.844451934139983
BASE_x_R1a,3,test,397908,0,0.2902555849067466
BASE_x_R1a,3,test,400944,1,0.769372193098618
BASE_x_R1a,3,test,409579,1,0.44981482951707075
BASE_x_R1a,3,test,414906,0,0.18224965362722517
BASE_x_R1a,3,test,416249,1,0.6467400464663859
BASE_x_R1a,3,test,419522,1,0.6693722425560291
BASE_x_R1a,3,test,422674,1,0.5715163707307085
BASE_x_R1a,3,test,423853,1,0.8320907861659252
BASE_x_R1a,3,test,427380,1,0.7958824011919521
BASE_x_R1a,3,test,436295,1,0.8222357757574885
BASE_x_R1a,3,test,438848,1,0.8562861510469478
BASE_x_R1a,3,test,442019,0,0.5828615992965918
BASE_x_R1a,3,test,443084,0,0.21159500254484287
BASE_x_R1a,3,test,451844,1,0.3221241526687205
BASE_x_R1a,3,test,457179,1,0.8945700303813582
BASE_x_R1a,3,test,467821,0,0.29833819519479043
BASE_x_R1a,3,test,469865,1,0.6918469872725317
BASE_x_R1a,3,test,475893,0,0.3214228595913371
BASE_x_R1a,3,test,477981,1,0.6926287831284906
BASE_x_R1a,3,test,479371,0,0.4873821217111219
BASE_x_R1a,3,test,479811,0,0.3934205876979215
BASE_x_R1a,3,test,480021,0,0.6514027621989529
BASE_x_R1a,3,test,480598,1,0.5758069829781275
BASE_x_R1a,3,test,480708,1,0.8346051058064562
BASE_x_R1a,3,test,481454,0,0.21355327391960913
BASE_x_R1a,3,test,487515,1,0.832291718346048
BASE_x_R1a,3,test,498363,1,0.864249567164198
BASE_x_R1a,3,test,517250,1,0.4219168354792464
BASE_x_R1a,3,test,519298,1,0.46932927346159536
BASE_x_R1a,3,test,523694,0,0.2861845214159089
BASE_x_R1a,3,test,526137,0,0.7187221143538843
BASE_x_R1a,3,test,529816,1,0.5370836243742546
BASE_x_R1a,3,test,531462,1,0.617145745010077
BASE_x_R1a,3,test,532019,1,0.7675760529730242
BASE_x_R1a,3,test,532148,1,0.5394205533508389
BASE_x_R1a,3,test,544864,1,0.4145871587255904
BASE_x_R1a,3,test,552900,1,0.9061830593506396
BASE_x_R1a,3,test,556177,0,0.3718033796277904
BASE_x_R1a,3,test,559178,1,0.6587614653553377
BASE_x_R1a,3,test,559210,0,0.26587255993650927
BASE_x_R1a,3,test,571812,1,0.8400700336638658
BASE_x_R1a,3,test,572241,0,0.6315112931201937
BASE_x_R1a,3,test,575322,1,0.5917915819988895
BASE_x_R1a,3,test,578406,1,0.6269228404902251
BASE_x_R1a,3,test,581598,1,0.8518818467082366
BASE_x_R1a,3,test,586714,1,0.6070691649390028
BASE_x_R1a,3,test,589233,1,0.8432216683455067
BASE_x_R1a,3,test,591051,1,0.6163667163182232
BASE_x_R1a,3,test,592121,0,0.35801702188870754
BASE_x_R1a,3,test,595099,0,0.6061048454550131
BASE_x_R1a,3,test,596445,0,0.6334848582792796
BASE_x_R1a,3,test,602794,1,0.599162862998306
BASE_x_R1a,3,test,608388,1,0.615018191898341
BASE_x_R1a,3,test,620021,0,0.4322302556759823
BASE_x_R1a,3,test,621152,0,0.2153623523539733
BASE_x_R1a,3,test,623782,1,0.8308792213568188
BASE_x_R1a,3,test,624977,0,0.6232968104970952
BASE_x_R1a,3,test,627036,1,0.7753852458053981
BASE_x_R1a,3,test,628861,1,0.71879678963701
BASE_x_R1a,3,test,629290,0,0.37140045520052367
BASE_x_R1a,3,test,642558,1,0.508328236352438
BASE_x_R1a,3,test,644443,1,0.7208155538755588
BASE_x_R1a,3,test,644744,1,0.8598041374663297
BASE_x_R1a,3,test,646425,1,0.3746234115829209
BASE_x_R1a,3,test,649313,1,0.5325708597485245
BASE_x_R1a,3,test,652129,1,0.8939224582130589
BASE_x_R1a,3,test,653268,1,0.6144482384589396
BASE_x_R1a,3,test,661211,0,0.4942728583262502
BASE_x_R1a,3,test,665656,1,0.5881520634306326
BASE_x_R1a,3,test,673553,1,0.7729046113818121
BASE_x_R1a,3,test,673667,1,0.5020697156211725
BASE_x_R1a,3,test,675008,1,0.6912183308427529
BASE_x_R1a,3,test,675401,1,0.5176890290849018
BASE_x_R1a,3,test,677928,1,0.5170247605690474
BASE_x_R1a,3,test,678199,0,0.4540956799431424
BASE_x_R1a,3,test,684963,1,0.8903301329492834
BASE_x_R1a,3,test,688573,0,0.47732185528220833
BASE_x_R1a,3,test,689380,1,0.44041736902972795
BASE_x_R1a,3,test,692458,1,0.5461514948867613
BASE_x_R1a,3,test,692799,1,0.8203101607344068
BASE_x_R1a,3,test,696774,1,0.8402417490662353
BASE_x_R1a,3,test,697830,0,0.4248876325962799
BASE_x_R1a,3,test,697961,1,0.8359504387300107
BASE_x_R1a,3,test,699877,0,0.5220332718984078
BASE_x_R1a,3,test,703629,1,0.8643098083014431
BASE_x_R1a,3,test,705906,1,0.884146489473863
BASE_x_R1a,3,test,706141,1,0.3983774894830166
BASE_x_R1a,3,test,707069,1,0.8151650382803274
BASE_x_R1a,3,test,709722,1,0.43420854444107776
BASE_x_R1a,3,test,709815,1,0.7617524261049428
BASE_x_R1a,3,test,714764,0,0.6825786946763841
BASE_x_R1a,3,test,715113,1,0.7177020282512663
BASE_x_R1a,3,test,715221,1,0.4463023574860513
BASE_x_R1a,3,test,718508,1,0.7722163128949776
BASE_x_R1a,3,test,718614,0,0.25579906191451024
BASE_x_R1a,3,test,719188,1,0.7677734209742471
BASE_x_R1a,3,test,723474,0,0.438091502115917
BASE_x_R1a,3,test,728929,1,0.4381346265055627
BASE_x_R1a,3,test,739674,0,0.41388595212948615
BASE_x_R1a,3,test,742847,0,0.384604507930001
BASE_x_R1a,3,test,743318,0,0.30605374766701543
BASE_x_R1a,3,test,744145,0,0.6708251896276727
BASE_x_R1a,3,test,747710,0,0.610827121587363
BASE_x_R1a,3,test,748105,0,0.4729305590310423
BASE_x_R1a,3,test,751827,1,0.7028815476965863
BASE_x_R1a,3,test,752967,1,0.8863121293146392
BASE_x_R1a,3,test,752970,0,0.6475922543552041
BASE_x_R1a,3,test,757383,0,0.4303862161300046
BASE_x_R1a,3,test,757410,0,0.6946281464473271
BASE_x_R1a,3,test,759242,1,0.6863224312328354
BASE_x_R1a,3,test,760356,1,0.40734002202067676
BASE_x_R1a,3,test,761089,0,0.4258733000282365
BASE_x_R1a,3,test,761233,1,0.6642027239100738
BASE_x_R1a,3,test,761534,1,0.7311207808224097
BASE_x_R1a,3,test,763094,1,0.32361366231263394
BASE_x_R1a,3,test,765019,0,0.6157397060514311
BASE_x_R1a,3,test,765027,1,0.4327932621649038
BASE_x_R1a,3,test,779186,1,0.731407306467106
BASE_x_R1a,3,test,781445,0,0.29717118675687826
BASE_x_R1a,3,test,789824,0,0.32218212243650307
BASE_x_R1a,3,test,790696,0,0.6542595893472086
BASE_x_R1a,3,test,797407,0,0.4587958510994497
BASE_x_R1a,3,test,805599,1,0.6931274963280386
BASE_x_R1a,3,test,809234,1,0.8192740304294488
BASE_x_R1a,3,test,809238,0,0.7387861944036964
BASE_x_R1a,3,test,810874,0,0.49994778022540687
BASE_x_R1a,3,test,813871,1,0.7512023236587072
BASE_x_R1a,3,test,816834,0,0.19887178749908063
BASE_x_R1a,3,test,817995,1,0.7596710614395639
BASE_x_R1a,3,test,820729,1,0.7681669197039281
BASE_x_R1a,3,test,824734,1,0.46369156714288623
BASE_x_R1a,3,test,826631,0,0.3131047986863221
BASE_x_R1a,3,test,829142,1,0.8555561697240118
BASE_x_R1a,3,test,829951,1,0.516950997206863
BASE_x_R1a,3,test,830573,0,0.3598037855496805
BASE_x_R1a,3,test,831720,0,0.48638078757787623
BASE_x_R1a,3,test,834393,0,0.37400663427063774
BASE_x_R1a,3,test,834446,1,0.7703160287732972
BASE_x_R1a,3,test,834515,0,0.7009844012156692
BASE_x_R1a,3,test,841534,0,0.2802600712598265
BASE_x_R1a,3,test,850702,1,0.6787947385944102
BASE_x_R1a,3,test,851146,1,0.730267764941595
BASE_x_R1a,3,test,853842,1,0.7353587128996935
BASE_x_R1a,3,test,855223,1,0.5298833047390811
BASE_x_R1a,3,test,860519,0,0.37294274934904065
BASE_x_R1a,3,test,862030,1,0.5780493682132098
BASE_x_R1a,3,test,865733,1,0.43428930465578447
BASE_x_R1a,3,test,865987,0,0.4741707745833972
BASE_x_R1a,3,test,868318,0,0.576267288197353
BASE_x_R1a,3,test,870983,1,0.15585176839154452
BASE_x_R1a,3,test,872844,1,0.6786695560660791
BASE_x_R1a,3,test,873012,1,0.44371039735292117
BASE_x_R1a,3,test,873206,1,0.5307732803648273
BASE_x_R1a,3,test,875241,1,0.690991350139508
BASE_x_R1a,3,test,878491,1,0.5860862387458421
BASE_x_R1a,3,test,883112,1,0.7530301365068442
BASE_x_R1a,3,test,883804,1,0.43646525774168843
BASE_x_R1a,3,test,885394,1,0.4448342796486907
BASE_x_R1a,3,test,899067,0,0.24004521306333992
BASE_x_R1a,3,test,899206,1,0.8549944648498484
BASE_x_R1a,3,test,941626,1,0.37776687890234983
BASE_x_R1a,3,test,944315,0,0.6329289443070916
BASE_x_R1a,3,test,951246,0,0.17989463428060368
BASE_x_R1a,3,test,951306,1,0.7260944640511066
BASE_x_R1a,3,test,951654,0,0.36899755678577684
BASE_x_R1a,3,test,951846,0,0.3246994096033009
BASE_x_R1a,3,test,954370,1,0.6950703996103413
BASE_x_R1a,3,test,961819,0,0.6621394598948506
BASE_x_R1a,3,test,963197,1,0.5875951545100451
BASE_x_R1a,3,test,964462,0,0.40830710637190804
BASE_x_R1a,3,test,967105,1,0.7899231258167461
BASE_x_R1a,3,test,975490,1,0.6272636958445297
BASE_x_R1a,3,test,976220,1,0.8080384112659722
BASE_x_R1a,3,test,981562,0,0.28446212044214436
BASE_x_R1a,3,test,982817,0,0.16226319189272254
BASE_x_R1a,3,test,986510,1,0.3063414996060558
BASE_x_R1a,3,test,987267,1,0.549299381996607
BASE_x_R1a,3,test,987661,1,0.4180105828226594
BASE_x_R1a,3,test,988546,0,0.11017716004174755
BASE_x_R1a,3,test,993602,1,0.29471662456473857
BASE_x_R1a,3,test,995694,1,0.23027941416604278
BASE_x_R1a,3,test,1000434,1,0.7749773522051413
BASE_x_R1a,3,test,1005121,1,0.7028536727850252
BASE_x_R1a,3,test,1008354,0,0.5011236499376023
BASE_x_R1a,3,test,1033938,0,0.5294576152445779
BASE_x_R1a,3,test,1042457,0,0.240486579119912
BASE_x_R1a,3,test,1048580,1,0.7924616801670002
BASE_x_R1a,3,test,1053386,0,0.49912347046714217
BASE_x_R1a,3,test,1057961,0,0.5826841727904732
BASE_x_R1a,3,test,1063771,0,0.5592758546860993
BASE_x_R1a,3,test,1065288,0,0.4655747991940368
BASE_x_R1a,3,test,1067946,0,0.39114167395230764
BASE_x_R1a,3,test,1068977,0,0.42281834886633674
BASE_x_R1a,3,test,1069003,0,0.5247133202046268
BASE_x_R1a,3,test,1069432,1,0.6810303487823482
BASE_x_R1a,3,test,1070002,1,0.44386417327666877
BASE_x_R1a,3,test,1070777,1,0.717006193324304
BASE_x_R1a,3,test,1071049,1,0.5540314676090714
BASE_x_R1a,3,test,1072194,1,0.6564913643594441
BASE_x_R1a,3,test,1074094,1,0.41867004499558136
BASE_x_R1a,3,test,1074306,1,0.714914538944791
BASE_x_R1a,3,test,1074579,0,0.45260909807120475
BASE_x_R1a,3,test,1076383,1,0.3947677136699368
BASE_x_R1a,3,test,1077856,1,0.7918059867765251
BASE_x_R1a,3,test,1078976,1,0.5153011198013875
BASE_x_R1a,3,test,1080459,1,0.8520758190574924
BASE_x_R1a,3,test,1080892,1,0.47707128159844614
BASE_x_R1a,3,test,1081397,1,0.733221458162918
BASE_x_R1a,3,test,1083201,1,0.6536643561464522
BASE_x_R1a,3,test,1084214,1,0.6567758578631273
BASE_x_R1a,3,test,1085896,1,0.695521606181661
BASE_x_R1a,3,test,1087295,1,0.31247128933499974
BASE_x_R1a,3,test,1088707,1,0.8597321133604089
BASE_x_R1a,3,test,1089436,0,0.7288010471713026
BASE_x_R1a,3,test,1089629,0,0.7020293048233861
BASE_x_R1a,3,test,1090438,1,0.7216142330045487
BASE_x_R1a,3,test,1090932,1,0.6545252346660233
BASE_x_R1a,3,test,1091111,1,0.5636774076728295
BASE_x_R1a,3,test,1092068,0,0.45271915220586684
BASE_x_R1a,3,test,1092267,0,0.19939154510148238
BASE_x_R1a,3,test,1092954,1,0.8279141778806124
BASE_x_R1a,3,test,1094030,1,0.8008598555013157
BASE_x_R1a,3,test,1094456,1,0.32993266484881884
BASE_x_R1a,3,test,1095881,1,0.7320403598781503
BASE_x_R1a,3,test,1096276,0,0.4768901721053321
BASE_x_R1a,3,test,1096850,1,0.665596419287414
BASE_x_R1a,3,test,1098043,0,0.7305471927042347
BASE_x_R1a,3,test,1101522,0,0.6105422792929431
BASE_x_R1a,3,test,1102389,1,0.8192176127493817
BASE_x_R1a,3,test,1103891,1,0.5936671241704858
BASE_x_R1a,3,test,1104219,1,0.31795665932580536
BASE_x_R1a,3,test,1104438,1,0.6533443996258014
BASE_x_R1a,3,test,1104599,1,0.5778273603000758
BASE_x_R1a,3,test,1104803,0,0.3145121676286138
BASE_x_R1a,3,test,1105078,1,0.6425245436116724
BASE_x_R1a,3,test,1105416,1,0.7226321614138427
BASE_x_R1a,3,test,1105688,1,0.748281910322643
BASE_x_R1a,3,test,1105733,1,0.4707499681673357
BASE_x_R1a,3,test,1106632,0,0.2577987053645152
BASE_x_R1a,3,test,1107147,1,0.7189739847095544
BASE_x_R1a,3,test,1109280,1,0.7523757932453673
BASE_x_R1a,3,test,1109829,1,0.7803887201811832
BASE_x_R1a,3,test,1111123,1,0.41537950957615366
BASE_x_R1a,3,test,1111426,0,0.5424044618085536
BASE_x_R1a,3,test,1111513,1,0.7934621382102691
BASE_x_R1a,3,test,1111831,0,0.7060377148450456
BASE_x_R1a,3,test,1112333,1,0.7166974480487308
BASE_x_R1a,3,test,1112876,1,0.6222040180635162
BASE_x_R1a,3,test,1113294,1,0.7790345445473208
BASE_x_R1a,3,test,1113536,0,0.45819205679087177
BASE_x_R1a,3,test,1113756,1,0.6621388843729425
BASE_x_R1a,3,test,1114319,0,0.4583657379067551
BASE_x_R1a,3,test,1115322,1,0.7650167019168858
BASE_x_R1a,3,test,1116440,0,0.2528904691740944
BASE_x_R1a,3,test,1116580,1,0.5776903956411347
BASE_x_R1a,3,test,1117370,1,0.8050951627910206
BASE_x_R1a,3,test,1117882,0,0.3463452133531277
BASE_x_R1a,3,test,1117951,1,0.6088441843727695
BASE_x_R1a,3,test,1118511,1,0.6169398476690516
BASE_x_R1a,3,test,1119492,1,0.4357004734021375
BASE_x_R1a,3,test,1119520,0,0.4120327395373042
BASE_x_R1a,3,test,1120326,1,0.26922700482554585
BASE_x_R1a,3,test,1120684,0,0.3531312919302497
BASE_x_R1a,3,test,1121623,1,0.6673752090606045
BASE_x_R1a,3,test,1122185,1,0.48890440115439326
BASE_x_R1a,3,test,1122626,1,0.8217681038798567
BASE_x_R1a,3,test,1122658,1,0.6256410017984174
BASE_x_R1a,3,test,1122760,0,0.20835919684762538
BASE_x_R1a,3,test,1123205,0,0.5061002237934834
BASE_x_R1a,3,test,1123222,1,0.607314826563238
BASE_x_R1a,3,test,1123572,0,0.3058127708942573
BASE_x_R1a,3,test,1124329,1,0.6443727498517119
BASE_x_R1a,3,test,1124491,1,0.7076975486009895
BASE_x_R1a,3,test,1124658,0,0.4079934828393336
BASE_x_R1a,3,test,1124806,1,0.30445294094038416
BASE_x_R1a,3,test,1125163,1,0.3790969992437743
BASE_x_R1a,3,test,1125189,0,0.2848323589943486
BASE_x_R1a,3,test,1125964,1,0.664281931729096
BASE_x_R1a,3,test,1126637,0,0.7739497609589481
BASE_x_R1a,3,test,1127029,0,0.7652279399529719
BASE_x_R1a,3,test,1127560,1,0.8893949120493383
BASE_x_R1a,3,test,1128027,1,0.6075934555380428
BASE_x_R1a,3,test,1128065,0,0.36585567373091876
BASE_x_R1a,3,test,1128946,1,0.35499948254064817
BASE_x_R1a,3,test,1128952,0,0.5631956036877228
BASE_x_R1a,3,test,1129131,0,0.21380088108055328
BASE_x_R1a,3,test,1129401,1,0.5047888368260074
BASE_x_R1a,3,test,1129826,1,0.7764683161188899
BASE_x_R1a,3,test,1130697,1,0.824485169492722
BASE_x_R1a,3,test,1131818,1,0.5653322936990853
BASE_x_R1a,3,test,1132205,1,0.7835994257695775
BASE_x_R1a,3,test,1132255,0,0.5149939667688163
BASE_x_R1a,3,test,1132465,1,0.6814480983693707
BASE_x_R1a,3,test,1132760,0,0.6135257990214982
BASE_x_R1a,3,test,1133467,1,0.582509927404677
BASE_x_R1a,3,test,1133778,1,0.9242815548541828
BASE_x_R1a,3,test,1134347,0,0.419961923438401
BASE_x_R1a,3,test,1134479,1,0.8536862790777812
BASE_x_R1a,3,test,1136005,0,0.33000480317202485
BASE_x_R1a,3,test,1136524,0,0.6589465765508207
BASE_x_R1a,3,test,1136723,0,0.289017376963499
BASE_x_R1a,3,test,1137456,0,0.8641957633141808
BASE_x_R1a,3,test,1137589,1,0.42935501609069376
BASE_x_R1a,3,test,1137968,0,0.39380729996776653
BASE_x_R1a,3,test,1138091,1,0.5909047501226327
BASE_x_R1a,3,test,1141785,0,0.20206516271708647
BASE_x_R1a,3,test,1142514,0,0.5106330092046991
BASE_x_R1a,3,test,1142584,0,0.39910194303551516
BASE_x_R1a,3,test,1143112,1,0.7892859836734261
BASE_x_R1a,3,test,1144147,0,0.48493435536926405
BASE_x_R1a,3,test,1144322,1,0.6458899520988102
BASE_x_R1a,3,test,1145284,1,0.8756082277039948
BASE_x_R1a,3,test,1145450,0,0.5075321324065896
BASE_x_R1a,3,test,1145704,1,0.6901981201392313
BASE_x_R1a,3,test,1145863,1,0.8437878652430344
BASE_x_R1a,3,test,1146369,1,0.893524062956802
BASE_x_R1a,3,test,1146398,1,0.5970358335417846
BASE_x_R1a,3,test,1146484,0,0.6808046276511638
BASE_x_R1a,3,test,1146999,1,0.8477189556397685
BASE_x_R1a,3,test,1147189,1,0.4599327675271141
BASE_x_R1a,3,test,1147390,0,0.2100951716790486
BASE_x_R1a,3,test,1147843,1,0.8518584588486077
BASE_x_R1a,3,test,1147877,1,0.6619107355575568
BASE_x_R1a,3,test,1148116,1,0.76312528837666
BASE_x_R1a,3,test,1148270,0,0.3435169238926207
BASE_x_R1a,3,test,1148359,1,0.8067054989715386
BASE_x_R1a,3,test,1148648,1,0.704830751750173
BASE_x_R1a,3,test,1149200,1,0.34978447912690563
BASE_x_R1a,3,test,1151454,0,0.6258971148788964
BASE_x_R1a,3,test,1151830,0,0.7773740726183057
BASE_x_R1a,3,test,1152877,0,0.35506402563005435
BASE_x_R1a,3,test,1153399,1,0.631789880275458
BASE_x_R1a,3,test,1153462,1,0.5266298429295339
BASE_x_R1a,3,test,1153702,0,0.3705718654968728
BASE_x_R1a,3,test,1154277,1,0.5617318911633228
BASE_x_R1a,3,test,1154712,1,0.791165257383754
BASE_x_R1a,3,test,1155460,1,0.5570459616570606
BASE_x_R1a,3,test,1156261,1,0.4306587785117671
BASE_x_R1a,3,test,1156386,1,0.5807319090897824
BASE_x_R1a,3,test,1158961,1,0.7762687911285628
BASE_x_R1a,3,test,1206335,0,0.4503633760363599
BASE_x_R1a,3,test,1206743,0,0.4877060640677386
BASE_x_R1a,3,test,1206997,1,0.7523243210819689
BASE_x_R1a,3,test,1207017,1,0.7663413779207938
BASE_x_R1a,3,test,1207116,1,0.8538178891332566
BASE_x_R1a,3,test,1207140,1,0.828854400200203
BASE_x_R1a,3,test,1207571,1,0.7368867645255207
BASE_x_R1a,3,test,1207980,1,0.8107551587181753
BASE_x_R1a,3,test,1208613,0,0.3899899532503416
BASE_x_R1a,3,test,1209229,0,0.27220696093551294
BASE_x_R1a,3,test,1209502,0,0.30449384579066446
BASE_x_R1a,3,test,1210100,0,0.3286626322105483
BASE_x_R1a,3,test,1210786,0,0.4358377229010134
BASE_x_R1a,3,test,1210915,0,0.6692976442665995
BASE_x_R1a,3,test,1211104,1,0.6516264726258515
BASE_x_R1a,3,test,1211177,1,0.6349129405550091
BASE_x_R1a,3,test,1211293,1,0.5688768794190122
BASE_x_R1a,3,test,1211895,1,0.8060473054277212
BASE_x_R1a,3,test,1212290,1,0.8041336573262062
BASE_x_R1a,3,test,1213071,1,0.40332266605810174
BASE_x_R1a,3,test,1213344,1,0.28470144952812104
BASE_x_R1a,3,test,1213506,0,0.7677693029986233
BASE_x_R1a,3,test,1213716,1,0.8329916251828936
BASE_x_R1a,3,test,1213967,1,0.37681033359971006
BASE_x_R1a,3,test,1213974,0,0.7343684077014462
BASE_x_R1a,3,test,1214861,1,0.9102971397117813
BASE_x_R1a,3,test,1215142,0,0.37015854156903527
BASE_x_R1a,3,test,1215187,1,0.3455262566468214
BASE_x_R1a,3,test,1215381,0,0.6599379772577859
BASE_x_R1a,3,test,1216041,1,0.6512594939913717
BASE_x_R1a,3,test,1216076,1,0.6851593682468652
BASE_x_R1a,3,test,1216223,1,0.7878223192173658
BASE_x_R1a,3,test,1216421,1,0.5620660863825159
BASE_x_R1a,3,test,1216718,1,0.536596408674065
BASE_x_R1a,3,test,1216841,0,0.6116095277061678
BASE_x_R1a,3,test,1217080,1,0.8657319233431031
BASE_x_R1a,3,test,1217110,1,0.585194924149747
BASE_x_R1a,3,test,1217635,1,0.6008894100191083
BASE_x_R1a,3,test,1217948,1,0.39739494628299005
BASE_x_R1a,3,test,1219254,0,0.4770129064674201
BASE_x_R1a,3,test,1219303,1,0.6192774280242678
BASE_x_R1a,3,test,1219337,1,0.3275061157347269
BASE_x_R1a,3,test,1219597,0,0.5748277472030745
BASE_x_R1a,3,test,1219765,1,0.7456388447783339
BASE_x_R1a,3,test,1219802,1,0.8119960278540814
BASE_x_R1a,3,test,1219853,1,0.40616435663016043
BASE_x_R1a,3,test,1219897,1,0.853601431515504
BASE_x_R1a,3,test,1219935,1,0.7806287763647982
BASE_x_R1a,3,test,1220500,1,0.7268402834351991
BASE_x_R1a,3,test,1220515,0,0.3206252211983051
BASE_x_R1a,3,test,1220527,0,0.47935599910592613
BASE_x_R1a,3,test,1220699,1,0.5143316857004947
BASE_x_R1a,3,test,1221554,0,0.7362548873158178
BASE_x_R1a,3,test,1221707,0,0.5353528594715857
BASE_x_R1a,3,test,1221883,0,0.4079894086699656
BASE_x_R1a,3,test,1222192,1,0.5194291389788845
BASE_x_R1a,3,test,1223568,1,0.727762194141688
BASE_x_R1a,3,test,1223585,1,0.6415708693070623
BASE_x_R1a,3,test,1223773,1,0.6339355353316986
BASE_x_R1a,3,test,1223866,1,0.6391391891720319
BASE_x_R1a,3,test,1224547,1,0.529328860192871
BASE_x_R1a,3,test,1225086,0,0.4917193009743693
BASE_x_R1a,3,test,1225267,0,0.32993201700975144
BASE_x_R1a,3,test,1225500,0,0.6529924208646486
BASE_x_R1a,3,test,1225672,1,0.7084838314611251
BASE_x_R1a,3,test,1225914,0,0.4177357514460713
BASE_x_R1a,3,test,1226824,0,0.17817202081798345
BASE_x_R1a,3,test,1228207,1,0.5321146668540602
BASE_x_R1a,3,test,1228461,1,0.9406697387244075
BASE_x_R1a,3,test,1229379,1,0.5213324594580585
BASE_x_R1a,3,test,1229837,0,0.4897345451329312
BASE_x_R1a,3,test,1229920,1,0.7677560410987726
BASE_x_R1a,3,test,1229976,1,0.36052491889666655
BASE_x_R1a,3,test,1230374,1,0.8940587915772656
BASE_x_R1a,3,test,1230422,1,0.33160567961596127
BASE_x_R1a,3,test,1232028,0,0.24587985405725893
BASE_x_R1a,3,test,1232188,1,0.6754641238862874
BASE_x_R1a,3,test,1232273,1,0.6086030753014
BASE_x_R1a,3,test,1233026,1,0.8129314809480275
BASE_x_R1a,3,test,1233054,1,0.5067309091511847
BASE_x_R1a,3,test,1233178,1,0.8443389629374607
BASE_x_R1a,3,test,1233508,1,0.6648952658302691
BASE_x_R1a,3,test,1233632,1,0.5328708179635394
BASE_x_R1a,3,test,1233863,1,0.5401095939224707
BASE_x_R1a,3,test,1235254,0,0.18776154146861748
BASE_x_R1a,3,test,1235590,1,0.5164977599809395
BASE_x_R1a,3,test,1235777,1,0.4826195631175031
BASE_x_R1a,3,test,1236063,0,0.8197187592209922
BASE_x_R1a,3,test,1236187,0,0.4786739776077831
BASE_x_R1a,3,test,1236548,0,0.842540492472902
BASE_x_R1a,3,test,1237123,0,0.40237537240307647
BASE_x_R1a,3,test,1237587,0,0.5099587259763367
BASE_x_R1a,3,test,1237630,1,0.7615752403177359
BASE_x_R1a,3,test,1237793,1,0.38830413824556964
BASE_x_R1a,3,test,1237822,1,0.7784402230692311
BASE_x_R1a,3,test,1238264,1,0.5347093692027086
BASE_x_R1a,3,test,1238287,0,0.7260571652159478
BASE_x_R1a,3,test,1238406,0,0.279967262134807
BASE_x_R1a,3,test,1238457,1,0.6956350275618465
BASE_x_R1a,3,test,1238559,1,0.7837175822541401
BASE_x_R1a,3,test,1238817,0,0.8443514529399839
BASE_x_R1a,3,test,1238917,0,0.4505714909195852
BASE_x_R1a,3,test,1238964,1,0.5362169345936876
BASE_x_R1a,3,test,1239034,0,0.8141809996227133
BASE_x_R1a,3,test,1239474,1,0.29998827161857133
BASE_x_R1a,3,test,1241090,0,0.34470422637907894
BASE_x_R1a,3,test,1242267,1,0.7680733973955534
BASE_x_R1a,3,test,1242372,1,0.6873573129673958
BASE_x_R1a,3,test,1242645,0,0.6263921920062616
BASE_x_R1a,3,test,1243514,1,0.741327702994087
BASE_x_R1a,3,test,1243823,1,0.32882347409780655
BASE_x_R1a,3,test,1244446,1,0.6014284033675846
BASE_x_R1a,3,test,1244606,1,0.5643629497895923
BASE_x_R1a,3,test,1244765,0,0.37573914451205204
BASE_x_R1a,3,test,1245566,1,0.5064781483760707
BASE_x_R1a_resid,3,test,12246,1,0.4774476418385327
BASE_x_R1a_resid,3,test,20593,1,0.700680125654951
BASE_x_R1a_resid,3,test,26806,1,0.6549765260079985
BASE_x_R1a_resid,3,test,30603,1,0.6430304147432571
BASE_x_R1a_resid,3,test,32577,0,0.38263404670893225
BASE_x_R1a_resid,3,test,33170,0,0.5136988689585702
BASE_x_R1a_resid,3,test,42450,1,0.6123146458620085
BASE_x_R1a_resid,3,test,42858,0,0.4123123347047204
BASE_x_R1a_resid,3,test,52327,1,0.8368423607858514
BASE_x_R1a_resid,3,test,54828,1,0.7780770331602206
BASE_x_R1a_resid,3,test,57517,1,0.8335947512548616
BASE_x_R1a_resid,3,test,58630,1,0.5750720353471089
BASE_x_R1a_resid,3,test,66226,1,0.6642527433331054
BASE_x_R1a_resid,3,test,68483,1,0.4997536821655008
BASE_x_R1a_resid,3,test,75558,1,0.41534057102659383
BASE_x_R1a_resid,3,test,77870,1,0.49132061595629717
BASE_x_R1a_resid,3,test,78778,0,0.1584976654350066
BASE_x_R1a_resid,3,test,86840,1,0.45440729828555454
BASE_x_R1a_resid,3,test,86896,0,0.8431743733462079
BASE_x_R1a_resid,3,test,87973,1,0.7021638465794859
BASE_x_R1a_resid,3,test,88483,1,0.7410741906868931
BASE_x_R1a_resid,3,test,89841,1,0.5506160214011379
BASE_x_R1a_resid,3,test,89847,1,0.6006992528766674
BASE_x_R1a_resid,3,test,89850,1,0.6953229842569196
BASE_x_R1a_resid,3,test,93011,0,0.6443462552666485
BASE_x_R1a_resid,3,test,93380,0,0.5040982238399717
BASE_x_R1a_resid,3,test,95626,1,0.711013249214957
BASE_x_R1a_resid,3,test,102640,1,0.5884969009795624
BASE_x_R1a_resid,3,test,108335,0,0.3540616228581196
BASE_x_R1a_resid,3,test,129407,1,0.5297939169014618
BASE_x_R1a_resid,3,test,130251,0,0.37306899625671397
BASE_x_R1a_resid,3,test,130832,1,0.8337335251969195
BASE_x_R1a_resid,3,test,136645,1,0.7562359232382836
BASE_x_R1a_resid,3,test,139145,1,0.8220074224889246
BASE_x_R1a_resid,3,test,139693,0,0.31435945019711015
BASE_x_R1a_resid,3,test,140328,0,0.635770699853849
BASE_x_R1a_resid,3,test,141620,1,0.6348925904748467
BASE_x_R1a_resid,3,test,144260,0,0.8170518162975071
BASE_x_R1a_resid,3,test,144639,1,0.7579151614822538
BASE_x_R1a_resid,3,test,146346,1,0.4671759962855792
BASE_x_R1a_resid,3,test,149880,1,0.6040729691347547
BASE_x_R1a_resid,3,test,153637,1,0.5109750756314209
BASE_x_R1a_resid,3,test,154041,1,0.595423106266099
BASE_x_R1a_resid,3,test,154147,1,0.7676622035938995
BASE_x_R1a_resid,3,test,160524,0,0.28547722297504136
BASE_x_R1a_resid,3,test,162979,1,0.7908255073893043
BASE_x_R1a_resid,3,test,167707,1,0.4944069422493088
BASE_x_R1a_resid,3,test,169727,0,0.7993982226154855
BASE_x_R1a_resid,3,test,173162,0,0.6074086680036104
BASE_x_R1a_resid,3,test,180368,1,0.563940571512622
BASE_x_R1a_resid,3,test,183492,1,0.7732566834322108
BASE_x_R1a_resid,3,test,184874,1,0.6883811190611431
BASE_x_R1a_resid,3,test,185004,1,0.5573412769980046
BASE_x_R1a_resid,3,test,185627,1,0.6183759575850362
BASE_x_R1a_resid,3,test,189685,0,0.5581983206227337
BASE_x_R1a_resid,3,test,191245,1,0.8322980896000041
BASE_x_R1a_resid,3,test,193149,0,0.8210289290254336
BASE_x_R1a_resid,3,test,197089,0,0.463998913328501
BASE_x_R1a_resid,3,test,203461,1,0.5424238236903168
BASE_x_R1a_resid,3,test,220792,0,0.49758682488141276
BASE_x_R1a_resid,3,test,226106,1,0.8179901169670758
BASE_x_R1a_resid,3,test,226859,0,0.6394280688852964
BASE_x_R1a_resid,3,test,236298,0,0.4355188445691748
BASE_x_R1a_resid,3,test,240229,0,0.2851415812884086
BASE_x_R1a_resid,3,test,248666,1,0.7339183116963807
BASE_x_R1a_resid,3,test,253611,0,0.31379969095268706
BASE_x_R1a_resid,3,test,269426,1,0.7816455653091391
BASE_x_R1a_resid,3,test,270408,1,0.43678924014007825
BASE_x_R1a_resid,3,test,271883,1,0.6548460306155206
BASE_x_R1a_resid,3,test,273148,1,0.9004283751767936
BASE_x_R1a_resid,3,test,273824,1,0.5876472699198279
BASE_x_R1a_resid,3,test,274345,0,0.27649268570737795
BASE_x_R1a_resid,3,test,280634,1,0.5863245517958294
BASE_x_R1a_resid,3,test,280650,1,0.8754426887069521
BASE_x_R1a_resid,3,test,282212,1,0.5235763812752343
BASE_x_R1a_resid,3,test,292872,0,0.2473325710727493
BASE_x_R1a_resid,3,test,297709,0,0.3410900797816074
BASE_x_R1a_resid,3,test,298955,0,0.7075229699144632
BASE_x_R1a_resid,3,test,300174,0,0.3883586268296221
BASE_x_R1a_resid,3,test,306454,0,0.4353746587659984
BASE_x_R1a_resid,3,test,306770,0,0.7406875812315126
BASE_x_R1a_resid,3,test,314907,1,0.8707086563302512
BASE_x_R1a_resid,3,test,315569,1,0.9167930204602047
BASE_x_R1a_resid,3,test,315683,0,0.37725249044781056
BASE_x_R1a_resid,3,test,316099,0,0.4100009753959095
BASE_x_R1a_resid,3,test,319311,0,0.35449459147015644
BASE_x_R1a_resid,3,test,319661,1,0.6067032456674396
BASE_x_R1a_resid,3,test,323399,0,0.17228493132952674
BASE_x_R1a_resid,3,test,324095,1,0.7745588906100097
BASE_x_R1a_resid,3,test,328655,0,0.6042066768730018
BASE_x_R1a_resid,3,test,330889,1,0.8099136178382891
BASE_x_R1a_resid,3,test,331198,1,0.6934937189785851
BASE_x_R1a_resid,3,test,331536,1,0.7342506555433679
BASE_x_R1a_resid,3,test,334461,1,0.3441739173856267
BASE_x_R1a_resid,3,test,335955,1,0.5078812043634904
BASE_x_R1a_resid,3,test,337710,1,0.48918253822658614
BASE_x_R1a_resid,3,test,338273,1,0.4500861488538241
BASE_x_R1a_resid,3,test,338312,1,0.5660977798186674
BASE_x_R1a_resid,3,test,338690,1,0.7574021197476973
BASE_x_R1a_resid,3,test,338963,1,0.5697296059727944
BASE_x_R1a_resid,3,test,339319,1,0.7721698891794625
BASE_x_R1a_resid,3,test,345648,0,0.5230022207221007
BASE_x_R1a_resid,3,test,348496,1,0.6051540095357452
BASE_x_R1a_resid,3,test,349134,1,0.8552421495881424
BASE_x_R1a_resid,3,test,352191,1,0.8028788067489194
BASE_x_R1a_resid,3,test,352302,0,0.7580445277800983
BASE_x_R1a_resid,3,test,353336,1,0.5427076221372402
BASE_x_R1a_resid,3,test,353886,0,0.6537976085979625
BASE_x_R1a_resid,3,test,354035,1,0.7009078762213986
BASE_x_R1a_resid,3,test,360521,0,0.518286419679519
BASE_x_R1a_resid,3,test,360745,1,0.6072469013851398
BASE_x_R1a_resid,3,test,361916,1,0.7474773927864575
BASE_x_R1a_resid,3,test,364440,0,0.4800647201970802
BASE_x_R1a_resid,3,test,366159,1,0.6009833602610157
BASE_x_R1a_resid,3,test,368436,1,0.4185330909011764
BASE_x_R1a_resid,3,test,376917,1,0.5279533488836541
BASE_x_R1a_resid,3,test,378289,0,0.8080773221091364
BASE_x_R1a_resid,3,test,380225,1,0.8418743245705589
BASE_x_R1a_resid,3,test,397908,0,0.2543622775828609
BASE_x_R1a_resid,3,test,400944,1,0.7971924653331864
BASE_x_R1a_resid,3,test,409579,1,0.44577318303297864
BASE_x_R1a_resid,3,test,414906,0,0.2652381060449876
BASE_x_R1a_resid,3,test,416249,1,0.7191821831343411
BASE_x_R1a_resid,3,test,419522,1,0.6782319866860448
BASE_x_R1a_resid,3,test,422674,1,0.4708738912299553
BASE_x_R1a_resid,3,test,423853,1,0.75748580767643
BASE_x_R1a_resid,3,test,427380,1,0.778913244188766
BASE_x_R1a_resid,3,test,436295,1,0.7991559180366921
BASE_x_R1a_resid,3,test,438848,1,0.814941440213109
BASE_x_R1a_resid,3,test,442019,0,0.5517887298206674
BASE_x_R1a_resid,3,test,443084,0,0.21205251514528778
BASE_x_R1a_resid,3,test,451844,1,0.29608676529946787
BASE_x_R1a_resid,3,test,457179,1,0.8665307524143051
BASE_x_R1a_resid,3,test,467821,0,0.3515011744258262
BASE_x_R1a_resid,3,test,469865,1,0.6426135009421587
BASE_x_R1a_resid,3,test,475893,0,0.28817235355144244
BASE_x_R1a_resid,3,test,477981,1,0.645386812284846
BASE_x_R1a_resid,3,test,479371,0,0.49372958232036057
BASE_x_R1a_resid,3,test,479811,0,0.32086077310872413
BASE_x_R1a_resid,3,test,480021,0,0.6376154176026259
BASE_x_R1a_resid,3,test,480598,1,0.5709175461202044
BASE_x_R1a_resid,3,test,480708,1,0.8416623881801147
BASE_x_R1a_resid,3,test,481454,0,0.2645899238564971
BASE_x_R1a_resid,3,test,487515,1,0.8453891970467388
BASE_x_R1a_resid,3,test,498363,1,0.8294573171505456
BASE_x_R1a_resid,3,test,517250,1,0.3892830296370551
BASE_x_R1a_resid,3,test,519298,1,0.48126544945506816
BASE_x_R1a_resid,3,test,523694,0,0.30609239616989853
BASE_x_R1a_resid,3,test,526137,0,0.7476882724364009
BASE_x_R1a_resid,3,test,529816,1,0.521651728528319
BASE_x_R1a_resid,3,test,531462,1,0.5973282965647219
BASE_x_R1a_resid,3,test,532019,1,0.7827448034029996
BASE_x_R1a_resid,3,test,532148,1,0.5437587357191314
BASE_x_R1a_resid,3,test,544864,1,0.4628831951473476
BASE_x_R1a_resid,3,test,552900,1,0.89314265591585
BASE_x_R1a_resid,3,test,556177,0,0.39233609825512394
BASE_x_R1a_resid,3,test,559178,1,0.7394683284834385
BASE_x_R1a_resid,3,test,559210,0,0.2635351770698389
BASE_x_R1a_resid,3,test,571812,1,0.8436607019786435
BASE_x_R1a_resid,3,test,572241,0,0.6322228757206119
BASE_x_R1a_resid,3,test,575322,1,0.6074335916994442
BASE_x_R1a_resid,3,test,578406,1,0.7200466878728653
BASE_x_R1a_resid,3,test,581598,1,0.8817424710001667
BASE_x_R1a_resid,3,test,586714,1,0.6002991750609088
BASE_x_R1a_resid,3,test,589233,1,0.7206674409579368
BASE_x_R1a_resid,3,test,591051,1,0.6515488286009417
BASE_x_R1a_resid,3,test,592121,0,0.3081070811581015
BASE_x_R1a_resid,3,test,595099,0,0.7037508333500504
BASE_x_R1a_resid,3,test,596445,0,0.6231980137221794
BASE_x_R1a_resid,3,test,602794,1,0.5820179614728744
BASE_x_R1a_resid,3,test,608388,1,0.6125371119339285
BASE_x_R1a_resid,3,test,620021,0,0.4449460358191304
BASE_x_R1a_resid,3,test,621152,0,0.17789830708015691
BASE_x_R1a_resid,3,test,623782,1,0.8054598099112324
BASE_x_R1a_resid,3,test,624977,0,0.5640144157369441
BASE_x_R1a_resid,3,test,627036,1,0.7821914622889485
BASE_x_R1a_resid,3,test,628861,1,0.6820912684867099
BASE_x_R1a_resid,3,test,629290,0,0.31364519165346755
BASE_x_R1a_resid,3,test,642558,1,0.5037883481657383
BASE_x_R1a_resid,3,test,644443,1,0.7674532033786767
BASE_x_R1a_resid,3,test,644744,1,0.844796893203399
BASE_x_R1a_resid,3,test,646425,1,0.33413782313210527
BASE_x_R1a_resid,3,test,649313,1,0.5264661373263297
BASE_x_R1a_resid,3,test,652129,1,0.9033965418548491
BASE_x_R1a_resid,3,test,653268,1,0.6373033619744178
BASE_x_R1a_resid,3,test,661211,0,0.4547890851247458
BASE_x_R1a_resid,3,test,665656,1,0.5949473087449583
BASE_x_R1a_resid,3,test,673553,1,0.7567085531179442
BASE_x_R1a_resid,3,test,673667,1,0.5396120524099509
BASE_x_R1a_resid,3,test,675008,1,0.7382414694201206
BASE_x_R1a_resid,3,test,675401,1,0.5895966544603507
BASE_x_R1a_resid,3,test,677928,1,0.5334879330693082
BASE_x_R1a_resid,3,test,678199,0,0.4288115426148557
BASE_x_R1a_resid,3,test,684963,1,0.8537198725957701
BASE_x_R1a_resid,3,test,688573,0,0.569794110755813
BASE_x_R1a_resid,3,test,689380,1,0.4694624722473823
BASE_x_R1a_resid,3,test,692458,1,0.4854160414681612
BASE_x_R1a_resid,3,test,692799,1,0.8576282667122989
BASE_x_R1a_resid,3,test,696774,1,0.8105137453878517
BASE_x_R1a_resid,3,test,697830,0,0.39920932665516434
BASE_x_R1a_resid,3,test,697961,1,0.8744283867643479
BASE_x_R1a_resid,3,test,699877,0,0.5249060988252215
BASE_x_R1a_resid,3,test,703629,1,0.8255471172062304
BASE_x_R1a_resid,3,test,705906,1,0.8575452618527822
BASE_x_R1a_resid,3,test,706141,1,0.48155010077165367
BASE_x_R1a_resid,3,test,707069,1,0.8346458972979532
BASE_x_R1a_resid,3,test,709722,1,0.37801048726001063
BASE_x_R1a_resid,3,test,709815,1,0.7866408096671769
BASE_x_R1a_resid,3,test,714764,0,0.6413949188089514
BASE_x_R1a_resid,3,test,715113,1,0.740824941376873
BASE_x_R1a_resid,3,test,715221,1,0.49260712920533484
BASE_x_R1a_resid,3,test,718508,1,0.7430188105750795
BASE_x_R1a_resid,3,test,718614,0,0.2414654930350367
BASE_x_R1a_resid,3,test,719188,1,0.7125914810710458
BASE_x_R1a_resid,3,test,723474,0,0.42660981749085686
BASE_x_R1a_resid,3,test,728929,1,0.390335604812577
BASE_x_R1a_resid,3,test,739674,0,0.44093267425501337
BASE_x_R1a_resid,3,test,742847,0,0.37741213269401463
BASE_x_R1a_resid,3,test,743318,0,0.360583205939959
BASE_x_R1a_resid,3,test,744145,0,0.6075026736605978
BASE_x_R1a_resid,3,test,747710,0,0.6306308692735749
BASE_x_R1a_resid,3,test,748105,0,0.4861688089257492
BASE_x_R1a_resid,3,test,751827,1,0.6892998755387153
BASE_x_R1a_resid,3,test,752967,1,0.9074088952231816
BASE_x_R1a_resid,3,test,752970,0,0.5855119581743495
BASE_x_R1a_resid,3,test,757383,0,0.3969151185554921
BASE_x_R1a_resid,3,test,757410,0,0.7503746625420306
BASE_x_R1a_resid,3,test,759242,1,0.7047152638364858
BASE_x_R1a_resid,3,test,760356,1,0.42325020908942884
BASE_x_R1a_resid,3,test,761089,0,0.4673903253714555
BASE_x_R1a_resid,3,test,761233,1,0.5919631216836347
BASE_x_R1a_resid,3,test,761534,1,0.7297159281772478
BASE_x_R1a_resid,3,test,763094,1,0.2807624660018792
BASE_x_R1a_resid,3,test,765019,0,0.6160811148970444
BASE_x_R1a_resid,3,test,765027,1,0.43343199543191835
BASE_x_R1a_resid,3,test,779186,1,0.7968393015123857
BASE_x_R1a_resid,3,test,781445,0,0.2924632250990346
BASE_x_R1a_resid,3,test,789824,0,0.2648036621706573
BASE_x_R1a_resid,3,test,790696,0,0.6736167156145051
BASE_x_R1a_resid,3,test,797407,0,0.3647429352102884
BASE_x_R1a_resid,3,test,805599,1,0.6656320379829737
BASE_x_R1a_resid,3,test,809234,1,0.7752766186461991
BASE_x_R1a_resid,3,test,809238,0,0.7157886387385658
BASE_x_R1a_resid,3,test,810874,0,0.5109452343139756
BASE_x_R1a_resid,3,test,813871,1,0.8304089713050331
BASE_x_R1a_resid,3,test,816834,0,0.20423723731716542
BASE_x_R1a_resid,3,test,817995,1,0.7957100961130142
BASE_x_R1a_resid,3,test,820729,1,0.7473151309274587
BASE_x_R1a_resid,3,test,824734,1,0.4665405728815688
BASE_x_R1a_resid,3,test,826631,0,0.2588820458898923
BASE_x_R1a_resid,3,test,829142,1,0.8498132604681276
BASE_x_R1a_resid,3,test,829951,1,0.5107911511196165
BASE_x_R1a_resid,3,test,830573,0,0.31170362044662936
BASE_x_R1a_resid,3,test,831720,0,0.48484780032689434
BASE_x_R1a_resid,3,test,834393,0,0.3669956324336804
BASE_x_R1a_resid,3,test,834446,1,0.8301530091677398
BASE_x_R1a_resid,3,test,834515,0,0.6992124393508234
BASE_x_R1a_resid,3,test,841534,0,0.28182720258191213
BASE_x_R1a_resid,3,test,850702,1,0.7082461169086298
BASE_x_R1a_resid,3,test,851146,1,0.6914942039627009
BASE_x_R1a_resid,3,test,853842,1,0.7348612800510295
BASE_x_R1a_resid,3,test,855223,1,0.4948909824132272
BASE_x_R1a_resid,3,test,860519,0,0.4004588241255834
BASE_x_R1a_resid,3,test,862030,1,0.5087080692779007
BASE_x_R1a_resid,3,test,865733,1,0.428025066137112
BASE_x_R1a_resid,3,test,865987,0,0.5148885472821959
BASE_x_R1a_resid,3,test,868318,0,0.6179747759458806
BASE_x_R1a_resid,3,test,870983,1,0.19063203398135187
BASE_x_R1a_resid,3,test,872844,1,0.727307174168125
BASE_x_R1a_resid,3,test,873012,1,0.38083261505015853
BASE_x_R1a_resid,3,test,873206,1,0.49817753946136356
BASE_x_R1a_resid,3,test,875241,1,0.684697126963346
BASE_x_R1a_resid,3,test,878491,1,0.6264629419402763
BASE_x_R1a_resid,3,test,883112,1,0.7594874466643589
BASE_x_R1a_resid,3,test,883804,1,0.4643391633238062
BASE_x_R1a_resid,3,test,885394,1,0.43540417779605173
BASE_x_R1a_resid,3,test,899067,0,0.19265742230341104
BASE_x_R1a_resid,3,test,899206,1,0.8226224304477907
BASE_x_R1a_resid,3,test,941626,1,0.35867197824639163
BASE_x_R1a_resid,3,test,944315,0,0.591039847052672
BASE_x_R1a_resid,3,test,951246,0,0.16927947317466344
BASE_x_R1a_resid,3,test,951306,1,0.6828442932678718
BASE_x_R1a_resid,3,test,951654,0,0.375252078178718
BASE_x_R1a_resid,3,test,951846,0,0.36356651674579155
BASE_x_R1a_resid,3,test,954370,1,0.6625252554750947
BASE_x_R1a_resid,3,test,961819,0,0.6000638118319125
BASE_x_R1a_resid,3,test,963197,1,0.556418033166058
BASE_x_R1a_resid,3,test,964462,0,0.4065321027613487
BASE_x_R1a_resid,3,test,967105,1,0.8017292955622031
BASE_x_R1a_resid,3,test,975490,1,0.5766580186511291
BASE_x_R1a_resid,3,test,976220,1,0.807868033297052
BASE_x_R1a_resid,3,test,981562,0,0.30157177207252095
BASE_x_R1a_resid,3,test,982817,0,0.1671032964839608
BASE_x_R1a_resid,3,test,986510,1,0.3226319023234584
BASE_x_R1a_resid,3,test,987267,1,0.5509720943380549
BASE_x_R1a_resid,3,test,987661,1,0.4371845394221367
BASE_x_R1a_resid,3,test,988546,0,0.13021876025160029
BASE_x_R1a_resid,3,test,993602,1,0.2800448876224832
BASE_x_R1a_resid,3,test,995694,1,0.2772970170857335
BASE_x_R1a_resid,3,test,1000434,1,0.7597067964270994
BASE_x_R1a_resid,3,test,1005121,1,0.5513804570679369
BASE_x_R1a_resid,3,test,1008354,0,0.4673976462332485
BASE_x_R1a_resid,3,test,1033938,0,0.5585841681945231
BASE_x_R1a_resid,3,test,1042457,0,0.2530228624732993
BASE_x_R1a_resid,3,test,1048580,1,0.7967465666253121
BASE_x_R1a_resid,3,test,1053386,0,0.40185741621121884
BASE_x_R1a_resid,3,test,1057961,0,0.6946378378385586
BASE_x_R1a_resid,3,test,1063771,0,0.5033048583323776
BASE_x_R1a_resid,3,test,1065288,0,0.5130402610260618
BASE_x_R1a_resid,3,test,1067946,0,0.36152697655612065
BASE_x_R1a_resid,3,test,1068977,0,0.4158072727168283
BASE_x_R1a_resid,3,test,1069003,0,0.5209758210896696
BASE_x_R1a_resid,3,test,1069432,1,0.7382085799025462
BASE_x_R1a_resid,3,test,1070002,1,0.35697393292469365
BASE_x_R1a_resid,3,test,1070777,1,0.7266094067318929
BASE_x_R1a_resid,3,test,1071049,1,0.5374252761809861
BASE_x_R1a_resid,3,test,1072194,1,0.6348558851828559
BASE_x_R1a_resid,3,test,1074094,1,0.39415913546070575
BASE_x_R1a_resid,3,test,1074306,1,0.7260277197461427
BASE_x_R1a_resid,3,test,1074579,0,0.4907212252490662
BASE_x_R1a_resid,3,test,1076383,1,0.41212300065401686
BASE_x_R1a_resid,3,test,1077856,1,0.79969642141598
BASE_x_R1a_resid,3,test,1078976,1,0.4599627890445817
BASE_x_R1a_resid,3,test,1080459,1,0.8469374606410024
BASE_x_R1a_resid,3,test,1080892,1,0.487592856621488
BASE_x_R1a_resid,3,test,1081397,1,0.7096810622764209
BASE_x_R1a_resid,3,test,1083201,1,0.690562991260683
BASE_x_R1a_resid,3,test,1084214,1,0.6755795799053678
BASE_x_R1a_resid,3,test,1085896,1,0.7424346329683894
BASE_x_R1a_resid,3,test,1087295,1,0.34883662442078084
BASE_x_R1a_resid,3,test,1088707,1,0.8593032056427006
BASE_x_R1a_resid,3,test,1089436,0,0.7282829890067408
BASE_x_R1a_resid,3,test,1089629,0,0.7086106120193959
BASE_x_R1a_resid,3,test,1090438,1,0.7402620630654541
BASE_x_R1a_resid,3,test,1090932,1,0.6658501375477958
BASE_x_R1a_resid,3,test,1091111,1,0.45114501916681404
BASE_x_R1a_resid,3,test,1092068,0,0.4855262798092661
BASE_x_R1a_resid,3,test,1092267,0,0.13138146086842062
BASE_x_R1a_resid,3,test,1092954,1,0.748113433965592
BASE_x_R1a_resid,3,test,1094030,1,0.816028942761067
BASE_x_R1a_resid,3,test,1094456,1,0.38031934064410444
BASE_x_R1a_resid,3,test,1095881,1,0.715510110108462
BASE_x_R1a_resid,3,test,1096276,0,0.5395986587600288
BASE_x_R1a_resid,3,test,1096850,1,0.6936436070859523
BASE_x_R1a_resid,3,test,1098043,0,0.7121119182974995
BASE_x_R1a_resid,3,test,1101522,0,0.6260566032994662
BASE_x_R1a_resid,3,test,1102389,1,0.8653217710554227
BASE_x_R1a_resid,3,test,1103891,1,0.599702661330983
BASE_x_R1a_resid,3,test,1104219,1,0.32376371297678963
BASE_x_R1a_resid,3,test,1104438,1,0.6524101634144528
BASE_x_R1a_resid,3,test,1104599,1,0.5276081676283136
BASE_x_R1a_resid,3,test,1104803,0,0.29271623708188527
BASE_x_R1a_resid,3,test,1105078,1,0.6248820516938188
BASE_x_R1a_resid,3,test,1105416,1,0.7107729703517566
BASE_x_R1a_resid,3,test,1105688,1,0.7023310404245258
BASE_x_R1a_resid,3,test,1105733,1,0.48560339656376167
BASE_x_R1a_resid,3,test,1106632,0,0.27259778927879397
BASE_x_R1a_resid,3,test,1107147,1,0.7149764371276762
BASE_x_R1a_resid,3,test,1109280,1,0.7342849702470307
BASE_x_R1a_resid,3,test,1109829,1,0.7869256701597207
BASE_x_R1a_resid,3,test,1111123,1,0.3784710839984726
BASE_x_R1a_resid,3,test,1111426,0,0.5581367906549763
BASE_x_R1a_resid,3,test,1111513,1,0.7995608858034654
BASE_x_R1a_resid,3,test,1111831,0,0.6685737277513166
BASE_x_R1a_resid,3,test,1112333,1,0.808726539910464
BASE_x_R1a_resid,3,test,1112876,1,0.5992308233078574
BASE_x_R1a_resid,3,test,1113294,1,0.7507829649243702
BASE_x_R1a_resid,3,test,1113536,0,0.4672842334806622
BASE_x_R1a_resid,3,test,1113756,1,0.660317920783113
BASE_x_R1a_resid,3,test,1114319,0,0.4095175080055454
BASE_x_R1a_resid,3,test,1115322,1,0.757421409056712
BASE_x_R1a_resid,3,test,1116440,0,0.24088030953627926
BASE_x_R1a_resid,3,test,1116580,1,0.5818558959010001
BASE_x_R1a_resid,3,test,1117370,1,0.8246705532278479
BASE_x_R1a_resid,3,test,1117882,0,0.4443928609941375
BASE_x_R1a_resid,3,test,1117951,1,0.603058112490689
BASE_x_R1a_resid,3,test,1118511,1,0.5769240235466996
BASE_x_R1a_resid,3,test,1119492,1,0.558578339150392
BASE_x_R1a_resid,3,test,1119520,0,0.5179674668306948
BASE_x_R1a_resid,3,test,1120326,1,0.22131432172954058
BASE_x_R1a_resid,3,test,1120684,0,0.3602398164120523
BASE_x_R1a_resid,3,test,1121623,1,0.6444413220252133
BASE_x_R1a_resid,3,test,1122185,1,0.4933057060099437
BASE_x_R1a_resid,3,test,1122626,1,0.840526829331588
BASE_x_R1a_resid,3,test,1122658,1,0.653574706657643
BASE_x_R1a_resid,3,test,1122760,0,0.1771567201813621
BASE_x_R1a_resid,3,test,1123205,0,0.4956688383887593
BASE_x_R1a_resid,3,test,1123222,1,0.5949093165882132
BASE_x_R1a_resid,3,test,1123572,0,0.33537166185273576
BASE_x_R1a_resid,3,test,1124329,1,0.6237567312199156
BASE_x_R1a_resid,3,test,1124491,1,0.6749571437026145
BASE_x_R1a_resid,3,test,1124658,0,0.42827535300797787
BASE_x_R1a_resid,3,test,1124806,1,0.3936888477356056
BASE_x_R1a_resid,3,test,1125163,1,0.40307360335504916
BASE_x_R1a_resid,3,test,1125189,0,0.38226153193274537
BASE_x_R1a_resid,3,test,1125964,1,0.6381362072870147
BASE_x_R1a_resid,3,test,1126637,0,0.7784521988837116
BASE_x_R1a_resid,3,test,1127029,0,0.6992915365696709
BASE_x_R1a_resid,3,test,1127560,1,0.8585053778545679
BASE_x_R1a_resid,3,test,1128027,1,0.6325700725326379
BASE_x_R1a_resid,3,test,1128065,0,0.47981632089668635
BASE_x_R1a_resid,3,test,1128946,1,0.3540226137695828
BASE_x_R1a_resid,3,test,1128952,0,0.5464879890107217
BASE_x_R1a_resid,3,test,1129131,0,0.18437554183255014
BASE_x_R1a_resid,3,test,1129401,1,0.5539682324157535
BASE_x_R1a_resid,3,test,1129826,1,0.7973650725416506
BASE_x_R1a_resid,3,test,1130697,1,0.8213917794192642
BASE_x_R1a_resid,3,test,1131818,1,0.627003828564659
BASE_x_R1a_resid,3,test,1132205,1,0.7727625071800669
BASE_x_R1a_resid,3,test,1132255,0,0.557356824270462
BASE_x_R1a_resid,3,test,1132465,1,0.7309661045423121
BASE_x_R1a_resid,3,test,1132760,0,0.6005056136005734
BASE_x_R1a_resid,3,test,1133467,1,0.6260857757840654
BASE_x_R1a_resid,3,test,1133778,1,0.8593423504637389
BASE_x_R1a_resid,3,test,1134347,0,0.41209619252088153
BASE_x_R1a_resid,3,test,1134479,1,0.8640964239157343
BASE_x_R1a_resid,3,test,1136005,0,0.35663839232189054
BASE_x_R1a_resid,3,test,1136524,0,0.6407670459578918
BASE_x_R1a_resid,3,test,1136723,0,0.3008229463435481
BASE_x_R1a_resid,3,test,1137456,0,0.8266594570668718
BASE_x_R1a_resid,3,test,1137589,1,0.46055364752841327
BASE_x_R1a_resid,3,test,1137968,0,0.3646277152694454
BASE_x_R1a_resid,3,test,1138091,1,0.5433540586547001
BASE_x_R1a_resid,3,test,1141785,0,0.19477927778116857
BASE_x_R1a_resid,3,test,1142514,0,0.5058209835789769
BASE_x_R1a_resid,3,test,1142584,0,0.507125983049506
BASE_x_R1a_resid,3,test,1143112,1,0.7893312456569802
BASE_x_R1a_resid,3,test,1144147,0,0.5326549982512694
BASE_x_R1a_resid,3,test,1144322,1,0.7448070772700717
BASE_x_R1a_resid,3,test,1145284,1,0.8461334142310786
BASE_x_R1a_resid,3,test,1145450,0,0.5106376451003303
BASE_x_R1a_resid,3,test,1145704,1,0.6713783911703288
BASE_x_R1a_resid,3,test,1145863,1,0.8422179939821476
BASE_x_R1a_resid,3,test,1146369,1,0.8679515436278206
BASE_x_R1a_resid,3,test,1146398,1,0.5890424216271749
BASE_x_R1a_resid,3,test,1146484,0,0.5731533123493078
BASE_x_R1a_resid,3,test,1146999,1,0.8968692726328235
BASE_x_R1a_resid,3,test,1147189,1,0.41104862303749096
BASE_x_R1a_resid,3,test,1147390,0,0.21912796131466894
BASE_x_R1a_resid,3,test,1147843,1,0.9015697245253255
BASE_x_R1a_resid,3,test,1147877,1,0.6420805476123259
BASE_x_R1a_resid,3,test,1148116,1,0.7354717942252594
BASE_x_R1a_resid,3,test,1148270,0,0.3819424588538557
BASE_x_R1a_resid,3,test,1148359,1,0.7849575037262791
BASE_x_R1a_resid,3,test,1148648,1,0.6582013491708166
BASE_x_R1a_resid,3,test,1149200,1,0.44099310115673673
BASE_x_R1a_resid,3,test,1151454,0,0.5947068684396545
BASE_x_R1a_resid,3,test,1151830,0,0.7811923709235592
BASE_x_R1a_resid,3,test,1152877,0,0.33307945277547174
BASE_x_R1a_resid,3,test,1153399,1,0.6153847785073034
BASE_x_R1a_resid,3,test,1153462,1,0.5177827129436064
BASE_x_R1a_resid,3,test,1153702,0,0.36861858697633254
BASE_x_R1a_resid,3,test,1154277,1,0.5297896902061566
BASE_x_R1a_resid,3,test,1154712,1,0.6921739818141076
BASE_x_R1a_resid,3,test,1155460,1,0.6588253750738845
BASE_x_R1a_resid,3,test,1156261,1,0.41598632623746185
BASE_x_R1a_resid,3,test,1156386,1,0.6293210263082578
BASE_x_R1a_resid,3,test,1158961,1,0.8142701330298392
BASE_x_R1a_resid,3,test,1206335,0,0.4880780815095403
BASE_x_R1a_resid,3,test,1206743,0,0.5089105084295376
BASE_x_R1a_resid,3,test,1206997,1,0.7645173776864449
BASE_x_R1a_resid,3,test,1207017,1,0.7614814003494769
BASE_x_R1a_resid,3,test,1207116,1,0.8501728506954255
BASE_x_R1a_resid,3,test,1207140,1,0.8147982054506236
BASE_x_R1a_resid,3,test,1207571,1,0.6816954256593712
BASE_x_R1a_resid,3,test,1207980,1,0.7498641661547443
BASE_x_R1a_resid,3,test,1208613,0,0.3585943447264412
BASE_x_R1a_resid,3,test,1209229,0,0.31729733821660216
BASE_x_R1a_resid,3,test,1209502,0,0.3706301636337282
BASE_x_R1a_resid,3,test,1210100,0,0.3147622901538214
BASE_x_R1a_resid,3,test,1210786,0,0.39102235581427924
BASE_x_R1a_resid,3,test,1210915,0,0.5997757001641123
BASE_x_R1a_resid,3,test,1211104,1,0.6862295217375848
BASE_x_R1a_resid,3,test,1211177,1,0.6383926950206316
BASE_x_R1a_resid,3,test,1211293,1,0.6080322032420541
BASE_x_R1a_resid,3,test,1211895,1,0.8280089448978917
BASE_x_R1a_resid,3,test,1212290,1,0.762802166503246
BASE_x_R1a_resid,3,test,1213071,1,0.42297076194965255
BASE_x_R1a_resid,3,test,1213344,1,0.35259566393749553
BASE_x_R1a_resid,3,test,1213506,0,0.7577367856656002
BASE_x_R1a_resid,3,test,1213716,1,0.813714002156107
BASE_x_R1a_resid,3,test,1213967,1,0.3585666259893842
BASE_x_R1a_resid,3,test,1213974,0,0.7504957862791178
BASE_x_R1a_resid,3,test,1214861,1,0.9322685225450595
BASE_x_R1a_resid,3,test,1215142,0,0.40172348666520724
BASE_x_R1a_resid,3,test,1215187,1,0.2668804630039061
BASE_x_R1a_resid,3,test,1215381,0,0.7101770643750885
BASE_x_R1a_resid,3,test,1216041,1,0.625891875174156
BASE_x_R1a_resid,3,test,1216076,1,0.642948119082964
BASE_x_R1a_resid,3,test,1216223,1,0.7369627610281811
BASE_x_R1a_resid,3,test,1216421,1,0.5807176664908278
BASE_x_R1a_resid,3,test,1216718,1,0.5120279050180848
BASE_x_R1a_resid,3,test,1216841,0,0.6237341545469596
BASE_x_R1a_resid,3,test,1217080,1,0.8625271003989972
BASE_x_R1a_resid,3,test,1217110,1,0.6425983260739959
BASE_x_R1a_resid,3,test,1217635,1,0.6385598710468479
BASE_x_R1a_resid,3,test,1217948,1,0.42004898596332524
BASE_x_R1a_resid,3,test,1219254,0,0.4607618628193934
BASE_x_R1a_resid,3,test,1219303,1,0.5788975476177888
BASE_x_R1a_resid,3,test,1219337,1,0.3610124044617858
BASE_x_R1a_resid,3,test,1219597,0,0.6159802030417282
BASE_x_R1a_resid,3,test,1219765,1,0.7636428055759203
BASE_x_R1a_resid,3,test,1219802,1,0.7863227373359455
BASE_x_R1a_resid,3,test,1219853,1,0.3932704420146825
BASE_x_R1a_resid,3,test,1219897,1,0.8402123707673601
BASE_x_R1a_resid,3,test,1219935,1,0.8356170003318628
BASE_x_R1a_resid,3,test,1220500,1,0.6990768032551756
BASE_x_R1a_resid,3,test,1220515,0,0.4053432462304364
BASE_x_R1a_resid,3,test,1220527,0,0.5079253310647754
BASE_x_R1a_resid,3,test,1220699,1,0.5458120916826974
BASE_x_R1a_resid,3,test,1221554,0,0.7019685304371298
BASE_x_R1a_resid,3,test,1221707,0,0.5745738817153797
BASE_x_R1a_resid,3,test,1221883,0,0.4738223765830813
BASE_x_R1a_resid,3,test,1222192,1,0.5487858739883006
BASE_x_R1a_resid,3,test,1223568,1,0.7214277129880529
BASE_x_R1a_resid,3,test,1223585,1,0.6540381380968694
BASE_x_R1a_resid,3,test,1223773,1,0.5655863907341095
BASE_x_R1a_resid,3,test,1223866,1,0.6440992378059477
BASE_x_R1a_resid,3,test,1224547,1,0.5200194122402846
BASE_x_R1a_resid,3,test,1225086,0,0.4645342269705847
BASE_x_R1a_resid,3,test,1225267,0,0.3958930338391296
BASE_x_R1a_resid,3,test,1225500,0,0.6577922804059873
BASE_x_R1a_resid,3,test,1225672,1,0.6945805630176887
BASE_x_R1a_resid,3,test,1225914,0,0.3349136456627685
BASE_x_R1a_resid,3,test,1226824,0,0.20258653370858762
BASE_x_R1a_resid,3,test,1228207,1,0.5459829467704204
BASE_x_R1a_resid,3,test,1228461,1,0.9491197851167867
BASE_x_R1a_resid,3,test,1229379,1,0.6071091655404202
BASE_x_R1a_resid,3,test,1229837,0,0.46474007051598953
BASE_x_R1a_resid,3,test,1229920,1,0.7238989617095509
BASE_x_R1a_resid,3,test,1229976,1,0.3538852492343776
BASE_x_R1a_resid,3,test,1230374,1,0.9103491948647853
BASE_x_R1a_resid,3,test,1230422,1,0.31203243104620454
BASE_x_R1a_resid,3,test,1232028,0,0.2245372390939287
BASE_x_R1a_resid,3,test,1232188,1,0.6891556637182055
BASE_x_R1a_resid,3,test,1232273,1,0.6912691037737805
BASE_x_R1a_resid,3,test,1233026,1,0.8718115798966829
BASE_x_R1a_resid,3,test,1233054,1,0.5433860387638815
BASE_x_R1a_resid,3,test,1233178,1,0.8575471465944768
BASE_x_R1a_resid,3,test,1233508,1,0.5955434074910899
BASE_x_R1a_resid,3,test,1233632,1,0.47342106756841695
BASE_x_R1a_resid,3,test,1233863,1,0.576767885012314
BASE_x_R1a_resid,3,test,1235254,0,0.17302496524347014
BASE_x_R1a_resid,3,test,1235590,1,0.5623236751946087
BASE_x_R1a_resid,3,test,1235777,1,0.568108854304838
BASE_x_R1a_resid,3,test,1236063,0,0.8035264571704485
BASE_x_R1a_resid,3,test,1236187,0,0.4485781080879761
BASE_x_R1a_resid,3,test,1236548,0,0.8110222579963652
BASE_x_R1a_resid,3,test,1237123,0,0.4228594185842336
BASE_x_R1a_resid,3,test,1237587,0,0.42918449410133336
BASE_x_R1a_resid,3,test,1237630,1,0.7664743708722322
BASE_x_R1a_resid,3,test,1237793,1,0.44385286259226725
BASE_x_R1a_resid,3,test,1237822,1,0.7812543863227375
BASE_x_R1a_resid,3,test,1238264,1,0.47650970299628076
BASE_x_R1a_resid,3,test,1238287,0,0.7785311691880055
BASE_x_R1a_resid,3,test,1238406,0,0.37385964020432766
BASE_x_R1a_resid,3,test,1238457,1,0.6819644869648691
BASE_x_R1a_resid,3,test,1238559,1,0.8369212836540284
BASE_x_R1a_resid,3,test,1238817,0,0.8516399112441436
BASE_x_R1a_resid,3,test,1238917,0,0.4725881607918053
BASE_x_R1a_resid,3,test,1238964,1,0.590069354430941
BASE_x_R1a_resid,3,test,1239034,0,0.8389553439477574
BASE_x_R1a_resid,3,test,1239474,1,0.23941503489519028
BASE_x_R1a_resid,3,test,1241090,0,0.4298514291226365
BASE_x_R1a_resid,3,test,1242267,1,0.7431036283487825
BASE_x_R1a_resid,3,test,1242372,1,0.6912493866753191
BASE_x_R1a_resid,3,test,1242645,0,0.5678849335599194
BASE_x_R1a_resid,3,test,1243514,1,0.678052109172671
BASE_x_R1a_resid,3,test,1243823,1,0.3484738996916336
BASE_x_R1a_resid,3,test,1244446,1,0.6596877846665998
BASE_x_R1a_resid,3,test,1244606,1,0.5843265432626725
BASE_x_R1a_resid,3,test,1244765,0,0.39003896948455685
BASE_x_R1a_resid,3,test,1245566,1,0.5141539388685092
BASE,4,test,15488,1,0.8342418723848847
BASE,4,test,22854,1,0.4136818163632111
BASE,4,test,33645,0,0.3336636843215597
BASE,4,test,34428,0,0.5413303437018834
BASE,4,test,36502,0,0.37731671041240405
BASE,4,test,41002,1,0.6495319413587504
BASE,4,test,50696,1,0.5317102400509615
BASE,4,test,52327,1,0.8431687559827116
BASE,4,test,52433,1,0.68504584250282
BASE,4,test,56524,0,0.7699700468391658
BASE,4,test,57517,1,0.8220404288138525
BASE,4,test,61752,1,0.7694493077077341
BASE,4,test,64928,1,0.607005217740246
BASE,4,test,66709,0,0.5350770301685052
BASE,4,test,71731,1,0.6192626060005431
BASE,4,test,72035,0,0.7865893468252213
BASE,4,test,88483,1,0.7324018968355359
BASE,4,test,89850,1,0.5515932443447211
BASE,4,test,90339,0,0.797449314959709
BASE,4,test,95082,1,0.843347153997241
BASE,4,test,96825,1,0.5048300878428136
BASE,4,test,99452,0,0.24150240527918887
BASE,4,test,100851,1,0.5692033610136416
BASE,4,test,101554,1,0.7153954368498012
BASE,4,test,101559,1,0.742879883007885
BASE,4,test,112047,1,0.609888493670295
BASE,4,test,126620,0,0.46598080750866944
BASE,4,test,138685,1,0.7408554044301578
BASE,4,test,144703,1,0.7181378100886504
BASE,4,test,154670,1,0.7767207965995356
BASE,4,test,157463,1,0.596948130845892
BASE,4,test,166451,1,0.45823038524971127
BASE,4,test,167707,1,0.46017098470990975
BASE,4,test,167963,1,0.8121384115848689
BASE,4,test,168739,0,0.4544694086562728
BASE,4,test,171896,1,0.7538653763325402
BASE,4,test,173162,0,0.6189944182650982
BASE,4,test,174626,1,0.6608957857034415
BASE,4,test,184874,1,0.5733642192884668
BASE,4,test,184909,0,0.4726717866165703
BASE,4,test,185627,1,0.6995777001043365
BASE,4,test,186699,1,0.9032606625843694
BASE,4,test,197089,0,0.4558939450371422
BASE,4,test,199037,1,0.4529007265636775
BASE,4,test,210257,0,0.3026913889945631
BASE,4,test,216287,0,0.501384774714952
BASE,4,test,223585,1,0.5046778914996153
BASE,4,test,227399,0,0.46962920642159856
BASE,4,test,230824,1,0.6827805839695053
BASE,4,test,234696,1,0.486603923476099
BASE,4,test,237953,1,0.6888250969254489
BASE,4,test,238407,0,0.2520370202362333
BASE,4,test,243108,1,0.715267669813512
BASE,4,test,248666,1,0.6587418753905752
BASE,4,test,253611,0,0.34135148883207755
BASE,4,test,258335,0,0.4034145655902123
BASE,4,test,266656,1,0.36673043912168174
BASE,4,test,270608,0,0.48673059716097294
BASE,4,test,271131,1,0.7037361639694101
BASE,4,test,273824,1,0.6284188716422586
BASE,4,test,281433,1,0.7958338642797643
BASE,4,test,297071,1,0.6198901070004725
BASE,4,test,297187,0,0.5777974365074239
BASE,4,test,298561,1,0.7624994944259349
BASE,4,test,300925,1,0.4827105674525714
BASE,4,test,304753,1,0.7544360117344173
BASE,4,test,305034,0,0.08762332337240414
BASE,4,test,308426,1,0.725600786378851
BASE,4,test,309228,1,0.8134550866256052
BASE,4,test,312582,1,0.6564064936231483
BASE,4,test,318640,1,0.7616599951369476
BASE,4,test,323320,0,0.45716554419060107
BASE,4,test,327943,1,0.6566492237677566
BASE,4,test,330603,1,0.7902998252425616
BASE,4,test,332529,1,0.4727840453939165
BASE,4,test,334140,1,0.561052552533243
BASE,4,test,335955,1,0.46647018171679444
BASE,4,test,339225,0,0.1396237515717023
BASE,4,test,345832,0,0.504223223498125
BASE,4,test,347257,1,0.4886098915685231
BASE,4,test,348589,1,0.686109598041455
BASE,4,test,359330,0,0.15953033340968634
BASE,4,test,361916,1,0.790891049588078
BASE,4,test,366082,1,0.655802631217596
BASE,4,test,367686,0,0.7854839972985456
BASE,4,test,367930,1,0.5188449684988794
BASE,4,test,375005,0,0.8230919798160033
BASE,4,test,378412,1,0.5518148848708653
BASE,4,test,380225,1,0.7803556731648864
BASE,4,test,391348,0,0.7219310458594426
BASE,4,test,397648,1,0.794975344303626
BASE,4,test,398295,0,0.31763558780292483
BASE,4,test,398520,1,0.826738960627982
BASE,4,test,399013,1,0.6400386439589891
BASE,4,test,400416,0,0.4865788839711923
BASE,4,test,402051,0,0.38658568483375627
BASE,4,test,406676,1,0.5049543475799263
BASE,4,test,408105,0,0.7043704218166036
BASE,4,test,408486,1,0.7962102064718773
BASE,4,test,413865,1,0.7442968127099115
BASE,4,test,417265,0,0.222486354736437
BASE,4,test,420351,1,0.47030105501856584
BASE,4,test,421437,0,0.3441492816724449
BASE,4,test,422674,1,0.5390353105422178
BASE,4,test,424946,0,0.2207899046996813
BASE,4,test,431921,0,0.5459333639187555
BASE,4,test,432540,1,0.35523994915916673
BASE,4,test,433233,1,0.4152041391951796
BASE,4,test,435249,1,0.8499376162961154
BASE,4,test,439090,1,0.2772559401880805
BASE,4,test,444030,1,0.5863704553882064
BASE,4,test,448329,1,0.66794927958876
BASE,4,test,455395,1,0.8093540377485583
BASE,4,test,456869,1,0.5373319536906859
BASE,4,test,457834,1,0.8057017574745403
BASE,4,test,460422,1,0.3039779223202036
BASE,4,test,461519,1,0.5576426453283907
BASE,4,test,466437,1,0.6877001234127357
BASE,4,test,474221,0,0.7165975919384069
BASE,4,test,476977,1,0.6091406520580852
BASE,4,test,477779,1,0.6089707315893794
BASE,4,test,480598,1,0.5111660344253083
BASE,4,test,486892,0,0.4700298151087708
BASE,4,test,487378,0,0.38001942773516006
BASE,4,test,494011,1,0.540286956162818
BASE,4,test,496270,1,0.5057726852251154
BASE,4,test,502585,0,0.36729367767837595
BASE,4,test,508867,1,0.5038818709322963
BASE,4,test,513568,0,0.36888434894315886
BASE,4,test,513966,0,0.5849315863152716
BASE,4,test,517250,1,0.4495248258740927
BASE,4,test,523694,0,0.3110171562891113
BASE,4,test,524155,0,0.7837085460057824
BASE,4,test,531104,1,0.8138839083036445
BASE,4,test,531193,0,0.2530225761185328
BASE,4,test,542282,1,0.5096646355664748
BASE,4,test,550892,1,0.6033094335377116
BASE,4,test,554960,0,0.32178951701679226
BASE,4,test,556177,0,0.39924421385471165
BASE,4,test,563033,0,0.7114669744259048
BASE,4,test,567390,0,0.7563643764263532
BASE,4,test,570049,1,0.8147292672427128
BASE,4,test,571812,1,0.8274997323544011
BASE,4,test,573425,1,0.4215371436852013
BASE,4,test,575773,1,0.61065280682886
BASE,4,test,586109,0,0.5347974356371824
BASE,4,test,592121,0,0.3451501482808663
BASE,4,test,592548,0,0.6910866780411475
BASE,4,test,593504,1,0.7824253710143734
BASE,4,test,596841,1,0.7519302720176055
BASE,4,test,597579,1,0.4568817175904343
BASE,4,test,599359,1,0.7532984115105683
BASE,4,test,605762,0,0.32081950118590363
BASE,4,test,611309,0,0.6774658146074137
BASE,4,test,612154,0,0.26574546076754496
BASE,4,test,613228,0,0.498675967495641
BASE,4,test,613523,0,0.3728653887115588
BASE,4,test,615384,1,0.5637757974298906
BASE,4,test,615631,1,0.5549390343565657
BASE,4,test,623491,0,0.3498147153154779
BASE,4,test,624010,0,0.2360828801179495
BASE,4,test,628861,1,0.7009638811920111
BASE,4,test,642558,1,0.5085429672140455
BASE,4,test,648107,1,0.7944965054519504
BASE,4,test,649217,1,0.8492101138158141
BASE,4,test,651758,1,0.3571991058578149
BASE,4,test,656138,1,0.6744955959138195
BASE,4,test,661193,0,0.6750171037528284
BASE,4,test,663130,1,0.5219431366997742
BASE,4,test,665050,1,0.5348855656362566
BASE,4,test,669723,1,0.551006469406297
BASE,4,test,671576,0,0.3294093199673948
BASE,4,test,671705,1,0.3204908101545058
BASE,4,test,675115,1,0.8497394962636077
BASE,4,test,675660,0,0.2861606268910312
BASE,4,test,680266,0,0.5265954955668088
BASE,4,test,681852,1,0.5604402119725467
BASE,4,test,683148,1,0.5661518207683336
BASE,4,test,689380,1,0.4493671945892395
BASE,4,test,692458,1,0.49635112774797896
BASE,4,test,695588,1,0.6517451300606057
BASE,4,test,697446,0,0.4391259291476664
BASE,4,test,704317,0,0.5253709617229478
BASE,4,test,706908,0,0.7881721657166563
BASE,4,test,707482,1,0.7995675758741236
BASE,4,test,711245,1,0.7552686820098699
BASE,4,test,711727,1,0.5472514880621692
BASE,4,test,713883,1,0.43160053031457557
BASE,4,test,715113,1,0.680226582694746
BASE,4,test,719050,0,0.31979582797369266
BASE,4,test,719225,1,0.7232364607732193
BASE,4,test,723474,0,0.5524531613822768
BASE,4,test,727266,1,0.573815726120857
BASE,4,test,734224,0,0.5501336181851704
BASE,4,test,747568,1,0.43934541709855707
BASE,4,test,747710,0,0.5850022226243496
BASE,4,test,748105,0,0.5867724172700718
BASE,4,test,750827,0,0.623568377066341
BASE,4,test,755156,1,0.5529860287903252
BASE,4,test,755914,1,0.8296893145142964
BASE,4,test,757383,0,0.4436058839539703
BASE,4,test,759548,1,0.842588131074081
BASE,4,test,761233,1,0.5677422673974193
BASE,4,test,764119,1,0.24519998404216786
BASE,4,test,765954,0,0.3599996588749634
BASE,4,test,766763,1,0.6053459610042499
BASE,4,test,767066,1,0.5345243252854923
BASE,4,test,777118,1,0.6411210986061942
BASE,4,test,778073,1,0.33231887341581867
BASE,4,test,783735,1,0.5589252729485207
BASE,4,test,783814,0,0.6760279096356386
BASE,4,test,784920,1,0.8353555069015131
BASE,4,test,789093,0,0.670618685943656
BASE,4,test,794054,0,0.3539434447518505
BASE,4,test,807819,1,0.6248241705593494
BASE,4,test,813769,0,0.44486964123478606
BASE,4,test,828427,0,0.37273207778564477
BASE,4,test,840916,0,0.3216310952877985
BASE,4,test,841534,0,0.17290658423171254
BASE,4,test,848998,0,0.6382090613713101
BASE,4,test,854069,1,0.5115764317488134
BASE,4,test,865733,1,0.4173075323637573
BASE,4,test,866317,1,0.8921163515866983
BASE,4,test,868368,1,0.47454288024790864
BASE,4,test,882948,1,0.5248139441495623
BASE,4,test,883804,1,0.43674714912730883
BASE,4,test,888443,0,0.15855943170744863
BASE,4,test,894357,0,0.5530004412919208
BASE,4,test,894409,1,0.6277070141590163
BASE,4,test,896596,1,0.6945225640514078
BASE,4,test,900750,1,0.7933581653660647
BASE,4,test,924232,0,0.5656776064264095
BASE,4,test,934409,0,0.5755218972301673
BASE,4,test,940103,0,0.5006202739770196
BASE,4,test,941393,0,0.4900305032879453
BASE,4,test,944965,1,0.8068340377983906
BASE,4,test,951465,0,0.5490336453010727
BASE,4,test,951654,0,0.5064194181002343
BASE,4,test,952824,1,0.6137578883513728
BASE,4,test,953656,0,0.7382201454393836
BASE,4,test,954440,1,0.43699643977597025
BASE,4,test,955753,1,0.6859249065240322
BASE,4,test,959155,0,0.4376603356243839
BASE,4,test,959229,1,0.5980161005565374
BASE,4,test,962660,1,0.6270949290646503
BASE,4,test,966701,0,0.7672966879273456
BASE,4,test,967064,1,0.44829693633065637
BASE,4,test,972697,0,0.36656816095527617
BASE,4,test,972950,1,0.764976282676748
BASE,4,test,975086,1,0.8535471061022423
BASE,4,test,977714,1,0.6601580237892596
BASE,4,test,982055,0,0.5396523382597909
BASE,4,test,983856,1,0.7443877677070638
BASE,4,test,987078,1,0.7440952736114516
BASE,4,test,987657,1,0.46388857839242836
BASE,4,test,987661,1,0.47717209822911094
BASE,4,test,987997,1,0.5673732931476679
BASE,4,test,988590,1,0.4116218937153176
BASE,4,test,990392,1,0.5347373887752525
BASE,4,test,991060,1,0.91367386783045
BASE,4,test,991829,1,0.6486110240372824
BASE,4,test,992457,1,0.6797991734077474
BASE,4,test,994889,0,0.6391408633528286
BASE,4,test,994895,1,0.8147056337733345
BASE,4,test,995382,0,0.3345177578159986
BASE,4,test,997176,0,0.20767968040410584
BASE,4,test,997827,1,0.8625991531966142
BASE,4,test,1000449,1,0.747527123274575
BASE,4,test,1002249,1,0.8679268858008722
BASE,4,test,1005171,1,0.6968705628490018
BASE,4,test,1006489,0,0.3054161543273698
BASE,4,test,1007601,1,0.5771559878072583
BASE,4,test,1012321,1,0.48522545572429004
BASE,4,test,1027441,1,0.5534022472343849
BASE,4,test,1029373,1,0.5378343637999365
BASE,4,test,1040848,0,0.4874941011073102
BASE,4,test,1049886,1,0.8432158106998134
BASE,4,test,1058939,1,0.4502329210364751
BASE,4,test,1060429,0,0.2832296392878328
BASE,4,test,1061350,0,0.4517154710889728
BASE,4,test,1064130,1,0.6653715661874195
BASE,4,test,1065288,0,0.4807727349854522
BASE,4,test,1066534,1,0.29807149113301323
BASE,4,test,1067011,1,0.49095470998405355
BASE,4,test,1067406,1,0.39551109707534665
BASE,4,test,1067592,1,0.752243782139448
BASE,4,test,1072850,1,0.7336450036322353
BASE,4,test,1074618,1,0.6122847888313591
BASE,4,test,1075228,1,0.7080519269381186
BASE,4,test,1077187,1,0.8121282897046531
BASE,4,test,1077371,0,0.3289635747118988
BASE,4,test,1078604,1,0.7268865855922684
BASE,4,test,1078893,0,0.49533968277784374
BASE,4,test,1082987,0,0.40904846580084603
BASE,4,test,1084267,1,0.7082278319478117
BASE,4,test,1086129,1,0.5167472564258322
BASE,4,test,1086243,1,0.721304068842197
BASE,4,test,1086530,1,0.9178920266866247
BASE,4,test,1086850,0,0.45473167249869717
BASE,4,test,1087295,1,0.3723917173669419
BASE,4,test,1087796,0,0.56837491151048
BASE,4,test,1087797,1,0.8454683589387215
BASE,4,test,1088105,1,0.5348665709779578
BASE,4,test,1088555,0,0.39744428266371157
BASE,4,test,1090388,1,0.8869767783709994
BASE,4,test,1091343,0,0.5117869301891269
BASE,4,test,1091748,1,0.6597084455052331
BASE,4,test,1092848,1,0.6923324472574781
BASE,4,test,1094060,1,0.7145701175344663
BASE,4,test,1094259,1,0.5397779511541269
BASE,4,test,1094919,1,0.7944596887081645
BASE,4,test,1095404,1,0.6610817576104648
BASE,4,test,1095476,1,0.28926239160609246
BASE,4,test,1095940,1,0.8171929962545345
BASE,4,test,1097324,1,0.5111193447734774
BASE,4,test,1098075,1,0.7026109800945918
BASE,4,test,1098420,0,0.3503002994452601
BASE,4,test,1098886,1,0.6730022446461775
BASE,4,test,1099178,1,0.8046346180703426
BASE,4,test,1101157,1,0.7803234666339107
BASE,4,test,1101522,0,0.539472756145456
BASE,4,test,1102856,1,0.3413900255692007
BASE,4,test,1102873,1,0.6224037869492774
BASE,4,test,1104405,1,0.8326344070768594
BASE,4,test,1104438,1,0.6688061010126405
BASE,4,test,1104592,1,0.6289645003905657
BASE,4,test,1104798,0,0.5467942278983283
BASE,4,test,1105176,1,0.5574762701352407
BASE,4,test,1105198,0,0.3484267440831028
BASE,4,test,1105241,0,0.4664572086093182
BASE,4,test,1105431,1,0.6813166359955436
BASE,4,test,1105614,0,0.11059224866577211
BASE,4,test,1105837,1,0.6135863884132197
BASE,4,test,1105904,0,0.578676611388817
BASE,4,test,1107291,0,0.3711338100882302
BASE,4,test,1108050,1,0.8415949857330028
BASE,4,test,1109275,1,0.8711573107174314
BASE,4,test,1109411,0,0.600566867721328
BASE,4,test,1109765,1,0.5809740611073578
BASE,4,test,1110962,0,0.40430186996739415
BASE,4,test,1111123,1,0.39791685647362135
BASE,4,test,1112876,1,0.5306142104103798
BASE,4,test,1113155,0,0.4376488902055359
BASE,4,test,1113237,1,0.9166669160260672
BASE,4,test,1113606,1,0.8012242415684327
BASE,4,test,1113857,0,0.6426399338225842
BASE,4,test,1114319,0,0.5411162489892994
BASE,4,test,1114801,0,0.7375490221303918
BASE,4,test,1115212,1,0.6009841759141953
BASE,4,test,1115247,0,0.6671205017771783
BASE,4,test,1115322,1,0.7927554020997124
BASE,4,test,1116440,0,0.29140318032590684
BASE,4,test,1116790,0,0.8379433327766883
BASE,4,test,1116860,1,0.767181235179884
BASE,4,test,1116926,1,0.7348528205780909
BASE,4,test,1117063,0,0.24809540072463296
BASE,4,test,1117243,1,0.6623103060414404
BASE,4,test,1117701,1,0.660977315479187
BASE,4,test,1117951,1,0.5589120540285946
BASE,4,test,1118436,1,0.8436688421430296
BASE,4,test,1118511,1,0.6333334441098647
BASE,4,test,1119654,1,0.8719992404042274
BASE,4,test,1120325,1,0.8321932405115952
BASE,4,test,1120645,0,0.3675162585425722
BASE,4,test,1120692,1,0.8196733728895117
BASE,4,test,1121493,0,0.22410905349972488
BASE,4,test,1121559,1,0.6919481207066461
BASE,4,test,1122034,1,0.8050465300079155
BASE,4,test,1122057,0,0.2345644717249938
BASE,4,test,1122513,1,0.37144390800590366
BASE,4,test,1122760,0,0.16172770968597777
BASE,4,test,1122888,1,0.6598469160834719
BASE,4,test,1123015,0,0.7549306912685556
BASE,4,test,1123435,1,0.6436594564710313
BASE,4,test,1123536,0,0.37057468690797185
BASE,4,test,1123551,0,0.3357764202244202
BASE,4,test,1123876,0,0.2620671381695249
BASE,4,test,1124034,1,0.41728845665096004
BASE,4,test,1124180,0,0.3245715551709574
BASE,4,test,1124193,0,0.4446758412546055
BASE,4,test,1124330,0,0.7493226197679548
BASE,4,test,1125189,0,0.3230202092947792
BASE,4,test,1125355,1,0.881086461651842
BASE,4,test,1125442,1,0.8724465669778922
BASE,4,test,1125471,1,0.6322174154920535
BASE,4,test,1125785,1,0.6758420057959413
BASE,4,test,1126146,0,0.3063166923679741
BASE,4,test,1126628,1,0.8523157193910511
BASE,4,test,1127812,1,0.6580570444568983
BASE,4,test,1129029,0,0.28195987616056833
BASE,4,test,1129131,0,0.16212003964864855
BASE,4,test,1129979,1,0.6980835556481472
BASE,4,test,1130530,0,0.7374306735465639
BASE,4,test,1130756,1,0.7463154779337562
BASE,4,test,1132760,0,0.5458161805373674
BASE,4,test,1133607,1,0.7897994171860547
BASE,4,test,1134347,0,0.39492246597467834
BASE,4,test,1134518,0,0.4516412633427224
BASE,4,test,1134643,1,0.8583138790439524
BASE,4,test,1134921,1,0.7936288865771155
BASE,4,test,1134927,1,0.7270606136377884
BASE,4,test,1136675,1,0.5141418325175015
BASE,4,test,1136790,1,0.4468204179326283
BASE,4,test,1136917,1,0.6510913882555659
BASE,4,test,1137818,1,0.21929717055303563
BASE,4,test,1138321,1,0.6695030801184528
BASE,4,test,1139409,1,0.8582340261806907
BASE,4,test,1139884,1,0.46890302667333184
BASE,4,test,1140316,1,0.9240125091331112
BASE,4,test,1142514,0,0.604501662370334
BASE,4,test,1142632,0,0.6602902830780064
BASE,4,test,1142753,1,0.8276710139960408
BASE,4,test,1142803,1,0.8328776824657959
BASE,4,test,1143657,1,0.5541661808481595
BASE,4,test,1144147,0,0.49337093117279257
BASE,4,test,1144322,1,0.7492415592605383
BASE,4,test,1144488,1,0.7172012408547727
BASE,4,test,1145207,0,0.4738609878536762
BASE,4,test,1145284,1,0.8635435753109961
BASE,4,test,1146369,1,0.9435559986627113
BASE,4,test,1146584,1,0.6897719718807661
BASE,4,test,1146616,0,0.45170512961789977
BASE,4,test,1146697,1,0.6370169862794388
BASE,4,test,1146848,1,0.41658516697365167
BASE,4,test,1147012,0,0.5635491659425931
BASE,4,test,1147171,0,0.510183182354452
BASE,4,test,1147302,0,0.44973501778684316
BASE,4,test,1148113,1,0.337611013517478
BASE,4,test,1148116,1,0.598612184309965
BASE,4,test,1148359,1,0.7239747445025593
BASE,4,test,1149501,0,0.6270459702112422
BASE,4,test,1149712,0,0.5428908997410961
BASE,4,test,1149910,1,0.6207069301532225
BASE,4,test,1149946,1,0.5035863423346529
BASE,4,test,1150217,1,0.6155214197069745
BASE,4,test,1150295,1,0.9405650600872444
BASE,4,test,1151052,0,0.3934938688042335
BASE,4,test,1151583,1,0.2192376601428923
BASE,4,test,1151827,1,0.7645983327175998
BASE,4,test,1151929,1,0.6926459732115801
BASE,4,test,1152408,0,0.4789214776311109
BASE,4,test,1152708,1,0.5889246071124157
BASE,4,test,1152732,1,0.36566225743451414
BASE,4,test,1152739,0,0.4592757021926706
BASE,4,test,1152979,1,0.23861338469439528
BASE,4,test,1153773,1,0.7328128890815254
BASE,4,test,1156634,1,0.8458663960108419
BASE,4,test,1156690,0,0.20952927324130957
BASE,4,test,1156786,1,0.2896889387793769
BASE,4,test,1157000,1,0.6260754404469442
BASE,4,test,1157181,1,0.7201389102063949
BASE,4,test,1157238,0,0.6123986827750051
BASE,4,test,1206184,1,0.35833288582061185
BASE,4,test,1206667,0,0.7251919720868139
BASE,4,test,1206714,1,0.6336151232808899
BASE,4,test,1206867,1,0.7129671036908201
BASE,4,test,1207140,1,0.8074049268491962
BASE,4,test,1207181,0,0.7704459611764836
BASE,4,test,1207585,0,0.2511548481495758
BASE,4,test,1207861,1,0.8773634031858079
BASE,4,test,1208794,1,0.5089456221126426
BASE,4,test,1208880,1,0.8033599401590764
BASE,4,test,1209022,1,0.5015512664871263
BASE,4,test,1209229,0,0.2878621634404167
BASE,4,test,1209502,0,0.42619432431435533
BASE,4,test,1210024,0,0.5387140806347677
BASE,4,test,1210457,1,0.8317715980201864
BASE,4,test,1211001,1,0.772121667958287
BASE,4,test,1211029,1,0.8458232743040384
BASE,4,test,1211505,1,0.7061879250383852
BASE,4,test,1212403,1,0.7594267512031372
BASE,4,test,1212501,0,0.6046995824454785
BASE,4,test,1213059,1,0.5578075479242101
BASE,4,test,1213071,1,0.43999907245015146
BASE,4,test,1213263,1,0.842214532018005
BASE,4,test,1214345,1,0.7874311609818366
BASE,4,test,1214832,0,0.4472753485512734
BASE,4,test,1215252,0,0.482912384925686
BASE,4,test,1215388,0,0.1094736348818392
BASE,4,test,1215443,0,0.37409165005331685
BASE,4,test,1215797,1,0.7565169841621152
BASE,4,test,1216025,0,0.7851777406586009
BASE,4,test,1216293,1,0.4630605552452443
BASE,4,test,1216691,1,0.7642646740482406
BASE,4,test,1216704,1,0.761538499346339
BASE,4,test,1217110,1,0.5424875732705793
BASE,4,test,1217519,1,0.6790078379909419
BASE,4,test,1217635,1,0.6997351031718289
BASE,4,test,1218059,1,0.7683057186904123
BASE,4,test,1218421,1,0.5154666129909683
BASE,4,test,1219099,0,0.5601892994605205
BASE,4,test,1219254,0,0.48979919364516467
BASE,4,test,1219597,0,0.5587599927112711
BASE,4,test,1219897,1,0.8793440668505889
BASE,4,test,1220426,0,0.43148174403252193
BASE,4,test,1220796,1,0.5957861020349354
BASE,4,test,1220875,0,0.34257524978864784
BASE,4,test,1220940,1,0.7784422358492782
BASE,4,test,1221341,1,0.7175347999585839
BASE,4,test,1221603,1,0.5609329040355043
BASE,4,test,1221892,1,0.8489908415673273
BASE,4,test,1222069,1,0.7559517695395209
BASE,4,test,1222110,1,0.959499265143525
BASE,4,test,1223289,0,0.24803013970861967
BASE,4,test,1223328,1,0.3343705707329083
BASE,4,test,1223568,1,0.7575431733001057
BASE,4,test,1223585,1,0.664528532276493
BASE,4,test,1223681,1,0.38506271700840927
BASE,4,test,1223796,1,0.6627200350326045
BASE,4,test,1224094,0,0.2323309961984111
BASE,4,test,1224536,1,0.6073148428034848
BASE,4,test,1225309,1,0.5953091177666018
BASE,4,test,1225500,0,0.6409092540257569
BASE,4,test,1225605,0,0.6828503095460831
BASE,4,test,1225648,0,0.6566249188840847
BASE,4,test,1226588,1,0.7717940766458027
BASE,4,test,1226981,0,0.44616680671584574
BASE,4,test,1227061,1,0.30646940509253673
BASE,4,test,1227192,1,0.549238575322373
BASE,4,test,1227765,1,0.8249220183164584
BASE,4,test,1228018,1,0.5576875310783403
BASE,4,test,1228461,1,0.9590184530598738
BASE,4,test,1228888,1,0.6221902921808276
BASE,4,test,1229806,0,0.37325550828908866
BASE,4,test,1229837,0,0.4031427929688703
BASE,4,test,1230051,1,0.6908920820418563
BASE,4,test,1230259,1,0.5550424680387914
BASE,4,test,1230810,1,0.44486693354269713
BASE,4,test,1231250,1,0.5978768191713758
BASE,4,test,1231276,1,0.6474054339656355
BASE,4,test,1232099,0,0.6282121289861794
BASE,4,test,1232127,1,0.7208256557932544
BASE,4,test,1232188,1,0.624592441967039
BASE,4,test,1232296,1,0.5767026650923605
BASE,4,test,1232478,1,0.7846650332269651
BASE,4,test,1233140,1,0.3822641601274106
BASE,4,test,1233643,1,0.5100240247319018
BASE,4,test,1234219,1,0.4266575460254684
BASE,4,test,1235217,0,0.6055004952559628
BASE,4,test,1235236,1,0.4982014126782742
BASE,4,test,1235597,1,0.529995181488743
BASE,4,test,1235891,1,0.7076760664013265
BASE,4,test,1236083,0,0.45687684874724366
BASE,4,test,1237033,1,0.459001560604981
BASE,4,test,1237390,1,0.624949346491951
BASE,4,test,1237491,1,0.8671611772832611
BASE,4,test,1237647,0,0.413621808910697
BASE,4,test,1237842,1,0.6644638078428167
BASE,4,test,1238174,1,0.6712810734759377
BASE,4,test,1238215,1,0.7870121755749566
BASE,4,test,1238348,0,0.5972144363831206
BASE,4,test,1238443,0,0.736061910921549
BASE,4,test,1238583,0,0.5465199869512651
BASE,4,test,1238867,1,0.7069265367421287
BASE,4,test,1239212,0,0.28497726183313626
BASE,4,test,1239224,1,0.40012211837207295
BASE,4,test,1239597,1,0.6670514428828929
BASE,4,test,1240131,1,0.6771602255754273
BASE,4,test,1240588,1,0.7159882737166415
BASE,4,test,1240769,0,0.5873853595179177
BASE,4,test,1241104,0,0.5106334541997267
BASE,4,test,1241185,0,0.1674288524764744
BASE,4,test,1241289,0,0.3040245913240394
BASE,4,test,1241453,0,0.47006294701236684
BASE,4,test,1242135,0,0.4082786665754245
BASE,4,test,1242501,1,0.5610695393473337
BASE,4,test,1242667,0,0.4427868889469995
BASE,4,test,1243686,1,0.5417299762558861
BASE,4,test,1243802,0,0.7871467962171405
BASE,4,test,1243992,1,0.5895300092013906
BASE,4,test,1244163,0,0.6418159024024558
BASE,4,test,1244606,1,0.6214468409033423
BASE,4,test,1244831,1,0.24069145091124777
BASE_x_R1a,4,test,15488,1,0.8131143669371379
BASE_x_R1a,4,test,22854,1,0.4041530570036034
BASE_x_R1a,4,test,33645,0,0.40322090492531976
BASE_x_R1a,4,test,34428,0,0.5339686852330432
BASE_x_R1a,4,test,36502,0,0.34901865950161887
BASE_x_R1a,4,test,41002,1,0.745263671779579
BASE_x_R1a,4,test,50696,1,0.48468239630914295
BASE_x_R1a,4,test,52327,1,0.9075187336672365
BASE_x_R1a,4,test,52433,1,0.7599685077423061
BASE_x_R1a,4,test,56524,0,0.778082303705198
BASE_x_R1a,4,test,57517,1,0.7402119741922059
BASE_x_R1a,4,test,61752,1,0.7964142802601607
BASE_x_R1a,4,test,64928,1,0.5819320609392312
BASE_x_R1a,4,test,66709,0,0.5618020020032627
BASE_x_R1a,4,test,71731,1,0.6008847058560104
BASE_x_R1a,4,test,72035,0,0.7372412775547456
BASE_x_R1a,4,test,88483,1,0.7416671272007046
BASE_x_R1a,4,test,89850,1,0.5137266087727652
BASE_x_R1a,4,test,90339,0,0.7624215991402314
BASE_x_R1a,4,test,95082,1,0.8048420320393257
BASE_x_R1a,4,test,96825,1,0.5369710177155493
BASE_x_R1a,4,test,99452,0,0.2865631694807205
BASE_x_R1a,4,test,100851,1,0.6125584101338499
BASE_x_R1a,4,test,101554,1,0.7928463378878213
BASE_x_R1a,4,test,101559,1,0.8195405478760128
BASE_x_R1a,4,test,112047,1,0.5705732396146425
BASE_x_R1a,4,test,126620,0,0.4346351297977323
BASE_x_R1a,4,test,138685,1,0.7699870273767304
BASE_x_R1a,4,test,144703,1,0.7821885435840638
BASE_x_R1a,4,test,154670,1,0.6727803734530692
BASE_x_R1a,4,test,157463,1,0.6742320694175298
BASE_x_R1a,4,test,166451,1,0.5191990562000162
BASE_x_R1a,4,test,167707,1,0.5574103401176488
BASE_x_R1a,4,test,167963,1,0.794293867878682
BASE_x_R1a,4,test,168739,0,0.47792327685926816
BASE_x_R1a,4,test,171896,1,0.7468990921587958
BASE_x_R1a,4,test,173162,0,0.5466926267918061
BASE_x_R1a,4,test,174626,1,0.6992098894224932
BASE_x_R1a,4,test,184874,1,0.6429957142886599
BASE_x_R1a,4,test,184909,0,0.5478466483188094
BASE_x_R1a,4,test,185627,1,0.7665641690389755
BASE_x_R1a,4,test,186699,1,0.8757868479613571
BASE_x_R1a,4,test,197089,0,0.39820217136017566
BASE_x_R1a,4,test,199037,1,0.525149869281435
BASE_x_R1a,4,test,210257,0,0.31265026979161353
BASE_x_R1a,4,test,216287,0,0.5073196254117434
BASE_x_R1a,4,test,223585,1,0.5586705835859007
BASE_x_R1a,4,test,227399,0,0.5428853206979732
BASE_x_R1a,4,test,230824,1,0.7700412377195973
BASE_x_R1a,4,test,234696,1,0.49015197507623776
BASE_x_R1a,4,test,237953,1,0.7157368963650892
BASE_x_R1a,4,test,238407,0,0.29454998792649784
BASE_x_R1a,4,test,243108,1,0.761665619843853
BASE_x_R1a,4,test,248666,1,0.6394307853953622
BASE_x_R1a,4,test,253611,0,0.39863727595875226
BASE_x_R1a,4,test,258335,0,0.3603944154826189
BASE_x_R1a,4,test,266656,1,0.304814278421253
BASE_x_R1a,4,test,270608,0,0.5539248899460419
BASE_x_R1a,4,test,271131,1,0.7389515779569273
BASE_x_R1a,4,test,273824,1,0.6457778620416701
BASE_x_R1a,4,test,281433,1,0.8082716151404213
BASE_x_R1a,4,test,297071,1,0.6018242233388399
BASE_x_R1a,4,test,297187,0,0.4853676310405449
BASE_x_R1a,4,test,298561,1,0.7050480188861775
BASE_x_R1a,4,test,300925,1,0.43742473187397424
BASE_x_R1a,4,test,304753,1,0.8316404043433391
BASE_x_R1a,4,test,305034,0,0.0780541491797652
BASE_x_R1a,4,test,308426,1,0.7912092483539991
BASE_x_R1a,4,test,309228,1,0.8953404191447065
BASE_x_R1a,4,test,312582,1,0.640383522700531
BASE_x_R1a,4,test,318640,1,0.7850845243756335
BASE_x_R1a,4,test,323320,0,0.4603876413496637
BASE_x_R1a,4,test,327943,1,0.6904168489060861
BASE_x_R1a,4,test,330603,1,0.7876904359290604
BASE_x_R1a,4,test,332529,1,0.4363963753655803
BASE_x_R1a,4,test,334140,1,0.5659516784899412
BASE_x_R1a,4,test,335955,1,0.4523265172464339
BASE_x_R1a,4,test,339225,0,0.12154599583644908
BASE_x_R1a,4,test,345832,0,0.5214486925105057
BASE_x_R1a,4,test,347257,1,0.47919312396335717
BASE_x_R1a,4,test,348589,1,0.6893136412393663
BASE_x_R1a,4,test,359330,0,0.11388929034328191
BASE_x_R1a,4,test,361916,1,0.7790450787788045
BASE_x_R1a,4,test,366082,1,0.6321297254394609
BASE_x_R1a,4,test,367686,0,0.8097794409708022
BASE_x_R1a,4,test,367930,1,0.5448983280743831
BASE_x_R1a,4,test,375005,0,0.7498071190880657
BASE_x_R1a,4,test,378412,1,0.5431702846767187
BASE_x_R1a,4,test,380225,1,0.8080301164958185
BASE_x_R1a,4,test,391348,0,0.7917961433375897
BASE_x_R1a,4,test,397648,1,0.751321325251904
BASE_x_R1a,4,test,398295,0,0.28885935650367844
BASE_x_R1a,4,test,398520,1,0.84898660760768
BASE_x_R1a,4,test,399013,1,0.678059477615707
BASE_x_R1a,4,test,400416,0,0.5409455583801804
BASE_x_R1a,4,test,402051,0,0.38802409082749023
BASE_x_R1a,4,test,406676,1,0.5588904734356208
BASE_x_R1a,4,test,408105,0,0.6018744234273715
BASE_x_R1a,4,test,408486,1,0.885801513903002
BASE_x_R1a,4,test,413865,1,0.7303794395159369
BASE_x_R1a,4,test,417265,0,0.26565169569536823
BASE_x_R1a,4,test,420351,1,0.4474114604720596
BASE_x_R1a,4,test,421437,0,0.25411115037522536
BASE_x_R1a,4,test,422674,1,0.5003182560261756
BASE_x_R1a,4,test,424946,0,0.2137033159181389
BASE_x_R1a,4,test,431921,0,0.5153272186617599
BASE_x_R1a,4,test,432540,1,0.3767022653649992
BASE_x_R1a,4,test,433233,1,0.3961922423689366
BASE_x_R1a,4,test,435249,1,0.8186254282083313
BASE_x_R1a,4,test,439090,1,0.27920716949661717
BASE_x_R1a,4,test,444030,1,0.5982064007911919
BASE_x_R1a,4,test,448329,1,0.6700324518626126
BASE_x_R1a,4,test,455395,1,0.801891650637517
BASE_x_R1a,4,test,456869,1,0.5190420872755764
BASE_x_R1a,4,test,457834,1,0.8420399733487309
BASE_x_R1a,4,test,460422,1,0.3069122885127217
BASE_x_R1a,4,test,461519,1,0.5289071531357699
BASE_x_R1a,4,test,466437,1,0.7691561502647944
BASE_x_R1a,4,test,474221,0,0.7637105869995539
BASE_x_R1a,4,test,476977,1,0.6180789839148786
BASE_x_R1a,4,test,477779,1,0.6895780476200554
BASE_x_R1a,4,test,480598,1,0.529666063800911
BASE_x_R1a,4,test,486892,0,0.5048377899140795
BASE_x_R1a,4,test,487378,0,0.42986741509162046
BASE_x_R1a,4,test,494011,1,0.6093887185094893
BASE_x_R1a,4,test,496270,1,0.5692960569448379
BASE_x_R1a,4,test,502585,0,0.35055473027771633
BASE_x_R1a,4,test,508867,1,0.46362326920524183
BASE_x_R1a,4,test,513568,0,0.3294031204186459
BASE_x_R1a,4,test,513966,0,0.6078791295587352
BASE_x_R1a,4,test,517250,1,0.4693295800955737
BASE_x_R1a,4,test,523694,0,0.2260074711238838
BASE_x_R1a,4,test,524155,0,0.7411967142265117
BASE_x_R1a,4,test,531104,1,0.8738787233055537
BASE_x_R1a,4,test,531193,0,0.23961959799705718
BASE_x_R1a,4,test,542282,1,0.5347328305755376
BASE_x_R1a,4,test,550892,1,0.6631976544952473
BASE_x_R1a,4,test,554960,0,0.3663440240397665
BASE_x_R1a,4,test,556177,0,0.4974070914287016
BASE_x_R1a,4,test,563033,0,0.7022581806659667
BASE_x_R1a,4,test,567390,0,0.7818247962672104
BASE_x_R1a,4,test,570049,1,0.7909397291393254
BASE_x_R1a,4,test,571812,1,0.7921991724959233
BASE_x_R1a,4,test,573425,1,0.5335092425581339
BASE_x_R1a,4,test,575773,1,0.53960389223147
BASE_x_R1a,4,test,586109,0,0.5161658853739581
BASE_x_R1a,4,test,592121,0,0.28596447028880223
BASE_x_R1a,4,test,592548,0,0.6611488377826074
BASE_x_R1a,4,test,593504,1,0.8028480603418784
BASE_x_R1a,4,test,596841,1,0.7178761754060864
BASE_x_R1a,4,test,597579,1,0.5216415782624017
BASE_x_R1a,4,test,599359,1,0.8299234142246718
BASE_x_R1a,4,test,605762,0,0.3452623898190223
BASE_x_R1a,4,test,611309,0,0.7082553533468315
BASE_x_R1a,4,test,612154,0,0.20169173034663213
BASE_x_R1a,4,test,613228,0,0.4991962356555778
BASE_x_R1a,4,test,613523,0,0.32126211831760754
BASE_x_R1a,4,test,615384,1,0.5504540417455704
BASE_x_R1a,4,test,615631,1,0.5667821460466781
BASE_x_R1a,4,test,623491,0,0.38304678605190096
BASE_x_R1a,4,test,624010,0,0.23856402682836703
BASE_x_R1a,4,test,628861,1,0.6527460893541224
BASE_x_R1a,4,test,642558,1,0.5920209748516312
BASE_x_R1a,4,test,648107,1,0.7009464818745478
BASE_x_R1a,4,test,649217,1,0.8328939709460164
BASE_x_R1a,4,test,651758,1,0.4542779221007543
BASE_x_R1a,4,test,656138,1,0.613368881026561
BASE_x_R1a,4,test,661193,0,0.6920358746654672
BASE_x_R1a,4,test,663130,1,0.5665452091878218
BASE_x_R1a,4,test,665050,1,0.5304668465203509
BASE_x_R1a,4,test,669723,1,0.5350841900395026
BASE_x_R1a,4,test,671576,0,0.3014442482282443
BASE_x_R1a,4,test,671705,1,0.3135652767382336
BASE_x_R1a,4,test,675115,1,0.8514944254037533
BASE_x_R1a,4,test,675660,0,0.25450795783181873
BASE_x_R1a,4,test,680266,0,0.5604759999282904
BASE_x_R1a,4,test,681852,1,0.5530069997650062
BASE_x_R1a,4,test,683148,1,0.6300940565178211
BASE_x_R1a,4,test,689380,1,0.4422477577518111
BASE_x_R1a,4,test,692458,1,0.5620974533137439
BASE_x_R1a,4,test,695588,1,0.6532044916878544
BASE_x_R1a,4,test,697446,0,0.4225064121064312
BASE_x_R1a,4,test,704317,0,0.5964105582654051
BASE_x_R1a,4,test,706908,0,0.6640963231339719
BASE_x_R1a,4,test,707482,1,0.7988461018509834
BASE_x_R1a,4,test,711245,1,0.7874424868668349
BASE_x_R1a,4,test,711727,1,0.5336649116003258
BASE_x_R1a,4,test,713883,1,0.33607618199524053
BASE_x_R1a,4,test,715113,1,0.7710198344037508
BASE_x_R1a,4,test,719050,0,0.2696965510233799
BASE_x_R1a,4,test,719225,1,0.7143598673762419
BASE_x_R1a,4,test,723474,0,0.5117358323857146
BASE_x_R1a,4,test,727266,1,0.5891062765091994
BASE_x_R1a,4,test,734224,0,0.4646423505560237
BASE_x_R1a,4,test,747568,1,0.4451335904031209
BASE_x_R1a,4,test,747710,0,0.6845074730751678
BASE_x_R1a,4,test,748105,0,0.6055408123807261
BASE_x_R1a,4,test,750827,0,0.6265918107475806
BASE_x_R1a,4,test,755156,1,0.5334837929016429
BASE_x_R1a,4,test,755914,1,0.8150535098092339
BASE_x_R1a,4,test,757383,0,0.43656710573178953
BASE_x_R1a,4,test,759548,1,0.8772446124750717
BASE_x_R1a,4,test,761233,1,0.6313293577944981
BASE_x_R1a,4,test,764119,1,0.29025969815691094
BASE_x_R1a,4,test,765954,0,0.34901941397037267
BASE_x_R1a,4,test,766763,1,0.5890219270934636
BASE_x_R1a,4,test,767066,1,0.5503450757677534
BASE_x_R1a,4,test,777118,1,0.66185361958796
BASE_x_R1a,4,test,778073,1,0.3034963021074281
BASE_x_R1a,4,test,783735,1,0.5596720738276673
BASE_x_R1a,4,test,783814,0,0.6480472298355145
BASE_x_R1a,4,test,784920,1,0.8258696529499067
BASE_x_R1a,4,test,789093,0,0.7049992825507381
BASE_x_R1a,4,test,794054,0,0.367787042148322
BASE_x_R1a,4,test,807819,1,0.65386493037607
BASE_x_R1a,4,test,813769,0,0.44358099524435546
BASE_x_R1a,4,test,828427,0,0.3436433904321282
BASE_x_R1a,4,test,840916,0,0.38509671871115453
BASE_x_R1a,4,test,841534,0,0.17307566199742008
BASE_x_R1a,4,test,848998,0,0.621267317774539
BASE_x_R1a,4,test,854069,1,0.4644412446853905
BASE_x_R1a,4,test,865733,1,0.4606463661955301
BASE_x_R1a,4,test,866317,1,0.8951989297974048
BASE_x_R1a,4,test,868368,1,0.4435224144687938
BASE_x_R1a,4,test,882948,1,0.5305415848681359
BASE_x_R1a,4,test,883804,1,0.509827320192244
BASE_x_R1a,4,test,888443,0,0.17534502675020136
BASE_x_R1a,4,test,894357,0,0.5200296863221434
BASE_x_R1a,4,test,894409,1,0.6807575619288745
BASE_x_R1a,4,test,896596,1,0.6720316632915622
BASE_x_R1a,4,test,900750,1,0.7893139600667256
BASE_x_R1a,4,test,924232,0,0.5935039770239573
BASE_x_R1a,4,test,934409,0,0.5222550097654673
BASE_x_R1a,4,test,940103,0,0.44663303610632565
BASE_x_R1a,4,test,941393,0,0.49951282849295703
BASE_x_R1a,4,test,944965,1,0.8098856042221627
BASE_x_R1a,4,test,951465,0,0.5545301813581601
BASE_x_R1a,4,test,951654,0,0.5035802171381273
BASE_x_R1a,4,test,952824,1,0.5325701039124657
BASE_x_R1a,4,test,953656,0,0.7884432993643776
BASE_x_R1a,4,test,954440,1,0.4124696485736795
BASE_x_R1a,4,test,955753,1,0.630806994611244
BASE_x_R1a,4,test,959155,0,0.45604855016219825
BASE_x_R1a,4,test,959229,1,0.6191468637044961
BASE_x_R1a,4,test,962660,1,0.6654407555598486
BASE_x_R1a,4,test,966701,0,0.7942236721042616
BASE_x_R1a,4,test,967064,1,0.5273864774652325
BASE_x_R1a,4,test,972697,0,0.2986764621048836
BASE_x_R1a,4,test,972950,1,0.7578646435665162
BASE_x_R1a,4,test,975086,1,0.8633997188044025
BASE_x_R1a,4,test,977714,1,0.7586144542954694
BASE_x_R1a,4,test,982055,0,0.523597396807901
BASE_x_R1a,4,test,983856,1,0.7836404289598164
BASE_x_R1a,4,test,987078,1,0.7431305654557314
BASE_x_R1a,4,test,987657,1,0.3605788664652092
BASE_x_R1a,4,test,987661,1,0.4783794269850869
BASE_x_R1a,4,test,987997,1,0.5859918284207388
BASE_x_R1a,4,test,988590,1,0.3494530299806939
BASE_x_R1a,4,test,990392,1,0.5372023706822195
BASE_x_R1a,4,test,991060,1,0.8811587682087648
BASE_x_R1a,4,test,991829,1,0.614975530268714
BASE_x_R1a,4,test,992457,1,0.6130492578383887
BASE_x_R1a,4,test,994889,0,0.7004638267391441
BASE_x_R1a,4,test,994895,1,0.8718631248308708
BASE_x_R1a,4,test,995382,0,0.3516015712653035
BASE_x_R1a,4,test,997176,0,0.17916735879795107
BASE_x_R1a,4,test,997827,1,0.8362538454277003
BASE_x_R1a,4,test,1000449,1,0.7530648600036443
BASE_x_R1a,4,test,1002249,1,0.9007244936358864
BASE_x_R1a,4,test,1005171,1,0.673904907236509
BASE_x_R1a,4,test,1006489,0,0.280046736601157
BASE_x_R1a,4,test,1007601,1,0.5696337079519282
BASE_x_R1a,4,test,1012321,1,0.509497446644278
BASE_x_R1a,4,test,1027441,1,0.5859853153395213
BASE_x_R1a,4,test,1029373,1,0.5848831590489187
BASE_x_R1a,4,test,1040848,0,0.5582221119010694
BASE_x_R1a,4,test,1049886,1,0.8693104806324357
BASE_x_R1a,4,test,1058939,1,0.44232384425680993
BASE_x_R1a,4,test,1060429,0,0.33893521338033245
BASE_x_R1a,4,test,1061350,0,0.44711989547608993
BASE_x_R1a,4,test,1064130,1,0.6077683229503767
BASE_x_R1a,4,test,1065288,0,0.4866092847430197
BASE_x_R1a,4,test,1066534,1,0.24869884056015798
BASE_x_R1a,4,test,1067011,1,0.5171673068731991
BASE_x_R1a,4,test,1067406,1,0.4457017717269576
BASE_x_R1a,4,test,1067592,1,0.6791418528834915
BASE_x_R1a,4,test,1072850,1,0.7951425975354564
BASE_x_R1a,4,test,1074618,1,0.6151779019206784
BASE_x_R1a,4,test,1075228,1,0.6817047364869012
BASE_x_R1a,4,test,1077187,1,0.8063933995476813
BASE_x_R1a,4,test,1077371,0,0.2707796785520305
BASE_x_R1a,4,test,1078604,1,0.6627001362392779
BASE_x_R1a,4,test,1078893,0,0.4088212392224538
BASE_x_R1a,4,test,1082987,0,0.4520740284042774
BASE_x_R1a,4,test,1084267,1,0.7247338306068588
BASE_x_R1a,4,test,1086129,1,0.5690980146345421
BASE_x_R1a,4,test,1086243,1,0.7379294526988004
BASE_x_R1a,4,test,1086530,1,0.8984708314042668
BASE_x_R1a,4,test,1086850,0,0.5264975825629705
BASE_x_R1a,4,test,1087295,1,0.34578888265381
BASE_x_R1a,4,test,1087796,0,0.5663623799060219
BASE_x_R1a,4,test,1087797,1,0.8922863886343347
BASE_x_R1a,4,test,1088105,1,0.5977326820719306
BASE_x_R1a,4,test,1088555,0,0.40908120968569806
BASE_x_R1a,4,test,1090388,1,0.8693089210932468
BASE_x_R1a,4,test,1091343,0,0.5137903980086608
BASE_x_R1a,4,test,1091748,1,0.6333316100585568
BASE_x_R1a,4,test,1092848,1,0.6955381564257795
BASE_x_R1a,4,test,1094060,1,0.6822790469716794
BASE_x_R1a,4,test,1094259,1,0.562109677973774
BASE_x_R1a,4,test,1094919,1,0.6950516359184143
BASE_x_R1a,4,test,1095404,1,0.6893484509643965
BASE_x_R1a,4,test,1095476,1,0.2874880151686099
BASE_x_R1a,4,test,1095940,1,0.8312795620236222
BASE_x_R1a,4,test,1097324,1,0.4993741805709347
BASE_x_R1a,4,test,1098075,1,0.6638539597924019
BASE_x_R1a,4,test,1098420,0,0.3243333295741785
BASE_x_R1a,4,test,1098886,1,0.7231417185402438
BASE_x_R1a,4,test,1099178,1,0.8304606808341711
BASE_x_R1a,4,test,1101157,1,0.7477127415204491
BASE_x_R1a,4,test,1101522,0,0.5173138045900112
BASE_x_R1a,4,test,1102856,1,0.28970027559237965
BASE_x_R1a,4,test,1102873,1,0.6698127474448683
BASE_x_R1a,4,test,1104405,1,0.8263192368428505
BASE_x_R1a,4,test,1104438,1,0.622312822000155
BASE_x_R1a,4,test,1104592,1,0.6092312371022515
BASE_x_R1a,4,test,1104798,0,0.4852439444087636
BASE_x_R1a,4,test,1105176,1,0.6408612862305716
BASE_x_R1a,4,test,1105198,0,0.30874716992088014
BASE_x_R1a,4,test,1105241,0,0.4906243159639028
BASE_x_R1a,4,test,1105431,1,0.6627764637397227
BASE_x_R1a,4,test,1105614,0,0.16031022882986104
BASE_x_R1a,4,test,1105837,1,0.5667521766785755
BASE_x_R1a,4,test,1105904,0,0.6176751169872943
BASE_x_R1a,4,test,1107291,0,0.3208985097366
BASE_x_R1a,4,test,1108050,1,0.7753584552697695
BASE_x_R1a,4,test,1109275,1,0.8398971014001333
BASE_x_R1a,4,test,1109411,0,0.5888801995775114
BASE_x_R1a,4,test,1109765,1,0.5781006758756112
BASE_x_R1a,4,test,1110962,0,0.36091770619092656
BASE_x_R1a,4,test,1111123,1,0.4401280287660116
BASE_x_R1a,4,test,1112876,1,0.5511179908318639
BASE_x_R1a,4,test,1113155,0,0.4240996815626149
BASE_x_R1a,4,test,1113237,1,0.9668409636012342
BASE_x_R1a,4,test,1113606,1,0.8621470332315192
BASE_x_R1a,4,test,1113857,0,0.6528227446262665
BASE_x_R1a,4,test,1114319,0,0.5016450892122823
BASE_x_R1a,4,test,1114801,0,0.7810265514584758
BASE_x_R1a,4,test,1115212,1,0.6203066194008778
BASE_x_R1a,4,test,1115247,0,0.6574432690992229
BASE_x_R1a,4,test,1115322,1,0.7592403343199701
BASE_x_R1a,4,test,1116440,0,0.233248097946019
BASE_x_R1a,4,test,1116790,0,0.8301710175014521
BASE_x_R1a,4,test,1116860,1,0.8054417562711051
BASE_x_R1a,4,test,1116926,1,0.7466974604650046
BASE_x_R1a,4,test,1117063,0,0.3578623363132094
BASE_x_R1a,4,test,1117243,1,0.7699970034320603
BASE_x_R1a,4,test,1117701,1,0.7157701119274398
BASE_x_R1a,4,test,1117951,1,0.5684277182753605
BASE_x_R1a,4,test,1118436,1,0.8569117938272476
BASE_x_R1a,4,test,1118511,1,0.6602897311455905
BASE_x_R1a,4,test,1119654,1,0.8693218457757916
BASE_x_R1a,4,test,1120325,1,0.8398367730843355
BASE_x_R1a,4,test,1120645,0,0.33921167454217505
BASE_x_R1a,4,test,1120692,1,0.8008064755791245
BASE_x_R1a,4,test,1121493,0,0.21064253281172862
BASE_x_R1a,4,test,1121559,1,0.7509015377577737
BASE_x_R1a,4,test,1122034,1,0.761625933404935
BASE_x_R1a,4,test,1122057,0,0.2224863783883548
BASE_x_R1a,4,test,1122513,1,0.35262789331694866
BASE_x_R1a,4,test,1122760,0,0.13380573082376856
BASE_x_R1a,4,test,1122888,1,0.6453431179009367
BASE_x_R1a,4,test,1123015,0,0.7467680584351156
BASE_x_R1a,4,test,1123435,1,0.6317531301538353
BASE_x_R1a,4,test,1123536,0,0.35982724078650447
BASE_x_R1a,4,test,1123551,0,0.3376658624103881
BASE_x_R1a,4,test,1123876,0,0.2990478852675847
BASE_x_R1a,4,test,1124034,1,0.41492308899246255
BASE_x_R1a,4,test,1124180,0,0.41634427645193284
BASE_x_R1a,4,test,1124193,0,0.3962408870077755
BASE_x_R1a,4,test,1124330,0,0.6765324853563464
BASE_x_R1a,4,test,1125189,0,0.2795197263463737
BASE_x_R1a,4,test,1125355,1,0.8932108322747347
BASE_x_R1a,4,test,1125442,1,0.9094548065019081
BASE_x_R1a,4,test,1125471,1,0.6317944073647425
BASE_x_R1a,4,test,1125785,1,0.7426223977812713
BASE_x_R1a,4,test,1126146,0,0.28577899914436383
BASE_x_R1a,4,test,1126628,1,0.8409908439377796
BASE_x_R1a,4,test,1127812,1,0.6160008391051862
BASE_x_R1a,4,test,1129029,0,0.31056177760283415
BASE_x_R1a,4,test,1129131,0,0.16197809463744461
BASE_x_R1a,4,test,1129979,1,0.6542260677724928
BASE_x_R1a,4,test,1130530,0,0.6763152282192155
BASE_x_R1a,4,test,1130756,1,0.8123174216396233
BASE_x_R1a,4,test,1132760,0,0.5779679706696789
BASE_x_R1a,4,test,1133607,1,0.8343478904767909
BASE_x_R1a,4,test,1134347,0,0.3173315709953116
BASE_x_R1a,4,test,1134518,0,0.41910476245570805
BASE_x_R1a,4,test,1134643,1,0.8724775868917901
BASE_x_R1a,4,test,1134921,1,0.7688174131174043
BASE_x_R1a,4,test,1134927,1,0.6836073378402352
BASE_x_R1a,4,test,1136675,1,0.5151494446548075
BASE_x_R1a,4,test,1136790,1,0.5111312404779251
BASE_x_R1a,4,test,1136917,1,0.5553993715530933
BASE_x_R1a,4,test,1137818,1,0.2234486821678117
BASE_x_R1a,4,test,1138321,1,0.6300801082262444
BASE_x_R1a,4,test,1139409,1,0.8693284634292066
BASE_x_R1a,4,test,1139884,1,0.39988529598227324
BASE_x_R1a,4,test,1140316,1,0.8711410593275264
BASE_x_R1a,4,test,1142514,0,0.43994098900991124
BASE_x_R1a,4,test,1142632,0,0.6689272750806942
BASE_x_R1a,4,test,1142753,1,0.7871261258798669
BASE_x_R1a,4,test,1142803,1,0.7903559544191496
BASE_x_R1a,4,test,1143657,1,0.4982526898263248
BASE_x_R1a,4,test,1144147,0,0.5685716004680859
BASE_x_R1a,4,test,1144322,1,0.7616334649995968
BASE_x_R1a,4,test,1144488,1,0.6876841529820991
BASE_x_R1a,4,test,1145207,0,0.5135284934079024
BASE_x_R1a,4,test,1145284,1,0.8408003271915335
BASE_x_R1a,4,test,1146369,1,0.9123998907461752
BASE_x_R1a,4,test,1146584,1,0.744019360054301
BASE_x_R1a,4,test,1146616,0,0.4788886746901092
BASE_x_R1a,4,test,1146697,1,0.7390783925362017
BASE_x_R1a,4,test,1146848,1,0.5221152371890831
BASE_x_R1a,4,test,1147012,0,0.6313475928110909
BASE_x_R1a,4,test,1147171,0,0.4596439619652975
BASE_x_R1a,4,test,1147302,0,0.450872334224441
BASE_x_R1a,4,test,1148113,1,0.3077938594792063
BASE_x_R1a,4,test,1148116,1,0.6858702182499727
BASE_x_R1a,4,test,1148359,1,0.7498692114345553
BASE_x_R1a,4,test,1149501,0,0.6236637498835879
BASE_x_R1a,4,test,1149712,0,0.49695981774397735
BASE_x_R1a,4,test,1149910,1,0.6321248759027892
BASE_x_R1a,4,test,1149946,1,0.5763566148894688
BASE_x_R1a,4,test,1150217,1,0.6527118765432013
BASE_x_R1a,4,test,1150295,1,0.947279633556805
BASE_x_R1a,4,test,1151052,0,0.34459154706209455
BASE_x_R1a,4,test,1151583,1,0.18083441958687604
BASE_x_R1a,4,test,1151827,1,0.8176786648438038
BASE_x_R1a,4,test,1151929,1,0.7265245638415171
BASE_x_R1a,4,test,1152408,0,0.48473994252448677
BASE_x_R1a,4,test,1152708,1,0.5478494399139654
BASE_x_R1a,4,test,1152732,1,0.31527066839612816
BASE_x_R1a,4,test,1152739,0,0.524191978979188
BASE_x_R1a,4,test,1152979,1,0.2109137446951111
BASE_x_R1a,4,test,1153773,1,0.6666596594323032
BASE_x_R1a,4,test,1156634,1,0.8050894078576326
BASE_x_R1a,4,test,1156690,0,0.30481053249021506
BASE_x_R1a,4,test,1156786,1,0.3268051715303762
BASE_x_R1a,4,test,1157000,1,0.6405122561860834
BASE_x_R1a,4,test,1157181,1,0.716203995815738
BASE_x_R1a,4,test,1157238,0,0.5170796103098173
BASE_x_R1a,4,test,1206184,1,0.33838207746859
BASE_x_R1a,4,test,1206667,0,0.7841987781103812
BASE_x_R1a,4,test,1206714,1,0.6359321331841005
BASE_x_R1a,4,test,1206867,1,0.6221419801799375
BASE_x_R1a,4,test,1207140,1,0.8539669976942399
BASE_x_R1a,4,test,1207181,0,0.7738244760254935
BASE_x_R1a,4,test,1207585,0,0.2822332367783929
BASE_x_R1a,4,test,1207861,1,0.8590454793688493
BASE_x_R1a,4,test,1208794,1,0.5177277766605762
BASE_x_R1a,4,test,1208880,1,0.8412069892807347
BASE_x_R1a,4,test,1209022,1,0.4783553534218696
BASE_x_R1a,4,test,1209229,0,0.34912229372522646
BASE_x_R1a,4,test,1209502,0,0.44752092956301787
BASE_x_R1a,4,test,1210024,0,0.5166689482749571
BASE_x_R1a,4,test,1210457,1,0.8507100240186797
BASE_x_R1a,4,test,1211001,1,0.7564150431925708
BASE_x_R1a,4,test,1211029,1,0.9243691065252523
BASE_x_R1a,4,test,1211505,1,0.6340908077088281
BASE_x_R1a,4,test,1212403,1,0.7529018461179663
BASE_x_R1a,4,test,1212501,0,0.6131892899554322
BASE_x_R1a,4,test,1213059,1,0.6288901661233858
BASE_x_R1a,4,test,1213071,1,0.5173277381114778
BASE_x_R1a,4,test,1213263,1,0.8175834479617281
BASE_x_R1a,4,test,1214345,1,0.8812098193497908
BASE_x_R1a,4,test,1214832,0,0.5057156896302808
BASE_x_R1a,4,test,1215252,0,0.46382109231440055
BASE_x_R1a,4,test,1215388,0,0.14117140002908754
BASE_x_R1a,4,test,1215443,0,0.4265987596113206
BASE_x_R1a,4,test,1215797,1,0.7549246355029129
BASE_x_R1a,4,test,1216025,0,0.8395052615069472
BASE_x_R1a,4,test,1216293,1,0.49043566823544926
BASE_x_R1a,4,test,1216691,1,0.8364662836098237
BASE_x_R1a,4,test,1216704,1,0.7283351950913708
BASE_x_R1a,4,test,1217110,1,0.579618493609212
BASE_x_R1a,4,test,1217519,1,0.6601784513792722
BASE_x_R1a,4,test,1217635,1,0.7056388625731356
BASE_x_R1a,4,test,1218059,1,0.8219042403214847
BASE_x_R1a,4,test,1218421,1,0.5355806797915337
BASE_x_R1a,4,test,1219099,0,0.543336738183977
BASE_x_R1a,4,test,1219254,0,0.4133805924821413
BASE_x_R1a,4,test,1219597,0,0.546715814256288
BASE_x_R1a,4,test,1219897,1,0.8790907449237614
BASE_x_R1a,4,test,1220426,0,0.45866325749089376
BASE_x_R1a,4,test,1220796,1,0.6161804927192391
BASE_x_R1a,4,test,1220875,0,0.3516196432833105
BASE_x_R1a,4,test,1220940,1,0.7382571773032871
BASE_x_R1a,4,test,1221341,1,0.7031240758814833
BASE_x_R1a,4,test,1221603,1,0.6078404560021847
BASE_x_R1a,4,test,1221892,1,0.8468580597720303
BASE_x_R1a,4,test,1222069,1,0.7711173905338995
BASE_x_R1a,4,test,1222110,1,0.9445342244590974
BASE_x_R1a,4,test,1223289,0,0.2310404152402864
BASE_x_R1a,4,test,1223328,1,0.30929707406514906
BASE_x_R1a,4,test,1223568,1,0.768198910104219
BASE_x_R1a,4,test,1223585,1,0.6203345035499034
BASE_x_R1a,4,test,1223681,1,0.39239571750195473
BASE_x_R1a,4,test,1223796,1,0.6078815463836139
BASE_x_R1a,4,test,1224094,0,0.21768997711009752
BASE_x_R1a,4,test,1224536,1,0.6456270253996164
BASE_x_R1a,4,test,1225309,1,0.6444717918581965
BASE_x_R1a,4,test,1225500,0,0.5640770030637741
BASE_x_R1a,4,test,1225605,0,0.70449286392487
BASE_x_R1a,4,test,1225648,0,0.6679920170482362
BASE_x_R1a,4,test,1226588,1,0.7994336561571331
BASE_x_R1a,4,test,1226981,0,0.3602995171206144
BASE_x_R1a,4,test,1227061,1,0.28009853940240825
BASE_x_R1a,4,test,1227192,1,0.5912382535815798
BASE_x_R1a,4,test,1227765,1,0.8340171126813785
BASE_x_R1a,4,test,1228018,1,0.5739256266380866
BASE_x_R1a,4,test,1228461,1,0.9523155060649731
BASE_x_R1a,4,test,1228888,1,0.5898211813858905
BASE_x_R1a,4,test,1229806,0,0.40273691135953643
BASE_x_R1a,4,test,1229837,0,0.46614224404780685
BASE_x_R1a,4,test,1230051,1,0.6895837720318216
BASE_x_R1a,4,test,1230259,1,0.5346823455528793
BASE_x_R1a,4,test,1230810,1,0.3627076931955257
BASE_x_R1a,4,test,1231250,1,0.6399004040936869
BASE_x_R1a,4,test,1231276,1,0.6443525392467387
BASE_x_R1a,4,test,1232099,0,0.5419137723192895
BASE_x_R1a,4,test,1232127,1,0.707624981996859
BASE_x_R1a,4,test,1232188,1,0.6287177127693582
BASE_x_R1a,4,test,1232296,1,0.6255870786271565
BASE_x_R1a,4,test,1232478,1,0.813247194251066
BASE_x_R1a,4,test,1233140,1,0.34240379362829776
BASE_x_R1a,4,test,1233643,1,0.4733300559590656
BASE_x_R1a,4,test,1234219,1,0.4686754072166692
BASE_x_R1a,4,test,1235217,0,0.6736159382393666
BASE_x_R1a,4,test,1235236,1,0.5052952579328931
BASE_x_R1a,4,test,1235597,1,0.504611613442916
BASE_x_R1a,4,test,1235891,1,0.7749864494225446
BASE_x_R1a,4,test,1236083,0,0.42887321730468886
BASE_x_R1a,4,test,1237033,1,0.42172934229852244
BASE_x_R1a,4,test,1237390,1,0.6443553721456686
BASE_x_R1a,4,test,1237491,1,0.8758753555763841
BASE_x_R1a,4,test,1237647,0,0.39215691880156944
BASE_x_R1a,4,test,1237842,1,0.6879091555192224
BASE_x_R1a,4,test,1238174,1,0.6763662757578985
BASE_x_R1a,4,test,1238215,1,0.8480345615805672
BASE_x_R1a,4,test,1238348,0,0.6233503677160563
BASE_x_R1a,4,test,1238443,0,0.7588937050773147
BASE_x_R1a,4,test,1238583,0,0.5962677675771109
BASE_x_R1a,4,test,1238867,1,0.5605287574252124
BASE_x_R1a,4,test,1239212,0,0.2390046730088959
BASE_x_R1a,4,test,1239224,1,0.4072546199433177
BASE_x_R1a,4,test,1239597,1,0.591098403313278
BASE_x_R1a,4,test,1240131,1,0.7185911009374383
BASE_x_R1a,4,test,1240588,1,0.7521918483611553
BASE_x_R1a,4,test,1240769,0,0.6818357055118544
BASE_x_R1a,4,test,1241104,0,0.48333974514321704
BASE_x_R1a,4,test,1241185,0,0.1598454952832272
BASE_x_R1a,4,test,1241289,0,0.40243637171973956
BASE_x_R1a,4,test,1241453,0,0.5139520737946369
BASE_x_R1a,4,test,1242135,0,0.3777036804669028
BASE_x_R1a,4,test,1242501,1,0.5927986144104317
BASE_x_R1a,4,test,1242667,0,0.39932479897460454
BASE_x_R1a,4,test,1243686,1,0.43555528811853506
BASE_x_R1a,4,test,1243802,0,0.796460374882165
BASE_x_R1a,4,test,1243992,1,0.6730065962967998
BASE_x_R1a,4,test,1244163,0,0.7226537907278476
BASE_x_R1a,4,test,1244606,1,0.5200200693754548
BASE_x_R1a,4,test,1244831,1,0.24409511380034782
BASE_x_R1a_resid,4,test,15488,1,0.7607759939837596
BASE_x_R1a_resid,4,test,22854,1,0.33859163662170594
BASE_x_R1a_resid,4,test,33645,0,0.3737697347241484
BASE_x_R1a_resid,4,test,34428,0,0.5234561965072451
BASE_x_R1a_resid,4,test,36502,0,0.28102936342261253
BASE_x_R1a_resid,4,test,41002,1,0.674726590565826
BASE_x_R1a_resid,4,test,50696,1,0.5509119216005374
BASE_x_R1a_resid,4,test,52327,1,0.853102472744169
BASE_x_R1a_resid,4,test,52433,1,0.738078433655132
BASE_x_R1a_resid,4,test,56524,0,0.7656752584261908
BASE_x_R1a_resid,4,test,57517,1,0.7534271553972158
BASE_x_R1a_resid,4,test,61752,1,0.7227312262477011
BASE_x_R1a_resid,4,test,64928,1,0.5442862652201191
BASE_x_R1a_resid,4,test,66709,0,0.5507259218980669
BASE_x_R1a_resid,4,test,71731,1,0.6910611320919539
BASE_x_R1a_resid,4,test,72035,0,0.8036225345699687
BASE_x_R1a_resid,4,test,88483,1,0.701302064652519
BASE_x_R1a_resid,4,test,89850,1,0.532554217262114
BASE_x_R1a_resid,4,test,90339,0,0.7963908043084583
BASE_x_R1a_resid,4,test,95082,1,0.8431316931145877
BASE_x_R1a_resid,4,test,96825,1,0.5442338347566156
BASE_x_R1a_resid,4,test,99452,0,0.304033891236974
BASE_x_R1a_resid,4,test,100851,1,0.6387013989766792
BASE_x_R1a_resid,4,test,101554,1,0.7488510868712736
BASE_x_R1a_resid,4,test,101559,1,0.8107990266086614
BASE_x_R1a_resid,4,test,112047,1,0.6527936522965515
BASE_x_R1a_resid,4,test,126620,0,0.40995058238766646
BASE_x_R1a_resid,4,test,138685,1,0.7435932665005273
BASE_x_R1a_resid,4,test,144703,1,0.7355972613189686
BASE_x_R1a_resid,4,test,154670,1,0.7761076479660276
BASE_x_R1a_resid,4,test,157463,1,0.6527139673693924
BASE_x_R1a_resid,4,test,166451,1,0.5754995139076994
BASE_x_R1a_resid,4,test,167707,1,0.5192373444959355
BASE_x_R1a_resid,4,test,167963,1,0.7908142932776664
BASE_x_R1a_resid,4,test,168739,0,0.4935310113581439
BASE_x_R1a_resid,4,test,171896,1,0.7785675158270229
BASE_x_R1a_resid,4,test,173162,0,0.6380477665707738
BASE_x_R1a_resid,4,test,174626,1,0.6689398433068793
BASE_x_R1a_resid,4,test,184874,1,0.6471959314154678
BASE_x_R1a_resid,4,test,184909,0,0.515884413758218
BASE_x_R1a_resid,4,test,185627,1,0.6600089697758473
BASE_x_R1a_resid,4,test,186699,1,0.8452042816235499
BASE_x_R1a_resid,4,test,197089,0,0.37271164575968124
BASE_x_R1a_resid,4,test,199037,1,0.4910468508695666
BASE_x_R1a_resid,4,test,210257,0,0.3438178456004177
BASE_x_R1a_resid,4,test,216287,0,0.46359138662343086
BASE_x_R1a_resid,4,test,223585,1,0.4849637566897935
BASE_x_R1a_resid,4,test,227399,0,0.5212547281819871
BASE_x_R1a_resid,4,test,230824,1,0.750837451770489
BASE_x_R1a_resid,4,test,234696,1,0.47475816406095617
BASE_x_R1a_resid,4,test,237953,1,0.6372956393636692
BASE_x_R1a_resid,4,test,238407,0,0.2951295246894803
BASE_x_R1a_resid,4,test,243108,1,0.736296638485305
BASE_x_R1a_resid,4,test,248666,1,0.7242605188511655
BASE_x_R1a_resid,4,test,253611,0,0.32900999364907724
BASE_x_R1a_resid,4,test,258335,0,0.39824928862068126
BASE_x_R1a_resid,4,test,266656,1,0.34294279747747447
BASE_x_R1a_resid,4,test,270608,0,0.5532778165228881
BASE_x_R1a_resid,4,test,271131,1,0.646380914060116
BASE_x_R1a_resid,4,test,273824,1,0.685987487883733
BASE_x_R1a_resid,4,test,281433,1,0.8161147382320558
BASE_x_R1a_resid,4,test,297071,1,0.5251284072112304
BASE_x_R1a_resid,4,test,297187,0,0.5747167529879985
BASE_x_R1a_resid,4,test,298561,1,0.7805316844365354
BASE_x_R1a_resid,4,test,300925,1,0.45509132016076087
BASE_x_R1a_resid,4,test,304753,1,0.7122058218652765
BASE_x_R1a_resid,4,test,305034,0,0.1262486549236743
BASE_x_R1a_resid,4,test,308426,1,0.7313530669381539
BASE_x_R1a_resid,4,test,309228,1,0.8793844027742915
BASE_x_R1a_resid,4,test,312582,1,0.6632760870353321
BASE_x_R1a_resid,4,test,318640,1,0.8005791606814218
BASE_x_R1a_resid,4,test,323320,0,0.4258066993081138
BASE_x_R1a_resid,4,test,327943,1,0.7407040175969098
BASE_x_R1a_resid,4,test,330603,1,0.7689079826993408
BASE_x_R1a_resid,4,test,332529,1,0.46841034128503817
BASE_x_R1a_resid,4,test,334140,1,0.5965221959864807
BASE_x_R1a_resid,4,test,335955,1,0.499740352305181
BASE_x_R1a_resid,4,test,339225,0,0.10084150304676028
BASE_x_R1a_resid,4,test,345832,0,0.4212460489981952
BASE_x_R1a_resid,4,test,347257,1,0.5208340885600414
BASE_x_R1a_resid,4,test,348589,1,0.6888657369962029
BASE_x_R1a_resid,4,test,359330,0,0.10192009037025673
BASE_x_R1a_resid,4,test,361916,1,0.7513596446994297
BASE_x_R1a_resid,4,test,366082,1,0.71155596796847
BASE_x_R1a_resid,4,test,367686,0,0.8274513194279988
BASE_x_R1a_resid,4,test,367930,1,0.576931095626164
BASE_x_R1a_resid,4,test,375005,0,0.7526657981020237
BASE_x_R1a_resid,4,test,378412,1,0.5301569216722837
BASE_x_R1a_resid,4,test,380225,1,0.8436206399539811
BASE_x_R1a_resid,4,test,391348,0,0.7147565544127028
BASE_x_R1a_resid,4,test,397648,1,0.7646311726195514
BASE_x_R1a_resid,4,test,398295,0,0.25192074788141633
BASE_x_R1a_resid,4,test,398520,1,0.8539873837938755
BASE_x_R1a_resid,4,test,399013,1,0.6508562420609931
BASE_x_R1a_resid,4,test,400416,0,0.548911388758336
BASE_x_R1a_resid,4,test,402051,0,0.39784287561706877
BASE_x_R1a_resid,4,test,406676,1,0.4848803259576829
BASE_x_R1a_resid,4,test,408105,0,0.6863322755805744
BASE_x_R1a_resid,4,test,408486,1,0.8772730251790292
BASE_x_R1a_resid,4,test,413865,1,0.6604602909288159
BASE_x_R1a_resid,4,test,417265,0,0.2378421216456066
BASE_x_R1a_resid,4,test,420351,1,0.4586033361606766
BASE_x_R1a_resid,4,test,421437,0,0.28582326667456887
BASE_x_R1a_resid,4,test,422674,1,0.4812858831190757
BASE_x_R1a_resid,4,test,424946,0,0.24920247607336182
BASE_x_R1a_resid,4,test,431921,0,0.4741929134248234
BASE_x_R1a_resid,4,test,432540,1,0.41129142007409547
BASE_x_R1a_resid,4,test,433233,1,0.44169279668187594
BASE_x_R1a_resid,4,test,435249,1,0.8162029214303216
BASE_x_R1a_resid,4,test,439090,1,0.25570754895121744
BASE_x_R1a_resid,4,test,444030,1,0.6286633793131193
BASE_x_R1a_resid,4,test,448329,1,0.6920829529004325
BASE_x_R1a_resid,4,test,455395,1,0.7954036447391204
BASE_x_R1a_resid,4,test,456869,1,0.5585954516330386
BASE_x_R1a_resid,4,test,457834,1,0.8067941036258456
BASE_x_R1a_resid,4,test,460422,1,0.3041593269968873
BASE_x_R1a_resid,4,test,461519,1,0.5434070639005666
BASE_x_R1a_resid,4,test,466437,1,0.7304019412464241
BASE_x_R1a_resid,4,test,474221,0,0.7838052599119968
BASE_x_R1a_resid,4,test,476977,1,0.5854827671872628
BASE_x_R1a_resid,4,test,477779,1,0.6749258092116653
BASE_x_R1a_resid,4,test,480598,1,0.5514701708546117
BASE_x_R1a_resid,4,test,486892,0,0.4829793306643597
BASE_x_R1a_resid,4,test,487378,0,0.4965027422084279
BASE_x_R1a_resid,4,test,494011,1,0.5247307962763029
BASE_x_R1a_resid,4,test,496270,1,0.5834240359621746
BASE_x_R1a_resid,4,test,502585,0,0.42706093153126745
BASE_x_R1a_resid,4,test,508867,1,0.5172832203907095
BASE_x_R1a_resid,4,test,513568,0,0.4062076954002969
BASE_x_R1a_resid,4,test,513966,0,0.6288496713288186
BASE_x_R1a_resid,4,test,517250,1,0.3840926024058793
BASE_x_R1a_resid,4,test,523694,0,0.25165861143907214
BASE_x_R1a_resid,4,test,524155,0,0.7450203062175311
BASE_x_R1a_resid,4,test,531104,1,0.8048184898444545
BASE_x_R1a_resid,4,test,531193,0,0.306479915862428
BASE_x_R1a_resid,4,test,542282,1,0.5732479129227867
BASE_x_R1a_resid,4,test,550892,1,0.6618424913983789
BASE_x_R1a_resid,4,test,554960,0,0.3387878271836487
BASE_x_R1a_resid,4,test,556177,0,0.4113030773628652
BASE_x_R1a_resid,4,test,563033,0,0.7319526233642776
BASE_x_R1a_resid,4,test,567390,0,0.7513068708358067
BASE_x_R1a_resid,4,test,570049,1,0.8036925225081326
BASE_x_R1a_resid,4,test,571812,1,0.8121540110670561
BASE_x_R1a_resid,4,test,573425,1,0.5534028953391812
BASE_x_R1a_resid,4,test,575773,1,0.643963571478141
BASE_x_R1a_resid,4,test,586109,0,0.5919640778226265
BASE_x_R1a_resid,4,test,592121,0,0.2846651752795081
BASE_x_R1a_resid,4,test,592548,0,0.5963846515480634
BASE_x_R1a_resid,4,test,593504,1,0.8001020640455633
BASE_x_R1a_resid,4,test,596841,1,0.7268524123122998
BASE_x_R1a_resid,4,test,597579,1,0.5583408468638482
BASE_x_R1a_resid,4,test,599359,1,0.7523846188492957
BASE_x_R1a_resid,4,test,605762,0,0.30503567268961546
BASE_x_R1a_resid,4,test,611309,0,0.6590423245450303
BASE_x_R1a_resid,4,test,612154,0,0.2353533531036215
BASE_x_R1a_resid,4,test,613228,0,0.47655864721732905
BASE_x_R1a_resid,4,test,613523,0,0.3140842647295639
BASE_x_R1a_resid,4,test,615384,1,0.5969650583766988
BASE_x_R1a_resid,4,test,615631,1,0.5465692611268301
BASE_x_R1a_resid,4,test,623491,0,0.3113354522116726
BASE_x_R1a_resid,4,test,624010,0,0.3116482578450496
BASE_x_R1a_resid,4,test,628861,1,0.6775873831920424
BASE_x_R1a_resid,4,test,642558,1,0.5576352659766494
BASE_x_R1a_resid,4,test,648107,1,0.6868829887551002
BASE_x_R1a_resid,4,test,649217,1,0.8381253304263205
BASE_x_R1a_resid,4,test,651758,1,0.4894770785168939
BASE_x_R1a_resid,4,test,656138,1,0.6434425011234807
BASE_x_R1a_resid,4,test,661193,0,0.6881449556790503
BASE_x_R1a_resid,4,test,663130,1,0.4865512962105413
BASE_x_R1a_resid,4,test,665050,1,0.5209330990527438
BASE_x_R1a_resid,4,test,669723,1,0.48553810374688355
BASE_x_R1a_resid,4,test,671576,0,0.2857664563449865
BASE_x_R1a_resid,4,test,671705,1,0.3577648807959574
BASE_x_R1a_resid,4,test,675115,1,0.84215568735453
BASE_x_R1a_resid,4,test,675660,0,0.27959200761229636
BASE_x_R1a_resid,4,test,680266,0,0.5438800659076619
BASE_x_R1a_resid,4,test,681852,1,0.5122054002914321
BASE_x_R1a_resid,4,test,683148,1,0.6101049143638821
BASE_x_R1a_resid,4,test,689380,1,0.4663196111288417
BASE_x_R1a_resid,4,test,692458,1,0.558510559019091
BASE_x_R1a_resid,4,test,695588,1,0.6152052680933848
BASE_x_R1a_resid,4,test,697446,0,0.44878040279789927
BASE_x_R1a_resid,4,test,704317,0,0.5187008995049042
BASE_x_R1a_resid,4,test,706908,0,0.6934669590431539
BASE_x_R1a_resid,4,test,707482,1,0.7211278148400843
BASE_x_R1a_resid,4,test,711245,1,0.7034234881035375
BASE_x_R1a_resid,4,test,711727,1,0.5869896738161466
BASE_x_R1a_resid,4,test,713883,1,0.36934563546638005
BASE_x_R1a_resid,4,test,715113,1,0.770298471710314
BASE_x_R1a_resid,4,test,719050,0,0.3071001265507298
BASE_x_R1a_resid,4,test,719225,1,0.6957956615489758
BASE_x_R1a_resid,4,test,723474,0,0.46945590188355923
BASE_x_R1a_resid,4,test,727266,1,0.6039895625143918
BASE_x_R1a_resid,4,test,734224,0,0.546362193297532
BASE_x_R1a_resid,4,test,747568,1,0.37546285129896695
BASE_x_R1a_resid,4,test,747710,0,0.6678981903490653
BASE_x_R1a_resid,4,test,748105,0,0.5731377492690786
BASE_x_R1a_resid,4,test,750827,0,0.6113287757803749
BASE_x_R1a_resid,4,test,755156,1,0.5146715831880799
BASE_x_R1a_resid,4,test,755914,1,0.8335335931602791
BASE_x_R1a_resid,4,test,757383,0,0.49148256465344614
BASE_x_R1a_resid,4,test,759548,1,0.8782179824721683
BASE_x_R1a_resid,4,test,761233,1,0.626046309352757
BASE_x_R1a_resid,4,test,764119,1,0.2100386690604059
BASE_x_R1a_resid,4,test,765954,0,0.35880752460459314
BASE_x_R1a_resid,4,test,766763,1,0.6359339418980253
BASE_x_R1a_resid,4,test,767066,1,0.49946836777456566
BASE_x_R1a_resid,4,test,777118,1,0.6673284212725548
BASE_x_R1a_resid,4,test,778073,1,0.38304161216123517
BASE_x_R1a_resid,4,test,783735,1,0.5412088289975412
BASE_x_R1a_resid,4,test,783814,0,0.6370977647930846
BASE_x_R1a_resid,4,test,784920,1,0.8548060135202646
BASE_x_R1a_resid,4,test,789093,0,0.6661422691057759
BASE_x_R1a_resid,4,test,794054,0,0.3553286216487043
BASE_x_R1a_resid,4,test,807819,1,0.545950136839229
BASE_x_R1a_resid,4,test,813769,0,0.4437849841559381
BASE_x_R1a_resid,4,test,828427,0,0.3482651283596195
BASE_x_R1a_resid,4,test,840916,0,0.3219422048839057
BASE_x_R1a_resid,4,test,841534,0,0.24235323172836104
BASE_x_R1a_resid,4,test,848998,0,0.6339095804099959
BASE_x_R1a_resid,4,test,854069,1,0.5336410943475757
BASE_x_R1a_resid,4,test,865733,1,0.39678589270923104
BASE_x_R1a_resid,4,test,866317,1,0.9116369408069344
BASE_x_R1a_resid,4,test,868368,1,0.4870966192741038
BASE_x_R1a_resid,4,test,882948,1,0.520212448862713
BASE_x_R1a_resid,4,test,883804,1,0.5293044257255148
BASE_x_R1a_resid,4,test,888443,0,0.20813763840429045
BASE_x_R1a_resid,4,test,894357,0,0.5768826253672392
BASE_x_R1a_resid,4,test,894409,1,0.6927845792383845
BASE_x_R1a_resid,4,test,896596,1,0.6924842126974368
BASE_x_R1a_resid,4,test,900750,1,0.8111721689632846
BASE_x_R1a_resid,4,test,924232,0,0.5706164305506296
BASE_x_R1a_resid,4,test,934409,0,0.5805747568300195
BASE_x_R1a_resid,4,test,940103,0,0.4666420644339344
BASE_x_R1a_resid,4,test,941393,0,0.5003015628001145
BASE_x_R1a_resid,4,test,944965,1,0.8136233681820108
BASE_x_R1a_resid,4,test,951465,0,0.5447631388455947
BASE_x_R1a_resid,4,test,951654,0,0.5507215732336127
BASE_x_R1a_resid,4,test,952824,1,0.5741150428806345
BASE_x_R1a_resid,4,test,953656,0,0.7714789094866361
BASE_x_R1a_resid,4,test,954440,1,0.399206473409645
BASE_x_R1a_resid,4,test,955753,1,0.6188362214717631
BASE_x_R1a_resid,4,test,959155,0,0.4137290769070781
BASE_x_R1a_resid,4,test,959229,1,0.6052784275359596
BASE_x_R1a_resid,4,test,962660,1,0.6321288800981315
BASE_x_R1a_resid,4,test,966701,0,0.8230853331046099
BASE_x_R1a_resid,4,test,967064,1,0.48206674398006266
BASE_x_R1a_resid,4,test,972697,0,0.29979909698612883
BASE_x_R1a_resid,4,test,972950,1,0.7750129076398293
BASE_x_R1a_resid,4,test,975086,1,0.8451889697654461
BASE_x_R1a_resid,4,test,977714,1,0.7119276001088946
BASE_x_R1a_resid,4,test,982055,0,0.5638502575555153
BASE_x_R1a_resid,4,test,983856,1,0.6837073197757235
BASE_x_R1a_resid,4,test,987078,1,0.7115189860641545
BASE_x_R1a_resid,4,test,987657,1,0.41689252597227805
BASE_x_R1a_resid,4,test,987661,1,0.521801037558951
BASE_x_R1a_resid,4,test,987997,1,0.5511341429357214
BASE_x_R1a_resid,4,test,988590,1,0.5028232207303658
BASE_x_R1a_resid,4,test,990392,1,0.5384551853326167
BASE_x_R1a_resid,4,test,991060,1,0.8603053939396461
BASE_x_R1a_resid,4,test,991829,1,0.6975457570772987
BASE_x_R1a_resid,4,test,992457,1,0.6892450598725769
BASE_x_R1a_resid,4,test,994889,0,0.6877105575173649
BASE_x_R1a_resid,4,test,994895,1,0.8334189393108775
BASE_x_R1a_resid,4,test,995382,0,0.28335566770059273
BASE_x_R1a_resid,4,test,997176,0,0.18254594381151165
BASE_x_R1a_resid,4,test,997827,1,0.8624056714331885
BASE_x_R1a_resid,4,test,1000449,1,0.8031689870263556
BASE_x_R1a_resid,4,test,1002249,1,0.9140417672882982
BASE_x_R1a_resid,4,test,1005171,1,0.7038055943538108
BASE_x_R1a_resid,4,test,1006489,0,0.2666957769649386
BASE_x_R1a_resid,4,test,1007601,1,0.61383554195702
BASE_x_R1a_resid,4,test,1012321,1,0.4929888013706785
BASE_x_R1a_resid,4,test,1027441,1,0.5514275326289784
BASE_x_R1a_resid,4,test,1029373,1,0.5891936974486579
BASE_x_R1a_resid,4,test,1040848,0,0.510092630007368
BASE_x_R1a_resid,4,test,1049886,1,0.8457533314802532
BASE_x_R1a_resid,4,test,1058939,1,0.43094334856155164
BASE_x_R1a_resid,4,test,1060429,0,0.30738118998390773
BASE_x_R1a_resid,4,test,1061350,0,0.4510713118528985
BASE_x_R1a_resid,4,test,1064130,1,0.6677335738720223
BASE_x_R1a_resid,4,test,1065288,0,0.4847837703623594
BASE_x_R1a_resid,4,test,1066534,1,0.35462155175844307
BASE_x_R1a_resid,4,test,1067011,1,0.577527008006236
BASE_x_R1a_resid,4,test,1067406,1,0.42467515139875917
BASE_x_R1a_resid,4,test,1067592,1,0.672201780075461
BASE_x_R1a_resid,4,test,1072850,1,0.8122711251072211
BASE_x_R1a_resid,4,test,1074618,1,0.6313520860984932
BASE_x_R1a_resid,4,test,1075228,1,0.7637011957939225
BASE_x_R1a_resid,4,test,1077187,1,0.80661816514597
BASE_x_R1a_resid,4,test,1077371,0,0.2817146459400436
BASE_x_R1a_resid,4,test,1078604,1,0.6493983116727807
BASE_x_R1a_resid,4,test,1078893,0,0.43349869517895945
BASE_x_R1a_resid,4,test,1082987,0,0.3479410007412463
BASE_x_R1a_resid,4,test,1084267,1,0.7550584638028229
BASE_x_R1a_resid,4,test,1086129,1,0.4937308137675159
BASE_x_R1a_resid,4,test,1086243,1,0.77032794892556
BASE_x_R1a_resid,4,test,1086530,1,0.8909034640032556
BASE_x_R1a_resid,4,test,1086850,0,0.4867155111146693
BASE_x_R1a_resid,4,test,1087295,1,0.28640650001991685
BASE_x_R1a_resid,4,test,1087796,0,0.624616524750768
BASE_x_R1a_resid,4,test,1087797,1,0.8770962170140056
BASE_x_R1a_resid,4,test,1088105,1,0.6479704066357695
BASE_x_R1a_resid,4,test,1088555,0,0.35724572039815355
BASE_x_R1a_resid,4,test,1090388,1,0.8687065118338287
BASE_x_R1a_resid,4,test,1091343,0,0.5031821708733228
BASE_x_R1a_resid,4,test,1091748,1,0.5993355680160999
BASE_x_R1a_resid,4,test,1092848,1,0.7559815285065002
BASE_x_R1a_resid,4,test,1094060,1,0.7093387711078692
BASE_x_R1a_resid,4,test,1094259,1,0.594149405613946
BASE_x_R1a_resid,4,test,1094919,1,0.740632595011817
BASE_x_R1a_resid,4,test,1095404,1,0.7380740232960946
BASE_x_R1a_resid,4,test,1095476,1,0.2740504508289919
BASE_x_R1a_resid,4,test,1095940,1,0.8596491568832824
BASE_x_R1a_resid,4,test,1097324,1,0.4972209444301536
BASE_x_R1a_resid,4,test,1098075,1,0.6468437170769334
BASE_x_R1a_resid,4,test,1098420,0,0.27488702221686345
BASE_x_R1a_resid,4,test,1098886,1,0.6552105519023702
BASE_x_R1a_resid,4,test,1099178,1,0.8112141313293104
BASE_x_R1a_resid,4,test,1101157,1,0.7501750974781051
BASE_x_R1a_resid,4,test,1101522,0,0.5262277936916802
BASE_x_R1a_resid,4,test,1102856,1,0.29051281285882136
BASE_x_R1a_resid,4,test,1102873,1,0.6192883804663685
BASE_x_R1a_resid,4,test,1104405,1,0.801378257382189
BASE_x_R1a_resid,4,test,1104438,1,0.6116726842908906
BASE_x_R1a_resid,4,test,1104592,1,0.6869604125966036
BASE_x_R1a_resid,4,test,1104798,0,0.5702702154726736
BASE_x_R1a_resid,4,test,1105176,1,0.5651183514078645
BASE_x_R1a_resid,4,test,1105198,0,0.35549412426674204
BASE_x_R1a_resid,4,test,1105241,0,0.468768960896522
BASE_x_R1a_resid,4,test,1105431,1,0.6972409039911753
BASE_x_R1a_resid,4,test,1105614,0,0.16577789997971593
BASE_x_R1a_resid,4,test,1105837,1,0.603476757981897
BASE_x_R1a_resid,4,test,1105904,0,0.5821052454997543
BASE_x_R1a_resid,4,test,1107291,0,0.33125045247482093
BASE_x_R1a_resid,4,test,1108050,1,0.7285148547060919
BASE_x_R1a_resid,4,test,1109275,1,0.872200171357001
BASE_x_R1a_resid,4,test,1109411,0,0.5718123131309433
BASE_x_R1a_resid,4,test,1109765,1,0.6616234187187543
BASE_x_R1a_resid,4,test,1110962,0,0.4500513766735984
BASE_x_R1a_resid,4,test,1111123,1,0.3446876198170019
BASE_x_R1a_resid,4,test,1112876,1,0.47206257447673783
BASE_x_R1a_resid,4,test,1113155,0,0.41052678648889923
BASE_x_R1a_resid,4,test,1113237,1,0.9318703937004795
BASE_x_R1a_resid,4,test,1113606,1,0.8518712641397009
BASE_x_R1a_resid,4,test,1113857,0,0.6541592551517061
BASE_x_R1a_resid,4,test,1114319,0,0.5831722809271498
BASE_x_R1a_resid,4,test,1114801,0,0.6835386751426346
BASE_x_R1a_resid,4,test,1115212,1,0.5669944573168401
BASE_x_R1a_resid,4,test,1115247,0,0.6504396788834671
BASE_x_R1a_resid,4,test,1115322,1,0.836219353552378
BASE_x_R1a_resid,4,test,1116440,0,0.20844532371746982
BASE_x_R1a_resid,4,test,1116790,0,0.8306520467651743
BASE_x_R1a_resid,4,test,1116860,1,0.755313178871443
BASE_x_R1a_resid,4,test,1116926,1,0.8070806017371487
BASE_x_R1a_resid,4,test,1117063,0,0.330606223824786
BASE_x_R1a_resid,4,test,1117243,1,0.7783401626570228
BASE_x_R1a_resid,4,test,1117701,1,0.7022620151855267
BASE_x_R1a_resid,4,test,1117951,1,0.4969902000063996
BASE_x_R1a_resid,4,test,1118436,1,0.8553141771998851
BASE_x_R1a_resid,4,test,1118511,1,0.6378283642471271
BASE_x_R1a_resid,4,test,1119654,1,0.8898285679914026
BASE_x_R1a_resid,4,test,1120325,1,0.8081264679427028
BASE_x_R1a_resid,4,test,1120645,0,0.31096506564274606
BASE_x_R1a_resid,4,test,1120692,1,0.7739151446971125
BASE_x_R1a_resid,4,test,1121493,0,0.2647625882163305
BASE_x_R1a_resid,4,test,1121559,1,0.722642723864783
BASE_x_R1a_resid,4,test,1122034,1,0.7652737468358672
BASE_x_R1a_resid,4,test,1122057,0,0.24571675137149396
BASE_x_R1a_resid,4,test,1122513,1,0.37343257346436204
BASE_x_R1a_resid,4,test,1122760,0,0.1492676246040568
BASE_x_R1a_resid,4,test,1122888,1,0.5769013869549706
BASE_x_R1a_resid,4,test,1123015,0,0.7743803538209256
BASE_x_R1a_resid,4,test,1123435,1,0.6183998962566436
BASE_x_R1a_resid,4,test,1123536,0,0.40555526995734353
BASE_x_R1a_resid,4,test,1123551,0,0.3766802046160597
BASE_x_R1a_resid,4,test,1123876,0,0.27047473146225237
BASE_x_R1a_resid,4,test,1124034,1,0.36910020608384586
BASE_x_R1a_resid,4,test,1124180,0,0.354556511007591
BASE_x_R1a_resid,4,test,1124193,0,0.4251343245529176
BASE_x_R1a_resid,4,test,1124330,0,0.7186243316491921
BASE_x_R1a_resid,4,test,1125189,0,0.31874920961341524
BASE_x_R1a_resid,4,test,1125355,1,0.8526759797627531
BASE_x_R1a_resid,4,test,1125442,1,0.8504030928209876
BASE_x_R1a_resid,4,test,1125471,1,0.6526419274303176
BASE_x_R1a_resid,4,test,1125785,1,0.6782182072986669
BASE_x_R1a_resid,4,test,1126146,0,0.3192952951664755
BASE_x_R1a_resid,4,test,1126628,1,0.8949442332441434
BASE_x_R1a_resid,4,test,1127812,1,0.6331430427660676
BASE_x_R1a_resid,4,test,1129029,0,0.3322065518414352
BASE_x_R1a_resid,4,test,1129131,0,0.17685486537720999
BASE_x_R1a_resid,4,test,1129979,1,0.6466433214303628
BASE_x_R1a_resid,4,test,1130530,0,0.7029013672962984
BASE_x_R1a_resid,4,test,1130756,1,0.781162956869369
BASE_x_R1a_resid,4,test,1132760,0,0.500698846031442
BASE_x_R1a_resid,4,test,1133607,1,0.8186336498185726
BASE_x_R1a_resid,4,test,1134347,0,0.49425434449846656
BASE_x_R1a_resid,4,test,1134518,0,0.4539754765575415
BASE_x_R1a_resid,4,test,1134643,1,0.8835477844203217
BASE_x_R1a_resid,4,test,1134921,1,0.7996535935102793
BASE_x_R1a_resid,4,test,1134927,1,0.7261438689447701
BASE_x_R1a_resid,4,test,1136675,1,0.507575671739375
BASE_x_R1a_resid,4,test,1136790,1,0.5423799076577533
BASE_x_R1a_resid,4,test,1136917,1,0.7153463178018497
BASE_x_R1a_resid,4,test,1137818,1,0.2210069784255617
BASE_x_R1a_resid,4,test,1138321,1,0.6815882303823011
BASE_x_R1a_resid,4,test,1139409,1,0.8821878553858012
BASE_x_R1a_resid,4,test,1139884,1,0.3775198180686229
BASE_x_R1a_resid,4,test,1140316,1,0.8905919334439412
BASE_x_R1a_resid,4,test,1142514,0,0.5590589685751284
BASE_x_R1a_resid,4,test,1142632,0,0.6620165269289806
BASE_x_R1a_resid,4,test,1142753,1,0.8499669439828338
BASE_x_R1a_resid,4,test,1142803,1,0.7947291706359981
BASE_x_R1a_resid,4,test,1143657,1,0.5186436125376644
BASE_x_R1a_resid,4,test,1144147,0,0.5778960823161754
BASE_x_R1a_resid,4,test,1144322,1,0.7481485285011972
BASE_x_R1a_resid,4,test,1144488,1,0.7496271689105063
BASE_x_R1a_resid,4,test,1145207,0,0.5132596710921209
BASE_x_R1a_resid,4,test,1145284,1,0.8153888559649958
BASE_x_R1a_resid,4,test,1146369,1,0.9344962057705101
BASE_x_R1a_resid,4,test,1146584,1,0.7313218271231476
BASE_x_R1a_resid,4,test,1146616,0,0.40558334869420753
BASE_x_R1a_resid,4,test,1146697,1,0.7510716448034248
BASE_x_R1a_resid,4,test,1146848,1,0.5129974245034209
BASE_x_R1a_resid,4,test,1147012,0,0.6006123463581943
BASE_x_R1a_resid,4,test,1147171,0,0.515787811829218
BASE_x_R1a_resid,4,test,1147302,0,0.5422231319312621
BASE_x_R1a_resid,4,test,1148113,1,0.3448830676933914
BASE_x_R1a_resid,4,test,1148116,1,0.7405946155168729
BASE_x_R1a_resid,4,test,1148359,1,0.7618435945501073
BASE_x_R1a_resid,4,test,1149501,0,0.6564723674351473
BASE_x_R1a_resid,4,test,1149712,0,0.5298035301336603
BASE_x_R1a_resid,4,test,1149910,1,0.6617212267331553
BASE_x_R1a_resid,4,test,1149946,1,0.5548048688716107
BASE_x_R1a_resid,4,test,1150217,1,0.6635289798733466
BASE_x_R1a_resid,4,test,1150295,1,0.9199951202148966
BASE_x_R1a_resid,4,test,1151052,0,0.4080685928537583
BASE_x_R1a_resid,4,test,1151583,1,0.19561952956090295
BASE_x_R1a_resid,4,test,1151827,1,0.7626162154821202
BASE_x_R1a_resid,4,test,1151929,1,0.6795101641455723
BASE_x_R1a_resid,4,test,1152408,0,0.4523963934797182
BASE_x_R1a_resid,4,test,1152708,1,0.5390486591284849
BASE_x_R1a_resid,4,test,1152732,1,0.3568546279870795
BASE_x_R1a_resid,4,test,1152739,0,0.47512033764981404
BASE_x_R1a_resid,4,test,1152979,1,0.2571721912835933
BASE_x_R1a_resid,4,test,1153773,1,0.6959246310091587
BASE_x_R1a_resid,4,test,1156634,1,0.8069732660439755
BASE_x_R1a_resid,4,test,1156690,0,0.28401875121083964
BASE_x_R1a_resid,4,test,1156786,1,0.43601827457553455
BASE_x_R1a_resid,4,test,1157000,1,0.6793485174017543
BASE_x_R1a_resid,4,test,1157181,1,0.7296271222323627
BASE_x_R1a_resid,4,test,1157238,0,0.6520974341642107
BASE_x_R1a_resid,4,test,1206184,1,0.27151362320083533
BASE_x_R1a_resid,4,test,1206667,0,0.7484742126152248
BASE_x_R1a_resid,4,test,1206714,1,0.6823456598851314
BASE_x_R1a_resid,4,test,1206867,1,0.6741437584558657
BASE_x_R1a_resid,4,test,1207140,1,0.8563283097572975
BASE_x_R1a_resid,4,test,1207181,0,0.7799044565396998
BASE_x_R1a_resid,4,test,1207585,0,0.25922732551076133
BASE_x_R1a_resid,4,test,1207861,1,0.883829112034991
BASE_x_R1a_resid,4,test,1208794,1,0.46594812097207594
BASE_x_R1a_resid,4,test,1208880,1,0.827812254675274
BASE_x_R1a_resid,4,test,1209022,1,0.577223980285578
BASE_x_R1a_resid,4,test,1209229,0,0.29194793438568517
BASE_x_R1a_resid,4,test,1209502,0,0.395953173686348
BASE_x_R1a_resid,4,test,1210024,0,0.5109967202209487
BASE_x_R1a_resid,4,test,1210457,1,0.8031911323456267
BASE_x_R1a_resid,4,test,1211001,1,0.752196840475009
BASE_x_R1a_resid,4,test,1211029,1,0.899933082308014
BASE_x_R1a_resid,4,test,1211505,1,0.6679567435925755
BASE_x_R1a_resid,4,test,1212403,1,0.783757955422636
BASE_x_R1a_resid,4,test,1212501,0,0.6352928588528931
BASE_x_R1a_resid,4,test,1213059,1,0.6399832702507513
BASE_x_R1a_resid,4,test,1213071,1,0.4989975048093431
BASE_x_R1a_resid,4,test,1213263,1,0.7806688959969095
BASE_x_R1a_resid,4,test,1214345,1,0.8465978315827795
BASE_x_R1a_resid,4,test,1214832,0,0.5452622804278887
BASE_x_R1a_resid,4,test,1215252,0,0.4965779479751374
BASE_x_R1a_resid,4,test,1215388,0,0.13873577324899164
BASE_x_R1a_resid,4,test,1215443,0,0.3630948894912583
BASE_x_R1a_resid,4,test,1215797,1,0.6818270120921016
BASE_x_R1a_resid,4,test,1216025,0,0.8804231132211554
BASE_x_R1a_resid,4,test,1216293,1,0.5182226144638239
BASE_x_R1a_resid,4,test,1216691,1,0.8530514010870293
BASE_x_R1a_resid,4,test,1216704,1,0.7720377785611828
BASE_x_R1a_resid,4,test,1217110,1,0.6158120430437177
BASE_x_R1a_resid,4,test,1217519,1,0.5614254815861897
BASE_x_R1a_resid,4,test,1217635,1,0.6995620489533414
BASE_x_R1a_resid,4,test,1218059,1,0.8014326627708129
BASE_x_R1a_resid,4,test,1218421,1,0.49941612212581843
BASE_x_R1a_resid,4,test,1219099,0,0.5136438784256562
BASE_x_R1a_resid,4,test,1219254,0,0.48836172108521686
BASE_x_R1a_resid,4,test,1219597,0,0.5053572756516739
BASE_x_R1a_resid,4,test,1219897,1,0.8679973269141439
BASE_x_R1a_resid,4,test,1220426,0,0.49704796272467905
BASE_x_R1a_resid,4,test,1220796,1,0.5862581602184542
BASE_x_R1a_resid,4,test,1220875,0,0.41873910391286806
BASE_x_R1a_resid,4,test,1220940,1,0.7697675275584913
BASE_x_R1a_resid,4,test,1221341,1,0.6855214423388629
BASE_x_R1a_resid,4,test,1221603,1,0.6385270835237925
BASE_x_R1a_resid,4,test,1221892,1,0.805206136266903
BASE_x_R1a_resid,4,test,1222069,1,0.776749511754912
BASE_x_R1a_resid,4,test,1222110,1,0.9020196449799361
BASE_x_R1a_resid,4,test,1223289,0,0.30567436754427346
BASE_x_R1a_resid,4,test,1223328,1,0.2949366449039099
BASE_x_R1a_resid,4,test,1223568,1,0.752047071111472
BASE_x_R1a_resid,4,test,1223585,1,0.6364072583099566
BASE_x_R1a_resid,4,test,1223681,1,0.48769815509232006
BASE_x_R1a_resid,4,test,1223796,1,0.6018288649423096
BASE_x_R1a_resid,4,test,1224094,0,0.2427009682646844
BASE_x_R1a_resid,4,test,1224536,1,0.5931040352715481
BASE_x_R1a_resid,4,test,1225309,1,0.5716321585603626
BASE_x_R1a_resid,4,test,1225500,0,0.6149731193307901
BASE_x_R1a_resid,4,test,1225605,0,0.580893724473694
BASE_x_R1a_resid,4,test,1225648,0,0.7112998609175402
BASE_x_R1a_resid,4,test,1226588,1,0.7951632820986131
BASE_x_R1a_resid,4,test,1226981,0,0.4355937202894596
BASE_x_R1a_resid,4,test,1227061,1,0.24183710808802394
BASE_x_R1a_resid,4,test,1227192,1,0.5635782064137542
BASE_x_R1a_resid,4,test,1227765,1,0.7848358116768288
BASE_x_R1a_resid,4,test,1228018,1,0.49711657765957823
BASE_x_R1a_resid,4,test,1228461,1,0.9439100828152562
BASE_x_R1a_resid,4,test,1228888,1,0.6317570980054743
BASE_x_R1a_resid,4,test,1229806,0,0.311706591793678
BASE_x_R1a_resid,4,test,1229837,0,0.39574575752049435
BASE_x_R1a_resid,4,test,1230051,1,0.6190347505373849
BASE_x_R1a_resid,4,test,1230259,1,0.5261353727200454
BASE_x_R1a_resid,4,test,1230810,1,0.41039805942204516
BASE_x_R1a_resid,4,test,1231250,1,0.6367858924896425
BASE_x_R1a_resid,4,test,1231276,1,0.5637110211951198
BASE_x_R1a_resid,4,test,1232099,0,0.5503347803328666
BASE_x_R1a_resid,4,test,1232127,1,0.7485712289506281
BASE_x_R1a_resid,4,test,1232188,1,0.6674396549011898
BASE_x_R1a_resid,4,test,1232296,1,0.5548316611999388
BASE_x_R1a_resid,4,test,1232478,1,0.8094470329477345
BASE_x_R1a_resid,4,test,1233140,1,0.36662482516897
BASE_x_R1a_resid,4,test,1233643,1,0.5677640372898339
BASE_x_R1a_resid,4,test,1234219,1,0.49599623474102406
BASE_x_R1a_resid,4,test,1235217,0,0.5807589558052352
BASE_x_R1a_resid,4,test,1235236,1,0.446751777875204
BASE_x_R1a_resid,4,test,1235597,1,0.49192009447782764
BASE_x_R1a_resid,4,test,1235891,1,0.7669711153566634
BASE_x_R1a_resid,4,test,1236083,0,0.5274426410400622
BASE_x_R1a_resid,4,test,1237033,1,0.514289491262936
BASE_x_R1a_resid,4,test,1237390,1,0.6350256378994559
BASE_x_R1a_resid,4,test,1237491,1,0.8673024486707621
BASE_x_R1a_resid,4,test,1237647,0,0.4404527314162715
BASE_x_R1a_resid,4,test,1237842,1,0.661370943749919
BASE_x_R1a_resid,4,test,1238174,1,0.6528479045383356
BASE_x_R1a_resid,4,test,1238215,1,0.8177331566941629
BASE_x_R1a_resid,4,test,1238348,0,0.6704411307854993
BASE_x_R1a_resid,4,test,1238443,0,0.7241204856131849
BASE_x_R1a_resid,4,test,1238583,0,0.5515102976616345
BASE_x_R1a_resid,4,test,1238867,1,0.6029498230960486
BASE_x_R1a_resid,4,test,1239212,0,0.2704484709236853
BASE_x_R1a_resid,4,test,1239224,1,0.3574954525804668
BASE_x_R1a_resid,4,test,1239597,1,0.6100125564791903
BASE_x_R1a_resid,4,test,1240131,1,0.6707219673157535
BASE_x_R1a_resid,4,test,1240588,1,0.689346393539756
BASE_x_R1a_resid,4,test,1240769,0,0.6689463451752087
BASE_x_R1a_resid,4,test,1241104,0,0.4900574427288767
BASE_x_R1a_resid,4,test,1241185,0,0.23238679012883637
BASE_x_R1a_resid,4,test,1241289,0,0.3819529450770102
BASE_x_R1a_resid,4,test,1241453,0,0.5005856510203212
BASE_x_R1a_resid,4,test,1242135,0,0.3678097236189316
BASE_x_R1a_resid,4,test,1242501,1,0.5188422857368097
BASE_x_R1a_resid,4,test,1242667,0,0.4000964778183145
BASE_x_R1a_resid,4,test,1243686,1,0.49392542903628445
BASE_x_R1a_resid,4,test,1243802,0,0.7933366633657836
BASE_x_R1a_resid,4,test,1243992,1,0.6315221332326351
BASE_x_R1a_resid,4,test,1244163,0,0.7150735850082327
BASE_x_R1a_resid,4,test,1244606,1,0.6434162633150114
BASE_x_R1a_resid,4,test,1244831,1,0.24732364796352446
BASE,5,test,1122,0,0.7242884052744344
BASE,5,test,13412,1,0.5070040377193552
BASE,5,test,16787,0,0.6097036026014956
BASE,5,test,18871,0,0.44876435153413213
BASE,5,test,26806,1,0.7381031010919104
BASE,5,test,32577,0,0.5203231053534251
BASE,5,test,43310,1,0.8626479061951126
BASE,5,test,48545,0,0.28244909717429517
BASE,5,test,52609,1,0.4093342137167785
BASE,5,test,68648,0,0.7221607214780191
BASE,5,test,72256,1,0.6787473171731164
BASE,5,test,79057,1,0.7395238909763087
BASE,5,test,87339,1,0.643756807483705
BASE,5,test,88424,1,0.8036370833533877
BASE,5,test,91249,1,0.3911746015926857
BASE,5,test,93002,1,0.842474170356303
BASE,5,test,98629,1,0.3781571055831289
BASE,5,test,101232,1,0.5566442104755495
BASE,5,test,102640,1,0.5431311571324927
BASE,5,test,109213,1,0.5352342683820663
BASE,5,test,112047,1,0.6967796361785633
BASE,5,test,112715,1,0.8828583817249208
BASE,5,test,120088,1,0.507500448636076
BASE,5,test,124990,0,0.4309179192348273
BASE,5,test,131092,1,0.8323354135105238
BASE,5,test,147982,1,0.5761097566106227
BASE,5,test,153929,1,0.5861397730513523
BASE,5,test,154041,1,0.6931755307924926
BASE,5,test,154147,1,0.8343936087087559
BASE,5,test,156299,1,0.712174166240755
BASE,5,test,157463,1,0.5776847866506262
BASE,5,test,157774,1,0.47757292182636013
BASE,5,test,160499,1,0.7145342027740981
BASE,5,test,160524,0,0.2883395504130932
BASE,5,test,164291,1,0.4312721020938958
BASE,5,test,167963,1,0.7154605395868238
BASE,5,test,169449,1,0.8032582786420778
BASE,5,test,174626,1,0.6677723413109953
BASE,5,test,181034,1,0.7860106452026132
BASE,5,test,183219,0,0.6628802312575114
BASE,5,test,184161,1,0.8162521936318312
BASE,5,test,184874,1,0.644720616551023
BASE,5,test,189685,0,0.4422756049256381
BASE,5,test,190003,1,0.8599204046943038
BASE,5,test,190176,0,0.5259104157112318
BASE,5,test,193149,0,0.7663633930964103
BASE,5,test,200131,1,0.7906259619327798
BASE,5,test,202831,1,0.7871886504630963
BASE,5,test,203211,0,0.3200208734711826
BASE,5,test,203640,1,0.7057274499922537
BASE,5,test,207468,1,0.748659715649709
BASE,5,test,208652,1,0.4843960484086874
BASE,5,test,229959,1,0.7352068728756036
BASE,5,test,230010,1,0.862589563186516
BASE,5,test,232490,0,0.3898344484337224
BASE,5,test,233916,0,0.6025831232857392
BASE,5,test,234471,0,0.15048772387700174
BASE,5,test,236299,1,0.6436790825526418
BASE,5,test,240229,0,0.2809049920829168
BASE,5,test,240314,1,0.5754284111718823
BASE,5,test,243108,1,0.7479267365645527
BASE,5,test,250983,0,0.687938793825317
BASE,5,test,270408,1,0.5675434655503796
BASE,5,test,271883,1,0.6662796569484476
BASE,5,test,273148,1,0.8411871881850389
BASE,5,test,278009,1,0.498334427163372
BASE,5,test,278134,1,0.6700961700150825
BASE,5,test,280650,1,0.91893093090016
BASE,5,test,284088,0,0.8404125067608414
BASE,5,test,285801,1,0.4754635402765024
BASE,5,test,293922,0,0.7030364970599693
BASE,5,test,297313,0,0.3923729479288072
BASE,5,test,297709,0,0.3621580222813505
BASE,5,test,298058,1,0.6364257016548183
BASE,5,test,298955,0,0.7145155419318424
BASE,5,test,299567,0,0.4014240808546695
BASE,5,test,299698,1,0.871334759777734
BASE,5,test,300925,1,0.5672207639227118
BASE,5,test,302506,1,0.6182007309982054
BASE,5,test,304034,0,0.19996420944429766
BASE,5,test,305034,0,0.12865051750247894
BASE,5,test,306770,0,0.7369720250477291
BASE,5,test,312810,1,0.7487509481699697
BASE,5,test,319311,0,0.35297971000269035
BASE,5,test,323939,0,0.40641013657636593
BASE,5,test,327943,1,0.7574014553782485
BASE,5,test,330889,1,0.8441083250426477
BASE,5,test,331198,1,0.5843165233153382
BASE,5,test,337613,1,0.8661899807507889
BASE,5,test,338963,1,0.48479849236728567
BASE,5,test,339319,1,0.7991870462861315
BASE,5,test,353886,0,0.5581079005138618
BASE,5,test,355783,0,0.39124757748848166
BASE,5,test,361397,1,0.5417899271326962
BASE,5,test,361443,1,0.8810290550762879
BASE,5,test,364502,1,0.38973481622242145
BASE,5,test,379648,0,0.3436366503815443
BASE,5,test,392913,1,0.7990242413448034
BASE,5,test,396655,0,0.5643997823216719
BASE,5,test,399013,1,0.6333573751224628
BASE,5,test,408105,0,0.7088545850649006
BASE,5,test,413111,1,0.7356260056385822
BASE,5,test,414906,0,0.16259771059919148
BASE,5,test,424946,0,0.22101604265727218
BASE,5,test,427909,0,0.6232433807513105
BASE,5,test,433233,1,0.4346347961998864
BASE,5,test,436295,1,0.8663969347506614
BASE,5,test,438536,0,0.5981034603009667
BASE,5,test,438848,1,0.8100555561876273
BASE,5,test,439090,1,0.23461450049927038
BASE,5,test,442019,0,0.5948860245057938
BASE,5,test,445318,0,0.671833991356097
BASE,5,test,445993,1,0.7974944176313281
BASE,5,test,458943,0,0.12079461470760271
BASE,5,test,460422,1,0.39521404283545986
BASE,5,test,461519,1,0.6285879829262868
BASE,5,test,465292,1,0.8465952602468348
BASE,5,test,465401,1,0.6358034952459491
BASE,5,test,468548,1,0.24562475561127153
BASE,5,test,469812,0,0.6261193273151144
BASE,5,test,469865,1,0.6768997762301558
BASE,5,test,471227,0,0.6305663756456509
BASE,5,test,474601,1,0.48475841882579773
BASE,5,test,480021,0,0.641688150420715
BASE,5,test,486892,0,0.5315668058778208
BASE,5,test,488255,0,0.41344318077712344
BASE,5,test,489167,1,0.7245869013552741
BASE,5,test,493415,1,0.6975729127111999
BASE,5,test,496270,1,0.5278678212367894
BASE,5,test,498774,1,0.8198372768846238
BASE,5,test,504132,1,0.9312358639797786
BASE,5,test,507011,1,0.49344008676896506
BASE,5,test,511018,0,0.7435774737150073
BASE,5,test,512180,1,0.6689892884596748
BASE,5,test,513568,0,0.284436653393669
BASE,5,test,517848,1,0.7512042233158036
BASE,5,test,520017,0,0.325319977957917
BASE,5,test,530038,1,0.653598285919995
BASE,5,test,531462,1,0.5852904367501527
BASE,5,test,534835,1,0.23911751295175734
BASE,5,test,535178,1,0.6713975128218742
BASE,5,test,536935,1,0.5780301301397971
BASE,5,test,539648,0,0.3675666101039643
BASE,5,test,546258,1,0.800658438314884
BASE,5,test,547939,1,0.6796790399055902
BASE,5,test,555492,0,0.3754434385135992
BASE,5,test,556177,0,0.43706502408183134
BASE,5,test,559178,1,0.6032613796866978
BASE,5,test,559210,0,0.2990449136913443
BASE,5,test,563033,0,0.5572966142006218
BASE,5,test,564394,0,0.3324829272737215
BASE,5,test,565908,0,0.7270387758467859
BASE,5,test,568516,0,0.32674939347532134
BASE,5,test,573425,1,0.6090867906277944
BASE,5,test,573710,1,0.7010802748030904
BASE,5,test,575322,1,0.6160755850416529
BASE,5,test,577067,1,0.7682615213915911
BASE,5,test,578084,0,0.5047522427726222
BASE,5,test,580750,0,0.16691418574621694
BASE,5,test,581598,1,0.8504921296219891
BASE,5,test,584321,1,0.6975976904615655
BASE,5,test,589139,1,0.7122967543059333
BASE,5,test,592121,0,0.38437297405332066
BASE,5,test,595099,0,0.6349038374491621
BASE,5,test,595954,1,0.6062451729224372
BASE,5,test,597579,1,0.543680930784636
BASE,5,test,598657,1,0.7811879993311078
BASE,5,test,605762,0,0.26304846778309227
BASE,5,test,607482,1,0.8549834198842577
BASE,5,test,614612,1,0.3949181833201951
BASE,5,test,615248,0,0.464555687520408
BASE,5,test,624010,0,0.25395945982732215
BASE,5,test,625501,0,0.500920878973578
BASE,5,test,627587,1,0.7856985416607378
BASE,5,test,646127,1,0.8914050688287668
BASE,5,test,655410,1,0.7809896162240516
BASE,5,test,657533,1,0.6788840456765521
BASE,5,test,661211,0,0.4329872836572116
BASE,5,test,663130,1,0.5176551693395472
BASE,5,test,671325,0,0.20309023543288188
BASE,5,test,677383,0,0.4007290250024695
BASE,5,test,681205,1,0.6822590539409243
BASE,5,test,684963,1,0.8030546362141835
BASE,5,test,685328,0,0.7581377710713803
BASE,5,test,687171,1,0.5498679524404381
BASE,5,test,693326,1,0.8307708140677331
BASE,5,test,701498,1,0.6311911185499731
BASE,5,test,703834,1,0.8184467684204914
BASE,5,test,707069,1,0.8303116380775777
BASE,5,test,708388,1,0.769543604560937
BASE,5,test,709722,1,0.47804671969810103
BASE,5,test,711099,1,0.5901439484531091
BASE,5,test,715221,1,0.4810940759131775
BASE,5,test,723474,0,0.6126424901258922
BASE,5,test,723511,1,0.3749018178956432
BASE,5,test,734424,1,0.6916216688612964
BASE,5,test,739116,1,0.37803894608371785
BASE,5,test,742551,0,0.6339907424018127
BASE,5,test,743318,0,0.3066896217484587
BASE,5,test,747710,0,0.6893552931742515
BASE,5,test,751252,0,0.7716661365904933
BASE,5,test,752597,0,0.3992097072148911
BASE,5,test,752967,1,0.896637607043592
BASE,5,test,763994,1,0.5618154533995304
BASE,5,test,764119,1,0.235493836175653
BASE,5,test,769720,1,0.8793418507083153
BASE,5,test,770052,0,0.5677129856357235
BASE,5,test,774678,1,0.5228731604065863
BASE,5,test,774766,0,0.48919108722090093
BASE,5,test,776324,1,0.587012874743681
BASE,5,test,779240,0,0.5679100118697079
BASE,5,test,780355,1,0.7162239002195243
BASE,5,test,789824,0,0.3048085167273602
BASE,5,test,791392,1,0.6035364584691287
BASE,5,test,792243,0,0.6741867501973747
BASE,5,test,797407,0,0.4053104709015045
BASE,5,test,806762,0,0.26543102560941556
BASE,5,test,813972,1,0.48714110920319925
BASE,5,test,817995,1,0.7789962536852231
BASE,5,test,823325,0,0.6851368609337019
BASE,5,test,834393,0,0.40616544626630885
BASE,5,test,834515,0,0.7538397930610609
BASE,5,test,835833,1,0.6921009442984147
BASE,5,test,845803,1,0.45854716158305253
BASE,5,test,848723,1,0.4131596881285652
BASE,5,test,850702,1,0.7068756331602362
BASE,5,test,851146,1,0.7705739974719314
BASE,5,test,851816,0,0.40215141684519984
BASE,5,test,858697,1,0.6423157912117473
BASE,5,test,860360,1,0.6790817672909994
BASE,5,test,862990,0,0.3220681608929254
BASE,5,test,865987,0,0.3482260091305087
BASE,5,test,870328,0,0.4741448357850517
BASE,5,test,870371,1,0.6075124784179258
BASE,5,test,872844,1,0.8308582241324517
BASE,5,test,878721,0,0.629270943333898
BASE,5,test,880844,1,0.8233347500901209
BASE,5,test,883229,0,0.6427207265469208
BASE,5,test,885836,1,0.6041603509936408
BASE,5,test,899206,1,0.8175520586895744
BASE,5,test,900750,1,0.7177833084558694
BASE,5,test,900957,1,0.7709904290079882
BASE,5,test,947559,1,0.7351118550382577
BASE,5,test,950405,1,0.5759439302360011
BASE,5,test,951465,0,0.5839519730146092
BASE,5,test,952219,0,0.46836079092900995
BASE,5,test,954370,1,0.6960018865051019
BASE,5,test,959771,1,0.9472511877483405
BASE,5,test,962643,1,0.5136965946417179
BASE,5,test,977714,1,0.7502195260653864
BASE,5,test,981610,0,0.49372645719263675
BASE,5,test,981736,0,0.5340790812132769
BASE,5,test,981850,1,0.708948188000753
BASE,5,test,982545,1,0.4788398244179227
BASE,5,test,982817,0,0.19691441560168832
BASE,5,test,984065,0,0.23481179142124972
BASE,5,test,984395,1,0.5134840355689445
BASE,5,test,990510,1,0.7858967826370428
BASE,5,test,993712,0,0.3175871964764799
BASE,5,test,996551,0,0.42463055076811407
BASE,5,test,996860,0,0.5321608189239524
BASE,5,test,999001,1,0.6674396974180462
BASE,5,test,1002906,0,0.5796519437429581
BASE,5,test,1005741,1,0.8637764793637507
BASE,5,test,1006489,0,0.36913409800986896
BASE,5,test,1007757,1,0.40401715265644716
BASE,5,test,1012220,1,0.46672134050837094
BASE,5,test,1017249,1,0.28848976779550917
BASE,5,test,1048580,1,0.726704898143986
BASE,5,test,1060429,0,0.3116916472983256
BASE,5,test,1061350,0,0.44585799785477315
BASE,5,test,1065613,0,0.5976595983176793
BASE,5,test,1066534,1,0.29127497963714166
BASE,5,test,1067406,1,0.44104765628875164
BASE,5,test,1067946,0,0.3510362999108652
BASE,5,test,1068069,1,0.5818852620543901
BASE,5,test,1068589,1,0.6470219543752674
BASE,5,test,1072271,1,0.6039039057994929
BASE,5,test,1073751,1,0.669937194020951
BASE,5,test,1073839,0,0.31788352020512073
BASE,5,test,1074188,1,0.25064760632007077
BASE,5,test,1074275,1,0.7440934491877569
BASE,5,test,1074753,0,0.49098590306318196
BASE,5,test,1077703,1,0.5386779073241444
BASE,5,test,1078976,1,0.423764653270315
BASE,5,test,1079901,1,0.6116783403288479
BASE,5,test,1081059,1,0.6330344336738798
BASE,5,test,1083772,1,0.5405988803247918
BASE,5,test,1084347,0,0.6340240311725306
BASE,5,test,1085496,1,0.5508604950622269
BASE,5,test,1086129,1,0.5983867459873609
BASE,5,test,1086530,1,0.8792244235531418
BASE,5,test,1086772,1,0.8565013032117657
BASE,5,test,1086991,0,0.5575117385433918
BASE,5,test,1088555,0,0.3189740178581827
BASE,5,test,1089436,0,0.6911235406574043
BASE,5,test,1090932,1,0.6236514588554535
BASE,5,test,1091014,1,0.31872328042484543
BASE,5,test,1091585,0,0.5952649497696817
BASE,5,test,1091670,1,0.8437491476262138
BASE,5,test,1092408,1,0.4976880096272329
BASE,5,test,1092655,1,0.7015734342524342
BASE,5,test,1092948,1,0.5431526824061654
BASE,5,test,1092954,1,0.7607196607698977
BASE,5,test,1092970,0,0.6091368326460337
BASE,5,test,1093200,0,0.24997730321999648
BASE,5,test,1093650,1,0.7049496748459554
BASE,5,test,1093992,0,0.5737771864778413
BASE,5,test,1094046,1,0.6174680557502166
BASE,5,test,1094456,1,0.32755467964091095
BASE,5,test,1094897,1,0.5617653820528745
BASE,5,test,1095773,1,0.8726697249492732
BASE,5,test,1095881,1,0.6884962433535545
BASE,5,test,1096586,0,0.15375075458601434
BASE,5,test,1098420,0,0.23172253664303682
BASE,5,test,1098855,1,0.7870755583832028
BASE,5,test,1099078,1,0.6770415875370336
BASE,5,test,1099234,1,0.7794305686547865
BASE,5,test,1099756,1,0.404333004428738
BASE,5,test,1101157,1,0.7815567509694122
BASE,5,test,1101644,1,0.28106409627889073
BASE,5,test,1103054,0,0.22714877511180384
BASE,5,test,1103628,0,0.22040107439199932
BASE,5,test,1104470,1,0.7160735567567232
BASE,5,test,1105299,0,0.6056875012820255
BASE,5,test,1106596,0,0.6123694642864121
BASE,5,test,1106632,0,0.3220232726720031
BASE,5,test,1107631,1,0.6198100762008014
BASE,5,test,1108929,1,0.6379960250758
BASE,5,test,1108956,0,0.5720294876047471
BASE,5,test,1109275,1,0.911437382629089
BASE,5,test,1109280,1,0.7611600547345952
BASE,5,test,1109612,1,0.8929275964672763
BASE,5,test,1109771,0,0.34937591904721765
BASE,5,test,1109829,1,0.7539782212302952
BASE,5,test,1110598,0,0.5608496819093923
BASE,5,test,1111920,1,0.35687732693745405
BASE,5,test,1112111,1,0.6809481448493352
BASE,5,test,1112999,0,0.16975320213545103
BASE,5,test,1113133,0,0.26584282283911204
BASE,5,test,1113398,1,0.5374640741133426
BASE,5,test,1113536,0,0.3555897363281722
BASE,5,test,1113857,0,0.6691205800626062
BASE,5,test,1114801,0,0.811192375810768
BASE,5,test,1115112,0,0.3966770368003562
BASE,5,test,1115144,0,0.577086604924282
BASE,5,test,1116007,0,0.7889062769203903
BASE,5,test,1116385,1,0.6612533480340561
BASE,5,test,1117063,0,0.33803225720669794
BASE,5,test,1117869,1,0.765799146812988
BASE,5,test,1118291,0,0.7247639484590833
BASE,5,test,1118652,0,0.12138935106189022
BASE,5,test,1118943,1,0.48747261769076144
BASE,5,test,1119929,0,0.8132327731324659
BASE,5,test,1120325,1,0.851911437530402
BASE,5,test,1121623,1,0.7448409792394677
BASE,5,test,1121926,1,0.5116845300306416
BASE,5,test,1121927,1,0.8346845202694303
BASE,5,test,1122004,0,0.19190050884631624
BASE,5,test,1122034,1,0.7282775158308921
BASE,5,test,1122148,0,0.5163852015222031
BASE,5,test,1122185,1,0.5794537158245092
BASE,5,test,1122658,1,0.6373394314984471
BASE,5,test,1122659,1,0.7307722889167801
BASE,5,test,1122888,1,0.5928374007644502
BASE,5,test,1123205,0,0.5648873656702544
BASE,5,test,1123350,1,0.78254684310603
BASE,5,test,1123435,1,0.6442690487613586
BASE,5,test,1123559,0,0.5437195043180142
BASE,5,test,1124477,1,0.42624651831473054
BASE,5,test,1124806,1,0.2983012356054295
BASE,5,test,1125468,1,0.6572402162553453
BASE,5,test,1125748,1,0.6316785757308323
BASE,5,test,1126656,0,0.4773309578277843
BASE,5,test,1128027,1,0.6320086296879007
BASE,5,test,1128042,1,0.33260255063237565
BASE,5,test,1128467,1,0.6292637760863279
BASE,5,test,1129711,0,0.4575384170397838
BASE,5,test,1129979,1,0.6539846402115108
BASE,5,test,1130161,1,0.2104653948173846
BASE,5,test,1130530,0,0.7485644051348649
BASE,5,test,1132010,0,0.30248992987349027
BASE,5,test,1132205,1,0.774872582597409
BASE,5,test,1132465,1,0.686673322195669
BASE,5,test,1132536,0,0.6802813414767914
BASE,5,test,1132889,1,0.6206428773364329
BASE,5,test,1133011,0,0.5990564010120707
BASE,5,test,1133778,1,0.8871756981872739
BASE,5,test,1136279,0,0.5757977511585817
BASE,5,test,1136946,0,0.27555373016348633
BASE,5,test,1137555,1,0.7680798060382995
BASE,5,test,1138091,1,0.5099083197643983
BASE,5,test,1138321,1,0.6530440071934973
BASE,5,test,1138757,1,0.42869944648800157
BASE,5,test,1142126,0,0.4395276035604178
BASE,5,test,1142206,1,0.8281679554846749
BASE,5,test,1142753,1,0.8570827117507106
BASE,5,test,1142989,1,0.5750948370340434
BASE,5,test,1143869,0,0.4331729768251019
BASE,5,test,1143964,1,0.6394660819479893
BASE,5,test,1144260,0,0.6173339058745422
BASE,5,test,1144336,1,0.8018787450212203
BASE,5,test,1144580,1,0.5055044011769602
BASE,5,test,1144614,1,0.5657477725988272
BASE,5,test,1145815,1,0.5511407951163806
BASE,5,test,1145969,1,0.6889007240677414
BASE,5,test,1146318,1,0.5714499577692501
BASE,5,test,1146697,1,0.8256234924479732
BASE,5,test,1146999,1,0.8191491855820435
BASE,5,test,1147005,0,0.42518041314608807
BASE,5,test,1147010,1,0.5349468374031485
BASE,5,test,1147201,1,0.5960925304374185
BASE,5,test,1147525,1,0.8330585610410972
BASE,5,test,1147707,1,0.7922538585076537
BASE,5,test,1148756,1,0.5529458154569874
BASE,5,test,1149906,0,0.6304585558460707
BASE,5,test,1150401,0,0.3710886047110471
BASE,5,test,1151371,1,0.5092035033570476
BASE,5,test,1151422,1,0.8280309538304651
BASE,5,test,1152038,1,0.3907765053375767
BASE,5,test,1152408,0,0.5006540653671513
BASE,5,test,1152629,1,0.4806572022169748
BASE,5,test,1152732,1,0.3188904618425507
BASE,5,test,1152877,0,0.31867803347339213
BASE,5,test,1154652,0,0.3103288230773906
BASE,5,test,1155638,1,0.6856206485380544
BASE,5,test,1156057,0,0.357724720443939
BASE,5,test,1156251,1,0.1952735814408511
BASE,5,test,1156261,1,0.33481971518743875
BASE,5,test,1156386,1,0.6644563722294978
BASE,5,test,1156634,1,0.8084889971243531
BASE,5,test,1156887,1,0.604428220977308
BASE,5,test,1157000,1,0.7387343288820294
BASE,5,test,1157101,1,0.7582978476806906
BASE,5,test,1205869,1,0.535933689587643
BASE,5,test,1205937,0,0.27389680558362756
BASE,5,test,1206184,1,0.33552883178685233
BASE,5,test,1206334,0,0.21433136677078524
BASE,5,test,1206759,0,0.2812138441881624
BASE,5,test,1206766,1,0.4871260424353002
BASE,5,test,1207535,1,0.3812199987757351
BASE,5,test,1207571,1,0.8140357290089096
BASE,5,test,1208182,0,0.44175690408177376
BASE,5,test,1208561,1,0.62429513087678
BASE,5,test,1209069,1,0.5145863276176718
BASE,5,test,1209182,1,0.6844031465837976
BASE,5,test,1209531,0,0.10281435846627797
BASE,5,test,1209776,0,0.45454803814142297
BASE,5,test,1209908,0,0.7726455723518845
BASE,5,test,1209975,1,0.43464583687194513
BASE,5,test,1210024,0,0.525161310122341
BASE,5,test,1210100,0,0.23096141095022987
BASE,5,test,1210663,1,0.5355526072398981
BASE,5,test,1210765,1,0.7700326779529826
BASE,5,test,1210809,1,0.7414650300500155
BASE,5,test,1210816,1,0.7897953637889991
BASE,5,test,1211321,1,0.44603863824709533
BASE,5,test,1211380,1,0.24790006526600133
BASE,5,test,1211505,1,0.747420027343924
BASE,5,test,1211778,0,0.19843069225636156
BASE,5,test,1212601,1,0.31760746366035686
BASE,5,test,1212705,1,0.5266848569009928
BASE,5,test,1212738,1,0.8360877444304698
BASE,5,test,1213016,1,0.6058888258914257
BASE,5,test,1213041,1,0.7728106746486596
BASE,5,test,1213071,1,0.45096574015342644
BASE,5,test,1213526,1,0.8386591263343649
BASE,5,test,1214345,1,0.7594082333635176
BASE,5,test,1214456,0,0.7132676677004423
BASE,5,test,1214659,1,0.6381513439912058
BASE,5,test,1215921,1,0.4347287559308481
BASE,5,test,1216247,1,0.6911757338411832
BASE,5,test,1216776,1,0.2816441368438531
BASE,5,test,1217218,0,0.37316387265810347
BASE,5,test,1217240,0,0.3951297815126523
BASE,5,test,1217415,1,0.6336658793651451
BASE,5,test,1217519,1,0.6547242914376454
BASE,5,test,1218010,1,0.5634961772940857
BASE,5,test,1218288,1,0.40590472000938627
BASE,5,test,1218335,1,0.6860648156997057
BASE,5,test,1218726,1,0.5303817002760295
BASE,5,test,1219099,0,0.6006629347701944
BASE,5,test,1219620,0,0.5033722188064944
BASE,5,test,1219853,1,0.3697457975986179
BASE,5,test,1219950,1,0.4945764176458112
BASE,5,test,1220209,0,0.277752712362071
BASE,5,test,1220226,0,0.19945056349837847
BASE,5,test,1220605,1,0.5064246944267172
BASE,5,test,1220694,1,0.4521281526976593
BASE,5,test,1220796,1,0.7356726028556699
BASE,5,test,1220871,0,0.60607669198802
BASE,5,test,1220940,1,0.693590467708543
BASE,5,test,1221128,1,0.6407560304213114
BASE,5,test,1221682,1,0.7379215028305715
BASE,5,test,1221892,1,0.7130030760836942
BASE,5,test,1222069,1,0.7670653486433789
BASE,5,test,1222424,1,0.5891296855942538
BASE,5,test,1222642,0,0.4771541993075564
BASE,5,test,1222907,1,0.6461103492218657
BASE,5,test,1223289,0,0.2480253831321665
BASE,5,test,1223459,1,0.8611639740491033
BASE,5,test,1224137,1,0.6627870106888039
BASE,5,test,1224488,1,0.82379917900152
BASE,5,test,1224536,1,0.5796395582600045
BASE,5,test,1224547,1,0.45551899106220956
BASE,5,test,1224698,0,0.3491854847440824
BASE,5,test,1224968,1,0.5184174567133059
BASE,5,test,1225388,0,0.5928791730300805
BASE,5,test,1225605,0,0.5676377510779638
BASE,5,test,1225751,1,0.5118724380688568
BASE,5,test,1225914,0,0.32317176222362703
BASE,5,test,1227192,1,0.5864923181028912
BASE,5,test,1228588,1,0.6344791374242427
BASE,5,test,1228820,0,0.3792139669992276
BASE,5,test,1228842,0,0.18984249285163785
BASE,5,test,1229147,0,0.4156983660826911
BASE,5,test,1229368,0,0.3723031420240357
BASE,5,test,1230581,0,0.7038403049799808
BASE,5,test,1231535,1,0.37132437819134845
BASE,5,test,1231778,0,0.24055598646018372
BASE,5,test,1231979,1,0.6403716052149355
BASE,5,test,1232273,1,0.6015230112811316
BASE,5,test,1233032,1,0.7526904241737472
BASE,5,test,1233158,0,0.35744109563997284
BASE,5,test,1233508,1,0.6614552932555519
BASE,5,test,1233618,0,0.5528486275135356
BASE,5,test,1233791,1,0.403150634885117
BASE,5,test,1234275,1,0.5854727713068075
BASE,5,test,1234348,1,0.8700180353855568
BASE,5,test,1234553,0,0.7306525017827539
BASE,5,test,1234804,1,0.45158997466328865
BASE,5,test,1234875,1,0.8253747575048765
BASE,5,test,1235058,1,0.6730806349172369
BASE,5,test,1235697,1,0.8092088664604644
BASE,5,test,1235777,1,0.5687074614712186
BASE,5,test,1236418,1,0.25951082810491566
BASE,5,test,1236905,0,0.8623553473348656
BASE,5,test,1236938,1,0.8628420161004188
BASE,5,test,1237033,1,0.4982208785919567
BASE,5,test,1237390,1,0.6315131905757798
BASE,5,test,1237647,0,0.38392687690187555
BASE,5,test,1237971,1,0.5679525573963149
BASE,5,test,1238156,1,0.6521837762795297
BASE,5,test,1238245,1,0.8130530816772555
BASE,5,test,1238348,0,0.5790983108137491
BASE,5,test,1238464,1,0.705201982734614
BASE,5,test,1238497,1,0.40661686859387197
BASE,5,test,1238523,1,0.6280888241226945
BASE,5,test,1238603,0,0.35992494463760716
BASE,5,test,1238664,1,0.7583697817159952
BASE,5,test,1238865,1,0.340061089144727
BASE,5,test,1238964,1,0.5776810385369399
BASE,5,test,1239034,0,0.6845742013259839
BASE,5,test,1239135,1,0.3361729654870349
BASE,5,test,1239212,0,0.3240702132754922
BASE,5,test,1239597,1,0.6134157255739476
BASE,5,test,1240282,0,0.5316613874132847
BASE,5,test,1240598,1,0.6753099944716483
BASE,5,test,1241018,1,0.6075205818085537
BASE,5,test,1241104,0,0.5237018599198123
BASE,5,test,1241185,0,0.17203858817013093
BASE,5,test,1241362,1,0.7128182220147957
BASE,5,test,1242413,1,0.3979882132459226
BASE,5,test,1242451,1,0.7724202287596874
BASE,5,test,1242508,1,0.782355779135125
BASE,5,test,1242535,1,0.6821352186729854
BASE,5,test,1243018,1,0.5403443820754867
BASE,5,test,1243442,0,0.5513226918199372
BASE,5,test,1243992,1,0.6799662744827417
BASE,5,test,1244363,0,0.3170190724804319
BASE,5,test,1245905,1,0.46901054720333557
BASE,5,test,1245961,0,0.48417426456612955
BASE,5,test,1246508,0,0.40662341221824844
BASE_x_R1a,5,test,1122,0,0.6867326725783804
BASE_x_R1a,5,test,13412,1,0.5432051856020975
BASE_x_R1a,5,test,16787,0,0.5695041217032566
BASE_x_R1a,5,test,18871,0,0.4172925956249754
BASE_x_R1a,5,test,26806,1,0.647364588753481
BASE_x_R1a,5,test,32577,0,0.43531829516077475
BASE_x_R1a,5,test,43310,1,0.8078872376270892
BASE_x_R1a,5,test,48545,0,0.2927543158307005
BASE_x_R1a,5,test,52609,1,0.4053578138375123
BASE_x_R1a,5,test,68648,0,0.8122837962165623
BASE_x_R1a,5,test,72256,1,0.7503401488449907
BASE_x_R1a,5,test,79057,1,0.776712402890897
BASE_x_R1a,5,test,87339,1,0.6460691107653687
BASE_x_R1a,5,test,88424,1,0.872083655229125
BASE_x_R1a,5,test,91249,1,0.437971855760586
BASE_x_R1a,5,test,93002,1,0.8569480158612918
BASE_x_R1a,5,test,98629,1,0.33315321637283085
BASE_x_R1a,5,test,101232,1,0.6096267987995956
BASE_x_R1a,5,test,102640,1,0.5130974815893851
BASE_x_R1a,5,test,109213,1,0.5327927992095298
BASE_x_R1a,5,test,112047,1,0.7138222644202711
BASE_x_R1a,5,test,112715,1,0.8474412590942407
BASE_x_R1a,5,test,120088,1,0.5791798562632045
BASE_x_R1a,5,test,124990,0,0.3247992111634765
BASE_x_R1a,5,test,131092,1,0.8184696310036554
BASE_x_R1a,5,test,147982,1,0.5426164921455419
BASE_x_R1a,5,test,153929,1,0.660955691194702
BASE_x_R1a,5,test,154041,1,0.7194060633689432
BASE_x_R1a,5,test,154147,1,0.7737488191940958
BASE_x_R1a,5,test,156299,1,0.7185347772839765
BASE_x_R1a,5,test,157463,1,0.6656623816834888
BASE_x_R1a,5,test,157774,1,0.530330161859953
BASE_x_R1a,5,test,160499,1,0.6952089462716429
BASE_x_R1a,5,test,160524,0,0.3181203449067024
BASE_x_R1a,5,test,164291,1,0.38749511930376584
BASE_x_R1a,5,test,167963,1,0.7903861555169739
BASE_x_R1a,5,test,169449,1,0.7393136472536306
BASE_x_R1a,5,test,174626,1,0.7338942878359
BASE_x_R1a,5,test,181034,1,0.7783913578293622
BASE_x_R1a,5,test,183219,0,0.6344618925613211
BASE_x_R1a,5,test,184161,1,0.8267434662108633
BASE_x_R1a,5,test,184874,1,0.6764192413724366
BASE_x_R1a,5,test,189685,0,0.4394951893263814
BASE_x_R1a,5,test,190003,1,0.8028315825604443
BASE_x_R1a,5,test,190176,0,0.5505732996003024
BASE_x_R1a,5,test,193149,0,0.7657005450858453
BASE_x_R1a,5,test,200131,1,0.8528044187222509
BASE_x_R1a,5,test,202831,1,0.751629569858061
BASE_x_R1a,5,test,203211,0,0.2722375765833731
BASE_x_R1a,5,test,203640,1,0.7498834844115059
BASE_x_R1a,5,test,207468,1,0.8198502232341357
BASE_x_R1a,5,test,208652,1,0.4741346434510435
BASE_x_R1a,5,test,229959,1,0.7264288299811896
BASE_x_R1a,5,test,230010,1,0.8713938381773108
BASE_x_R1a,5,test,232490,0,0.456255621402571
BASE_x_R1a,5,test,233916,0,0.5757534597753741
BASE_x_R1a,5,test,234471,0,0.12963641341202933
BASE_x_R1a,5,test,236299,1,0.6012428549968449
BASE_x_R1a,5,test,240229,0,0.2816068981058328
BASE_x_R1a,5,test,240314,1,0.4519047355531931
BASE_x_R1a,5,test,243108,1,0.7682430997102196
BASE_x_R1a,5,test,250983,0,0.7216962976213885
BASE_x_R1a,5,test,270408,1,0.6172932251640846
BASE_x_R1a,5,test,271883,1,0.7177826747435521
BASE_x_R1a,5,test,273148,1,0.8599869542224091
BASE_x_R1a,5,test,278009,1,0.4828861412745165
BASE_x_R1a,5,test,278134,1,0.7406482471184236
BASE_x_R1a,5,test,280650,1,0.9151073094433246
BASE_x_R1a,5,test,284088,0,0.7750942381517291
BASE_x_R1a,5,test,285801,1,0.5451790013830355
BASE_x_R1a,5,test,293922,0,0.6652224604020006
BASE_x_R1a,5,test,297313,0,0.3487517230792427
BASE_x_R1a,5,test,297709,0,0.3164780545105977
BASE_x_R1a,5,test,298058,1,0.6112962096005716
BASE_x_R1a,5,test,298955,0,0.7430972945766173
BASE_x_R1a,5,test,299567,0,0.3931304509025877
BASE_x_R1a,5,test,299698,1,0.8423063208898778
BASE_x_R1a,5,test,300925,1,0.5414062955270325
BASE_x_R1a,5,test,302506,1,0.5748288529091556
BASE_x_R1a,5,test,304034,0,0.17339131184454767
BASE_x_R1a,5,test,305034,0,0.137883985330467
BASE_x_R1a,5,test,306770,0,0.7297341990755261
BASE_x_R1a,5,test,312810,1,0.8030430107729256
BASE_x_R1a,5,test,319311,0,0.3402423564156464
BASE_x_R1a,5,test,323939,0,0.5019116113508985
BASE_x_R1a,5,test,327943,1,0.7189232408925987
BASE_x_R1a,5,test,330889,1,0.7856505225129715
BASE_x_R1a,5,test,331198,1,0.6398836110589982
BASE_x_R1a,5,test,337613,1,0.8694226871076798
BASE_x_R1a,5,test,338963,1,0.487015896137296
BASE_x_R1a,5,test,339319,1,0.8166234535480941
BASE_x_R1a,5,test,353886,0,0.5854087683718862
BASE_x_R1a,5,test,355783,0,0.42089615294428
BASE_x_R1a,5,test,361397,1,0.5023658329074
BASE_x_R1a,5,test,361443,1,0.8371005735449769
BASE_x_R1a,5,test,364502,1,0.43794977662152773
BASE_x_R1a,5,test,379648,0,0.30616696496427004
BASE_x_R1a,5,test,392913,1,0.6796310386990766
BASE_x_R1a,5,test,396655,0,0.6406058004436409
BASE_x_R1a,5,test,399013,1,0.7382293676634403
BASE_x_R1a,5,test,408105,0,0.7156624005140518
BASE_x_R1a,5,test,413111,1,0.7378208122841718
BASE_x_R1a,5,test,414906,0,0.15609877180943238
BASE_x_R1a,5,test,424946,0,0.2707834673633121
BASE_x_R1a,5,test,427909,0,0.6830584663950063
BASE_x_R1a,5,test,433233,1,0.4759321447186375
BASE_x_R1a,5,test,436295,1,0.8120565266252963
BASE_x_R1a,5,test,438536,0,0.5845777285571765
BASE_x_R1a,5,test,438848,1,0.8261965234220462
BASE_x_R1a,5,test,439090,1,0.2797874155175189
BASE_x_R1a,5,test,442019,0,0.587660827564316
BASE_x_R1a,5,test,445318,0,0.5101028818120262
BASE_x_R1a,5,test,445993,1,0.8629135681269322
BASE_x_R1a,5,test,458943,0,0.09668467902940671
BASE_x_R1a,5,test,460422,1,0.3786779102975361
BASE_x_R1a,5,test,461519,1,0.637478783160149
BASE_x_R1a,5,test,465292,1,0.8515110557843147
BASE_x_R1a,5,test,465401,1,0.6490085004536187
BASE_x_R1a,5,test,468548,1,0.2569542586291977
BASE_x_R1a,5,test,469812,0,0.521231725321169
BASE_x_R1a,5,test,469865,1,0.6674109086822674
BASE_x_R1a,5,test,471227,0,0.5808038787288056
BASE_x_R1a,5,test,474601,1,0.4585294172608873
BASE_x_R1a,5,test,480021,0,0.6948526625546526
BASE_x_R1a,5,test,486892,0,0.550348451593404
BASE_x_R1a,5,test,488255,0,0.39588334740667447
BASE_x_R1a,5,test,489167,1,0.6370571774611168
BASE_x_R1a,5,test,493415,1,0.6711049946412093
BASE_x_R1a,5,test,496270,1,0.6167052621460838
BASE_x_R1a,5,test,498774,1,0.7742881530250295
BASE_x_R1a,5,test,504132,1,0.9258375463285824
BASE_x_R1a,5,test,507011,1,0.5152413051350765
BASE_x_R1a,5,test,511018,0,0.6577046613931146
BASE_x_R1a,5,test,512180,1,0.7588385738307051
BASE_x_R1a,5,test,513568,0,0.30931781411690173
BASE_x_R1a,5,test,517848,1,0.7290904136502165
BASE_x_R1a,5,test,520017,0,0.34958945038098355
BASE_x_R1a,5,test,530038,1,0.7087291648772965
BASE_x_R1a,5,test,531462,1,0.5871054515906042
BASE_x_R1a,5,test,534835,1,0.31170358082295163
BASE_x_R1a,5,test,535178,1,0.6962128144209266
BASE_x_R1a,5,test,536935,1,0.5601121868335508
BASE_x_R1a,5,test,539648,0,0.43507766421539146
BASE_x_R1a,5,test,546258,1,0.7637190958005889
BASE_x_R1a,5,test,547939,1,0.7522275841655648
BASE_x_R1a,5,test,555492,0,0.33501800325740794
BASE_x_R1a,5,test,556177,0,0.47258445827814344
BASE_x_R1a,5,test,559178,1,0.7159724506774485
BASE_x_R1a,5,test,559210,0,0.35447705980493327
BASE_x_R1a,5,test,563033,0,0.5669515671076063
BASE_x_R1a,5,test,564394,0,0.3671724803024766
BASE_x_R1a,5,test,565908,0,0.7478036142375286
BASE_x_R1a,5,test,568516,0,0.3060103373720344
BASE_x_R1a,5,test,573425,1,0.6118475247040964
BASE_x_R1a,5,test,573710,1,0.6708669794173511
BASE_x_R1a,5,test,575322,1,0.6368317784679708
BASE_x_R1a,5,test,577067,1,0.7507499234633366
BASE_x_R1a,5,test,578084,0,0.5200011780269574
BASE_x_R1a,5,test,580750,0,0.16745630773202982
BASE_x_R1a,5,test,581598,1,0.8734952365475174
BASE_x_R1a,5,test,584321,1,0.6930943305843418
BASE_x_R1a,5,test,589139,1,0.8091168273337233
BASE_x_R1a,5,test,592121,0,0.3860897316833711
BASE_x_R1a,5,test,595099,0,0.5257543037508622
BASE_x_R1a,5,test,595954,1,0.663589792715287
BASE_x_R1a,5,test,597579,1,0.5408339167362568
BASE_x_R1a,5,test,598657,1,0.7497392287394316
BASE_x_R1a,5,test,605762,0,0.2539687494933311
BASE_x_R1a,5,test,607482,1,0.8693806611255523
BASE_x_R1a,5,test,614612,1,0.4106366445887474
BASE_x_R1a,5,test,615248,0,0.43910642605192607
BASE_x_R1a,5,test,624010,0,0.26479223127506185
BASE_x_R1a,5,test,625501,0,0.5049455230021683
BASE_x_R1a,5,test,627587,1,0.7733927260692655
BASE_x_R1a,5,test,646127,1,0.8512868210480532
BASE_x_R1a,5,test,655410,1,0.7475056827387916
BASE_x_R1a,5,test,657533,1,0.7486041917290847
BASE_x_R1a,5,test,661211,0,0.4384716665019526
BASE_x_R1a,5,test,663130,1,0.5374660115415356
BASE_x_R1a,5,test,671325,0,0.2610568222571766
BASE_x_R1a,5,test,677383,0,0.3810375285450218
BASE_x_R1a,5,test,681205,1,0.6932934861683561
BASE_x_R1a,5,test,684963,1,0.8204785428254152
BASE_x_R1a,5,test,685328,0,0.7504147840361428
BASE_x_R1a,5,test,687171,1,0.6071849680612196
BASE_x_R1a,5,test,693326,1,0.8303498947625474
BASE_x_R1a,5,test,701498,1,0.5987606541356438
BASE_x_R1a,5,test,703834,1,0.7621101586934695
BASE_x_R1a,5,test,707069,1,0.8445394730583942
BASE_x_R1a,5,test,708388,1,0.7554562563087895
BASE_x_R1a,5,test,709722,1,0.47222832392373904
BASE_x_R1a,5,test,711099,1,0.6489801525894302
BASE_x_R1a,5,test,715221,1,0.5569649445701041
BASE_x_R1a,5,test,723474,0,0.4634679592457535
BASE_x_R1a,5,test,723511,1,0.4169849279634157
BASE_x_R1a,5,test,734424,1,0.6564536950341645
BASE_x_R1a,5,test,739116,1,0.4272672626527651
BASE_x_R1a,5,test,742551,0,0.6475932711712464
BASE_x_R1a,5,test,743318,0,0.3287991598896371
BASE_x_R1a,5,test,747710,0,0.6504288713933957
BASE_x_R1a,5,test,751252,0,0.62796541692815
BASE_x_R1a,5,test,752597,0,0.3508552256467049
BASE_x_R1a,5,test,752967,1,0.8450457322737072
BASE_x_R1a,5,test,763994,1,0.598810252065633
BASE_x_R1a,5,test,764119,1,0.2229377943220794
BASE_x_R1a,5,test,769720,1,0.8817650414729442
BASE_x_R1a,5,test,770052,0,0.5172139257241017
BASE_x_R1a,5,test,774678,1,0.5552120104299956
BASE_x_R1a,5,test,774766,0,0.5552713845505138
BASE_x_R1a,5,test,776324,1,0.5743942839650851
BASE_x_R1a,5,test,779240,0,0.6732298393180172
BASE_x_R1a,5,test,780355,1,0.6114073352243877
BASE_x_R1a,5,test,789824,0,0.19586635895594065
BASE_x_R1a,5,test,791392,1,0.5808043174537059
BASE_x_R1a,5,test,792243,0,0.6651937059996818
BASE_x_R1a,5,test,797407,0,0.38941833683681154
BASE_x_R1a,5,test,806762,0,0.26513053287411903
BASE_x_R1a,5,test,813972,1,0.5954126078132633
BASE_x_R1a,5,test,817995,1,0.7504256001562325
BASE_x_R1a,5,test,823325,0,0.6232600050899828
BASE_x_R1a,5,test,834393,0,0.3877218323896428
BASE_x_R1a,5,test,834515,0,0.6908395596286856
BASE_x_R1a,5,test,835833,1,0.7311555801621228
BASE_x_R1a,5,test,845803,1,0.4742043872424809
BASE_x_R1a,5,test,848723,1,0.41653847085819495
BASE_x_R1a,5,test,850702,1,0.6574388952617192
BASE_x_R1a,5,test,851146,1,0.8204543441582528
BASE_x_R1a,5,test,851816,0,0.3979677430856614
BASE_x_R1a,5,test,858697,1,0.7177084190854011
BASE_x_R1a,5,test,860360,1,0.6912103324742056
BASE_x_R1a,5,test,862990,0,0.2566596395614617
BASE_x_R1a,5,test,865987,0,0.46502375878211916
BASE_x_R1a,5,test,870328,0,0.5327650083952993
BASE_x_R1a,5,test,870371,1,0.6392558010050631
BASE_x_R1a,5,test,872844,1,0.7324633554147216
BASE_x_R1a,5,test,878721,0,0.5666998053921317
BASE_x_R1a,5,test,880844,1,0.8351553488271528
BASE_x_R1a,5,test,883229,0,0.6573232655842416
BASE_x_R1a,5,test,885836,1,0.711648676348508
BASE_x_R1a,5,test,899206,1,0.8308445939553307
BASE_x_R1a,5,test,900750,1,0.7354184957276528
BASE_x_R1a,5,test,900957,1,0.7762502662598243
BASE_x_R1a,5,test,947559,1,0.7828308773853871
BASE_x_R1a,5,test,950405,1,0.6458981531799859
BASE_x_R1a,5,test,951465,0,0.5230636847944096
BASE_x_R1a,5,test,952219,0,0.5266809957080164
BASE_x_R1a,5,test,954370,1,0.6372113914682819
BASE_x_R1a,5,test,959771,1,0.9374724461530869
BASE_x_R1a,5,test,962643,1,0.538120658302537
BASE_x_R1a,5,test,977714,1,0.8449008345688378
BASE_x_R1a,5,test,981610,0,0.5719702067344915
BASE_x_R1a,5,test,981736,0,0.5184277531442038
BASE_x_R1a,5,test,981850,1,0.7263943459326518
BASE_x_R1a,5,test,982545,1,0.4196212667437894
BASE_x_R1a,5,test,982817,0,0.20548961956074752
BASE_x_R1a,5,test,984065,0,0.2762893291467163
BASE_x_R1a,5,test,984395,1,0.41565128502563087
BASE_x_R1a,5,test,990510,1,0.7949371535941222
BASE_x_R1a,5,test,993712,0,0.3253603022518178
BASE_x_R1a,5,test,996551,0,0.5708211435514149
BASE_x_R1a,5,test,996860,0,0.5606727229597481
BASE_x_R1a,5,test,999001,1,0.6329189056765424
BASE_x_R1a,5,test,1002906,0,0.6393275641506369
BASE_x_R1a,5,test,1005741,1,0.8576885209165546
BASE_x_R1a,5,test,1006489,0,0.2920504533665104
BASE_x_R1a,5,test,1007757,1,0.4884488308662104
BASE_x_R1a,5,test,1012220,1,0.4019212626653858
BASE_x_R1a,5,test,1017249,1,0.3136730945356689
BASE_x_R1a,5,test,1048580,1,0.6782940216165639
BASE_x_R1a,5,test,1060429,0,0.3076133426999051
BASE_x_R1a,5,test,1061350,0,0.45866676027423736
BASE_x_R1a,5,test,1065613,0,0.5533892139010694
BASE_x_R1a,5,test,1066534,1,0.3223357056317656
BASE_x_R1a,5,test,1067406,1,0.42867854177622333
BASE_x_R1a,5,test,1067946,0,0.3755251067244068
BASE_x_R1a,5,test,1068069,1,0.6599909310143608
BASE_x_R1a,5,test,1068589,1,0.6405186880071124
BASE_x_R1a,5,test,1072271,1,0.6360688537450789
BASE_x_R1a,5,test,1073751,1,0.6459943774806892
BASE_x_R1a,5,test,1073839,0,0.350310000466533
BASE_x_R1a,5,test,1074188,1,0.34849117596224277
BASE_x_R1a,5,test,1074275,1,0.6750626371273891
BASE_x_R1a,5,test,1074753,0,0.5625964815916177
BASE_x_R1a,5,test,1077703,1,0.47997317940295836
BASE_x_R1a,5,test,1078976,1,0.4406378831466525
BASE_x_R1a,5,test,1079901,1,0.5659961502318204
BASE_x_R1a,5,test,1081059,1,0.6738260920476605
BASE_x_R1a,5,test,1083772,1,0.5841413141463893
BASE_x_R1a,5,test,1084347,0,0.5384341427161494
BASE_x_R1a,5,test,1085496,1,0.5571643631413695
BASE_x_R1a,5,test,1086129,1,0.633910978385159
BASE_x_R1a,5,test,1086530,1,0.9012166151896198
BASE_x_R1a,5,test,1086772,1,0.7909157832180185
BASE_x_R1a,5,test,1086991,0,0.5605273793285764
BASE_x_R1a,5,test,1088555,0,0.2723608557352366
BASE_x_R1a,5,test,1089436,0,0.7721264548787992
BASE_x_R1a,5,test,1090932,1,0.6985105738785832
BASE_x_R1a,5,test,1091014,1,0.3775712713257741
BASE_x_R1a,5,test,1091585,0,0.5340213700399941
BASE_x_R1a,5,test,1091670,1,0.8350197642020845
BASE_x_R1a,5,test,1092408,1,0.6002944311640023
BASE_x_R1a,5,test,1092655,1,0.760844348143483
BASE_x_R1a,5,test,1092948,1,0.5934748603233809
BASE_x_R1a,5,test,1092954,1,0.7234822255435622
BASE_x_R1a,5,test,1092970,0,0.5994578352400058
BASE_x_R1a,5,test,1093200,0,0.23235287243354544
BASE_x_R1a,5,test,1093650,1,0.7006334096836213
BASE_x_R1a,5,test,1093992,0,0.5115453436815558
BASE_x_R1a,5,test,1094046,1,0.5915071544562412
BASE_x_R1a,5,test,1094456,1,0.36914635595331197
BASE_x_R1a,5,test,1094897,1,0.6659178480451619
BASE_x_R1a,5,test,1095773,1,0.8456382871896446
BASE_x_R1a,5,test,1095881,1,0.6855045927584836
BASE_x_R1a,5,test,1096586,0,0.16669265729300187
BASE_x_R1a,5,test,1098420,0,0.30826651111793024
BASE_x_R1a,5,test,1098855,1,0.787848315826485
BASE_x_R1a,5,test,1099078,1,0.6841088916364698
BASE_x_R1a,5,test,1099234,1,0.7732457084310331
BASE_x_R1a,5,test,1099756,1,0.4942376500912967
BASE_x_R1a,5,test,1101157,1,0.7708323076685838
BASE_x_R1a,5,test,1101644,1,0.2834839966112307
BASE_x_R1a,5,test,1103054,0,0.23245772983075097
BASE_x_R1a,5,test,1103628,0,0.33533236463472826
BASE_x_R1a,5,test,1104470,1,0.8131333144781193
BASE_x_R1a,5,test,1105299,0,0.5198416489629719
BASE_x_R1a,5,test,1106596,0,0.5721532859839711
BASE_x_R1a,5,test,1106632,0,0.19556952683550455
BASE_x_R1a,5,test,1107631,1,0.6158212829280313
BASE_x_R1a,5,test,1108929,1,0.6029623916228743
BASE_x_R1a,5,test,1108956,0,0.6061142392848408
BASE_x_R1a,5,test,1109275,1,0.8484995574065737
BASE_x_R1a,5,test,1109280,1,0.7452929025621944
BASE_x_R1a,5,test,1109612,1,0.9274949935990278
BASE_x_R1a,5,test,1109771,0,0.35364966357173655
BASE_x_R1a,5,test,1109829,1,0.7293328711003726
BASE_x_R1a,5,test,1110598,0,0.4815372255396152
BASE_x_R1a,5,test,1111920,1,0.34796910331771974
BASE_x_R1a,5,test,1112111,1,0.6277014841787081
BASE_x_R1a,5,test,1112999,0,0.11773228029921876
BASE_x_R1a,5,test,1113133,0,0.3142004412152642
BASE_x_R1a,5,test,1113398,1,0.651363217349394
BASE_x_R1a,5,test,1113536,0,0.3777546792121516
BASE_x_R1a,5,test,1113857,0,0.694968227135734
BASE_x_R1a,5,test,1114801,0,0.8619791316796617
BASE_x_R1a,5,test,1115112,0,0.34966085430662536
BASE_x_R1a,5,test,1115144,0,0.5016208547907841
BASE_x_R1a,5,test,1116007,0,0.8123617006649694
BASE_x_R1a,5,test,1116385,1,0.6822020805718414
BASE_x_R1a,5,test,1117063,0,0.3620286378971295
BASE_x_R1a,5,test,1117869,1,0.7788508904342335
BASE_x_R1a,5,test,1118291,0,0.6953192279897819
BASE_x_R1a,5,test,1118652,0,0.11198991152842737
BASE_x_R1a,5,test,1118943,1,0.46668375638807874
BASE_x_R1a,5,test,1119929,0,0.780802697660989
BASE_x_R1a,5,test,1120325,1,0.8510366855858229
BASE_x_R1a,5,test,1121623,1,0.6830383889062523
BASE_x_R1a,5,test,1121926,1,0.5461911498066329
BASE_x_R1a,5,test,1121927,1,0.835018638962078
BASE_x_R1a,5,test,1122004,0,0.14837066314321842
BASE_x_R1a,5,test,1122034,1,0.8318360427760794
BASE_x_R1a,5,test,1122148,0,0.5043751582292546
BASE_x_R1a,5,test,1122185,1,0.5728003531535326
BASE_x_R1a,5,test,1122658,1,0.6993743195830365
BASE_x_R1a,5,test,1122659,1,0.706998520908765
BASE_x_R1a,5,test,1122888,1,0.6098407554842357
BASE_x_R1a,5,test,1123205,0,0.5031665173709798
BASE_x_R1a,5,test,1123350,1,0.7910721317249977
BASE_x_R1a,5,test,1123435,1,0.471022121855426
BASE_x_R1a,5,test,1123559,0,0.44974035176882055
BASE_x_R1a,5,test,1124477,1,0.39676667071797767
BASE_x_R1a,5,test,1124806,1,0.28892037000348325
BASE_x_R1a,5,test,1125468,1,0.7219429999092408
BASE_x_R1a,5,test,1125748,1,0.6871911136085577
BASE_x_R1a,5,test,1126656,0,0.5380824300717003
BASE_x_R1a,5,test,1128027,1,0.6579247680227241
BASE_x_R1a,5,test,1128042,1,0.34142132575192086
BASE_x_R1a,5,test,1128467,1,0.5218255123503663
BASE_x_R1a,5,test,1129711,0,0.4880460239958711
BASE_x_R1a,5,test,1129979,1,0.6694273900076613
BASE_x_R1a,5,test,1130161,1,0.23591570137874102
BASE_x_R1a,5,test,1130530,0,0.7152489845221848
BASE_x_R1a,5,test,1132010,0,0.25730580229368677
BASE_x_R1a,5,test,1132205,1,0.756408670949508
BASE_x_R1a,5,test,1132465,1,0.7062978225679002
BASE_x_R1a,5,test,1132536,0,0.6779956080749446
BASE_x_R1a,5,test,1132889,1,0.6647585070355766
BASE_x_R1a,5,test,1133011,0,0.6309402795631823
BASE_x_R1a,5,test,1133778,1,0.8727514368730853
BASE_x_R1a,5,test,1136279,0,0.5003819619329625
BASE_x_R1a,5,test,1136946,0,0.2936661363277291
BASE_x_R1a,5,test,1137555,1,0.8226671998616335
BASE_x_R1a,5,test,1138091,1,0.5685683903654065
BASE_x_R1a,5,test,1138321,1,0.6767883270994187
BASE_x_R1a,5,test,1138757,1,0.43832648490402953
BASE_x_R1a,5,test,1142126,0,0.3899202846827666
BASE_x_R1a,5,test,1142206,1,0.8489406542351406
BASE_x_R1a,5,test,1142753,1,0.8000372818863991
BASE_x_R1a,5,test,1142989,1,0.5233085006264091
BASE_x_R1a,5,test,1143869,0,0.4102503213611179
BASE_x_R1a,5,test,1143964,1,0.58346633347253
BASE_x_R1a,5,test,1144260,0,0.6710966086245819
BASE_x_R1a,5,test,1144336,1,0.8588605143307194
BASE_x_R1a,5,test,1144580,1,0.495586390980727
BASE_x_R1a,5,test,1144614,1,0.5180633634979159
BASE_x_R1a,5,test,1145815,1,0.6042845987281266
BASE_x_R1a,5,test,1145969,1,0.7547802802290507
BASE_x_R1a,5,test,1146318,1,0.55391829668938
BASE_x_R1a,5,test,1146697,1,0.8312919895704751
BASE_x_R1a,5,test,1146999,1,0.8556841596087992
BASE_x_R1a,5,test,1147005,0,0.4269611412945992
BASE_x_R1a,5,test,1147010,1,0.5957348544844239
BASE_x_R1a,5,test,1147201,1,0.5951343210528538
BASE_x_R1a,5,test,1147525,1,0.8365409086495952
BASE_x_R1a,5,test,1147707,1,0.7875335724484972
BASE_x_R1a,5,test,1148756,1,0.5732507728972547
BASE_x_R1a,5,test,1149906,0,0.677214890831756
BASE_x_R1a,5,test,1150401,0,0.3755521602005246
BASE_x_R1a,5,test,1151371,1,0.42018705663730577
BASE_x_R1a,5,test,1151422,1,0.8221140846157151
BASE_x_R1a,5,test,1152038,1,0.3879079545360261
BASE_x_R1a,5,test,1152408,0,0.43754313735462785
BASE_x_R1a,5,test,1152629,1,0.4852024083497231
BASE_x_R1a,5,test,1152732,1,0.2304087984398833
BASE_x_R1a,5,test,1152877,0,0.3245795473973169
BASE_x_R1a,5,test,1154652,0,0.33525065896497525
BASE_x_R1a,5,test,1155638,1,0.7443792883457054
BASE_x_R1a,5,test,1156057,0,0.38743262920593374
BASE_x_R1a,5,test,1156251,1,0.21172555882171018
BASE_x_R1a,5,test,1156261,1,0.3883974879887947
BASE_x_R1a,5,test,1156386,1,0.6375253979222655
BASE_x_R1a,5,test,1156634,1,0.8324280548402179
BASE_x_R1a,5,test,1156887,1,0.5979405347030362
BASE_x_R1a,5,test,1157000,1,0.7313257980927702
BASE_x_R1a,5,test,1157101,1,0.718927303559419
BASE_x_R1a,5,test,1205869,1,0.5320340436847439
BASE_x_R1a,5,test,1205937,0,0.23221192890108347
BASE_x_R1a,5,test,1206184,1,0.2962335331694529
BASE_x_R1a,5,test,1206334,0,0.20679448833115213
BASE_x_R1a,5,test,1206759,0,0.26805637293541335
BASE_x_R1a,5,test,1206766,1,0.5171923800403058
BASE_x_R1a,5,test,1207535,1,0.42877788851736043
BASE_x_R1a,5,test,1207571,1,0.7200744670735254
BASE_x_R1a,5,test,1208182,0,0.4522642435121588
BASE_x_R1a,5,test,1208561,1,0.6869921598288307
BASE_x_R1a,5,test,1209069,1,0.5458382016729061
BASE_x_R1a,5,test,1209182,1,0.6971108624179801
BASE_x_R1a,5,test,1209531,0,0.16523379118021886
BASE_x_R1a,5,test,1209776,0,0.3997958599344384
BASE_x_R1a,5,test,1209908,0,0.7166603250490964
BASE_x_R1a,5,test,1209975,1,0.4906025531177052
BASE_x_R1a,5,test,1210024,0,0.479720126011015
BASE_x_R1a,5,test,1210100,0,0.3448207266610745
BASE_x_R1a,5,test,1210663,1,0.5484649279579025
BASE_x_R1a,5,test,1210765,1,0.733714110370575
BASE_x_R1a,5,test,1210809,1,0.7262633201460339
BASE_x_R1a,5,test,1210816,1,0.7921849827373504
BASE_x_R1a,5,test,1211321,1,0.40123328866127117
BASE_x_R1a,5,test,1211380,1,0.3241654011044491
BASE_x_R1a,5,test,1211505,1,0.6533534809569944
BASE_x_R1a,5,test,1211778,0,0.2454908379222135
BASE_x_R1a,5,test,1212601,1,0.36817192042196867
BASE_x_R1a,5,test,1212705,1,0.6421028455639224
BASE_x_R1a,5,test,1212738,1,0.8538489390171909
BASE_x_R1a,5,test,1213016,1,0.6380741719217355
BASE_x_R1a,5,test,1213041,1,0.6803958148984974
BASE_x_R1a,5,test,1213071,1,0.4242871200451301
BASE_x_R1a,5,test,1213526,1,0.7990783502748254
BASE_x_R1a,5,test,1214345,1,0.7994231155931584
BASE_x_R1a,5,test,1214456,0,0.7058879074526625
BASE_x_R1a,5,test,1214659,1,0.6235533512276495
BASE_x_R1a,5,test,1215921,1,0.481147571571368
BASE_x_R1a,5,test,1216247,1,0.7510278459976789
BASE_x_R1a,5,test,1216776,1,0.3178699057459759
BASE_x_R1a,5,test,1217218,0,0.31435435668346495
BASE_x_R1a,5,test,1217240,0,0.2937371000415696
BASE_x_R1a,5,test,1217415,1,0.655312306648802
BASE_x_R1a,5,test,1217519,1,0.5865861168107493
BASE_x_R1a,5,test,1218010,1,0.5543553536716292
BASE_x_R1a,5,test,1218288,1,0.47752991883080803
BASE_x_R1a,5,test,1218335,1,0.7066049557517081
BASE_x_R1a,5,test,1218726,1,0.5962389419923118
BASE_x_R1a,5,test,1219099,0,0.5702450921928217
BASE_x_R1a,5,test,1219620,0,0.5121264391164589
BASE_x_R1a,5,test,1219853,1,0.38438796039418627
BASE_x_R1a,5,test,1219950,1,0.43513073257445123
BASE_x_R1a,5,test,1220209,0,0.31333695303085896
BASE_x_R1a,5,test,1220226,0,0.3215873936677928
BASE_x_R1a,5,test,1220605,1,0.5041936212676275
BASE_x_R1a,5,test,1220694,1,0.5129780305721251
BASE_x_R1a,5,test,1220796,1,0.7687540639867011
BASE_x_R1a,5,test,1220871,0,0.5486179334357645
BASE_x_R1a,5,test,1220940,1,0.6842899434498148
BASE_x_R1a,5,test,1221128,1,0.7537154660659214
BASE_x_R1a,5,test,1221682,1,0.7493771703994608
BASE_x_R1a,5,test,1221892,1,0.7514610504565651
BASE_x_R1a,5,test,1222069,1,0.766941150462924
BASE_x_R1a,5,test,1222424,1,0.5114110948466069
BASE_x_R1a,5,test,1222642,0,0.46442724032009397
BASE_x_R1a,5,test,1222907,1,0.7729258369317946
BASE_x_R1a,5,test,1223289,0,0.23023138208276803
BASE_x_R1a,5,test,1223459,1,0.8812360894300825
BASE_x_R1a,5,test,1224137,1,0.6947605634058186
BASE_x_R1a,5,test,1224488,1,0.6984391989928156
BASE_x_R1a,5,test,1224536,1,0.5433867087837391
BASE_x_R1a,5,test,1224547,1,0.4827771023186482
BASE_x_R1a,5,test,1224698,0,0.31119157128199654
BASE_x_R1a,5,test,1224968,1,0.4643611728141544
BASE_x_R1a,5,test,1225388,0,0.6214888772582401
BASE_x_R1a,5,test,1225605,0,0.6086399729794963
BASE_x_R1a,5,test,1225751,1,0.5820839312385266
BASE_x_R1a,5,test,1225914,0,0.3782458221735193
BASE_x_R1a,5,test,1227192,1,0.5924969951294581
BASE_x_R1a,5,test,1228588,1,0.6425817876871946
BASE_x_R1a,5,test,1228820,0,0.391928037970859
BASE_x_R1a,5,test,1228842,0,0.1759314401834301
BASE_x_R1a,5,test,1229147,0,0.4251600159960258
BASE_x_R1a,5,test,1229368,0,0.37293023302216305
BASE_x_R1a,5,test,1230581,0,0.6175852168626971
BASE_x_R1a,5,test,1231535,1,0.3598844959599745
BASE_x_R1a,5,test,1231778,0,0.2504220331407533
BASE_x_R1a,5,test,1231979,1,0.6267087970990678
BASE_x_R1a,5,test,1232273,1,0.5858657065652846
BASE_x_R1a,5,test,1233032,1,0.7613956087863549
BASE_x_R1a,5,test,1233158,0,0.30428283121501726
BASE_x_R1a,5,test,1233508,1,0.6997460794494657
BASE_x_R1a,5,test,1233618,0,0.5971253156927199
BASE_x_R1a,5,test,1233791,1,0.3426047944700584
BASE_x_R1a,5,test,1234275,1,0.5605290700876011
BASE_x_R1a,5,test,1234348,1,0.8391824884705226
BASE_x_R1a,5,test,1234553,0,0.7088825728182891
BASE_x_R1a,5,test,1234804,1,0.494968551285327
BASE_x_R1a,5,test,1234875,1,0.8356089420229312
BASE_x_R1a,5,test,1235058,1,0.712182728009476
BASE_x_R1a,5,test,1235697,1,0.744833505177708
BASE_x_R1a,5,test,1235777,1,0.536065116734091
BASE_x_R1a,5,test,1236418,1,0.19892453725330053
BASE_x_R1a,5,test,1236905,0,0.8884723143783622
BASE_x_R1a,5,test,1236938,1,0.850181205146899
BASE_x_R1a,5,test,1237033,1,0.4618072933968741
BASE_x_R1a,5,test,1237390,1,0.6742415626828471
BASE_x_R1a,5,test,1237647,0,0.3692658994257219
BASE_x_R1a,5,test,1237971,1,0.7013200423202298
BASE_x_R1a,5,test,1238156,1,0.6057581683011883
BASE_x_R1a,5,test,1238245,1,0.763365013895666
BASE_x_R1a,5,test,1238348,0,0.6536984509800808
BASE_x_R1a,5,test,1238464,1,0.7199666023637625
BASE_x_R1a,5,test,1238497,1,0.34766196304726976
BASE_x_R1a,5,test,1238523,1,0.5845920906030981
BASE_x_R1a,5,test,1238603,0,0.354223303882739
BASE_x_R1a,5,test,1238664,1,0.8037669336595621
BASE_x_R1a,5,test,1238865,1,0.3045796556391545
BASE_x_R1a,5,test,1238964,1,0.494332007911201
BASE_x_R1a,5,test,1239034,0,0.7481047386608407
BASE_x_R1a,5,test,1239135,1,0.3039504594233633
BASE_x_R1a,5,test,1239212,0,0.26985749357043487
BASE_x_R1a,5,test,1239597,1,0.5287201765457351
BASE_x_R1a,5,test,1240282,0,0.4555986570339568
BASE_x_R1a,5,test,1240598,1,0.663060890212731
BASE_x_R1a,5,test,1241018,1,0.6981505396212353
BASE_x_R1a,5,test,1241104,0,0.48890511258477803
BASE_x_R1a,5,test,1241185,0,0.2526316129679037
BASE_x_R1a,5,test,1241362,1,0.6891177580624892
BASE_x_R1a,5,test,1242413,1,0.5431387276657869
BASE_x_R1a,5,test,1242451,1,0.8531043821319858
BASE_x_R1a,5,test,1242508,1,0.8110004176821671
BASE_x_R1a,5,test,1242535,1,0.7040517353014856
BASE_x_R1a,5,test,1243018,1,0.5218050442282912
BASE_x_R1a,5,test,1243442,0,0.5516354540948543
BASE_x_R1a,5,test,1243992,1,0.7134188579063104
BASE_x_R1a,5,test,1244363,0,0.2667877574416604
BASE_x_R1a,5,test,1245905,1,0.4495352995426795
BASE_x_R1a,5,test,1245961,0,0.49717884530696677
BASE_x_R1a,5,test,1246508,0,0.4109675285356588
BASE_x_R1a_resid,5,test,1122,0,0.6958247959089284
BASE_x_R1a_resid,5,test,13412,1,0.4698367596923
BASE_x_R1a_resid,5,test,16787,0,0.5975094520976806
BASE_x_R1a_resid,5,test,18871,0,0.5168654965191061
BASE_x_R1a_resid,5,test,26806,1,0.6194027011153641
BASE_x_R1a_resid,5,test,32577,0,0.4395270177310745
BASE_x_R1a_resid,5,test,43310,1,0.8351320638003997
BASE_x_R1a_resid,5,test,48545,0,0.24641431669858194
BASE_x_R1a_resid,5,test,52609,1,0.4408264425490714
BASE_x_R1a_resid,5,test,68648,0,0.827356663839849
BASE_x_R1a_resid,5,test,72256,1,0.7159901696922296
BASE_x_R1a_resid,5,test,79057,1,0.7565153301642035
BASE_x_R1a_resid,5,test,87339,1,0.5869180034807193
BASE_x_R1a_resid,5,test,88424,1,0.8080107756253365
BASE_x_R1a_resid,5,test,91249,1,0.47472008254174697
BASE_x_R1a_resid,5,test,93002,1,0.8547156213343494
BASE_x_R1a_resid,5,test,98629,1,0.36270404823291813
BASE_x_R1a_resid,5,test,101232,1,0.4958192751919362
BASE_x_R1a_resid,5,test,102640,1,0.5066636537149355
BASE_x_R1a_resid,5,test,109213,1,0.5002043060589397
BASE_x_R1a_resid,5,test,112047,1,0.6785984647644615
BASE_x_R1a_resid,5,test,112715,1,0.7998518839113252
BASE_x_R1a_resid,5,test,120088,1,0.5049978128692172
BASE_x_R1a_resid,5,test,124990,0,0.3442327180369941
BASE_x_R1a_resid,5,test,131092,1,0.8212342682593717
BASE_x_R1a_resid,5,test,147982,1,0.5109122834970633
BASE_x_R1a_resid,5,test,153929,1,0.6701612789011188
BASE_x_R1a_resid,5,test,154041,1,0.6717370064830815
BASE_x_R1a_resid,5,test,154147,1,0.7825429950554326
BASE_x_R1a_resid,5,test,156299,1,0.6899751561791642
BASE_x_R1a_resid,5,test,157463,1,0.6123603778587282
BASE_x_R1a_resid,5,test,157774,1,0.5667792025111604
BASE_x_R1a_resid,5,test,160499,1,0.6688287921855897
BASE_x_R1a_resid,5,test,160524,0,0.28785938695327945
BASE_x_R1a_resid,5,test,164291,1,0.39422201710012067
BASE_x_R1a_resid,5,test,167963,1,0.7666800145296407
BASE_x_R1a_resid,5,test,169449,1,0.762616782254681
BASE_x_R1a_resid,5,test,174626,1,0.7270838691557803
BASE_x_R1a_resid,5,test,181034,1,0.7384401393830583
BASE_x_R1a_resid,5,test,183219,0,0.6844063363514065
BASE_x_R1a_resid,5,test,184161,1,0.7999133581760433
BASE_x_R1a_resid,5,test,184874,1,0.6277320552805176
BASE_x_R1a_resid,5,test,189685,0,0.46251991120079383
BASE_x_R1a_resid,5,test,190003,1,0.8290863332215634
BASE_x_R1a_resid,5,test,190176,0,0.4973443515958688
BASE_x_R1a_resid,5,test,193149,0,0.8357951206667503
BASE_x_R1a_resid,5,test,200131,1,0.8445227516272807
BASE_x_R1a_resid,5,test,202831,1,0.7900908419235573
BASE_x_R1a_resid,5,test,203211,0,0.33208151570278005
BASE_x_R1a_resid,5,test,203640,1,0.6898119897583175
BASE_x_R1a_resid,5,test,207468,1,0.8612927523845885
BASE_x_R1a_resid,5,test,208652,1,0.49211107220333083
BASE_x_R1a_resid,5,test,229959,1,0.728055586363608
BASE_x_R1a_resid,5,test,230010,1,0.8579744663015433
BASE_x_R1a_resid,5,test,232490,0,0.4405961656779127
BASE_x_R1a_resid,5,test,233916,0,0.634507850948251
BASE_x_R1a_resid,5,test,234471,0,0.23513547849847974
BASE_x_R1a_resid,5,test,236299,1,0.5718252041110559
BASE_x_R1a_resid,5,test,240229,0,0.36804961590452767
BASE_x_R1a_resid,5,test,240314,1,0.46074822073587596
BASE_x_R1a_resid,5,test,243108,1,0.7731420759899573
BASE_x_R1a_resid,5,test,250983,0,0.6971756321578525
BASE_x_R1a_resid,5,test,270408,1,0.5473518635406411
BASE_x_R1a_resid,5,test,271883,1,0.6929137934479462
BASE_x_R1a_resid,5,test,273148,1,0.8310335526785826
BASE_x_R1a_resid,5,test,278009,1,0.5335188606934793
BASE_x_R1a_resid,5,test,278134,1,0.6663667841739866
BASE_x_R1a_resid,5,test,280650,1,0.9429427892477943
BASE_x_R1a_resid,5,test,284088,0,0.8005529473309436
BASE_x_R1a_resid,5,test,285801,1,0.6070964694680068
BASE_x_R1a_resid,5,test,293922,0,0.6610311137710561
BASE_x_R1a_resid,5,test,297313,0,0.36153159935391294
BASE_x_R1a_resid,5,test,297709,0,0.3456321365112995
BASE_x_R1a_resid,5,test,298058,1,0.6292536277521761
BASE_x_R1a_resid,5,test,298955,0,0.748960922093481
BASE_x_R1a_resid,5,test,299567,0,0.41796394252191177
BASE_x_R1a_resid,5,test,299698,1,0.8801372170465234
BASE_x_R1a_resid,5,test,300925,1,0.5826312511350875
BASE_x_R1a_resid,5,test,302506,1,0.5574266441263331
BASE_x_R1a_resid,5,test,304034,0,0.2160919352285681
BASE_x_R1a_resid,5,test,305034,0,0.12610466782516583
BASE_x_R1a_resid,5,test,306770,0,0.7204509313920466
BASE_x_R1a_resid,5,test,312810,1,0.7970786525917714
BASE_x_R1a_resid,5,test,319311,0,0.3152882395846936
BASE_x_R1a_resid,5,test,323939,0,0.4557535863695032
BASE_x_R1a_resid,5,test,327943,1,0.7161842285218765
BASE_x_R1a_resid,5,test,330889,1,0.7865578897044726
BASE_x_R1a_resid,5,test,331198,1,0.611527120975699
BASE_x_R1a_resid,5,test,337613,1,0.8618977276324565
BASE_x_R1a_resid,5,test,338963,1,0.5298963837719323
BASE_x_R1a_resid,5,test,339319,1,0.7907173345328528
BASE_x_R1a_resid,5,test,353886,0,0.5849574693012622
BASE_x_R1a_resid,5,test,355783,0,0.43716074404638094
BASE_x_R1a_resid,5,test,361397,1,0.581627736357091
BASE_x_R1a_resid,5,test,361443,1,0.823520412295326
BASE_x_R1a_resid,5,test,364502,1,0.4024374181244062
BASE_x_R1a_resid,5,test,379648,0,0.30745869706879786
BASE_x_R1a_resid,5,test,392913,1,0.723095155096802
BASE_x_R1a_resid,5,test,396655,0,0.6507190426395545
BASE_x_R1a_resid,5,test,399013,1,0.6633976671649533
BASE_x_R1a_resid,5,test,408105,0,0.7075970479016731
BASE_x_R1a_resid,5,test,413111,1,0.7649297122470581
BASE_x_R1a_resid,5,test,414906,0,0.14461890130892235
BASE_x_R1a_resid,5,test,424946,0,0.20384571326130702
BASE_x_R1a_resid,5,test,427909,0,0.6069297613231595
BASE_x_R1a_resid,5,test,433233,1,0.47013666915524543
BASE_x_R1a_resid,5,test,436295,1,0.8112886585489926
BASE_x_R1a_resid,5,test,438536,0,0.5595618403739597
BASE_x_R1a_resid,5,test,438848,1,0.8427155117682542
BASE_x_R1a_resid,5,test,439090,1,0.3362685050729525
BASE_x_R1a_resid,5,test,442019,0,0.6522791796266327
BASE_x_R1a_resid,5,test,445318,0,0.5620144018674493
BASE_x_R1a_resid,5,test,445993,1,0.8675794555198588
BASE_x_R1a_resid,5,test,458943,0,0.1339857427730264
BASE_x_R1a_resid,5,test,460422,1,0.30160848114949124
BASE_x_R1a_resid,5,test,461519,1,0.5869776589574602
BASE_x_R1a_resid,5,test,465292,1,0.8124581037017801
BASE_x_R1a_resid,5,test,465401,1,0.6412953074671427
BASE_x_R1a_resid,5,test,468548,1,0.2550066628854953
BASE_x_R1a_resid,5,test,469812,0,0.540678132517159
BASE_x_R1a_resid,5,test,469865,1,0.6552975387385725
BASE_x_R1a_resid,5,test,471227,0,0.5908053804587591
BASE_x_R1a_resid,5,test,474601,1,0.47423257810876196
BASE_x_R1a_resid,5,test,480021,0,0.6764173846161231
BASE_x_R1a_resid,5,test,486892,0,0.6256743890078039
BASE_x_R1a_resid,5,test,488255,0,0.3661257627792283
BASE_x_R1a_resid,5,test,489167,1,0.6676155244800206
BASE_x_R1a_resid,5,test,493415,1,0.6210573606153672
BASE_x_R1a_resid,5,test,496270,1,0.5678458140141225
BASE_x_R1a_resid,5,test,498774,1,0.8059017853050346
BASE_x_R1a_resid,5,test,504132,1,0.9160401028960201
BASE_x_R1a_resid,5,test,507011,1,0.5557209239171416
BASE_x_R1a_resid,5,test,511018,0,0.6980899912228391
BASE_x_R1a_resid,5,test,512180,1,0.7602659714621746
BASE_x_R1a_resid,5,test,513568,0,0.3167163955688858
BASE_x_R1a_resid,5,test,517848,1,0.7123908531398877
BASE_x_R1a_resid,5,test,520017,0,0.33539748173528655
BASE_x_R1a_resid,5,test,530038,1,0.7201449169472443
BASE_x_R1a_resid,5,test,531462,1,0.6501391246940506
BASE_x_R1a_resid,5,test,534835,1,0.2912999792905875
BASE_x_R1a_resid,5,test,535178,1,0.7404587996497538
BASE_x_R1a_resid,5,test,536935,1,0.5683372180133449
BASE_x_R1a_resid,5,test,539648,0,0.4001686001697391
BASE_x_R1a_resid,5,test,546258,1,0.8002300155047982
BASE_x_R1a_resid,5,test,547939,1,0.6890249545690225
BASE_x_R1a_resid,5,test,555492,0,0.42622034668997577
BASE_x_R1a_resid,5,test,556177,0,0.4741894936451351
BASE_x_R1a_resid,5,test,559178,1,0.6865093180404649
BASE_x_R1a_resid,5,test,559210,0,0.3525257600810765
BASE_x_R1a_resid,5,test,563033,0,0.5730935837265608
BASE_x_R1a_resid,5,test,564394,0,0.40867713006597056
BASE_x_R1a_resid,5,test,565908,0,0.7805590968088089
BASE_x_R1a_resid,5,test,568516,0,0.3009205807000874
BASE_x_R1a_resid,5,test,573425,1,0.5754791801625686
BASE_x_R1a_resid,5,test,573710,1,0.638180955010184
BASE_x_R1a_resid,5,test,575322,1,0.6419478712770997
BASE_x_R1a_resid,5,test,577067,1,0.7141592607677287
BASE_x_R1a_resid,5,test,578084,0,0.5794151854609596
BASE_x_R1a_resid,5,test,580750,0,0.16870860569272195
BASE_x_R1a_resid,5,test,581598,1,0.8596428674962507
BASE_x_R1a_resid,5,test,584321,1,0.6827419321419476
BASE_x_R1a_resid,5,test,589139,1,0.7679817048622557
BASE_x_R1a_resid,5,test,592121,0,0.4457468303234347
BASE_x_R1a_resid,5,test,595099,0,0.6531653562412241
BASE_x_R1a_resid,5,test,595954,1,0.5652376172507295
BASE_x_R1a_resid,5,test,597579,1,0.5898267394962935
BASE_x_R1a_resid,5,test,598657,1,0.8195547021527392
BASE_x_R1a_resid,5,test,605762,0,0.3014052554814146
BASE_x_R1a_resid,5,test,607482,1,0.8524611523230422
BASE_x_R1a_resid,5,test,614612,1,0.409260122903979
BASE_x_R1a_resid,5,test,615248,0,0.4649930811794157
BASE_x_R1a_resid,5,test,624010,0,0.2371515188912245
BASE_x_R1a_resid,5,test,625501,0,0.5818778348961829
BASE_x_R1a_resid,5,test,627587,1,0.7822775031654764
BASE_x_R1a_resid,5,test,646127,1,0.8364583950680543
BASE_x_R1a_resid,5,test,655410,1,0.7867422409225981
BASE_x_R1a_resid,5,test,657533,1,0.7016992257211393
BASE_x_R1a_resid,5,test,661211,0,0.4204224252105593
BASE_x_R1a_resid,5,test,663130,1,0.5770528057729816
BASE_x_R1a_resid,5,test,671325,0,0.21420909567246363
BASE_x_R1a_resid,5,test,677383,0,0.5412743232428778
BASE_x_R1a_resid,5,test,681205,1,0.6764891324101984
BASE_x_R1a_resid,5,test,684963,1,0.9006761455074964
BASE_x_R1a_resid,5,test,685328,0,0.6911576463918792
BASE_x_R1a_resid,5,test,687171,1,0.5900549783804935
BASE_x_R1a_resid,5,test,693326,1,0.7583192785906369
BASE_x_R1a_resid,5,test,701498,1,0.6613409092735917
BASE_x_R1a_resid,5,test,703834,1,0.7516672506537542
BASE_x_R1a_resid,5,test,707069,1,0.8177739423051575
BASE_x_R1a_resid,5,test,708388,1,0.783766320778147
BASE_x_R1a_resid,5,test,709722,1,0.4866709059399285
BASE_x_R1a_resid,5,test,711099,1,0.5773806228421503
BASE_x_R1a_resid,5,test,715221,1,0.5504022298088753
BASE_x_R1a_resid,5,test,723474,0,0.5001707690786088
BASE_x_R1a_resid,5,test,723511,1,0.4282941617470286
BASE_x_R1a_resid,5,test,734424,1,0.7234174571312004
BASE_x_R1a_resid,5,test,739116,1,0.38313202863256074
BASE_x_R1a_resid,5,test,742551,0,0.6042728856105484
BASE_x_R1a_resid,5,test,743318,0,0.4049588264271993
BASE_x_R1a_resid,5,test,747710,0,0.7035147443051344
BASE_x_R1a_resid,5,test,751252,0,0.7307378112672664
BASE_x_R1a_resid,5,test,752597,0,0.4094428925058215
BASE_x_R1a_resid,5,test,752967,1,0.8318903654627033
BASE_x_R1a_resid,5,test,763994,1,0.6597360371179886
BASE_x_R1a_resid,5,test,764119,1,0.2708080587144186
BASE_x_R1a_resid,5,test,769720,1,0.834118364370013
BASE_x_R1a_resid,5,test,770052,0,0.5741515021996251
BASE_x_R1a_resid,5,test,774678,1,0.5186121022760607
BASE_x_R1a_resid,5,test,774766,0,0.4771215123836828
BASE_x_R1a_resid,5,test,776324,1,0.5818730266017887
BASE_x_R1a_resid,5,test,779240,0,0.666097935721793
BASE_x_R1a_resid,5,test,780355,1,0.7332370563518071
BASE_x_R1a_resid,5,test,789824,0,0.28758372755520806
BASE_x_R1a_resid,5,test,791392,1,0.5790060932847465
BASE_x_R1a_resid,5,test,792243,0,0.7073674595713466
BASE_x_R1a_resid,5,test,797407,0,0.3628521373392634
BASE_x_R1a_resid,5,test,806762,0,0.2507716830925014
BASE_x_R1a_resid,5,test,813972,1,0.4983178400099936
BASE_x_R1a_resid,5,test,817995,1,0.7634776027587133
BASE_x_R1a_resid,5,test,823325,0,0.6461412987453861
BASE_x_R1a_resid,5,test,834393,0,0.36725827191665145
BASE_x_R1a_resid,5,test,834515,0,0.639860894528379
BASE_x_R1a_resid,5,test,835833,1,0.6838939658132959
BASE_x_R1a_resid,5,test,845803,1,0.4328029262946282
BASE_x_R1a_resid,5,test,848723,1,0.4523061712155124
BASE_x_R1a_resid,5,test,850702,1,0.6538184555330733
BASE_x_R1a_resid,5,test,851146,1,0.7523201414560468
BASE_x_R1a_resid,5,test,851816,0,0.3199973329502111
BASE_x_R1a_resid,5,test,858697,1,0.6771532010703818
BASE_x_R1a_resid,5,test,860360,1,0.6985823819410462
BASE_x_R1a_resid,5,test,862990,0,0.25146818698558776
BASE_x_R1a_resid,5,test,865987,0,0.5192514302014648
BASE_x_R1a_resid,5,test,870328,0,0.4819812557080474
BASE_x_R1a_resid,5,test,870371,1,0.6428010118399609
BASE_x_R1a_resid,5,test,872844,1,0.7626633080552171
BASE_x_R1a_resid,5,test,878721,0,0.6405980435227937
BASE_x_R1a_resid,5,test,880844,1,0.8287767227613966
BASE_x_R1a_resid,5,test,883229,0,0.6357175785907174
BASE_x_R1a_resid,5,test,885836,1,0.5923160270710789
BASE_x_R1a_resid,5,test,899206,1,0.8231111895876522
BASE_x_R1a_resid,5,test,900750,1,0.7130450508044917
BASE_x_R1a_resid,5,test,900957,1,0.7389461617178245
BASE_x_R1a_resid,5,test,947559,1,0.7142039929782265
BASE_x_R1a_resid,5,test,950405,1,0.6063017531902604
BASE_x_R1a_resid,5,test,951465,0,0.5309809395269618
BASE_x_R1a_resid,5,test,952219,0,0.556315947340926
BASE_x_R1a_resid,5,test,954370,1,0.6524805094958802
BASE_x_R1a_resid,5,test,959771,1,0.918347990385079
BASE_x_R1a_resid,5,test,962643,1,0.5031142725909348
BASE_x_R1a_resid,5,test,977714,1,0.743386898428101
BASE_x_R1a_resid,5,test,981610,0,0.5658902577562513
BASE_x_R1a_resid,5,test,981736,0,0.5136720282278847
BASE_x_R1a_resid,5,test,981850,1,0.7236823901035798
BASE_x_R1a_resid,5,test,982545,1,0.5323116581754399
BASE_x_R1a_resid,5,test,982817,0,0.22611630101214192
BASE_x_R1a_resid,5,test,984065,0,0.23832463303157175
BASE_x_R1a_resid,5,test,984395,1,0.45356407734808757
BASE_x_R1a_resid,5,test,990510,1,0.8322555784535421
BASE_x_R1a_resid,5,test,993712,0,0.3555465220437287
BASE_x_R1a_resid,5,test,996551,0,0.45059337275020567
BASE_x_R1a_resid,5,test,996860,0,0.5851687425996049
BASE_x_R1a_resid,5,test,999001,1,0.5858652872455021
BASE_x_R1a_resid,5,test,1002906,0,0.6878931815387892
BASE_x_R1a_resid,5,test,1005741,1,0.8665944749359785
BASE_x_R1a_resid,5,test,1006489,0,0.3665008715212395
BASE_x_R1a_resid,5,test,1007757,1,0.4302669908595146
BASE_x_R1a_resid,5,test,1012220,1,0.35362411749630046
BASE_x_R1a_resid,5,test,1017249,1,0.3438020273391534
BASE_x_R1a_resid,5,test,1048580,1,0.7755806370818599
BASE_x_R1a_resid,5,test,1060429,0,0.3276241727003709
BASE_x_R1a_resid,5,test,1061350,0,0.5129123172358291
BASE_x_R1a_resid,5,test,1065613,0,0.5268616523074497
BASE_x_R1a_resid,5,test,1066534,1,0.28262346531115495
BASE_x_R1a_resid,5,test,1067406,1,0.44527595792070296
BASE_x_R1a_resid,5,test,1067946,0,0.35435318466576055
BASE_x_R1a_resid,5,test,1068069,1,0.6147794446397007
BASE_x_R1a_resid,5,test,1068589,1,0.6756385588536378
BASE_x_R1a_resid,5,test,1072271,1,0.6734174481021274
BASE_x_R1a_resid,5,test,1073751,1,0.6668484013814521
BASE_x_R1a_resid,5,test,1073839,0,0.32508235507386174
BASE_x_R1a_resid,5,test,1074188,1,0.2916979642179103
BASE_x_R1a_resid,5,test,1074275,1,0.7120817158564887
BASE_x_R1a_resid,5,test,1074753,0,0.5356085924876145
BASE_x_R1a_resid,5,test,1077703,1,0.5398937872255037
BASE_x_R1a_resid,5,test,1078976,1,0.4860306027313146
BASE_x_R1a_resid,5,test,1079901,1,0.6091222345170774
BASE_x_R1a_resid,5,test,1081059,1,0.7402250139989047
BASE_x_R1a_resid,5,test,1083772,1,0.5654580640020694
BASE_x_R1a_resid,5,test,1084347,0,0.5311915341511487
BASE_x_R1a_resid,5,test,1085496,1,0.544302669949809
BASE_x_R1a_resid,5,test,1086129,1,0.5992242304282347
BASE_x_R1a_resid,5,test,1086530,1,0.8973755740210956
BASE_x_R1a_resid,5,test,1086772,1,0.7940861117659688
BASE_x_R1a_resid,5,test,1086991,0,0.6190608363498844
BASE_x_R1a_resid,5,test,1088555,0,0.3256933879070666
BASE_x_R1a_resid,5,test,1089436,0,0.7105306788273573
BASE_x_R1a_resid,5,test,1090932,1,0.6316601610636736
BASE_x_R1a_resid,5,test,1091014,1,0.3335880546069876
BASE_x_R1a_resid,5,test,1091585,0,0.5366411211144473
BASE_x_R1a_resid,5,test,1091670,1,0.8410953453386503
BASE_x_R1a_resid,5,test,1092408,1,0.5270516483297599
BASE_x_R1a_resid,5,test,1092655,1,0.7482275850978372
BASE_x_R1a_resid,5,test,1092948,1,0.5081120802190591
BASE_x_R1a_resid,5,test,1092954,1,0.7585584226052806
BASE_x_R1a_resid,5,test,1092970,0,0.529520420656825
BASE_x_R1a_resid,5,test,1093200,0,0.21038522061263645
BASE_x_R1a_resid,5,test,1093650,1,0.7111591418228755
BASE_x_R1a_resid,5,test,1093992,0,0.41883992052300373
BASE_x_R1a_resid,5,test,1094046,1,0.5835695356421856
BASE_x_R1a_resid,5,test,1094456,1,0.3135304134686334
BASE_x_R1a_resid,5,test,1094897,1,0.5992390775117424
BASE_x_R1a_resid,5,test,1095773,1,0.8690936142306002
BASE_x_R1a_resid,5,test,1095881,1,0.7566834411252219
BASE_x_R1a_resid,5,test,1096586,0,0.13025804706873506
BASE_x_R1a_resid,5,test,1098420,0,0.36685061018441084
BASE_x_R1a_resid,5,test,1098855,1,0.8021957219546979
BASE_x_R1a_resid,5,test,1099078,1,0.6550599716785561
BASE_x_R1a_resid,5,test,1099234,1,0.7688475737953473
BASE_x_R1a_resid,5,test,1099756,1,0.459505842714237
BASE_x_R1a_resid,5,test,1101157,1,0.7539895631010721
BASE_x_R1a_resid,5,test,1101644,1,0.2836052909143577
BASE_x_R1a_resid,5,test,1103054,0,0.2241955581432735
BASE_x_R1a_resid,5,test,1103628,0,0.31497287190223466
BASE_x_R1a_resid,5,test,1104470,1,0.802199747832239
BASE_x_R1a_resid,5,test,1105299,0,0.47957838329559466
BASE_x_R1a_resid,5,test,1106596,0,0.555552916222306
BASE_x_R1a_resid,5,test,1106632,0,0.26169365537519884
BASE_x_R1a_resid,5,test,1107631,1,0.5663224522595831
BASE_x_R1a_resid,5,test,1108929,1,0.5761211962674827
BASE_x_R1a_resid,5,test,1108956,0,0.6371897579099337
BASE_x_R1a_resid,5,test,1109275,1,0.8636972494825538
BASE_x_R1a_resid,5,test,1109280,1,0.7830106246373366
BASE_x_R1a_resid,5,test,1109612,1,0.89772031335901
BASE_x_R1a_resid,5,test,1109771,0,0.3678112697285974
BASE_x_R1a_resid,5,test,1109829,1,0.8064256552609943
BASE_x_R1a_resid,5,test,1110598,0,0.5238320548731469
BASE_x_R1a_resid,5,test,1111920,1,0.3857386532260961
BASE_x_R1a_resid,5,test,1112111,1,0.640587959528705
BASE_x_R1a_resid,5,test,1112999,0,0.22321342929638274
BASE_x_R1a_resid,5,test,1113133,0,0.25205755352062514
BASE_x_R1a_resid,5,test,1113398,1,0.6416748351505035
BASE_x_R1a_resid,5,test,1113536,0,0.34315219510657313
BASE_x_R1a_resid,5,test,1113857,0,0.5606866536702839
BASE_x_R1a_resid,5,test,1114801,0,0.8598717637537234
BASE_x_R1a_resid,5,test,1115112,0,0.3542138280020022
BASE_x_R1a_resid,5,test,1115144,0,0.509415179996186
BASE_x_R1a_resid,5,test,1116007,0,0.7943030294985681
BASE_x_R1a_resid,5,test,1116385,1,0.6544311166171082
BASE_x_R1a_resid,5,test,1117063,0,0.34572186045961045
BASE_x_R1a_resid,5,test,1117869,1,0.7834778545981442
BASE_x_R1a_resid,5,test,1118291,0,0.7082425203474209
BASE_x_R1a_resid,5,test,1118652,0,0.1084495531531482
BASE_x_R1a_resid,5,test,1118943,1,0.5118256271067554
BASE_x_R1a_resid,5,test,1119929,0,0.8171517002366984
BASE_x_R1a_resid,5,test,1120325,1,0.8917959614568973
BASE_x_R1a_resid,5,test,1121623,1,0.7025263930235581
BASE_x_R1a_resid,5,test,1121926,1,0.6061673654901345
BASE_x_R1a_resid,5,test,1121927,1,0.8405828962093431
BASE_x_R1a_resid,5,test,1122004,0,0.18654402090172859
BASE_x_R1a_resid,5,test,1122034,1,0.7286595119109188
BASE_x_R1a_resid,5,test,1122148,0,0.4128050730386398
BASE_x_R1a_resid,5,test,1122185,1,0.6382193730606307
BASE_x_R1a_resid,5,test,1122658,1,0.6474569821966294
BASE_x_R1a_resid,5,test,1122659,1,0.7343584962379901
BASE_x_R1a_resid,5,test,1122888,1,0.5840810500111125
BASE_x_R1a_resid,5,test,1123205,0,0.5605876805260944
BASE_x_R1a_resid,5,test,1123350,1,0.7387471080243324
BASE_x_R1a_resid,5,test,1123435,1,0.5497062909599204
BASE_x_R1a_resid,5,test,1123559,0,0.46361180547737063
BASE_x_R1a_resid,5,test,1124477,1,0.38967090541486066
BASE_x_R1a_resid,5,test,1124806,1,0.3249504117796601
BASE_x_R1a_resid,5,test,1125468,1,0.6820468850344106
BASE_x_R1a_resid,5,test,1125748,1,0.5880207607768423
BASE_x_R1a_resid,5,test,1126656,0,0.4520331597896146
BASE_x_R1a_resid,5,test,1128027,1,0.5804558392730297
BASE_x_R1a_resid,5,test,1128042,1,0.33096059348966844
BASE_x_R1a_resid,5,test,1128467,1,0.6133396464722419
BASE_x_R1a_resid,5,test,1129711,0,0.4947178156160955
BASE_x_R1a_resid,5,test,1129979,1,0.7140575069801988
BASE_x_R1a_resid,5,test,1130161,1,0.22539545108288642
BASE_x_R1a_resid,5,test,1130530,0,0.7517207909402776
BASE_x_R1a_resid,5,test,1132010,0,0.29989453513583103
BASE_x_R1a_resid,5,test,1132205,1,0.7641748913100456
BASE_x_R1a_resid,5,test,1132465,1,0.7035498838857639
BASE_x_R1a_resid,5,test,1132536,0,0.6803224418474669
BASE_x_R1a_resid,5,test,1132889,1,0.6455511441882416
BASE_x_R1a_resid,5,test,1133011,0,0.637947834851781
BASE_x_R1a_resid,5,test,1133778,1,0.9007569326815306
BASE_x_R1a_resid,5,test,1136279,0,0.5262112192704312
BASE_x_R1a_resid,5,test,1136946,0,0.2909838199576478
BASE_x_R1a_resid,5,test,1137555,1,0.7712854671598268
BASE_x_R1a_resid,5,test,1138091,1,0.6048498215889438
BASE_x_R1a_resid,5,test,1138321,1,0.6603873205701182
BASE_x_R1a_resid,5,test,1138757,1,0.46360540575938247
BASE_x_R1a_resid,5,test,1142126,0,0.382324472773425
BASE_x_R1a_resid,5,test,1142206,1,0.7979547354721973
BASE_x_R1a_resid,5,test,1142753,1,0.7921948393447553
BASE_x_R1a_resid,5,test,1142989,1,0.5818917072045806
BASE_x_R1a_resid,5,test,1143869,0,0.3518021314517207
BASE_x_R1a_resid,5,test,1143964,1,0.556068941063444
BASE_x_R1a_resid,5,test,1144260,0,0.7169950288777709
BASE_x_R1a_resid,5,test,1144336,1,0.8284348915475741
BASE_x_R1a_resid,5,test,1144580,1,0.5330108166066011
BASE_x_R1a_resid,5,test,1144614,1,0.45666136106837457
BASE_x_R1a_resid,5,test,1145815,1,0.6662255121765075
BASE_x_R1a_resid,5,test,1145969,1,0.7815405718669328
BASE_x_R1a_resid,5,test,1146318,1,0.546903478713903
BASE_x_R1a_resid,5,test,1146697,1,0.8223809114770387
BASE_x_R1a_resid,5,test,1146999,1,0.8662572533347291
BASE_x_R1a_resid,5,test,1147005,0,0.4317566948003526
BASE_x_R1a_resid,5,test,1147010,1,0.6574237336405908
BASE_x_R1a_resid,5,test,1147201,1,0.6241880441475067
BASE_x_R1a_resid,5,test,1147525,1,0.8012865239981051
BASE_x_R1a_resid,5,test,1147707,1,0.8115141516919073
BASE_x_R1a_resid,5,test,1148756,1,0.5794599358787205
BASE_x_R1a_resid,5,test,1149906,0,0.648124909094237
BASE_x_R1a_resid,5,test,1150401,0,0.3570326412675755
BASE_x_R1a_resid,5,test,1151371,1,0.4559120192514959
BASE_x_R1a_resid,5,test,1151422,1,0.809573115331175
BASE_x_R1a_resid,5,test,1152038,1,0.34885289580170253
BASE_x_R1a_resid,5,test,1152408,0,0.4785747841536672
BASE_x_R1a_resid,5,test,1152629,1,0.5079684853231233
BASE_x_R1a_resid,5,test,1152732,1,0.2983053910554768
BASE_x_R1a_resid,5,test,1152877,0,0.37225406655554644
BASE_x_R1a_resid,5,test,1154652,0,0.3050297619721672
BASE_x_R1a_resid,5,test,1155638,1,0.7512175409076859
BASE_x_R1a_resid,5,test,1156057,0,0.44227487893244755
BASE_x_R1a_resid,5,test,1156251,1,0.20211392868587363
BASE_x_R1a_resid,5,test,1156261,1,0.4256027738792497
BASE_x_R1a_resid,5,test,1156386,1,0.6227881078393036
BASE_x_R1a_resid,5,test,1156634,1,0.8960152883452217
BASE_x_R1a_resid,5,test,1156887,1,0.6163300554609105
BASE_x_R1a_resid,5,test,1157000,1,0.8000963113257115
BASE_x_R1a_resid,5,test,1157101,1,0.7272719637970053
BASE_x_R1a_resid,5,test,1205869,1,0.49063010574430754
BASE_x_R1a_resid,5,test,1205937,0,0.26425530878395237
BASE_x_R1a_resid,5,test,1206184,1,0.3126570672443048
BASE_x_R1a_resid,5,test,1206334,0,0.24507233703866446
BASE_x_R1a_resid,5,test,1206759,0,0.3176457712725189
BASE_x_R1a_resid,5,test,1206766,1,0.43683171316295044
BASE_x_R1a_resid,5,test,1207535,1,0.38195704313161344
BASE_x_R1a_resid,5,test,1207571,1,0.7933971452048748
BASE_x_R1a_resid,5,test,1208182,0,0.4652825163926442
BASE_x_R1a_resid,5,test,1208561,1,0.6603233929173272
BASE_x_R1a_resid,5,test,1209069,1,0.5202213332248949
BASE_x_R1a_resid,5,test,1209182,1,0.6907107520910374
BASE_x_R1a_resid,5,test,1209531,0,0.13763044395029767
BASE_x_R1a_resid,5,test,1209776,0,0.40108198225201336
BASE_x_R1a_resid,5,test,1209908,0,0.7042692221030955
BASE_x_R1a_resid,5,test,1209975,1,0.49434463308023685
BASE_x_R1a_resid,5,test,1210024,0,0.5302920479329372
BASE_x_R1a_resid,5,test,1210100,0,0.3094111253169384
BASE_x_R1a_resid,5,test,1210663,1,0.506034602005575
BASE_x_R1a_resid,5,test,1210765,1,0.7329667728869406
BASE_x_R1a_resid,5,test,1210809,1,0.7831811778749916
BASE_x_R1a_resid,5,test,1210816,1,0.7957295388960288
BASE_x_R1a_resid,5,test,1211321,1,0.4655739042693627
BASE_x_R1a_resid,5,test,1211380,1,0.3000575135881982
BASE_x_R1a_resid,5,test,1211505,1,0.7147322537956079
BASE_x_R1a_resid,5,test,1211778,0,0.2618084289247437
BASE_x_R1a_resid,5,test,1212601,1,0.3588708162247331
BASE_x_R1a_resid,5,test,1212705,1,0.6367680207701254
BASE_x_R1a_resid,5,test,1212738,1,0.8311616257778764
BASE_x_R1a_resid,5,test,1213016,1,0.54573863934192
BASE_x_R1a_resid,5,test,1213041,1,0.6748511889737836
BASE_x_R1a_resid,5,test,1213071,1,0.43082757297593816
BASE_x_R1a_resid,5,test,1213526,1,0.8429638598837873
BASE_x_R1a_resid,5,test,1214345,1,0.7361050993233575
BASE_x_R1a_resid,5,test,1214456,0,0.7304957136795216
BASE_x_R1a_resid,5,test,1214659,1,0.6747673197147135
BASE_x_R1a_resid,5,test,1215921,1,0.49129431972763093
BASE_x_R1a_resid,5,test,1216247,1,0.6361184690578068
BASE_x_R1a_resid,5,test,1216776,1,0.31834827470924076
BASE_x_R1a_resid,5,test,1217218,0,0.39118493222878753
BASE_x_R1a_resid,5,test,1217240,0,0.3849511268822941
BASE_x_R1a_resid,5,test,1217415,1,0.686689207216989
BASE_x_R1a_resid,5,test,1217519,1,0.560302759898812
BASE_x_R1a_resid,5,test,1218010,1,0.5345489080265193
BASE_x_R1a_resid,5,test,1218288,1,0.5638804365231468
BASE_x_R1a_resid,5,test,1218335,1,0.7069922207783095
BASE_x_R1a_resid,5,test,1218726,1,0.5550001235739026
BASE_x_R1a_resid,5,test,1219099,0,0.6015242503057956
BASE_x_R1a_resid,5,test,1219620,0,0.5488022508783611
BASE_x_R1a_resid,5,test,1219853,1,0.3727003196390079
BASE_x_R1a_resid,5,test,1219950,1,0.49323339676253447
BASE_x_R1a_resid,5,test,1220209,0,0.3096845636800384
BASE_x_R1a_resid,5,test,1220226,0,0.2660902648714386
BASE_x_R1a_resid,5,test,1220605,1,0.5102287849343256
BASE_x_R1a_resid,5,test,1220694,1,0.6178183902770931
BASE_x_R1a_resid,5,test,1220796,1,0.7131035674890606
BASE_x_R1a_resid,5,test,1220871,0,0.4414361884504752
BASE_x_R1a_resid,5,test,1220940,1,0.7392481782195374
BASE_x_R1a_resid,5,test,1221128,1,0.6904245710553745
BASE_x_R1a_resid,5,test,1221682,1,0.6859524721157996
BASE_x_R1a_resid,5,test,1221892,1,0.7522561534429651
BASE_x_R1a_resid,5,test,1222069,1,0.7632569894615312
BASE_x_R1a_resid,5,test,1222424,1,0.5481917868533891
BASE_x_R1a_resid,5,test,1222642,0,0.5225361207284419
BASE_x_R1a_resid,5,test,1222907,1,0.7841257434018256
BASE_x_R1a_resid,5,test,1223289,0,0.276586529287544
BASE_x_R1a_resid,5,test,1223459,1,0.9103195248807205
BASE_x_R1a_resid,5,test,1224137,1,0.7140210224658092
BASE_x_R1a_resid,5,test,1224488,1,0.738694242260317
BASE_x_R1a_resid,5,test,1224536,1,0.5874284992255349
BASE_x_R1a_resid,5,test,1224547,1,0.5329195305166047
BASE_x_R1a_resid,5,test,1224698,0,0.38548635090945127
BASE_x_R1a_resid,5,test,1224968,1,0.5287837639805008
BASE_x_R1a_resid,5,test,1225388,0,0.5852961790847523
BASE_x_R1a_resid,5,test,1225605,0,0.573444320007618
BASE_x_R1a_resid,5,test,1225751,1,0.5296300055475633
BASE_x_R1a_resid,5,test,1225914,0,0.37522939676487027
BASE_x_R1a_resid,5,test,1227192,1,0.613817221575073
BASE_x_R1a_resid,5,test,1228588,1,0.6700165411686985
BASE_x_R1a_resid,5,test,1228820,0,0.41463841725837974
BASE_x_R1a_resid,5,test,1228842,0,0.19909860431619766
BASE_x_R1a_resid,5,test,1229147,0,0.48879899066065563
BASE_x_R1a_resid,5,test,1229368,0,0.4144487581714406
BASE_x_R1a_resid,5,test,1230581,0,0.6350175802255112
BASE_x_R1a_resid,5,test,1231535,1,0.5407102822326856
BASE_x_R1a_resid,5,test,1231778,0,0.25864893106026693
BASE_x_R1a_resid,5,test,1231979,1,0.6709630628979965
BASE_x_R1a_resid,5,test,1232273,1,0.6161170234273863
BASE_x_R1a_resid,5,test,1233032,1,0.7730441575081823
BASE_x_R1a_resid,5,test,1233158,0,0.31442040894410805
BASE_x_R1a_resid,5,test,1233508,1,0.6788782214396656
BASE_x_R1a_resid,5,test,1233618,0,0.6286485754277821
BASE_x_R1a_resid,5,test,1233791,1,0.34617059754528634
BASE_x_R1a_resid,5,test,1234275,1,0.6433838323374144
BASE_x_R1a_resid,5,test,1234348,1,0.8687547422729319
BASE_x_R1a_resid,5,test,1234553,0,0.7232603286771427
BASE_x_R1a_resid,5,test,1234804,1,0.497385030454314
BASE_x_R1a_resid,5,test,1234875,1,0.814878275765274
BASE_x_R1a_resid,5,test,1235058,1,0.6729120440309805
BASE_x_R1a_resid,5,test,1235697,1,0.7573857349770862
BASE_x_R1a_resid,5,test,1235777,1,0.5702995692731226
BASE_x_R1a_resid,5,test,1236418,1,0.2832773429152446
BASE_x_R1a_resid,5,test,1236905,0,0.87834857634191
BASE_x_R1a_resid,5,test,1236938,1,0.8316990419429406
BASE_x_R1a_resid,5,test,1237033,1,0.460576514929176
BASE_x_R1a_resid,5,test,1237390,1,0.7132257843565623
BASE_x_R1a_resid,5,test,1237647,0,0.35320872272916426
BASE_x_R1a_resid,5,test,1237971,1,0.6962620178024043
BASE_x_R1a_resid,5,test,1238156,1,0.6861810740521936
BASE_x_R1a_resid,5,test,1238245,1,0.7705882702222614
BASE_x_R1a_resid,5,test,1238348,0,0.554021675485212
BASE_x_R1a_resid,5,test,1238464,1,0.6904237725048727
BASE_x_R1a_resid,5,test,1238497,1,0.4261228483897955
BASE_x_R1a_resid,5,test,1238523,1,0.6532594772734064
BASE_x_R1a_resid,5,test,1238603,0,0.42165666507949867
BASE_x_R1a_resid,5,test,1238664,1,0.7515276963216466
BASE_x_R1a_resid,5,test,1238865,1,0.379699938707936
BASE_x_R1a_resid,5,test,1238964,1,0.5033138570987706
BASE_x_R1a_resid,5,test,1239034,0,0.7265020683755915
BASE_x_R1a_resid,5,test,1239135,1,0.37548899861219526
BASE_x_R1a_resid,5,test,1239212,0,0.24410136727207152
BASE_x_R1a_resid,5,test,1239597,1,0.5968292700591019
BASE_x_R1a_resid,5,test,1240282,0,0.43555290853047884
BASE_x_R1a_resid,5,test,1240598,1,0.6135434461698148
BASE_x_R1a_resid,5,test,1241018,1,0.6646865654990141
BASE_x_R1a_resid,5,test,1241104,0,0.5142283537022887
BASE_x_R1a_resid,5,test,1241185,0,0.1623224503802797
BASE_x_R1a_resid,5,test,1241362,1,0.6736288146717305
BASE_x_R1a_resid,5,test,1242413,1,0.5283267157935293
BASE_x_R1a_resid,5,test,1242451,1,0.8245266461236211
BASE_x_R1a_resid,5,test,1242508,1,0.7893489620935894
BASE_x_R1a_resid,5,test,1242535,1,0.7748812580847669
BASE_x_R1a_resid,5,test,1243018,1,0.46223595789076577
BASE_x_R1a_resid,5,test,1243442,0,0.5603724499191269
BASE_x_R1a_resid,5,test,1243992,1,0.6487239866465441
BASE_x_R1a_resid,5,test,1244363,0,0.27200107706245086
BASE_x_R1a_resid,5,test,1245905,1,0.4089865277381686
BASE_x_R1a_resid,5,test,1245961,0,0.41917160264675607
BASE_x_R1a_resid,5,test,1246508,0,0.429399840089263
BASE,6,test,15488,1,0.8686095338058702
BASE,6,test,16787,0,0.5309934086232593
BASE,6,test,17109,1,0.38721201151275303
BASE,6,test,22019,0,0.19233949802801276
BASE,6,test,22177,1,0.3106999278177157
BASE,6,test,34035,1,0.8365817393286957
BASE,6,test,43628,1,0.8983549613046313
BASE,6,test,47652,1,0.8197412727874612
BASE,6,test,48545,0,0.23691241120935772
BASE,6,test,49258,1,0.639254671388283
BASE,6,test,70147,0,0.7283597513871325
BASE,6,test,71731,1,0.6185390533264014
BASE,6,test,78018,1,0.8145684656360433
BASE,6,test,79057,1,0.7556167021725461
BASE,6,test,90339,0,0.8229016428746592
BASE,6,test,91934,0,0.4553053276687094
BASE,6,test,93002,1,0.8791936783923455
BASE,6,test,98629,1,0.23614893800147596
BASE,6,test,100595,0,0.20145160632512604
BASE,6,test,104529,0,0.46029457552603775
BASE,6,test,123208,1,0.45223951215623615
BASE,6,test,128956,1,0.9108031437070804
BASE,6,test,129407,1,0.5207879937380341
BASE,6,test,130131,0,0.4202134334918119
BASE,6,test,143454,0,0.6781862907829169
BASE,6,test,144004,0,0.5456347233111661
BASE,6,test,144639,1,0.7585468911114285
BASE,6,test,144703,1,0.7657359424867225
BASE,6,test,145109,1,0.7384767833283467
BASE,6,test,146346,1,0.43959206318609145
BASE,6,test,149880,1,0.6772607298642531
BASE,6,test,153929,1,0.6261345744321891
BASE,6,test,154041,1,0.6471729504564654
BASE,6,test,154147,1,0.7675217176105087
BASE,6,test,157449,1,0.6725221021197659
BASE,6,test,159617,1,0.7146317282990811
BASE,6,test,162979,1,0.7330504157156527
BASE,6,test,165400,0,0.38576807981145456
BASE,6,test,166451,1,0.43446047921463304
BASE,6,test,179192,0,0.5790027760464143
BASE,6,test,183492,1,0.7427446705022611
BASE,6,test,186379,1,0.595472922111128
BASE,6,test,190187,0,0.6427859316506987
BASE,6,test,192873,1,0.6272166180671054
BASE,6,test,199177,0,0.4644336623129515
BASE,6,test,207626,1,0.5767196664226196
BASE,6,test,223954,1,0.6443153585844237
BASE,6,test,226859,0,0.5292398209159885
BASE,6,test,234247,0,0.6214781571570432
BASE,6,test,238407,0,0.2970060785426248
BASE,6,test,252362,0,0.6018296412338464
BASE,6,test,255374,0,0.09240982517899388
BASE,6,test,269426,1,0.7838875122927211
BASE,6,test,271883,1,0.6388809035605623
BASE,6,test,272914,1,0.29100454644209534
BASE,6,test,273824,1,0.7269779080450945
BASE,6,test,280452,0,0.3673590529766058
BASE,6,test,285801,1,0.5532146180838738
BASE,6,test,289992,1,0.9062817681077804
BASE,6,test,292872,0,0.3491266427515612
BASE,6,test,297709,0,0.31420585350122193
BASE,6,test,298252,0,0.08960067846162371
BASE,6,test,313664,1,0.6283822790216911
BASE,6,test,314907,1,0.7555184988832896
BASE,6,test,315660,1,0.7110278021591003
BASE,6,test,323320,0,0.5112617510262512
BASE,6,test,324095,1,0.7294789579846901
BASE,6,test,327943,1,0.7574598782661118
BASE,6,test,328655,0,0.5862569100358317
BASE,6,test,328714,1,0.6631810917404315
BASE,6,test,329983,1,0.7809254686384959
BASE,6,test,332529,1,0.41290703878774315
BASE,6,test,342377,1,0.6326449963543499
BASE,6,test,348567,1,0.6742613816614285
BASE,6,test,352441,0,0.43154750345366794
BASE,6,test,353416,1,0.5823443886409515
BASE,6,test,358239,1,0.8048756115402065
BASE,6,test,359330,0,0.14046901976270285
BASE,6,test,360745,1,0.5911332317245233
BASE,6,test,360986,1,0.5950852178607577
BASE,6,test,364228,1,0.6811461947671673
BASE,6,test,366159,1,0.7152514223160005
BASE,6,test,369626,1,0.7188968006049649
BASE,6,test,376917,1,0.5735056422793692
BASE,6,test,378412,1,0.6006143277371353
BASE,6,test,380225,1,0.8654441379965933
BASE,6,test,384429,0,0.7150634407225922
BASE,6,test,385866,1,0.635751102497835
BASE,6,test,392913,1,0.7878409656413425
BASE,6,test,397648,1,0.7560985636664317
BASE,6,test,398295,0,0.32427941963558893
BASE,6,test,402349,0,0.4021745490650482
BASE,6,test,403399,0,0.5479855412074421
BASE,6,test,408486,1,0.7003591411023696
BASE,6,test,409579,1,0.49216858948531134
BASE,6,test,418425,0,0.18316738176749048
BASE,6,test,432540,1,0.4128477425733439
BASE,6,test,432782,0,0.704604439667383
BASE,6,test,438187,1,0.5975911613668194
BASE,6,test,451424,1,0.6822797453196202
BASE,6,test,451844,1,0.36983473285086155
BASE,6,test,455395,1,0.8241416971490443
BASE,6,test,463375,1,0.870603104033312
BASE,6,test,470865,1,0.713646243760707
BASE,6,test,471363,1,0.469010299130266
BASE,6,test,474221,0,0.7185156523035252
BASE,6,test,474709,1,0.6906318630302279
BASE,6,test,479371,0,0.5585548956346209
BASE,6,test,479811,0,0.2794562546622087
BASE,6,test,479859,0,0.20875122913566105
BASE,6,test,480708,1,0.9132694226153668
BASE,6,test,481454,0,0.2109458852475552
BASE,6,test,485608,1,0.8175709311409486
BASE,6,test,486523,0,0.5561710418816209
BASE,6,test,486901,0,0.6207760337160105
BASE,6,test,487378,0,0.5197893774664751
BASE,6,test,492492,0,0.5041230771958156
BASE,6,test,498363,1,0.8365511437979714
BASE,6,test,501583,1,0.20079830681578625
BASE,6,test,502585,0,0.35669826551829376
BASE,6,test,504525,0,0.36014297531189576
BASE,6,test,507793,0,0.669593381779967
BASE,6,test,508867,1,0.44983544392589114
BASE,6,test,510372,1,0.37138563225875015
BASE,6,test,520621,1,0.6838576229603528
BASE,6,test,525300,1,0.5470528594622684
BASE,6,test,530038,1,0.7119829241380402
BASE,6,test,531815,0,0.5417052492530803
BASE,6,test,532148,1,0.6886032524293411
BASE,6,test,533901,1,0.8782922559646138
BASE,6,test,534077,1,0.708639729644528
BASE,6,test,534835,1,0.26221719873732835
BASE,6,test,535178,1,0.6915692376399813
BASE,6,test,536216,1,0.8272195019125467
BASE,6,test,544425,0,0.41579321757531423
BASE,6,test,546258,1,0.7289689166114453
BASE,6,test,550471,1,0.6233824484372031
BASE,6,test,555492,0,0.32878867308198845
BASE,6,test,563271,1,0.6463321938694064
BASE,6,test,568516,0,0.384382642317721
BASE,6,test,570975,0,0.21027732981097588
BASE,6,test,580750,0,0.171338975007463
BASE,6,test,586109,0,0.680425302480151
BASE,6,test,586695,1,0.7031247960552338
BASE,6,test,589233,1,0.6778242344201374
BASE,6,test,592431,1,0.7669316232420172
BASE,6,test,595768,0,0.19549512471236813
BASE,6,test,598890,1,0.5183772774140042
BASE,6,test,599396,0,0.7677696889959846
BASE,6,test,600647,1,0.6484900087712622
BASE,6,test,610488,0,0.5054189598887642
BASE,6,test,613228,0,0.41656127015287076
BASE,6,test,618335,1,0.6692915643614675
BASE,6,test,625366,1,0.8671332923326297
BASE,6,test,639645,0,0.6011798114249981
BASE,6,test,643183,1,0.5590844425234617
BASE,6,test,643981,1,0.8068554984892835
BASE,6,test,648747,0,0.25843923486893666
BASE,6,test,649449,0,0.43424027734772486
BASE,6,test,657533,1,0.8438228085077679
BASE,6,test,658602,1,0.5378555495548433
BASE,6,test,660938,1,0.617752656238697
BASE,6,test,661211,0,0.5398156286366744
BASE,6,test,677383,0,0.5327854302224969
BASE,6,test,681205,1,0.6574725367465328
BASE,6,test,682303,1,0.7669000000586123
BASE,6,test,684963,1,0.8453870395775666
BASE,6,test,692458,1,0.49083371100756124
BASE,6,test,693326,1,0.747134157492127
BASE,6,test,695588,1,0.7843524485377179
BASE,6,test,699703,1,0.7881823290854615
BASE,6,test,705906,1,0.8524860253699696
BASE,6,test,706141,1,0.5501663158238713
BASE,6,test,709192,0,0.541833421217938
BASE,6,test,709805,1,0.8350420921678855
BASE,6,test,709815,1,0.8111307794824028
BASE,6,test,711099,1,0.6100474512838009
BASE,6,test,712016,1,0.8380655456962394
BASE,6,test,714644,1,0.8400676850148107
BASE,6,test,723511,1,0.46736703825694165
BASE,6,test,727266,1,0.6289947279456086
BASE,6,test,737577,1,0.6922400689230712
BASE,6,test,739530,1,0.7679063902392539
BASE,6,test,741884,0,0.7972032914232434
BASE,6,test,743605,1,0.526212905399062
BASE,6,test,744971,0,0.22831209457080984
BASE,6,test,745143,0,0.3137126453391903
BASE,6,test,746564,0,0.37690397580928314
BASE,6,test,746867,0,0.5967195391915778
BASE,6,test,748105,0,0.48963386716214347
BASE,6,test,754586,1,0.6446616581469995
BASE,6,test,755156,1,0.5263152560970155
BASE,6,test,757383,0,0.5441014048949707
BASE,6,test,765618,1,0.5718926742336747
BASE,6,test,781445,0,0.28342060715786965
BASE,6,test,783025,1,0.7646166563133882
BASE,6,test,790696,0,0.6416111434147576
BASE,6,test,793601,0,0.6725062140822692
BASE,6,test,802480,0,0.7351406934085775
BASE,6,test,807819,1,0.7169515868928648
BASE,6,test,809272,0,0.2605243647738718
BASE,6,test,813871,1,0.6582008721281993
BASE,6,test,813972,1,0.5043664094050799
BASE,6,test,817197,0,0.13657855768051524
BASE,6,test,818099,0,0.4201277637996688
BASE,6,test,820530,1,0.6992626303474992
BASE,6,test,828057,0,0.5472567686186948
BASE,6,test,829142,1,0.841755276388264
BASE,6,test,833210,1,0.8655026848360028
BASE,6,test,834393,0,0.4163355465114929
BASE,6,test,834446,1,0.7428420438979768
BASE,6,test,835463,1,0.7795099755654499
BASE,6,test,839451,0,0.4170101100802524
BASE,6,test,844104,1,0.15892513268632916
BASE,6,test,847036,1,0.6965460986496841
BASE,6,test,851163,1,0.6086036937310343
BASE,6,test,853023,1,0.633497291582442
BASE,6,test,857435,1,0.43983112406666713
BASE,6,test,857621,1,0.7912172498246504
BASE,6,test,866895,0,0.47778333573734844
BASE,6,test,870328,0,0.5321748578425045
BASE,6,test,872844,1,0.668705983436256
BASE,6,test,873012,1,0.5468127040122702
BASE,6,test,875241,1,0.5974502634961382
BASE,6,test,885157,1,0.6919672439776734
BASE,6,test,885394,1,0.47353424019108636
BASE,6,test,888443,0,0.16296512944271424
BASE,6,test,896596,1,0.566248882955414
BASE,6,test,898035,1,0.6048731566750696
BASE,6,test,900534,1,0.6137533044115246
BASE,6,test,944965,1,0.6956116643722986
BASE,6,test,947197,1,0.15347648275991713
BASE,6,test,951846,0,0.3202106119176499
BASE,6,test,952824,1,0.6141707017265642
BASE,6,test,953310,1,0.6249635734379035
BASE,6,test,961563,0,0.421961192777771
BASE,6,test,964462,0,0.47463218385041395
BASE,6,test,967064,1,0.5698171818525484
BASE,6,test,976508,0,0.5234215078178585
BASE,6,test,978575,1,0.6861715654621267
BASE,6,test,981610,0,0.5511492339887769
BASE,6,test,982545,1,0.46390632405440047
BASE,6,test,987657,1,0.39326459192010566
BASE,6,test,988546,0,0.12231811721708725
BASE,6,test,991972,1,0.7502455332254867
BASE,6,test,1000434,1,0.7698796111594639
BASE,6,test,1001502,0,0.41212513733296424
BASE,6,test,1001607,1,0.7517326776256157
BASE,6,test,1002906,0,0.5616295900268651
BASE,6,test,1005095,1,0.5985539427818577
BASE,6,test,1005166,1,0.5554984991809728
BASE,6,test,1023383,0,0.6931267636513724
BASE,6,test,1040848,0,0.534668230459885
BASE,6,test,1054838,0,0.44887418819400104
BASE,6,test,1059579,1,0.6647723196611147
BASE,6,test,1062066,0,0.5635433783645207
BASE,6,test,1062410,1,0.7576983218053333
BASE,6,test,1064271,1,0.9370787104447377
BASE,6,test,1065129,1,0.6082018697190865
BASE,6,test,1066534,1,0.26248879154028787
BASE,6,test,1067828,1,0.691894344246199
BASE,6,test,1070472,0,0.27411184672359656
BASE,6,test,1071053,0,0.23719462908309497
BASE,6,test,1071408,1,0.7042281975488387
BASE,6,test,1072194,1,0.6086178316899262
BASE,6,test,1073471,1,0.8177297507346966
BASE,6,test,1073787,1,0.5078395683368049
BASE,6,test,1074188,1,0.406683333147049
BASE,6,test,1074312,0,0.5766185155117427
BASE,6,test,1074892,0,0.7433491800794602
BASE,6,test,1075447,1,0.5786782287337947
BASE,6,test,1075699,1,0.3636334583647669
BASE,6,test,1077606,1,0.7188415828497281
BASE,6,test,1078835,1,0.30122553001054847
BASE,6,test,1079219,0,0.22699301241287376
BASE,6,test,1080470,1,0.44453496822483324
BASE,6,test,1080872,0,0.385435937427623
BASE,6,test,1081798,0,0.48614505758163673
BASE,6,test,1081799,0,0.7277865858439247
BASE,6,test,1082261,1,0.796804263898115
BASE,6,test,1082847,1,0.7035418412741662
BASE,6,test,1083772,1,0.5734396486318073
BASE,6,test,1084251,1,0.4799758791439593
BASE,6,test,1084347,0,0.4326231136221427
BASE,6,test,1085496,1,0.5354499039474335
BASE,6,test,1085527,1,0.8457836420156205
BASE,6,test,1086158,0,0.3455328947635905
BASE,6,test,1086657,1,0.761330773080612
BASE,6,test,1087850,0,0.6308374599323217
BASE,6,test,1089172,1,0.6657501175457488
BASE,6,test,1090560,1,0.29124117484531625
BASE,6,test,1090932,1,0.6898754420063088
BASE,6,test,1091111,1,0.5780588777371624
BASE,6,test,1092732,0,0.629193740530171
BASE,6,test,1092848,1,0.6999146683294836
BASE,6,test,1093401,1,0.8568753866725022
BASE,6,test,1093743,0,0.2903779765555703
BASE,6,test,1094274,1,0.9228397298150405
BASE,6,test,1094441,0,0.8302795533314012
BASE,6,test,1094522,1,0.7026350941770328
BASE,6,test,1094558,1,0.631501028181228
BASE,6,test,1097465,1,0.7738779899940046
BASE,6,test,1098043,0,0.8136074338430892
BASE,6,test,1098075,1,0.7550668740899262
BASE,6,test,1101157,1,0.7851597714030819
BASE,6,test,1101907,1,0.7906415228067921
BASE,6,test,1103001,0,0.3741148494368192
BASE,6,test,1103298,0,0.6046422555653037
BASE,6,test,1103434,0,0.3821883166170273
BASE,6,test,1103930,1,0.8327954499402718
BASE,6,test,1104012,1,0.7462643097736994
BASE,6,test,1105241,0,0.39759610722817457
BASE,6,test,1105320,1,0.6429160732826447
BASE,6,test,1106738,1,0.7527869965824301
BASE,6,test,1106799,1,0.5197272708565148
BASE,6,test,1107096,1,0.6751196489501694
BASE,6,test,1107575,0,0.620872774619991
BASE,6,test,1109280,1,0.8507134426768239
BASE,6,test,1109765,1,0.5484986251152375
BASE,6,test,1111471,1,0.6594400915648823
BASE,6,test,1111513,1,0.7225737946258985
BASE,6,test,1111860,1,0.5818689988277764
BASE,6,test,1112567,1,0.5574689289488878
BASE,6,test,1112876,1,0.4763043503157284
BASE,6,test,1113294,1,0.7009021201177209
BASE,6,test,1114801,0,0.7640391737637822
BASE,6,test,1117451,0,0.2347565472392078
BASE,6,test,1117714,1,0.5774562655981199
BASE,6,test,1117882,0,0.36341763437966124
BASE,6,test,1117951,1,0.6836687108709332
BASE,6,test,1118542,0,0.20013259197401848
BASE,6,test,1118773,0,0.29108904458844836
BASE,6,test,1119526,1,0.33676622091320596
BASE,6,test,1119666,1,0.8516768142434391
BASE,6,test,1120391,0,0.60777379345652
BASE,6,test,1120436,0,0.5499918128685559
BASE,6,test,1120684,0,0.359032045043927
BASE,6,test,1120775,1,0.3759188421022687
BASE,6,test,1121705,1,0.8287471035045678
BASE,6,test,1121736,0,0.7017877677511939
BASE,6,test,1121927,1,0.8512370480011525
BASE,6,test,1122023,0,0.5446838867760678
BASE,6,test,1122204,0,0.4487072701179013
BASE,6,test,1122453,1,0.39132177388998735
BASE,6,test,1122888,1,0.6642414271320116
BASE,6,test,1123103,1,0.6463587985838276
BASE,6,test,1123383,1,0.6659728805431545
BASE,6,test,1123484,0,0.303799668861068
BASE,6,test,1124152,0,0.7301731659158657
BASE,6,test,1124329,1,0.517254663949071
BASE,6,test,1124477,1,0.3964422473716737
BASE,6,test,1124482,1,0.5627925381184152
BASE,6,test,1124561,0,0.705330550014332
BASE,6,test,1125073,1,0.5638047012539001
BASE,6,test,1125095,0,0.7799161095369872
BASE,6,test,1125163,1,0.3896021611840521
BASE,6,test,1125348,0,0.5011144894680676
BASE,6,test,1125964,1,0.7328554009116579
BASE,6,test,1127703,1,0.33861902469991184
BASE,6,test,1127790,1,0.4847926489399652
BASE,6,test,1127812,1,0.6025938282022785
BASE,6,test,1128042,1,0.3815619217782977
BASE,6,test,1128373,0,0.5570623154774765
BASE,6,test,1129029,0,0.3112088780332206
BASE,6,test,1129253,1,0.2211616569730478
BASE,6,test,1130043,1,0.46435995573245425
BASE,6,test,1130161,1,0.17495196773359362
BASE,6,test,1130408,1,0.768774132929162
BASE,6,test,1130697,1,0.888099713333954
BASE,6,test,1131288,0,0.5451543170422584
BASE,6,test,1131818,1,0.7024728588681302
BASE,6,test,1132205,1,0.6779648539892935
BASE,6,test,1132251,1,0.4883652427587172
BASE,6,test,1132465,1,0.6534057759279776
BASE,6,test,1134518,0,0.5440838668144262
BASE,6,test,1135587,1,0.6241119556181235
BASE,6,test,1136675,1,0.6488852038340189
BASE,6,test,1137147,1,0.7074853035426857
BASE,6,test,1137555,1,0.7526299037406884
BASE,6,test,1137589,1,0.34699523077331634
BASE,6,test,1137818,1,0.20153569120735823
BASE,6,test,1138321,1,0.7746940644128771
BASE,6,test,1138361,1,0.7171430316759626
BASE,6,test,1138599,1,0.5213508732961035
BASE,6,test,1139049,0,0.4042789948831546
BASE,6,test,1139688,1,0.7269613063678432
BASE,6,test,1141785,0,0.13571189883433457
BASE,6,test,1142514,0,0.6419444119554911
BASE,6,test,1142591,0,0.7887165884025203
BASE,6,test,1142643,1,0.7152257862189133
BASE,6,test,1143257,1,0.3666725955446043
BASE,6,test,1143657,1,0.4751436001652481
BASE,6,test,1143964,1,0.5895642678907291
BASE,6,test,1144488,1,0.6759555755839451
BASE,6,test,1144508,1,0.7634756018798181
BASE,6,test,1144734,1,0.5585843427770617
BASE,6,test,1146116,0,0.5565196204702587
BASE,6,test,1146208,0,0.6633888953703233
BASE,6,test,1146369,1,0.8945004464194721
BASE,6,test,1146465,0,0.7326921916651343
BASE,6,test,1146488,0,0.6354643540595556
BASE,6,test,1146584,1,0.6486336873462261
BASE,6,test,1146724,1,0.7897441081169393
BASE,6,test,1146999,1,0.800041018403519
BASE,6,test,1147012,0,0.5854481815698777
BASE,6,test,1147838,0,0.5776001969704402
BASE,6,test,1148376,1,0.5997858797611954
BASE,6,test,1148437,0,0.5618357690805514
BASE,6,test,1149201,1,0.17712000881252263
BASE,6,test,1149825,1,0.48041448055189084
BASE,6,test,1149831,1,0.8414227485202962
BASE,6,test,1149946,1,0.564324216130426
BASE,6,test,1150067,1,0.6663118153992806
BASE,6,test,1150911,0,0.6633350561462545
BASE,6,test,1151486,1,0.6411647367454456
BASE,6,test,1151510,0,0.2838759425533349
BASE,6,test,1152410,1,0.3965138316495365
BASE,6,test,1152629,1,0.5487738016921854
BASE,6,test,1154191,1,0.6149696258654681
BASE,6,test,1154313,1,0.5362344216154044
BASE,6,test,1154492,1,0.44617277250579696
BASE,6,test,1155186,1,0.6624469090950328
BASE,6,test,1155546,1,0.5821577394698843
BASE,6,test,1155575,1,0.6329210080983501
BASE,6,test,1155880,1,0.6353384289704881
BASE,6,test,1156904,1,0.5092471952778507
BASE,6,test,1157142,1,0.5265253171310638
BASE,6,test,1157440,0,0.4994342414724918
BASE,6,test,1206010,0,0.660066822008419
BASE,6,test,1206667,0,0.7682924415272623
BASE,6,test,1206743,0,0.4858747458703639
BASE,6,test,1207535,1,0.40638558440747174
BASE,6,test,1207793,1,0.48726113822203965
BASE,6,test,1208243,1,0.7187253774981689
BASE,6,test,1208308,1,0.5429852151500668
BASE,6,test,1208350,1,0.8699483904451433
BASE,6,test,1208476,1,0.8904399554649461
BASE,6,test,1208880,1,0.7505217518526647
BASE,6,test,1208898,1,0.6788725502565633
BASE,6,test,1209034,1,0.42716875144575456
BASE,6,test,1209496,0,0.5583978234068779
BASE,6,test,1209502,0,0.5606032709076265
BASE,6,test,1210408,0,0.6275798962824397
BASE,6,test,1210432,0,0.3236798114517218
BASE,6,test,1210436,0,0.36112154838899896
BASE,6,test,1210765,1,0.7579212732565337
BASE,6,test,1210809,1,0.8001833084713867
BASE,6,test,1210880,1,0.34058187164715464
BASE,6,test,1212278,0,0.6410171810546039
BASE,6,test,1212354,0,0.5107408887826632
BASE,6,test,1212403,1,0.7970422960291738
BASE,6,test,1212690,0,0.6205085614508166
BASE,6,test,1213589,1,0.5542476632489047
BASE,6,test,1214506,1,0.681952006012008
BASE,6,test,1214560,1,0.6177397163037388
BASE,6,test,1215084,0,0.5427419422978268
BASE,6,test,1215586,0,0.6624142976428072
BASE,6,test,1216041,1,0.7046112935430571
BASE,6,test,1216076,1,0.7291507411401318
BASE,6,test,1216188,0,0.4434869019813622
BASE,6,test,1216776,1,0.35576117753585634
BASE,6,test,1216904,0,0.15812362127785481
BASE,6,test,1217080,1,0.8972367380358192
BASE,6,test,1217167,0,0.22069371387581227
BASE,6,test,1217240,0,0.3571557022443044
BASE,6,test,1217415,1,0.7308492241046458
BASE,6,test,1217519,1,0.6276129872189236
BASE,6,test,1217573,1,0.8004796729584617
BASE,6,test,1217757,1,0.5856780354210588
BASE,6,test,1218010,1,0.6154854924859281
BASE,6,test,1218062,1,0.8279770509569618
BASE,6,test,1218288,1,0.4247438820297791
BASE,6,test,1219099,0,0.5408620592498388
BASE,6,test,1219897,1,0.7279269221481387
BASE,6,test,1220426,0,0.44898521244708944
BASE,6,test,1220507,0,0.6871963882461778
BASE,6,test,1220515,0,0.40683004967582226
BASE,6,test,1220526,1,0.5334432212619201
BASE,6,test,1220527,0,0.596684833088033
BASE,6,test,1220900,1,0.5894253244645443
BASE,6,test,1221355,1,0.7594986324973221
BASE,6,test,1221707,0,0.5323170484243777
BASE,6,test,1221883,0,0.4399713846261507
BASE,6,test,1222410,0,0.3445736463864513
BASE,6,test,1222850,1,0.7074307040957393
BASE,6,test,1222907,1,0.695048854862932
BASE,6,test,1223272,1,0.53652174000222
BASE,6,test,1224087,0,0.27166169157081177
BASE,6,test,1224094,0,0.15313635887918844
BASE,6,test,1224229,1,0.7750934385044347
BASE,6,test,1224488,1,0.7394468281366392
BASE,6,test,1225046,0,0.38050112322436147
BASE,6,test,1225309,1,0.586473422401407
BASE,6,test,1225413,1,0.7528380986625061
BASE,6,test,1225493,0,0.2658292416143075
BASE,6,test,1225500,0,0.6522452637429796
BASE,6,test,1225716,0,0.7157706481981808
BASE,6,test,1225758,1,0.7194563631884264
BASE,6,test,1226664,1,0.2882644908968971
BASE,6,test,1226981,0,0.48271089456532734
BASE,6,test,1227231,1,0.6254315321975696
BASE,6,test,1227437,1,0.7133653079353602
BASE,6,test,1227545,1,0.6965642240303878
BASE,6,test,1227900,1,0.42190503153868275
BASE,6,test,1229368,0,0.5125012548270218
BASE,6,test,1229725,1,0.8587022129409061
BASE,6,test,1229837,0,0.5181908506220705
BASE,6,test,1229920,1,0.7524292279121476
BASE,6,test,1229991,0,0.6506603160038292
BASE,6,test,1230370,0,0.2705430459677759
BASE,6,test,1230810,1,0.36413973905329966
BASE,6,test,1231250,1,0.6109797665986604
BASE,6,test,1231276,1,0.5820796174616253
BASE,6,test,1231638,1,0.8263408962541321
BASE,6,test,1231901,1,0.7245255629134475
BASE,6,test,1232028,0,0.14380640645792195
BASE,6,test,1232099,0,0.5373944115198142
BASE,6,test,1232188,1,0.47988598426252915
BASE,6,test,1232333,1,0.7325153218356797
BASE,6,test,1232335,1,0.7975975517619119
BASE,6,test,1233032,1,0.7574288354736265
BASE,6,test,1233095,1,0.7504385326685343
BASE,6,test,1233178,1,0.8272597952512659
BASE,6,test,1233777,1,0.7308742109569353
BASE,6,test,1233791,1,0.414564955751109
BASE,6,test,1233962,0,0.5096621720478914
BASE,6,test,1234219,1,0.4421284538403741
BASE,6,test,1234306,1,0.2780632936410454
BASE,6,test,1234521,0,0.5006286225647246
BASE,6,test,1234862,0,0.6083179681812952
BASE,6,test,1234914,1,0.715635837611392
BASE,6,test,1235039,1,0.6926584230804852
BASE,6,test,1235236,1,0.5872589051288416
BASE,6,test,1235597,1,0.6726721687510888
BASE,6,test,1235762,1,0.60098392498669
BASE,6,test,1236548,0,0.7496447593969997
BASE,6,test,1236996,1,0.6723214566130357
BASE,6,test,1237971,1,0.6441934255528722
BASE,6,test,1238245,1,0.6595266282929676
BASE,6,test,1238264,1,0.5099689690951849
BASE,6,test,1238287,0,0.7168150218886126
BASE,6,test,1238348,0,0.49950157564556535
BASE,6,test,1238523,1,0.6260949041259213
BASE,6,test,1238636,1,0.794488615013827
BASE,6,test,1238783,0,0.5863754256458817
BASE,6,test,1238817,0,0.7776440853522817
BASE,6,test,1238835,1,0.5617630859757449
BASE,6,test,1238917,0,0.4708252774069928
BASE,6,test,1238938,0,0.3476610343812302
BASE,6,test,1238999,1,0.562868069331385
BASE,6,test,1239042,1,0.6212070151716113
BASE,6,test,1239095,1,0.7449518679633943
BASE,6,test,1239331,1,0.6416232150076194
BASE,6,test,1239597,1,0.6361409689033308
BASE,6,test,1239907,1,0.6498114835939603
BASE,6,test,1240131,1,0.6347141797902918
BASE,6,test,1240588,1,0.5967455293438546
BASE,6,test,1240598,1,0.6161171477249696
BASE,6,test,1240769,0,0.475460235489625
BASE,6,test,1241362,1,0.6070216313180048
BASE,6,test,1241841,1,0.5286821216322238
BASE,6,test,1242167,0,0.6942391602971867
BASE,6,test,1242283,0,0.6203802809495079
BASE,6,test,1242535,1,0.639221164227268
BASE,6,test,1242831,0,0.5418709572629719
BASE,6,test,1243045,0,0.6947315617164513
BASE,6,test,1243459,0,0.22745604815074358
BASE,6,test,1243686,1,0.4887704302372468
BASE,6,test,1243823,1,0.35418783679898735
BASE,6,test,1244363,0,0.14023001180085004
BASE,6,test,1244606,1,0.5215724190178186
BASE,6,test,1245961,0,0.4537182257546273
BASE,6,test,1246249,1,0.5685441292875345
BASE_x_R1a,6,test,15488,1,0.832150355157455
BASE_x_R1a,6,test,16787,0,0.5612198636371801
BASE_x_R1a,6,test,17109,1,0.3548692907905204
BASE_x_R1a,6,test,22019,0,0.1615786064698284
BASE_x_R1a,6,test,22177,1,0.33072574800305277
BASE_x_R1a,6,test,34035,1,0.8389236865918214
BASE_x_R1a,6,test,43628,1,0.9060974836084921
BASE_x_R1a,6,test,47652,1,0.8525928945093074
BASE_x_R1a,6,test,48545,0,0.2506575820125053
BASE_x_R1a,6,test,49258,1,0.6739690552846644
BASE_x_R1a,6,test,70147,0,0.7326051146167514
BASE_x_R1a,6,test,71731,1,0.6086788282668643
BASE_x_R1a,6,test,78018,1,0.841739067035267
BASE_x_R1a,6,test,79057,1,0.6639934199167867
BASE_x_R1a,6,test,90339,0,0.7765218810743947
BASE_x_R1a,6,test,91934,0,0.42987970133693376
BASE_x_R1a,6,test,93002,1,0.8692880125611028
BASE_x_R1a,6,test,98629,1,0.27541549841577595
BASE_x_R1a,6,test,100595,0,0.17054751117330094
BASE_x_R1a,6,test,104529,0,0.41640767626169356
BASE_x_R1a,6,test,123208,1,0.5144991248035439
BASE_x_R1a,6,test,128956,1,0.9449386702881264
BASE_x_R1a,6,test,129407,1,0.519568280940274
BASE_x_R1a,6,test,130131,0,0.41072220991332337
BASE_x_R1a,6,test,143454,0,0.7112448668272873
BASE_x_R1a,6,test,144004,0,0.5308537208109729
BASE_x_R1a,6,test,144639,1,0.7195559508166592
BASE_x_R1a,6,test,144703,1,0.7904951528678125
BASE_x_R1a,6,test,145109,1,0.608924196382533
BASE_x_R1a,6,test,146346,1,0.4905860194500013
BASE_x_R1a,6,test,149880,1,0.6921286304364768
BASE_x_R1a,6,test,153929,1,0.6730432471584815
BASE_x_R1a,6,test,154041,1,0.5480492307492114
BASE_x_R1a,6,test,154147,1,0.803410022077376
BASE_x_R1a,6,test,157449,1,0.6904850751720079
BASE_x_R1a,6,test,159617,1,0.7937909269767377
BASE_x_R1a,6,test,162979,1,0.6937478788108676
BASE_x_R1a,6,test,165400,0,0.44526345472107265
BASE_x_R1a,6,test,166451,1,0.4551282349004789
BASE_x_R1a,6,test,179192,0,0.570142517700382
BASE_x_R1a,6,test,183492,1,0.7298750406367529
BASE_x_R1a,6,test,186379,1,0.6371792000465983
BASE_x_R1a,6,test,190187,0,0.7098767666704465
BASE_x_R1a,6,test,192873,1,0.5918331923465603
BASE_x_R1a,6,test,199177,0,0.4040532011368777
BASE_x_R1a,6,test,207626,1,0.5494877546052914
BASE_x_R1a,6,test,223954,1,0.6876817651666951
BASE_x_R1a,6,test,226859,0,0.5254230702725059
BASE_x_R1a,6,test,234247,0,0.6129761248270812
BASE_x_R1a,6,test,238407,0,0.35439239839792913
BASE_x_R1a,6,test,252362,0,0.6058845523335759
BASE_x_R1a,6,test,255374,0,0.1089117182088631
BASE_x_R1a,6,test,269426,1,0.7605790674161372
BASE_x_R1a,6,test,271883,1,0.6586388681823533
BASE_x_R1a,6,test,272914,1,0.26827931772473224
BASE_x_R1a,6,test,273824,1,0.7958312963664629
BASE_x_R1a,6,test,280452,0,0.3262120720939429
BASE_x_R1a,6,test,285801,1,0.5776683211995236
BASE_x_R1a,6,test,289992,1,0.8667480351716681
BASE_x_R1a,6,test,292872,0,0.31012881517688773
BASE_x_R1a,6,test,297709,0,0.32296980818842946
BASE_x_R1a,6,test,298252,0,0.06506661064831587
BASE_x_R1a,6,test,313664,1,0.6142200723751231
BASE_x_R1a,6,test,314907,1,0.7904117614287525
BASE_x_R1a,6,test,315660,1,0.7607461660677294
BASE_x_R1a,6,test,323320,0,0.41817835632391115
BASE_x_R1a,6,test,324095,1,0.6952212602878005
BASE_x_R1a,6,test,327943,1,0.7486098669957333
BASE_x_R1a,6,test,328655,0,0.5584884375397259
BASE_x_R1a,6,test,328714,1,0.5770074230850674
BASE_x_R1a,6,test,329983,1,0.7299131565165237
BASE_x_R1a,6,test,332529,1,0.42673361976045454
BASE_x_R1a,6,test,342377,1,0.7259108943327187
BASE_x_R1a,6,test,348567,1,0.7124185415666204
BASE_x_R1a,6,test,352441,0,0.4450827295472765
BASE_x_R1a,6,test,353416,1,0.5418965204257205
BASE_x_R1a,6,test,358239,1,0.8269468263291837
BASE_x_R1a,6,test,359330,0,0.1442844002259786
BASE_x_R1a,6,test,360745,1,0.5711500375333268
BASE_x_R1a,6,test,360986,1,0.5952274513710994
BASE_x_R1a,6,test,364228,1,0.7332523906587111
BASE_x_R1a,6,test,366159,1,0.6527861597236534
BASE_x_R1a,6,test,369626,1,0.7606751097106631
BASE_x_R1a,6,test,376917,1,0.5757254567822735
BASE_x_R1a,6,test,378412,1,0.619518542609306
BASE_x_R1a,6,test,380225,1,0.8239333800245419
BASE_x_R1a,6,test,384429,0,0.732846135733173
BASE_x_R1a,6,test,385866,1,0.6156308715743231
BASE_x_R1a,6,test,392913,1,0.7839253831829405
BASE_x_R1a,6,test,397648,1,0.7526791804961113
BASE_x_R1a,6,test,398295,0,0.28806562508576417
BASE_x_R1a,6,test,402349,0,0.2741652542308216
BASE_x_R1a,6,test,403399,0,0.5722703476710492
BASE_x_R1a,6,test,408486,1,0.7666360832562542
BASE_x_R1a,6,test,409579,1,0.5766229455531694
BASE_x_R1a,6,test,418425,0,0.1482039752773047
BASE_x_R1a,6,test,432540,1,0.4235028992914345
BASE_x_R1a,6,test,432782,0,0.7267293406320244
BASE_x_R1a,6,test,438187,1,0.5283954620400586
BASE_x_R1a,6,test,451424,1,0.7118980309619579
BASE_x_R1a,6,test,451844,1,0.43712246715131525
BASE_x_R1a,6,test,455395,1,0.7619452702497382
BASE_x_R1a,6,test,463375,1,0.857402195592047
BASE_x_R1a,6,test,470865,1,0.7707115110512962
BASE_x_R1a,6,test,471363,1,0.4644506442817166
BASE_x_R1a,6,test,474221,0,0.7655158808140032
BASE_x_R1a,6,test,474709,1,0.7283628109378602
BASE_x_R1a,6,test,479371,0,0.545415142822169
BASE_x_R1a,6,test,479811,0,0.20385205757856079
BASE_x_R1a,6,test,479859,0,0.1547610869718028
BASE_x_R1a,6,test,480708,1,0.8475769109452103
BASE_x_R1a,6,test,481454,0,0.25321541786016205
BASE_x_R1a,6,test,485608,1,0.8025014723688588
BASE_x_R1a,6,test,486523,0,0.5606756249696434
BASE_x_R1a,6,test,486901,0,0.6622709708834355
BASE_x_R1a,6,test,487378,0,0.4868673512719612
BASE_x_R1a,6,test,492492,0,0.5712640468596626
BASE_x_R1a,6,test,498363,1,0.8527782156540442
BASE_x_R1a,6,test,501583,1,0.19829207229589418
BASE_x_R1a,6,test,502585,0,0.412453187359487
BASE_x_R1a,6,test,504525,0,0.35804959149156884
BASE_x_R1a,6,test,507793,0,0.6815050882079735
BASE_x_R1a,6,test,508867,1,0.556854928473696
BASE_x_R1a,6,test,510372,1,0.4203182370703197
BASE_x_R1a,6,test,520621,1,0.7021098519409681
BASE_x_R1a,6,test,525300,1,0.6197970733563344
BASE_x_R1a,6,test,530038,1,0.7351283911191223
BASE_x_R1a,6,test,531815,0,0.606937073586714
BASE_x_R1a,6,test,532148,1,0.7162719817344413
BASE_x_R1a,6,test,533901,1,0.8423996136448166
BASE_x_R1a,6,test,534077,1,0.5949201629387374
BASE_x_R1a,6,test,534835,1,0.31105034079267596
BASE_x_R1a,6,test,535178,1,0.7097398876744718
BASE_x_R1a,6,test,536216,1,0.8581093337750376
BASE_x_R1a,6,test,544425,0,0.28988498907328
BASE_x_R1a,6,test,546258,1,0.6385372403854798
BASE_x_R1a,6,test,550471,1,0.5857941059772694
BASE_x_R1a,6,test,555492,0,0.32309566084111635
BASE_x_R1a,6,test,563271,1,0.5955491989001235
BASE_x_R1a,6,test,568516,0,0.40540897373925994
BASE_x_R1a,6,test,570975,0,0.18731963208041894
BASE_x_R1a,6,test,580750,0,0.1531228113203123
BASE_x_R1a,6,test,586109,0,0.6575284599085094
BASE_x_R1a,6,test,586695,1,0.665650764199349
BASE_x_R1a,6,test,589233,1,0.7262482324801112
BASE_x_R1a,6,test,592431,1,0.8253398850105884
BASE_x_R1a,6,test,595768,0,0.18038044042227458
BASE_x_R1a,6,test,598890,1,0.5302125916830498
BASE_x_R1a,6,test,599396,0,0.771464719900822
BASE_x_R1a,6,test,600647,1,0.6180868337610819
BASE_x_R1a,6,test,610488,0,0.5238554067864962
BASE_x_R1a,6,test,613228,0,0.4751361548538138
BASE_x_R1a,6,test,618335,1,0.6846090329386813
BASE_x_R1a,6,test,625366,1,0.8786371574677783
BASE_x_R1a,6,test,639645,0,0.6152661658619766
BASE_x_R1a,6,test,643183,1,0.6027321505489213
BASE_x_R1a,6,test,643981,1,0.8164593265012828
BASE_x_R1a,6,test,648747,0,0.27679252956169514
BASE_x_R1a,6,test,649449,0,0.45243925944452246
BASE_x_R1a,6,test,657533,1,0.7141957868725021
BASE_x_R1a,6,test,658602,1,0.6374336098147313
BASE_x_R1a,6,test,660938,1,0.6008359298295037
BASE_x_R1a,6,test,661211,0,0.549915099812608
BASE_x_R1a,6,test,677383,0,0.47508647001309257
BASE_x_R1a,6,test,681205,1,0.6930427949482524
BASE_x_R1a,6,test,682303,1,0.7710110799987696
BASE_x_R1a,6,test,684963,1,0.8549973008849256
BASE_x_R1a,6,test,692458,1,0.5314526471339411
BASE_x_R1a,6,test,693326,1,0.7737641772696047
BASE_x_R1a,6,test,695588,1,0.8112259235180943
BASE_x_R1a,6,test,699703,1,0.8668530761221338
BASE_x_R1a,6,test,705906,1,0.8319104744563167
BASE_x_R1a,6,test,706141,1,0.4716089284852327
BASE_x_R1a,6,test,709192,0,0.5553915098925412
BASE_x_R1a,6,test,709805,1,0.8708304835921394
BASE_x_R1a,6,test,709815,1,0.7089390320383842
BASE_x_R1a,6,test,711099,1,0.6154688885679732
BASE_x_R1a,6,test,712016,1,0.8711732883050723
BASE_x_R1a,6,test,714644,1,0.81711873637024
BASE_x_R1a,6,test,723511,1,0.5490103475301731
BASE_x_R1a,6,test,727266,1,0.5794803716962966
BASE_x_R1a,6,test,737577,1,0.7030323636289058
BASE_x_R1a,6,test,739530,1,0.7746183967281184
BASE_x_R1a,6,test,741884,0,0.7289050455077656
BASE_x_R1a,6,test,743605,1,0.544386164490533
BASE_x_R1a,6,test,744971,0,0.3522169566678683
BASE_x_R1a,6,test,745143,0,0.38312500493521673
BASE_x_R1a,6,test,746564,0,0.42630719251063665
BASE_x_R1a,6,test,746867,0,0.6310730766160076
BASE_x_R1a,6,test,748105,0,0.5685343797948543
BASE_x_R1a,6,test,754586,1,0.6223371288407838
BASE_x_R1a,6,test,755156,1,0.5526424345467429
BASE_x_R1a,6,test,757383,0,0.4902043548539471
BASE_x_R1a,6,test,765618,1,0.638734333009988
BASE_x_R1a,6,test,781445,0,0.2623079444959278
BASE_x_R1a,6,test,783025,1,0.8046285555397193
BASE_x_R1a,6,test,790696,0,0.614409665016792
BASE_x_R1a,6,test,793601,0,0.6614162830288758
BASE_x_R1a,6,test,802480,0,0.7092735291283724
BASE_x_R1a,6,test,807819,1,0.6933162321340517
BASE_x_R1a,6,test,809272,0,0.27222157662744545
BASE_x_R1a,6,test,813871,1,0.7604973026941931
BASE_x_R1a,6,test,813972,1,0.49516062029148594
BASE_x_R1a,6,test,817197,0,0.1510124091704551
BASE_x_R1a,6,test,818099,0,0.4418537079979145
BASE_x_R1a,6,test,820530,1,0.7164907264251978
BASE_x_R1a,6,test,828057,0,0.4856905786995944
BASE_x_R1a,6,test,829142,1,0.8752266384517994
BASE_x_R1a,6,test,833210,1,0.8291158519987928
BASE_x_R1a,6,test,834393,0,0.44022057510756163
BASE_x_R1a,6,test,834446,1,0.7718896426819299
BASE_x_R1a,6,test,835463,1,0.6965448716861249
BASE_x_R1a,6,test,839451,0,0.42135778620960784
BASE_x_R1a,6,test,844104,1,0.19007404482779294
BASE_x_R1a,6,test,847036,1,0.7756877818164131
BASE_x_R1a,6,test,851163,1,0.6223837309210617
BASE_x_R1a,6,test,853023,1,0.771662264584926
BASE_x_R1a,6,test,857435,1,0.4141207173212447
BASE_x_R1a,6,test,857621,1,0.778858807943901
BASE_x_R1a,6,test,866895,0,0.5165173200503785
BASE_x_R1a,6,test,870328,0,0.4904936040440301
BASE_x_R1a,6,test,872844,1,0.6813276616126456
BASE_x_R1a,6,test,873012,1,0.493930543497909
BASE_x_R1a,6,test,875241,1,0.5843453118810124
BASE_x_R1a,6,test,885157,1,0.7599498844248097
BASE_x_R1a,6,test,885394,1,0.5408263694146228
BASE_x_R1a,6,test,888443,0,0.17579808969945823
BASE_x_R1a,6,test,896596,1,0.6491389051211799
BASE_x_R1a,6,test,898035,1,0.49730086314400657
BASE_x_R1a,6,test,900534,1,0.684155888218474
BASE_x_R1a,6,test,944965,1,0.7444730238396751
BASE_x_R1a,6,test,947197,1,0.17834813259780494
BASE_x_R1a,6,test,951846,0,0.3589582829075816
BASE_x_R1a,6,test,952824,1,0.6086025634903425
BASE_x_R1a,6,test,953310,1,0.7034947404942323
BASE_x_R1a,6,test,961563,0,0.3542260103442263
BASE_x_R1a,6,test,964462,0,0.5445024062752915
BASE_x_R1a,6,test,967064,1,0.6103981322671027
BASE_x_R1a,6,test,976508,0,0.4394760088723155
BASE_x_R1a,6,test,978575,1,0.6912576002081886
BASE_x_R1a,6,test,981610,0,0.5758476656134451
BASE_x_R1a,6,test,982545,1,0.44097181925802303
BASE_x_R1a,6,test,987657,1,0.4155402972518334
BASE_x_R1a,6,test,988546,0,0.10598161359932579
BASE_x_R1a,6,test,991972,1,0.7789295563049546
BASE_x_R1a,6,test,1000434,1,0.8482157210822585
BASE_x_R1a,6,test,1001502,0,0.43543280750354085
BASE_x_R1a,6,test,1001607,1,0.7934622120695097
BASE_x_R1a,6,test,1002906,0,0.5331155454740553
BASE_x_R1a,6,test,1005095,1,0.5979226978241612
BASE_x_R1a,6,test,1005166,1,0.5130706653934939
BASE_x_R1a,6,test,1023383,0,0.6717087057475283
BASE_x_R1a,6,test,1040848,0,0.5191344043513844
BASE_x_R1a,6,test,1054838,0,0.40719830990152384
BASE_x_R1a,6,test,1059579,1,0.6729119059725599
BASE_x_R1a,6,test,1062066,0,0.5364156504745806
BASE_x_R1a,6,test,1062410,1,0.7393793215018958
BASE_x_R1a,6,test,1064271,1,0.894051139631917
BASE_x_R1a,6,test,1065129,1,0.5666486764562996
BASE_x_R1a,6,test,1066534,1,0.3019568973780788
BASE_x_R1a,6,test,1067828,1,0.6960866042851177
BASE_x_R1a,6,test,1070472,0,0.35852385664750647
BASE_x_R1a,6,test,1071053,0,0.23779370711679768
BASE_x_R1a,6,test,1071408,1,0.7214853390938363
BASE_x_R1a,6,test,1072194,1,0.6140804051488563
BASE_x_R1a,6,test,1073471,1,0.8060851844572023
BASE_x_R1a,6,test,1073787,1,0.4611901862524561
BASE_x_R1a,6,test,1074188,1,0.4459367281443488
BASE_x_R1a,6,test,1074312,0,0.6200408421687855
BASE_x_R1a,6,test,1074892,0,0.7385482437103339
BASE_x_R1a,6,test,1075447,1,0.5638430386012147
BASE_x_R1a,6,test,1075699,1,0.3929921640836834
BASE_x_R1a,6,test,1077606,1,0.7464089569311162
BASE_x_R1a,6,test,1078835,1,0.2793065007012123
BASE_x_R1a,6,test,1079219,0,0.2171234923154751
BASE_x_R1a,6,test,1080470,1,0.4390786796113118
BASE_x_R1a,6,test,1080872,0,0.5055396209725476
BASE_x_R1a,6,test,1081798,0,0.47354081238193
BASE_x_R1a,6,test,1081799,0,0.7529784023448152
BASE_x_R1a,6,test,1082261,1,0.8179615847087676
BASE_x_R1a,6,test,1082847,1,0.7252730518556332
BASE_x_R1a,6,test,1083772,1,0.6264957035311072
BASE_x_R1a,6,test,1084251,1,0.4306407458478328
BASE_x_R1a,6,test,1084347,0,0.4641675933922133
BASE_x_R1a,6,test,1085496,1,0.5765780629415151
BASE_x_R1a,6,test,1085527,1,0.7356330078981286
BASE_x_R1a,6,test,1086158,0,0.31416125416089735
BASE_x_R1a,6,test,1086657,1,0.8257620169327712
BASE_x_R1a,6,test,1087850,0,0.6139754795584434
BASE_x_R1a,6,test,1089172,1,0.5802857925050683
BASE_x_R1a,6,test,1090560,1,0.2764570812499904
BASE_x_R1a,6,test,1090932,1,0.6616298123582015
BASE_x_R1a,6,test,1091111,1,0.5749134066415394
BASE_x_R1a,6,test,1092732,0,0.6142660683515602
BASE_x_R1a,6,test,1092848,1,0.6250496986785189
BASE_x_R1a,6,test,1093401,1,0.896454778711772
BASE_x_R1a,6,test,1093743,0,0.3475895319417546
BASE_x_R1a,6,test,1094274,1,0.8514006035967162
BASE_x_R1a,6,test,1094441,0,0.749243049327151
BASE_x_R1a,6,test,1094522,1,0.8148970567974656
BASE_x_R1a,6,test,1094558,1,0.597062079680959
BASE_x_R1a,6,test,1097465,1,0.6778732991247948
BASE_x_R1a,6,test,1098043,0,0.8130463010575353
BASE_x_R1a,6,test,1098075,1,0.7510203267548186
BASE_x_R1a,6,test,1101157,1,0.8100904069508118
BASE_x_R1a,6,test,1101907,1,0.7940341537385512
BASE_x_R1a,6,test,1103001,0,0.4633860192467646
BASE_x_R1a,6,test,1103298,0,0.6767115204716699
BASE_x_R1a,6,test,1103434,0,0.44388480160907157
BASE_x_R1a,6,test,1103930,1,0.8997095553502499
BASE_x_R1a,6,test,1104012,1,0.7015045551611293
BASE_x_R1a,6,test,1105241,0,0.4794510735925199
BASE_x_R1a,6,test,1105320,1,0.6936540863507163
BASE_x_R1a,6,test,1106738,1,0.759041892994909
BASE_x_R1a,6,test,1106799,1,0.592822689558499
BASE_x_R1a,6,test,1107096,1,0.5844798706135738
BASE_x_R1a,6,test,1107575,0,0.5530560015854901
BASE_x_R1a,6,test,1109280,1,0.8378193146229147
BASE_x_R1a,6,test,1109765,1,0.6284828634887348
BASE_x_R1a,6,test,1111471,1,0.6474065136189928
BASE_x_R1a,6,test,1111513,1,0.7852020797204493
BASE_x_R1a,6,test,1111860,1,0.720736067887237
BASE_x_R1a,6,test,1112567,1,0.5795085672965749
BASE_x_R1a,6,test,1112876,1,0.4818642768772397
BASE_x_R1a,6,test,1113294,1,0.7127441906713368
BASE_x_R1a,6,test,1114801,0,0.8316317679469521
BASE_x_R1a,6,test,1117451,0,0.19907777880252467
BASE_x_R1a,6,test,1117714,1,0.48548954629681623
BASE_x_R1a,6,test,1117882,0,0.47675893536969605
BASE_x_R1a,6,test,1117951,1,0.573847054994498
BASE_x_R1a,6,test,1118542,0,0.2837816110887226
BASE_x_R1a,6,test,1118773,0,0.25472676723002907
BASE_x_R1a,6,test,1119526,1,0.38740322111014286
BASE_x_R1a,6,test,1119666,1,0.8210793520008207
BASE_x_R1a,6,test,1120391,0,0.6180053686345754
BASE_x_R1a,6,test,1120436,0,0.49700476430911983
BASE_x_R1a,6,test,1120684,0,0.2912547719626216
BASE_x_R1a,6,test,1120775,1,0.35918428296846316
BASE_x_R1a,6,test,1121705,1,0.8007147338782431
BASE_x_R1a,6,test,1121736,0,0.6729407976080174
BASE_x_R1a,6,test,1121927,1,0.8445945526139262
BASE_x_R1a,6,test,1122023,0,0.5466434486354511
BASE_x_R1a,6,test,1122204,0,0.3832013147118802
BASE_x_R1a,6,test,1122453,1,0.4223788745936636
BASE_x_R1a,6,test,1122888,1,0.633353153175738
BASE_x_R1a,6,test,1123103,1,0.6011141462340437
BASE_x_R1a,6,test,1123383,1,0.6160498184621832
BASE_x_R1a,6,test,1123484,0,0.36639922577073747
BASE_x_R1a,6,test,1124152,0,0.6819231667133134
BASE_x_R1a,6,test,1124329,1,0.5364449012447455
BASE_x_R1a,6,test,1124477,1,0.39023048501790997
BASE_x_R1a,6,test,1124482,1,0.6717441612859691
BASE_x_R1a,6,test,1124561,0,0.7064407092860107
BASE_x_R1a,6,test,1125073,1,0.5632370664449639
BASE_x_R1a,6,test,1125095,0,0.7923801011067666
BASE_x_R1a,6,test,1125163,1,0.3928886024391828
BASE_x_R1a,6,test,1125348,0,0.45927392176267257
BASE_x_R1a,6,test,1125964,1,0.6586977795215506
BASE_x_R1a,6,test,1127703,1,0.3534306261911669
BASE_x_R1a,6,test,1127790,1,0.45313825544873
BASE_x_R1a,6,test,1127812,1,0.5644405517504212
BASE_x_R1a,6,test,1128042,1,0.43753848587977273
BASE_x_R1a,6,test,1128373,0,0.5431125041477061
BASE_x_R1a,6,test,1129029,0,0.374935127345929
BASE_x_R1a,6,test,1129253,1,0.23801819014532666
BASE_x_R1a,6,test,1130043,1,0.483653936278369
BASE_x_R1a,6,test,1130161,1,0.214421235240294
BASE_x_R1a,6,test,1130408,1,0.7403292505181982
BASE_x_R1a,6,test,1130697,1,0.8969910302683095
BASE_x_R1a,6,test,1131288,0,0.6253663708837482
BASE_x_R1a,6,test,1131818,1,0.6635423042645996
BASE_x_R1a,6,test,1132205,1,0.7674992098151475
BASE_x_R1a,6,test,1132251,1,0.558435110479782
BASE_x_R1a,6,test,1132465,1,0.674688258890111
BASE_x_R1a,6,test,1134518,0,0.5649682754720137
BASE_x_R1a,6,test,1135587,1,0.6665753591567488
BASE_x_R1a,6,test,1136675,1,0.5872065272021003
BASE_x_R1a,6,test,1137147,1,0.6562373231575017
BASE_x_R1a,6,test,1137555,1,0.7312144635714627
BASE_x_R1a,6,test,1137589,1,0.4180894092183032
BASE_x_R1a,6,test,1137818,1,0.22155839387318474
BASE_x_R1a,6,test,1138321,1,0.7703491563179793
BASE_x_R1a,6,test,1138361,1,0.7694847440937305
BASE_x_R1a,6,test,1138599,1,0.639627802092688
BASE_x_R1a,6,test,1139049,0,0.41780172876965194
BASE_x_R1a,6,test,1139688,1,0.7323948024529886
BASE_x_R1a,6,test,1141785,0,0.1716901562838139
BASE_x_R1a,6,test,1142514,0,0.606078811838744
BASE_x_R1a,6,test,1142591,0,0.739435520568543
BASE_x_R1a,6,test,1142643,1,0.7081333769819306
BASE_x_R1a,6,test,1143257,1,0.3849478949540328
BASE_x_R1a,6,test,1143657,1,0.39459054628483864
BASE_x_R1a,6,test,1143964,1,0.6487930776452828
BASE_x_R1a,6,test,1144488,1,0.6706189852921157
BASE_x_R1a,6,test,1144508,1,0.7416768637227077
BASE_x_R1a,6,test,1144734,1,0.5182085590141234
BASE_x_R1a,6,test,1146116,0,0.4684745594239802
BASE_x_R1a,6,test,1146208,0,0.5806861286752182
BASE_x_R1a,6,test,1146369,1,0.888198943501218
BASE_x_R1a,6,test,1146465,0,0.6239072123745477
BASE_x_R1a,6,test,1146488,0,0.5804316874672824
BASE_x_R1a,6,test,1146584,1,0.6813475612853618
BASE_x_R1a,6,test,1146724,1,0.771163514319722
BASE_x_R1a,6,test,1146999,1,0.7947734334344583
BASE_x_R1a,6,test,1147012,0,0.4884664949338493
BASE_x_R1a,6,test,1147838,0,0.5643289501950304
BASE_x_R1a,6,test,1148376,1,0.5840756123553781
BASE_x_R1a,6,test,1148437,0,0.5847519958813733
BASE_x_R1a,6,test,1149201,1,0.2650640218449258
BASE_x_R1a,6,test,1149825,1,0.5205281794780905
BASE_x_R1a,6,test,1149831,1,0.7555558649741624
BASE_x_R1a,6,test,1149946,1,0.5473777096574983
BASE_x_R1a,6,test,1150067,1,0.7317544194159948
BASE_x_R1a,6,test,1150911,0,0.6133280200999828
BASE_x_R1a,6,test,1151486,1,0.7010687702191114
BASE_x_R1a,6,test,1151510,0,0.2923911390488155
BASE_x_R1a,6,test,1152410,1,0.4553541322796
BASE_x_R1a,6,test,1152629,1,0.6185476805289057
BASE_x_R1a,6,test,1154191,1,0.6773520430959828
BASE_x_R1a,6,test,1154313,1,0.589913774756154
BASE_x_R1a,6,test,1154492,1,0.4714386906167469
BASE_x_R1a,6,test,1155186,1,0.6858975736433759
BASE_x_R1a,6,test,1155546,1,0.5968694153521733
BASE_x_R1a,6,test,1155575,1,0.7440209967671815
BASE_x_R1a,6,test,1155880,1,0.6683726179452547
BASE_x_R1a,6,test,1156904,1,0.557666464073768
BASE_x_R1a,6,test,1157142,1,0.5110975703103883
BASE_x_R1a,6,test,1157440,0,0.597058068224337
BASE_x_R1a,6,test,1206010,0,0.7111535553017978
BASE_x_R1a,6,test,1206667,0,0.7572823812321359
BASE_x_R1a,6,test,1206743,0,0.47625676160595626
BASE_x_R1a,6,test,1207535,1,0.39006191572303117
BASE_x_R1a,6,test,1207793,1,0.4796460740857949
BASE_x_R1a,6,test,1208243,1,0.6437070063738805
BASE_x_R1a,6,test,1208308,1,0.5065497965731607
BASE_x_R1a,6,test,1208350,1,0.8353191311879051
BASE_x_R1a,6,test,1208476,1,0.87025200050973
BASE_x_R1a,6,test,1208880,1,0.773214543533512
BASE_x_R1a,6,test,1208898,1,0.6705567394455586
BASE_x_R1a,6,test,1209034,1,0.3691268593863438
BASE_x_R1a,6,test,1209496,0,0.49766765962485365
BASE_x_R1a,6,test,1209502,0,0.4488845556052944
BASE_x_R1a,6,test,1210408,0,0.5137056510884532
BASE_x_R1a,6,test,1210432,0,0.30620764441181225
BASE_x_R1a,6,test,1210436,0,0.3401043427515669
BASE_x_R1a,6,test,1210765,1,0.7806660710011559
BASE_x_R1a,6,test,1210809,1,0.7586953994254135
BASE_x_R1a,6,test,1210880,1,0.4006218950013388
BASE_x_R1a,6,test,1212278,0,0.636935850159034
BASE_x_R1a,6,test,1212354,0,0.5348449539070645
BASE_x_R1a,6,test,1212403,1,0.77032150036658
BASE_x_R1a,6,test,1212690,0,0.6031945526750068
BASE_x_R1a,6,test,1213589,1,0.6067310989441517
BASE_x_R1a,6,test,1214506,1,0.7161898578924825
BASE_x_R1a,6,test,1214560,1,0.6473528092133192
BASE_x_R1a,6,test,1215084,0,0.5556233467356653
BASE_x_R1a,6,test,1215586,0,0.5910839728349889
BASE_x_R1a,6,test,1216041,1,0.7085782579028225
BASE_x_R1a,6,test,1216076,1,0.7945863666792871
BASE_x_R1a,6,test,1216188,0,0.42435542701624707
BASE_x_R1a,6,test,1216776,1,0.3898258126860534
BASE_x_R1a,6,test,1216904,0,0.20153056991185797
BASE_x_R1a,6,test,1217080,1,0.9162427864660084
BASE_x_R1a,6,test,1217167,0,0.18797869552728413
BASE_x_R1a,6,test,1217240,0,0.3701016153415799
BASE_x_R1a,6,test,1217415,1,0.6811080002097966
BASE_x_R1a,6,test,1217519,1,0.616275051442534
BASE_x_R1a,6,test,1217573,1,0.8032098764379344
BASE_x_R1a,6,test,1217757,1,0.663389455710265
BASE_x_R1a,6,test,1218010,1,0.5282591579006496
BASE_x_R1a,6,test,1218062,1,0.819974053030074
BASE_x_R1a,6,test,1218288,1,0.44160505769750963
BASE_x_R1a,6,test,1219099,0,0.6060902173979332
BASE_x_R1a,6,test,1219897,1,0.808627701168021
BASE_x_R1a,6,test,1220426,0,0.40484137887242094
BASE_x_R1a,6,test,1220507,0,0.6932032105219398
BASE_x_R1a,6,test,1220515,0,0.4027494405481682
BASE_x_R1a,6,test,1220526,1,0.5580389698751635
BASE_x_R1a,6,test,1220527,0,0.5834870421177228
BASE_x_R1a,6,test,1220900,1,0.6834404366232437
BASE_x_R1a,6,test,1221355,1,0.8212391717280194
BASE_x_R1a,6,test,1221707,0,0.46933956834684126
BASE_x_R1a,6,test,1221883,0,0.4119453830624719
BASE_x_R1a,6,test,1222410,0,0.23780040989059262
BASE_x_R1a,6,test,1222850,1,0.6702916590683459
BASE_x_R1a,6,test,1222907,1,0.6678075408670012
BASE_x_R1a,6,test,1223272,1,0.5920691247620914
BASE_x_R1a,6,test,1224087,0,0.23737565624611917
BASE_x_R1a,6,test,1224094,0,0.15386258627428614
BASE_x_R1a,6,test,1224229,1,0.8355977100754737
BASE_x_R1a,6,test,1224488,1,0.6814505974103703
BASE_x_R1a,6,test,1225046,0,0.35803700060881993
BASE_x_R1a,6,test,1225309,1,0.6261682547591887
BASE_x_R1a,6,test,1225413,1,0.7693659565379676
BASE_x_R1a,6,test,1225493,0,0.28581078424004125
BASE_x_R1a,6,test,1225500,0,0.6326893006937762
BASE_x_R1a,6,test,1225716,0,0.6927290075616461
BASE_x_R1a,6,test,1225758,1,0.6826977924624613
BASE_x_R1a,6,test,1226664,1,0.26382239542509994
BASE_x_R1a,6,test,1226981,0,0.48693053215898907
BASE_x_R1a,6,test,1227231,1,0.6796911417663155
BASE_x_R1a,6,test,1227437,1,0.7554603942323267
BASE_x_R1a,6,test,1227545,1,0.7568849917417755
BASE_x_R1a,6,test,1227900,1,0.3601982240276644
BASE_x_R1a,6,test,1229368,0,0.4940754859445314
BASE_x_R1a,6,test,1229725,1,0.8722669573282653
BASE_x_R1a,6,test,1229837,0,0.522238504895253
BASE_x_R1a,6,test,1229920,1,0.7206519410514929
BASE_x_R1a,6,test,1229991,0,0.7127001694417406
BASE_x_R1a,6,test,1230370,0,0.25984639812128374
BASE_x_R1a,6,test,1230810,1,0.34182916148789766
BASE_x_R1a,6,test,1231250,1,0.6736552676062477
BASE_x_R1a,6,test,1231276,1,0.6519282725241786
BASE_x_R1a,6,test,1231638,1,0.8284978778136572
BASE_x_R1a,6,test,1231901,1,0.7699550982965299
BASE_x_R1a,6,test,1232028,0,0.19503280156959438
BASE_x_R1a,6,test,1232099,0,0.5021031596585346
BASE_x_R1a,6,test,1232188,1,0.612969037152006
BASE_x_R1a,6,test,1232333,1,0.6821728764914994
BASE_x_R1a,6,test,1232335,1,0.80190336348486
BASE_x_R1a,6,test,1233032,1,0.7265482421940169
BASE_x_R1a,6,test,1233095,1,0.7169580527849719
BASE_x_R1a,6,test,1233178,1,0.7638961953240075
BASE_x_R1a,6,test,1233777,1,0.7313847448663039
BASE_x_R1a,6,test,1233791,1,0.4194877770156175
BASE_x_R1a,6,test,1233962,0,0.508882559965572
BASE_x_R1a,6,test,1234219,1,0.4808835429063427
BASE_x_R1a,6,test,1234306,1,0.2590186440542567
BASE_x_R1a,6,test,1234521,0,0.52229253368988
BASE_x_R1a,6,test,1234862,0,0.5344810959704741
BASE_x_R1a,6,test,1234914,1,0.7467336586716634
BASE_x_R1a,6,test,1235039,1,0.6921355990611828
BASE_x_R1a,6,test,1235236,1,0.5526174624972118
BASE_x_R1a,6,test,1235597,1,0.6134751474716792
BASE_x_R1a,6,test,1235762,1,0.5494554460475292
BASE_x_R1a,6,test,1236548,0,0.7494545778410534
BASE_x_R1a,6,test,1236996,1,0.614825795893717
BASE_x_R1a,6,test,1237971,1,0.5978276813112651
BASE_x_R1a,6,test,1238245,1,0.7217767310218847
BASE_x_R1a,6,test,1238264,1,0.5079018007157056
BASE_x_R1a,6,test,1238287,0,0.7284513934948285
BASE_x_R1a,6,test,1238348,0,0.5100600067289076
BASE_x_R1a,6,test,1238523,1,0.5691527025172086
BASE_x_R1a,6,test,1238636,1,0.8336076057266095
BASE_x_R1a,6,test,1238783,0,0.618931852987641
BASE_x_R1a,6,test,1238817,0,0.7629351689385957
BASE_x_R1a,6,test,1238835,1,0.614803771258683
BASE_x_R1a,6,test,1238917,0,0.5176440063462026
BASE_x_R1a,6,test,1238938,0,0.4739896870479694
BASE_x_R1a,6,test,1238999,1,0.5606912507595717
BASE_x_R1a,6,test,1239042,1,0.54216209492197
BASE_x_R1a,6,test,1239095,1,0.6890300862047954
BASE_x_R1a,6,test,1239331,1,0.5820955258933854
BASE_x_R1a,6,test,1239597,1,0.618289279294856
BASE_x_R1a,6,test,1239907,1,0.6990233491529255
BASE_x_R1a,6,test,1240131,1,0.6833886366256167
BASE_x_R1a,6,test,1240588,1,0.7007751823138628
BASE_x_R1a,6,test,1240598,1,0.6200809086654686
BASE_x_R1a,6,test,1240769,0,0.5619091367497382
BASE_x_R1a,6,test,1241362,1,0.6394137258735207
BASE_x_R1a,6,test,1241841,1,0.6862459957681522
BASE_x_R1a,6,test,1242167,0,0.7044670475946466
BASE_x_R1a,6,test,1242283,0,0.5287883930437881
BASE_x_R1a,6,test,1242535,1,0.6814356939657803
BASE_x_R1a,6,test,1242831,0,0.6355020942658381
BASE_x_R1a,6,test,1243045,0,0.6170984397845883
BASE_x_R1a,6,test,1243459,0,0.18978983752891526
BASE_x_R1a,6,test,1243686,1,0.5043528683865055
BASE_x_R1a,6,test,1243823,1,0.31623527787816114
BASE_x_R1a,6,test,1244363,0,0.14737776051379056
BASE_x_R1a,6,test,1244606,1,0.5424073828947702
BASE_x_R1a,6,test,1245961,0,0.45491385830666525
BASE_x_R1a,6,test,1246249,1,0.5613687642037282
BASE_x_R1a_resid,6,test,15488,1,0.8644775351522875
BASE_x_R1a_resid,6,test,16787,0,0.5652082837951452
BASE_x_R1a_resid,6,test,17109,1,0.3301293378762149
BASE_x_R1a_resid,6,test,22019,0,0.13890189117910365
BASE_x_R1a_resid,6,test,22177,1,0.3434166279159809
BASE_x_R1a_resid,6,test,34035,1,0.8239504710959439
BASE_x_R1a_resid,6,test,43628,1,0.8760344168311894
BASE_x_R1a_resid,6,test,47652,1,0.8557075798553886
BASE_x_R1a_resid,6,test,48545,0,0.23599578689030679
BASE_x_R1a_resid,6,test,49258,1,0.6841420748384666
BASE_x_R1a_resid,6,test,70147,0,0.7095912375056396
BASE_x_R1a_resid,6,test,71731,1,0.6517764572435486
BASE_x_R1a_resid,6,test,78018,1,0.8687174539900553
BASE_x_R1a_resid,6,test,79057,1,0.7551819191830225
BASE_x_R1a_resid,6,test,90339,0,0.770725573709059
BASE_x_R1a_resid,6,test,91934,0,0.5093436957455989
BASE_x_R1a_resid,6,test,93002,1,0.8618065262394947
BASE_x_R1a_resid,6,test,98629,1,0.2520777068322793
BASE_x_R1a_resid,6,test,100595,0,0.21572484824060553
BASE_x_R1a_resid,6,test,104529,0,0.40117525799503406
BASE_x_R1a_resid,6,test,123208,1,0.4391102138518266
BASE_x_R1a_resid,6,test,128956,1,0.9201592953737341
BASE_x_R1a_resid,6,test,129407,1,0.4898023185184661
BASE_x_R1a_resid,6,test,130131,0,0.40754905844892897
BASE_x_R1a_resid,6,test,143454,0,0.6020616130195792
BASE_x_R1a_resid,6,test,144004,0,0.5570371142984155
BASE_x_R1a_resid,6,test,144639,1,0.7086563054363473
BASE_x_R1a_resid,6,test,144703,1,0.7866210042576679
BASE_x_R1a_resid,6,test,145109,1,0.6412937837580606
BASE_x_R1a_resid,6,test,146346,1,0.5108144075869726
BASE_x_R1a_resid,6,test,149880,1,0.6504221440120855
BASE_x_R1a_resid,6,test,153929,1,0.6821758234711532
BASE_x_R1a_resid,6,test,154041,1,0.6043186481172548
BASE_x_R1a_resid,6,test,154147,1,0.8460846100024056
BASE_x_R1a_resid,6,test,157449,1,0.7263215547794527
BASE_x_R1a_resid,6,test,159617,1,0.8262543047928547
BASE_x_R1a_resid,6,test,162979,1,0.7033390944682045
BASE_x_R1a_resid,6,test,165400,0,0.4612589965224444
BASE_x_R1a_resid,6,test,166451,1,0.39410850292885813
BASE_x_R1a_resid,6,test,179192,0,0.6401837504410994
BASE_x_R1a_resid,6,test,183492,1,0.7291767681774879
BASE_x_R1a_resid,6,test,186379,1,0.6344504713135515
BASE_x_R1a_resid,6,test,190187,0,0.6391071483286143
BASE_x_R1a_resid,6,test,192873,1,0.5120261065831785
BASE_x_R1a_resid,6,test,199177,0,0.42118685952715873
BASE_x_R1a_resid,6,test,207626,1,0.5281071126011565
BASE_x_R1a_resid,6,test,223954,1,0.724543334830701
BASE_x_R1a_resid,6,test,226859,0,0.5578143943025978
BASE_x_R1a_resid,6,test,234247,0,0.5850381293090042
BASE_x_R1a_resid,6,test,238407,0,0.3108421394847177
BASE_x_R1a_resid,6,test,252362,0,0.5266365181450094
BASE_x_R1a_resid,6,test,255374,0,0.12352369091918419
BASE_x_R1a_resid,6,test,269426,1,0.8018929989277293
BASE_x_R1a_resid,6,test,271883,1,0.6232225392057553
BASE_x_R1a_resid,6,test,272914,1,0.2599376123424767
BASE_x_R1a_resid,6,test,273824,1,0.7904560057225968
BASE_x_R1a_resid,6,test,280452,0,0.31658979023088263
BASE_x_R1a_resid,6,test,285801,1,0.5326619285929229
BASE_x_R1a_resid,6,test,289992,1,0.9243781607195705
BASE_x_R1a_resid,6,test,292872,0,0.2962214657931208
BASE_x_R1a_resid,6,test,297709,0,0.25235485426036003
BASE_x_R1a_resid,6,test,298252,0,0.05199766387962936
BASE_x_R1a_resid,6,test,313664,1,0.6430618559734527
BASE_x_R1a_resid,6,test,314907,1,0.7526774421172778
BASE_x_R1a_resid,6,test,315660,1,0.7477887105369743
BASE_x_R1a_resid,6,test,323320,0,0.387635689285279
BASE_x_R1a_resid,6,test,324095,1,0.729453604987402
BASE_x_R1a_resid,6,test,327943,1,0.7190429996318222
BASE_x_R1a_resid,6,test,328655,0,0.5022845868301878
BASE_x_R1a_resid,6,test,328714,1,0.5955346783117398
BASE_x_R1a_resid,6,test,329983,1,0.7512382351211826
BASE_x_R1a_resid,6,test,332529,1,0.406949421584362
BASE_x_R1a_resid,6,test,342377,1,0.7766041040140442
BASE_x_R1a_resid,6,test,348567,1,0.7457723612553201
BASE_x_R1a_resid,6,test,352441,0,0.4571788729468777
BASE_x_R1a_resid,6,test,353416,1,0.5768441110534885
BASE_x_R1a_resid,6,test,358239,1,0.7649481600228522
BASE_x_R1a_resid,6,test,359330,0,0.14614768200921754
BASE_x_R1a_resid,6,test,360745,1,0.5467491198111606
BASE_x_R1a_resid,6,test,360986,1,0.5823944568584877
BASE_x_R1a_resid,6,test,364228,1,0.6788757727247361
BASE_x_R1a_resid,6,test,366159,1,0.5860147978765129
BASE_x_R1a_resid,6,test,369626,1,0.7280783966757366
BASE_x_R1a_resid,6,test,376917,1,0.4881109770665916
BASE_x_R1a_resid,6,test,378412,1,0.5732287485175724
BASE_x_R1a_resid,6,test,380225,1,0.8605545871050634
BASE_x_R1a_resid,6,test,384429,0,0.7472090495685716
BASE_x_R1a_resid,6,test,385866,1,0.597411286807903
BASE_x_R1a_resid,6,test,392913,1,0.8208646215799846
BASE_x_R1a_resid,6,test,397648,1,0.7242581019731382
BASE_x_R1a_resid,6,test,398295,0,0.29134969988440107
BASE_x_R1a_resid,6,test,402349,0,0.32382865369000025
BASE_x_R1a_resid,6,test,403399,0,0.5630743215859455
BASE_x_R1a_resid,6,test,408486,1,0.7641535613971722
BASE_x_R1a_resid,6,test,409579,1,0.5038171663184093
BASE_x_R1a_resid,6,test,418425,0,0.14490936126710896
BASE_x_R1a_resid,6,test,432540,1,0.4148673644431812
BASE_x_R1a_resid,6,test,432782,0,0.7181474535151999
BASE_x_R1a_resid,6,test,438187,1,0.5552554491515259
BASE_x_R1a_resid,6,test,451424,1,0.6777863827412021
BASE_x_R1a_resid,6,test,451844,1,0.4018376273558338
BASE_x_R1a_resid,6,test,455395,1,0.7817102330368454
BASE_x_R1a_resid,6,test,463375,1,0.8927505623920249
BASE_x_R1a_resid,6,test,470865,1,0.7293448216141958
BASE_x_R1a_resid,6,test,471363,1,0.5290215568737127
BASE_x_R1a_resid,6,test,474221,0,0.7283730577041554
BASE_x_R1a_resid,6,test,474709,1,0.7396676263908754
BASE_x_R1a_resid,6,test,479371,0,0.5626541321258263
BASE_x_R1a_resid,6,test,479811,0,0.3065825869393464
BASE_x_R1a_resid,6,test,479859,0,0.23263367618260627
BASE_x_R1a_resid,6,test,480708,1,0.8704746407030151
BASE_x_R1a_resid,6,test,481454,0,0.208502433845049
BASE_x_R1a_resid,6,test,485608,1,0.8028537303558838
BASE_x_R1a_resid,6,test,486523,0,0.4858972670960982
BASE_x_R1a_resid,6,test,486901,0,0.6456698684124875
BASE_x_R1a_resid,6,test,487378,0,0.48876360314911543
BASE_x_R1a_resid,6,test,492492,0,0.4707469782670915
BASE_x_R1a_resid,6,test,498363,1,0.7871791083521334
BASE_x_R1a_resid,6,test,501583,1,0.23199877753864745
BASE_x_R1a_resid,6,test,502585,0,0.36593292765252305
BASE_x_R1a_resid,6,test,504525,0,0.34390589644367336
BASE_x_R1a_resid,6,test,507793,0,0.6908239058386404
BASE_x_R1a_resid,6,test,508867,1,0.5140613333957246
BASE_x_R1a_resid,6,test,510372,1,0.4614095453875068
BASE_x_R1a_resid,6,test,520621,1,0.6785218643619726
BASE_x_R1a_resid,6,test,525300,1,0.5729405427140236
BASE_x_R1a_resid,6,test,530038,1,0.684766991582807
BASE_x_R1a_resid,6,test,531815,0,0.5478107624386809
BASE_x_R1a_resid,6,test,532148,1,0.6770328152752131
BASE_x_R1a_resid,6,test,533901,1,0.8346126494223056
BASE_x_R1a_resid,6,test,534077,1,0.6345850755724585
BASE_x_R1a_resid,6,test,534835,1,0.26389391155537123
BASE_x_R1a_resid,6,test,535178,1,0.747554671474961
BASE_x_R1a_resid,6,test,536216,1,0.851045463869204
BASE_x_R1a_resid,6,test,544425,0,0.38818877107309546
BASE_x_R1a_resid,6,test,546258,1,0.6646312021718407
BASE_x_R1a_resid,6,test,550471,1,0.6537662803180936
BASE_x_R1a_resid,6,test,555492,0,0.3255985942924532
BASE_x_R1a_resid,6,test,563271,1,0.6559311129988055
BASE_x_R1a_resid,6,test,568516,0,0.36419310950556666
BASE_x_R1a_resid,6,test,570975,0,0.2091890797877755
BASE_x_R1a_resid,6,test,580750,0,0.1691011479429575
BASE_x_R1a_resid,6,test,586109,0,0.7108564521904576
BASE_x_R1a_resid,6,test,586695,1,0.6928728169404994
BASE_x_R1a_resid,6,test,589233,1,0.7169864284617433
BASE_x_R1a_resid,6,test,592431,1,0.8005866353333637
BASE_x_R1a_resid,6,test,595768,0,0.15501065090857752
BASE_x_R1a_resid,6,test,598890,1,0.5926478118989784
BASE_x_R1a_resid,6,test,599396,0,0.7677501967699384
BASE_x_R1a_resid,6,test,600647,1,0.6648266296234979
BASE_x_R1a_resid,6,test,610488,0,0.4776391853768135
BASE_x_R1a_resid,6,test,613228,0,0.48542500484288686
BASE_x_R1a_resid,6,test,618335,1,0.6910310412731293
BASE_x_R1a_resid,6,test,625366,1,0.870434671422626
BASE_x_R1a_resid,6,test,639645,0,0.5836516909398028
BASE_x_R1a_resid,6,test,643183,1,0.5939980422236446
BASE_x_R1a_resid,6,test,643981,1,0.8087913268242047
BASE_x_R1a_resid,6,test,648747,0,0.2464666011219471
BASE_x_R1a_resid,6,test,649449,0,0.3689656310575431
BASE_x_R1a_resid,6,test,657533,1,0.7733310414307926
BASE_x_R1a_resid,6,test,658602,1,0.5807602338525978
BASE_x_R1a_resid,6,test,660938,1,0.6024308739082611
BASE_x_R1a_resid,6,test,661211,0,0.45687466248519676
BASE_x_R1a_resid,6,test,677383,0,0.4868639947206792
BASE_x_R1a_resid,6,test,681205,1,0.6323713058471301
BASE_x_R1a_resid,6,test,682303,1,0.7647222976086298
BASE_x_R1a_resid,6,test,684963,1,0.8874561010035436
BASE_x_R1a_resid,6,test,692458,1,0.515274670000697
BASE_x_R1a_resid,6,test,693326,1,0.7926894579922285
BASE_x_R1a_resid,6,test,695588,1,0.7365083441269773
BASE_x_R1a_resid,6,test,699703,1,0.8441011516881111
BASE_x_R1a_resid,6,test,705906,1,0.8431857505328999
BASE_x_R1a_resid,6,test,706141,1,0.49345264911010284
BASE_x_R1a_resid,6,test,709192,0,0.5595755425210034
BASE_x_R1a_resid,6,test,709805,1,0.8451165037624455
BASE_x_R1a_resid,6,test,709815,1,0.7459082248181872
BASE_x_R1a_resid,6,test,711099,1,0.6306338995026519
BASE_x_R1a_resid,6,test,712016,1,0.8126937593468142
BASE_x_R1a_resid,6,test,714644,1,0.8060316943582104
BASE_x_R1a_resid,6,test,723511,1,0.49276144797947663
BASE_x_R1a_resid,6,test,727266,1,0.5948530397312354
BASE_x_R1a_resid,6,test,737577,1,0.7343220662748281
BASE_x_R1a_resid,6,test,739530,1,0.7842617532284251
BASE_x_R1a_resid,6,test,741884,0,0.761211038760718
BASE_x_R1a_resid,6,test,743605,1,0.5245480685392679
BASE_x_R1a_resid,6,test,744971,0,0.2825650645679864
BASE_x_R1a_resid,6,test,745143,0,0.3702551348591671
BASE_x_R1a_resid,6,test,746564,0,0.34669164107923867
BASE_x_R1a_resid,6,test,746867,0,0.6180628824722425
BASE_x_R1a_resid,6,test,748105,0,0.5082684196188141
BASE_x_R1a_resid,6,test,754586,1,0.5859874705191929
BASE_x_R1a_resid,6,test,755156,1,0.4981647563641593
BASE_x_R1a_resid,6,test,757383,0,0.5186976690225193
BASE_x_R1a_resid,6,test,765618,1,0.6035270359852456
BASE_x_R1a_resid,6,test,781445,0,0.2951957594799755
BASE_x_R1a_resid,6,test,783025,1,0.8027432430376347
BASE_x_R1a_resid,6,test,790696,0,0.6659950134080017
BASE_x_R1a_resid,6,test,793601,0,0.6272757493307258
BASE_x_R1a_resid,6,test,802480,0,0.7794741669371752
BASE_x_R1a_resid,6,test,807819,1,0.6553152156222136
BASE_x_R1a_resid,6,test,809272,0,0.2741080505351497
BASE_x_R1a_resid,6,test,813871,1,0.7291233299535418
BASE_x_R1a_resid,6,test,813972,1,0.49045227361132704
BASE_x_R1a_resid,6,test,817197,0,0.17462886485401521
BASE_x_R1a_resid,6,test,818099,0,0.5090563976920126
BASE_x_R1a_resid,6,test,820530,1,0.6576374738828907
BASE_x_R1a_resid,6,test,828057,0,0.5326281080668163
BASE_x_R1a_resid,6,test,829142,1,0.8497972042862686
BASE_x_R1a_resid,6,test,833210,1,0.8421221830618605
BASE_x_R1a_resid,6,test,834393,0,0.4062506878595437
BASE_x_R1a_resid,6,test,834446,1,0.793337529607119
BASE_x_R1a_resid,6,test,835463,1,0.6926431478094678
BASE_x_R1a_resid,6,test,839451,0,0.40623967603803884
BASE_x_R1a_resid,6,test,844104,1,0.17751041518739272
BASE_x_R1a_resid,6,test,847036,1,0.7625114688707747
BASE_x_R1a_resid,6,test,851163,1,0.6582296717579891
BASE_x_R1a_resid,6,test,853023,1,0.6830152967337666
BASE_x_R1a_resid,6,test,857435,1,0.47344257726494077
BASE_x_R1a_resid,6,test,857621,1,0.8350970282246944
BASE_x_R1a_resid,6,test,866895,0,0.45882938051861183
BASE_x_R1a_resid,6,test,870328,0,0.4643412660183637
BASE_x_R1a_resid,6,test,872844,1,0.7033409554475356
BASE_x_R1a_resid,6,test,873012,1,0.44341325376842156
BASE_x_R1a_resid,6,test,875241,1,0.5870297482756034
BASE_x_R1a_resid,6,test,885157,1,0.7428153359571003
BASE_x_R1a_resid,6,test,885394,1,0.5396321018587377
BASE_x_R1a_resid,6,test,888443,0,0.12489809935262441
BASE_x_R1a_resid,6,test,896596,1,0.5881751857839582
BASE_x_R1a_resid,6,test,898035,1,0.5521668961420874
BASE_x_R1a_resid,6,test,900534,1,0.670751307207102
BASE_x_R1a_resid,6,test,944965,1,0.7262648765203754
BASE_x_R1a_resid,6,test,947197,1,0.2622676036645638
BASE_x_R1a_resid,6,test,951846,0,0.3706239079137543
BASE_x_R1a_resid,6,test,952824,1,0.6312010387220007
BASE_x_R1a_resid,6,test,953310,1,0.6105104452041362
BASE_x_R1a_resid,6,test,961563,0,0.38215980396577487
BASE_x_R1a_resid,6,test,964462,0,0.5129046651512511
BASE_x_R1a_resid,6,test,967064,1,0.5869392156929162
BASE_x_R1a_resid,6,test,976508,0,0.47292206369196266
BASE_x_R1a_resid,6,test,978575,1,0.7167840600935206
BASE_x_R1a_resid,6,test,981610,0,0.6059469425259956
BASE_x_R1a_resid,6,test,982545,1,0.389529576923343
BASE_x_R1a_resid,6,test,987657,1,0.39642511211567766
BASE_x_R1a_resid,6,test,988546,0,0.1337394254060361
BASE_x_R1a_resid,6,test,991972,1,0.7868629568973917
BASE_x_R1a_resid,6,test,1000434,1,0.7738129681933451
BASE_x_R1a_resid,6,test,1001502,0,0.46011312310073804
BASE_x_R1a_resid,6,test,1001607,1,0.7656034236009779
BASE_x_R1a_resid,6,test,1002906,0,0.5923059784453258
BASE_x_R1a_resid,6,test,1005095,1,0.6073844365258672
BASE_x_R1a_resid,6,test,1005166,1,0.5408811063665011
BASE_x_R1a_resid,6,test,1023383,0,0.5910547299057686
BASE_x_R1a_resid,6,test,1040848,0,0.5070813346139985
BASE_x_R1a_resid,6,test,1054838,0,0.46260733753823474
BASE_x_R1a_resid,6,test,1059579,1,0.627922756008412
BASE_x_R1a_resid,6,test,1062066,0,0.4899384732376849
BASE_x_R1a_resid,6,test,1062410,1,0.7052341670523066
BASE_x_R1a_resid,6,test,1064271,1,0.8947505661170447
BASE_x_R1a_resid,6,test,1065129,1,0.5791970710103761
BASE_x_R1a_resid,6,test,1066534,1,0.2973083092151973
BASE_x_R1a_resid,6,test,1067828,1,0.7299037261264343
BASE_x_R1a_resid,6,test,1070472,0,0.38331538725057734
BASE_x_R1a_resid,6,test,1071053,0,0.18528214863290632
BASE_x_R1a_resid,6,test,1071408,1,0.6883178741255377
BASE_x_R1a_resid,6,test,1072194,1,0.6646253292687156
BASE_x_R1a_resid,6,test,1073471,1,0.7689994741362249
BASE_x_R1a_resid,6,test,1073787,1,0.5020590847338413
BASE_x_R1a_resid,6,test,1074188,1,0.43750019006777974
BASE_x_R1a_resid,6,test,1074312,0,0.6045655133304263
BASE_x_R1a_resid,6,test,1074892,0,0.6911402811100343
BASE_x_R1a_resid,6,test,1075447,1,0.594235219576176
BASE_x_R1a_resid,6,test,1075699,1,0.3404524960044706
BASE_x_R1a_resid,6,test,1077606,1,0.721116112221102
BASE_x_R1a_resid,6,test,1078835,1,0.31108743026730956
BASE_x_R1a_resid,6,test,1079219,0,0.19105601547054607
BASE_x_R1a_resid,6,test,1080470,1,0.4248764368890871
BASE_x_R1a_resid,6,test,1080872,0,0.49090077548754485
BASE_x_R1a_resid,6,test,1081798,0,0.5041469885463454
BASE_x_R1a_resid,6,test,1081799,0,0.7570745577453968
BASE_x_R1a_resid,6,test,1082261,1,0.774301624629553
BASE_x_R1a_resid,6,test,1082847,1,0.7130077255671595
BASE_x_R1a_resid,6,test,1083772,1,0.5490579659321719
BASE_x_R1a_resid,6,test,1084251,1,0.4065917238047932
BASE_x_R1a_resid,6,test,1084347,0,0.49147695079019643
BASE_x_R1a_resid,6,test,1085496,1,0.5382759380489319
BASE_x_R1a_resid,6,test,1085527,1,0.7679078951336028
BASE_x_R1a_resid,6,test,1086158,0,0.30964981079666365
BASE_x_R1a_resid,6,test,1086657,1,0.8565719707535606
BASE_x_R1a_resid,6,test,1087850,0,0.6012917652706024
BASE_x_R1a_resid,6,test,1089172,1,0.6117518437760746
BASE_x_R1a_resid,6,test,1090560,1,0.3184145164414143
BASE_x_R1a_resid,6,test,1090932,1,0.6962436215342542
BASE_x_R1a_resid,6,test,1091111,1,0.4856599632968397
BASE_x_R1a_resid,6,test,1092732,0,0.6463023386710606
BASE_x_R1a_resid,6,test,1092848,1,0.671535793118083
BASE_x_R1a_resid,6,test,1093401,1,0.867978619346732
BASE_x_R1a_resid,6,test,1093743,0,0.3128780089676845
BASE_x_R1a_resid,6,test,1094274,1,0.8911235662815742
BASE_x_R1a_resid,6,test,1094441,0,0.7554239445169583
BASE_x_R1a_resid,6,test,1094522,1,0.7700574633806033
BASE_x_R1a_resid,6,test,1094558,1,0.5416133092289206
BASE_x_R1a_resid,6,test,1097465,1,0.7227068459520107
BASE_x_R1a_resid,6,test,1098043,0,0.8267486129001442
BASE_x_R1a_resid,6,test,1098075,1,0.7936486252949517
BASE_x_R1a_resid,6,test,1101157,1,0.7957945328751841
BASE_x_R1a_resid,6,test,1101907,1,0.773325191446926
BASE_x_R1a_resid,6,test,1103001,0,0.4183411914675636
BASE_x_R1a_resid,6,test,1103298,0,0.6415239326570685
BASE_x_R1a_resid,6,test,1103434,0,0.39979698225097954
BASE_x_R1a_resid,6,test,1103930,1,0.8553375552773929
BASE_x_R1a_resid,6,test,1104012,1,0.6563165970362561
BASE_x_R1a_resid,6,test,1105241,0,0.4677960835330419
BASE_x_R1a_resid,6,test,1105320,1,0.6543152446826607
BASE_x_R1a_resid,6,test,1106738,1,0.7273956425982536
BASE_x_R1a_resid,6,test,1106799,1,0.5528991205703937
BASE_x_R1a_resid,6,test,1107096,1,0.7014552948790755
BASE_x_R1a_resid,6,test,1107575,0,0.5868720905689966
BASE_x_R1a_resid,6,test,1109280,1,0.7993361168395713
BASE_x_R1a_resid,6,test,1109765,1,0.6395371075663987
BASE_x_R1a_resid,6,test,1111471,1,0.6743254343435872
BASE_x_R1a_resid,6,test,1111513,1,0.7897185682864974
BASE_x_R1a_resid,6,test,1111860,1,0.7000441701268661
BASE_x_R1a_resid,6,test,1112567,1,0.544693783742739
BASE_x_R1a_resid,6,test,1112876,1,0.49639936386996636
BASE_x_R1a_resid,6,test,1113294,1,0.651169475479286
BASE_x_R1a_resid,6,test,1114801,0,0.8313100116395691
BASE_x_R1a_resid,6,test,1117451,0,0.22554065900084413
BASE_x_R1a_resid,6,test,1117714,1,0.5141707910825053
BASE_x_R1a_resid,6,test,1117882,0,0.49012415534141857
BASE_x_R1a_resid,6,test,1117951,1,0.6614572822438802
BASE_x_R1a_resid,6,test,1118542,0,0.20907039899645646
BASE_x_R1a_resid,6,test,1118773,0,0.2827092703452664
BASE_x_R1a_resid,6,test,1119526,1,0.36573372319955205
BASE_x_R1a_resid,6,test,1119666,1,0.8042903162132585
BASE_x_R1a_resid,6,test,1120391,0,0.6254214826397473
BASE_x_R1a_resid,6,test,1120436,0,0.4813375250943945
BASE_x_R1a_resid,6,test,1120684,0,0.35344578152397704
BASE_x_R1a_resid,6,test,1120775,1,0.30966002658496133
BASE_x_R1a_resid,6,test,1121705,1,0.8043969121459449
BASE_x_R1a_resid,6,test,1121736,0,0.6871271246607051
BASE_x_R1a_resid,6,test,1121927,1,0.8470692425974023
BASE_x_R1a_resid,6,test,1122023,0,0.5865791254654105
BASE_x_R1a_resid,6,test,1122204,0,0.3982443695912273
BASE_x_R1a_resid,6,test,1122453,1,0.3719305776474851
BASE_x_R1a_resid,6,test,1122888,1,0.5691064914314342
BASE_x_R1a_resid,6,test,1123103,1,0.6905147666540795
BASE_x_R1a_resid,6,test,1123383,1,0.642806552131468
BASE_x_R1a_resid,6,test,1123484,0,0.3689009042777869
BASE_x_R1a_resid,6,test,1124152,0,0.7585889570525807
BASE_x_R1a_resid,6,test,1124329,1,0.5927113364895739
BASE_x_R1a_resid,6,test,1124477,1,0.4621940823454609
BASE_x_R1a_resid,6,test,1124482,1,0.6268857360847276
BASE_x_R1a_resid,6,test,1124561,0,0.6713028401709186
BASE_x_R1a_resid,6,test,1125073,1,0.6211209624181193
BASE_x_R1a_resid,6,test,1125095,0,0.7804742541233509
BASE_x_R1a_resid,6,test,1125163,1,0.38827782021590884
BASE_x_R1a_resid,6,test,1125348,0,0.48050871370612813
BASE_x_R1a_resid,6,test,1125964,1,0.7130812792784631
BASE_x_R1a_resid,6,test,1127703,1,0.3391029414246538
BASE_x_R1a_resid,6,test,1127790,1,0.4614213405276355
BASE_x_R1a_resid,6,test,1127812,1,0.6448909963315559
BASE_x_R1a_resid,6,test,1128042,1,0.4161917865950051
BASE_x_R1a_resid,6,test,1128373,0,0.535816591740497
BASE_x_R1a_resid,6,test,1129029,0,0.36970402872857655
BASE_x_R1a_resid,6,test,1129253,1,0.2479132319118541
BASE_x_R1a_resid,6,test,1130043,1,0.434253865608738
BASE_x_R1a_resid,6,test,1130161,1,0.1662364407306299
BASE_x_R1a_resid,6,test,1130408,1,0.7538050436068298
BASE_x_R1a_resid,6,test,1130697,1,0.9062282193632799
BASE_x_R1a_resid,6,test,1131288,0,0.5631773850922618
BASE_x_R1a_resid,6,test,1131818,1,0.6221379150599631
BASE_x_R1a_resid,6,test,1132205,1,0.7677625499616212
BASE_x_R1a_resid,6,test,1132251,1,0.5131865639126264
BASE_x_R1a_resid,6,test,1132465,1,0.6877289703135946
BASE_x_R1a_resid,6,test,1134518,0,0.5309824492320337
BASE_x_R1a_resid,6,test,1135587,1,0.5859801010566072
BASE_x_R1a_resid,6,test,1136675,1,0.5682940352739425
BASE_x_R1a_resid,6,test,1137147,1,0.62000144504009
BASE_x_R1a_resid,6,test,1137555,1,0.7494416525558101
BASE_x_R1a_resid,6,test,1137589,1,0.3441151087873009
BASE_x_R1a_resid,6,test,1137818,1,0.17042928701444637
BASE_x_R1a_resid,6,test,1138321,1,0.7246771583645623
BASE_x_R1a_resid,6,test,1138361,1,0.7490904983651859
BASE_x_R1a_resid,6,test,1138599,1,0.6077233484455106
BASE_x_R1a_resid,6,test,1139049,0,0.33731093055601113
BASE_x_R1a_resid,6,test,1139688,1,0.7125467344314442
BASE_x_R1a_resid,6,test,1141785,0,0.1844495183567915
BASE_x_R1a_resid,6,test,1142514,0,0.5344578743974937
BASE_x_R1a_resid,6,test,1142591,0,0.733183742976748
BASE_x_R1a_resid,6,test,1142643,1,0.6916569281379679
BASE_x_R1a_resid,6,test,1143257,1,0.3501780908122105
BASE_x_R1a_resid,6,test,1143657,1,0.4711476777083455
BASE_x_R1a_resid,6,test,1143964,1,0.7103700036110713
BASE_x_R1a_resid,6,test,1144488,1,0.7461706321954057
BASE_x_R1a_resid,6,test,1144508,1,0.7490958485965606
BASE_x_R1a_resid,6,test,1144734,1,0.5267751765632951
BASE_x_R1a_resid,6,test,1146116,0,0.4781173924810201
BASE_x_R1a_resid,6,test,1146208,0,0.5906121812607084
BASE_x_R1a_resid,6,test,1146369,1,0.8943859095089348
BASE_x_R1a_resid,6,test,1146465,0,0.6306906201763007
BASE_x_R1a_resid,6,test,1146488,0,0.5386782926974174
BASE_x_R1a_resid,6,test,1146584,1,0.6753032912857093
BASE_x_R1a_resid,6,test,1146724,1,0.7967085117399635
BASE_x_R1a_resid,6,test,1146999,1,0.7753498325567456
BASE_x_R1a_resid,6,test,1147012,0,0.47572527457737496
BASE_x_R1a_resid,6,test,1147838,0,0.6401821414187888
BASE_x_R1a_resid,6,test,1148376,1,0.5884144931914913
BASE_x_R1a_resid,6,test,1148437,0,0.6389568239203868
BASE_x_R1a_resid,6,test,1149201,1,0.2912854948347788
BASE_x_R1a_resid,6,test,1149825,1,0.5222846151252887
BASE_x_R1a_resid,6,test,1149831,1,0.7332985338535724
BASE_x_R1a_resid,6,test,1149946,1,0.5258526147709078
BASE_x_R1a_resid,6,test,1150067,1,0.7364735399965805
BASE_x_R1a_resid,6,test,1150911,0,0.5800047011862924
BASE_x_R1a_resid,6,test,1151486,1,0.691428989890315
BASE_x_R1a_resid,6,test,1151510,0,0.43589821544945073
BASE_x_R1a_resid,6,test,1152410,1,0.4023945477835882
BASE_x_R1a_resid,6,test,1152629,1,0.5344809961073049
BASE_x_R1a_resid,6,test,1154191,1,0.6428207208061493
BASE_x_R1a_resid,6,test,1154313,1,0.6243732089759384
BASE_x_R1a_resid,6,test,1154492,1,0.4928960923223184
BASE_x_R1a_resid,6,test,1155186,1,0.6297588044695418
BASE_x_R1a_resid,6,test,1155546,1,0.550944340204292
BASE_x_R1a_resid,6,test,1155575,1,0.7547779979254671
BASE_x_R1a_resid,6,test,1155880,1,0.6621547119826959
BASE_x_R1a_resid,6,test,1156904,1,0.546090479323173
BASE_x_R1a_resid,6,test,1157142,1,0.5268547712883277
BASE_x_R1a_resid,6,test,1157440,0,0.5814545408432806
BASE_x_R1a_resid,6,test,1206010,0,0.6255577835220033
BASE_x_R1a_resid,6,test,1206667,0,0.7859688157939122
BASE_x_R1a_resid,6,test,1206743,0,0.46318311649186195
BASE_x_R1a_resid,6,test,1207535,1,0.3492971194743065
BASE_x_R1a_resid,6,test,1207793,1,0.5163639336203416
BASE_x_R1a_resid,6,test,1208243,1,0.6194482140605627
BASE_x_R1a_resid,6,test,1208308,1,0.5294326765293613
BASE_x_R1a_resid,6,test,1208350,1,0.8727095386668106
BASE_x_R1a_resid,6,test,1208476,1,0.8666926983638639
BASE_x_R1a_resid,6,test,1208880,1,0.7712032820387626
BASE_x_R1a_resid,6,test,1208898,1,0.6765781689439758
BASE_x_R1a_resid,6,test,1209034,1,0.4106475072303239
BASE_x_R1a_resid,6,test,1209496,0,0.5008852778511863
BASE_x_R1a_resid,6,test,1209502,0,0.5001617692147243
BASE_x_R1a_resid,6,test,1210408,0,0.5143031857320146
BASE_x_R1a_resid,6,test,1210432,0,0.31866337808332496
BASE_x_R1a_resid,6,test,1210436,0,0.420795009798468
BASE_x_R1a_resid,6,test,1210765,1,0.7957042264081459
BASE_x_R1a_resid,6,test,1210809,1,0.752259782959123
BASE_x_R1a_resid,6,test,1210880,1,0.3849655903941005
BASE_x_R1a_resid,6,test,1212278,0,0.6812297431493729
BASE_x_R1a_resid,6,test,1212354,0,0.5255358290575782
BASE_x_R1a_resid,6,test,1212403,1,0.8028821039873801
BASE_x_R1a_resid,6,test,1212690,0,0.5996480343125874
BASE_x_R1a_resid,6,test,1213589,1,0.5599334948675467
BASE_x_R1a_resid,6,test,1214506,1,0.7260497234331418
BASE_x_R1a_resid,6,test,1214560,1,0.5499868918936728
BASE_x_R1a_resid,6,test,1215084,0,0.5752240001464053
BASE_x_R1a_resid,6,test,1215586,0,0.647485594088784
BASE_x_R1a_resid,6,test,1216041,1,0.6648775426616145
BASE_x_R1a_resid,6,test,1216076,1,0.8075305131599064
BASE_x_R1a_resid,6,test,1216188,0,0.4387309523664581
BASE_x_R1a_resid,6,test,1216776,1,0.3346899727029943
BASE_x_R1a_resid,6,test,1216904,0,0.1867652116229655
BASE_x_R1a_resid,6,test,1217080,1,0.8867374585214054
BASE_x_R1a_resid,6,test,1217167,0,0.23822185373404062
BASE_x_R1a_resid,6,test,1217240,0,0.3202298201294289
BASE_x_R1a_resid,6,test,1217415,1,0.7031113457103448
BASE_x_R1a_resid,6,test,1217519,1,0.5494072277222244
BASE_x_R1a_resid,6,test,1217573,1,0.8362698952211347
BASE_x_R1a_resid,6,test,1217757,1,0.558778239915882
BASE_x_R1a_resid,6,test,1218010,1,0.478883666826949
BASE_x_R1a_resid,6,test,1218062,1,0.7836206685650083
BASE_x_R1a_resid,6,test,1218288,1,0.47933623614810483
BASE_x_R1a_resid,6,test,1219099,0,0.5515225898055166
BASE_x_R1a_resid,6,test,1219897,1,0.7654158312587662
BASE_x_R1a_resid,6,test,1220426,0,0.3558566356340044
BASE_x_R1a_resid,6,test,1220507,0,0.6981394526761275
BASE_x_R1a_resid,6,test,1220515,0,0.42279421604268225
BASE_x_R1a_resid,6,test,1220526,1,0.547533570368055
BASE_x_R1a_resid,6,test,1220527,0,0.5395780988681049
BASE_x_R1a_resid,6,test,1220900,1,0.5983197341952382
BASE_x_R1a_resid,6,test,1221355,1,0.7755490927081468
BASE_x_R1a_resid,6,test,1221707,0,0.4065607695616917
BASE_x_R1a_resid,6,test,1221883,0,0.4041858966332727
BASE_x_R1a_resid,6,test,1222410,0,0.27174399689386974
BASE_x_R1a_resid,6,test,1222850,1,0.7257377816636368
BASE_x_R1a_resid,6,test,1222907,1,0.7130504534511067
BASE_x_R1a_resid,6,test,1223272,1,0.5699140683962588
BASE_x_R1a_resid,6,test,1224087,0,0.292212882157239
BASE_x_R1a_resid,6,test,1224094,0,0.21435560813800691
BASE_x_R1a_resid,6,test,1224229,1,0.8198152100848481
BASE_x_R1a_resid,6,test,1224488,1,0.7283310470220904
BASE_x_R1a_resid,6,test,1225046,0,0.2994843001667922
BASE_x_R1a_resid,6,test,1225309,1,0.6363082866480569
BASE_x_R1a_resid,6,test,1225413,1,0.7556450182739805
BASE_x_R1a_resid,6,test,1225493,0,0.31772842779082583
BASE_x_R1a_resid,6,test,1225500,0,0.5963081821528065
BASE_x_R1a_resid,6,test,1225716,0,0.7207739497063613
BASE_x_R1a_resid,6,test,1225758,1,0.7586546781639254
BASE_x_R1a_resid,6,test,1226664,1,0.31074754505380237
BASE_x_R1a_resid,6,test,1226981,0,0.4703200833025288
BASE_x_R1a_resid,6,test,1227231,1,0.6580298716428757
BASE_x_R1a_resid,6,test,1227437,1,0.8300875326279632
BASE_x_R1a_resid,6,test,1227545,1,0.7090735803016307
BASE_x_R1a_resid,6,test,1227900,1,0.4311526370735432
BASE_x_R1a_resid,6,test,1229368,0,0.5295363869142665
BASE_x_R1a_resid,6,test,1229725,1,0.8637171889776366
BASE_x_R1a_resid,6,test,1229837,0,0.569174145177628
BASE_x_R1a_resid,6,test,1229920,1,0.6826955357545575
BASE_x_R1a_resid,6,test,1229991,0,0.6812233052175511
BASE_x_R1a_resid,6,test,1230370,0,0.252813377409047
BASE_x_R1a_resid,6,test,1230810,1,0.40679485206081134
BASE_x_R1a_resid,6,test,1231250,1,0.665135320222969
BASE_x_R1a_resid,6,test,1231276,1,0.618961662668992
BASE_x_R1a_resid,6,test,1231638,1,0.8569985164206335
BASE_x_R1a_resid,6,test,1231901,1,0.7766754222905861
BASE_x_R1a_resid,6,test,1232028,0,0.18165705714384958
BASE_x_R1a_resid,6,test,1232099,0,0.4638331543699805
BASE_x_R1a_resid,6,test,1232188,1,0.570018634430301
BASE_x_R1a_resid,6,test,1232333,1,0.7201091450914484
BASE_x_R1a_resid,6,test,1232335,1,0.7944802860659371
BASE_x_R1a_resid,6,test,1233032,1,0.6814157013610455
BASE_x_R1a_resid,6,test,1233095,1,0.7345456548264451
BASE_x_R1a_resid,6,test,1233178,1,0.8223261044126127
BASE_x_R1a_resid,6,test,1233777,1,0.7628527925425749
BASE_x_R1a_resid,6,test,1233791,1,0.3756003009224404
BASE_x_R1a_resid,6,test,1233962,0,0.4563187287221752
BASE_x_R1a_resid,6,test,1234219,1,0.43391388034946743
BASE_x_R1a_resid,6,test,1234306,1,0.23035701844227335
BASE_x_R1a_resid,6,test,1234521,0,0.4979173953279006
BASE_x_R1a_resid,6,test,1234862,0,0.6597605691060201
BASE_x_R1a_resid,6,test,1234914,1,0.7029634140919039
BASE_x_R1a_resid,6,test,1235039,1,0.7044077636581099
BASE_x_R1a_resid,6,test,1235236,1,0.5196554252401203
BASE_x_R1a_resid,6,test,1235597,1,0.6056121054337702
BASE_x_R1a_resid,6,test,1235762,1,0.5712092900607793
BASE_x_R1a_resid,6,test,1236548,0,0.7870795584173025
BASE_x_R1a_resid,6,test,1236996,1,0.6410298945503523
BASE_x_R1a_resid,6,test,1237971,1,0.6199080601272778
BASE_x_R1a_resid,6,test,1238245,1,0.7191494594230402
BASE_x_R1a_resid,6,test,1238264,1,0.4861769196291328
BASE_x_R1a_resid,6,test,1238287,0,0.7300829940371315
BASE_x_R1a_resid,6,test,1238348,0,0.5194394611030081
BASE_x_R1a_resid,6,test,1238523,1,0.5672844509372389
BASE_x_R1a_resid,6,test,1238636,1,0.7883770980834727
BASE_x_R1a_resid,6,test,1238783,0,0.568427415734206
BASE_x_R1a_resid,6,test,1238817,0,0.6991991498308097
BASE_x_R1a_resid,6,test,1238835,1,0.661014669591801
BASE_x_R1a_resid,6,test,1238917,0,0.44843592580761227
BASE_x_R1a_resid,6,test,1238938,0,0.4348153661736871
BASE_x_R1a_resid,6,test,1238999,1,0.594492383797779
BASE_x_R1a_resid,6,test,1239042,1,0.6041684368631559
BASE_x_R1a_resid,6,test,1239095,1,0.6725519821364412
BASE_x_R1a_resid,6,test,1239331,1,0.5891372223068468
BASE_x_R1a_resid,6,test,1239597,1,0.5664184048947313
BASE_x_R1a_resid,6,test,1239907,1,0.6543442983123627
BASE_x_R1a_resid,6,test,1240131,1,0.655948302394994
BASE_x_R1a_resid,6,test,1240588,1,0.7588622652919228
BASE_x_R1a_resid,6,test,1240598,1,0.5923050633867
BASE_x_R1a_resid,6,test,1240769,0,0.5031970722607145
BASE_x_R1a_resid,6,test,1241362,1,0.6997614263297147
BASE_x_R1a_resid,6,test,1241841,1,0.6188862956798264
BASE_x_R1a_resid,6,test,1242167,0,0.6765986432642689
BASE_x_R1a_resid,6,test,1242283,0,0.5573519182019175
BASE_x_R1a_resid,6,test,1242535,1,0.7075754936384361
BASE_x_R1a_resid,6,test,1242831,0,0.5629072592753172
BASE_x_R1a_resid,6,test,1243045,0,0.6199904047940447
BASE_x_R1a_resid,6,test,1243459,0,0.20733338343595997
BASE_x_R1a_resid,6,test,1243686,1,0.5236982098259272
BASE_x_R1a_resid,6,test,1243823,1,0.3529212356434433
BASE_x_R1a_resid,6,test,1244363,0,0.2167186239730146
BASE_x_R1a_resid,6,test,1244606,1,0.5552727313036089
BASE_x_R1a_resid,6,test,1245961,0,0.48118758870383316
BASE_x_R1a_resid,6,test,1246249,1,0.5644923827165682
BASE,7,test,1122,0,0.6839254742405757
BASE,7,test,13629,1,0.40487852878938313
BASE,7,test,22854,1,0.31359804798962254
BASE,7,test,28836,1,0.6533911239978238
BASE,7,test,34035,1,0.7394536568056985
BASE,7,test,35136,1,0.671094482205486
BASE,7,test,36502,0,0.30323749398652794
BASE,7,test,41002,1,0.6342337193321819
BASE,7,test,43310,1,0.8606391565777113
BASE,7,test,60519,1,0.7879640207819623
BASE,7,test,60769,1,0.6764219809047168
BASE,7,test,63449,0,0.6004746557983064
BASE,7,test,74146,0,0.7841662213675643
BASE,7,test,89847,1,0.6461579302824687
BASE,7,test,90722,1,0.7641015714931825
BASE,7,test,95082,1,0.8632656760772142
BASE,7,test,105772,1,0.7786041999053217
BASE,7,test,108335,0,0.29259450918641766
BASE,7,test,112715,1,0.8104578894661307
BASE,7,test,127579,0,0.1820756022028479
BASE,7,test,131155,1,0.3694790131342014
BASE,7,test,141620,1,0.5532384763018877
BASE,7,test,157449,1,0.664647531260018
BASE,7,test,160103,1,0.7218662972567037
BASE,7,test,169727,0,0.7865875843276541
BASE,7,test,171833,1,0.6539231223680838
BASE,7,test,176133,1,0.6342426976110014
BASE,7,test,177730,1,0.8028186326851996
BASE,7,test,178838,1,0.3931764265198139
BASE,7,test,180209,0,0.4425175391322382
BASE,7,test,180368,1,0.6463027394764822
BASE,7,test,182595,0,0.5400090023846201
BASE,7,test,183204,0,0.36603678451179383
BASE,7,test,184161,1,0.8379905969211204
BASE,7,test,184704,0,0.6056842297348094
BASE,7,test,184936,1,0.6701165193502411
BASE,7,test,186257,0,0.2668335536665095
BASE,7,test,188271,1,0.7104354249592443
BASE,7,test,189685,0,0.5649864792369054
BASE,7,test,202039,0,0.7330345949587995
BASE,7,test,202748,1,0.7929915123299202
BASE,7,test,205829,1,0.8006782336426262
BASE,7,test,206005,0,0.1875294575937666
BASE,7,test,211001,0,0.3201420069327845
BASE,7,test,214273,1,0.85086173748453
BASE,7,test,215052,0,0.19040835863074154
BASE,7,test,223954,1,0.7047338542524448
BASE,7,test,226610,1,0.7754694389976388
BASE,7,test,237953,1,0.6816287502424389
BASE,7,test,250983,0,0.8078781598916223
BASE,7,test,253611,0,0.3880210831847471
BASE,7,test,269426,1,0.7947553932871103
BASE,7,test,271131,1,0.5968084008473117
BASE,7,test,274179,0,0.6164109065050836
BASE,7,test,274322,1,0.6611551027358326
BASE,7,test,274932,1,0.7420186196480575
BASE,7,test,275744,1,0.3059592701586433
BASE,7,test,278009,1,0.41507228191365614
BASE,7,test,278485,0,0.20723150933713883
BASE,7,test,278688,0,0.43961131345537097
BASE,7,test,279972,0,0.5541625089142075
BASE,7,test,280650,1,0.9190586193942929
BASE,7,test,281433,1,0.7932892894488555
BASE,7,test,285173,1,0.7053559915473083
BASE,7,test,286230,1,0.81279891449939
BASE,7,test,286403,1,0.7183866015567155
BASE,7,test,290974,0,0.44574295365915506
BASE,7,test,295284,0,0.3073740359788902
BASE,7,test,297071,1,0.6078619777300237
BASE,7,test,298252,0,0.1336155340197677
BASE,7,test,298955,0,0.7085342539887365
BASE,7,test,303683,0,0.2682700875774853
BASE,7,test,306630,0,0.5063379297498328
BASE,7,test,308485,0,0.5075083013067002
BASE,7,test,309228,1,0.8317750752701655
BASE,7,test,314668,1,0.4804689793986218
BASE,7,test,315569,1,0.9319065054075395
BASE,7,test,316099,0,0.37956603330020117
BASE,7,test,319549,1,0.643018950410732
BASE,7,test,320374,0,0.4411397004759106
BASE,7,test,321989,1,0.7686802431920935
BASE,7,test,331561,0,0.6171349876898164
BASE,7,test,332959,0,0.5213179617770374
BASE,7,test,338273,1,0.5667822649227428
BASE,7,test,341743,1,0.8018910834780515
BASE,7,test,361916,1,0.7558523189003157
BASE,7,test,369915,1,0.6362369758347373
BASE,7,test,370843,1,0.7089060658950805
BASE,7,test,376880,1,0.5806400029479734
BASE,7,test,387760,1,0.6265972119557373
BASE,7,test,397850,0,0.6511843675297526
BASE,7,test,397908,0,0.3305755101125871
BASE,7,test,398007,1,0.7018534160851044
BASE,7,test,398520,1,0.9532421955537632
BASE,7,test,400980,1,0.9106298262139606
BASE,7,test,402051,0,0.464292851699883
BASE,7,test,408105,0,0.7620294276483051
BASE,7,test,413865,1,0.7443607792480329
BASE,7,test,416249,1,0.5881564351459083
BASE,7,test,419522,1,0.6501757976063891
BASE,7,test,419629,1,0.7967504400121385
BASE,7,test,421437,0,0.3454952526297061
BASE,7,test,432906,1,0.7334391911705499
BASE,7,test,439090,1,0.2924800240146115
BASE,7,test,440161,1,0.6915248460529277
BASE,7,test,451600,1,0.5700784997345436
BASE,7,test,457179,1,0.8795373165638732
BASE,7,test,460580,1,0.68109612134267
BASE,7,test,469078,1,0.3267046941142311
BASE,7,test,469812,0,0.6258626439901246
BASE,7,test,470865,1,0.7909097356383407
BASE,7,test,471227,0,0.6054450655746019
BASE,7,test,471363,1,0.4566171025804875
BASE,7,test,474221,0,0.7234151914471754
BASE,7,test,474709,1,0.7474694847492331
BASE,7,test,485608,1,0.8229864284329156
BASE,7,test,486892,0,0.5179708522135487
BASE,7,test,490630,1,0.5056186338218788
BASE,7,test,490818,1,0.6119645643092675
BASE,7,test,490962,1,0.6810578044143866
BASE,7,test,493092,1,0.4943113278752956
BASE,7,test,493415,1,0.6068360427149461
BASE,7,test,498774,1,0.7362822075900638
BASE,7,test,502077,1,0.5978777072845556
BASE,7,test,502585,0,0.3273569264988344
BASE,7,test,504525,0,0.49244850340483204
BASE,7,test,506609,1,0.7398876759290494
BASE,7,test,508449,0,0.4116524456156529
BASE,7,test,510372,1,0.48901587856064865
BASE,7,test,512180,1,0.7610102667469356
BASE,7,test,527314,1,0.7634921435613259
BASE,7,test,531815,0,0.5618101153627975
BASE,7,test,532148,1,0.7039984394325057
BASE,7,test,532533,1,0.6787271101777849
BASE,7,test,533901,1,0.7269861941783085
BASE,7,test,536867,0,0.3698569856236152
BASE,7,test,544864,1,0.4116391412107181
BASE,7,test,545205,0,0.3121301192443329
BASE,7,test,546258,1,0.7611430137857798
BASE,7,test,550892,1,0.6532593395033547
BASE,7,test,553161,0,0.8386362708369276
BASE,7,test,554960,0,0.3051447154332607
BASE,7,test,570135,0,0.47498389992428486
BASE,7,test,579106,1,0.575208588726159
BASE,7,test,581598,1,0.8804563768762438
BASE,7,test,586714,1,0.6087870555440739
BASE,7,test,596841,1,0.7486917068290707
BASE,7,test,597579,1,0.5675565252834146
BASE,7,test,600546,1,0.5659011369636973
BASE,7,test,602165,1,0.301549648256947
BASE,7,test,603431,1,0.4731280844754686
BASE,7,test,608068,1,0.4059860264107486
BASE,7,test,608537,1,0.5106624247941989
BASE,7,test,644443,1,0.7412420287007468
BASE,7,test,648709,0,0.5502152646091705
BASE,7,test,652279,0,0.24004214174143143
BASE,7,test,653268,1,0.6957550794010295
BASE,7,test,656122,1,0.4081404757699989
BASE,7,test,656138,1,0.6547074711951341
BASE,7,test,660533,0,0.49318597139210996
BASE,7,test,663548,1,0.5712712452153924
BASE,7,test,671705,1,0.3732849990349484
BASE,7,test,675115,1,0.8312777156416732
BASE,7,test,677683,1,0.17065406093360877
BASE,7,test,682303,1,0.7567757469832914
BASE,7,test,682914,1,0.6991659517474935
BASE,7,test,687171,1,0.5356098825014952
BASE,7,test,690019,0,0.6029148597854713
BASE,7,test,693326,1,0.6971504213150825
BASE,7,test,697961,1,0.8837718710963375
BASE,7,test,698579,1,0.8708601159686644
BASE,7,test,699877,0,0.4922622718573874
BASE,7,test,700550,1,0.5877537563637047
BASE,7,test,703048,0,0.8384668560493942
BASE,7,test,708388,1,0.7052118213797988
BASE,7,test,713883,1,0.3526577286884936
BASE,7,test,719188,1,0.7455309985428201
BASE,7,test,719786,0,0.31008754753118795
BASE,7,test,728929,1,0.4627027815428819
BASE,7,test,731117,1,0.8003564455758105
BASE,7,test,738172,0,0.4259040529216711
BASE,7,test,740484,0,0.5281794793228104
BASE,7,test,743121,1,0.659723343588272
BASE,7,test,743852,1,0.5280140688761263
BASE,7,test,749211,0,0.3946915309317611
BASE,7,test,750881,0,0.4934228073354295
BASE,7,test,760356,1,0.33095265613019687
BASE,7,test,761089,0,0.4753735646004852
BASE,7,test,763893,0,0.343914312026441
BASE,7,test,767236,0,0.708784992318827
BASE,7,test,771927,1,0.9160463199421421
BASE,7,test,777118,1,0.7074326810173376
BASE,7,test,780355,1,0.734408794405726
BASE,7,test,782509,1,0.6605505109132987
BASE,7,test,783025,1,0.691330616869921
BASE,7,test,783835,0,0.45676719756731965
BASE,7,test,803606,1,0.604021428368766
BASE,7,test,806887,0,0.4973803000908454
BASE,7,test,809238,0,0.6867005525805334
BASE,7,test,811782,0,0.6131279438294182
BASE,7,test,818099,0,0.4750700026615072
BASE,7,test,818267,1,0.7749483353961106
BASE,7,test,820530,1,0.6654997298229772
BASE,7,test,823546,0,0.6277089352224127
BASE,7,test,826631,0,0.2891559770928494
BASE,7,test,829951,1,0.6355319206645323
BASE,7,test,831720,0,0.5781509112729027
BASE,7,test,835135,1,0.6897967095825716
BASE,7,test,835716,0,0.5127346139706137
BASE,7,test,836931,1,0.6733407133252883
BASE,7,test,848998,0,0.6631386527418855
BASE,7,test,851639,1,0.6065245276443022
BASE,7,test,853023,1,0.6326069584204735
BASE,7,test,858119,0,0.6980677892719274
BASE,7,test,859109,1,0.7437526035520656
BASE,7,test,859236,0,0.3493329704073044
BASE,7,test,860381,0,0.3372017952185884
BASE,7,test,868368,1,0.4183109837031912
BASE,7,test,869519,1,0.27268650476619893
BASE,7,test,870739,1,0.6530458174235352
BASE,7,test,885157,1,0.6646373546132786
BASE,7,test,888443,0,0.14790621704951237
BASE,7,test,899067,0,0.177844324972101
BASE,7,test,900957,1,0.8467763850425984
BASE,7,test,941393,0,0.5749942392260384
BASE,7,test,944315,0,0.5714020500219318
BASE,7,test,951246,0,0.1741455192363512
BASE,7,test,951659,1,0.7995663710636728
BASE,7,test,951846,0,0.36132738121815294
BASE,7,test,958048,1,0.6491580048182689
BASE,7,test,959771,1,0.8869820386216533
BASE,7,test,963182,1,0.595560725194596
BASE,7,test,963985,1,0.7179552496642674
BASE,7,test,966701,0,0.6959037732675568
BASE,7,test,970382,1,0.859440663582179
BASE,7,test,970464,1,0.5620339704961884
BASE,7,test,972111,0,0.5705318370878927
BASE,7,test,976220,1,0.7611126062134914
BASE,7,test,976735,1,0.28718024844395296
BASE,7,test,977714,1,0.7367429422236879
BASE,7,test,984395,1,0.417953119584908
BASE,7,test,984568,1,0.47605802756279353
BASE,7,test,986829,1,0.6562254250296173
BASE,7,test,990528,0,0.5634679502317632
BASE,7,test,991060,1,0.8592432640115122
BASE,7,test,991197,0,0.7869849858426171
BASE,7,test,994895,1,0.7301732539273026
BASE,7,test,996219,0,0.4580749425735655
BASE,7,test,999836,1,0.7744463667640161
BASE,7,test,1002439,1,0.6097843212529459
BASE,7,test,1002906,0,0.577495547248032
BASE,7,test,1007013,1,0.53444939311216
BASE,7,test,1007757,1,0.39149001517712917
BASE,7,test,1021541,1,0.408769067260361
BASE,7,test,1029192,1,0.8078217154726137
BASE,7,test,1029373,1,0.49129497259430166
BASE,7,test,1048580,1,0.7589091125268795
BASE,7,test,1054838,0,0.5551539639931466
BASE,7,test,1061350,0,0.4671097444137209
BASE,7,test,1067406,1,0.46732829386222785
BASE,7,test,1067518,1,0.5975021159622935
BASE,7,test,1068119,1,0.5527370891505519
BASE,7,test,1069003,0,0.4809824958574855
BASE,7,test,1071049,1,0.47246255290106537
BASE,7,test,1071527,1,0.6738435539915743
BASE,7,test,1071949,1,0.7071274201880092
BASE,7,test,1072850,1,0.7482046248894906
BASE,7,test,1073232,0,0.604523936830774
BASE,7,test,1073751,1,0.6511482544792474
BASE,7,test,1074306,1,0.6549195167069299
BASE,7,test,1074618,1,0.6576195545169328
BASE,7,test,1076650,1,0.7721471288859394
BASE,7,test,1076995,0,0.5728725091950554
BASE,7,test,1077371,0,0.24863142210952746
BASE,7,test,1077703,1,0.6837388987209042
BASE,7,test,1078893,0,0.34471293494204225
BASE,7,test,1079527,1,0.47890858476709314
BASE,7,test,1079540,0,0.46073270608060946
BASE,7,test,1082670,1,0.8759843991696823
BASE,7,test,1082847,1,0.6708554878590587
BASE,7,test,1084267,1,0.7183935167201855
BASE,7,test,1084630,1,0.7536268908842735
BASE,7,test,1085697,0,0.677186786999462
BASE,7,test,1086158,0,0.43383137892666035
BASE,7,test,1086528,0,0.5273005474070562
BASE,7,test,1091111,1,0.5721402490444054
BASE,7,test,1092848,1,0.7184281262146246
BASE,7,test,1092889,1,0.7626653483062528
BASE,7,test,1093742,1,0.6675001088287079
BASE,7,test,1093743,0,0.23107456630144474
BASE,7,test,1094030,1,0.7937205005839462
BASE,7,test,1095404,1,0.7697208796749238
BASE,7,test,1095415,1,0.7707218075941811
BASE,7,test,1096586,0,0.17563120679028763
BASE,7,test,1097316,1,0.6192700771842032
BASE,7,test,1098043,0,0.7111691106511386
BASE,7,test,1099159,1,0.8010934593870539
BASE,7,test,1099234,1,0.6937647086274332
BASE,7,test,1099660,1,0.667507662527184
BASE,7,test,1100624,1,0.7500105518028356
BASE,7,test,1101062,0,0.6236394529619141
BASE,7,test,1102060,1,0.8623455829446511
BASE,7,test,1102314,1,0.7789806498536629
BASE,7,test,1104438,1,0.6316985604315694
BASE,7,test,1105241,0,0.4110020738380713
BASE,7,test,1105431,1,0.6593029926150281
BASE,7,test,1105510,1,0.8321044098558131
BASE,7,test,1105913,1,0.7053545728320596
BASE,7,test,1106738,1,0.6886581960868549
BASE,7,test,1106784,1,0.5816808684792939
BASE,7,test,1108706,1,0.6275827861890884
BASE,7,test,1109829,1,0.7472241614966372
BASE,7,test,1109983,1,0.8657491989506242
BASE,7,test,1111098,1,0.40566273183856877
BASE,7,test,1112111,1,0.4967999499061983
BASE,7,test,1112238,1,0.46826319957286705
BASE,7,test,1112425,1,0.5419552232658034
BASE,7,test,1113294,1,0.7567487348182808
BASE,7,test,1113606,1,0.819781432732678
BASE,7,test,1114319,0,0.4268930391286081
BASE,7,test,1115212,1,0.533622602891793
BASE,7,test,1115316,1,0.7938634565563173
BASE,7,test,1115713,1,0.6193014109878799
BASE,7,test,1116479,0,0.8000178900241154
BASE,7,test,1116516,0,0.6175178996123357
BASE,7,test,1116926,1,0.8430582508022347
BASE,7,test,1117243,1,0.7438389383485894
BASE,7,test,1117869,1,0.7183409563048803
BASE,7,test,1118436,1,0.8287691294433148
BASE,7,test,1118652,0,0.17486620036356698
BASE,7,test,1118773,0,0.3168385887863891
BASE,7,test,1118849,1,0.7449771247200515
BASE,7,test,1119067,1,0.7871012709778928
BASE,7,test,1119508,0,0.670426432468394
BASE,7,test,1119526,1,0.327047498713965
BASE,7,test,1119905,1,0.5354378323298625
BASE,7,test,1120775,1,0.32172244660064875
BASE,7,test,1120836,1,0.9003381163708792
BASE,7,test,1121493,0,0.21047368841286748
BASE,7,test,1121914,1,0.7109377741134046
BASE,7,test,1121926,1,0.5032234601157003
BASE,7,test,1122185,1,0.5271247519218508
BASE,7,test,1122760,0,0.19178549507694875
BASE,7,test,1123015,0,0.7752899100635976
BASE,7,test,1123435,1,0.5257836787362489
BASE,7,test,1123484,0,0.5402208188871938
BASE,7,test,1123500,1,0.6175967101544906
BASE,7,test,1123989,1,0.4127362398465658
BASE,7,test,1124095,1,0.5609182059977378
BASE,7,test,1124468,1,0.5384495589756462
BASE,7,test,1124484,0,0.17908979417059992
BASE,7,test,1124495,1,0.6198751976597929
BASE,7,test,1125163,1,0.41433142339158474
BASE,7,test,1125189,0,0.32839174801076143
BASE,7,test,1125442,1,0.8557115019112583
BASE,7,test,1125899,1,0.4506582418788549
BASE,7,test,1126146,0,0.33763398966064223
BASE,7,test,1126637,0,0.7894356418245482
BASE,7,test,1127233,0,0.5929098792304817
BASE,7,test,1127820,1,0.7668899018460352
BASE,7,test,1128028,1,0.5954932501694874
BASE,7,test,1128467,1,0.5583273126669848
BASE,7,test,1129979,1,0.6593561685131911
BASE,7,test,1130043,1,0.4925511040546601
BASE,7,test,1130697,1,0.8195738167348959
BASE,7,test,1131386,1,0.556654486938163
BASE,7,test,1131831,1,0.6720702247728522
BASE,7,test,1132286,0,0.6910428096593283
BASE,7,test,1132536,0,0.6974481276195122
BASE,7,test,1132874,1,0.9066259357115202
BASE,7,test,1133028,1,0.48040701632304894
BASE,7,test,1133211,1,0.32527247726419106
BASE,7,test,1133467,1,0.5874632113185129
BASE,7,test,1133778,1,0.9376079705809772
BASE,7,test,1134855,0,0.23202304111377559
BASE,7,test,1135004,0,0.7080453253216561
BASE,7,test,1135241,0,0.6063342574788332
BASE,7,test,1135626,1,0.5948182978912364
BASE,7,test,1136569,0,0.29271464545411424
BASE,7,test,1136675,1,0.47277010562077004
BASE,7,test,1136723,0,0.16760522490787277
BASE,7,test,1136946,0,0.28372055538782354
BASE,7,test,1137897,1,0.6107273617416245
BASE,7,test,1137968,0,0.3517906511661159
BASE,7,test,1138321,1,0.717675410869992
BASE,7,test,1139249,1,0.21115407936388345
BASE,7,test,1139587,1,0.7867367538711784
BASE,7,test,1139688,1,0.6689027619094599
BASE,7,test,1141311,0,0.811401009325808
BASE,7,test,1142031,1,0.6444778523555464
BASE,7,test,1142051,1,0.5820657065779443
BASE,7,test,1142355,0,0.35040313207298934
BASE,7,test,1142724,0,0.5252350735458797
BASE,7,test,1143113,1,0.6084013405236544
BASE,7,test,1143550,1,0.7943950857747792
BASE,7,test,1144028,0,0.6147576508995397
BASE,7,test,1144792,0,0.49770017987843673
BASE,7,test,1146108,0,0.23954833646024304
BASE,7,test,1146488,0,0.6541787111851136
BASE,7,test,1147525,1,0.7641614436586956
BASE,7,test,1149201,1,0.23391046475444244
BASE,7,test,1149825,1,0.5441096213993342
BASE,7,test,1150400,1,0.4073350151307375
BASE,7,test,1150490,1,0.5617580985573529
BASE,7,test,1151486,1,0.6593415135489559
BASE,7,test,1153399,1,0.6591993885485604
BASE,7,test,1153516,0,0.3133291025803498
BASE,7,test,1153690,1,0.9142042230926198
BASE,7,test,1153779,1,0.4729049247460903
BASE,7,test,1154492,1,0.35044051967246614
BASE,7,test,1154576,1,0.35708437457906056
BASE,7,test,1154652,0,0.3256094593576475
BASE,7,test,1154693,0,0.7707912746089108
BASE,7,test,1156023,1,0.34861113825313966
BASE,7,test,1156904,1,0.5017945039112951
BASE,7,test,1157238,0,0.5878588787463209
BASE,7,test,1157284,0,0.5497613473159031
BASE,7,test,1157440,0,0.5452315793809737
BASE,7,test,1205937,0,0.22058823965287394
BASE,7,test,1206184,1,0.3446180059474614
BASE,7,test,1206310,1,0.4140439347651217
BASE,7,test,1206411,1,0.7529210330626951
BASE,7,test,1206652,1,0.8452928149593094
BASE,7,test,1207434,1,0.4893213998800642
BASE,7,test,1207435,1,0.8499491977037199
BASE,7,test,1208422,1,0.5950617625127929
BASE,7,test,1209699,0,0.4720455972336377
BASE,7,test,1209935,0,0.23950724797321998
BASE,7,test,1210639,1,0.6959256331941159
BASE,7,test,1210663,1,0.618713473728803
BASE,7,test,1210781,0,0.6818326644940856
BASE,7,test,1211001,1,0.7688914772947851
BASE,7,test,1211297,1,0.6088996172508206
BASE,7,test,1211380,1,0.3247145935968504
BASE,7,test,1211740,1,0.7530033576451194
BASE,7,test,1211895,1,0.7762475130605547
BASE,7,test,1212278,0,0.6744815226244838
BASE,7,test,1212394,1,0.30635680921135644
BASE,7,test,1212601,1,0.34804710527148147
BASE,7,test,1213121,1,0.2501989507637935
BASE,7,test,1213344,1,0.22795380207389343
BASE,7,test,1213526,1,0.8126300212805194
BASE,7,test,1213631,0,0.5241956434385383
BASE,7,test,1213667,0,0.3494975795164806
BASE,7,test,1213716,1,0.7565508373786074
BASE,7,test,1214063,1,0.4221688314389506
BASE,7,test,1214739,0,0.47838502800682664
BASE,7,test,1214861,1,0.9153553156848951
BASE,7,test,1215420,1,0.5798979401490812
BASE,7,test,1215452,0,0.40255798989530867
BASE,7,test,1216045,1,0.8554286038048126
BASE,7,test,1216076,1,0.7348981330746587
BASE,7,test,1216293,1,0.5574272749185327
BASE,7,test,1217051,1,0.6153537993298094
BASE,7,test,1217415,1,0.7738348378455977
BASE,7,test,1217724,0,0.4559982641534868
BASE,7,test,1218288,1,0.42997533492211365
BASE,7,test,1218335,1,0.6843167750879547
BASE,7,test,1218726,1,0.48082880875582856
BASE,7,test,1219301,0,0.6625924576339739
BASE,7,test,1219597,0,0.5398364926566281
BASE,7,test,1219620,0,0.3628598067386693
BASE,7,test,1219751,1,0.503145270531954
BASE,7,test,1219802,1,0.7291686693640084
BASE,7,test,1219935,1,0.8303105215059888
BASE,7,test,1220156,0,0.4239901698074652
BASE,7,test,1220206,0,0.22199332765217072
BASE,7,test,1220507,0,0.7089391106419005
BASE,7,test,1220832,0,0.6057652554331037
BASE,7,test,1220833,1,0.7868317528093186
BASE,7,test,1220959,1,0.6942635805120351
BASE,7,test,1220988,0,0.2622370323935468
BASE,7,test,1221019,0,0.6886232342830628
BASE,7,test,1221268,1,0.5623046101829945
BASE,7,test,1221554,0,0.7464009211715932
BASE,7,test,1221640,0,0.3652781152014424
BASE,7,test,1221883,0,0.36452016573371787
BASE,7,test,1222069,1,0.7212597649227972
BASE,7,test,1222711,1,0.4521535209729648
BASE,7,test,1222907,1,0.7310583430359442
BASE,7,test,1222988,1,0.7579588903787772
BASE,7,test,1223383,1,0.7757337657380035
BASE,7,test,1224094,0,0.20223102387053732
BASE,7,test,1224519,1,0.6169889574656463
BASE,7,test,1224568,1,0.5387502643595005
BASE,7,test,1224767,0,0.5187957855018969
BASE,7,test,1225050,0,0.30852224927112537
BASE,7,test,1225262,1,0.7719954238593213
BASE,7,test,1225388,0,0.6070181477115196
BASE,7,test,1225493,0,0.3538465324126549
BASE,7,test,1225635,1,0.8126862349092713
BASE,7,test,1225672,1,0.7443320431894617
BASE,7,test,1225914,0,0.38896152989557914
BASE,7,test,1226794,0,0.29462619439268606
BASE,7,test,1227138,0,0.21745365090884017
BASE,7,test,1227195,1,0.869913432967442
BASE,7,test,1227414,0,0.7273683910011932
BASE,7,test,1227597,0,0.4063513772841687
BASE,7,test,1227900,1,0.5047758152504186
BASE,7,test,1228050,0,0.2650510093785981
BASE,7,test,1228824,1,0.5185814155666325
BASE,7,test,1230384,0,0.5704314897781881
BASE,7,test,1230574,0,0.631661677983509
BASE,7,test,1231114,1,0.8659965558797864
BASE,7,test,1231250,1,0.6404027789557892
BASE,7,test,1231638,1,0.7958025071579997
BASE,7,test,1232028,0,0.2892068120752292
BASE,7,test,1232062,0,0.29414014647117037
BASE,7,test,1232273,1,0.6521171040845479
BASE,7,test,1232478,1,0.858847878190268
BASE,7,test,1233084,1,0.634503375129477
BASE,7,test,1233203,1,0.665973474282304
BASE,7,test,1233618,0,0.6440170683729122
BASE,7,test,1233777,1,0.7217747484579727
BASE,7,test,1233783,1,0.862440091316776
BASE,7,test,1233879,0,0.6176000261617003
BASE,7,test,1234275,1,0.47751376357276487
BASE,7,test,1234413,1,0.3506817083908539
BASE,7,test,1234461,1,0.7300678677074266
BASE,7,test,1234703,1,0.7536301240188008
BASE,7,test,1234862,0,0.5573152221031755
BASE,7,test,1234875,1,0.771380564048815
BASE,7,test,1235217,0,0.5604002822517501
BASE,7,test,1235650,0,0.6813622758983297
BASE,7,test,1235714,1,0.6020510876679731
BASE,7,test,1236063,0,0.7445874547169647
BASE,7,test,1236656,0,0.4866250235832159
BASE,7,test,1236751,1,0.4905424135018539
BASE,7,test,1237033,1,0.48605372403569796
BASE,7,test,1237241,1,0.6395957882012034
BASE,7,test,1237352,1,0.31240362823284007
BASE,7,test,1237491,1,0.8125509966723294
BASE,7,test,1237508,1,0.5282352575183868
BASE,7,test,1237716,0,0.3561171436027026
BASE,7,test,1237822,1,0.8643647993786807
BASE,7,test,1237832,1,0.5181405139671853
BASE,7,test,1237956,0,0.3540188144739189
BASE,7,test,1238001,0,0.7467642799774902
BASE,7,test,1238156,1,0.7644371532119139
BASE,7,test,1238174,1,0.5653628803415027
BASE,7,test,1238497,1,0.5100392126254887
BASE,7,test,1238501,0,0.37129309071720223
BASE,7,test,1238523,1,0.6248514915447916
BASE,7,test,1238835,1,0.7992199832969152
BASE,7,test,1238999,1,0.4166412491827125
BASE,7,test,1239099,0,0.6408933804594764
BASE,7,test,1239148,0,0.27299416769639107
BASE,7,test,1239693,0,0.4314998445600186
BASE,7,test,1239701,0,0.5716915633148352
BASE,7,test,1239881,1,0.6137691258936901
BASE,7,test,1239936,0,0.5481700141636178
BASE,7,test,1240143,1,0.6196119464666
BASE,7,test,1240282,0,0.45599793276158285
BASE,7,test,1240423,1,0.7580610348649173
BASE,7,test,1240598,1,0.7426522568003202
BASE,7,test,1240710,1,0.5473965023085332
BASE,7,test,1240769,0,0.6198165572864142
BASE,7,test,1240926,1,0.8436960412777367
BASE,7,test,1241018,1,0.6520123596363818
BASE,7,test,1241090,0,0.311413402201095
BASE,7,test,1241318,1,0.3358650918578591
BASE,7,test,1241625,0,0.6923651907351634
BASE,7,test,1241779,1,0.6098397773169141
BASE,7,test,1241954,1,0.6351125910102957
BASE,7,test,1242264,0,0.5494019635312678
BASE,7,test,1242424,1,0.6980831714133554
BASE,7,test,1242755,0,0.5943168713658645
BASE,7,test,1242835,1,0.6286363956358696
BASE,7,test,1243018,1,0.509365501992768
BASE,7,test,1243427,1,0.3309556768350604
BASE,7,test,1243582,0,0.3070879682740599
BASE,7,test,1243802,0,0.7285480870493501
BASE,7,test,1246490,1,0.766702619096999
BASE_x_R1a,7,test,1122,0,0.6842931692485695
BASE_x_R1a,7,test,13629,1,0.4744328911152958
BASE_x_R1a,7,test,22854,1,0.28676000223572884
BASE_x_R1a,7,test,28836,1,0.7162842174221007
BASE_x_R1a,7,test,34035,1,0.7589138637042403
BASE_x_R1a,7,test,35136,1,0.7276951248392887
BASE_x_R1a,7,test,36502,0,0.3610855127925583
BASE_x_R1a,7,test,41002,1,0.6122791997428685
BASE_x_R1a,7,test,43310,1,0.8825885164148727
BASE_x_R1a,7,test,60519,1,0.8190140240665552
BASE_x_R1a,7,test,60769,1,0.6466010220976571
BASE_x_R1a,7,test,63449,0,0.5861421892403722
BASE_x_R1a,7,test,74146,0,0.8117169369466675
BASE_x_R1a,7,test,89847,1,0.6477283966378211
BASE_x_R1a,7,test,90722,1,0.7444062899906639
BASE_x_R1a,7,test,95082,1,0.8689024478856144
BASE_x_R1a,7,test,105772,1,0.7622374871747155
BASE_x_R1a,7,test,108335,0,0.28333681502796026
BASE_x_R1a,7,test,112715,1,0.8316257000854739
BASE_x_R1a,7,test,127579,0,0.17710628307740384
BASE_x_R1a,7,test,131155,1,0.4350964339853215
BASE_x_R1a,7,test,141620,1,0.5921509446936303
BASE_x_R1a,7,test,157449,1,0.7040417559832872
BASE_x_R1a,7,test,160103,1,0.7194631215531079
BASE_x_R1a,7,test,169727,0,0.7776088932294815
BASE_x_R1a,7,test,171833,1,0.7186165629679339
BASE_x_R1a,7,test,176133,1,0.5988991806109797
BASE_x_R1a,7,test,177730,1,0.6633519660073565
BASE_x_R1a,7,test,178838,1,0.4277175199441268
BASE_x_R1a,7,test,180209,0,0.41303863823329384
BASE_x_R1a,7,test,180368,1,0.6946894384215224
BASE_x_R1a,7,test,182595,0,0.5534752767262103
BASE_x_R1a,7,test,183204,0,0.4065365740894205
BASE_x_R1a,7,test,184161,1,0.8503015739566342
BASE_x_R1a,7,test,184704,0,0.6079575908466329
BASE_x_R1a,7,test,184936,1,0.7096729119854963
BASE_x_R1a,7,test,186257,0,0.32670260196394657
BASE_x_R1a,7,test,188271,1,0.7520910959250648
BASE_x_R1a,7,test,189685,0,0.5476050904233465
BASE_x_R1a,7,test,202039,0,0.7426208242019315
BASE_x_R1a,7,test,202748,1,0.7735883691864354
BASE_x_R1a,7,test,205829,1,0.7937349239686958
BASE_x_R1a,7,test,206005,0,0.170772082219296
BASE_x_R1a,7,test,211001,0,0.3278219605673338
BASE_x_R1a,7,test,214273,1,0.8640259007884221
BASE_x_R1a,7,test,215052,0,0.2271690691774248
BASE_x_R1a,7,test,223954,1,0.7836013803558568
BASE_x_R1a,7,test,226610,1,0.7756088890274201
BASE_x_R1a,7,test,237953,1,0.720562785072512
BASE_x_R1a,7,test,250983,0,0.7587239020264467
BASE_x_R1a,7,test,253611,0,0.39585640705554775
BASE_x_R1a,7,test,269426,1,0.8023766868048221
BASE_x_R1a,7,test,271131,1,0.6199364449681394
BASE_x_R1a,7,test,274179,0,0.6470162878719985
BASE_x_R1a,7,test,274322,1,0.64285404404533
BASE_x_R1a,7,test,274932,1,0.6795266767241985
BASE_x_R1a,7,test,275744,1,0.3015591625797377
BASE_x_R1a,7,test,278009,1,0.3025882766926619
BASE_x_R1a,7,test,278485,0,0.20656814453658
BASE_x_R1a,7,test,278688,0,0.3967691181363913
BASE_x_R1a,7,test,279972,0,0.586169625994634
BASE_x_R1a,7,test,280650,1,0.9516765308907726
BASE_x_R1a,7,test,281433,1,0.8407519009223533
BASE_x_R1a,7,test,285173,1,0.647488730830138
BASE_x_R1a,7,test,286230,1,0.8481452929808572
BASE_x_R1a,7,test,286403,1,0.7405214269666319
BASE_x_R1a,7,test,290974,0,0.511281984282748
BASE_x_R1a,7,test,295284,0,0.3546376761142965
BASE_x_R1a,7,test,297071,1,0.6786021260971095
BASE_x_R1a,7,test,298252,0,0.13298106581225053
BASE_x_R1a,7,test,298955,0,0.6515331399804356
BASE_x_R1a,7,test,303683,0,0.28196446861463226
BASE_x_R1a,7,test,306630,0,0.49973965881868065
BASE_x_R1a,7,test,308485,0,0.4924060496170046
BASE_x_R1a,7,test,309228,1,0.8194416965228715
BASE_x_R1a,7,test,314668,1,0.43611234658506803
BASE_x_R1a,7,test,315569,1,0.9139073109000638
BASE_x_R1a,7,test,316099,0,0.3892764700351066
BASE_x_R1a,7,test,319549,1,0.6162555948809003
BASE_x_R1a,7,test,320374,0,0.4824132466682952
BASE_x_R1a,7,test,321989,1,0.7358056360661672
BASE_x_R1a,7,test,331561,0,0.591046842253516
BASE_x_R1a,7,test,332959,0,0.5212703005687139
BASE_x_R1a,7,test,338273,1,0.4753947307664072
BASE_x_R1a,7,test,341743,1,0.8233055976801302
BASE_x_R1a,7,test,361916,1,0.6965092879760023
BASE_x_R1a,7,test,369915,1,0.5945564090811161
BASE_x_R1a,7,test,370843,1,0.6996247628738221
BASE_x_R1a,7,test,376880,1,0.5708062828850644
BASE_x_R1a,7,test,387760,1,0.6515701474971888
BASE_x_R1a,7,test,397850,0,0.583099146688089
BASE_x_R1a,7,test,397908,0,0.3889376350247015
BASE_x_R1a,7,test,398007,1,0.7126359406510627
BASE_x_R1a,7,test,398520,1,0.9054639750583281
BASE_x_R1a,7,test,400980,1,0.9191663127240052
BASE_x_R1a,7,test,402051,0,0.4337296394571829
BASE_x_R1a,7,test,408105,0,0.7440600147032179
BASE_x_R1a,7,test,413865,1,0.7221324709476657
BASE_x_R1a,7,test,416249,1,0.6288735094428155
BASE_x_R1a,7,test,419522,1,0.5691775908191249
BASE_x_R1a,7,test,419629,1,0.8343796191084553
BASE_x_R1a,7,test,421437,0,0.3106284920171392
BASE_x_R1a,7,test,432906,1,0.7820734807084133
BASE_x_R1a,7,test,439090,1,0.21497586132910143
BASE_x_R1a,7,test,440161,1,0.7190801661487987
BASE_x_R1a,7,test,451600,1,0.6206189894123925
BASE_x_R1a,7,test,457179,1,0.8885675028030264
BASE_x_R1a,7,test,460580,1,0.6764732435565226
BASE_x_R1a,7,test,469078,1,0.3177068688802559
BASE_x_R1a,7,test,469812,0,0.4995938671350113
BASE_x_R1a,7,test,470865,1,0.798975149651302
BASE_x_R1a,7,test,471227,0,0.5483947918193253
BASE_x_R1a,7,test,471363,1,0.456801308951593
BASE_x_R1a,7,test,474221,0,0.702171049187202
BASE_x_R1a,7,test,474709,1,0.7548908939829991
BASE_x_R1a,7,test,485608,1,0.8442605246292462
BASE_x_R1a,7,test,486892,0,0.596968404738179
BASE_x_R1a,7,test,490630,1,0.40953747536696816
BASE_x_R1a,7,test,490818,1,0.6857014365486718
BASE_x_R1a,7,test,490962,1,0.81164450351192
BASE_x_R1a,7,test,493092,1,0.5396968445942627
BASE_x_R1a,7,test,493415,1,0.6471205576130599
BASE_x_R1a,7,test,498774,1,0.751244749599953
BASE_x_R1a,7,test,502077,1,0.6050435835324018
BASE_x_R1a,7,test,502585,0,0.3754655805833814
BASE_x_R1a,7,test,504525,0,0.4389422305883716
BASE_x_R1a,7,test,506609,1,0.7287591195168623
BASE_x_R1a,7,test,508449,0,0.32754582900821133
BASE_x_R1a,7,test,510372,1,0.38270815569932654
BASE_x_R1a,7,test,512180,1,0.7971871659248305
BASE_x_R1a,7,test,527314,1,0.8266085662672884
BASE_x_R1a,7,test,531815,0,0.5772464604216687
BASE_x_R1a,7,test,532148,1,0.6086879849201595
BASE_x_R1a,7,test,532533,1,0.6669671333095301
BASE_x_R1a,7,test,533901,1,0.7837144700058473
BASE_x_R1a,7,test,536867,0,0.4292401321383064
BASE_x_R1a,7,test,544864,1,0.46740619781551246
BASE_x_R1a,7,test,545205,0,0.3339800948543056
BASE_x_R1a,7,test,546258,1,0.79893217927947
BASE_x_R1a,7,test,550892,1,0.6874648128386898
BASE_x_R1a,7,test,553161,0,0.852258762358042
BASE_x_R1a,7,test,554960,0,0.36866261771816056
BASE_x_R1a,7,test,570135,0,0.4277618237076941
BASE_x_R1a,7,test,579106,1,0.509540893506681
BASE_x_R1a,7,test,581598,1,0.8685468442919003
BASE_x_R1a,7,test,586714,1,0.6658681562180329
BASE_x_R1a,7,test,596841,1,0.6314523515416482
BASE_x_R1a,7,test,597579,1,0.5525567383749128
BASE_x_R1a,7,test,600546,1,0.5689586711684549
BASE_x_R1a,7,test,602165,1,0.43214625403908136
BASE_x_R1a,7,test,603431,1,0.5471954405832987
BASE_x_R1a,7,test,608068,1,0.4052012435436336
BASE_x_R1a,7,test,608537,1,0.564130681367621
BASE_x_R1a,7,test,644443,1,0.735819369525641
BASE_x_R1a,7,test,648709,0,0.5665061138838019
BASE_x_R1a,7,test,652279,0,0.2763371980244752
BASE_x_R1a,7,test,653268,1,0.6558277664221501
BASE_x_R1a,7,test,656122,1,0.3731124413318472
BASE_x_R1a,7,test,656138,1,0.7055789453144707
BASE_x_R1a,7,test,660533,0,0.5466500620650249
BASE_x_R1a,7,test,663548,1,0.5557832118438111
BASE_x_R1a,7,test,671705,1,0.34853227250840857
BASE_x_R1a,7,test,675115,1,0.8444189191897654
BASE_x_R1a,7,test,677683,1,0.15897052356828678
BASE_x_R1a,7,test,682303,1,0.7915582735706365
BASE_x_R1a,7,test,682914,1,0.7737559297752823
BASE_x_R1a,7,test,687171,1,0.4796429460975575
BASE_x_R1a,7,test,690019,0,0.5384936913147547
BASE_x_R1a,7,test,693326,1,0.7387131550480623
BASE_x_R1a,7,test,697961,1,0.879740054496343
BASE_x_R1a,7,test,698579,1,0.8745986530862494
BASE_x_R1a,7,test,699877,0,0.527749848515372
BASE_x_R1a,7,test,700550,1,0.5634966689118901
BASE_x_R1a,7,test,703048,0,0.8402401389527911
BASE_x_R1a,7,test,708388,1,0.684889417608601
BASE_x_R1a,7,test,713883,1,0.36983579039931536
BASE_x_R1a,7,test,719188,1,0.7646757344810214
BASE_x_R1a,7,test,719786,0,0.373110897818879
BASE_x_R1a,7,test,728929,1,0.460770578798612
BASE_x_R1a,7,test,731117,1,0.7777981999381984
BASE_x_R1a,7,test,738172,0,0.4523615523310591
BASE_x_R1a,7,test,740484,0,0.5021832949742744
BASE_x_R1a,7,test,743121,1,0.688714328191421
BASE_x_R1a,7,test,743852,1,0.5735418817818645
BASE_x_R1a,7,test,749211,0,0.37688809787573335
BASE_x_R1a,7,test,750881,0,0.5257318189599292
BASE_x_R1a,7,test,760356,1,0.3173415620351707
BASE_x_R1a,7,test,761089,0,0.38988312637811345
BASE_x_R1a,7,test,763893,0,0.40240642521895853
BASE_x_R1a,7,test,767236,0,0.6333296430397551
BASE_x_R1a,7,test,771927,1,0.8941372391230706
BASE_x_R1a,7,test,777118,1,0.7246591351714389
BASE_x_R1a,7,test,780355,1,0.7380145256305268
BASE_x_R1a,7,test,782509,1,0.5734748616948848
BASE_x_R1a,7,test,783025,1,0.7400903304612201
BASE_x_R1a,7,test,783835,0,0.48064018862469
BASE_x_R1a,7,test,803606,1,0.6159576749398402
BASE_x_R1a,7,test,806887,0,0.5309560198388614
BASE_x_R1a,7,test,809238,0,0.7940108693594806
BASE_x_R1a,7,test,811782,0,0.5551622151619557
BASE_x_R1a,7,test,818099,0,0.5005018181245808
BASE_x_R1a,7,test,818267,1,0.7739893685276635
BASE_x_R1a,7,test,820530,1,0.6597191192607115
BASE_x_R1a,7,test,823546,0,0.6772995102529555
BASE_x_R1a,7,test,826631,0,0.2965455594538827
BASE_x_R1a,7,test,829951,1,0.6084936187408974
BASE_x_R1a,7,test,831720,0,0.5473418109149397
BASE_x_R1a,7,test,835135,1,0.7670865471937205
BASE_x_R1a,7,test,835716,0,0.5443807836875219
BASE_x_R1a,7,test,836931,1,0.6098575584208814
BASE_x_R1a,7,test,848998,0,0.7088118954262679
BASE_x_R1a,7,test,851639,1,0.5485663212163486
BASE_x_R1a,7,test,853023,1,0.7294252987263374
BASE_x_R1a,7,test,858119,0,0.6055004951249056
BASE_x_R1a,7,test,859109,1,0.7500867610975938
BASE_x_R1a,7,test,859236,0,0.3681595153839393
BASE_x_R1a,7,test,860381,0,0.38304197898510095
BASE_x_R1a,7,test,868368,1,0.45303534639233606
BASE_x_R1a,7,test,869519,1,0.2392193332638871
BASE_x_R1a,7,test,870739,1,0.7047363601075274
BASE_x_R1a,7,test,885157,1,0.7580221779742469
BASE_x_R1a,7,test,888443,0,0.11137838917022332
BASE_x_R1a,7,test,899067,0,0.2641214924219859
BASE_x_R1a,7,test,900957,1,0.8547480043510595
BASE_x_R1a,7,test,941393,0,0.571251524737625
BASE_x_R1a,7,test,944315,0,0.6011109867381587
BASE_x_R1a,7,test,951246,0,0.16327057492684244
BASE_x_R1a,7,test,951659,1,0.8027686992499672
BASE_x_R1a,7,test,951846,0,0.3781024451054493
BASE_x_R1a,7,test,958048,1,0.6684664778151026
BASE_x_R1a,7,test,959771,1,0.935923782132862
BASE_x_R1a,7,test,963182,1,0.6103328284683697
BASE_x_R1a,7,test,963985,1,0.7316175215708794
BASE_x_R1a,7,test,966701,0,0.735079774840501
BASE_x_R1a,7,test,970382,1,0.9027523247937437
BASE_x_R1a,7,test,970464,1,0.6033565547413321
BASE_x_R1a,7,test,972111,0,0.5437250871538416
BASE_x_R1a,7,test,976220,1,0.7365539652677907
BASE_x_R1a,7,test,976735,1,0.3202592672790142
BASE_x_R1a,7,test,977714,1,0.7634808553257528
BASE_x_R1a,7,test,984395,1,0.39820824519198716
BASE_x_R1a,7,test,984568,1,0.45355698431450436
BASE_x_R1a,7,test,986829,1,0.7090234424352837
BASE_x_R1a,7,test,990528,0,0.5983571443444098
BASE_x_R1a,7,test,991060,1,0.8449122042061046
BASE_x_R1a,7,test,991197,0,0.7893040600448837
BASE_x_R1a,7,test,994895,1,0.7813770203527368
BASE_x_R1a,7,test,996219,0,0.48509182723679367
BASE_x_R1a,7,test,999836,1,0.8336392236736088
BASE_x_R1a,7,test,1002439,1,0.7558605055431684
BASE_x_R1a,7,test,1002906,0,0.5914779712645655
BASE_x_R1a,7,test,1007013,1,0.47673796057176604
BASE_x_R1a,7,test,1007757,1,0.3313160944257576
BASE_x_R1a,7,test,1021541,1,0.3648083620434668
BASE_x_R1a,7,test,1029192,1,0.771724213996029
BASE_x_R1a,7,test,1029373,1,0.47244940249451406
BASE_x_R1a,7,test,1048580,1,0.8096003920284355
BASE_x_R1a,7,test,1054838,0,0.48970021698581173
BASE_x_R1a,7,test,1061350,0,0.4512056178041698
BASE_x_R1a,7,test,1067406,1,0.5301835287410246
BASE_x_R1a,7,test,1067518,1,0.5414721602202889
BASE_x_R1a,7,test,1068119,1,0.5530338245356883
BASE_x_R1a,7,test,1069003,0,0.505675923983908
BASE_x_R1a,7,test,1071049,1,0.5593968450474718
BASE_x_R1a,7,test,1071527,1,0.6593013653387326
BASE_x_R1a,7,test,1071949,1,0.6992040331974586
BASE_x_R1a,7,test,1072850,1,0.6938068548400155
BASE_x_R1a,7,test,1073232,0,0.6279672169731026
BASE_x_R1a,7,test,1073751,1,0.6431752940534505
BASE_x_R1a,7,test,1074306,1,0.6432733894561475
BASE_x_R1a,7,test,1074618,1,0.5692388965105176
BASE_x_R1a,7,test,1076650,1,0.7276724830193789
BASE_x_R1a,7,test,1076995,0,0.5829144512809652
BASE_x_R1a,7,test,1077371,0,0.2679305963205723
BASE_x_R1a,7,test,1077703,1,0.652807255690528
BASE_x_R1a,7,test,1078893,0,0.3615395373982362
BASE_x_R1a,7,test,1079527,1,0.39553109574546197
BASE_x_R1a,7,test,1079540,0,0.44039604949239286
BASE_x_R1a,7,test,1082670,1,0.8440245766378411
BASE_x_R1a,7,test,1082847,1,0.6702755393446155
BASE_x_R1a,7,test,1084267,1,0.7131533981707119
BASE_x_R1a,7,test,1084630,1,0.7511463950543262
BASE_x_R1a,7,test,1085697,0,0.685036934774877
BASE_x_R1a,7,test,1086158,0,0.38808026059010226
BASE_x_R1a,7,test,1086528,0,0.4906470776185875
BASE_x_R1a,7,test,1091111,1,0.5755605844016519
BASE_x_R1a,7,test,1092848,1,0.6368833541425609
BASE_x_R1a,7,test,1092889,1,0.7775901285018576
BASE_x_R1a,7,test,1093742,1,0.7262648051173319
BASE_x_R1a,7,test,1093743,0,0.22776321520439974
BASE_x_R1a,7,test,1094030,1,0.7923883002030688
BASE_x_R1a,7,test,1095404,1,0.7101609514649128
BASE_x_R1a,7,test,1095415,1,0.7532915176845847
BASE_x_R1a,7,test,1096586,0,0.16146297330019013
BASE_x_R1a,7,test,1097316,1,0.6017789019617933
BASE_x_R1a,7,test,1098043,0,0.6880310191591011
BASE_x_R1a,7,test,1099159,1,0.8502067823655866
BASE_x_R1a,7,test,1099234,1,0.7425142277170018
BASE_x_R1a,7,test,1099660,1,0.6511232713801169
BASE_x_R1a,7,test,1100624,1,0.7161669840410496
BASE_x_R1a,7,test,1101062,0,0.5679887417169371
BASE_x_R1a,7,test,1102060,1,0.9017632184856271
BASE_x_R1a,7,test,1102314,1,0.7235285376401603
BASE_x_R1a,7,test,1104438,1,0.6488358559221047
BASE_x_R1a,7,test,1105241,0,0.4319195298784632
BASE_x_R1a,7,test,1105431,1,0.6941965591979076
BASE_x_R1a,7,test,1105510,1,0.8127504499612636
BASE_x_R1a,7,test,1105913,1,0.7035128522726821
BASE_x_R1a,7,test,1106738,1,0.6985194261128873
BASE_x_R1a,7,test,1106784,1,0.5470789363657967
BASE_x_R1a,7,test,1108706,1,0.6803505083418192
BASE_x_R1a,7,test,1109829,1,0.7713256663830583
BASE_x_R1a,7,test,1109983,1,0.8297150054353734
BASE_x_R1a,7,test,1111098,1,0.40149128804759554
BASE_x_R1a,7,test,1112111,1,0.4493585591219603
BASE_x_R1a,7,test,1112238,1,0.5154689771253606
BASE_x_R1a,7,test,1112425,1,0.5261339237600718
BASE_x_R1a,7,test,1113294,1,0.6998898204289581
BASE_x_R1a,7,test,1113606,1,0.7916205424944835
BASE_x_R1a,7,test,1114319,0,0.5544549000397633
BASE_x_R1a,7,test,1115212,1,0.5131065204805241
BASE_x_R1a,7,test,1115316,1,0.7718938617458316
BASE_x_R1a,7,test,1115713,1,0.542518773258761
BASE_x_R1a,7,test,1116479,0,0.7510671663557276
BASE_x_R1a,7,test,1116516,0,0.6408324556194737
BASE_x_R1a,7,test,1116926,1,0.8352507689328341
BASE_x_R1a,7,test,1117243,1,0.805541944866885
BASE_x_R1a,7,test,1117869,1,0.770459491122455
BASE_x_R1a,7,test,1118436,1,0.8520479470232212
BASE_x_R1a,7,test,1118652,0,0.16721724397220974
BASE_x_R1a,7,test,1118773,0,0.35298950737197465
BASE_x_R1a,7,test,1118849,1,0.6712171394907008
BASE_x_R1a,7,test,1119067,1,0.7475581573191964
BASE_x_R1a,7,test,1119508,0,0.6516411027832458
BASE_x_R1a,7,test,1119526,1,0.40185985083193415
BASE_x_R1a,7,test,1119905,1,0.48200744716811994
BASE_x_R1a,7,test,1120775,1,0.3165025061137907
BASE_x_R1a,7,test,1120836,1,0.8327201450428113
BASE_x_R1a,7,test,1121493,0,0.20353100222156395
BASE_x_R1a,7,test,1121914,1,0.7592445203294854
BASE_x_R1a,7,test,1121926,1,0.5304848347775745
BASE_x_R1a,7,test,1122185,1,0.5283107804884889
BASE_x_R1a,7,test,1122760,0,0.20427213916993392
BASE_x_R1a,7,test,1123015,0,0.7533845480644438
BASE_x_R1a,7,test,1123435,1,0.4996127687681149
BASE_x_R1a,7,test,1123484,0,0.4812321060799021
BASE_x_R1a,7,test,1123500,1,0.5858352790580412
BASE_x_R1a,7,test,1123989,1,0.4454550185904917
BASE_x_R1a,7,test,1124095,1,0.6563099486098253
BASE_x_R1a,7,test,1124468,1,0.5003674586371083
BASE_x_R1a,7,test,1124484,0,0.16509196332494486
BASE_x_R1a,7,test,1124495,1,0.5886679079591519
BASE_x_R1a,7,test,1125163,1,0.3932348369245207
BASE_x_R1a,7,test,1125189,0,0.31466945619615005
BASE_x_R1a,7,test,1125442,1,0.8734279992394305
BASE_x_R1a,7,test,1125899,1,0.4579496530798491
BASE_x_R1a,7,test,1126146,0,0.3140612689014511
BASE_x_R1a,7,test,1126637,0,0.7299196320142002
BASE_x_R1a,7,test,1127233,0,0.6142747507226993
BASE_x_R1a,7,test,1127820,1,0.6850594870478972
BASE_x_R1a,7,test,1128028,1,0.5919974633511905
BASE_x_R1a,7,test,1128467,1,0.5004916617367756
BASE_x_R1a,7,test,1129979,1,0.6388764217266477
BASE_x_R1a,7,test,1130043,1,0.5797713589423438
BASE_x_R1a,7,test,1130697,1,0.7729494362928204
BASE_x_R1a,7,test,1131386,1,0.5115050026209267
BASE_x_R1a,7,test,1131831,1,0.7371022377593364
BASE_x_R1a,7,test,1132286,0,0.588466667418697
BASE_x_R1a,7,test,1132536,0,0.7458944285543135
BASE_x_R1a,7,test,1132874,1,0.844850352300673
BASE_x_R1a,7,test,1133028,1,0.38481064305986096
BASE_x_R1a,7,test,1133211,1,0.3519284302328156
BASE_x_R1a,7,test,1133467,1,0.680148257672879
BASE_x_R1a,7,test,1133778,1,0.9288397483091804
BASE_x_R1a,7,test,1134855,0,0.20947517500559193
BASE_x_R1a,7,test,1135004,0,0.7567181166215502
BASE_x_R1a,7,test,1135241,0,0.6675832276412499
BASE_x_R1a,7,test,1135626,1,0.6416117962101763
BASE_x_R1a,7,test,1136569,0,0.2625947998010931
BASE_x_R1a,7,test,1136675,1,0.4445787757786881
BASE_x_R1a,7,test,1136723,0,0.2052392086763956
BASE_x_R1a,7,test,1136946,0,0.2989063330839057
BASE_x_R1a,7,test,1137897,1,0.6054640194580174
BASE_x_R1a,7,test,1137968,0,0.45249300483328253
BASE_x_R1a,7,test,1138321,1,0.7358672410128037
BASE_x_R1a,7,test,1139249,1,0.21081583357091468
BASE_x_R1a,7,test,1139587,1,0.7322579392580555
BASE_x_R1a,7,test,1139688,1,0.68487278189683
BASE_x_R1a,7,test,1141311,0,0.7507714710543084
BASE_x_R1a,7,test,1142031,1,0.7051212302589674
BASE_x_R1a,7,test,1142051,1,0.6143556839613218
BASE_x_R1a,7,test,1142355,0,0.27994779290774163
BASE_x_R1a,7,test,1142724,0,0.5301635221696739
BASE_x_R1a,7,test,1143113,1,0.6447048657273788
BASE_x_R1a,7,test,1143550,1,0.8236561976095054
BASE_x_R1a,7,test,1144028,0,0.5241436661607292
BASE_x_R1a,7,test,1144792,0,0.44752238603027705
BASE_x_R1a,7,test,1146108,0,0.13965085727709278
BASE_x_R1a,7,test,1146488,0,0.5817891000280341
BASE_x_R1a,7,test,1147525,1,0.8054033783471681
BASE_x_R1a,7,test,1149201,1,0.22684663114432774
BASE_x_R1a,7,test,1149825,1,0.554466590206624
BASE_x_R1a,7,test,1150400,1,0.4270310408865266
BASE_x_R1a,7,test,1150490,1,0.5560180617143521
BASE_x_R1a,7,test,1151486,1,0.728637703780063
BASE_x_R1a,7,test,1153399,1,0.6085886632113051
BASE_x_R1a,7,test,1153516,0,0.24170278829382613
BASE_x_R1a,7,test,1153690,1,0.9036533823520837
BASE_x_R1a,7,test,1153779,1,0.5111239213220334
BASE_x_R1a,7,test,1154492,1,0.3508059339288749
BASE_x_R1a,7,test,1154576,1,0.34091522745280584
BASE_x_R1a,7,test,1154652,0,0.3731070171393895
BASE_x_R1a,7,test,1154693,0,0.8266449435496479
BASE_x_R1a,7,test,1156023,1,0.34177468336570854
BASE_x_R1a,7,test,1156904,1,0.48060643334841335
BASE_x_R1a,7,test,1157238,0,0.4281443021083677
BASE_x_R1a,7,test,1157284,0,0.6121636373187888
BASE_x_R1a,7,test,1157440,0,0.603670057930549
BASE_x_R1a,7,test,1205937,0,0.24750510689337787
BASE_x_R1a,7,test,1206184,1,0.36545748814451057
BASE_x_R1a,7,test,1206310,1,0.38315665674845806
BASE_x_R1a,7,test,1206411,1,0.8149582326552128
BASE_x_R1a,7,test,1206652,1,0.8548991089359363
BASE_x_R1a,7,test,1207434,1,0.477241355086543
BASE_x_R1a,7,test,1207435,1,0.8331894537049677
BASE_x_R1a,7,test,1208422,1,0.580773472837659
BASE_x_R1a,7,test,1209699,0,0.4066876747198257
BASE_x_R1a,7,test,1209935,0,0.19849267896865264
BASE_x_R1a,7,test,1210639,1,0.7773726201918731
BASE_x_R1a,7,test,1210663,1,0.5838442767746881
BASE_x_R1a,7,test,1210781,0,0.5564783171099965
BASE_x_R1a,7,test,1211001,1,0.7820645263337593
BASE_x_R1a,7,test,1211297,1,0.5574049737253688
BASE_x_R1a,7,test,1211380,1,0.3969164546692559
BASE_x_R1a,7,test,1211740,1,0.7114768485337939
BASE_x_R1a,7,test,1211895,1,0.774974595168483
BASE_x_R1a,7,test,1212278,0,0.6921967610228569
BASE_x_R1a,7,test,1212394,1,0.28604274193823226
BASE_x_R1a,7,test,1212601,1,0.4141646300600851
BASE_x_R1a,7,test,1213121,1,0.24325481250209194
BASE_x_R1a,7,test,1213344,1,0.27544231225777255
BASE_x_R1a,7,test,1213526,1,0.8621723889368624
BASE_x_R1a,7,test,1213631,0,0.5227225063085301
BASE_x_R1a,7,test,1213667,0,0.31183710903428
BASE_x_R1a,7,test,1213716,1,0.7642015629854718
BASE_x_R1a,7,test,1214063,1,0.43022327612614747
BASE_x_R1a,7,test,1214739,0,0.5246871418947402
BASE_x_R1a,7,test,1214861,1,0.9176155979206405
BASE_x_R1a,7,test,1215420,1,0.5548203707345707
BASE_x_R1a,7,test,1215452,0,0.405947872664009
BASE_x_R1a,7,test,1216045,1,0.776631077448312
BASE_x_R1a,7,test,1216076,1,0.7215214109769756
BASE_x_R1a,7,test,1216293,1,0.5427009481310655
BASE_x_R1a,7,test,1217051,1,0.5957841604556529
BASE_x_R1a,7,test,1217415,1,0.7366656258258711
BASE_x_R1a,7,test,1217724,0,0.48329982653134773
BASE_x_R1a,7,test,1218288,1,0.419032703032294
BASE_x_R1a,7,test,1218335,1,0.6801660017153864
BASE_x_R1a,7,test,1218726,1,0.526415597555628
BASE_x_R1a,7,test,1219301,0,0.6697422698325894
BASE_x_R1a,7,test,1219597,0,0.5311637288921983
BASE_x_R1a,7,test,1219620,0,0.4659558763407574
BASE_x_R1a,7,test,1219751,1,0.4830495428506954
BASE_x_R1a,7,test,1219802,1,0.7600871051447443
BASE_x_R1a,7,test,1219935,1,0.7838456259731947
BASE_x_R1a,7,test,1220156,0,0.4278647847568719
BASE_x_R1a,7,test,1220206,0,0.2083291249362391
BASE_x_R1a,7,test,1220507,0,0.6476271997610901
BASE_x_R1a,7,test,1220832,0,0.5884456916670079
BASE_x_R1a,7,test,1220833,1,0.7056860678847088
BASE_x_R1a,7,test,1220959,1,0.6906616849440455
BASE_x_R1a,7,test,1220988,0,0.2698583757217425
BASE_x_R1a,7,test,1221019,0,0.6741730966376248
BASE_x_R1a,7,test,1221268,1,0.5838147108596111
BASE_x_R1a,7,test,1221554,0,0.7475293295904386
BASE_x_R1a,7,test,1221640,0,0.4247990682421743
BASE_x_R1a,7,test,1221883,0,0.4287447160323541
BASE_x_R1a,7,test,1222069,1,0.772779263180361
BASE_x_R1a,7,test,1222711,1,0.5122384323631718
BASE_x_R1a,7,test,1222907,1,0.6989494168980389
BASE_x_R1a,7,test,1222988,1,0.7179418526351827
BASE_x_R1a,7,test,1223383,1,0.7047252751354885
BASE_x_R1a,7,test,1224094,0,0.19696615965075978
BASE_x_R1a,7,test,1224519,1,0.6628980489673247
BASE_x_R1a,7,test,1224568,1,0.5136561143467212
BASE_x_R1a,7,test,1224767,0,0.5645013884790657
BASE_x_R1a,7,test,1225050,0,0.2594176556572375
BASE_x_R1a,7,test,1225262,1,0.6925838948721758
BASE_x_R1a,7,test,1225388,0,0.6361470199138636
BASE_x_R1a,7,test,1225493,0,0.4064254653388838
BASE_x_R1a,7,test,1225635,1,0.8210494971069856
BASE_x_R1a,7,test,1225672,1,0.7462047974971436
BASE_x_R1a,7,test,1225914,0,0.34759695561554976
BASE_x_R1a,7,test,1226794,0,0.2723633853331414
BASE_x_R1a,7,test,1227138,0,0.2397907482808398
BASE_x_R1a,7,test,1227195,1,0.8949025494000264
BASE_x_R1a,7,test,1227414,0,0.6838312365136554
BASE_x_R1a,7,test,1227597,0,0.44768509040937765
BASE_x_R1a,7,test,1227900,1,0.4357167494721215
BASE_x_R1a,7,test,1228050,0,0.24123101818923964
BASE_x_R1a,7,test,1228824,1,0.559987818986949
BASE_x_R1a,7,test,1230384,0,0.5798668613659417
BASE_x_R1a,7,test,1230574,0,0.6580879795528765
BASE_x_R1a,7,test,1231114,1,0.8972460864804058
BASE_x_R1a,7,test,1231250,1,0.6676411799577491
BASE_x_R1a,7,test,1231638,1,0.8034308941580935
BASE_x_R1a,7,test,1232028,0,0.3046622280786338
BASE_x_R1a,7,test,1232062,0,0.32216103838633453
BASE_x_R1a,7,test,1232273,1,0.646134258326272
BASE_x_R1a,7,test,1232478,1,0.7998053612403246
BASE_x_R1a,7,test,1233084,1,0.6148477307005943
BASE_x_R1a,7,test,1233203,1,0.6456438858431113
BASE_x_R1a,7,test,1233618,0,0.6855843502178536
BASE_x_R1a,7,test,1233777,1,0.7435261796684621
BASE_x_R1a,7,test,1233783,1,0.8729564930000224
BASE_x_R1a,7,test,1233879,0,0.4671698704331946
BASE_x_R1a,7,test,1234275,1,0.5303149631251776
BASE_x_R1a,7,test,1234413,1,0.3655122415806787
BASE_x_R1a,7,test,1234461,1,0.8248820363821225
BASE_x_R1a,7,test,1234703,1,0.7739620499321801
BASE_x_R1a,7,test,1234862,0,0.5366265781811554
BASE_x_R1a,7,test,1234875,1,0.7697778025413801
BASE_x_R1a,7,test,1235217,0,0.5456581134544686
BASE_x_R1a,7,test,1235650,0,0.6398966844217221
BASE_x_R1a,7,test,1235714,1,0.6771517000926357
BASE_x_R1a,7,test,1236063,0,0.7559504385295966
BASE_x_R1a,7,test,1236656,0,0.4569341774332589
BASE_x_R1a,7,test,1236751,1,0.5400571860824885
BASE_x_R1a,7,test,1237033,1,0.5223350059055347
BASE_x_R1a,7,test,1237241,1,0.5768466202535842
BASE_x_R1a,7,test,1237352,1,0.33839603243927985
BASE_x_R1a,7,test,1237491,1,0.8381889094555836
BASE_x_R1a,7,test,1237508,1,0.4578968600776195
BASE_x_R1a,7,test,1237716,0,0.35785487499751006
BASE_x_R1a,7,test,1237822,1,0.8369187938195811
BASE_x_R1a,7,test,1237832,1,0.6167699594350975
BASE_x_R1a,7,test,1237956,0,0.29189233136942794
BASE_x_R1a,7,test,1238001,0,0.6178290203788606
BASE_x_R1a,7,test,1238156,1,0.673024825366219
BASE_x_R1a,7,test,1238174,1,0.555797173857642
BASE_x_R1a,7,test,1238497,1,0.49267245173561636
BASE_x_R1a,7,test,1238501,0,0.4182775002602771
BASE_x_R1a,7,test,1238523,1,0.6386856783605629
BASE_x_R1a,7,test,1238835,1,0.7800163785968202
BASE_x_R1a,7,test,1238999,1,0.5024666263809499
BASE_x_R1a,7,test,1239099,0,0.7381725647576889
BASE_x_R1a,7,test,1239148,0,0.3045785835462367
BASE_x_R1a,7,test,1239693,0,0.42579238060817703
BASE_x_R1a,7,test,1239701,0,0.7260333009911032
BASE_x_R1a,7,test,1239881,1,0.6485205749986355
BASE_x_R1a,7,test,1239936,0,0.5925527524260924
BASE_x_R1a,7,test,1240143,1,0.6546420529658848
BASE_x_R1a,7,test,1240282,0,0.45658061399166405
BASE_x_R1a,7,test,1240423,1,0.7808692707941793
BASE_x_R1a,7,test,1240598,1,0.6590932923031189
BASE_x_R1a,7,test,1240710,1,0.5518023694951082
BASE_x_R1a,7,test,1240769,0,0.6513118976291813
BASE_x_R1a,7,test,1240926,1,0.8065368522704643
BASE_x_R1a,7,test,1241018,1,0.6726352630214367
BASE_x_R1a,7,test,1241090,0,0.3249900376655056
BASE_x_R1a,7,test,1241318,1,0.36505569937666466
BASE_x_R1a,7,test,1241625,0,0.692170334996159
BASE_x_R1a,7,test,1241779,1,0.5931248688860048
BASE_x_R1a,7,test,1241954,1,0.5866289199996984
BASE_x_R1a,7,test,1242264,0,0.4990916708929634
BASE_x_R1a,7,test,1242424,1,0.731966079128566
BASE_x_R1a,7,test,1242755,0,0.5626411653553646
BASE_x_R1a,7,test,1242835,1,0.6294069905189473
BASE_x_R1a,7,test,1243018,1,0.3933878325776814
BASE_x_R1a,7,test,1243427,1,0.34539021737474784
BASE_x_R1a,7,test,1243582,0,0.28781119219178936
BASE_x_R1a,7,test,1243802,0,0.7455644615435463
BASE_x_R1a,7,test,1246490,1,0.7347977392133174
BASE_x_R1a_resid,7,test,1122,0,0.7325079346823969
BASE_x_R1a_resid,7,test,13629,1,0.42723098239824475
BASE_x_R1a_resid,7,test,22854,1,0.30578069023696025
BASE_x_R1a_resid,7,test,28836,1,0.6576306040902395
BASE_x_R1a_resid,7,test,34035,1,0.7164401360361937
BASE_x_R1a_resid,7,test,35136,1,0.7396709774904512
BASE_x_R1a_resid,7,test,36502,0,0.37666566912079624
BASE_x_R1a_resid,7,test,41002,1,0.6386372462405622
BASE_x_R1a_resid,7,test,43310,1,0.9098221522564301
BASE_x_R1a_resid,7,test,60519,1,0.8363964285550455
BASE_x_R1a_resid,7,test,60769,1,0.6792368088812681
BASE_x_R1a_resid,7,test,63449,0,0.5064024610126147
BASE_x_R1a_resid,7,test,74146,0,0.782582969818538
BASE_x_R1a_resid,7,test,89847,1,0.6463370577986843
BASE_x_R1a_resid,7,test,90722,1,0.765694332508914
BASE_x_R1a_resid,7,test,95082,1,0.8608564289177147
BASE_x_R1a_resid,7,test,105772,1,0.7376470516197388
BASE_x_R1a_resid,7,test,108335,0,0.2698675441133802
BASE_x_R1a_resid,7,test,112715,1,0.8282361338191617
BASE_x_R1a_resid,7,test,127579,0,0.1400357467179982
BASE_x_R1a_resid,7,test,131155,1,0.4276207696452973
BASE_x_R1a_resid,7,test,141620,1,0.5471693619558289
BASE_x_R1a_resid,7,test,157449,1,0.6254748578381972
BASE_x_R1a_resid,7,test,160103,1,0.7144860278479273
BASE_x_R1a_resid,7,test,169727,0,0.7697202070262987
BASE_x_R1a_resid,7,test,171833,1,0.7357981302988796
BASE_x_R1a_resid,7,test,176133,1,0.6071082524149216
BASE_x_R1a_resid,7,test,177730,1,0.7314489295692888
BASE_x_R1a_resid,7,test,178838,1,0.388711438701761
BASE_x_R1a_resid,7,test,180209,0,0.4070731154224047
BASE_x_R1a_resid,7,test,180368,1,0.6680358001348936
BASE_x_R1a_resid,7,test,182595,0,0.581932252496318
BASE_x_R1a_resid,7,test,183204,0,0.37575304912149804
BASE_x_R1a_resid,7,test,184161,1,0.8136072267749139
BASE_x_R1a_resid,7,test,184704,0,0.644254275336536
BASE_x_R1a_resid,7,test,184936,1,0.7009248883375281
BASE_x_R1a_resid,7,test,186257,0,0.298786197005235
BASE_x_R1a_resid,7,test,188271,1,0.6800197491998721
BASE_x_R1a_resid,7,test,189685,0,0.5113419377385224
BASE_x_R1a_resid,7,test,202039,0,0.7280115951217294
BASE_x_R1a_resid,7,test,202748,1,0.8057792188053053
BASE_x_R1a_resid,7,test,205829,1,0.817438987642895
BASE_x_R1a_resid,7,test,206005,0,0.16851790947776832
BASE_x_R1a_resid,7,test,211001,0,0.3151284719979627
BASE_x_R1a_resid,7,test,214273,1,0.878104989102399
BASE_x_R1a_resid,7,test,215052,0,0.17967616580117607
BASE_x_R1a_resid,7,test,223954,1,0.7608052692599615
BASE_x_R1a_resid,7,test,226610,1,0.8083044041404756
BASE_x_R1a_resid,7,test,237953,1,0.6881816435645414
BASE_x_R1a_resid,7,test,250983,0,0.7734147812023104
BASE_x_R1a_resid,7,test,253611,0,0.35027567316054203
BASE_x_R1a_resid,7,test,269426,1,0.8085603702953524
BASE_x_R1a_resid,7,test,271131,1,0.6594839716320906
BASE_x_R1a_resid,7,test,274179,0,0.6951003863299521
BASE_x_R1a_resid,7,test,274322,1,0.6383346813388074
BASE_x_R1a_resid,7,test,274932,1,0.6679315485506047
BASE_x_R1a_resid,7,test,275744,1,0.2909345745374467
BASE_x_R1a_resid,7,test,278009,1,0.347931264523585
BASE_x_R1a_resid,7,test,278485,0,0.19669155658336346
BASE_x_R1a_resid,7,test,278688,0,0.5250153937922906
BASE_x_R1a_resid,7,test,279972,0,0.5980919369039173
BASE_x_R1a_resid,7,test,280650,1,0.9098391414263364
BASE_x_R1a_resid,7,test,281433,1,0.7997054681724366
BASE_x_R1a_resid,7,test,285173,1,0.6643191116246908
BASE_x_R1a_resid,7,test,286230,1,0.8087962182347684
BASE_x_R1a_resid,7,test,286403,1,0.7008020506823429
BASE_x_R1a_resid,7,test,290974,0,0.4626621719965102
BASE_x_R1a_resid,7,test,295284,0,0.32390523239603397
BASE_x_R1a_resid,7,test,297071,1,0.5958301984845984
BASE_x_R1a_resid,7,test,298252,0,0.12040628945420107
BASE_x_R1a_resid,7,test,298955,0,0.686615468335694
BASE_x_R1a_resid,7,test,303683,0,0.2775858442964846
BASE_x_R1a_resid,7,test,306630,0,0.6196840235959594
BASE_x_R1a_resid,7,test,308485,0,0.5241733099995226
BASE_x_R1a_resid,7,test,309228,1,0.7992178363691225
BASE_x_R1a_resid,7,test,314668,1,0.47759181764406977
BASE_x_R1a_resid,7,test,315569,1,0.8968107314138711
BASE_x_R1a_resid,7,test,316099,0,0.43524617583077074
BASE_x_R1a_resid,7,test,319549,1,0.6311585024878256
BASE_x_R1a_resid,7,test,320374,0,0.35646589806719864
BASE_x_R1a_resid,7,test,321989,1,0.7375253796879295
BASE_x_R1a_resid,7,test,331561,0,0.6197984959647258
BASE_x_R1a_resid,7,test,332959,0,0.5101259633117798
BASE_x_R1a_resid,7,test,338273,1,0.5376457537142647
BASE_x_R1a_resid,7,test,341743,1,0.8482637836714279
BASE_x_R1a_resid,7,test,361916,1,0.7069677259659514
BASE_x_R1a_resid,7,test,369915,1,0.6068521403006024
BASE_x_R1a_resid,7,test,370843,1,0.7289651251112361
BASE_x_R1a_resid,7,test,376880,1,0.49393085334437403
BASE_x_R1a_resid,7,test,387760,1,0.6145335846792681
BASE_x_R1a_resid,7,test,397850,0,0.5917888366848811
BASE_x_R1a_resid,7,test,397908,0,0.3554408546045511
BASE_x_R1a_resid,7,test,398007,1,0.6867384929468691
BASE_x_R1a_resid,7,test,398520,1,0.8981977068035418
BASE_x_R1a_resid,7,test,400980,1,0.8970858801356756
BASE_x_R1a_resid,7,test,402051,0,0.40695891792065775
BASE_x_R1a_resid,7,test,408105,0,0.7784895479552193
BASE_x_R1a_resid,7,test,413865,1,0.7107559328877611
BASE_x_R1a_resid,7,test,416249,1,0.6187990175906033
BASE_x_R1a_resid,7,test,419522,1,0.592620713733081
BASE_x_R1a_resid,7,test,419629,1,0.8254902241294113
BASE_x_R1a_resid,7,test,421437,0,0.3792471153920345
BASE_x_R1a_resid,7,test,432906,1,0.7659585743706826
BASE_x_R1a_resid,7,test,439090,1,0.19050191980117606
BASE_x_R1a_resid,7,test,440161,1,0.7190137921068588
BASE_x_R1a_resid,7,test,451600,1,0.536779819517666
BASE_x_R1a_resid,7,test,457179,1,0.8403404978761975
BASE_x_R1a_resid,7,test,460580,1,0.6208253548252478
BASE_x_R1a_resid,7,test,469078,1,0.3248960362212716
BASE_x_R1a_resid,7,test,469812,0,0.6225257801329811
BASE_x_R1a_resid,7,test,470865,1,0.8010618576418754
BASE_x_R1a_resid,7,test,471227,0,0.4721634098976086
BASE_x_R1a_resid,7,test,471363,1,0.4888425911522194
BASE_x_R1a_resid,7,test,474221,0,0.6986533792795443
BASE_x_R1a_resid,7,test,474709,1,0.7693774639732323
BASE_x_R1a_resid,7,test,485608,1,0.865965836232639
BASE_x_R1a_resid,7,test,486892,0,0.5751260904948614
BASE_x_R1a_resid,7,test,490630,1,0.47557270230888277
BASE_x_R1a_resid,7,test,490818,1,0.6281931110616219
BASE_x_R1a_resid,7,test,490962,1,0.7772234786106644
BASE_x_R1a_resid,7,test,493092,1,0.5307901177085662
BASE_x_R1a_resid,7,test,493415,1,0.5698525456495205
BASE_x_R1a_resid,7,test,498774,1,0.7330625224483933
BASE_x_R1a_resid,7,test,502077,1,0.5917581194683158
BASE_x_R1a_resid,7,test,502585,0,0.4029338380545914
BASE_x_R1a_resid,7,test,504525,0,0.4863172765322944
BASE_x_R1a_resid,7,test,506609,1,0.669661924240163
BASE_x_R1a_resid,7,test,508449,0,0.4287417072530279
BASE_x_R1a_resid,7,test,510372,1,0.436744727322983
BASE_x_R1a_resid,7,test,512180,1,0.7837489716942145
BASE_x_R1a_resid,7,test,527314,1,0.7779637205906712
BASE_x_R1a_resid,7,test,531815,0,0.5855373814161274
BASE_x_R1a_resid,7,test,532148,1,0.723398314576574
BASE_x_R1a_resid,7,test,532533,1,0.6345168037561204
BASE_x_R1a_resid,7,test,533901,1,0.7832841728588984
BASE_x_R1a_resid,7,test,536867,0,0.4168068181773957
BASE_x_R1a_resid,7,test,544864,1,0.44715318885043337
BASE_x_R1a_resid,7,test,545205,0,0.3047462919087555
BASE_x_R1a_resid,7,test,546258,1,0.8018887358448417
BASE_x_R1a_resid,7,test,550892,1,0.638845842243985
BASE_x_R1a_resid,7,test,553161,0,0.9065107496108357
BASE_x_R1a_resid,7,test,554960,0,0.398002752706362
BASE_x_R1a_resid,7,test,570135,0,0.42865691017952484
BASE_x_R1a_resid,7,test,579106,1,0.5904835897675929
BASE_x_R1a_resid,7,test,581598,1,0.8568629452941963
BASE_x_R1a_resid,7,test,586714,1,0.5831657830333037
BASE_x_R1a_resid,7,test,596841,1,0.7186814206612222
BASE_x_R1a_resid,7,test,597579,1,0.5152383973894945
BASE_x_R1a_resid,7,test,600546,1,0.5915966813878322
BASE_x_R1a_resid,7,test,602165,1,0.34046737576655517
BASE_x_R1a_resid,7,test,603431,1,0.5472542811538478
BASE_x_R1a_resid,7,test,608068,1,0.4671823232797507
BASE_x_R1a_resid,7,test,608537,1,0.5426723123879517
BASE_x_R1a_resid,7,test,644443,1,0.7543295773982649
BASE_x_R1a_resid,7,test,648709,0,0.5390200174107462
BASE_x_R1a_resid,7,test,652279,0,0.20995488128197642
BASE_x_R1a_resid,7,test,653268,1,0.6467810956501262
BASE_x_R1a_resid,7,test,656122,1,0.35464926459429286
BASE_x_R1a_resid,7,test,656138,1,0.6402632991187259
BASE_x_R1a_resid,7,test,660533,0,0.4620440786488803
BASE_x_R1a_resid,7,test,663548,1,0.4783902080924681
BASE_x_R1a_resid,7,test,671705,1,0.39305602922762517
BASE_x_R1a_resid,7,test,675115,1,0.7665702491325852
BASE_x_R1a_resid,7,test,677683,1,0.2809837759021353
BASE_x_R1a_resid,7,test,682303,1,0.7780772092423508
BASE_x_R1a_resid,7,test,682914,1,0.7113665148857707
BASE_x_R1a_resid,7,test,687171,1,0.4590217569309301
BASE_x_R1a_resid,7,test,690019,0,0.5888358514180738
BASE_x_R1a_resid,7,test,693326,1,0.7041293123830744
BASE_x_R1a_resid,7,test,697961,1,0.879927507603466
BASE_x_R1a_resid,7,test,698579,1,0.855231668414367
BASE_x_R1a_resid,7,test,699877,0,0.5586854553283436
BASE_x_R1a_resid,7,test,700550,1,0.6168523453542116
BASE_x_R1a_resid,7,test,703048,0,0.8182971913427943
BASE_x_R1a_resid,7,test,708388,1,0.6887390670283655
BASE_x_R1a_resid,7,test,713883,1,0.34087949102668047
BASE_x_R1a_resid,7,test,719188,1,0.8082759660620294
BASE_x_R1a_resid,7,test,719786,0,0.35450882156922225
BASE_x_R1a_resid,7,test,728929,1,0.439747098663476
BASE_x_R1a_resid,7,test,731117,1,0.7200638865460255
BASE_x_R1a_resid,7,test,738172,0,0.43120319969242593
BASE_x_R1a_resid,7,test,740484,0,0.536041489218392
BASE_x_R1a_resid,7,test,743121,1,0.7204582290531263
BASE_x_R1a_resid,7,test,743852,1,0.5200485469452983
BASE_x_R1a_resid,7,test,749211,0,0.3743608266775232
BASE_x_R1a_resid,7,test,750881,0,0.47611720836209565
BASE_x_R1a_resid,7,test,760356,1,0.363914582041499
BASE_x_R1a_resid,7,test,761089,0,0.4420492905367267
BASE_x_R1a_resid,7,test,763893,0,0.4646612713195621
BASE_x_R1a_resid,7,test,767236,0,0.7103600114259876
BASE_x_R1a_resid,7,test,771927,1,0.8081385383027437
BASE_x_R1a_resid,7,test,777118,1,0.73430469018534
BASE_x_R1a_resid,7,test,780355,1,0.7006097355062748
BASE_x_R1a_resid,7,test,782509,1,0.5893110125316773
BASE_x_R1a_resid,7,test,783025,1,0.701775114650367
BASE_x_R1a_resid,7,test,783835,0,0.45005291633265626
BASE_x_R1a_resid,7,test,803606,1,0.5855700456573067
BASE_x_R1a_resid,7,test,806887,0,0.5542973309884103
BASE_x_R1a_resid,7,test,809238,0,0.7920947638059885
BASE_x_R1a_resid,7,test,811782,0,0.4952957969156867
BASE_x_R1a_resid,7,test,818099,0,0.5863440084628071
BASE_x_R1a_resid,7,test,818267,1,0.7617648860671291
BASE_x_R1a_resid,7,test,820530,1,0.5994627517794243
BASE_x_R1a_resid,7,test,823546,0,0.6474524827969297
BASE_x_R1a_resid,7,test,826631,0,0.2717857086037905
BASE_x_R1a_resid,7,test,829951,1,0.5572995529480691
BASE_x_R1a_resid,7,test,831720,0,0.4856436941166422
BASE_x_R1a_resid,7,test,835135,1,0.7146211101872744
BASE_x_R1a_resid,7,test,835716,0,0.5364284564045536
BASE_x_R1a_resid,7,test,836931,1,0.6053294003058171
BASE_x_R1a_resid,7,test,848998,0,0.667803759098753
BASE_x_R1a_resid,7,test,851639,1,0.6049111077520366
BASE_x_R1a_resid,7,test,853023,1,0.7008743322036959
BASE_x_R1a_resid,7,test,858119,0,0.6352383702672987
BASE_x_R1a_resid,7,test,859109,1,0.7108861665779986
BASE_x_R1a_resid,7,test,859236,0,0.3087140756214202
BASE_x_R1a_resid,7,test,860381,0,0.3734124397649166
BASE_x_R1a_resid,7,test,868368,1,0.4616447461308166
BASE_x_R1a_resid,7,test,869519,1,0.2405870629621083
BASE_x_R1a_resid,7,test,870739,1,0.661806092197737
BASE_x_R1a_resid,7,test,885157,1,0.7342100325002826
BASE_x_R1a_resid,7,test,888443,0,0.14009628469456165
BASE_x_R1a_resid,7,test,899067,0,0.22768864118787435
BASE_x_R1a_resid,7,test,900957,1,0.8977846893453405
BASE_x_R1a_resid,7,test,941393,0,0.6348766471473086
BASE_x_R1a_resid,7,test,944315,0,0.5862371900602026
BASE_x_R1a_resid,7,test,951246,0,0.16399630101775764
BASE_x_R1a_resid,7,test,951659,1,0.7985295925078673
BASE_x_R1a_resid,7,test,951846,0,0.30998695140791527
BASE_x_R1a_resid,7,test,958048,1,0.6331344490086568
BASE_x_R1a_resid,7,test,959771,1,0.9109212233339599
BASE_x_R1a_resid,7,test,963182,1,0.5861433326531968
BASE_x_R1a_resid,7,test,963985,1,0.7438809291215973
BASE_x_R1a_resid,7,test,966701,0,0.7512419226181136
BASE_x_R1a_resid,7,test,970382,1,0.8629698169702955
BASE_x_R1a_resid,7,test,970464,1,0.5239712482320986
BASE_x_R1a_resid,7,test,972111,0,0.5131715474589841
BASE_x_R1a_resid,7,test,976220,1,0.7448951600702022
BASE_x_R1a_resid,7,test,976735,1,0.3072296561521736
BASE_x_R1a_resid,7,test,977714,1,0.7746801769009681
BASE_x_R1a_resid,7,test,984395,1,0.3941822904988244
BASE_x_R1a_resid,7,test,984568,1,0.478912173741564
BASE_x_R1a_resid,7,test,986829,1,0.6745061078013563
BASE_x_R1a_resid,7,test,990528,0,0.561344863434714
BASE_x_R1a_resid,7,test,991060,1,0.8269421458984945
BASE_x_R1a_resid,7,test,991197,0,0.7852088010210991
BASE_x_R1a_resid,7,test,994895,1,0.7868143851772007
BASE_x_R1a_resid,7,test,996219,0,0.46631130595446857
BASE_x_R1a_resid,7,test,999836,1,0.812929214448798
BASE_x_R1a_resid,7,test,1002439,1,0.60457402069697
BASE_x_R1a_resid,7,test,1002906,0,0.6031614558740348
BASE_x_R1a_resid,7,test,1007013,1,0.5618886042114901
BASE_x_R1a_resid,7,test,1007757,1,0.3390134410159535
BASE_x_R1a_resid,7,test,1021541,1,0.39707510895674164
BASE_x_R1a_resid,7,test,1029192,1,0.7703140712233857
BASE_x_R1a_resid,7,test,1029373,1,0.5265373624665325
BASE_x_R1a_resid,7,test,1048580,1,0.8072261236988418
BASE_x_R1a_resid,7,test,1054838,0,0.46481270976445943
BASE_x_R1a_resid,7,test,1061350,0,0.5044620452207296
BASE_x_R1a_resid,7,test,1067406,1,0.48901925998761464
BASE_x_R1a_resid,7,test,1067518,1,0.6652994238550705
BASE_x_R1a_resid,7,test,1068119,1,0.5755222685766737
BASE_x_R1a_resid,7,test,1069003,0,0.542146314324162
BASE_x_R1a_resid,7,test,1071049,1,0.5353916178525828
BASE_x_R1a_resid,7,test,1071527,1,0.6875261646205799
BASE_x_R1a_resid,7,test,1071949,1,0.6990047279474174
BASE_x_R1a_resid,7,test,1072850,1,0.8082098815752929
BASE_x_R1a_resid,7,test,1073232,0,0.6068632454391449
BASE_x_R1a_resid,7,test,1073751,1,0.6531444971658783
BASE_x_R1a_resid,7,test,1074306,1,0.6026752693938492
BASE_x_R1a_resid,7,test,1074618,1,0.5676031783435145
BASE_x_R1a_resid,7,test,1076650,1,0.7247516759493707
BASE_x_R1a_resid,7,test,1076995,0,0.6266051861227373
BASE_x_R1a_resid,7,test,1077371,0,0.23358769083744726
BASE_x_R1a_resid,7,test,1077703,1,0.6827180634718105
BASE_x_R1a_resid,7,test,1078893,0,0.4073410137567698
BASE_x_R1a_resid,7,test,1079527,1,0.4608885694563773
BASE_x_R1a_resid,7,test,1079540,0,0.5354910859468265
BASE_x_R1a_resid,7,test,1082670,1,0.8610469261198058
BASE_x_R1a_resid,7,test,1082847,1,0.6653751173119311
BASE_x_R1a_resid,7,test,1084267,1,0.717114353970179
BASE_x_R1a_resid,7,test,1084630,1,0.7499502769097808
BASE_x_R1a_resid,7,test,1085697,0,0.636350576067019
BASE_x_R1a_resid,7,test,1086158,0,0.431004496432543
BASE_x_R1a_resid,7,test,1086528,0,0.5119810004032371
BASE_x_R1a_resid,7,test,1091111,1,0.44056158196429984
BASE_x_R1a_resid,7,test,1092848,1,0.6627259721723832
BASE_x_R1a_resid,7,test,1092889,1,0.7233571740142274
BASE_x_R1a_resid,7,test,1093742,1,0.7325091124592165
BASE_x_R1a_resid,7,test,1093743,0,0.20593616819603
BASE_x_R1a_resid,7,test,1094030,1,0.8256527907073249
BASE_x_R1a_resid,7,test,1095404,1,0.772334708849864
BASE_x_R1a_resid,7,test,1095415,1,0.6780073834011351
BASE_x_R1a_resid,7,test,1096586,0,0.1695768854148074
BASE_x_R1a_resid,7,test,1097316,1,0.634181619330081
BASE_x_R1a_resid,7,test,1098043,0,0.7537659080087071
BASE_x_R1a_resid,7,test,1099159,1,0.8028071022666703
BASE_x_R1a_resid,7,test,1099234,1,0.7034836270548206
BASE_x_R1a_resid,7,test,1099660,1,0.6929723760742266
BASE_x_R1a_resid,7,test,1100624,1,0.7426186398634025
BASE_x_R1a_resid,7,test,1101062,0,0.5549459004519234
BASE_x_R1a_resid,7,test,1102060,1,0.8926861544661743
BASE_x_R1a_resid,7,test,1102314,1,0.7070213935393267
BASE_x_R1a_resid,7,test,1104438,1,0.6438619533555596
BASE_x_R1a_resid,7,test,1105241,0,0.4753176006142694
BASE_x_R1a_resid,7,test,1105431,1,0.7060769349139271
BASE_x_R1a_resid,7,test,1105510,1,0.7587940718557953
BASE_x_R1a_resid,7,test,1105913,1,0.7364195411174809
BASE_x_R1a_resid,7,test,1106738,1,0.7621924406945184
BASE_x_R1a_resid,7,test,1106784,1,0.6461138147175299
BASE_x_R1a_resid,7,test,1108706,1,0.6524917551325907
BASE_x_R1a_resid,7,test,1109829,1,0.7409151155376352
BASE_x_R1a_resid,7,test,1109983,1,0.8664836525153619
BASE_x_R1a_resid,7,test,1111098,1,0.3903814731404378
BASE_x_R1a_resid,7,test,1112111,1,0.42908630168303363
BASE_x_R1a_resid,7,test,1112238,1,0.5393489402710907
BASE_x_R1a_resid,7,test,1112425,1,0.48182150396994705
BASE_x_R1a_resid,7,test,1113294,1,0.6801869626740411
BASE_x_R1a_resid,7,test,1113606,1,0.7808618350450501
BASE_x_R1a_resid,7,test,1114319,0,0.41749617095544633
BASE_x_R1a_resid,7,test,1115212,1,0.5159339967096525
BASE_x_R1a_resid,7,test,1115316,1,0.7724717950189298
BASE_x_R1a_resid,7,test,1115713,1,0.5815164484936637
BASE_x_R1a_resid,7,test,1116479,0,0.7527822458066616
BASE_x_R1a_resid,7,test,1116516,0,0.5231726810207022
BASE_x_R1a_resid,7,test,1116926,1,0.8136771563186987
BASE_x_R1a_resid,7,test,1117243,1,0.7805120143900437
BASE_x_R1a_resid,7,test,1117869,1,0.7558759644514572
BASE_x_R1a_resid,7,test,1118436,1,0.8256164817547176
BASE_x_R1a_resid,7,test,1118652,0,0.16609165604011403
BASE_x_R1a_resid,7,test,1118773,0,0.2600015550155685
BASE_x_R1a_resid,7,test,1118849,1,0.7036564495788881
BASE_x_R1a_resid,7,test,1119067,1,0.7781254351885196
BASE_x_R1a_resid,7,test,1119508,0,0.6692105165084088
BASE_x_R1a_resid,7,test,1119526,1,0.3787443276197635
BASE_x_R1a_resid,7,test,1119905,1,0.5179404427061756
BASE_x_R1a_resid,7,test,1120775,1,0.37671133239332305
BASE_x_R1a_resid,7,test,1120836,1,0.8660261939567117
BASE_x_R1a_resid,7,test,1121493,0,0.20155987196145164
BASE_x_R1a_resid,7,test,1121914,1,0.7943019160194563
BASE_x_R1a_resid,7,test,1121926,1,0.550585259840958
BASE_x_R1a_resid,7,test,1122185,1,0.5143513519372198
BASE_x_R1a_resid,7,test,1122760,0,0.1936168582051188
BASE_x_R1a_resid,7,test,1123015,0,0.750008909226866
BASE_x_R1a_resid,7,test,1123435,1,0.524281414198699
BASE_x_R1a_resid,7,test,1123484,0,0.4490221576371561
BASE_x_R1a_resid,7,test,1123500,1,0.5951082436814026
BASE_x_R1a_resid,7,test,1123989,1,0.5227823779985428
BASE_x_R1a_resid,7,test,1124095,1,0.6363003285500634
BASE_x_R1a_resid,7,test,1124468,1,0.5755451012462706
BASE_x_R1a_resid,7,test,1124484,0,0.17634189888997565
BASE_x_R1a_resid,7,test,1124495,1,0.58641939446294
BASE_x_R1a_resid,7,test,1125163,1,0.3618637868517076
BASE_x_R1a_resid,7,test,1125189,0,0.37367957396495066
BASE_x_R1a_resid,7,test,1125442,1,0.8280708837297464
BASE_x_R1a_resid,7,test,1125899,1,0.4747681072183273
BASE_x_R1a_resid,7,test,1126146,0,0.2532190399080207
BASE_x_R1a_resid,7,test,1126637,0,0.7135158120729517
BASE_x_R1a_resid,7,test,1127233,0,0.6246724530862362
BASE_x_R1a_resid,7,test,1127820,1,0.7148280039770222
BASE_x_R1a_resid,7,test,1128028,1,0.6255706782245543
BASE_x_R1a_resid,7,test,1128467,1,0.5970685224997834
BASE_x_R1a_resid,7,test,1129979,1,0.6741264460592262
BASE_x_R1a_resid,7,test,1130043,1,0.46830669457120755
BASE_x_R1a_resid,7,test,1130697,1,0.8282630492505649
BASE_x_R1a_resid,7,test,1131386,1,0.5623916992658002
BASE_x_R1a_resid,7,test,1131831,1,0.6851078386804487
BASE_x_R1a_resid,7,test,1132286,0,0.6704217207059466
BASE_x_R1a_resid,7,test,1132536,0,0.628726452481898
BASE_x_R1a_resid,7,test,1132874,1,0.8937680664722264
BASE_x_R1a_resid,7,test,1133028,1,0.4517764335301234
BASE_x_R1a_resid,7,test,1133211,1,0.26403657693279436
BASE_x_R1a_resid,7,test,1133467,1,0.6601179174947618
BASE_x_R1a_resid,7,test,1133778,1,0.9590976119871211
BASE_x_R1a_resid,7,test,1134855,0,0.2081714543199933
BASE_x_R1a_resid,7,test,1135004,0,0.7030274543116452
BASE_x_R1a_resid,7,test,1135241,0,0.6344986905317649
BASE_x_R1a_resid,7,test,1135626,1,0.5390660392438087
BASE_x_R1a_resid,7,test,1136569,0,0.21340501012298932
BASE_x_R1a_resid,7,test,1136675,1,0.5191544593471031
BASE_x_R1a_resid,7,test,1136723,0,0.18273620528836132
BASE_x_R1a_resid,7,test,1136946,0,0.2796596571926839
BASE_x_R1a_resid,7,test,1137897,1,0.6382016300911773
BASE_x_R1a_resid,7,test,1137968,0,0.43274032747407953
BASE_x_R1a_resid,7,test,1138321,1,0.7500615021960919
BASE_x_R1a_resid,7,test,1139249,1,0.1678111015589723
BASE_x_R1a_resid,7,test,1139587,1,0.764915434159803
BASE_x_R1a_resid,7,test,1139688,1,0.6436892393783252
BASE_x_R1a_resid,7,test,1141311,0,0.8111193450225265
BASE_x_R1a_resid,7,test,1142031,1,0.6510079077358334
BASE_x_R1a_resid,7,test,1142051,1,0.6090755442052036
BASE_x_R1a_resid,7,test,1142355,0,0.3456705900442409
BASE_x_R1a_resid,7,test,1142724,0,0.5040158153207015
BASE_x_R1a_resid,7,test,1143113,1,0.6494633346330864
BASE_x_R1a_resid,7,test,1143550,1,0.8022472656009897
BASE_x_R1a_resid,7,test,1144028,0,0.5153600381259811
BASE_x_R1a_resid,7,test,1144792,0,0.48367043822667677
BASE_x_R1a_resid,7,test,1146108,0,0.26704596924109325
BASE_x_R1a_resid,7,test,1146488,0,0.5915146779770953
BASE_x_R1a_resid,7,test,1147525,1,0.7672326354744418
BASE_x_R1a_resid,7,test,1149201,1,0.19224695663265265
BASE_x_R1a_resid,7,test,1149825,1,0.5525282687851003
BASE_x_R1a_resid,7,test,1150400,1,0.4323544050087522
BASE_x_R1a_resid,7,test,1150490,1,0.6301575635816574
BASE_x_R1a_resid,7,test,1151486,1,0.7617534207313504
BASE_x_R1a_resid,7,test,1153399,1,0.670659916534575
BASE_x_R1a_resid,7,test,1153516,0,0.2724828940745413
BASE_x_R1a_resid,7,test,1153690,1,0.932531667209361
BASE_x_R1a_resid,7,test,1153779,1,0.5179170466000907
BASE_x_R1a_resid,7,test,1154492,1,0.4023581575507979
BASE_x_R1a_resid,7,test,1154576,1,0.3072079288482252
BASE_x_R1a_resid,7,test,1154652,0,0.36943656680063597
BASE_x_R1a_resid,7,test,1154693,0,0.8006064795698445
BASE_x_R1a_resid,7,test,1156023,1,0.38925333202893525
BASE_x_R1a_resid,7,test,1156904,1,0.45113330619659797
BASE_x_R1a_resid,7,test,1157238,0,0.517994393681402
BASE_x_R1a_resid,7,test,1157284,0,0.614814387582003
BASE_x_R1a_resid,7,test,1157440,0,0.5559964169442471
BASE_x_R1a_resid,7,test,1205937,0,0.23412148228580576
BASE_x_R1a_resid,7,test,1206184,1,0.40247120161782024
BASE_x_R1a_resid,7,test,1206310,1,0.39284846701388104
BASE_x_R1a_resid,7,test,1206411,1,0.7939283677646162
BASE_x_R1a_resid,7,test,1206652,1,0.8364768604272612
BASE_x_R1a_resid,7,test,1207434,1,0.41326304809225795
BASE_x_R1a_resid,7,test,1207435,1,0.8281681565375149
BASE_x_R1a_resid,7,test,1208422,1,0.5333848807563709
BASE_x_R1a_resid,7,test,1209699,0,0.4797810102389921
BASE_x_R1a_resid,7,test,1209935,0,0.2560951070465706
BASE_x_R1a_resid,7,test,1210639,1,0.7623699393157402
BASE_x_R1a_resid,7,test,1210663,1,0.5551387411584559
BASE_x_R1a_resid,7,test,1210781,0,0.658941226601749
BASE_x_R1a_resid,7,test,1211001,1,0.8005271871776156
BASE_x_R1a_resid,7,test,1211297,1,0.5829261725138218
BASE_x_R1a_resid,7,test,1211380,1,0.3709588669719801
BASE_x_R1a_resid,7,test,1211740,1,0.7372247770069937
BASE_x_R1a_resid,7,test,1211895,1,0.8337437883705572
BASE_x_R1a_resid,7,test,1212278,0,0.6466676012505519
BASE_x_R1a_resid,7,test,1212394,1,0.3821050687413438
BASE_x_R1a_resid,7,test,1212601,1,0.41365147127383833
BASE_x_R1a_resid,7,test,1213121,1,0.26914307479456145
BASE_x_R1a_resid,7,test,1213344,1,0.276167006494245
BASE_x_R1a_resid,7,test,1213526,1,0.7801110431013772
BASE_x_R1a_resid,7,test,1213631,0,0.5347863669219033
BASE_x_R1a_resid,7,test,1213667,0,0.28041688861252523
BASE_x_R1a_resid,7,test,1213716,1,0.7547114393587323
BASE_x_R1a_resid,7,test,1214063,1,0.49966457836113093
BASE_x_R1a_resid,7,test,1214739,0,0.5211753127820113
BASE_x_R1a_resid,7,test,1214861,1,0.9287082788241507
BASE_x_R1a_resid,7,test,1215420,1,0.635174620951774
BASE_x_R1a_resid,7,test,1215452,0,0.36023377433523196
BASE_x_R1a_resid,7,test,1216045,1,0.8279535848504467
BASE_x_R1a_resid,7,test,1216076,1,0.6998908408191652
BASE_x_R1a_resid,7,test,1216293,1,0.626466656484652
BASE_x_R1a_resid,7,test,1217051,1,0.6293530801036858
BASE_x_R1a_resid,7,test,1217415,1,0.7768711171492257
BASE_x_R1a_resid,7,test,1217724,0,0.4734165861165106
BASE_x_R1a_resid,7,test,1218288,1,0.4019886329917115
BASE_x_R1a_resid,7,test,1218335,1,0.7756624385771315
BASE_x_R1a_resid,7,test,1218726,1,0.5330136232907595
BASE_x_R1a_resid,7,test,1219301,0,0.585549383551506
BASE_x_R1a_resid,7,test,1219597,0,0.51505149297993
BASE_x_R1a_resid,7,test,1219620,0,0.483755938635775
BASE_x_R1a_resid,7,test,1219751,1,0.46836890513062024
BASE_x_R1a_resid,7,test,1219802,1,0.7849188881689851
BASE_x_R1a_resid,7,test,1219935,1,0.7728543376371053
BASE_x_R1a_resid,7,test,1220156,0,0.46390144184704046
BASE_x_R1a_resid,7,test,1220206,0,0.2548363247173209
BASE_x_R1a_resid,7,test,1220507,0,0.6131318466189348
BASE_x_R1a_resid,7,test,1220832,0,0.6050212419819382
BASE_x_R1a_resid,7,test,1220833,1,0.7476907014021184
BASE_x_R1a_resid,7,test,1220959,1,0.7127280759466312
BASE_x_R1a_resid,7,test,1220988,0,0.22726288440173698
BASE_x_R1a_resid,7,test,1221019,0,0.5882131717245084
BASE_x_R1a_resid,7,test,1221268,1,0.5607816507458291
BASE_x_R1a_resid,7,test,1221554,0,0.6985613264669245
BASE_x_R1a_resid,7,test,1221640,0,0.4851914839201415
BASE_x_R1a_resid,7,test,1221883,0,0.3946438042438516
BASE_x_R1a_resid,7,test,1222069,1,0.7222066483387156
BASE_x_R1a_resid,7,test,1222711,1,0.4457304142115548
BASE_x_R1a_resid,7,test,1222907,1,0.735870339874571
BASE_x_R1a_resid,7,test,1222988,1,0.7769736903368684
BASE_x_R1a_resid,7,test,1223383,1,0.6839466574544253
BASE_x_R1a_resid,7,test,1224094,0,0.1715053550853027
BASE_x_R1a_resid,7,test,1224519,1,0.5999870377827219
BASE_x_R1a_resid,7,test,1224568,1,0.4856485583431936
BASE_x_R1a_resid,7,test,1224767,0,0.5405853917903523
BASE_x_R1a_resid,7,test,1225050,0,0.36892953599365447
BASE_x_R1a_resid,7,test,1225262,1,0.7457562072225827
BASE_x_R1a_resid,7,test,1225388,0,0.6324006797132984
BASE_x_R1a_resid,7,test,1225493,0,0.34827892218551215
BASE_x_R1a_resid,7,test,1225635,1,0.7887530164720121
BASE_x_R1a_resid,7,test,1225672,1,0.6988512137894807
BASE_x_R1a_resid,7,test,1225914,0,0.4241628431968046
BASE_x_R1a_resid,7,test,1226794,0,0.26822677676129436
BASE_x_R1a_resid,7,test,1227138,0,0.2485244715497917
BASE_x_R1a_resid,7,test,1227195,1,0.8970771188982465
BASE_x_R1a_resid,7,test,1227414,0,0.669251317575213
BASE_x_R1a_resid,7,test,1227597,0,0.44254096867421283
BASE_x_R1a_resid,7,test,1227900,1,0.45237501398028157
BASE_x_R1a_resid,7,test,1228050,0,0.24338734675803272
BASE_x_R1a_resid,7,test,1228824,1,0.48469663307943384
BASE_x_R1a_resid,7,test,1230384,0,0.5350166980507173
BASE_x_R1a_resid,7,test,1230574,0,0.6754930451139923
BASE_x_R1a_resid,7,test,1231114,1,0.8694495728847933
BASE_x_R1a_resid,7,test,1231250,1,0.7427525732294546
BASE_x_R1a_resid,7,test,1231638,1,0.784880238324526
BASE_x_R1a_resid,7,test,1232028,0,0.2926247425172471
BASE_x_R1a_resid,7,test,1232062,0,0.26146517426850924
BASE_x_R1a_resid,7,test,1232273,1,0.6393359742953804
BASE_x_R1a_resid,7,test,1232478,1,0.8108581197204365
BASE_x_R1a_resid,7,test,1233084,1,0.6430026587894726
BASE_x_R1a_resid,7,test,1233203,1,0.6012862501417621
BASE_x_R1a_resid,7,test,1233618,0,0.6385760611970185
BASE_x_R1a_resid,7,test,1233777,1,0.7070699255999096
BASE_x_R1a_resid,7,test,1233783,1,0.8213497456216783
BASE_x_R1a_resid,7,test,1233879,0,0.46483700234814257
BASE_x_R1a_resid,7,test,1234275,1,0.5744607084407682
BASE_x_R1a_resid,7,test,1234413,1,0.3410647826998185
BASE_x_R1a_resid,7,test,1234461,1,0.7487857883896354
BASE_x_R1a_resid,7,test,1234703,1,0.7531496736770383
BASE_x_R1a_resid,7,test,1234862,0,0.4985563590199598
BASE_x_R1a_resid,7,test,1234875,1,0.8434938260160213
BASE_x_R1a_resid,7,test,1235217,0,0.5993790100886898
BASE_x_R1a_resid,7,test,1235650,0,0.6466012568277755
BASE_x_R1a_resid,7,test,1235714,1,0.6780854715321142
BASE_x_R1a_resid,7,test,1236063,0,0.7565650008858045
BASE_x_R1a_resid,7,test,1236656,0,0.3965423955910729
BASE_x_R1a_resid,7,test,1236751,1,0.5330510946365401
BASE_x_R1a_resid,7,test,1237033,1,0.5493052952517717
BASE_x_R1a_resid,7,test,1237241,1,0.5976530969658783
BASE_x_R1a_resid,7,test,1237352,1,0.30646208735885855
BASE_x_R1a_resid,7,test,1237491,1,0.8435862361060928
BASE_x_R1a_resid,7,test,1237508,1,0.5332500169518513
BASE_x_R1a_resid,7,test,1237716,0,0.33653294452598365
BASE_x_R1a_resid,7,test,1237822,1,0.8535958774280625
BASE_x_R1a_resid,7,test,1237832,1,0.5702687938220049
BASE_x_R1a_resid,7,test,1237956,0,0.3859835347873279
BASE_x_R1a_resid,7,test,1238001,0,0.6100833568393104
BASE_x_R1a_resid,7,test,1238156,1,0.750691635843171
BASE_x_R1a_resid,7,test,1238174,1,0.5858857064511737
BASE_x_R1a_resid,7,test,1238497,1,0.45254588865111667
BASE_x_R1a_resid,7,test,1238501,0,0.46915074872385076
BASE_x_R1a_resid,7,test,1238523,1,0.6580546842652276
BASE_x_R1a_resid,7,test,1238835,1,0.8509900439059724
BASE_x_R1a_resid,7,test,1238999,1,0.40923807060732287
BASE_x_R1a_resid,7,test,1239099,0,0.744023484801764
BASE_x_R1a_resid,7,test,1239148,0,0.24673147934828818
BASE_x_R1a_resid,7,test,1239693,0,0.47708606773127066
BASE_x_R1a_resid,7,test,1239701,0,0.6789888471648082
BASE_x_R1a_resid,7,test,1239881,1,0.6245261090378649
BASE_x_R1a_resid,7,test,1239936,0,0.5382372512819221
BASE_x_R1a_resid,7,test,1240143,1,0.5958132745703747
BASE_x_R1a_resid,7,test,1240282,0,0.42824543876753784
BASE_x_R1a_resid,7,test,1240423,1,0.7655800948608669
BASE_x_R1a_resid,7,test,1240598,1,0.6991680478468705
BASE_x_R1a_resid,7,test,1240710,1,0.59933092921187
BASE_x_R1a_resid,7,test,1240769,0,0.6378436512394517
BASE_x_R1a_resid,7,test,1240926,1,0.8426988665267734
BASE_x_R1a_resid,7,test,1241018,1,0.6309582856199358
BASE_x_R1a_resid,7,test,1241090,0,0.3108438843378929
BASE_x_R1a_resid,7,test,1241318,1,0.33630527291164136
BASE_x_R1a_resid,7,test,1241625,0,0.7213052087377869
BASE_x_R1a_resid,7,test,1241779,1,0.5984022542912081
BASE_x_R1a_resid,7,test,1241954,1,0.6348249634077756
BASE_x_R1a_resid,7,test,1242264,0,0.4763500810161216
BASE_x_R1a_resid,7,test,1242424,1,0.767816220217779
BASE_x_R1a_resid,7,test,1242755,0,0.5447872919581542
BASE_x_R1a_resid,7,test,1242835,1,0.6853737313522261
BASE_x_R1a_resid,7,test,1243018,1,0.46674202617284366
BASE_x_R1a_resid,7,test,1243427,1,0.35836623575212306
BASE_x_R1a_resid,7,test,1243582,0,0.27961073580486084
BASE_x_R1a_resid,7,test,1243802,0,0.7741334291725286
BASE_x_R1a_resid,7,test,1246490,1,0.7659564637125587
BASE,8,test,4993,1,0.5653203279776466
BASE,8,test,13412,1,0.526456403878964
BASE,8,test,28836,1,0.5521047388218975
BASE,8,test,31934,1,0.4715790857235686
BASE,8,test,34146,1,0.5065842318246938
BASE,8,test,34233,0,0.4568547327977126
BASE,8,test,36502,0,0.3258077503911304
BASE,8,test,42331,1,0.8669323147545944
BASE,8,test,42858,0,0.40349877380138194
BASE,8,test,47652,1,0.904460790084439
BASE,8,test,48545,0,0.23088329347953196
BASE,8,test,52327,1,0.8131464077445775
BASE,8,test,52433,1,0.7021099833430697
BASE,8,test,56635,0,0.37854798198328304
BASE,8,test,58630,1,0.6090896287591897
BASE,8,test,60519,1,0.72500728857893
BASE,8,test,61752,1,0.8026822333668429
BASE,8,test,66226,1,0.6595707341360071
BASE,8,test,70147,0,0.6337638372813699
BASE,8,test,75558,1,0.4702301132112253
BASE,8,test,86310,1,0.6890627232653158
BASE,8,test,86840,1,0.5204155689047298
BASE,8,test,90722,1,0.7519879827221113
BASE,8,test,91249,1,0.444810184544517
BASE,8,test,95082,1,0.865152924486716
BASE,8,test,99452,0,0.36935458790213493
BASE,8,test,112047,1,0.7241712855677638
BASE,8,test,121204,0,0.764296782718932
BASE,8,test,121744,1,0.614970768083522
BASE,8,test,128956,1,0.8537501567642309
BASE,8,test,136645,1,0.6750595142568041
BASE,8,test,143353,1,0.6705252049944244
BASE,8,test,143454,0,0.7256955247768445
BASE,8,test,144703,1,0.7315016956993975
BASE,8,test,147982,1,0.5634524963595982
BASE,8,test,160197,1,0.46265254095789227
BASE,8,test,160524,0,0.29368526412373586
BASE,8,test,164362,1,0.45586289923790113
BASE,8,test,167183,1,0.5961671915492818
BASE,8,test,171896,1,0.7092463070306203
BASE,8,test,172578,1,0.7373914358936753
BASE,8,test,174626,1,0.6852835319639385
BASE,8,test,177730,1,0.5856518102900324
BASE,8,test,180933,1,0.4970881424255673
BASE,8,test,184874,1,0.6375469058987907
BASE,8,test,188271,1,0.7076419821032541
BASE,8,test,193149,0,0.8795765822711443
BASE,8,test,196058,1,0.6607261947920924
BASE,8,test,199037,1,0.46150969492708055
BASE,8,test,199177,0,0.3130320476794333
BASE,8,test,203211,0,0.362956470570075
BASE,8,test,219309,1,0.597291674663242
BASE,8,test,223585,1,0.5554331795547821
BASE,8,test,232490,0,0.471889443341748
BASE,8,test,240229,0,0.28527576581277747
BASE,8,test,270608,0,0.5320778071799669
BASE,8,test,272772,1,0.8057854908223686
BASE,8,test,273148,1,0.8172055053395814
BASE,8,test,273826,1,0.6050115714515192
BASE,8,test,274179,0,0.6872014449871742
BASE,8,test,274345,0,0.2057829004409456
BASE,8,test,275744,1,0.42727475064234816
BASE,8,test,278485,0,0.22767958176198794
BASE,8,test,289992,1,0.8606956477457917
BASE,8,test,292872,0,0.3560604614388845
BASE,8,test,293922,0,0.6798632852549769
BASE,8,test,297187,0,0.5729773278985801
BASE,8,test,297709,0,0.28917191967757927
BASE,8,test,298252,0,0.0678466402310533
BASE,8,test,298561,1,0.7767589420673814
BASE,8,test,304753,1,0.793772517514083
BASE,8,test,310464,1,0.5418425323182088
BASE,8,test,316099,0,0.3743991177500511
BASE,8,test,319549,1,0.6349569815094823
BASE,8,test,320374,0,0.4737234068405427
BASE,8,test,323320,0,0.46645709551732056
BASE,8,test,323797,0,0.49507167407793246
BASE,8,test,330071,0,0.6238990272227871
BASE,8,test,332959,0,0.39760171100400404
BASE,8,test,334461,1,0.2549192010419691
BASE,8,test,336907,0,0.5023717705141704
BASE,8,test,337710,1,0.5460141984237766
BASE,8,test,339319,1,0.8126769868005985
BASE,8,test,348988,1,0.8327672445210116
BASE,8,test,358239,1,0.8614095611198735
BASE,8,test,359014,0,0.551479432107121
BASE,8,test,360745,1,0.5604624345811048
BASE,8,test,366082,1,0.7373904749648831
BASE,8,test,366344,0,0.758549756723927
BASE,8,test,367930,1,0.4918720353000056
BASE,8,test,383626,1,0.7658505735047422
BASE,8,test,384429,0,0.5323799101119217
BASE,8,test,400416,0,0.6501697164015474
BASE,8,test,402051,0,0.46691812464204235
BASE,8,test,402349,0,0.3664985983533907
BASE,8,test,402720,1,0.750388411390798
BASE,8,test,403399,0,0.47111718629680077
BASE,8,test,406676,1,0.5462563989238053
BASE,8,test,409579,1,0.5800995726872001
BASE,8,test,409952,1,0.8840212889448607
BASE,8,test,415824,1,0.30467643478160283
BASE,8,test,419138,0,0.3224302964582554
BASE,8,test,420633,1,0.7242952794555526
BASE,8,test,421437,0,0.40391301341175045
BASE,8,test,435249,1,0.771917685490568
BASE,8,test,437766,0,0.3651436884240254
BASE,8,test,438536,0,0.6950614091736029
BASE,8,test,448027,0,0.578781681411977
BASE,8,test,451600,1,0.46549089667209864
BASE,8,test,457179,1,0.9274995646477932
BASE,8,test,464118,0,0.5207263180105227
BASE,8,test,471955,1,0.6988365475435115
BASE,8,test,475921,0,0.5432452904573937
BASE,8,test,480708,1,0.7943316856918256
BASE,8,test,487515,1,0.8047541566184697
BASE,8,test,490630,1,0.38079424172622
BASE,8,test,508244,0,0.19756211128031972
BASE,8,test,510372,1,0.3507783261851221
BASE,8,test,513568,0,0.3067406027473394
BASE,8,test,525262,0,0.6578070861316138
BASE,8,test,525973,0,0.6703809011055948
BASE,8,test,527314,1,0.8040594511862286
BASE,8,test,528647,1,0.7517136944942873
BASE,8,test,536216,1,0.8046511522286153
BASE,8,test,544864,1,0.5219533574861732
BASE,8,test,548749,1,0.7903621937552784
BASE,8,test,550393,1,0.7735398057300098
BASE,8,test,550790,0,0.3628230138074422
BASE,8,test,550892,1,0.7211609778959779
BASE,8,test,553161,0,0.8843412843095356
BASE,8,test,558899,1,0.7528282029278011
BASE,8,test,564394,0,0.3221892845260145
BASE,8,test,565908,0,0.661860095766524
BASE,8,test,568516,0,0.30414818104585056
BASE,8,test,573710,1,0.7370069025306367
BASE,8,test,575730,0,0.37058366690257094
BASE,8,test,581414,1,0.27650791117006346
BASE,8,test,588986,1,0.5784525187352799
BASE,8,test,589233,1,0.7546651727919553
BASE,8,test,589857,0,0.2923352338204276
BASE,8,test,595099,0,0.6793632124986254
BASE,8,test,596051,1,0.6013203956231313
BASE,8,test,596437,0,0.6830901397379487
BASE,8,test,597579,1,0.5322385723616248
BASE,8,test,598165,1,0.43433733759100834
BASE,8,test,612720,1,0.7739247607250509
BASE,8,test,614481,0,0.3891314662004293
BASE,8,test,616172,1,0.5679966174453569
BASE,8,test,620021,0,0.4586653587133692
BASE,8,test,624692,1,0.4643548869468237
BASE,8,test,627556,1,0.8615598727926997
BASE,8,test,631543,1,0.7626593883152492
BASE,8,test,642558,1,0.4999365405060281
BASE,8,test,644299,1,0.6521495006954026
BASE,8,test,646425,1,0.3641567048305131
BASE,8,test,646867,1,0.7677311655140722
BASE,8,test,648107,1,0.8493277176776257
BASE,8,test,654746,1,0.8153482956320234
BASE,8,test,655410,1,0.6979850462945452
BASE,8,test,661193,0,0.6651764303809746
BASE,8,test,665656,1,0.6654026597101504
BASE,8,test,671576,0,0.2725336586059202
BASE,8,test,673052,1,0.7439793266122612
BASE,8,test,675008,1,0.6271240624273177
BASE,8,test,675907,0,0.42772500512895534
BASE,8,test,678199,0,0.38222602368245573
BASE,8,test,680963,0,0.777843271405942
BASE,8,test,686482,1,0.6588164286242615
BASE,8,test,700550,1,0.6352870877370457
BASE,8,test,700558,1,0.7241758420103435
BASE,8,test,702801,0,0.3053685376584008
BASE,8,test,703048,0,0.8126408873289018
BASE,8,test,710774,1,0.23076730047057756
BASE,8,test,711637,1,0.7927646679730368
BASE,8,test,711727,1,0.6121636326739569
BASE,8,test,713883,1,0.33650139597690576
BASE,8,test,714764,0,0.6853416917010862
BASE,8,test,715113,1,0.7791567363729648
BASE,8,test,718508,1,0.748444971403556
BASE,8,test,725514,0,0.49493100583145583
BASE,8,test,726499,0,0.6396872041115776
BASE,8,test,726953,0,0.5204728420984375
BASE,8,test,732388,1,0.3703198533174347
BASE,8,test,739674,0,0.441802505023966
BASE,8,test,743121,1,0.6878970683012545
BASE,8,test,743318,0,0.3157339080050263
BASE,8,test,743380,1,0.36805920902661576
BASE,8,test,746564,0,0.41908061327971324
BASE,8,test,746959,1,0.7171268955127581
BASE,8,test,749211,0,0.46963563052705
BASE,8,test,751827,1,0.7637469802752354
BASE,8,test,752597,0,0.4082997547262574
BASE,8,test,763893,0,0.42031412510682153
BASE,8,test,767066,1,0.6208337999714789
BASE,8,test,781627,1,0.27024238752979074
BASE,8,test,783735,1,0.59031074571261
BASE,8,test,789093,0,0.6028411055449227
BASE,8,test,789824,0,0.27386243496730145
BASE,8,test,803087,0,0.4854520913801268
BASE,8,test,803189,0,0.3368272663935791
BASE,8,test,804052,1,0.8440035552317237
BASE,8,test,806762,0,0.24193129001489783
BASE,8,test,816834,0,0.22849895533296694
BASE,8,test,817995,1,0.7390200282727812
BASE,8,test,820393,1,0.4689361789037784
BASE,8,test,822633,1,0.26560428157251276
BASE,8,test,831454,0,0.19251229406933643
BASE,8,test,841748,1,0.6322175244201759
BASE,8,test,847929,0,0.4398067413073581
BASE,8,test,849472,1,0.842697595694949
BASE,8,test,857521,0,0.35718956623563847
BASE,8,test,859236,0,0.2971400962401249
BASE,8,test,859553,1,0.5663688508708395
BASE,8,test,866317,1,0.9157622321446715
BASE,8,test,866862,0,0.5614786254452089
BASE,8,test,869519,1,0.1726624581363394
BASE,8,test,870371,1,0.6685996819259857
BASE,8,test,878721,0,0.5965771158654463
BASE,8,test,882885,1,0.696969210037181
BASE,8,test,884569,1,0.6573014161561713
BASE,8,test,894409,1,0.5995358466377715
BASE,8,test,896596,1,0.6601598597474247
BASE,8,test,899067,0,0.20332722271211337
BASE,8,test,900957,1,0.8541605773156183
BASE,8,test,929375,1,0.49440995369556034
BASE,8,test,935158,1,0.7511258579578315
BASE,8,test,947168,1,0.7055880174846385
BASE,8,test,951465,0,0.6790554815916146
BASE,8,test,952219,0,0.4542241795725265
BASE,8,test,952566,1,0.6981323084508709
BASE,8,test,952824,1,0.6312441133401192
BASE,8,test,953299,1,0.30170090134762545
BASE,8,test,953656,0,0.7818448444104628
BASE,8,test,954370,1,0.7420616408309795
BASE,8,test,958048,1,0.5688065293112647
BASE,8,test,958416,1,0.6977599082282611
BASE,8,test,959155,0,0.5776340180123032
BASE,8,test,961819,0,0.6381757537949714
BASE,8,test,963540,1,0.6793901435626958
BASE,8,test,967064,1,0.5962975666234157
BASE,8,test,967439,0,0.8240574332441052
BASE,8,test,970464,1,0.6999539450044989
BASE,8,test,975370,0,0.6260570761457442
BASE,8,test,975490,1,0.6888779534211658
BASE,8,test,980697,0,0.6911474218083472
BASE,8,test,982477,0,0.3413980262398891
BASE,8,test,984568,1,0.42171185275195755
BASE,8,test,986271,0,0.3261948239801474
BASE,8,test,991060,1,0.8881444246762689
BASE,8,test,993731,1,0.830053239264192
BASE,8,test,995496,1,0.5475808822627668
BASE,8,test,1000434,1,0.7417668404600236
BASE,8,test,1002373,1,0.8672941915413851
BASE,8,test,1002391,0,0.17543204524122177
BASE,8,test,1005401,1,0.6088287905539002
BASE,8,test,1006451,0,0.6868568490767732
BASE,8,test,1013371,1,0.5084709663931446
BASE,8,test,1043319,0,0.4658396372113149
BASE,8,test,1048580,1,0.8136366053992944
BASE,8,test,1058965,1,0.5269161295324212
BASE,8,test,1063771,0,0.5705631463900689
BASE,8,test,1064130,1,0.6352137408735515
BASE,8,test,1064271,1,0.92214145640231
BASE,8,test,1066734,1,0.7901915772357553
BASE,8,test,1068069,1,0.6948298683286255
BASE,8,test,1068151,0,0.3426792133327899
BASE,8,test,1073471,1,0.8086934752116106
BASE,8,test,1073787,1,0.43837214120393425
BASE,8,test,1074133,1,0.5077455015217209
BASE,8,test,1074312,0,0.5697621927039013
BASE,8,test,1074579,0,0.3231102639779449
BASE,8,test,1075228,1,0.6828337518248159
BASE,8,test,1075404,1,0.8930942263450338
BASE,8,test,1075557,1,0.6136252700594776
BASE,8,test,1075699,1,0.326552029120337
BASE,8,test,1076995,0,0.49751413879003775
BASE,8,test,1077013,1,0.5396429504263375
BASE,8,test,1077187,1,0.7386191631899193
BASE,8,test,1078392,1,0.23447821086159298
BASE,8,test,1080366,1,0.8728646964385579
BASE,8,test,1080609,0,0.5360190022033141
BASE,8,test,1082670,1,0.8588946962893387
BASE,8,test,1084267,1,0.7472024971253326
BASE,8,test,1084373,1,0.6726294432833602
BASE,8,test,1086129,1,0.5819420643306757
BASE,8,test,1087796,0,0.5687204034325969
BASE,8,test,1089175,1,0.8244438232151541
BASE,8,test,1089310,0,0.6345153902887833
BASE,8,test,1090560,1,0.4397151988511678
BASE,8,test,1092437,1,0.8296679638398549
BASE,8,test,1092889,1,0.8273217634069185
BASE,8,test,1092948,1,0.626333104992208
BASE,8,test,1093742,1,0.7191842967535497
BASE,8,test,1093825,1,0.8724396526609587
BASE,8,test,1094441,0,0.710717105779683
BASE,8,test,1094522,1,0.7051669217302513
BASE,8,test,1094558,1,0.7141131513372734
BASE,8,test,1095940,1,0.8800872607872536
BASE,8,test,1096111,1,0.7277866212350743
BASE,8,test,1096586,0,0.1451127663291183
BASE,8,test,1096858,1,0.8237591870088155
BASE,8,test,1098420,0,0.23924232684240374
BASE,8,test,1099234,1,0.7666067333615194
BASE,8,test,1100516,0,0.43044815182377055
BASE,8,test,1102873,1,0.6035965828559323
BASE,8,test,1103063,0,0.5723479035474053
BASE,8,test,1103930,1,0.8433534186813368
BASE,8,test,1104012,1,0.8098314189568314
BASE,8,test,1104038,1,0.8813484777149089
BASE,8,test,1104113,1,0.7243281563256719
BASE,8,test,1104405,1,0.8258484031288686
BASE,8,test,1105614,0,0.15067978271433297
BASE,8,test,1105715,1,0.45367478949063667
BASE,8,test,1106213,0,0.6419052231480107
BASE,8,test,1106596,0,0.6145124950049398
BASE,8,test,1106632,0,0.3614103504420559
BASE,8,test,1107056,1,0.42215621604566705
BASE,8,test,1107575,0,0.6912114676343886
BASE,8,test,1108050,1,0.8491835647304299
BASE,8,test,1109030,1,0.763318438584101
BASE,8,test,1109275,1,0.9082034506932517
BASE,8,test,1109280,1,0.7832655762489743
BASE,8,test,1109411,0,0.6034194477421839
BASE,8,test,1109506,1,0.8374345614884937
BASE,8,test,1109765,1,0.6994567417531441
BASE,8,test,1110061,1,0.760532534564364
BASE,8,test,1111123,1,0.438045916717688
BASE,8,test,1111153,0,0.6568140970372763
BASE,8,test,1112238,1,0.3911035408202423
BASE,8,test,1112306,1,0.5468261360361457
BASE,8,test,1112461,0,0.6045029640078722
BASE,8,test,1113098,1,0.567455258472251
BASE,8,test,1113133,0,0.26982499141719524
BASE,8,test,1113536,0,0.4086640249462792
BASE,8,test,1113857,0,0.6447817828951162
BASE,8,test,1114993,0,0.467193644830041
BASE,8,test,1115212,1,0.4821899925626218
BASE,8,test,1115227,1,0.8798490636748718
BASE,8,test,1116298,1,0.9100769979680335
BASE,8,test,1117370,1,0.788559556572192
BASE,8,test,1117576,0,0.5603241698078776
BASE,8,test,1117869,1,0.720635259290975
BASE,8,test,1119647,1,0.6290991172397511
BASE,8,test,1119855,0,0.21794592195459203
BASE,8,test,1120705,1,0.8637446812419511
BASE,8,test,1120775,1,0.4016365463525316
BASE,8,test,1121795,1,0.6228848896321445
BASE,8,test,1121914,1,0.691427341488411
BASE,8,test,1122034,1,0.8039675495597645
BASE,8,test,1123103,1,0.6748151837987644
BASE,8,test,1123551,0,0.3050616758233597
BASE,8,test,1123876,0,0.20831468347558574
BASE,8,test,1124180,0,0.3902480752621235
BASE,8,test,1124193,0,0.3789817864883524
BASE,8,test,1124330,0,0.7542424494403166
BASE,8,test,1124468,1,0.5460705623531994
BASE,8,test,1124477,1,0.48712998890313824
BASE,8,test,1125143,1,0.331915784857541
BASE,8,test,1125355,1,0.8334188230861146
BASE,8,test,1125471,1,0.6053234934568584
BASE,8,test,1126443,0,0.47418436210072945
BASE,8,test,1127285,0,0.8621668373396963
BASE,8,test,1127703,1,0.24092708272992452
BASE,8,test,1128042,1,0.433422710013255
BASE,8,test,1128340,1,0.3749914963478996
BASE,8,test,1128952,0,0.41077879768869413
BASE,8,test,1129401,1,0.5500968622445032
BASE,8,test,1129711,0,0.5062167915029536
BASE,8,test,1129961,0,0.15082084500214715
BASE,8,test,1130408,1,0.753573416032227
BASE,8,test,1130747,1,0.8586397636755568
BASE,8,test,1132061,1,0.25623056829921503
BASE,8,test,1132205,1,0.7605032409686774
BASE,8,test,1133607,1,0.8291361544883613
BASE,8,test,1134193,1,0.7510889564446375
BASE,8,test,1134855,0,0.23842843713467668
BASE,8,test,1135094,0,0.2982903630167021
BASE,8,test,1135156,1,0.7112316895015123
BASE,8,test,1135626,1,0.5949863814701483
BASE,8,test,1136790,1,0.3628832494470948
BASE,8,test,1136925,0,0.664766947494196
BASE,8,test,1136946,0,0.28439043247900203
BASE,8,test,1137147,1,0.6693906920620527
BASE,8,test,1137818,1,0.1549445737329286
BASE,8,test,1139212,1,0.6940369248610998
BASE,8,test,1140316,1,0.8855849696802182
BASE,8,test,1141311,0,0.7110108746400158
BASE,8,test,1142206,1,0.8677885163527068
BASE,8,test,1143112,1,0.8707685338227863
BASE,8,test,1143116,0,0.15137545939877822
BASE,8,test,1143869,0,0.48211998835339204
BASE,8,test,1144028,0,0.5990283795682562
BASE,8,test,1144147,0,0.5078443604606712
BASE,8,test,1144260,0,0.6143128231929308
BASE,8,test,1144336,1,0.7405310403490395
BASE,8,test,1144580,1,0.38627735187706996
BASE,8,test,1144734,1,0.6428884794237646
BASE,8,test,1145959,1,0.7449712752505551
BASE,8,test,1146529,1,0.7580719291771411
BASE,8,test,1147010,1,0.6009360151834212
BASE,8,test,1147390,0,0.15733640188487333
BASE,8,test,1148110,0,0.9028407623082201
BASE,8,test,1148113,1,0.3533368521959368
BASE,8,test,1148116,1,0.6752799231279092
BASE,8,test,1148282,1,0.6528270989911085
BASE,8,test,1149102,1,0.5440138735750835
BASE,8,test,1149201,1,0.1521387936011296
BASE,8,test,1149501,0,0.6388043473682724
BASE,8,test,1150217,1,0.6144644618122235
BASE,8,test,1151002,1,0.3885710043071384
BASE,8,test,1151513,1,0.562756782563526
BASE,8,test,1151603,1,0.36646010884733327
BASE,8,test,1151994,1,0.7548882925627314
BASE,8,test,1152408,0,0.6162643541557216
BASE,8,test,1152825,0,0.7434283604164711
BASE,8,test,1152931,1,0.40213235524347896
BASE,8,test,1152961,1,0.5134070174457362
BASE,8,test,1153023,1,0.6342811760275446
BASE,8,test,1153155,1,0.4607423478512744
BASE,8,test,1153244,1,0.3521395704233044
BASE,8,test,1153516,0,0.1699890717049788
BASE,8,test,1153690,1,0.8980255864567392
BASE,8,test,1153773,1,0.7743619631435398
BASE,8,test,1154175,1,0.43250356858374167
BASE,8,test,1154191,1,0.6721574216433289
BASE,8,test,1154265,0,0.35203787327361985
BASE,8,test,1154288,1,0.6859105727100864
BASE,8,test,1154652,0,0.3842770242389826
BASE,8,test,1154833,1,0.6243006694066588
BASE,8,test,1155186,1,0.5655851874693864
BASE,8,test,1156023,1,0.2424576097229397
BASE,8,test,1156786,1,0.2807921351391872
BASE,8,test,1157000,1,0.5980592287611941
BASE,8,test,1157440,0,0.5464256299537406
BASE,8,test,1205766,1,0.7256426979588372
BASE,8,test,1206310,1,0.2999639497553396
BASE,8,test,1207393,1,0.684124201354787
BASE,8,test,1207484,0,0.5371057117918115
BASE,8,test,1207793,1,0.5190108953196941
BASE,8,test,1207980,1,0.7682839021808
BASE,8,test,1208257,0,0.5941767427256629
BASE,8,test,1208422,1,0.5844595137907295
BASE,8,test,1208898,1,0.5668276870775489
BASE,8,test,1209429,1,0.4868743599559955
BASE,8,test,1209469,1,0.8156556925317229
BASE,8,test,1209958,1,0.5444360418963962
BASE,8,test,1210809,1,0.7527684894939451
BASE,8,test,1211001,1,0.708691024967165
BASE,8,test,1211104,1,0.7028775428276235
BASE,8,test,1211177,1,0.5698234201761263
BASE,8,test,1211297,1,0.6377384319447716
BASE,8,test,1211345,1,0.7616609349033423
BASE,8,test,1212336,1,0.8079266084712053
BASE,8,test,1212354,0,0.3956924034198571
BASE,8,test,1212394,1,0.3643891465170924
BASE,8,test,1212451,0,0.48439767370710135
BASE,8,test,1212690,0,0.6360529543874791
BASE,8,test,1212738,1,0.8513756631864728
BASE,8,test,1212865,1,0.6154319367473754
BASE,8,test,1213130,1,0.29394018001349115
BASE,8,test,1213974,0,0.7449122039569359
BASE,8,test,1213978,0,0.24802229782225985
BASE,8,test,1214506,1,0.6418919114533324
BASE,8,test,1214597,1,0.19638003715094246
BASE,8,test,1214861,1,0.8878463093346772
BASE,8,test,1215132,0,0.3193066475708966
BASE,8,test,1215142,0,0.4255808075583722
BASE,8,test,1215252,0,0.40212745281631057
BASE,8,test,1215921,1,0.47875821678295566
BASE,8,test,1216188,0,0.5273702536730379
BASE,8,test,1217243,1,0.6412552062355055
BASE,8,test,1217757,1,0.45577212108905507
BASE,8,test,1217948,1,0.43434223785167897
BASE,8,test,1218110,0,0.4099116007874036
BASE,8,test,1218477,1,0.2873771869308783
BASE,8,test,1218980,0,0.4927803193405047
BASE,8,test,1219301,0,0.6304948311226852
BASE,8,test,1219890,1,0.7641251677506234
BASE,8,test,1219958,0,0.2970409541850972
BASE,8,test,1220156,0,0.47722213322984225
BASE,8,test,1220386,0,0.2570441166368921
BASE,8,test,1220459,0,0.5714857799310176
BASE,8,test,1220605,1,0.46829951148575566
BASE,8,test,1220638,1,0.8197153571147624
BASE,8,test,1220887,1,0.6873922022071869
BASE,8,test,1221171,1,0.7601578706261126
BASE,8,test,1221605,1,0.7285382262237436
BASE,8,test,1221682,1,0.8483372826624315
BASE,8,test,1221707,0,0.4722623068635675
BASE,8,test,1222037,1,0.858946467856578
BASE,8,test,1222336,0,0.47561801115743435
BASE,8,test,1222424,1,0.49408033225082293
BASE,8,test,1222642,0,0.5435910312421668
BASE,8,test,1223017,1,0.3907903852590149
BASE,8,test,1223193,0,0.6410598740409452
BASE,8,test,1223272,1,0.547192981609628
BASE,8,test,1223681,1,0.4722408478239364
BASE,8,test,1224109,0,0.3801257717103069
BASE,8,test,1224371,1,0.24884821152304093
BASE,8,test,1225046,0,0.2880472354641012
BASE,8,test,1225334,0,0.300293572498778
BASE,8,test,1226138,1,0.7480294382239808
BASE,8,test,1226825,1,0.5869943985860965
BASE,8,test,1227106,1,0.6841813561689295
BASE,8,test,1227437,1,0.6984903345977223
BASE,8,test,1227504,1,0.7345296482856627
BASE,8,test,1228461,1,0.9253777240096552
BASE,8,test,1228747,1,0.804871801383112
BASE,8,test,1229345,1,0.8444332305368256
BASE,8,test,1229605,0,0.4812970128216362
BASE,8,test,1229725,1,0.9067826017423362
BASE,8,test,1229837,0,0.49412152586633196
BASE,8,test,1230721,1,0.2997446937287108
BASE,8,test,1230781,0,0.19705965229174396
BASE,8,test,1230993,0,0.1365814420535318
BASE,8,test,1231100,0,0.6293615243056339
BASE,8,test,1231979,1,0.6697223298830841
BASE,8,test,1232033,0,0.6678356120022881
BASE,8,test,1232062,0,0.24948447336189455
BASE,8,test,1232338,1,0.4411137842086095
BASE,8,test,1233095,1,0.7709973988949403
BASE,8,test,1233494,1,0.8397563971934879
BASE,8,test,1233621,0,0.7080029742577173
BASE,8,test,1233643,1,0.5858731796543023
BASE,8,test,1233791,1,0.2873231815233835
BASE,8,test,1234219,1,0.4905746345190362
BASE,8,test,1234804,1,0.3827348741538666
BASE,8,test,1235172,0,0.6058465616002239
BASE,8,test,1235236,1,0.5118510984626262
BASE,8,test,1235265,1,0.2712033488364219
BASE,8,test,1235336,1,0.6547492973914696
BASE,8,test,1235500,1,0.6480121065812144
BASE,8,test,1235891,1,0.7142061765409747
BASE,8,test,1235985,1,0.6310091312804696
BASE,8,test,1236656,0,0.44344601774916437
BASE,8,test,1236862,0,0.21018819755723495
BASE,8,test,1236996,1,0.6216574973512742
BASE,8,test,1237093,0,0.6625323300204422
BASE,8,test,1237241,1,0.6063114146460586
BASE,8,test,1237508,1,0.45912202319578327
BASE,8,test,1237822,1,0.7641108897295846
BASE,8,test,1238174,1,0.550214834040136
BASE,8,test,1238287,0,0.7878035649560341
BASE,8,test,1238521,1,0.4456659851802719
BASE,8,test,1238574,0,0.74183493554809
BASE,8,test,1238594,0,0.6759192944588834
BASE,8,test,1238960,1,0.6782423914321635
BASE,8,test,1239095,1,0.7417439014176174
BASE,8,test,1239148,0,0.3152086017153188
BASE,8,test,1239283,1,0.5589969440711156
BASE,8,test,1239609,1,0.6046307608153405
BASE,8,test,1240143,1,0.6464943058744678
BASE,8,test,1240769,0,0.5855361739583297
BASE,8,test,1241628,0,0.5139236720486678
BASE,8,test,1241650,1,0.6185034986941463
BASE,8,test,1241779,1,0.6086905411450303
BASE,8,test,1241937,0,0.48698243862529444
BASE,8,test,1242167,0,0.7268171904580059
BASE,8,test,1242413,1,0.3468933716121263
BASE,8,test,1242673,1,0.7034977117776413
BASE,8,test,1242725,1,0.3701716318259858
BASE,8,test,1242835,1,0.5576133042869107
BASE,8,test,1243178,1,0.3684152988449983
BASE,8,test,1243465,0,0.20142994094896025
BASE,8,test,1243686,1,0.6136292588546555
BASE,8,test,1243992,1,0.6024914590048402
BASE,8,test,1244363,0,0.21033018956093655
BASE,8,test,1244765,0,0.46045678923219685
BASE,8,test,1245089,1,0.4835185865261042
BASE,8,test,1245566,1,0.5073219564347985
BASE,8,test,1245961,0,0.5768666011970665
BASE,8,test,1246192,1,0.47215918308094573
BASE,8,test,1246847,1,0.6443842500765413
BASE_x_R1a,8,test,4993,1,0.554060044613885
BASE_x_R1a,8,test,13412,1,0.5314882380547985
BASE_x_R1a,8,test,28836,1,0.6374791412307852
BASE_x_R1a,8,test,31934,1,0.5018851448455319
BASE_x_R1a,8,test,34146,1,0.45656994351622543
BASE_x_R1a,8,test,34233,0,0.42129942170520834
BASE_x_R1a,8,test,36502,0,0.3907681889574557
BASE_x_R1a,8,test,42331,1,0.8213277927087834
BASE_x_R1a,8,test,42858,0,0.3717877965214083
BASE_x_R1a,8,test,47652,1,0.9118486852068816
BASE_x_R1a,8,test,48545,0,0.24991109210976925
BASE_x_R1a,8,test,52327,1,0.836550629784872
BASE_x_R1a,8,test,52433,1,0.6658853391726322
BASE_x_R1a,8,test,56635,0,0.3792097388775006
BASE_x_R1a,8,test,58630,1,0.6180671999353917
BASE_x_R1a,8,test,60519,1,0.7840403550672163
BASE_x_R1a,8,test,61752,1,0.8100145673275635
BASE_x_R1a,8,test,66226,1,0.6824972590562575
BASE_x_R1a,8,test,70147,0,0.6237983614005604
BASE_x_R1a,8,test,75558,1,0.38155260572798544
BASE_x_R1a,8,test,86310,1,0.6634237563447354
BASE_x_R1a,8,test,86840,1,0.49358364715597003
BASE_x_R1a,8,test,90722,1,0.7618797558331125
BASE_x_R1a,8,test,91249,1,0.41984138299486984
BASE_x_R1a,8,test,95082,1,0.8936757489596071
BASE_x_R1a,8,test,99452,0,0.3482825734266266
BASE_x_R1a,8,test,112047,1,0.642140141639619
BASE_x_R1a,8,test,121204,0,0.7275790975843753
BASE_x_R1a,8,test,121744,1,0.576089003649629
BASE_x_R1a,8,test,128956,1,0.8718699599022475
BASE_x_R1a,8,test,136645,1,0.7420251021552935
BASE_x_R1a,8,test,143353,1,0.6299657106458187
BASE_x_R1a,8,test,143454,0,0.6979896750618073
BASE_x_R1a,8,test,144703,1,0.6470708796495933
BASE_x_R1a,8,test,147982,1,0.5197253423190067
BASE_x_R1a,8,test,160197,1,0.40996470000560753
BASE_x_R1a,8,test,160524,0,0.3288144708212639
BASE_x_R1a,8,test,164362,1,0.512702228810471
BASE_x_R1a,8,test,167183,1,0.5876024659079964
BASE_x_R1a,8,test,171896,1,0.7356938714350126
BASE_x_R1a,8,test,172578,1,0.7508564511603976
BASE_x_R1a,8,test,174626,1,0.7085932162026215
BASE_x_R1a,8,test,177730,1,0.6709756495575551
BASE_x_R1a,8,test,180933,1,0.5035804074063898
BASE_x_R1a,8,test,184874,1,0.6132430442793688
BASE_x_R1a,8,test,188271,1,0.7477203136483014
BASE_x_R1a,8,test,193149,0,0.7407190726025393
BASE_x_R1a,8,test,196058,1,0.657468874504624
BASE_x_R1a,8,test,199037,1,0.428903832807871
BASE_x_R1a,8,test,199177,0,0.309041848083562
BASE_x_R1a,8,test,203211,0,0.4400849947628576
BASE_x_R1a,8,test,219309,1,0.6449984380533919
BASE_x_R1a,8,test,223585,1,0.46366230077177073
BASE_x_R1a,8,test,232490,0,0.44593013859927216
BASE_x_R1a,8,test,240229,0,0.28127515419719656
BASE_x_R1a,8,test,270608,0,0.5543843143381935
BASE_x_R1a,8,test,272772,1,0.8146489188281726
BASE_x_R1a,8,test,273148,1,0.9113187324284777
BASE_x_R1a,8,test,273826,1,0.4925769551528395
BASE_x_R1a,8,test,274179,0,0.7311981833459835
BASE_x_R1a,8,test,274345,0,0.2358480335549528
BASE_x_R1a,8,test,275744,1,0.3860422552887519
BASE_x_R1a,8,test,278485,0,0.22741654712013404
BASE_x_R1a,8,test,289992,1,0.9094746004517366
BASE_x_R1a,8,test,292872,0,0.3216023642745781
BASE_x_R1a,8,test,293922,0,0.6532887365930273
BASE_x_R1a,8,test,297187,0,0.5210774689312155
BASE_x_R1a,8,test,297709,0,0.23846497269551134
BASE_x_R1a,8,test,298252,0,0.11636705471974834
BASE_x_R1a,8,test,298561,1,0.7695031421954287
BASE_x_R1a,8,test,304753,1,0.7772097323261492
BASE_x_R1a,8,test,310464,1,0.5953650037910169
BASE_x_R1a,8,test,316099,0,0.42549813772314854
BASE_x_R1a,8,test,319549,1,0.7018485076808031
BASE_x_R1a,8,test,320374,0,0.48168488924539177
BASE_x_R1a,8,test,323320,0,0.42190334509111627
BASE_x_R1a,8,test,323797,0,0.5193162698734932
BASE_x_R1a,8,test,330071,0,0.6440170940351176
BASE_x_R1a,8,test,332959,0,0.4291748233626069
BASE_x_R1a,8,test,334461,1,0.3143577837086297
BASE_x_R1a,8,test,336907,0,0.5039371699705618
BASE_x_R1a,8,test,337710,1,0.48211993612540627
BASE_x_R1a,8,test,339319,1,0.8048440169665816
BASE_x_R1a,8,test,348988,1,0.8434775361820089
BASE_x_R1a,8,test,358239,1,0.8284063821774262
BASE_x_R1a,8,test,359014,0,0.6279641922687
BASE_x_R1a,8,test,360745,1,0.5696017473803678
BASE_x_R1a,8,test,366082,1,0.6984909305310295
BASE_x_R1a,8,test,366344,0,0.7487069683706775
BASE_x_R1a,8,test,367930,1,0.43100512416686726
BASE_x_R1a,8,test,383626,1,0.7741317830412225
BASE_x_R1a,8,test,384429,0,0.5142113791169634
BASE_x_R1a,8,test,400416,0,0.6097127216058219
BASE_x_R1a,8,test,402051,0,0.41144610527405867
BASE_x_R1a,8,test,402349,0,0.39243239947838754
BASE_x_R1a,8,test,402720,1,0.779073250946602
BASE_x_R1a,8,test,403399,0,0.48283115940224464
BASE_x_R1a,8,test,406676,1,0.5730158415828721
BASE_x_R1a,8,test,409579,1,0.5681504861600584
BASE_x_R1a,8,test,409952,1,0.8954620223475358
BASE_x_R1a,8,test,415824,1,0.2944494116740822
BASE_x_R1a,8,test,419138,0,0.32335273955751853
BASE_x_R1a,8,test,420633,1,0.6484803312384025
BASE_x_R1a,8,test,421437,0,0.4313277239494014
BASE_x_R1a,8,test,435249,1,0.8227340333239012
BASE_x_R1a,8,test,437766,0,0.40595598811215167
BASE_x_R1a,8,test,438536,0,0.7202813152155882
BASE_x_R1a,8,test,448027,0,0.5357323349887912
BASE_x_R1a,8,test,451600,1,0.4647306006167425
BASE_x_R1a,8,test,457179,1,0.8909112316370336
BASE_x_R1a,8,test,464118,0,0.44682248639293276
BASE_x_R1a,8,test,471955,1,0.6654690886680815
BASE_x_R1a,8,test,475921,0,0.505262647949885
BASE_x_R1a,8,test,480708,1,0.8333802856978823
BASE_x_R1a,8,test,487515,1,0.8445637916772462
BASE_x_R1a,8,test,490630,1,0.35248335682342175
BASE_x_R1a,8,test,508244,0,0.18392339143244313
BASE_x_R1a,8,test,510372,1,0.3806155163184796
BASE_x_R1a,8,test,513568,0,0.24195388430692946
BASE_x_R1a,8,test,525262,0,0.725488775200916
BASE_x_R1a,8,test,525973,0,0.6213755914739276
BASE_x_R1a,8,test,527314,1,0.7972184977918867
BASE_x_R1a,8,test,528647,1,0.8125592838840607
BASE_x_R1a,8,test,536216,1,0.8701946625666186
BASE_x_R1a,8,test,544864,1,0.37328270030376287
BASE_x_R1a,8,test,548749,1,0.815528029805703
BASE_x_R1a,8,test,550393,1,0.7305516219610887
BASE_x_R1a,8,test,550790,0,0.31940783691728514
BASE_x_R1a,8,test,550892,1,0.7185296067548328
BASE_x_R1a,8,test,553161,0,0.8465891744047628
BASE_x_R1a,8,test,558899,1,0.7075059381750344
BASE_x_R1a,8,test,564394,0,0.3162859859903993
BASE_x_R1a,8,test,565908,0,0.6212549815066686
BASE_x_R1a,8,test,568516,0,0.25288937243617954
BASE_x_R1a,8,test,573710,1,0.6236132468338017
BASE_x_R1a,8,test,575730,0,0.4218866332736978
BASE_x_R1a,8,test,581414,1,0.240458786287231
BASE_x_R1a,8,test,588986,1,0.6854712156982069
BASE_x_R1a,8,test,589233,1,0.7603976595089986
BASE_x_R1a,8,test,589857,0,0.25351218217769556
BASE_x_R1a,8,test,595099,0,0.674893938287431
BASE_x_R1a,8,test,596051,1,0.6096632517038345
BASE_x_R1a,8,test,596437,0,0.6342852926533182
BASE_x_R1a,8,test,597579,1,0.607269159828112
BASE_x_R1a,8,test,598165,1,0.44050624381401304
BASE_x_R1a,8,test,612720,1,0.6836903122304263
BASE_x_R1a,8,test,614481,0,0.3664089778783307
BASE_x_R1a,8,test,616172,1,0.7031824162872973
BASE_x_R1a,8,test,620021,0,0.41978125808429917
BASE_x_R1a,8,test,624692,1,0.4108133794305542
BASE_x_R1a,8,test,627556,1,0.8201117382412771
BASE_x_R1a,8,test,631543,1,0.7658742524049942
BASE_x_R1a,8,test,642558,1,0.5037527190914841
BASE_x_R1a,8,test,644299,1,0.6452782505202239
BASE_x_R1a,8,test,646425,1,0.3853764335865693
BASE_x_R1a,8,test,646867,1,0.7024041754210285
BASE_x_R1a,8,test,648107,1,0.7681053074402518
BASE_x_R1a,8,test,654746,1,0.8185846966787333
BASE_x_R1a,8,test,655410,1,0.7334790893740931
BASE_x_R1a,8,test,661193,0,0.7684955915685541
BASE_x_R1a,8,test,665656,1,0.5972614196544883
BASE_x_R1a,8,test,671576,0,0.2789293892688261
BASE_x_R1a,8,test,673052,1,0.7333271887171423
BASE_x_R1a,8,test,675008,1,0.6905201338641145
BASE_x_R1a,8,test,675907,0,0.489879654838779
BASE_x_R1a,8,test,678199,0,0.38748451523359406
BASE_x_R1a,8,test,680963,0,0.7457826897283969
BASE_x_R1a,8,test,686482,1,0.6846459856383386
BASE_x_R1a,8,test,700550,1,0.623268497059108
BASE_x_R1a,8,test,700558,1,0.7575042258326848
BASE_x_R1a,8,test,702801,0,0.3788584283958602
BASE_x_R1a,8,test,703048,0,0.8057946845286988
BASE_x_R1a,8,test,710774,1,0.19339562693146498
BASE_x_R1a,8,test,711637,1,0.8681053431186652
BASE_x_R1a,8,test,711727,1,0.5891568692918452
BASE_x_R1a,8,test,713883,1,0.3546132247007809
BASE_x_R1a,8,test,714764,0,0.6177079989081625
BASE_x_R1a,8,test,715113,1,0.7212500986076297
BASE_x_R1a,8,test,718508,1,0.7370355166910316
BASE_x_R1a,8,test,725514,0,0.4963061107798962
BASE_x_R1a,8,test,726499,0,0.7002689285798592
BASE_x_R1a,8,test,726953,0,0.46514781999873456
BASE_x_R1a,8,test,732388,1,0.3498196151146059
BASE_x_R1a,8,test,739674,0,0.3935664789995004
BASE_x_R1a,8,test,743121,1,0.7085953828269677
BASE_x_R1a,8,test,743318,0,0.40610903767592776
BASE_x_R1a,8,test,743380,1,0.48450532045785627
BASE_x_R1a,8,test,746564,0,0.30697944927697535
BASE_x_R1a,8,test,746959,1,0.7510555545268012
BASE_x_R1a,8,test,749211,0,0.46033808886989935
BASE_x_R1a,8,test,751827,1,0.7300598160606546
BASE_x_R1a,8,test,752597,0,0.43702439551535327
BASE_x_R1a,8,test,763893,0,0.43811465046486375
BASE_x_R1a,8,test,767066,1,0.693305605849234
BASE_x_R1a,8,test,781627,1,0.33069998699765935
BASE_x_R1a,8,test,783735,1,0.5555003734863068
BASE_x_R1a,8,test,789093,0,0.6741652145158521
BASE_x_R1a,8,test,789824,0,0.2107206616840455
BASE_x_R1a,8,test,803087,0,0.46694260791327863
BASE_x_R1a,8,test,803189,0,0.28624947615519997
BASE_x_R1a,8,test,804052,1,0.8550198928673207
BASE_x_R1a,8,test,806762,0,0.2904280779125559
BASE_x_R1a,8,test,816834,0,0.22294684515327748
BASE_x_R1a,8,test,817995,1,0.7790551926598474
BASE_x_R1a,8,test,820393,1,0.5848611426641989
BASE_x_R1a,8,test,822633,1,0.2863471608597127
BASE_x_R1a,8,test,831454,0,0.1967028639434953
BASE_x_R1a,8,test,841748,1,0.6441614008406716
BASE_x_R1a,8,test,847929,0,0.5321986988639618
BASE_x_R1a,8,test,849472,1,0.8180183421216524
BASE_x_R1a,8,test,857521,0,0.3896431620824603
BASE_x_R1a,8,test,859236,0,0.32363431144723925
BASE_x_R1a,8,test,859553,1,0.5627383512017459
BASE_x_R1a,8,test,866317,1,0.924501536082121
BASE_x_R1a,8,test,866862,0,0.4677615888789405
BASE_x_R1a,8,test,869519,1,0.24613607129293535
BASE_x_R1a,8,test,870371,1,0.6689480820380969
BASE_x_R1a,8,test,878721,0,0.5790559237778308
BASE_x_R1a,8,test,882885,1,0.7603788543709459
BASE_x_R1a,8,test,884569,1,0.6780493702527878
BASE_x_R1a,8,test,894409,1,0.6357149279126788
BASE_x_R1a,8,test,896596,1,0.6205708849697676
BASE_x_R1a,8,test,899067,0,0.25600541847111874
BASE_x_R1a,8,test,900957,1,0.8142570415690012
BASE_x_R1a,8,test,929375,1,0.5022445124760325
BASE_x_R1a,8,test,935158,1,0.8140755775050902
BASE_x_R1a,8,test,947168,1,0.7358889177249514
BASE_x_R1a,8,test,951465,0,0.587635170544099
BASE_x_R1a,8,test,952219,0,0.3982283218916987
BASE_x_R1a,8,test,952566,1,0.6826210334109806
BASE_x_R1a,8,test,952824,1,0.6226727328421066
BASE_x_R1a,8,test,953299,1,0.3149348368859868
BASE_x_R1a,8,test,953656,0,0.8116713443914453
BASE_x_R1a,8,test,954370,1,0.6508188142375683
BASE_x_R1a,8,test,958048,1,0.5670190486130324
BASE_x_R1a,8,test,958416,1,0.738772143891769
BASE_x_R1a,8,test,959155,0,0.5160938556295647
BASE_x_R1a,8,test,961819,0,0.7036727684896278
BASE_x_R1a,8,test,963540,1,0.662374089935388
BASE_x_R1a,8,test,967064,1,0.6021306740777529
BASE_x_R1a,8,test,967439,0,0.8025964899093959
BASE_x_R1a,8,test,970464,1,0.6808622660189759
BASE_x_R1a,8,test,975370,0,0.6688356344920322
BASE_x_R1a,8,test,975490,1,0.6828493400109298
BASE_x_R1a,8,test,980697,0,0.6892871366118838
BASE_x_R1a,8,test,982477,0,0.3123045498934894
BASE_x_R1a,8,test,984568,1,0.4145006893187414
BASE_x_R1a,8,test,986271,0,0.33252075501702405
BASE_x_R1a,8,test,991060,1,0.8537604017038398
BASE_x_R1a,8,test,993731,1,0.7674708716861075
BASE_x_R1a,8,test,995496,1,0.6429431267120883
BASE_x_R1a,8,test,1000434,1,0.7347744701099148
BASE_x_R1a,8,test,1002373,1,0.7891886719215901
BASE_x_R1a,8,test,1002391,0,0.18442853536691067
BASE_x_R1a,8,test,1005401,1,0.6138270478339618
BASE_x_R1a,8,test,1006451,0,0.7063422827969212
BASE_x_R1a,8,test,1013371,1,0.4774636910442749
BASE_x_R1a,8,test,1043319,0,0.5030672882586492
BASE_x_R1a,8,test,1048580,1,0.8181734016103559
BASE_x_R1a,8,test,1058965,1,0.5363811363965789
BASE_x_R1a,8,test,1063771,0,0.5643615135034997
BASE_x_R1a,8,test,1064130,1,0.6210475198057178
BASE_x_R1a,8,test,1064271,1,0.8998574365080309
BASE_x_R1a,8,test,1066734,1,0.7588487086232685
BASE_x_R1a,8,test,1068069,1,0.7156395594512104
BASE_x_R1a,8,test,1068151,0,0.3322133133807277
BASE_x_R1a,8,test,1073471,1,0.8029548776806088
BASE_x_R1a,8,test,1073787,1,0.504066728610992
BASE_x_R1a,8,test,1074133,1,0.525104516669428
BASE_x_R1a,8,test,1074312,0,0.5989922547725005
BASE_x_R1a,8,test,1074579,0,0.37658619095880835
BASE_x_R1a,8,test,1075228,1,0.6753212633421778
BASE_x_R1a,8,test,1075404,1,0.8272086720713859
BASE_x_R1a,8,test,1075557,1,0.6873773631628879
BASE_x_R1a,8,test,1075699,1,0.32907564688939267
BASE_x_R1a,8,test,1076995,0,0.6142134854818672
BASE_x_R1a,8,test,1077013,1,0.5970169938391878
BASE_x_R1a,8,test,1077187,1,0.8009123436266266
BASE_x_R1a,8,test,1078392,1,0.2795324640591013
BASE_x_R1a,8,test,1080366,1,0.8243239101882806
BASE_x_R1a,8,test,1080609,0,0.4875947174873911
BASE_x_R1a,8,test,1082670,1,0.8764347865886677
BASE_x_R1a,8,test,1084267,1,0.7781691279958296
BASE_x_R1a,8,test,1084373,1,0.7114422335193634
BASE_x_R1a,8,test,1086129,1,0.586109735186762
BASE_x_R1a,8,test,1087796,0,0.5885608404241982
BASE_x_R1a,8,test,1089175,1,0.8262682371602823
BASE_x_R1a,8,test,1089310,0,0.682426507204592
BASE_x_R1a,8,test,1090560,1,0.38712813748843766
BASE_x_R1a,8,test,1092437,1,0.765170415812682
BASE_x_R1a,8,test,1092889,1,0.8276837060150508
BASE_x_R1a,8,test,1092948,1,0.5423726316487241
BASE_x_R1a,8,test,1093742,1,0.7524084930295203
BASE_x_R1a,8,test,1093825,1,0.877092071349606
BASE_x_R1a,8,test,1094441,0,0.7528903153937196
BASE_x_R1a,8,test,1094522,1,0.806058711314963
BASE_x_R1a,8,test,1094558,1,0.6945479320253483
BASE_x_R1a,8,test,1095940,1,0.8635255271778948
BASE_x_R1a,8,test,1096111,1,0.7485855631447946
BASE_x_R1a,8,test,1096586,0,0.18045914518534417
BASE_x_R1a,8,test,1096858,1,0.7528568803390701
BASE_x_R1a,8,test,1098420,0,0.2420377199531995
BASE_x_R1a,8,test,1099234,1,0.7615638923385988
BASE_x_R1a,8,test,1100516,0,0.3058283745271387
BASE_x_R1a,8,test,1102873,1,0.6742677526738823
BASE_x_R1a,8,test,1103063,0,0.5951815779912042
BASE_x_R1a,8,test,1103930,1,0.8593039250373293
BASE_x_R1a,8,test,1104012,1,0.7305159262253642
BASE_x_R1a,8,test,1104038,1,0.894036568908673
BASE_x_R1a,8,test,1104113,1,0.6871236280738359
BASE_x_R1a,8,test,1104405,1,0.7641348025624262
BASE_x_R1a,8,test,1105614,0,0.09738247620849076
BASE_x_R1a,8,test,1105715,1,0.4261066321361428
BASE_x_R1a,8,test,1106213,0,0.6097602843957056
BASE_x_R1a,8,test,1106596,0,0.6255330850299824
BASE_x_R1a,8,test,1106632,0,0.29025612136073387
BASE_x_R1a,8,test,1107056,1,0.3699947201323485
BASE_x_R1a,8,test,1107575,0,0.7190923861608279
BASE_x_R1a,8,test,1108050,1,0.8250301332107055
BASE_x_R1a,8,test,1109030,1,0.8475736998745422
BASE_x_R1a,8,test,1109275,1,0.8802688622906625
BASE_x_R1a,8,test,1109280,1,0.7220629780786865
BASE_x_R1a,8,test,1109411,0,0.565463915461552
BASE_x_R1a,8,test,1109506,1,0.8370578796621918
BASE_x_R1a,8,test,1109765,1,0.6508596558748798
BASE_x_R1a,8,test,1110061,1,0.8196640410430767
BASE_x_R1a,8,test,1111123,1,0.4199906714110778
BASE_x_R1a,8,test,1111153,0,0.6049851761529408
BASE_x_R1a,8,test,1112238,1,0.42332077265859164
BASE_x_R1a,8,test,1112306,1,0.4770660449753877
BASE_x_R1a,8,test,1112461,0,0.5988244434790174
BASE_x_R1a,8,test,1113098,1,0.46893746228210276
BASE_x_R1a,8,test,1113133,0,0.21977820177735413
BASE_x_R1a,8,test,1113536,0,0.4222034678068458
BASE_x_R1a,8,test,1113857,0,0.6413287706592367
BASE_x_R1a,8,test,1114993,0,0.5078055513250359
BASE_x_R1a,8,test,1115212,1,0.5232818709262356
BASE_x_R1a,8,test,1115227,1,0.7949484377824436
BASE_x_R1a,8,test,1116298,1,0.8584482200115826
BASE_x_R1a,8,test,1117370,1,0.8652106114668894
BASE_x_R1a,8,test,1117576,0,0.5622174392613294
BASE_x_R1a,8,test,1117869,1,0.8130431863775986
BASE_x_R1a,8,test,1119647,1,0.596433943680226
BASE_x_R1a,8,test,1119855,0,0.14361988613022736
BASE_x_R1a,8,test,1120705,1,0.8674195714261692
BASE_x_R1a,8,test,1120775,1,0.36504988622347057
BASE_x_R1a,8,test,1121795,1,0.6649154934458639
BASE_x_R1a,8,test,1121914,1,0.6795463002858946
BASE_x_R1a,8,test,1122034,1,0.8242374953026781
BASE_x_R1a,8,test,1123103,1,0.6985328363021336
BASE_x_R1a,8,test,1123551,0,0.29573131650172535
BASE_x_R1a,8,test,1123876,0,0.2618955120924453
BASE_x_R1a,8,test,1124180,0,0.37399737198290334
BASE_x_R1a,8,test,1124193,0,0.4063678217154839
BASE_x_R1a,8,test,1124330,0,0.7208518203908114
BASE_x_R1a,8,test,1124468,1,0.5826225714194411
BASE_x_R1a,8,test,1124477,1,0.5866172793833772
BASE_x_R1a,8,test,1125143,1,0.31421848623693455
BASE_x_R1a,8,test,1125355,1,0.8279464401751555
BASE_x_R1a,8,test,1125471,1,0.695555193199485
BASE_x_R1a,8,test,1126443,0,0.5009803850448773
BASE_x_R1a,8,test,1127285,0,0.802636989565334
BASE_x_R1a,8,test,1127703,1,0.29238048302774616
BASE_x_R1a,8,test,1128042,1,0.5464393721850319
BASE_x_R1a,8,test,1128340,1,0.42122988475734807
BASE_x_R1a,8,test,1128952,0,0.570336235525667
BASE_x_R1a,8,test,1129401,1,0.530999473203403
BASE_x_R1a,8,test,1129711,0,0.5414122388543653
BASE_x_R1a,8,test,1129961,0,0.16265619038350884
BASE_x_R1a,8,test,1130408,1,0.8420380809872181
BASE_x_R1a,8,test,1130747,1,0.8815234035884351
BASE_x_R1a,8,test,1132061,1,0.24563924995883216
BASE_x_R1a,8,test,1132205,1,0.704599548674178
BASE_x_R1a,8,test,1133607,1,0.7829670609556129
BASE_x_R1a,8,test,1134193,1,0.7372267853005521
BASE_x_R1a,8,test,1134855,0,0.21718655889204594
BASE_x_R1a,8,test,1135094,0,0.2597811389464102
BASE_x_R1a,8,test,1135156,1,0.7649825938410849
BASE_x_R1a,8,test,1135626,1,0.5790496149121536
BASE_x_R1a,8,test,1136790,1,0.39853222797023863
BASE_x_R1a,8,test,1136925,0,0.6752175047652516
BASE_x_R1a,8,test,1136946,0,0.26421245836127893
BASE_x_R1a,8,test,1137147,1,0.6175580012233681
BASE_x_R1a,8,test,1137818,1,0.2108836927590367
BASE_x_R1a,8,test,1139212,1,0.5635934452214669
BASE_x_R1a,8,test,1140316,1,0.8816026931736115
BASE_x_R1a,8,test,1141311,0,0.7728732013549429
BASE_x_R1a,8,test,1142206,1,0.7735015646965985
BASE_x_R1a,8,test,1143112,1,0.8593249560537233
BASE_x_R1a,8,test,1143116,0,0.17583379416861367
BASE_x_R1a,8,test,1143869,0,0.44399085819610107
BASE_x_R1a,8,test,1144028,0,0.5744108031196066
BASE_x_R1a,8,test,1144147,0,0.5997319893050919
BASE_x_R1a,8,test,1144260,0,0.6515447530168271
BASE_x_R1a,8,test,1144336,1,0.7842869051072653
BASE_x_R1a,8,test,1144580,1,0.3574774635889566
BASE_x_R1a,8,test,1144734,1,0.5437396256773555
BASE_x_R1a,8,test,1145959,1,0.7923136328049007
BASE_x_R1a,8,test,1146529,1,0.7982609122065102
BASE_x_R1a,8,test,1147010,1,0.6515415627781127
BASE_x_R1a,8,test,1147390,0,0.2324125763424543
BASE_x_R1a,8,test,1148110,0,0.8979024373678804
BASE_x_R1a,8,test,1148113,1,0.3241642096987603
BASE_x_R1a,8,test,1148116,1,0.663080320421698
BASE_x_R1a,8,test,1148282,1,0.7299164768386244
BASE_x_R1a,8,test,1149102,1,0.5493838849392279
BASE_x_R1a,8,test,1149201,1,0.22875389973098248
BASE_x_R1a,8,test,1149501,0,0.5471661875081097
BASE_x_R1a,8,test,1150217,1,0.6177477876981605
BASE_x_R1a,8,test,1151002,1,0.33696532651030936
BASE_x_R1a,8,test,1151513,1,0.5524718991257945
BASE_x_R1a,8,test,1151603,1,0.3711496114582442
BASE_x_R1a,8,test,1151994,1,0.8313996636939892
BASE_x_R1a,8,test,1152408,0,0.549029573169083
BASE_x_R1a,8,test,1152825,0,0.7880886067369544
BASE_x_R1a,8,test,1152931,1,0.3311347205047255
BASE_x_R1a,8,test,1152961,1,0.576859260764967
BASE_x_R1a,8,test,1153023,1,0.7109421602759132
BASE_x_R1a,8,test,1153155,1,0.5568734270023155
BASE_x_R1a,8,test,1153244,1,0.3014761546100358
BASE_x_R1a,8,test,1153516,0,0.22340292534724124
BASE_x_R1a,8,test,1153690,1,0.8955152794459038
BASE_x_R1a,8,test,1153773,1,0.7737891733194163
BASE_x_R1a,8,test,1154175,1,0.4585250804764267
BASE_x_R1a,8,test,1154191,1,0.7414551769781716
BASE_x_R1a,8,test,1154265,0,0.3722636347999827
BASE_x_R1a,8,test,1154288,1,0.6382421795973615
BASE_x_R1a,8,test,1154652,0,0.3614619917652863
BASE_x_R1a,8,test,1154833,1,0.6193912392978542
BASE_x_R1a,8,test,1155186,1,0.5675593218717485
BASE_x_R1a,8,test,1156023,1,0.32271495759622887
BASE_x_R1a,8,test,1156786,1,0.28562473766088664
BASE_x_R1a,8,test,1157000,1,0.624731659507075
BASE_x_R1a,8,test,1157440,0,0.5186795983046032
BASE_x_R1a,8,test,1205766,1,0.8249342191712199
BASE_x_R1a,8,test,1206310,1,0.36708640167800516
BASE_x_R1a,8,test,1207393,1,0.6512858891609887
BASE_x_R1a,8,test,1207484,0,0.5566846864809363
BASE_x_R1a,8,test,1207793,1,0.4396567822936583
BASE_x_R1a,8,test,1207980,1,0.8364979787466984
BASE_x_R1a,8,test,1208257,0,0.5609447418682834
BASE_x_R1a,8,test,1208422,1,0.4948596023740994
BASE_x_R1a,8,test,1208898,1,0.5008781249741845
BASE_x_R1a,8,test,1209429,1,0.554058310260276
BASE_x_R1a,8,test,1209469,1,0.7574115822662383
BASE_x_R1a,8,test,1209958,1,0.4638923540867199
BASE_x_R1a,8,test,1210809,1,0.8230440038445532
BASE_x_R1a,8,test,1211001,1,0.7122738334188048
BASE_x_R1a,8,test,1211104,1,0.6893639585333209
BASE_x_R1a,8,test,1211177,1,0.6541111995574778
BASE_x_R1a,8,test,1211297,1,0.6277767771950238
BASE_x_R1a,8,test,1211345,1,0.6699209897587532
BASE_x_R1a,8,test,1212336,1,0.7862421536289179
BASE_x_R1a,8,test,1212354,0,0.4256749334440441
BASE_x_R1a,8,test,1212394,1,0.3338335622881183
BASE_x_R1a,8,test,1212451,0,0.4512094108159311
BASE_x_R1a,8,test,1212690,0,0.6009788679791735
BASE_x_R1a,8,test,1212738,1,0.8247099630015389
BASE_x_R1a,8,test,1212865,1,0.6745523660620074
BASE_x_R1a,8,test,1213130,1,0.35979807874054387
BASE_x_R1a,8,test,1213974,0,0.7552406632632013
BASE_x_R1a,8,test,1213978,0,0.275904379733924
BASE_x_R1a,8,test,1214506,1,0.6388465644643451
BASE_x_R1a,8,test,1214597,1,0.17108791245676
BASE_x_R1a,8,test,1214861,1,0.9093959505114009
BASE_x_R1a,8,test,1215132,0,0.27013922674334057
BASE_x_R1a,8,test,1215142,0,0.4472520969408128
BASE_x_R1a,8,test,1215252,0,0.36095292991600336
BASE_x_R1a,8,test,1215921,1,0.4100077397834869
BASE_x_R1a,8,test,1216188,0,0.5060803715475647
BASE_x_R1a,8,test,1217243,1,0.6100661789394257
BASE_x_R1a,8,test,1217757,1,0.32904340162834766
BASE_x_R1a,8,test,1217948,1,0.4613135495549174
BASE_x_R1a,8,test,1218110,0,0.3759402350782264
BASE_x_R1a,8,test,1218477,1,0.22620144358807315
BASE_x_R1a,8,test,1218980,0,0.4699986157844632
BASE_x_R1a,8,test,1219301,0,0.6926167366571984
BASE_x_R1a,8,test,1219890,1,0.6635558207098962
BASE_x_R1a,8,test,1219958,0,0.37888389234516884
BASE_x_R1a,8,test,1220156,0,0.506174817578012
BASE_x_R1a,8,test,1220386,0,0.20168408748952968
BASE_x_R1a,8,test,1220459,0,0.6645232083796323
BASE_x_R1a,8,test,1220605,1,0.4234987731299139
BASE_x_R1a,8,test,1220638,1,0.7820251319350864
BASE_x_R1a,8,test,1220887,1,0.6425178740798632
BASE_x_R1a,8,test,1221171,1,0.8322369619426964
BASE_x_R1a,8,test,1221605,1,0.7163871949247337
BASE_x_R1a,8,test,1221682,1,0.7649789669452625
BASE_x_R1a,8,test,1221707,0,0.4346643479155147
BASE_x_R1a,8,test,1222037,1,0.8203951659778886
BASE_x_R1a,8,test,1222336,0,0.47798169006616287
BASE_x_R1a,8,test,1222424,1,0.4922158690731908
BASE_x_R1a,8,test,1222642,0,0.5488574381463409
BASE_x_R1a,8,test,1223017,1,0.48243553764733815
BASE_x_R1a,8,test,1223193,0,0.595868656694087
BASE_x_R1a,8,test,1223272,1,0.5095306051006806
BASE_x_R1a,8,test,1223681,1,0.525796785965888
BASE_x_R1a,8,test,1224109,0,0.43439400197952066
BASE_x_R1a,8,test,1224371,1,0.23376093792257177
BASE_x_R1a,8,test,1225046,0,0.21866035234562856
BASE_x_R1a,8,test,1225334,0,0.3113350496147932
BASE_x_R1a,8,test,1226138,1,0.6840472829165247
BASE_x_R1a,8,test,1226825,1,0.7133821054456742
BASE_x_R1a,8,test,1227106,1,0.6009776965493177
BASE_x_R1a,8,test,1227437,1,0.7169466511772824
BASE_x_R1a,8,test,1227504,1,0.839735786702528
BASE_x_R1a,8,test,1228461,1,0.9623865302649854
BASE_x_R1a,8,test,1228747,1,0.7849376402493913
BASE_x_R1a,8,test,1229345,1,0.879974709705405
BASE_x_R1a,8,test,1229605,0,0.5145878981317686
BASE_x_R1a,8,test,1229725,1,0.8854991621777849
BASE_x_R1a,8,test,1229837,0,0.4605647389507667
BASE_x_R1a,8,test,1230721,1,0.346009997885542
BASE_x_R1a,8,test,1230781,0,0.24436758454982732
BASE_x_R1a,8,test,1230993,0,0.18219279246217138
BASE_x_R1a,8,test,1231100,0,0.582563799090165
BASE_x_R1a,8,test,1231979,1,0.6938599315911078
BASE_x_R1a,8,test,1232033,0,0.5754419847060632
BASE_x_R1a,8,test,1232062,0,0.2951065464307463
BASE_x_R1a,8,test,1232338,1,0.4033621628145088
BASE_x_R1a,8,test,1233095,1,0.7374388823035407
BASE_x_R1a,8,test,1233494,1,0.837340085577779
BASE_x_R1a,8,test,1233621,0,0.655323277117093
BASE_x_R1a,8,test,1233643,1,0.5694674996713122
BASE_x_R1a,8,test,1233791,1,0.3383324001950188
BASE_x_R1a,8,test,1234219,1,0.4459005830134355
BASE_x_R1a,8,test,1234804,1,0.5413737665662479
BASE_x_R1a,8,test,1235172,0,0.6001295323357041
BASE_x_R1a,8,test,1235236,1,0.5501836674392139
BASE_x_R1a,8,test,1235265,1,0.3090655625396193
BASE_x_R1a,8,test,1235336,1,0.7125468264509646
BASE_x_R1a,8,test,1235500,1,0.77385072231563
BASE_x_R1a,8,test,1235891,1,0.7203718998171398
BASE_x_R1a,8,test,1235985,1,0.6404610415090448
BASE_x_R1a,8,test,1236656,0,0.5190401515930835
BASE_x_R1a,8,test,1236862,0,0.29534554799465207
BASE_x_R1a,8,test,1236996,1,0.5737564206794894
BASE_x_R1a,8,test,1237093,0,0.7220098962231982
BASE_x_R1a,8,test,1237241,1,0.6610362311278459
BASE_x_R1a,8,test,1237508,1,0.4545185080049206
BASE_x_R1a,8,test,1237822,1,0.7991426601280416
BASE_x_R1a,8,test,1238174,1,0.5588983112496617
BASE_x_R1a,8,test,1238287,0,0.7543207790920843
BASE_x_R1a,8,test,1238521,1,0.4779934585807525
BASE_x_R1a,8,test,1238574,0,0.6852424920535485
BASE_x_R1a,8,test,1238594,0,0.619987771463972
BASE_x_R1a,8,test,1238960,1,0.7154956587178773
BASE_x_R1a,8,test,1239095,1,0.7916291502381217
BASE_x_R1a,8,test,1239148,0,0.34012654837192213
BASE_x_R1a,8,test,1239283,1,0.5356168427248155
BASE_x_R1a,8,test,1239609,1,0.6748450362844061
BASE_x_R1a,8,test,1240143,1,0.573840106484961
BASE_x_R1a,8,test,1240769,0,0.5376568792655289
BASE_x_R1a,8,test,1241628,0,0.44760001051051346
BASE_x_R1a,8,test,1241650,1,0.5900007055289166
BASE_x_R1a,8,test,1241779,1,0.5128044062047952
BASE_x_R1a,8,test,1241937,0,0.5395128230087691
BASE_x_R1a,8,test,1242167,0,0.6711212640427929
BASE_x_R1a,8,test,1242413,1,0.3945459919156265
BASE_x_R1a,8,test,1242673,1,0.7057193542670963
BASE_x_R1a,8,test,1242725,1,0.2628944176302947
BASE_x_R1a,8,test,1242835,1,0.5205451300623718
BASE_x_R1a,8,test,1243178,1,0.40929452509971315
BASE_x_R1a,8,test,1243465,0,0.20663378541532687
BASE_x_R1a,8,test,1243686,1,0.5864028661417998
BASE_x_R1a,8,test,1243992,1,0.6834710688218333
BASE_x_R1a,8,test,1244363,0,0.2831786582818872
BASE_x_R1a,8,test,1244765,0,0.4859641214674476
BASE_x_R1a,8,test,1245089,1,0.4568886284731699
BASE_x_R1a,8,test,1245566,1,0.4476828114202712
BASE_x_R1a,8,test,1245961,0,0.5105499409902845
BASE_x_R1a,8,test,1246192,1,0.4515074482903011
BASE_x_R1a,8,test,1246847,1,0.5607637681174711
BASE_x_R1a_resid,8,test,4993,1,0.5873978498798355
BASE_x_R1a_resid,8,test,13412,1,0.5262681843076542
BASE_x_R1a_resid,8,test,28836,1,0.612311745829385
BASE_x_R1a_resid,8,test,31934,1,0.5581342427015944
BASE_x_R1a_resid,8,test,34146,1,0.44937180160058937
BASE_x_R1a_resid,8,test,34233,0,0.3643512326362632
BASE_x_R1a_resid,8,test,36502,0,0.3660738157081918
BASE_x_R1a_resid,8,test,42331,1,0.865252282426985
BASE_x_R1a_resid,8,test,42858,0,0.3635681928911218
BASE_x_R1a_resid,8,test,47652,1,0.8615637150713621
BASE_x_R1a_resid,8,test,48545,0,0.2159401429330865
BASE_x_R1a_resid,8,test,52327,1,0.8308819243686267
BASE_x_R1a_resid,8,test,52433,1,0.6921825871453611
BASE_x_R1a_resid,8,test,56635,0,0.33491920596604297
BASE_x_R1a_resid,8,test,58630,1,0.6140408200938889
BASE_x_R1a_resid,8,test,60519,1,0.7576355024099339
BASE_x_R1a_resid,8,test,61752,1,0.7921958112614398
BASE_x_R1a_resid,8,test,66226,1,0.6071936344240669
BASE_x_R1a_resid,8,test,70147,0,0.6184218112259501
BASE_x_R1a_resid,8,test,75558,1,0.39722452559403776
BASE_x_R1a_resid,8,test,86310,1,0.7236821166197064
BASE_x_R1a_resid,8,test,86840,1,0.5806310684006104
BASE_x_R1a_resid,8,test,90722,1,0.767389550204429
BASE_x_R1a_resid,8,test,91249,1,0.4313869534105712
BASE_x_R1a_resid,8,test,95082,1,0.8201337264264733
BASE_x_R1a_resid,8,test,99452,0,0.3132174883157284
BASE_x_R1a_resid,8,test,112047,1,0.6980947091286793
BASE_x_R1a_resid,8,test,121204,0,0.7076353157154682
BASE_x_R1a_resid,8,test,121744,1,0.5833009119882022
BASE_x_R1a_resid,8,test,128956,1,0.8962927728518535
BASE_x_R1a_resid,8,test,136645,1,0.7092195678666608
BASE_x_R1a_resid,8,test,143353,1,0.6734042935148901
BASE_x_R1a_resid,8,test,143454,0,0.7190962014674159
BASE_x_R1a_resid,8,test,144703,1,0.7077540851457275
BASE_x_R1a_resid,8,test,147982,1,0.5609520921095497
BASE_x_R1a_resid,8,test,160197,1,0.44485785348113127
BASE_x_R1a_resid,8,test,160524,0,0.31186833981462
BASE_x_R1a_resid,8,test,164362,1,0.5114849831890385
BASE_x_R1a_resid,8,test,167183,1,0.5545365344416942
BASE_x_R1a_resid,8,test,171896,1,0.7479442221638866
BASE_x_R1a_resid,8,test,172578,1,0.743318547233892
BASE_x_R1a_resid,8,test,174626,1,0.7570212751774309
BASE_x_R1a_resid,8,test,177730,1,0.6054190973015556
BASE_x_R1a_resid,8,test,180933,1,0.5034896952286191
BASE_x_R1a_resid,8,test,184874,1,0.6751206059791063
BASE_x_R1a_resid,8,test,188271,1,0.7364350397897637
BASE_x_R1a_resid,8,test,193149,0,0.7307416627998434
BASE_x_R1a_resid,8,test,196058,1,0.6348856888862344
BASE_x_R1a_resid,8,test,199037,1,0.4646732864790243
BASE_x_R1a_resid,8,test,199177,0,0.29966147526973325
BASE_x_R1a_resid,8,test,203211,0,0.32867974235881986
BASE_x_R1a_resid,8,test,219309,1,0.6649193020958661
BASE_x_R1a_resid,8,test,223585,1,0.5855666414767908
BASE_x_R1a_resid,8,test,232490,0,0.44256236614166
BASE_x_R1a_resid,8,test,240229,0,0.3378922340900787
BASE_x_R1a_resid,8,test,270608,0,0.5143495637534373
BASE_x_R1a_resid,8,test,272772,1,0.7634560574271703
BASE_x_R1a_resid,8,test,273148,1,0.873611112303155
BASE_x_R1a_resid,8,test,273826,1,0.49674071933613134
BASE_x_R1a_resid,8,test,274179,0,0.7006788415923384
BASE_x_R1a_resid,8,test,274345,0,0.2038968859078879
BASE_x_R1a_resid,8,test,275744,1,0.3648602328399005
BASE_x_R1a_resid,8,test,278485,0,0.19694114773419844
BASE_x_R1a_resid,8,test,289992,1,0.8812140035757007
BASE_x_R1a_resid,8,test,292872,0,0.25938393929783876
BASE_x_R1a_resid,8,test,293922,0,0.6052255773421819
BASE_x_R1a_resid,8,test,297187,0,0.556243993670858
BASE_x_R1a_resid,8,test,297709,0,0.2873723882941958
BASE_x_R1a_resid,8,test,298252,0,0.12193853827246669
BASE_x_R1a_resid,8,test,298561,1,0.8310297044640089
BASE_x_R1a_resid,8,test,304753,1,0.7635353475293545
BASE_x_R1a_resid,8,test,310464,1,0.5526561815326108
BASE_x_R1a_resid,8,test,316099,0,0.3079762678101496
BASE_x_R1a_resid,8,test,319549,1,0.6339192270857337
BASE_x_R1a_resid,8,test,320374,0,0.3768193657760773
BASE_x_R1a_resid,8,test,323320,0,0.5196676349181211
BASE_x_R1a_resid,8,test,323797,0,0.4826599185167524
BASE_x_R1a_resid,8,test,330071,0,0.6481718768768578
BASE_x_R1a_resid,8,test,332959,0,0.4629209235460071
BASE_x_R1a_resid,8,test,334461,1,0.3213887705346831
BASE_x_R1a_resid,8,test,336907,0,0.48741351948532446
BASE_x_R1a_resid,8,test,337710,1,0.4963933688866778
BASE_x_R1a_resid,8,test,339319,1,0.8071678485025409
BASE_x_R1a_resid,8,test,348988,1,0.7885195348992096
BASE_x_R1a_resid,8,test,358239,1,0.8380082230699512
BASE_x_R1a_resid,8,test,359014,0,0.6442254493294374
BASE_x_R1a_resid,8,test,360745,1,0.6007596797122333
BASE_x_R1a_resid,8,test,366082,1,0.6750291341117907
BASE_x_R1a_resid,8,test,366344,0,0.7150487355306625
BASE_x_R1a_resid,8,test,367930,1,0.48282911273827234
BASE_x_R1a_resid,8,test,383626,1,0.7791199883671497
BASE_x_R1a_resid,8,test,384429,0,0.49397144018739064
BASE_x_R1a_resid,8,test,400416,0,0.6081658251200106
BASE_x_R1a_resid,8,test,402051,0,0.4619703787897388
BASE_x_R1a_resid,8,test,402349,0,0.33839891721860355
BASE_x_R1a_resid,8,test,402720,1,0.7725821711825622
BASE_x_R1a_resid,8,test,403399,0,0.4336856353124652
BASE_x_R1a_resid,8,test,406676,1,0.4490290696396781
BASE_x_R1a_resid,8,test,409579,1,0.5637026747792878
BASE_x_R1a_resid,8,test,409952,1,0.9140125411579112
BASE_x_R1a_resid,8,test,415824,1,0.3233479923269881
BASE_x_R1a_resid,8,test,419138,0,0.36467223209954647
BASE_x_R1a_resid,8,test,420633,1,0.6652810044385359
BASE_x_R1a_resid,8,test,421437,0,0.34629768735082456
BASE_x_R1a_resid,8,test,435249,1,0.8368612386086727
BASE_x_R1a_resid,8,test,437766,0,0.40632419311248436
BASE_x_R1a_resid,8,test,438536,0,0.6922695298916277
BASE_x_R1a_resid,8,test,448027,0,0.6400278940365994
BASE_x_R1a_resid,8,test,451600,1,0.5273235695925185
BASE_x_R1a_resid,8,test,457179,1,0.8860166940519696
BASE_x_R1a_resid,8,test,464118,0,0.45761664588861484
BASE_x_R1a_resid,8,test,471955,1,0.6854102926159164
BASE_x_R1a_resid,8,test,475921,0,0.47943179157012916
BASE_x_R1a_resid,8,test,480708,1,0.8369856931259119
BASE_x_R1a_resid,8,test,487515,1,0.8389432919633966
BASE_x_R1a_resid,8,test,490630,1,0.4256361091238841
BASE_x_R1a_resid,8,test,508244,0,0.2278255799786589
BASE_x_R1a_resid,8,test,510372,1,0.38493445170313545
BASE_x_R1a_resid,8,test,513568,0,0.31366435900016476
BASE_x_R1a_resid,8,test,525262,0,0.6286578429187534
BASE_x_R1a_resid,8,test,525973,0,0.6290062612034346
BASE_x_R1a_resid,8,test,527314,1,0.8282310011049536
BASE_x_R1a_resid,8,test,528647,1,0.7681833543881643
BASE_x_R1a_resid,8,test,536216,1,0.8148047110414915
BASE_x_R1a_resid,8,test,544864,1,0.4438801825641842
BASE_x_R1a_resid,8,test,548749,1,0.819521555548825
BASE_x_R1a_resid,8,test,550393,1,0.6987238354632497
BASE_x_R1a_resid,8,test,550790,0,0.3322150336147475
BASE_x_R1a_resid,8,test,550892,1,0.7378833768924282
BASE_x_R1a_resid,8,test,553161,0,0.885988018966191
BASE_x_R1a_resid,8,test,558899,1,0.692026512715236
BASE_x_R1a_resid,8,test,564394,0,0.2978831338287978
BASE_x_R1a_resid,8,test,565908,0,0.6009642700256447
BASE_x_R1a_resid,8,test,568516,0,0.22422429200533917
BASE_x_R1a_resid,8,test,573710,1,0.7396620837334653
BASE_x_R1a_resid,8,test,575730,0,0.4030424104950956
BASE_x_R1a_resid,8,test,581414,1,0.27628028837881524
BASE_x_R1a_resid,8,test,588986,1,0.5980453372582066
BASE_x_R1a_resid,8,test,589233,1,0.7019269765768512
BASE_x_R1a_resid,8,test,589857,0,0.3197394465580914
BASE_x_R1a_resid,8,test,595099,0,0.6359821471297095
BASE_x_R1a_resid,8,test,596051,1,0.5098047038029764
BASE_x_R1a_resid,8,test,596437,0,0.674948150772846
BASE_x_R1a_resid,8,test,597579,1,0.5185891116591695
BASE_x_R1a_resid,8,test,598165,1,0.41868700663924946
BASE_x_R1a_resid,8,test,612720,1,0.7303907109092138
BASE_x_R1a_resid,8,test,614481,0,0.4491798353590825
BASE_x_R1a_resid,8,test,616172,1,0.693571277912242
BASE_x_R1a_resid,8,test,620021,0,0.4359071662426078
BASE_x_R1a_resid,8,test,624692,1,0.4022168726494636
BASE_x_R1a_resid,8,test,627556,1,0.8142281811348373
BASE_x_R1a_resid,8,test,631543,1,0.8136522781700435
BASE_x_R1a_resid,8,test,642558,1,0.5248739505413605
BASE_x_R1a_resid,8,test,644299,1,0.6659720640315799
BASE_x_R1a_resid,8,test,646425,1,0.30057465391456356
BASE_x_R1a_resid,8,test,646867,1,0.7082386197861779
BASE_x_R1a_resid,8,test,648107,1,0.8072000820424213
BASE_x_R1a_resid,8,test,654746,1,0.7796427735866237
BASE_x_R1a_resid,8,test,655410,1,0.7183734833447138
BASE_x_R1a_resid,8,test,661193,0,0.734246263006725
BASE_x_R1a_resid,8,test,665656,1,0.6466228873333247
BASE_x_R1a_resid,8,test,671576,0,0.2648460915542792
BASE_x_R1a_resid,8,test,673052,1,0.7131779584693654
BASE_x_R1a_resid,8,test,675008,1,0.6555077052542216
BASE_x_R1a_resid,8,test,675907,0,0.5313020047686225
BASE_x_R1a_resid,8,test,678199,0,0.43976331644060407
BASE_x_R1a_resid,8,test,680963,0,0.8188470638482529
BASE_x_R1a_resid,8,test,686482,1,0.664340727331785
BASE_x_R1a_resid,8,test,700550,1,0.591326769739666
BASE_x_R1a_resid,8,test,700558,1,0.709916264840284
BASE_x_R1a_resid,8,test,702801,0,0.3912450380330544
BASE_x_R1a_resid,8,test,703048,0,0.7777742872769419
BASE_x_R1a_resid,8,test,710774,1,0.18167848979156878
BASE_x_R1a_resid,8,test,711637,1,0.7352533326599141
BASE_x_R1a_resid,8,test,711727,1,0.6329781592740307
BASE_x_R1a_resid,8,test,713883,1,0.29881814824928726
BASE_x_R1a_resid,8,test,714764,0,0.7339677439911325
BASE_x_R1a_resid,8,test,715113,1,0.6681704676999111
BASE_x_R1a_resid,8,test,718508,1,0.7968004770615679
BASE_x_R1a_resid,8,test,725514,0,0.5712638836921385
BASE_x_R1a_resid,8,test,726499,0,0.6061103410037061
BASE_x_R1a_resid,8,test,726953,0,0.5393323761272062
BASE_x_R1a_resid,8,test,732388,1,0.3334799647699057
BASE_x_R1a_resid,8,test,739674,0,0.3976312445428442
BASE_x_R1a_resid,8,test,743121,1,0.7212029827572768
BASE_x_R1a_resid,8,test,743318,0,0.4382735499502685
BASE_x_R1a_resid,8,test,743380,1,0.38905746857875223
BASE_x_R1a_resid,8,test,746564,0,0.2937055041698522
BASE_x_R1a_resid,8,test,746959,1,0.779657195521999
BASE_x_R1a_resid,8,test,749211,0,0.39197848554065146
BASE_x_R1a_resid,8,test,751827,1,0.7415455362097113
BASE_x_R1a_resid,8,test,752597,0,0.37651677209254203
BASE_x_R1a_resid,8,test,763893,0,0.4697810722991525
BASE_x_R1a_resid,8,test,767066,1,0.6156756705476447
BASE_x_R1a_resid,8,test,781627,1,0.28716979789408376
BASE_x_R1a_resid,8,test,783735,1,0.6109957996638904
BASE_x_R1a_resid,8,test,789093,0,0.649306751254628
BASE_x_R1a_resid,8,test,789824,0,0.21618203715031495
BASE_x_R1a_resid,8,test,803087,0,0.5001974412244643
BASE_x_R1a_resid,8,test,803189,0,0.341010832760672
BASE_x_R1a_resid,8,test,804052,1,0.8204233820164706
BASE_x_R1a_resid,8,test,806762,0,0.353336837583255
BASE_x_R1a_resid,8,test,816834,0,0.3016869731119052
BASE_x_R1a_resid,8,test,817995,1,0.8152191579566245
BASE_x_R1a_resid,8,test,820393,1,0.5651747942411486
BASE_x_R1a_resid,8,test,822633,1,0.27836440240441435
BASE_x_R1a_resid,8,test,831454,0,0.19736676338628276
BASE_x_R1a_resid,8,test,841748,1,0.6141430273321136
BASE_x_R1a_resid,8,test,847929,0,0.4641005122529831
BASE_x_R1a_resid,8,test,849472,1,0.7895742717572272
BASE_x_R1a_resid,8,test,857521,0,0.3918802619100941
BASE_x_R1a_resid,8,test,859236,0,0.34732088340316297
BASE_x_R1a_resid,8,test,859553,1,0.6247789785730249
BASE_x_R1a_resid,8,test,866317,1,0.9020045140753647
BASE_x_R1a_resid,8,test,866862,0,0.48065954441590814
BASE_x_R1a_resid,8,test,869519,1,0.1870586988559938
BASE_x_R1a_resid,8,test,870371,1,0.6596563002889857
BASE_x_R1a_resid,8,test,878721,0,0.6171194033795103
BASE_x_R1a_resid,8,test,882885,1,0.7245398724284599
BASE_x_R1a_resid,8,test,884569,1,0.6192517616274502
BASE_x_R1a_resid,8,test,894409,1,0.6255597063853927
BASE_x_R1a_resid,8,test,896596,1,0.635247586263358
BASE_x_R1a_resid,8,test,899067,0,0.27844340221888847
BASE_x_R1a_resid,8,test,900957,1,0.8626169946792299
BASE_x_R1a_resid,8,test,929375,1,0.5408081408744548
BASE_x_R1a_resid,8,test,935158,1,0.77010251908875
BASE_x_R1a_resid,8,test,947168,1,0.7072517042307583
BASE_x_R1a_resid,8,test,951465,0,0.6365643982358491
BASE_x_R1a_resid,8,test,952219,0,0.4844805981736879
BASE_x_R1a_resid,8,test,952566,1,0.6575328594672308
BASE_x_R1a_resid,8,test,952824,1,0.6657123008288752
BASE_x_R1a_resid,8,test,953299,1,0.35401071373821824
BASE_x_R1a_resid,8,test,953656,0,0.8084426920634047
BASE_x_R1a_resid,8,test,954370,1,0.6592653772757306
BASE_x_R1a_resid,8,test,958048,1,0.5792155841538006
BASE_x_R1a_resid,8,test,958416,1,0.7987354030810093
BASE_x_R1a_resid,8,test,959155,0,0.5345453176626906
BASE_x_R1a_resid,8,test,961819,0,0.6001123529817435
BASE_x_R1a_resid,8,test,963540,1,0.661239768450619
BASE_x_R1a_resid,8,test,967064,1,0.5776656580310217
BASE_x_R1a_resid,8,test,967439,0,0.7972931718619496
BASE_x_R1a_resid,8,test,970464,1,0.6766447543108194
BASE_x_R1a_resid,8,test,975370,0,0.6911857126342427
BASE_x_R1a_resid,8,test,975490,1,0.6589294555907677
BASE_x_R1a_resid,8,test,980697,0,0.6450252262039555
BASE_x_R1a_resid,8,test,982477,0,0.3328195887651232
BASE_x_R1a_resid,8,test,984568,1,0.38470867857049157
BASE_x_R1a_resid,8,test,986271,0,0.3659667122786262
BASE_x_R1a_resid,8,test,991060,1,0.8543450461120332
BASE_x_R1a_resid,8,test,993731,1,0.8242724365594125
BASE_x_R1a_resid,8,test,995496,1,0.6161380079076682
BASE_x_R1a_resid,8,test,1000434,1,0.6828998100421153
BASE_x_R1a_resid,8,test,1002373,1,0.8462086562994522
BASE_x_R1a_resid,8,test,1002391,0,0.2119837989432876
BASE_x_R1a_resid,8,test,1005401,1,0.6157088825416384
BASE_x_R1a_resid,8,test,1006451,0,0.7070664986035176
BASE_x_R1a_resid,8,test,1013371,1,0.44534582057923006
BASE_x_R1a_resid,8,test,1043319,0,0.5365970257102407
BASE_x_R1a_resid,8,test,1048580,1,0.8027462598928932
BASE_x_R1a_resid,8,test,1058965,1,0.5389341679953866
BASE_x_R1a_resid,8,test,1063771,0,0.5159781568006587
BASE_x_R1a_resid,8,test,1064130,1,0.6687030328920719
BASE_x_R1a_resid,8,test,1064271,1,0.868705604255287
BASE_x_R1a_resid,8,test,1066734,1,0.8077529728210368
BASE_x_R1a_resid,8,test,1068069,1,0.6638089289758554
BASE_x_R1a_resid,8,test,1068151,0,0.4425261067090351
BASE_x_R1a_resid,8,test,1073471,1,0.815544985549342
BASE_x_R1a_resid,8,test,1073787,1,0.4400894727804978
BASE_x_R1a_resid,8,test,1074133,1,0.5556220217112737
BASE_x_R1a_resid,8,test,1074312,0,0.5913979021797242
BASE_x_R1a_resid,8,test,1074579,0,0.3983846996994246
BASE_x_R1a_resid,8,test,1075228,1,0.7420493134977465
BASE_x_R1a_resid,8,test,1075404,1,0.8222277963746404
BASE_x_R1a_resid,8,test,1075557,1,0.5816461716481125
BASE_x_R1a_resid,8,test,1075699,1,0.32735415586870437
BASE_x_R1a_resid,8,test,1076995,0,0.541856387019061
BASE_x_R1a_resid,8,test,1077013,1,0.5388483758350728
BASE_x_R1a_resid,8,test,1077187,1,0.7508597252962139
BASE_x_R1a_resid,8,test,1078392,1,0.3086501396356725
BASE_x_R1a_resid,8,test,1080366,1,0.8354240551367147
BASE_x_R1a_resid,8,test,1080609,0,0.5052296349591546
BASE_x_R1a_resid,8,test,1082670,1,0.8725148661524329
BASE_x_R1a_resid,8,test,1084267,1,0.7680420610158138
BASE_x_R1a_resid,8,test,1084373,1,0.7277026782251865
BASE_x_R1a_resid,8,test,1086129,1,0.5600338424257716
BASE_x_R1a_resid,8,test,1087796,0,0.538110726123031
BASE_x_R1a_resid,8,test,1089175,1,0.8045090808965557
BASE_x_R1a_resid,8,test,1089310,0,0.6390559803470376
BASE_x_R1a_resid,8,test,1090560,1,0.3383933961214766
BASE_x_R1a_resid,8,test,1092437,1,0.7643707645040955
BASE_x_R1a_resid,8,test,1092889,1,0.8180652802097392
BASE_x_R1a_resid,8,test,1092948,1,0.5345246180400894
BASE_x_R1a_resid,8,test,1093742,1,0.7210601989600315
BASE_x_R1a_resid,8,test,1093825,1,0.8725198259572842
BASE_x_R1a_resid,8,test,1094441,0,0.6698719635828826
BASE_x_R1a_resid,8,test,1094522,1,0.7495600572685011
BASE_x_R1a_resid,8,test,1094558,1,0.6638916681933142
BASE_x_R1a_resid,8,test,1095940,1,0.8292265833611809
BASE_x_R1a_resid,8,test,1096111,1,0.649188112306794
BASE_x_R1a_resid,8,test,1096586,0,0.17274522812873083
BASE_x_R1a_resid,8,test,1096858,1,0.7461237605841127
BASE_x_R1a_resid,8,test,1098420,0,0.27206111568256824
BASE_x_R1a_resid,8,test,1099234,1,0.6905438442456057
BASE_x_R1a_resid,8,test,1100516,0,0.3407966695352518
BASE_x_R1a_resid,8,test,1102873,1,0.6415257725761001
BASE_x_R1a_resid,8,test,1103063,0,0.5777242082666335
BASE_x_R1a_resid,8,test,1103930,1,0.8507096156057911
BASE_x_R1a_resid,8,test,1104012,1,0.737256084654156
BASE_x_R1a_resid,8,test,1104038,1,0.8915191472888258
BASE_x_R1a_resid,8,test,1104113,1,0.6493535338778806
BASE_x_R1a_resid,8,test,1104405,1,0.7600791899038484
BASE_x_R1a_resid,8,test,1105614,0,0.17853209410545215
BASE_x_R1a_resid,8,test,1105715,1,0.4886238425342577
BASE_x_R1a_resid,8,test,1106213,0,0.6420239066109028
BASE_x_R1a_resid,8,test,1106596,0,0.6087840958369868
BASE_x_R1a_resid,8,test,1106632,0,0.22508210508577067
BASE_x_R1a_resid,8,test,1107056,1,0.3720771526515218
BASE_x_R1a_resid,8,test,1107575,0,0.6842359217489153
BASE_x_R1a_resid,8,test,1108050,1,0.7989386925206461
BASE_x_R1a_resid,8,test,1109030,1,0.8256126782488183
BASE_x_R1a_resid,8,test,1109275,1,0.9172898999754976
BASE_x_R1a_resid,8,test,1109280,1,0.7434480581512433
BASE_x_R1a_resid,8,test,1109411,0,0.6261878123377841
BASE_x_R1a_resid,8,test,1109506,1,0.8285316640159133
BASE_x_R1a_resid,8,test,1109765,1,0.5955238288399713
BASE_x_R1a_resid,8,test,1110061,1,0.8588730896761545
BASE_x_R1a_resid,8,test,1111123,1,0.3803991124898971
BASE_x_R1a_resid,8,test,1111153,0,0.616573996577618
BASE_x_R1a_resid,8,test,1112238,1,0.4451645138631797
BASE_x_R1a_resid,8,test,1112306,1,0.5128330985864611
BASE_x_R1a_resid,8,test,1112461,0,0.5578758566004806
BASE_x_R1a_resid,8,test,1113098,1,0.43563977232353146
BASE_x_R1a_resid,8,test,1113133,0,0.2852602876092583
BASE_x_R1a_resid,8,test,1113536,0,0.47677697861240537
BASE_x_R1a_resid,8,test,1113857,0,0.7092043909045426
BASE_x_R1a_resid,8,test,1114993,0,0.4674139386791728
BASE_x_R1a_resid,8,test,1115212,1,0.47704732434611397
BASE_x_R1a_resid,8,test,1115227,1,0.8216515784402493
BASE_x_R1a_resid,8,test,1116298,1,0.8683576489596159
BASE_x_R1a_resid,8,test,1117370,1,0.8216306149348926
BASE_x_R1a_resid,8,test,1117576,0,0.6221366517406912
BASE_x_R1a_resid,8,test,1117869,1,0.7978682039382784
BASE_x_R1a_resid,8,test,1119647,1,0.5732828778305581
BASE_x_R1a_resid,8,test,1119855,0,0.18387695729252054
BASE_x_R1a_resid,8,test,1120705,1,0.838470729965171
BASE_x_R1a_resid,8,test,1120775,1,0.43970941098431504
BASE_x_R1a_resid,8,test,1121795,1,0.6762426071597525
BASE_x_R1a_resid,8,test,1121914,1,0.6955211152350899
BASE_x_R1a_resid,8,test,1122034,1,0.7668332169760554
BASE_x_R1a_resid,8,test,1123103,1,0.6402378790445868
BASE_x_R1a_resid,8,test,1123551,0,0.3613236896978811
BASE_x_R1a_resid,8,test,1123876,0,0.2837330521051815
BASE_x_R1a_resid,8,test,1124180,0,0.3472920292139849
BASE_x_R1a_resid,8,test,1124193,0,0.282414987141555
BASE_x_R1a_resid,8,test,1124330,0,0.7379872268387726
BASE_x_R1a_resid,8,test,1124468,1,0.6064064822784677
BASE_x_R1a_resid,8,test,1124477,1,0.6105466425648788
BASE_x_R1a_resid,8,test,1125143,1,0.253358623904939
BASE_x_R1a_resid,8,test,1125355,1,0.8420833805859013
BASE_x_R1a_resid,8,test,1125471,1,0.68776893370419
BASE_x_R1a_resid,8,test,1126443,0,0.4780263529768114
BASE_x_R1a_resid,8,test,1127285,0,0.8360600816982768
BASE_x_R1a_resid,8,test,1127703,1,0.23941335491680157
BASE_x_R1a_resid,8,test,1128042,1,0.447965342316643
BASE_x_R1a_resid,8,test,1128340,1,0.37704466426953587
BASE_x_R1a_resid,8,test,1128952,0,0.5258496588239475
BASE_x_R1a_resid,8,test,1129401,1,0.5000350916928107
BASE_x_R1a_resid,8,test,1129711,0,0.46953382320760445
BASE_x_R1a_resid,8,test,1129961,0,0.11281128693031699
BASE_x_R1a_resid,8,test,1130408,1,0.7819070512200754
BASE_x_R1a_resid,8,test,1130747,1,0.8624510437798709
BASE_x_R1a_resid,8,test,1132061,1,0.27184492932682025
BASE_x_R1a_resid,8,test,1132205,1,0.7424281108555276
BASE_x_R1a_resid,8,test,1133607,1,0.7651301393662798
BASE_x_R1a_resid,8,test,1134193,1,0.8063379954313215
BASE_x_R1a_resid,8,test,1134855,0,0.2080948192383167
BASE_x_R1a_resid,8,test,1135094,0,0.25175855864024355
BASE_x_R1a_resid,8,test,1135156,1,0.749363034053831
BASE_x_R1a_resid,8,test,1135626,1,0.5453570455434796
BASE_x_R1a_resid,8,test,1136790,1,0.4717728710028913
BASE_x_R1a_resid,8,test,1136925,0,0.7279117211710875
BASE_x_R1a_resid,8,test,1136946,0,0.22534616167168486
BASE_x_R1a_resid,8,test,1137147,1,0.5559922874533954
BASE_x_R1a_resid,8,test,1137818,1,0.169668613498728
BASE_x_R1a_resid,8,test,1139212,1,0.6021250081658119
BASE_x_R1a_resid,8,test,1140316,1,0.836624877948276
BASE_x_R1a_resid,8,test,1141311,0,0.8030007789141742
BASE_x_R1a_resid,8,test,1142206,1,0.7681229398573498
BASE_x_R1a_resid,8,test,1143112,1,0.8891908016811867
BASE_x_R1a_resid,8,test,1143116,0,0.19612827571491617
BASE_x_R1a_resid,8,test,1143869,0,0.47989893691416163
BASE_x_R1a_resid,8,test,1144028,0,0.5106057635088702
BASE_x_R1a_resid,8,test,1144147,0,0.6070193508437487
BASE_x_R1a_resid,8,test,1144260,0,0.6307832262102429
BASE_x_R1a_resid,8,test,1144336,1,0.8751446167091117
BASE_x_R1a_resid,8,test,1144580,1,0.3251151256401263
BASE_x_R1a_resid,8,test,1144734,1,0.5298998589507741
BASE_x_R1a_resid,8,test,1145959,1,0.7465945530360263
BASE_x_R1a_resid,8,test,1146529,1,0.7637373787991169
BASE_x_R1a_resid,8,test,1147010,1,0.6734022844146673
BASE_x_R1a_resid,8,test,1147390,0,0.19472235886642356
BASE_x_R1a_resid,8,test,1148110,0,0.8666139312033798
BASE_x_R1a_resid,8,test,1148113,1,0.33804722578849244
BASE_x_R1a_resid,8,test,1148116,1,0.6811658320031145
BASE_x_R1a_resid,8,test,1148282,1,0.7206423751326021
BASE_x_R1a_resid,8,test,1149102,1,0.5131388418133228
BASE_x_R1a_resid,8,test,1149201,1,0.23285225560607906
BASE_x_R1a_resid,8,test,1149501,0,0.6374864892404764
BASE_x_R1a_resid,8,test,1150217,1,0.6116701389074697
BASE_x_R1a_resid,8,test,1151002,1,0.3722323580069865
BASE_x_R1a_resid,8,test,1151513,1,0.6250592018321243
BASE_x_R1a_resid,8,test,1151603,1,0.3343940103770236
BASE_x_R1a_resid,8,test,1151994,1,0.8028612056542768
BASE_x_R1a_resid,8,test,1152408,0,0.5259552194685394
BASE_x_R1a_resid,8,test,1152825,0,0.8069774470274181
BASE_x_R1a_resid,8,test,1152931,1,0.32409729582446045
BASE_x_R1a_resid,8,test,1152961,1,0.5759334378794536
BASE_x_R1a_resid,8,test,1153023,1,0.6500758663592499
BASE_x_R1a_resid,8,test,1153155,1,0.5464213592367259
BASE_x_R1a_resid,8,test,1153244,1,0.27311516639703903
BASE_x_R1a_resid,8,test,1153516,0,0.19838564429191727
BASE_x_R1a_resid,8,test,1153690,1,0.8975166437771737
BASE_x_R1a_resid,8,test,1153773,1,0.7767902751825407
BASE_x_R1a_resid,8,test,1154175,1,0.43310007190778416
BASE_x_R1a_resid,8,test,1154191,1,0.7565426649879369
BASE_x_R1a_resid,8,test,1154265,0,0.37246357381668377
BASE_x_R1a_resid,8,test,1154288,1,0.721250174093677
BASE_x_R1a_resid,8,test,1154652,0,0.36793078050109956
BASE_x_R1a_resid,8,test,1154833,1,0.6081338881293008
BASE_x_R1a_resid,8,test,1155186,1,0.6444892139960333
BASE_x_R1a_resid,8,test,1156023,1,0.23281660471725402
BASE_x_R1a_resid,8,test,1156786,1,0.3041664199056001
BASE_x_R1a_resid,8,test,1157000,1,0.6588948707484018
BASE_x_R1a_resid,8,test,1157440,0,0.6079985878945177
BASE_x_R1a_resid,8,test,1205766,1,0.8012599143649659
BASE_x_R1a_resid,8,test,1206310,1,0.33685955348107444
BASE_x_R1a_resid,8,test,1207393,1,0.6159183869663627
BASE_x_R1a_resid,8,test,1207484,0,0.6296457352588755
BASE_x_R1a_resid,8,test,1207793,1,0.49108516192538315
BASE_x_R1a_resid,8,test,1207980,1,0.7438250727845712
BASE_x_R1a_resid,8,test,1208257,0,0.5768288490137655
BASE_x_R1a_resid,8,test,1208422,1,0.5890350979380258
BASE_x_R1a_resid,8,test,1208898,1,0.4955161969529261
BASE_x_R1a_resid,8,test,1209429,1,0.4721213902324525
BASE_x_R1a_resid,8,test,1209469,1,0.7498146510351441
BASE_x_R1a_resid,8,test,1209958,1,0.5307338435585143
BASE_x_R1a_resid,8,test,1210809,1,0.774877389607355
BASE_x_R1a_resid,8,test,1211001,1,0.6977627407492737
BASE_x_R1a_resid,8,test,1211104,1,0.7001450510766891
BASE_x_R1a_resid,8,test,1211177,1,0.6778833129717374
BASE_x_R1a_resid,8,test,1211297,1,0.5949982245380805
BASE_x_R1a_resid,8,test,1211345,1,0.6783092043074082
BASE_x_R1a_resid,8,test,1212336,1,0.7768670024897938
BASE_x_R1a_resid,8,test,1212354,0,0.3982069120161191
BASE_x_R1a_resid,8,test,1212394,1,0.300701242276398
BASE_x_R1a_resid,8,test,1212451,0,0.505169410937955
BASE_x_R1a_resid,8,test,1212690,0,0.6679236503100757
BASE_x_R1a_resid,8,test,1212738,1,0.8051482972805595
BASE_x_R1a_resid,8,test,1212865,1,0.6012726083799623
BASE_x_R1a_resid,8,test,1213130,1,0.39303241938246797
BASE_x_R1a_resid,8,test,1213974,0,0.6887908984599891
BASE_x_R1a_resid,8,test,1213978,0,0.27499032809399687
BASE_x_R1a_resid,8,test,1214506,1,0.7071417886966869
BASE_x_R1a_resid,8,test,1214597,1,0.20603674783101358
BASE_x_R1a_resid,8,test,1214861,1,0.8922607974241302
BASE_x_R1a_resid,8,test,1215132,0,0.27713340321835767
BASE_x_R1a_resid,8,test,1215142,0,0.48138289523997707
BASE_x_R1a_resid,8,test,1215252,0,0.404188438543169
BASE_x_R1a_resid,8,test,1215921,1,0.4504488422438804
BASE_x_R1a_resid,8,test,1216188,0,0.5494938437951761
BASE_x_R1a_resid,8,test,1217243,1,0.5968942094659457
BASE_x_R1a_resid,8,test,1217757,1,0.4745732773307136
BASE_x_R1a_resid,8,test,1217948,1,0.3928366730470679
BASE_x_R1a_resid,8,test,1218110,0,0.32133318399564154
BASE_x_R1a_resid,8,test,1218477,1,0.21885801622715906
BASE_x_R1a_resid,8,test,1218980,0,0.527926183433929
BASE_x_R1a_resid,8,test,1219301,0,0.6294711435233775
BASE_x_R1a_resid,8,test,1219890,1,0.7865702528254684
BASE_x_R1a_resid,8,test,1219958,0,0.3031086775601422
BASE_x_R1a_resid,8,test,1220156,0,0.420240564541568
BASE_x_R1a_resid,8,test,1220386,0,0.1819549025423349
BASE_x_R1a_resid,8,test,1220459,0,0.6356325880837485
BASE_x_R1a_resid,8,test,1220605,1,0.46213821879106126
BASE_x_R1a_resid,8,test,1220638,1,0.7725920416972678
BASE_x_R1a_resid,8,test,1220887,1,0.6756038592059105
BASE_x_R1a_resid,8,test,1221171,1,0.8123036678482815
BASE_x_R1a_resid,8,test,1221605,1,0.748875852506636
BASE_x_R1a_resid,8,test,1221682,1,0.7999768707354729
BASE_x_R1a_resid,8,test,1221707,0,0.4222838338369732
BASE_x_R1a_resid,8,test,1222037,1,0.8177700125114272
BASE_x_R1a_resid,8,test,1222336,0,0.44460902581748213
BASE_x_R1a_resid,8,test,1222424,1,0.5336152361873007
BASE_x_R1a_resid,8,test,1222642,0,0.5502144990509394
BASE_x_R1a_resid,8,test,1223017,1,0.4328039217375907
BASE_x_R1a_resid,8,test,1223193,0,0.5955331562159948
BASE_x_R1a_resid,8,test,1223272,1,0.4749595418805269
BASE_x_R1a_resid,8,test,1223681,1,0.5113346181549856
BASE_x_R1a_resid,8,test,1224109,0,0.45889620808171716
BASE_x_R1a_resid,8,test,1224371,1,0.24835825371437012
BASE_x_R1a_resid,8,test,1225046,0,0.2597173537280672
BASE_x_R1a_resid,8,test,1225334,0,0.28172677104008825
BASE_x_R1a_resid,8,test,1226138,1,0.6918789794570483
BASE_x_R1a_resid,8,test,1226825,1,0.6571588451760444
BASE_x_R1a_resid,8,test,1227106,1,0.652334805932815
BASE_x_R1a_resid,8,test,1227437,1,0.7523117273060734
BASE_x_R1a_resid,8,test,1227504,1,0.7780913253733418
BASE_x_R1a_resid,8,test,1228461,1,0.9237317061771203
BASE_x_R1a_resid,8,test,1228747,1,0.7790793809584616
BASE_x_R1a_resid,8,test,1229345,1,0.8335569182364935
BASE_x_R1a_resid,8,test,1229605,0,0.5177714984275813
BASE_x_R1a_resid,8,test,1229725,1,0.8707567922132874
BASE_x_R1a_resid,8,test,1229837,0,0.45033023959740426
BASE_x_R1a_resid,8,test,1230721,1,0.3724750610053607
BASE_x_R1a_resid,8,test,1230781,0,0.26366331536219717
BASE_x_R1a_resid,8,test,1230993,0,0.20234283295135028
BASE_x_R1a_resid,8,test,1231100,0,0.5725636876209036
BASE_x_R1a_resid,8,test,1231979,1,0.762383380222515
BASE_x_R1a_resid,8,test,1232033,0,0.6044010150145127
BASE_x_R1a_resid,8,test,1232062,0,0.3296248480284676
BASE_x_R1a_resid,8,test,1232338,1,0.3465490741210095
BASE_x_R1a_resid,8,test,1233095,1,0.7440103469700583
BASE_x_R1a_resid,8,test,1233494,1,0.7899844401689203
BASE_x_R1a_resid,8,test,1233621,0,0.6931096539403498
BASE_x_R1a_resid,8,test,1233643,1,0.5482615182476102
BASE_x_R1a_resid,8,test,1233791,1,0.3597490572026937
BASE_x_R1a_resid,8,test,1234219,1,0.48292367160103394
BASE_x_R1a_resid,8,test,1234804,1,0.4909633226562832
BASE_x_R1a_resid,8,test,1235172,0,0.557474809492328
BASE_x_R1a_resid,8,test,1235236,1,0.5933002132127172
BASE_x_R1a_resid,8,test,1235265,1,0.3121184686006213
BASE_x_R1a_resid,8,test,1235336,1,0.7165964380672234
BASE_x_R1a_resid,8,test,1235500,1,0.7096404190226181
BASE_x_R1a_resid,8,test,1235891,1,0.7487320443647892
BASE_x_R1a_resid,8,test,1235985,1,0.6193159794115125
BASE_x_R1a_resid,8,test,1236656,0,0.4621664268680131
BASE_x_R1a_resid,8,test,1236862,0,0.28834152511670935
BASE_x_R1a_resid,8,test,1236996,1,0.6170646238298637
BASE_x_R1a_resid,8,test,1237093,0,0.7107246554878821
BASE_x_R1a_resid,8,test,1237241,1,0.6841044389896375
BASE_x_R1a_resid,8,test,1237508,1,0.44052562481449825
BASE_x_R1a_resid,8,test,1237822,1,0.810260604681135
BASE_x_R1a_resid,8,test,1238174,1,0.5064323287219532
BASE_x_R1a_resid,8,test,1238287,0,0.7609229484306926
BASE_x_R1a_resid,8,test,1238521,1,0.42849937822608175
BASE_x_R1a_resid,8,test,1238574,0,0.7245208243178233
BASE_x_R1a_resid,8,test,1238594,0,0.6131691532421449
BASE_x_R1a_resid,8,test,1238960,1,0.7602247253228491
BASE_x_R1a_resid,8,test,1239095,1,0.7826400205339145
BASE_x_R1a_resid,8,test,1239148,0,0.30057545502376887
BASE_x_R1a_resid,8,test,1239283,1,0.5698612648515112
BASE_x_R1a_resid,8,test,1239609,1,0.7241224394057177
BASE_x_R1a_resid,8,test,1240143,1,0.5916282557173287
BASE_x_R1a_resid,8,test,1240769,0,0.6441653778816981
BASE_x_R1a_resid,8,test,1241628,0,0.4954463775354472
BASE_x_R1a_resid,8,test,1241650,1,0.635286050788509
BASE_x_R1a_resid,8,test,1241779,1,0.6605675257816563
BASE_x_R1a_resid,8,test,1241937,0,0.5873879619380393
BASE_x_R1a_resid,8,test,1242167,0,0.6840465182879747
BASE_x_R1a_resid,8,test,1242413,1,0.49976623718070384
BASE_x_R1a_resid,8,test,1242673,1,0.7348806694993572
BASE_x_R1a_resid,8,test,1242725,1,0.3575271475657065
BASE_x_R1a_resid,8,test,1242835,1,0.5839664944984828
BASE_x_R1a_resid,8,test,1243178,1,0.38952350662822033
BASE_x_R1a_resid,8,test,1243465,0,0.2718292839730832
BASE_x_R1a_resid,8,test,1243686,1,0.5818862696891507
BASE_x_R1a_resid,8,test,1243992,1,0.6046548896473768
BASE_x_R1a_resid,8,test,1244363,0,0.21486294156937474
BASE_x_R1a_resid,8,test,1244765,0,0.5160526547347214
BASE_x_R1a_resid,8,test,1245089,1,0.4966192840293276
BASE_x_R1a_resid,8,test,1245566,1,0.46998425012442857
BASE_x_R1a_resid,8,test,1245961,0,0.5549379928852318
BASE_x_R1a_resid,8,test,1246192,1,0.552575246065471
BASE_x_R1a_resid,8,test,1246847,1,0.5893650739446304
BASE,9,test,22854,1,0.4066999259358867
BASE,9,test,31619,1,0.5399618035441552
BASE,9,test,33368,1,0.6017435562183259
BASE,9,test,34428,0,0.601587115313979
BASE,9,test,42450,1,0.6607010705380945
BASE,9,test,42727,1,0.6658885616120083
BASE,9,test,42908,1,0.8332204142705234
BASE,9,test,51391,0,0.7291453326751056
BASE,9,test,54388,0,0.5761491839513966
BASE,9,test,54735,0,0.5036345860203791
BASE,9,test,56524,0,0.7711056521260495
BASE,9,test,57684,1,0.41625941685226914
BASE,9,test,59792,0,0.41169649665991975
BASE,9,test,60346,1,0.6768816202733382
BASE,9,test,63449,0,0.518798106191159
BASE,9,test,70693,0,0.8244513494128283
BASE,9,test,71535,1,0.693489148001026
BASE,9,test,80412,1,0.5405600896060101
BASE,9,test,89847,1,0.6433585517416972
BASE,9,test,90769,1,0.3767586202623648
BASE,9,test,96454,1,0.5846794225535445
BASE,9,test,102708,1,0.6438640495408091
BASE,9,test,109213,1,0.5999351231946263
BASE,9,test,111090,1,0.35321941581896155
BASE,9,test,114318,1,0.26048382568312045
BASE,9,test,125059,1,0.6533835335036552
BASE,9,test,130131,0,0.4055609737722502
BASE,9,test,153929,1,0.5299204070528303
BASE,9,test,156299,1,0.6723955018236382
BASE,9,test,160606,0,0.3549768319861785
BASE,9,test,166451,1,0.4526576678708598
BASE,9,test,167183,1,0.582917690124256
BASE,9,test,171833,1,0.7184969108235143
BASE,9,test,179049,0,0.1580524154863019
BASE,9,test,183204,0,0.2785579942795199
BASE,9,test,184704,0,0.6707183860212289
BASE,9,test,185768,1,0.8274587013762427
BASE,9,test,186257,0,0.21102546713981343
BASE,9,test,203461,1,0.6510464353445312
BASE,9,test,211001,0,0.3558372544096299
BASE,9,test,213739,0,0.6158505782015826
BASE,9,test,214271,1,0.2230428292420172
BASE,9,test,223651,1,0.5443683254978197
BASE,9,test,226106,1,0.8482587011330444
BASE,9,test,229959,1,0.65804734979327
BASE,9,test,234471,0,0.09377169294111402
BASE,9,test,234531,1,0.5090579788343895
BASE,9,test,245344,0,0.4284979695230202
BASE,9,test,278134,1,0.6528740754001737
BASE,9,test,280650,1,0.9089630726494464
BASE,9,test,286403,1,0.6715162882239669
BASE,9,test,286411,1,0.720658086299279
BASE,9,test,290944,0,0.6988600854177196
BASE,9,test,295284,0,0.34458646642431723
BASE,9,test,300174,0,0.3448989334544587
BASE,9,test,300313,0,0.33242065522942865
BASE,9,test,301917,1,0.7224941096807477
BASE,9,test,302506,1,0.6770128541153483
BASE,9,test,308684,1,0.33306869922415755
BASE,9,test,310596,0,0.6217078333245252
BASE,9,test,312434,1,0.6475151072901114
BASE,9,test,312582,1,0.8171546515091103
BASE,9,test,314668,1,0.6331034583646712
BASE,9,test,319703,1,0.5377046250524501
BASE,9,test,343044,1,0.7385914637327926
BASE,9,test,345361,1,0.5759754904690426
BASE,9,test,345832,0,0.505264500886994
BASE,9,test,348496,1,0.5652018280880674
BASE,9,test,351126,1,0.6266417741407407
BASE,9,test,359014,0,0.6032777894871088
BASE,9,test,360745,1,0.5658451122548342
BASE,9,test,361397,1,0.5146610806921
BASE,9,test,364502,1,0.30066964437972926
BASE,9,test,369818,1,0.8421255160320353
BASE,9,test,378412,1,0.5798962795192967
BASE,9,test,380225,1,0.824660845564396
BASE,9,test,382552,1,0.6594624872918842
BASE,9,test,400980,1,0.9340709236389938
BASE,9,test,402051,0,0.48427286597518404
BASE,9,test,402720,1,0.8236307375292096
BASE,9,test,412807,0,0.5459715357599847
BASE,9,test,414906,0,0.15137122101049172
BASE,9,test,419260,1,0.6632490660178127
BASE,9,test,419522,1,0.5786261370706769
BASE,9,test,427380,1,0.618441508789231
BASE,9,test,432045,0,0.38470552650478956
BASE,9,test,432540,1,0.33807725071759676
BASE,9,test,437766,0,0.42578126442808206
BASE,9,test,438848,1,0.8370118624453482
BASE,9,test,443578,0,0.35298791061136375
BASE,9,test,444203,0,0.2817799014408131
BASE,9,test,444684,1,0.5726165832373987
BASE,9,test,445318,0,0.7481722782598197
BASE,9,test,448027,0,0.4903766012678448
BASE,9,test,451600,1,0.4230431894313298
BASE,9,test,452974,0,0.5190286932317717
BASE,9,test,454642,1,0.5207201214076591
BASE,9,test,455395,1,0.7444602431522783
BASE,9,test,461519,1,0.6493762814091545
BASE,9,test,463375,1,0.8573528159340842
BASE,9,test,465763,1,0.8513117052880788
BASE,9,test,468086,1,0.45599830035880645
BASE,9,test,470865,1,0.8386208646268577
BASE,9,test,471363,1,0.5002058789176341
BASE,9,test,474709,1,0.7910608270800117
BASE,9,test,475893,0,0.2971805253101496
BASE,9,test,480598,1,0.5574771068829627
BASE,9,test,485608,1,0.8651412997134476
BASE,9,test,486341,0,0.11831499787496938
BASE,9,test,486523,0,0.46544898834390575
BASE,9,test,487515,1,0.8135120694909793
BASE,9,test,488665,0,0.44466552108397067
BASE,9,test,492132,0,0.7250581526638343
BASE,9,test,493092,1,0.5796335032556725
BASE,9,test,493415,1,0.6249038357805153
BASE,9,test,503441,0,0.4088264382418162
BASE,9,test,508800,0,0.16066734381147105
BASE,9,test,512180,1,0.7010520504580502
BASE,9,test,513398,0,0.354669648486179
BASE,9,test,513966,0,0.602926581437972
BASE,9,test,517848,1,0.783175023069326
BASE,9,test,518232,1,0.741240799271511
BASE,9,test,525973,0,0.6126444926954353
BASE,9,test,529499,0,0.5667639806311361
BASE,9,test,529750,0,0.5327494551884414
BASE,9,test,529816,1,0.5256859671449378
BASE,9,test,529885,0,0.7641936359523237
BASE,9,test,531462,1,0.6393247454411484
BASE,9,test,532533,1,0.5862737683766575
BASE,9,test,534048,1,0.8007977081079865
BASE,9,test,534835,1,0.2653735989696711
BASE,9,test,537472,1,0.45437087205476234
BASE,9,test,542311,1,0.8669354172772519
BASE,9,test,544864,1,0.5039114905346535
BASE,9,test,550393,1,0.6163072598739523
BASE,9,test,553161,0,0.8562130549530369
BASE,9,test,556177,0,0.35588422327014946
BASE,9,test,559178,1,0.6448124480803353
BASE,9,test,564394,0,0.38276829636461257
BASE,9,test,565908,0,0.6832745734546941
BASE,9,test,572241,0,0.6436626083210624
BASE,9,test,573425,1,0.6395594814288537
BASE,9,test,574836,0,0.5825324039703362
BASE,9,test,575088,1,0.5747591578828266
BASE,9,test,575730,0,0.377370804367793
BASE,9,test,577668,1,0.184941207284407
BASE,9,test,581598,1,0.8331718233485828
BASE,9,test,583338,1,0.22565080389261571
BASE,9,test,584321,1,0.5723256501739953
BASE,9,test,586695,1,0.5725835853256583
BASE,9,test,595768,0,0.2897788988281342
BASE,9,test,600546,1,0.5022153734918291
BASE,9,test,624010,0,0.19293911123693103
BASE,9,test,624692,1,0.5022288582852689
BASE,9,test,627036,1,0.7521753266278631
BASE,9,test,644299,1,0.7490197815746898
BASE,9,test,648709,0,0.5932907919369085
BASE,9,test,649449,0,0.3649901141956603
BASE,9,test,652279,0,0.30825080755809864
BASE,9,test,656138,1,0.6866195354174632
BASE,9,test,660061,1,0.4291969749555355
BASE,9,test,661193,0,0.6774931790244014
BASE,9,test,670244,1,0.403856441887283
BASE,9,test,670955,1,0.6860274990302105
BASE,9,test,672172,1,0.9229146327826487
BASE,9,test,677259,0,0.24429875643407642
BASE,9,test,677917,1,0.7052505233913212
BASE,9,test,681205,1,0.7046542469210562
BASE,9,test,684963,1,0.8629543150745616
BASE,9,test,685328,0,0.7360068921209236
BASE,9,test,690019,0,0.6324412371608283
BASE,9,test,695455,0,0.3884949211025999
BASE,9,test,701836,1,0.5694925556144326
BASE,9,test,703834,1,0.7012527293693112
BASE,9,test,704101,1,0.6936691018062165
BASE,9,test,707482,1,0.76244603883935
BASE,9,test,709815,1,0.7364950012509266
BASE,9,test,711245,1,0.7224163721748741
BASE,9,test,711711,1,0.779108854978903
BASE,9,test,713284,0,0.3020627517308229
BASE,9,test,713883,1,0.3304127432122134
BASE,9,test,715113,1,0.7581010828833731
BASE,9,test,718508,1,0.6861073677999211
BASE,9,test,719050,0,0.2534318865588572
BASE,9,test,725514,0,0.51013841594951
BASE,9,test,737577,1,0.7319046901066222
BASE,9,test,738078,0,0.4977694446188356
BASE,9,test,743380,1,0.43949543681113307
BASE,9,test,747710,0,0.7321257851557536
BASE,9,test,748105,0,0.4948662767167088
BASE,9,test,751827,1,0.7712693576105655
BASE,9,test,753994,0,0.2926960620397063
BASE,9,test,761233,1,0.5224714324404737
BASE,9,test,763994,1,0.7056397420961663
BASE,9,test,770052,0,0.4802051239131362
BASE,9,test,778073,1,0.4123759676169858
BASE,9,test,780355,1,0.8062450220107982
BASE,9,test,783735,1,0.5752805896737898
BASE,9,test,783835,0,0.49199040911479885
BASE,9,test,789437,1,0.924110367624977
BASE,9,test,803087,0,0.6561465437149664
BASE,9,test,803189,0,0.26466877054384663
BASE,9,test,804052,1,0.8800702656147922
BASE,9,test,804945,1,0.6382261227809004
BASE,9,test,806326,0,0.6567350733402704
BASE,9,test,813972,1,0.6082328109085466
BASE,9,test,817197,0,0.18858022154430423
BASE,9,test,822463,1,0.36149012416827375
BASE,9,test,827739,0,0.08715631199920214
BASE,9,test,840916,0,0.2605092039563822
BASE,9,test,844104,1,0.15518618901351172
BASE,9,test,848998,0,0.6654327697905659
BASE,9,test,856302,0,0.49897655683883846
BASE,9,test,864000,0,0.374883573948938
BASE,9,test,882885,1,0.678407020730163
BASE,9,test,885222,0,0.6005578897088558
BASE,9,test,894409,1,0.652961600738862
BASE,9,test,899067,0,0.1158713669967149
BASE,9,test,899668,1,0.5554194582829954
BASE,9,test,929375,1,0.43249260701375064
BASE,9,test,934409,0,0.6490065408832641
BASE,9,test,935158,1,0.7793492597815243
BASE,9,test,940103,0,0.3943283977610477
BASE,9,test,951306,1,0.7166270824455371
BASE,9,test,951654,0,0.3714458457996686
BASE,9,test,953310,1,0.6947470846256776
BASE,9,test,956387,1,0.23262985240259135
BASE,9,test,957325,1,0.4689597554564518
BASE,9,test,963182,1,0.6243832313092975
BASE,9,test,967439,0,0.7693301777453637
BASE,9,test,968652,1,0.7415484856238892
BASE,9,test,969827,0,0.2849672274917144
BASE,9,test,975728,0,0.7752637379321845
BASE,9,test,976508,0,0.4249900866013842
BASE,9,test,976696,0,0.3649288332549176
BASE,9,test,979369,1,0.776248726912236
BASE,9,test,980697,0,0.6877752163693064
BASE,9,test,981610,0,0.647395126661033
BASE,9,test,982545,1,0.5112963434467522
BASE,9,test,984612,1,0.708472490462913
BASE,9,test,987997,1,0.5208843859973751
BASE,9,test,989038,1,0.5736408370189152
BASE,9,test,990392,1,0.5749467225504455
BASE,9,test,990510,1,0.7721940325202646
BASE,9,test,990528,0,0.6029618302617671
BASE,9,test,991197,0,0.8335653627054525
BASE,9,test,991972,1,0.788549054777332
BASE,9,test,997827,1,0.825167148341563
BASE,9,test,1000176,1,0.38274130447896815
BASE,9,test,1000945,1,0.6610756752594895
BASE,9,test,1001607,1,0.8294245132046899
BASE,9,test,1002439,1,0.654569304505968
BASE,9,test,1005619,1,0.33019861344542406
BASE,9,test,1006451,0,0.617513831306567
BASE,9,test,1006489,0,0.318810921124901
BASE,9,test,1006944,1,0.5454407096603222
BASE,9,test,1007601,1,0.6175336594308788
BASE,9,test,1017249,1,0.36547864179555595
BASE,9,test,1029192,1,0.7590052470481807
BASE,9,test,1039937,0,0.5272453246245716
BASE,9,test,1039960,1,0.7406805870582996
BASE,9,test,1048580,1,0.8540387816868702
BASE,9,test,1050525,1,0.6011535654519773
BASE,9,test,1053685,1,0.516950799993083
BASE,9,test,1056454,1,0.6670024465027364
BASE,9,test,1057686,0,0.35071656762652553
BASE,9,test,1058762,1,0.39717368469902115
BASE,9,test,1067177,1,0.6805141354312809
BASE,9,test,1068151,0,0.4341807997645126
BASE,9,test,1068426,1,0.6461608493129919
BASE,9,test,1068928,0,0.40654500594864246
BASE,9,test,1070070,1,0.8527172919429062
BASE,9,test,1071514,1,0.715134477372139
BASE,9,test,1071925,1,0.9139697659445296
BASE,9,test,1072271,1,0.5685159104051836
BASE,9,test,1074427,1,0.5699125493341382
BASE,9,test,1074585,1,0.47255854547405624
BASE,9,test,1075990,0,0.25729185276176336
BASE,9,test,1077013,1,0.5907730515814421
BASE,9,test,1077371,0,0.3120311721788157
BASE,9,test,1077856,1,0.7442553185866011
BASE,9,test,1078817,1,0.6347646700801977
BASE,9,test,1078893,0,0.4752620196485342
BASE,9,test,1079527,1,0.3993331253629024
BASE,9,test,1080214,1,0.5316837790312233
BASE,9,test,1080564,1,0.6048828557765554
BASE,9,test,1081893,1,0.3375016917479345
BASE,9,test,1081915,0,0.38940277934265644
BASE,9,test,1082641,0,0.22165953838700517
BASE,9,test,1084251,1,0.5668310394055464
BASE,9,test,1084364,1,0.457902503655135
BASE,9,test,1086770,1,0.799473835576942
BASE,9,test,1086772,1,0.7400283706824209
BASE,9,test,1088707,1,0.7110206584150356
BASE,9,test,1089172,1,0.6984344734100731
BASE,9,test,1091748,1,0.6329866024166606
BASE,9,test,1091984,1,0.6229504135168501
BASE,9,test,1093743,0,0.25728823283763147
BASE,9,test,1094046,1,0.5698417929652106
BASE,9,test,1094274,1,0.8952604698712086
BASE,9,test,1094456,1,0.40122569334616126
BASE,9,test,1095415,1,0.7989948931345459
BASE,9,test,1097215,1,0.43050643467697414
BASE,9,test,1098420,0,0.33661183750041274
BASE,9,test,1098855,1,0.7357608914471654
BASE,9,test,1099159,1,0.7968659583495026
BASE,9,test,1099756,1,0.46859492091585125
BASE,9,test,1099979,0,0.711405140021514
BASE,9,test,1100923,1,0.7208762773836167
BASE,9,test,1101406,0,0.2368211012664848
BASE,9,test,1102314,1,0.7499661977053133
BASE,9,test,1103001,0,0.43519402951133856
BASE,9,test,1103054,0,0.20105050545994768
BASE,9,test,1104113,1,0.6698952129538999
BASE,9,test,1104470,1,0.7252987520862949
BASE,9,test,1105198,0,0.3559118374069841
BASE,9,test,1105320,1,0.6143900050740224
BASE,9,test,1105345,0,0.7453203505268466
BASE,9,test,1105715,1,0.47178044740395514
BASE,9,test,1105733,1,0.40431016409104303
BASE,9,test,1106632,0,0.31404858654621187
BASE,9,test,1106784,1,0.5450884347336978
BASE,9,test,1106968,1,0.9017712220661704
BASE,9,test,1107056,1,0.3766823043611614
BASE,9,test,1107147,1,0.7144478418518518
BASE,9,test,1107575,0,0.624482976035264
BASE,9,test,1107741,1,0.7163564833806708
BASE,9,test,1108706,1,0.734828257414066
BASE,9,test,1109411,0,0.5568126310392563
BASE,9,test,1109598,1,0.8127632543513079
BASE,9,test,1109612,1,0.9330163498591886
BASE,9,test,1109765,1,0.5749144487848306
BASE,9,test,1109782,1,0.649605352711109
BASE,9,test,1111123,1,0.3647733141953809
BASE,9,test,1112567,1,0.5818982881843581
BASE,9,test,1112999,0,0.15890015926754228
BASE,9,test,1113808,0,0.34968103629316954
BASE,9,test,1114993,0,0.47344799219059736
BASE,9,test,1115316,1,0.8629216276799125
BASE,9,test,1116007,0,0.844253912937311
BASE,9,test,1116363,0,0.3863319114261801
BASE,9,test,1117243,1,0.7340479585632994
BASE,9,test,1117714,1,0.501115288426589
BASE,9,test,1117951,1,0.563328733112866
BASE,9,test,1118191,1,0.7964949997041499
BASE,9,test,1118641,0,0.05814289230293432
BASE,9,test,1119012,1,0.7055495242670353
BASE,9,test,1119591,1,0.9115532834813009
BASE,9,test,1119660,1,0.7275284885739759
BASE,9,test,1119929,0,0.7976364384284871
BASE,9,test,1120120,0,0.38552756472075783
BASE,9,test,1120684,0,0.22877985877733234
BASE,9,test,1120692,1,0.8580197343869403
BASE,9,test,1121559,1,0.7568310671237996
BASE,9,test,1121795,1,0.6368585475139783
BASE,9,test,1121926,1,0.5641908272723267
BASE,9,test,1122888,1,0.6561538244364636
BASE,9,test,1123205,0,0.53022940886315
BASE,9,test,1123500,1,0.4531255326588613
BASE,9,test,1123858,0,0.8612196323033539
BASE,9,test,1124180,0,0.34495918132644215
BASE,9,test,1124329,1,0.5610907726119654
BASE,9,test,1124330,0,0.6485167626176519
BASE,9,test,1124477,1,0.54493024471031
BASE,9,test,1124484,0,0.255522105802948
BASE,9,test,1125468,1,0.7726350188182214
BASE,9,test,1125748,1,0.7113087896364501
BASE,9,test,1125899,1,0.5612384454128548
BASE,9,test,1126092,1,0.8690323596990649
BASE,9,test,1126232,0,0.2077968868539467
BASE,9,test,1126244,0,0.46095643954651533
BASE,9,test,1126637,0,0.6891608233567103
BASE,9,test,1127812,1,0.5471473449645513
BASE,9,test,1128811,0,0.5590581823405103
BASE,9,test,1128830,0,0.8603262990391692
BASE,9,test,1128946,1,0.34105223125126083
BASE,9,test,1129383,1,0.5757088782296796
BASE,9,test,1129401,1,0.5775746011949118
BASE,9,test,1132010,0,0.23571318894811222
BASE,9,test,1132251,1,0.6157463931145688
BASE,9,test,1132886,0,0.7533464881420651
BASE,9,test,1133021,1,0.3179656332659128
BASE,9,test,1133467,1,0.5955328221760556
BASE,9,test,1134855,0,0.18932284926541532
BASE,9,test,1135703,1,0.7462587033561806
BASE,9,test,1135868,0,0.7404231832804565
BASE,9,test,1136310,1,0.4268724135720882
BASE,9,test,1136569,0,0.2770667802489681
BASE,9,test,1136723,0,0.23231986345618677
BASE,9,test,1137743,1,0.7466851732033054
BASE,9,test,1138316,1,0.6763116325164704
BASE,9,test,1138670,1,0.7730283924559922
BASE,9,test,1138681,1,0.6337049499450897
BASE,9,test,1138757,1,0.31864592637879086
BASE,9,test,1139212,1,0.5446649446724601
BASE,9,test,1139372,0,0.6447180618223379
BASE,9,test,1139409,1,0.8596701154196115
BASE,9,test,1144322,1,0.8166024516964789
BASE,9,test,1144734,1,0.6070616618299741
BASE,9,test,1145715,0,0.394041764118811
BASE,9,test,1145972,0,0.6858431663446001
BASE,9,test,1146057,0,0.3244652115260401
BASE,9,test,1146116,0,0.45277953840477897
BASE,9,test,1146210,1,0.6501417593828615
BASE,9,test,1146584,1,0.5201202113155519
BASE,9,test,1146989,0,0.323456162021554
BASE,9,test,1147005,0,0.36909779260521064
BASE,9,test,1147122,1,0.6933619239290069
BASE,9,test,1147225,0,0.5898882826112328
BASE,9,test,1147525,1,0.8491934588078529
BASE,9,test,1147944,0,0.15255652271606024
BASE,9,test,1148359,1,0.7593522097701362
BASE,9,test,1148804,1,0.6500557953299299
BASE,9,test,1149501,0,0.7616175642824533
BASE,9,test,1149825,1,0.5130343483926715
BASE,9,test,1149904,0,0.18283812404043348
BASE,9,test,1150400,1,0.4061274062561944
BASE,9,test,1151569,1,0.7824269094515353
BASE,9,test,1152380,1,0.43339402621299267
BASE,9,test,1152739,0,0.5738841260816809
BASE,9,test,1153155,1,0.6367828676653425
BASE,9,test,1153158,1,0.7785105215776963
BASE,9,test,1154055,1,0.8777336282678554
BASE,9,test,1154191,1,0.7324664989410087
BASE,9,test,1154265,0,0.40427558489188536
BASE,9,test,1155519,1,0.5270623462005373
BASE,9,test,1155554,1,0.6300609820707453
BASE,9,test,1156634,1,0.8577143015069432
BASE,9,test,1156786,1,0.32594731863124127
BASE,9,test,1156887,1,0.5971935461055271
BASE,9,test,1156904,1,0.4369320077676758
BASE,9,test,1157181,1,0.7740665614129867
BASE,9,test,1157238,0,0.5643827754752143
BASE,9,test,1157284,0,0.5816722201758683
BASE,9,test,1206310,1,0.44358701909693804
BASE,9,test,1206652,1,0.7802291523986544
BASE,9,test,1206714,1,0.6055492298233696
BASE,9,test,1206862,1,0.6201199286424438
BASE,9,test,1207017,1,0.7570502444269089
BASE,9,test,1207384,1,0.44820367823554996
BASE,9,test,1207571,1,0.7610094440148384
BASE,9,test,1207585,0,0.21904735160394537
BASE,9,test,1207665,1,0.612446894518429
BASE,9,test,1207861,1,0.8453397600019538
BASE,9,test,1207980,1,0.7869609319629081
BASE,9,test,1208243,1,0.6480088103514255
BASE,9,test,1208257,0,0.5888569287466936
BASE,9,test,1208293,0,0.6222644678448335
BASE,9,test,1209229,0,0.2490732654545103
BASE,9,test,1209406,0,0.2910430698345135
BASE,9,test,1209429,1,0.5895861378455672
BASE,9,test,1209531,0,0.1208105674036605
BASE,9,test,1210080,0,0.6916526097399369
BASE,9,test,1210100,0,0.3698834015879909
BASE,9,test,1210432,0,0.24823017667784592
BASE,9,test,1211740,1,0.7426058633737975
BASE,9,test,1212164,1,0.48786158562535414
BASE,9,test,1212403,1,0.7221521286477138
BASE,9,test,1212451,0,0.5209532047037729
BASE,9,test,1212705,1,0.47352706363379915
BASE,9,test,1212738,1,0.7884061530769931
BASE,9,test,1215187,1,0.30708663817151216
BASE,9,test,1215793,1,0.4088803953978806
BASE,9,test,1215797,1,0.7883461797832616
BASE,9,test,1215921,1,0.42905587353311875
BASE,9,test,1216045,1,0.7794570568561613
BASE,9,test,1216223,1,0.8115167763880009
BASE,9,test,1216421,1,0.5492962127878256
BASE,9,test,1217240,0,0.24752665917488403
BASE,9,test,1217573,1,0.8029307840950708
BASE,9,test,1218235,1,0.6742880992347484
BASE,9,test,1218335,1,0.7050321598609939
BASE,9,test,1218673,1,0.523381910762888
BASE,9,test,1218821,1,0.5549185902711087
BASE,9,test,1219254,0,0.5070090061291946
BASE,9,test,1219337,1,0.3689107416595383
BASE,9,test,1219877,1,0.6616151294992711
BASE,9,test,1219938,0,0.9081277130718587
BASE,9,test,1219949,0,0.5772702425475649
BASE,9,test,1219958,0,0.33345276521596645
BASE,9,test,1220037,1,0.5085239345405325
BASE,9,test,1220386,0,0.25509592611184245
BASE,9,test,1220552,1,0.6493376919320534
BASE,9,test,1220699,1,0.5183978701290184
BASE,9,test,1221268,1,0.5270297707754965
BASE,9,test,1221289,1,0.9319201857869126
BASE,9,test,1221341,1,0.6786003094434949
BASE,9,test,1221707,0,0.4797540162761561
BASE,9,test,1221883,0,0.5961471364414009
BASE,9,test,1221901,1,0.21628988477261757
BASE,9,test,1222069,1,0.7652045667479542
BASE,9,test,1223272,1,0.47084574630232034
BASE,9,test,1223383,1,0.6789233202605949
BASE,9,test,1223796,1,0.621536519309944
BASE,9,test,1224087,0,0.3688380598742274
BASE,9,test,1224343,1,0.45228832532352137
BASE,9,test,1224488,1,0.7340790409206238
BASE,9,test,1224767,0,0.5119832872274611
BASE,9,test,1225050,0,0.33984914307214054
BASE,9,test,1225671,1,0.79942305432958
BASE,9,test,1225672,1,0.6910465406860641
BASE,9,test,1225716,0,0.6299633759561817
BASE,9,test,1225945,0,0.5957612919518992
BASE,9,test,1226435,1,0.5608528878523168
BASE,9,test,1226708,1,0.6282873708163519
BASE,9,test,1226794,0,0.2924447071725229
BASE,9,test,1227192,1,0.4910108956573494
BASE,9,test,1227545,1,0.7122309032943953
BASE,9,test,1228020,1,0.8391529989294126
BASE,9,test,1228207,1,0.4775140785538398
BASE,9,test,1229991,0,0.6964459621946938
BASE,9,test,1230051,1,0.6821902959551193
BASE,9,test,1230265,1,0.6428514020021409
BASE,9,test,1230689,0,0.5052390913157594
BASE,9,test,1231353,1,0.8096807234185205
BASE,9,test,1231963,0,0.4171538036267576
BASE,9,test,1232006,1,0.792888144085932
BASE,9,test,1232028,0,0.1993193615233541
BASE,9,test,1232062,0,0.32246048287921947
BASE,9,test,1232188,1,0.5826366458359719
BASE,9,test,1232296,1,0.6602785546614459
BASE,9,test,1232478,1,0.8245631684155913
BASE,9,test,1232676,1,0.7183437883104997
BASE,9,test,1233095,1,0.836481866313045
BASE,9,test,1233140,1,0.29369473847913347
BASE,9,test,1233369,0,0.5572446017548129
BASE,9,test,1233543,1,0.22763656608176144
BASE,9,test,1233777,1,0.7387547809926418
BASE,9,test,1234275,1,0.4274265246421974
BASE,9,test,1234306,1,0.16338240129261172
BASE,9,test,1234431,1,0.732804137922123
BASE,9,test,1234461,1,0.7462383643798295
BASE,9,test,1234472,1,0.5486602291469572
BASE,9,test,1234521,0,0.4706325316627313
BASE,9,test,1234875,1,0.7927771405146218
BASE,9,test,1235265,1,0.3308746857408644
BASE,9,test,1235650,0,0.6206636782710523
BASE,9,test,1235697,1,0.698594957217329
BASE,9,test,1235863,1,0.5224252521285838
BASE,9,test,1235891,1,0.6486679635442627
BASE,9,test,1236862,0,0.3288530784673156
BASE,9,test,1236996,1,0.7039128576660836
BASE,9,test,1237075,0,0.3351816871195686
BASE,9,test,1237182,1,0.519218047043584
BASE,9,test,1237491,1,0.851769073839748
BASE,9,test,1237716,0,0.35105627952712715
BASE,9,test,1238156,1,0.672903153885621
BASE,9,test,1238501,0,0.40674982498227363
BASE,9,test,1238553,1,0.43248835509253203
BASE,9,test,1238583,0,0.6290159090343493
BASE,9,test,1238664,1,0.7723604551406043
BASE,9,test,1238668,1,0.7513827190224905
BASE,9,test,1238923,0,0.7587613350992253
BASE,9,test,1238938,0,0.29975037959452927
BASE,9,test,1239029,1,0.8868099801906115
BASE,9,test,1239042,1,0.5069914336196892
BASE,9,test,1239079,1,0.6401877540775522
BASE,9,test,1239095,1,0.8388230082126096
BASE,9,test,1239458,0,0.6207653060235468
BASE,9,test,1239693,0,0.4303737000743245
BASE,9,test,1240588,1,0.7790397458290687
BASE,9,test,1240705,1,0.6968285911359027
BASE,9,test,1240953,0,0.3326997983992895
BASE,9,test,1241090,0,0.3671523484545527
BASE,9,test,1241625,0,0.706398973914381
BASE,9,test,1242536,1,0.8203947701066993
BASE,9,test,1242673,1,0.7405850534273355
BASE,9,test,1242811,0,0.44510419912204596
BASE,9,test,1243018,1,0.5448404105179949
BASE,9,test,1243098,1,0.7331779836685061
BASE,9,test,1243942,1,0.7625570788037745
BASE,9,test,1244363,0,0.22363275200394356
BASE,9,test,1244680,1,0.6516868941817748
BASE_x_R1a,9,test,22854,1,0.33829811118001385
BASE_x_R1a,9,test,31619,1,0.5572481926014341
BASE_x_R1a,9,test,33368,1,0.5897783211323018
BASE_x_R1a,9,test,34428,0,0.6104248540045983
BASE_x_R1a,9,test,42450,1,0.6621861140930794
BASE_x_R1a,9,test,42727,1,0.7244094864924562
BASE_x_R1a,9,test,42908,1,0.7957016439574496
BASE_x_R1a,9,test,51391,0,0.6607538926744034
BASE_x_R1a,9,test,54388,0,0.49128823318090736
BASE_x_R1a,9,test,54735,0,0.5408338162624561
BASE_x_R1a,9,test,56524,0,0.8095569599332473
BASE_x_R1a,9,test,57684,1,0.4426116804195532
BASE_x_R1a,9,test,59792,0,0.45977351728747456
BASE_x_R1a,9,test,60346,1,0.6341955071276946
BASE_x_R1a,9,test,63449,0,0.48600964761100174
BASE_x_R1a,9,test,70693,0,0.8284854615409486
BASE_x_R1a,9,test,71535,1,0.734265529281609
BASE_x_R1a,9,test,80412,1,0.5186883384162989
BASE_x_R1a,9,test,89847,1,0.6962047959819904
BASE_x_R1a,9,test,90769,1,0.35156982350255994
BASE_x_R1a,9,test,96454,1,0.6396152586154339
BASE_x_R1a,9,test,102708,1,0.6525346529692184
BASE_x_R1a,9,test,109213,1,0.5473438224743337
BASE_x_R1a,9,test,111090,1,0.36496614414016365
BASE_x_R1a,9,test,114318,1,0.3041883136616422
BASE_x_R1a,9,test,125059,1,0.6314834104612177
BASE_x_R1a,9,test,130131,0,0.31477517736040195
BASE_x_R1a,9,test,153929,1,0.5225241292828962
BASE_x_R1a,9,test,156299,1,0.7222536383910557
BASE_x_R1a,9,test,160606,0,0.3101455109597633
BASE_x_R1a,9,test,166451,1,0.5120473684352309
BASE_x_R1a,9,test,167183,1,0.5581291134219931
BASE_x_R1a,9,test,171833,1,0.7582604598237126
BASE_x_R1a,9,test,179049,0,0.1939676405371187
BASE_x_R1a,9,test,183204,0,0.33747847778347295
BASE_x_R1a,9,test,184704,0,0.6201830809106255
BASE_x_R1a,9,test,185768,1,0.7473893393862112
BASE_x_R1a,9,test,186257,0,0.22215064238333923
BASE_x_R1a,9,test,203461,1,0.6447537850816174
BASE_x_R1a,9,test,211001,0,0.36295084460569293
BASE_x_R1a,9,test,213739,0,0.5793152899287004
BASE_x_R1a,9,test,214271,1,0.23005950931064909
BASE_x_R1a,9,test,223651,1,0.5511320786267014
BASE_x_R1a,9,test,226106,1,0.7721871867770592
BASE_x_R1a,9,test,229959,1,0.6802485294476185
BASE_x_R1a,9,test,234471,0,0.1874359185493263
BASE_x_R1a,9,test,234531,1,0.452279250492343
BASE_x_R1a,9,test,245344,0,0.4744811024766434
BASE_x_R1a,9,test,278134,1,0.7217443264202821
BASE_x_R1a,9,test,280650,1,0.9380834247898463
BASE_x_R1a,9,test,286403,1,0.6818431365856675
BASE_x_R1a,9,test,286411,1,0.7355921988207286
BASE_x_R1a,9,test,290944,0,0.5173772930632917
BASE_x_R1a,9,test,295284,0,0.3009731019623975
BASE_x_R1a,9,test,300174,0,0.39790890764911924
BASE_x_R1a,9,test,300313,0,0.2872048344913882
BASE_x_R1a,9,test,301917,1,0.6751942437519349
BASE_x_R1a,9,test,302506,1,0.700466572931423
BASE_x_R1a,9,test,308684,1,0.42566898672812087
BASE_x_R1a,9,test,310596,0,0.6326139001921899
BASE_x_R1a,9,test,312434,1,0.6548439423579404
BASE_x_R1a,9,test,312582,1,0.7910149498270487
BASE_x_R1a,9,test,314668,1,0.6677878489200262
BASE_x_R1a,9,test,319703,1,0.5151653244966652
BASE_x_R1a,9,test,343044,1,0.6322593196832785
BASE_x_R1a,9,test,345361,1,0.6251139965928217
BASE_x_R1a,9,test,345832,0,0.4677797820644614
BASE_x_R1a,9,test,348496,1,0.5581146720129545
BASE_x_R1a,9,test,351126,1,0.6565057899426145
BASE_x_R1a,9,test,359014,0,0.716106389880472
BASE_x_R1a,9,test,360745,1,0.5532211223878107
BASE_x_R1a,9,test,361397,1,0.5805697324392152
BASE_x_R1a,9,test,364502,1,0.29370711153779
BASE_x_R1a,9,test,369818,1,0.7124064960773802
BASE_x_R1a,9,test,378412,1,0.5287399983369184
BASE_x_R1a,9,test,380225,1,0.8086601980716456
BASE_x_R1a,9,test,382552,1,0.6152268678785395
BASE_x_R1a,9,test,400980,1,0.8746170354803818
BASE_x_R1a,9,test,402051,0,0.472066037925393
BASE_x_R1a,9,test,402720,1,0.7930312295413274
BASE_x_R1a,9,test,412807,0,0.502887230843683
BASE_x_R1a,9,test,414906,0,0.14977770583497088
BASE_x_R1a,9,test,419260,1,0.5763705543721067
BASE_x_R1a,9,test,419522,1,0.6776852904567119
BASE_x_R1a,9,test,427380,1,0.6901467774544909
BASE_x_R1a,9,test,432045,0,0.35267473937209254
BASE_x_R1a,9,test,432540,1,0.3830718084932805
BASE_x_R1a,9,test,437766,0,0.3772188122966435
BASE_x_R1a,9,test,438848,1,0.8485299182672622
BASE_x_R1a,9,test,443578,0,0.3210679014249102
BASE_x_R1a,9,test,444203,0,0.324825100120862
BASE_x_R1a,9,test,444684,1,0.5431224114267493
BASE_x_R1a,9,test,445318,0,0.6312195237057064
BASE_x_R1a,9,test,448027,0,0.4289089919333612
BASE_x_R1a,9,test,451600,1,0.35690770206125194
BASE_x_R1a,9,test,452974,0,0.46103110228025335
BASE_x_R1a,9,test,454642,1,0.471089830557042
BASE_x_R1a,9,test,455395,1,0.7540611426088182
BASE_x_R1a,9,test,461519,1,0.603207538452809
BASE_x_R1a,9,test,463375,1,0.8561040402646298
BASE_x_R1a,9,test,465763,1,0.8063465581305366
BASE_x_R1a,9,test,468086,1,0.5257378322509559
BASE_x_R1a,9,test,470865,1,0.7692333696017778
BASE_x_R1a,9,test,471363,1,0.4907926755419396
BASE_x_R1a,9,test,474709,1,0.7944308328409617
BASE_x_R1a,9,test,475893,0,0.3122140851171362
BASE_x_R1a,9,test,480598,1,0.4903437956787082
BASE_x_R1a,9,test,485608,1,0.8523942574213211
BASE_x_R1a,9,test,486341,0,0.11811833451362816
BASE_x_R1a,9,test,486523,0,0.45501940164867916
BASE_x_R1a,9,test,487515,1,0.7535922457689622
BASE_x_R1a,9,test,488665,0,0.4050274428432759
BASE_x_R1a,9,test,492132,0,0.6857379345083706
BASE_x_R1a,9,test,493092,1,0.5488442637730884
BASE_x_R1a,9,test,493415,1,0.6402317849208514
BASE_x_R1a,9,test,503441,0,0.5302676865909671
BASE_x_R1a,9,test,508800,0,0.20492968218345323
BASE_x_R1a,9,test,512180,1,0.7264710127684555
BASE_x_R1a,9,test,513398,0,0.33753567909167087
BASE_x_R1a,9,test,513966,0,0.5498004344429529
BASE_x_R1a,9,test,517848,1,0.7565258467424623
BASE_x_R1a,9,test,518232,1,0.7945336448335641
BASE_x_R1a,9,test,525973,0,0.6002137307753523
BASE_x_R1a,9,test,529499,0,0.6348521752999966
BASE_x_R1a,9,test,529750,0,0.4685368745493197
BASE_x_R1a,9,test,529816,1,0.4712733726163419
BASE_x_R1a,9,test,529885,0,0.7134293569626101
BASE_x_R1a,9,test,531462,1,0.6214026679168954
BASE_x_R1a,9,test,532533,1,0.631649138445445
BASE_x_R1a,9,test,534048,1,0.8198800423665666
BASE_x_R1a,9,test,534835,1,0.2623382947434584
BASE_x_R1a,9,test,537472,1,0.5343264063052199
BASE_x_R1a,9,test,542311,1,0.8231172253555772
BASE_x_R1a,9,test,544864,1,0.49821314792714366
BASE_x_R1a,9,test,550393,1,0.7028579463563599
BASE_x_R1a,9,test,553161,0,0.8938614835411954
BASE_x_R1a,9,test,556177,0,0.4116527538953094
BASE_x_R1a,9,test,559178,1,0.7216139830185163
BASE_x_R1a,9,test,564394,0,0.37491136816620624
BASE_x_R1a,9,test,565908,0,0.6548166342875733
BASE_x_R1a,9,test,572241,0,0.5776512246321623
BASE_x_R1a,9,test,573425,1,0.6537503107122036
BASE_x_R1a,9,test,574836,0,0.5131190860435035
BASE_x_R1a,9,test,575088,1,0.6682496194082554
BASE_x_R1a,9,test,575730,0,0.4067199959499828
BASE_x_R1a,9,test,577668,1,0.15303875486688528
BASE_x_R1a,9,test,581598,1,0.834077013790823
BASE_x_R1a,9,test,583338,1,0.20008060492585517
BASE_x_R1a,9,test,584321,1,0.6186053802952748
BASE_x_R1a,9,test,586695,1,0.6037155792761104
BASE_x_R1a,9,test,595768,0,0.3058460983197893
BASE_x_R1a,9,test,600546,1,0.5296648703160709
BASE_x_R1a,9,test,624010,0,0.15956510586907743
BASE_x_R1a,9,test,624692,1,0.416229320516351
BASE_x_R1a,9,test,627036,1,0.7645246654314826
BASE_x_R1a,9,test,644299,1,0.740908301640289
BASE_x_R1a,9,test,648709,0,0.49947565071769084
BASE_x_R1a,9,test,649449,0,0.4917836240715657
BASE_x_R1a,9,test,652279,0,0.2705008342843606
BASE_x_R1a,9,test,656138,1,0.6137170050777616
BASE_x_R1a,9,test,660061,1,0.45064840591894806
BASE_x_R1a,9,test,661193,0,0.7513716466125847
BASE_x_R1a,9,test,670244,1,0.3630234365315661
BASE_x_R1a,9,test,670955,1,0.7391504441968736
BASE_x_R1a,9,test,672172,1,0.9503995598372204
BASE_x_R1a,9,test,677259,0,0.3252356949894758
BASE_x_R1a,9,test,677917,1,0.7103338204620566
BASE_x_R1a,9,test,681205,1,0.6964793237779187
BASE_x_R1a,9,test,684963,1,0.847814775034074
BASE_x_R1a,9,test,685328,0,0.7726299772958233
BASE_x_R1a,9,test,690019,0,0.5711848587201405
BASE_x_R1a,9,test,695455,0,0.4334157860118734
BASE_x_R1a,9,test,701836,1,0.5861507966405539
BASE_x_R1a,9,test,703834,1,0.7094691665418514
BASE_x_R1a,9,test,704101,1,0.7813476933850195
BASE_x_R1a,9,test,707482,1,0.7315349013613881
BASE_x_R1a,9,test,709815,1,0.6493303443599985
BASE_x_R1a,9,test,711245,1,0.7046934209279067
BASE_x_R1a,9,test,711711,1,0.7383786896187046
BASE_x_R1a,9,test,713284,0,0.3649600312106392
BASE_x_R1a,9,test,713883,1,0.28449324741546933
BASE_x_R1a,9,test,715113,1,0.7093946653938974
BASE_x_R1a,9,test,718508,1,0.7131076987336435
BASE_x_R1a,9,test,719050,0,0.23906213109671504
BASE_x_R1a,9,test,725514,0,0.48544832211076056
BASE_x_R1a,9,test,737577,1,0.7483972135189597
BASE_x_R1a,9,test,738078,0,0.4405196391428041
BASE_x_R1a,9,test,743380,1,0.39552974440091987
BASE_x_R1a,9,test,747710,0,0.5739109855650989
BASE_x_R1a,9,test,748105,0,0.4322114802571665
BASE_x_R1a,9,test,751827,1,0.7825798390677389
BASE_x_R1a,9,test,753994,0,0.21268895745440142
BASE_x_R1a,9,test,761233,1,0.611493605961723
BASE_x_R1a,9,test,763994,1,0.6708741841782833
BASE_x_R1a,9,test,770052,0,0.46897040308207005
BASE_x_R1a,9,test,778073,1,0.38996620700740925
BASE_x_R1a,9,test,780355,1,0.6869557550067493
BASE_x_R1a,9,test,783735,1,0.5394940741448616
BASE_x_R1a,9,test,783835,0,0.43172746599011985
BASE_x_R1a,9,test,789437,1,0.9263225805282385
BASE_x_R1a,9,test,803087,0,0.5924410491752916
BASE_x_R1a,9,test,803189,0,0.27343577394841895
BASE_x_R1a,9,test,804052,1,0.8903265886028464
BASE_x_R1a,9,test,804945,1,0.6648590268610303
BASE_x_R1a,9,test,806326,0,0.6479808608443005
BASE_x_R1a,9,test,813972,1,0.5989653193129341
BASE_x_R1a,9,test,817197,0,0.1558864250875259
BASE_x_R1a,9,test,822463,1,0.3295388903107658
BASE_x_R1a,9,test,827739,0,0.09453372212888476
BASE_x_R1a,9,test,840916,0,0.24894637468712436
BASE_x_R1a,9,test,844104,1,0.16293242699944177
BASE_x_R1a,9,test,848998,0,0.6161476703391806
BASE_x_R1a,9,test,856302,0,0.4756940527249267
BASE_x_R1a,9,test,864000,0,0.41081933253148634
BASE_x_R1a,9,test,882885,1,0.7772574487671717
BASE_x_R1a,9,test,885222,0,0.6568986908688312
BASE_x_R1a,9,test,894409,1,0.7270430900217737
BASE_x_R1a,9,test,899067,0,0.1331121350778086
BASE_x_R1a,9,test,899668,1,0.5541764178962755
BASE_x_R1a,9,test,929375,1,0.5323042280953545
BASE_x_R1a,9,test,934409,0,0.6485271940921302
BASE_x_R1a,9,test,935158,1,0.7600663480877102
BASE_x_R1a,9,test,940103,0,0.39777390861168693
BASE_x_R1a,9,test,951306,1,0.6023023626769124
BASE_x_R1a,9,test,951654,0,0.4092240383350119
BASE_x_R1a,9,test,953310,1,0.6614756434353933
BASE_x_R1a,9,test,956387,1,0.31456090275919274
BASE_x_R1a,9,test,957325,1,0.525535546687935
BASE_x_R1a,9,test,963182,1,0.6091563536512627
BASE_x_R1a,9,test,967439,0,0.7564498061416228
BASE_x_R1a,9,test,968652,1,0.7160665806212502
BASE_x_R1a,9,test,969827,0,0.3084682061174172
BASE_x_R1a,9,test,975728,0,0.7427628343787765
BASE_x_R1a,9,test,976508,0,0.40428544071096767
BASE_x_R1a,9,test,976696,0,0.34324320945917025
BASE_x_R1a,9,test,979369,1,0.7948273456904422
BASE_x_R1a,9,test,980697,0,0.6593823711221934
BASE_x_R1a,9,test,981610,0,0.5807479165086852
BASE_x_R1a,9,test,982545,1,0.36963673396727914
BASE_x_R1a,9,test,984612,1,0.6698678290612287
BASE_x_R1a,9,test,987997,1,0.5713329576638918
BASE_x_R1a,9,test,989038,1,0.6196599528572397
BASE_x_R1a,9,test,990392,1,0.6015831358294252
BASE_x_R1a,9,test,990510,1,0.7623873585325114
BASE_x_R1a,9,test,990528,0,0.5915295941056792
BASE_x_R1a,9,test,991197,0,0.8215362648491445
BASE_x_R1a,9,test,991972,1,0.7803850382012106
BASE_x_R1a,9,test,997827,1,0.793085731774958
BASE_x_R1a,9,test,1000176,1,0.42187209788713054
BASE_x_R1a,9,test,1000945,1,0.6408913833213324
BASE_x_R1a,9,test,1001607,1,0.7563868650469577
BASE_x_R1a,9,test,1002439,1,0.6508269437860907
BASE_x_R1a,9,test,1005619,1,0.40783036545406326
BASE_x_R1a,9,test,1006451,0,0.7020521077753807
BASE_x_R1a,9,test,1006489,0,0.2701726072187411
BASE_x_R1a,9,test,1006944,1,0.5250421028435894
BASE_x_R1a,9,test,1007601,1,0.6478136230571556
BASE_x_R1a,9,test,1017249,1,0.34832450239949464
BASE_x_R1a,9,test,1029192,1,0.7362299294116211
BASE_x_R1a,9,test,1039937,0,0.5849661182726357
BASE_x_R1a,9,test,1039960,1,0.7106195703427004
BASE_x_R1a,9,test,1048580,1,0.8258798035715503
BASE_x_R1a,9,test,1050525,1,0.5511816541564105
BASE_x_R1a,9,test,1053685,1,0.5322313791682178
BASE_x_R1a,9,test,1056454,1,0.6034095396707234
BASE_x_R1a,9,test,1057686,0,0.3275657960127362
BASE_x_R1a,9,test,1058762,1,0.38065671170486914
BASE_x_R1a,9,test,1067177,1,0.6824069288734057
BASE_x_R1a,9,test,1068151,0,0.5107214114280267
BASE_x_R1a,9,test,1068426,1,0.7020927132398068
BASE_x_R1a,9,test,1068928,0,0.4120735405688145
BASE_x_R1a,9,test,1070070,1,0.8627148930722592
BASE_x_R1a,9,test,1071514,1,0.7072111499533925
BASE_x_R1a,9,test,1071925,1,0.9421897121524829
BASE_x_R1a,9,test,1072271,1,0.6024000052453179
BASE_x_R1a,9,test,1074427,1,0.5406920169134668
BASE_x_R1a,9,test,1074585,1,0.528943781993106
BASE_x_R1a,9,test,1075990,0,0.2670067628333457
BASE_x_R1a,9,test,1077013,1,0.6157350119894194
BASE_x_R1a,9,test,1077371,0,0.3068858159660121
BASE_x_R1a,9,test,1077856,1,0.8160088806446294
BASE_x_R1a,9,test,1078817,1,0.5611231944569592
BASE_x_R1a,9,test,1078893,0,0.45332662947540525
BASE_x_R1a,9,test,1079527,1,0.45198995426212074
BASE_x_R1a,9,test,1080214,1,0.442498099073914
BASE_x_R1a,9,test,1080564,1,0.60393806747599
BASE_x_R1a,9,test,1081893,1,0.32003857851445633
BASE_x_R1a,9,test,1081915,0,0.4410111702292022
BASE_x_R1a,9,test,1082641,0,0.22119891858168178
BASE_x_R1a,9,test,1084251,1,0.5253520828387743
BASE_x_R1a,9,test,1084364,1,0.5233753952343253
BASE_x_R1a,9,test,1086770,1,0.7357197653768963
BASE_x_R1a,9,test,1086772,1,0.7234040736411503
BASE_x_R1a,9,test,1088707,1,0.7787812156387649
BASE_x_R1a,9,test,1089172,1,0.606028689677567
BASE_x_R1a,9,test,1091748,1,0.5754160006330329
BASE_x_R1a,9,test,1091984,1,0.5488327447562859
BASE_x_R1a,9,test,1093743,0,0.2639176871394193
BASE_x_R1a,9,test,1094046,1,0.6118589656154333
BASE_x_R1a,9,test,1094274,1,0.9155443603441897
BASE_x_R1a,9,test,1094456,1,0.39312284031908845
BASE_x_R1a,9,test,1095415,1,0.7774608333353749
BASE_x_R1a,9,test,1097215,1,0.41613334446553907
BASE_x_R1a,9,test,1098420,0,0.2933822331112697
BASE_x_R1a,9,test,1098855,1,0.677102618590517
BASE_x_R1a,9,test,1099159,1,0.7854695560512434
BASE_x_R1a,9,test,1099756,1,0.45036325251516857
BASE_x_R1a,9,test,1099979,0,0.7721306165141563
BASE_x_R1a,9,test,1100923,1,0.7378599952812404
BASE_x_R1a,9,test,1101406,0,0.2340650923890419
BASE_x_R1a,9,test,1102314,1,0.7552166651299271
BASE_x_R1a,9,test,1103001,0,0.3855771192641456
BASE_x_R1a,9,test,1103054,0,0.1545541887886009
BASE_x_R1a,9,test,1104113,1,0.5889965085443963
BASE_x_R1a,9,test,1104470,1,0.822895489228268
BASE_x_R1a,9,test,1105198,0,0.31260628252852346
BASE_x_R1a,9,test,1105320,1,0.7272720807601739
BASE_x_R1a,9,test,1105345,0,0.7642115194789725
BASE_x_R1a,9,test,1105715,1,0.4470099889038391
BASE_x_R1a,9,test,1105733,1,0.48775379039243744
BASE_x_R1a,9,test,1106632,0,0.20295552149432702
BASE_x_R1a,9,test,1106784,1,0.5328892440617824
BASE_x_R1a,9,test,1106968,1,0.9306679589218976
BASE_x_R1a,9,test,1107056,1,0.36831423574856387
BASE_x_R1a,9,test,1107147,1,0.7540490409029462
BASE_x_R1a,9,test,1107575,0,0.5681972205318736
BASE_x_R1a,9,test,1107741,1,0.7502366545778905
BASE_x_R1a,9,test,1108706,1,0.7227118313025762
BASE_x_R1a,9,test,1109411,0,0.5489502312321504
BASE_x_R1a,9,test,1109598,1,0.8347765341281692
BASE_x_R1a,9,test,1109612,1,0.8932853339867577
BASE_x_R1a,9,test,1109765,1,0.6557677360770796
BASE_x_R1a,9,test,1109782,1,0.7337317383482815
BASE_x_R1a,9,test,1111123,1,0.3371570288679464
BASE_x_R1a,9,test,1112567,1,0.5555764892620999
BASE_x_R1a,9,test,1112999,0,0.1213919862123419
BASE_x_R1a,9,test,1113808,0,0.3460321174266982
BASE_x_R1a,9,test,1114993,0,0.517120404181899
BASE_x_R1a,9,test,1115316,1,0.8502535060520029
BASE_x_R1a,9,test,1116007,0,0.8278776701885097
BASE_x_R1a,9,test,1116363,0,0.36467714710792604
BASE_x_R1a,9,test,1117243,1,0.7782174007507706
BASE_x_R1a,9,test,1117714,1,0.5077146596329317
BASE_x_R1a,9,test,1117951,1,0.5577089124315687
BASE_x_R1a,9,test,1118191,1,0.7853836502296967
BASE_x_R1a,9,test,1118641,0,0.08170757443196848
BASE_x_R1a,9,test,1119012,1,0.6693597973311712
BASE_x_R1a,9,test,1119591,1,0.8876226238293491
BASE_x_R1a,9,test,1119660,1,0.7136002045683151
BASE_x_R1a,9,test,1119929,0,0.8490252552023189
BASE_x_R1a,9,test,1120120,0,0.39100851301135897
BASE_x_R1a,9,test,1120684,0,0.2543664811021241
BASE_x_R1a,9,test,1120692,1,0.8171508529080775
BASE_x_R1a,9,test,1121559,1,0.7426595221225327
BASE_x_R1a,9,test,1121795,1,0.5039240684807116
BASE_x_R1a,9,test,1121926,1,0.5862133472650182
BASE_x_R1a,9,test,1122888,1,0.6430157539591237
BASE_x_R1a,9,test,1123205,0,0.4544883150239991
BASE_x_R1a,9,test,1123500,1,0.49147662251459695
BASE_x_R1a,9,test,1123858,0,0.8578246482391458
BASE_x_R1a,9,test,1124180,0,0.3580644655284095
BASE_x_R1a,9,test,1124329,1,0.5657848184889201
BASE_x_R1a,9,test,1124330,0,0.7683254603307109
BASE_x_R1a,9,test,1124477,1,0.4742020348588081
BASE_x_R1a,9,test,1124484,0,0.20263564774707526
BASE_x_R1a,9,test,1125468,1,0.7967319393724454
BASE_x_R1a,9,test,1125748,1,0.700603839815668
BASE_x_R1a,9,test,1125899,1,0.5310143980191695
BASE_x_R1a,9,test,1126092,1,0.8268322230964015
BASE_x_R1a,9,test,1126232,0,0.20811051761630167
BASE_x_R1a,9,test,1126244,0,0.363380194205308
BASE_x_R1a,9,test,1126637,0,0.7080378404751251
BASE_x_R1a,9,test,1127812,1,0.5415472996014149
BASE_x_R1a,9,test,1128811,0,0.5627425398711796
BASE_x_R1a,9,test,1128830,0,0.9193514259305802
BASE_x_R1a,9,test,1128946,1,0.3302320091752359
BASE_x_R1a,9,test,1129383,1,0.5200477926744923
BASE_x_R1a,9,test,1129401,1,0.503130683788131
BASE_x_R1a,9,test,1132010,0,0.2830625645249013
BASE_x_R1a,9,test,1132251,1,0.6110821692969816
BASE_x_R1a,9,test,1132886,0,0.659628376290364
BASE_x_R1a,9,test,1133021,1,0.2748924623030242
BASE_x_R1a,9,test,1133467,1,0.6137309912757497
BASE_x_R1a,9,test,1134855,0,0.21589185525823013
BASE_x_R1a,9,test,1135703,1,0.7766110721225051
BASE_x_R1a,9,test,1135868,0,0.7405552913260565
BASE_x_R1a,9,test,1136310,1,0.42853967965862855
BASE_x_R1a,9,test,1136569,0,0.2835195789780096
BASE_x_R1a,9,test,1136723,0,0.24454290575134915
BASE_x_R1a,9,test,1137743,1,0.7242220990157047
BASE_x_R1a,9,test,1138316,1,0.7088493315662058
BASE_x_R1a,9,test,1138670,1,0.8472705361383919
BASE_x_R1a,9,test,1138681,1,0.6459900518399254
BASE_x_R1a,9,test,1138757,1,0.36067685930440874
BASE_x_R1a,9,test,1139212,1,0.5773134142668115
BASE_x_R1a,9,test,1139372,0,0.6379855198762314
BASE_x_R1a,9,test,1139409,1,0.8711108558954105
BASE_x_R1a,9,test,1144322,1,0.7676903541370966
BASE_x_R1a,9,test,1144734,1,0.6348175323755574
BASE_x_R1a,9,test,1145715,0,0.3837050638696621
BASE_x_R1a,9,test,1145972,0,0.7025021287895838
BASE_x_R1a,9,test,1146057,0,0.265491904835419
BASE_x_R1a,9,test,1146116,0,0.46068499104184624
BASE_x_R1a,9,test,1146210,1,0.6522979519931646
BASE_x_R1a,9,test,1146584,1,0.686976314936611
BASE_x_R1a,9,test,1146989,0,0.3706123970589506
BASE_x_R1a,9,test,1147005,0,0.31930800219124994
BASE_x_R1a,9,test,1147122,1,0.6977045755340643
BASE_x_R1a,9,test,1147225,0,0.610246163105803
BASE_x_R1a,9,test,1147525,1,0.8764741683666253
BASE_x_R1a,9,test,1147944,0,0.20366599922048154
BASE_x_R1a,9,test,1148359,1,0.8037547124833595
BASE_x_R1a,9,test,1148804,1,0.7794925285342331
BASE_x_R1a,9,test,1149501,0,0.7175938105105232
BASE_x_R1a,9,test,1149825,1,0.5166976022558392
BASE_x_R1a,9,test,1149904,0,0.15737177102447122
BASE_x_R1a,9,test,1150400,1,0.4058347922398133
BASE_x_R1a,9,test,1151569,1,0.7316459556400582
BASE_x_R1a,9,test,1152380,1,0.4940027574769218
BASE_x_R1a,9,test,1152739,0,0.511717267758454
BASE_x_R1a,9,test,1153155,1,0.5840786000262735
BASE_x_R1a,9,test,1153158,1,0.7924102588289174
BASE_x_R1a,9,test,1154055,1,0.8064136947155072
BASE_x_R1a,9,test,1154191,1,0.7774001487975287
BASE_x_R1a,9,test,1154265,0,0.4046376677668787
BASE_x_R1a,9,test,1155519,1,0.5106964919497288
BASE_x_R1a,9,test,1155554,1,0.6140097379556237
BASE_x_R1a,9,test,1156634,1,0.8574335188033841
BASE_x_R1a,9,test,1156786,1,0.37080259538118926
BASE_x_R1a,9,test,1156887,1,0.5936177976317265
BASE_x_R1a,9,test,1156904,1,0.4542995265398212
BASE_x_R1a,9,test,1157181,1,0.7768325309948508
BASE_x_R1a,9,test,1157238,0,0.5377650006401649
BASE_x_R1a,9,test,1157284,0,0.555525350290729
BASE_x_R1a,9,test,1206310,1,0.36821085578415974
BASE_x_R1a,9,test,1206652,1,0.6778843934649811
BASE_x_R1a,9,test,1206714,1,0.6773202402773787
BASE_x_R1a,9,test,1206862,1,0.6603400488127603
BASE_x_R1a,9,test,1207017,1,0.7812130659341376
BASE_x_R1a,9,test,1207384,1,0.5273075006877371
BASE_x_R1a,9,test,1207571,1,0.7321655987276562
BASE_x_R1a,9,test,1207585,0,0.2027171871611793
BASE_x_R1a,9,test,1207665,1,0.5958511204339947
BASE_x_R1a,9,test,1207861,1,0.884839684205661
BASE_x_R1a,9,test,1207980,1,0.7934964929099155
BASE_x_R1a,9,test,1208243,1,0.7106313227340866
BASE_x_R1a,9,test,1208257,0,0.5125562259381516
BASE_x_R1a,9,test,1208293,0,0.6858690383546056
BASE_x_R1a,9,test,1209229,0,0.2900052318549066
BASE_x_R1a,9,test,1209406,0,0.3072163605716307
BASE_x_R1a,9,test,1209429,1,0.5614220213852585
BASE_x_R1a,9,test,1209531,0,0.11818257663168173
BASE_x_R1a,9,test,1210080,0,0.625861629964051
BASE_x_R1a,9,test,1210100,0,0.3666716408508151
BASE_x_R1a,9,test,1210432,0,0.24150275444915537
BASE_x_R1a,9,test,1211740,1,0.7426831114845648
BASE_x_R1a,9,test,1212164,1,0.4736754528913913
BASE_x_R1a,9,test,1212403,1,0.8534442342250412
BASE_x_R1a,9,test,1212451,0,0.44285105168950695
BASE_x_R1a,9,test,1212705,1,0.4597662835982172
BASE_x_R1a,9,test,1212738,1,0.8407338806190156
BASE_x_R1a,9,test,1215187,1,0.2955611932811156
BASE_x_R1a,9,test,1215793,1,0.5011960691513536
BASE_x_R1a,9,test,1215797,1,0.7100320733672645
BASE_x_R1a,9,test,1215921,1,0.4154726875494365
BASE_x_R1a,9,test,1216045,1,0.8085696118666631
BASE_x_R1a,9,test,1216223,1,0.8035443094315078
BASE_x_R1a,9,test,1216421,1,0.5022244510601198
BASE_x_R1a,9,test,1217240,0,0.34148807811327164
BASE_x_R1a,9,test,1217573,1,0.7393597595205906
BASE_x_R1a,9,test,1218235,1,0.5971093515409743
BASE_x_R1a,9,test,1218335,1,0.6768351688726608
BASE_x_R1a,9,test,1218673,1,0.4463591553527507
BASE_x_R1a,9,test,1218821,1,0.5791066394220143
BASE_x_R1a,9,test,1219254,0,0.45598493508698495
BASE_x_R1a,9,test,1219337,1,0.29500418643039034
BASE_x_R1a,9,test,1219877,1,0.5889732687382063
BASE_x_R1a,9,test,1219938,0,0.9198626108888319
BASE_x_R1a,9,test,1219949,0,0.6322827787565389
BASE_x_R1a,9,test,1219958,0,0.3871763514242936
BASE_x_R1a,9,test,1220037,1,0.5620517041918391
BASE_x_R1a,9,test,1220386,0,0.19257576518807393
BASE_x_R1a,9,test,1220552,1,0.6641099486781799
BASE_x_R1a,9,test,1220699,1,0.5296216707671784
BASE_x_R1a,9,test,1221268,1,0.6066374680140669
BASE_x_R1a,9,test,1221289,1,0.903973313788602
BASE_x_R1a,9,test,1221341,1,0.703215247179052
BASE_x_R1a,9,test,1221707,0,0.45754952919371605
BASE_x_R1a,9,test,1221883,0,0.6116760363509504
BASE_x_R1a,9,test,1221901,1,0.20494727415596203
BASE_x_R1a,9,test,1222069,1,0.7844683627906178
BASE_x_R1a,9,test,1223272,1,0.49068489128547293
BASE_x_R1a,9,test,1223383,1,0.6781432272492629
BASE_x_R1a,9,test,1223796,1,0.5314095895830524
BASE_x_R1a,9,test,1224087,0,0.39482323486708465
BASE_x_R1a,9,test,1224343,1,0.554626856385252
BASE_x_R1a,9,test,1224488,1,0.6401400951434681
BASE_x_R1a,9,test,1224767,0,0.6034940591861063
BASE_x_R1a,9,test,1225050,0,0.32072837069495774
BASE_x_R1a,9,test,1225671,1,0.7529254130115798
BASE_x_R1a,9,test,1225672,1,0.7699698482422076
BASE_x_R1a,9,test,1225716,0,0.6694671906165808
BASE_x_R1a,9,test,1225945,0,0.5476853484336398
BASE_x_R1a,9,test,1226435,1,0.5098489198762498
BASE_x_R1a,9,test,1226708,1,0.6989462571807481
BASE_x_R1a,9,test,1226794,0,0.22728716829460668
BASE_x_R1a,9,test,1227192,1,0.5397781244837991
BASE_x_R1a,9,test,1227545,1,0.7210417108465247
BASE_x_R1a,9,test,1228020,1,0.8314676802055182
BASE_x_R1a,9,test,1228207,1,0.48045162280095377
BASE_x_R1a,9,test,1229991,0,0.7574729540338729
BASE_x_R1a,9,test,1230051,1,0.6351452427039793
BASE_x_R1a,9,test,1230265,1,0.5365466660957524
BASE_x_R1a,9,test,1230689,0,0.47763265539767835
BASE_x_R1a,9,test,1231353,1,0.8258428083730476
BASE_x_R1a,9,test,1231963,0,0.40301555119361654
BASE_x_R1a,9,test,1232006,1,0.8292287919195017
BASE_x_R1a,9,test,1232028,0,0.16042375836737827
BASE_x_R1a,9,test,1232062,0,0.31962075172480847
BASE_x_R1a,9,test,1232188,1,0.5693852903376789
BASE_x_R1a,9,test,1232296,1,0.6489486455246252
BASE_x_R1a,9,test,1232478,1,0.8335530154301993
BASE_x_R1a,9,test,1232676,1,0.6165304143221079
BASE_x_R1a,9,test,1233095,1,0.7863831501023638
BASE_x_R1a,9,test,1233140,1,0.3297212628929717
BASE_x_R1a,9,test,1233369,0,0.5612449663407247
BASE_x_R1a,9,test,1233543,1,0.3548107730500113
BASE_x_R1a,9,test,1233777,1,0.7143062512399233
BASE_x_R1a,9,test,1234275,1,0.5112004199009997
BASE_x_R1a,9,test,1234306,1,0.17675268311348216
BASE_x_R1a,9,test,1234431,1,0.7141477527401886
BASE_x_R1a,9,test,1234461,1,0.7794451985973732
BASE_x_R1a,9,test,1234472,1,0.5255374373671798
BASE_x_R1a,9,test,1234521,0,0.5109123262991706
BASE_x_R1a,9,test,1234875,1,0.8283922671539807
BASE_x_R1a,9,test,1235265,1,0.3386143535447075
BASE_x_R1a,9,test,1235650,0,0.6158182082034326
BASE_x_R1a,9,test,1235697,1,0.7343978742772397
BASE_x_R1a,9,test,1235863,1,0.5732165585118371
BASE_x_R1a,9,test,1235891,1,0.6418061269463767
BASE_x_R1a,9,test,1236862,0,0.3417696855486896
BASE_x_R1a,9,test,1236996,1,0.7579102576246057
BASE_x_R1a,9,test,1237075,0,0.43640031736269674
BASE_x_R1a,9,test,1237182,1,0.5867509989226156
BASE_x_R1a,9,test,1237491,1,0.8243573081448118
BASE_x_R1a,9,test,1237716,0,0.364607045668822
BASE_x_R1a,9,test,1238156,1,0.7451206964105436
BASE_x_R1a,9,test,1238501,0,0.4174206072136223
BASE_x_R1a,9,test,1238553,1,0.41997243535819395
BASE_x_R1a,9,test,1238583,0,0.643381783690291
BASE_x_R1a,9,test,1238664,1,0.7626812752327993
BASE_x_R1a,9,test,1238668,1,0.6576976024580083
BASE_x_R1a,9,test,1238923,0,0.6959632687998467
BASE_x_R1a,9,test,1238938,0,0.3195942499612099
BASE_x_R1a,9,test,1239029,1,0.8683930505476313
BASE_x_R1a,9,test,1239042,1,0.4548270408769379
BASE_x_R1a,9,test,1239079,1,0.6541096202106726
BASE_x_R1a,9,test,1239095,1,0.7620084585595025
BASE_x_R1a,9,test,1239458,0,0.5506090077047223
BASE_x_R1a,9,test,1239693,0,0.49326144044616316
BASE_x_R1a,9,test,1240588,1,0.8216105247507461
BASE_x_R1a,9,test,1240705,1,0.6231375062527472
BASE_x_R1a,9,test,1240953,0,0.2567200768152089
BASE_x_R1a,9,test,1241090,0,0.26005875786312294
BASE_x_R1a,9,test,1241625,0,0.6620553749023671
BASE_x_R1a,9,test,1242536,1,0.7719698056351093
BASE_x_R1a,9,test,1242673,1,0.7919683620818929
BASE_x_R1a,9,test,1242811,0,0.44569108218125514
BASE_x_R1a,9,test,1243018,1,0.4473035183063402
BASE_x_R1a,9,test,1243098,1,0.7226574661012503
BASE_x_R1a,9,test,1243942,1,0.7888568860711392
BASE_x_R1a,9,test,1244363,0,0.22837893739322662
BASE_x_R1a,9,test,1244680,1,0.5960438874150131
BASE_x_R1a_resid,9,test,22854,1,0.34041308389362435
BASE_x_R1a_resid,9,test,31619,1,0.5150932569188033
BASE_x_R1a_resid,9,test,33368,1,0.5626404267541296
BASE_x_R1a_resid,9,test,34428,0,0.6012504104255401
BASE_x_R1a_resid,9,test,42450,1,0.6458843806108996
BASE_x_R1a_resid,9,test,42727,1,0.6926180107059083
BASE_x_R1a_resid,9,test,42908,1,0.8186076799631542
BASE_x_R1a_resid,9,test,51391,0,0.6783064735533181
BASE_x_R1a_resid,9,test,54388,0,0.5378773606574204
BASE_x_R1a_resid,9,test,54735,0,0.5580532378869988
BASE_x_R1a_resid,9,test,56524,0,0.7983148089339656
BASE_x_R1a_resid,9,test,57684,1,0.4601934611948205
BASE_x_R1a_resid,9,test,59792,0,0.429329995293235
BASE_x_R1a_resid,9,test,60346,1,0.5717861385950713
BASE_x_R1a_resid,9,test,63449,0,0.5138035400894791
BASE_x_R1a_resid,9,test,70693,0,0.7339196802059286
BASE_x_R1a_resid,9,test,71535,1,0.7428560600428433
BASE_x_R1a_resid,9,test,80412,1,0.5376974772363223
BASE_x_R1a_resid,9,test,89847,1,0.6294876800626192
BASE_x_R1a_resid,9,test,90769,1,0.36314070001100807
BASE_x_R1a_resid,9,test,96454,1,0.5830913918200197
BASE_x_R1a_resid,9,test,102708,1,0.7191026070440129
BASE_x_R1a_resid,9,test,109213,1,0.5249459977121983
BASE_x_R1a_resid,9,test,111090,1,0.3084991696715365
BASE_x_R1a_resid,9,test,114318,1,0.28593863984628526
BASE_x_R1a_resid,9,test,125059,1,0.6831323038083957
BASE_x_R1a_resid,9,test,130131,0,0.31598986167769433
BASE_x_R1a_resid,9,test,153929,1,0.5184544502906248
BASE_x_R1a_resid,9,test,156299,1,0.7012427834021605
BASE_x_R1a_resid,9,test,160606,0,0.3177331923251282
BASE_x_R1a_resid,9,test,166451,1,0.48961535043311066
BASE_x_R1a_resid,9,test,167183,1,0.49747523879758127
BASE_x_R1a_resid,9,test,171833,1,0.7204032456171325
BASE_x_R1a_resid,9,test,179049,0,0.14030706079429886
BASE_x_R1a_resid,9,test,183204,0,0.3176575640835883
BASE_x_R1a_resid,9,test,184704,0,0.686001115849507
BASE_x_R1a_resid,9,test,185768,1,0.7542568341644366
BASE_x_R1a_resid,9,test,186257,0,0.2501121552822095
BASE_x_R1a_resid,9,test,203461,1,0.6090530880138625
BASE_x_R1a_resid,9,test,211001,0,0.39728987987130693
BASE_x_R1a_resid,9,test,213739,0,0.616623972613331
BASE_x_R1a_resid,9,test,214271,1,0.28375989325995105
BASE_x_R1a_resid,9,test,223651,1,0.5828497571886423
BASE_x_R1a_resid,9,test,226106,1,0.811056039178521
BASE_x_R1a_resid,9,test,229959,1,0.6926861099725207
BASE_x_R1a_resid,9,test,234471,0,0.1822476033575096
BASE_x_R1a_resid,9,test,234531,1,0.47037768264994817
BASE_x_R1a_resid,9,test,245344,0,0.47348752652654147
BASE_x_R1a_resid,9,test,278134,1,0.6772902432015777
BASE_x_R1a_resid,9,test,280650,1,0.9242936444996204
BASE_x_R1a_resid,9,test,286403,1,0.6644690190825893
BASE_x_R1a_resid,9,test,286411,1,0.7118048861490209
BASE_x_R1a_resid,9,test,290944,0,0.6156635350383142
BASE_x_R1a_resid,9,test,295284,0,0.35961362353205234
BASE_x_R1a_resid,9,test,300174,0,0.42194593970063493
BASE_x_R1a_resid,9,test,300313,0,0.36913523804043946
BASE_x_R1a_resid,9,test,301917,1,0.7057284140079899
BASE_x_R1a_resid,9,test,302506,1,0.6621808719680286
BASE_x_R1a_resid,9,test,308684,1,0.3184975130705152
BASE_x_R1a_resid,9,test,310596,0,0.6200148254228229
BASE_x_R1a_resid,9,test,312434,1,0.6552728879822611
BASE_x_R1a_resid,9,test,312582,1,0.7809055939098016
BASE_x_R1a_resid,9,test,314668,1,0.6027046470678246
BASE_x_R1a_resid,9,test,319703,1,0.5158148352343535
BASE_x_R1a_resid,9,test,343044,1,0.682767594064468
BASE_x_R1a_resid,9,test,345361,1,0.6233723320998621
BASE_x_R1a_resid,9,test,345832,0,0.460030739448776
BASE_x_R1a_resid,9,test,348496,1,0.574166196732555
BASE_x_R1a_resid,9,test,351126,1,0.6403066603523462
BASE_x_R1a_resid,9,test,359014,0,0.6632930141671524
BASE_x_R1a_resid,9,test,360745,1,0.5756405920092589
BASE_x_R1a_resid,9,test,361397,1,0.5520098070281994
BASE_x_R1a_resid,9,test,364502,1,0.3518884564682752
BASE_x_R1a_resid,9,test,369818,1,0.7985780944612084
BASE_x_R1a_resid,9,test,378412,1,0.6001140124566618
BASE_x_R1a_resid,9,test,380225,1,0.8547721821463712
BASE_x_R1a_resid,9,test,382552,1,0.6594135682619857
BASE_x_R1a_resid,9,test,400980,1,0.8994753428919198
BASE_x_R1a_resid,9,test,402051,0,0.4133756013632634
BASE_x_R1a_resid,9,test,402720,1,0.8270937148432346
BASE_x_R1a_resid,9,test,412807,0,0.4283943044960398
BASE_x_R1a_resid,9,test,414906,0,0.15389100849857457
BASE_x_R1a_resid,9,test,419260,1,0.5704357971007576
BASE_x_R1a_resid,9,test,419522,1,0.6596667206967836
BASE_x_R1a_resid,9,test,427380,1,0.6607934038914587
BASE_x_R1a_resid,9,test,432045,0,0.30553015557858537
BASE_x_R1a_resid,9,test,432540,1,0.3353825692287428
BASE_x_R1a_resid,9,test,437766,0,0.3644142025775819
BASE_x_R1a_resid,9,test,438848,1,0.8396909638117588
BASE_x_R1a_resid,9,test,443578,0,0.3726434429941341
BASE_x_R1a_resid,9,test,444203,0,0.30539775275133985
BASE_x_R1a_resid,9,test,444684,1,0.5710135551066344
BASE_x_R1a_resid,9,test,445318,0,0.6295804546058964
BASE_x_R1a_resid,9,test,448027,0,0.4529174814389387
BASE_x_R1a_resid,9,test,451600,1,0.4426516104415957
BASE_x_R1a_resid,9,test,452974,0,0.4618153184227283
BASE_x_R1a_resid,9,test,454642,1,0.5739416024960176
BASE_x_R1a_resid,9,test,455395,1,0.7370775484427121
BASE_x_R1a_resid,9,test,461519,1,0.7043703262192663
BASE_x_R1a_resid,9,test,463375,1,0.8570018307879402
BASE_x_R1a_resid,9,test,465763,1,0.8347837225057622
BASE_x_R1a_resid,9,test,468086,1,0.5750926666763992
BASE_x_R1a_resid,9,test,470865,1,0.8087359723230029
BASE_x_R1a_resid,9,test,471363,1,0.429282166630183
BASE_x_R1a_resid,9,test,474709,1,0.818973423578675
BASE_x_R1a_resid,9,test,475893,0,0.30537072053219727
BASE_x_R1a_resid,9,test,480598,1,0.47952494170608956
BASE_x_R1a_resid,9,test,485608,1,0.8384949235008395
BASE_x_R1a_resid,9,test,486341,0,0.12687418967695038
BASE_x_R1a_resid,9,test,486523,0,0.5345995359961883
BASE_x_R1a_resid,9,test,487515,1,0.8167073506242777
BASE_x_R1a_resid,9,test,488665,0,0.4284934295042833
BASE_x_R1a_resid,9,test,492132,0,0.7463380602575674
BASE_x_R1a_resid,9,test,493092,1,0.4557064297018531
BASE_x_R1a_resid,9,test,493415,1,0.6698781358737023
BASE_x_R1a_resid,9,test,503441,0,0.4923940324119796
BASE_x_R1a_resid,9,test,508800,0,0.2308569522415027
BASE_x_R1a_resid,9,test,512180,1,0.7450518675710007
BASE_x_R1a_resid,9,test,513398,0,0.33270950049022496
BASE_x_R1a_resid,9,test,513966,0,0.580685499235291
BASE_x_R1a_resid,9,test,517848,1,0.8379928495374195
BASE_x_R1a_resid,9,test,518232,1,0.7873245515935775
BASE_x_R1a_resid,9,test,525973,0,0.6122642225537436
BASE_x_R1a_resid,9,test,529499,0,0.590049400318202
BASE_x_R1a_resid,9,test,529750,0,0.45758308164099276
BASE_x_R1a_resid,9,test,529816,1,0.5539058587192326
BASE_x_R1a_resid,9,test,529885,0,0.7234647869168954
BASE_x_R1a_resid,9,test,531462,1,0.6146431933887518
BASE_x_R1a_resid,9,test,532533,1,0.6165232491812158
BASE_x_R1a_resid,9,test,534048,1,0.8681388225102075
BASE_x_R1a_resid,9,test,534835,1,0.3195289545073272
BASE_x_R1a_resid,9,test,537472,1,0.49177134877353085
BASE_x_R1a_resid,9,test,542311,1,0.8449857175243076
BASE_x_R1a_resid,9,test,544864,1,0.4915798345866953
BASE_x_R1a_resid,9,test,550393,1,0.6886128341013688
BASE_x_R1a_resid,9,test,553161,0,0.8924433798306469
BASE_x_R1a_resid,9,test,556177,0,0.3962474054511643
BASE_x_R1a_resid,9,test,559178,1,0.6883165112116306
BASE_x_R1a_resid,9,test,564394,0,0.34318899646535556
BASE_x_R1a_resid,9,test,565908,0,0.6093972884400345
BASE_x_R1a_resid,9,test,572241,0,0.5802488862305843
BASE_x_R1a_resid,9,test,573425,1,0.5898538592188806
BASE_x_R1a_resid,9,test,574836,0,0.5629676544747277
BASE_x_R1a_resid,9,test,575088,1,0.6683101946198342
BASE_x_R1a_resid,9,test,575730,0,0.3786012837601438
BASE_x_R1a_resid,9,test,577668,1,0.11481346432290362
BASE_x_R1a_resid,9,test,581598,1,0.8368005690745868
BASE_x_R1a_resid,9,test,583338,1,0.28612235634541716
BASE_x_R1a_resid,9,test,584321,1,0.6512154717745651
BASE_x_R1a_resid,9,test,586695,1,0.6030839069948033
BASE_x_R1a_resid,9,test,595768,0,0.24229144724980486
BASE_x_R1a_resid,9,test,600546,1,0.48286365951299914
BASE_x_R1a_resid,9,test,624010,0,0.1822221658642002
BASE_x_R1a_resid,9,test,624692,1,0.5075724943473945
BASE_x_R1a_resid,9,test,627036,1,0.7547404401375308
BASE_x_R1a_resid,9,test,644299,1,0.7144919788052468
BASE_x_R1a_resid,9,test,648709,0,0.5046564699526869
BASE_x_R1a_resid,9,test,649449,0,0.41886491942824966
BASE_x_R1a_resid,9,test,652279,0,0.2751167289891402
BASE_x_R1a_resid,9,test,656138,1,0.6181538076067588
BASE_x_R1a_resid,9,test,660061,1,0.46642921781284313
BASE_x_R1a_resid,9,test,661193,0,0.7456627543010288
BASE_x_R1a_resid,9,test,670244,1,0.41504210485381093
BASE_x_R1a_resid,9,test,670955,1,0.7180448447790169
BASE_x_R1a_resid,9,test,672172,1,0.901990666578178
BASE_x_R1a_resid,9,test,677259,0,0.3170322794741081
BASE_x_R1a_resid,9,test,677917,1,0.7218731657760703
BASE_x_R1a_resid,9,test,681205,1,0.6735594515192268
BASE_x_R1a_resid,9,test,684963,1,0.8466470137825359
BASE_x_R1a_resid,9,test,685328,0,0.780340122815081
BASE_x_R1a_resid,9,test,690019,0,0.579813640278617
BASE_x_R1a_resid,9,test,695455,0,0.3898916338665429
BASE_x_R1a_resid,9,test,701836,1,0.628382847618011
BASE_x_R1a_resid,9,test,703834,1,0.7404118913464616
BASE_x_R1a_resid,9,test,704101,1,0.7645956838525884
BASE_x_R1a_resid,9,test,707482,1,0.7356564346588362
BASE_x_R1a_resid,9,test,709815,1,0.733867958713015
BASE_x_R1a_resid,9,test,711245,1,0.6954364276704504
BASE_x_R1a_resid,9,test,711711,1,0.7741984578818694
BASE_x_R1a_resid,9,test,713284,0,0.3632542880019617
BASE_x_R1a_resid,9,test,713883,1,0.3418145248323686
BASE_x_R1a_resid,9,test,715113,1,0.7256856984498397
BASE_x_R1a_resid,9,test,718508,1,0.7706813961120098
BASE_x_R1a_resid,9,test,719050,0,0.283432089804032
BASE_x_R1a_resid,9,test,725514,0,0.5484252915835652
BASE_x_R1a_resid,9,test,737577,1,0.7412363265537247
BASE_x_R1a_resid,9,test,738078,0,0.4504129281858747
BASE_x_R1a_resid,9,test,743380,1,0.4843158188226844
BASE_x_R1a_resid,9,test,747710,0,0.5948082389432937
BASE_x_R1a_resid,9,test,748105,0,0.4527069382045527
BASE_x_R1a_resid,9,test,751827,1,0.752743088830664
BASE_x_R1a_resid,9,test,753994,0,0.2997623736669832
BASE_x_R1a_resid,9,test,761233,1,0.5263221409872565
BASE_x_R1a_resid,9,test,763994,1,0.6476774303443597
BASE_x_R1a_resid,9,test,770052,0,0.4749132471700303
BASE_x_R1a_resid,9,test,778073,1,0.36154922153157865
BASE_x_R1a_resid,9,test,780355,1,0.7367103841878294
BASE_x_R1a_resid,9,test,783735,1,0.5192032476207235
BASE_x_R1a_resid,9,test,783835,0,0.4662372804885144
BASE_x_R1a_resid,9,test,789437,1,0.9135538918890976
BASE_x_R1a_resid,9,test,803087,0,0.5657005705452252
BASE_x_R1a_resid,9,test,803189,0,0.2772945947715313
BASE_x_R1a_resid,9,test,804052,1,0.8692494923214105
BASE_x_R1a_resid,9,test,804945,1,0.645182253260514
BASE_x_R1a_resid,9,test,806326,0,0.630217743382529
BASE_x_R1a_resid,9,test,813972,1,0.6148479047126227
BASE_x_R1a_resid,9,test,817197,0,0.19519445057198737
BASE_x_R1a_resid,9,test,822463,1,0.3595315014390574
BASE_x_R1a_resid,9,test,827739,0,0.06465716288474152
BASE_x_R1a_resid,9,test,840916,0,0.30797445581600796
BASE_x_R1a_resid,9,test,844104,1,0.19919134435864197
BASE_x_R1a_resid,9,test,848998,0,0.6638440545187697
BASE_x_R1a_resid,9,test,856302,0,0.45609664386172505
BASE_x_R1a_resid,9,test,864000,0,0.4250468429114092
BASE_x_R1a_resid,9,test,882885,1,0.7545199660160061
BASE_x_R1a_resid,9,test,885222,0,0.6274600439636903
BASE_x_R1a_resid,9,test,894409,1,0.6539038593847067
BASE_x_R1a_resid,9,test,899067,0,0.15930875199944988
BASE_x_R1a_resid,9,test,899668,1,0.46583531977149095
BASE_x_R1a_resid,9,test,929375,1,0.515429101590976
BASE_x_R1a_resid,9,test,934409,0,0.6230871925671879
BASE_x_R1a_resid,9,test,935158,1,0.7670872785248325
BASE_x_R1a_resid,9,test,940103,0,0.38806963307117953
BASE_x_R1a_resid,9,test,951306,1,0.6819720146940447
BASE_x_R1a_resid,9,test,951654,0,0.3472378106410828
BASE_x_R1a_resid,9,test,953310,1,0.72813316195548
BASE_x_R1a_resid,9,test,956387,1,0.37461658123903396
BASE_x_R1a_resid,9,test,957325,1,0.46819929005971805
BASE_x_R1a_resid,9,test,963182,1,0.6278502780396308
BASE_x_R1a_resid,9,test,967439,0,0.7216960766514008
BASE_x_R1a_resid,9,test,968652,1,0.7859377164217554
BASE_x_R1a_resid,9,test,969827,0,0.26470472866168093
BASE_x_R1a_resid,9,test,975728,0,0.7352938321829419
BASE_x_R1a_resid,9,test,976508,0,0.3840569898851648
BASE_x_R1a_resid,9,test,976696,0,0.3567235319499637
BASE_x_R1a_resid,9,test,979369,1,0.7876706960293152
BASE_x_R1a_resid,9,test,980697,0,0.6539937875507275
BASE_x_R1a_resid,9,test,981610,0,0.6059786726483083
BASE_x_R1a_resid,9,test,982545,1,0.3738127558870907
BASE_x_R1a_resid,9,test,984612,1,0.6041959409888709
BASE_x_R1a_resid,9,test,987997,1,0.5497309045126073
BASE_x_R1a_resid,9,test,989038,1,0.651958332204886
BASE_x_R1a_resid,9,test,990392,1,0.6006218819300628
BASE_x_R1a_resid,9,test,990510,1,0.7088325971330766
BASE_x_R1a_resid,9,test,990528,0,0.5837138208132996
BASE_x_R1a_resid,9,test,991197,0,0.8607336690170267
BASE_x_R1a_resid,9,test,991972,1,0.7983249575065156
BASE_x_R1a_resid,9,test,997827,1,0.8196970771829641
BASE_x_R1a_resid,9,test,1000176,1,0.42822301956652725
BASE_x_R1a_resid,9,test,1000945,1,0.6993670773151185
BASE_x_R1a_resid,9,test,1001607,1,0.7785702466018186
BASE_x_R1a_resid,9,test,1002439,1,0.6751799342177566
BASE_x_R1a_resid,9,test,1005619,1,0.3221000744255486
BASE_x_R1a_resid,9,test,1006451,0,0.674894078634253
BASE_x_R1a_resid,9,test,1006489,0,0.2544983287462792
BASE_x_R1a_resid,9,test,1006944,1,0.5811408396894171
BASE_x_R1a_resid,9,test,1007601,1,0.6430892739665327
BASE_x_R1a_resid,9,test,1017249,1,0.3557000908441061
BASE_x_R1a_resid,9,test,1029192,1,0.7261576449352788
BASE_x_R1a_resid,9,test,1039937,0,0.5708651634878779
BASE_x_R1a_resid,9,test,1039960,1,0.7044317925744319
BASE_x_R1a_resid,9,test,1048580,1,0.7971753811040174
BASE_x_R1a_resid,9,test,1050525,1,0.5653602219425828
BASE_x_R1a_resid,9,test,1053685,1,0.5637632257321008
BASE_x_R1a_resid,9,test,1056454,1,0.7308766397782598
BASE_x_R1a_resid,9,test,1057686,0,0.3959402025291067
BASE_x_R1a_resid,9,test,1058762,1,0.41934460205709034
BASE_x_R1a_resid,9,test,1067177,1,0.5817310378121554
BASE_x_R1a_resid,9,test,1068151,0,0.5185401866038124
BASE_x_R1a_resid,9,test,1068426,1,0.640602763152381
BASE_x_R1a_resid,9,test,1068928,0,0.37236334817567446
BASE_x_R1a_resid,9,test,1070070,1,0.8867815353525892
BASE_x_R1a_resid,9,test,1071514,1,0.7710292904165701
BASE_x_R1a_resid,9,test,1071925,1,0.9343148083202227
BASE_x_R1a_resid,9,test,1072271,1,0.5063523068480501
BASE_x_R1a_resid,9,test,1074427,1,0.5999403176935314
BASE_x_R1a_resid,9,test,1074585,1,0.5011866354042442
BASE_x_R1a_resid,9,test,1075990,0,0.20684503059948894
BASE_x_R1a_resid,9,test,1077013,1,0.6540840565230819
BASE_x_R1a_resid,9,test,1077371,0,0.25582516177526
BASE_x_R1a_resid,9,test,1077856,1,0.753837351466537
BASE_x_R1a_resid,9,test,1078817,1,0.5728874578130267
BASE_x_R1a_resid,9,test,1078893,0,0.45242634604855375
BASE_x_R1a_resid,9,test,1079527,1,0.44643452857651866
BASE_x_R1a_resid,9,test,1080214,1,0.467467195689074
BASE_x_R1a_resid,9,test,1080564,1,0.5779545461328809
BASE_x_R1a_resid,9,test,1081893,1,0.38035738202598707
BASE_x_R1a_resid,9,test,1081915,0,0.47060653492144056
BASE_x_R1a_resid,9,test,1082641,0,0.22863732081308424
BASE_x_R1a_resid,9,test,1084251,1,0.5903592258692583
BASE_x_R1a_resid,9,test,1084364,1,0.4822963972588654
BASE_x_R1a_resid,9,test,1086770,1,0.7737960654413196
BASE_x_R1a_resid,9,test,1086772,1,0.7533433824407366
BASE_x_R1a_resid,9,test,1088707,1,0.7695498836613559
BASE_x_R1a_resid,9,test,1089172,1,0.5828679674163179
BASE_x_R1a_resid,9,test,1091748,1,0.6107371208102067
BASE_x_R1a_resid,9,test,1091984,1,0.5492333876237635
BASE_x_R1a_resid,9,test,1093743,0,0.28768976379350364
BASE_x_R1a_resid,9,test,1094046,1,0.5874774730890961
BASE_x_R1a_resid,9,test,1094274,1,0.9210162808920559
BASE_x_R1a_resid,9,test,1094456,1,0.3411445410955817
BASE_x_R1a_resid,9,test,1095415,1,0.7863917844766847
BASE_x_R1a_resid,9,test,1097215,1,0.45566354710294527
BASE_x_R1a_resid,9,test,1098420,0,0.2647813591703323
BASE_x_R1a_resid,9,test,1098855,1,0.7628025186488305
BASE_x_R1a_resid,9,test,1099159,1,0.7873750994585157
BASE_x_R1a_resid,9,test,1099756,1,0.5182665759894765
BASE_x_R1a_resid,9,test,1099979,0,0.7003276990044054
BASE_x_R1a_resid,9,test,1100923,1,0.7321344227736705
BASE_x_R1a_resid,9,test,1101406,0,0.2483015647029402
BASE_x_R1a_resid,9,test,1102314,1,0.7749554308149089
BASE_x_R1a_resid,9,test,1103001,0,0.4312376010839081
BASE_x_R1a_resid,9,test,1103054,0,0.16548788728863112
BASE_x_R1a_resid,9,test,1104113,1,0.6291582402236687
BASE_x_R1a_resid,9,test,1104470,1,0.8105215520999672
BASE_x_R1a_resid,9,test,1105198,0,0.2931915947881163
BASE_x_R1a_resid,9,test,1105320,1,0.6593832635408136
BASE_x_R1a_resid,9,test,1105345,0,0.7696378605845027
BASE_x_R1a_resid,9,test,1105715,1,0.41156403895479315
BASE_x_R1a_resid,9,test,1105733,1,0.40493727538517427
BASE_x_R1a_resid,9,test,1106632,0,0.27130637905202826
BASE_x_R1a_resid,9,test,1106784,1,0.5214299329937745
BASE_x_R1a_resid,9,test,1106968,1,0.9168098221307173
BASE_x_R1a_resid,9,test,1107056,1,0.4011680899686971
BASE_x_R1a_resid,9,test,1107147,1,0.7373370510937494
BASE_x_R1a_resid,9,test,1107575,0,0.574367590663841
BASE_x_R1a_resid,9,test,1107741,1,0.7848751714152138
BASE_x_R1a_resid,9,test,1108706,1,0.6912617864885611
BASE_x_R1a_resid,9,test,1109411,0,0.603314301958216
BASE_x_R1a_resid,9,test,1109598,1,0.8382182539826605
BASE_x_R1a_resid,9,test,1109612,1,0.9135388414391379
BASE_x_R1a_resid,9,test,1109765,1,0.6677141370642883
BASE_x_R1a_resid,9,test,1109782,1,0.6671324979260659
BASE_x_R1a_resid,9,test,1111123,1,0.2848918806383162
BASE_x_R1a_resid,9,test,1112567,1,0.5604134970371494
BASE_x_R1a_resid,9,test,1112999,0,0.19892451077909662
BASE_x_R1a_resid,9,test,1113808,0,0.37713545911094004
BASE_x_R1a_resid,9,test,1114993,0,0.5329750432444184
BASE_x_R1a_resid,9,test,1115316,1,0.7970520776030883
BASE_x_R1a_resid,9,test,1116007,0,0.8202187005115712
BASE_x_R1a_resid,9,test,1116363,0,0.3500133022492796
BASE_x_R1a_resid,9,test,1117243,1,0.7426621614976493
BASE_x_R1a_resid,9,test,1117714,1,0.5441125178264612
BASE_x_R1a_resid,9,test,1117951,1,0.48405910289408666
BASE_x_R1a_resid,9,test,1118191,1,0.7787456040201706
BASE_x_R1a_resid,9,test,1118641,0,0.03948977579796229
BASE_x_R1a_resid,9,test,1119012,1,0.7131966827983841
BASE_x_R1a_resid,9,test,1119591,1,0.8467332562967167
BASE_x_R1a_resid,9,test,1119660,1,0.749439319777331
BASE_x_R1a_resid,9,test,1119929,0,0.8438145189285775
BASE_x_R1a_resid,9,test,1120120,0,0.3987472486767489
BASE_x_R1a_resid,9,test,1120684,0,0.21184116144632714
BASE_x_R1a_resid,9,test,1120692,1,0.7956941598613461
BASE_x_R1a_resid,9,test,1121559,1,0.7662525647980807
BASE_x_R1a_resid,9,test,1121795,1,0.5809031866398441
BASE_x_R1a_resid,9,test,1121926,1,0.545934832217582
BASE_x_R1a_resid,9,test,1122888,1,0.6918476151672956
BASE_x_R1a_resid,9,test,1123205,0,0.4633145958777674
BASE_x_R1a_resid,9,test,1123500,1,0.4437608187306365
BASE_x_R1a_resid,9,test,1123858,0,0.8147526274471935
BASE_x_R1a_resid,9,test,1124180,0,0.3109772480211461
BASE_x_R1a_resid,9,test,1124329,1,0.5361703094978472
BASE_x_R1a_resid,9,test,1124330,0,0.7285520910173502
BASE_x_R1a_resid,9,test,1124477,1,0.45274853980617835
BASE_x_R1a_resid,9,test,1124484,0,0.21787506502893225
BASE_x_R1a_resid,9,test,1125468,1,0.8337100091663358
BASE_x_R1a_resid,9,test,1125748,1,0.6750754095606575
BASE_x_R1a_resid,9,test,1125899,1,0.41338551360408515
BASE_x_R1a_resid,9,test,1126092,1,0.8180352557496547
BASE_x_R1a_resid,9,test,1126232,0,0.24677888252976435
BASE_x_R1a_resid,9,test,1126244,0,0.34056406377410603
BASE_x_R1a_resid,9,test,1126637,0,0.6956629270119709
BASE_x_R1a_resid,9,test,1127812,1,0.5118549141399058
BASE_x_R1a_resid,9,test,1128811,0,0.5952787323403782
BASE_x_R1a_resid,9,test,1128830,0,0.9168262792620248
BASE_x_R1a_resid,9,test,1128946,1,0.2868489927376217
BASE_x_R1a_resid,9,test,1129383,1,0.5601182249485636
BASE_x_R1a_resid,9,test,1129401,1,0.4335968191773714
BASE_x_R1a_resid,9,test,1132010,0,0.2832727702599136
BASE_x_R1a_resid,9,test,1132251,1,0.6300474604537181
BASE_x_R1a_resid,9,test,1132886,0,0.6710069923831243
BASE_x_R1a_resid,9,test,1133021,1,0.3054094019542998
BASE_x_R1a_resid,9,test,1133467,1,0.6542494537713334
BASE_x_R1a_resid,9,test,1134855,0,0.19329615071617107
BASE_x_R1a_resid,9,test,1135703,1,0.7613128042857609
BASE_x_R1a_resid,9,test,1135868,0,0.7550728908014956
BASE_x_R1a_resid,9,test,1136310,1,0.4629468004199119
BASE_x_R1a_resid,9,test,1136569,0,0.3050775738184533
BASE_x_R1a_resid,9,test,1136723,0,0.22501991856662912
BASE_x_R1a_resid,9,test,1137743,1,0.7607092234957422
BASE_x_R1a_resid,9,test,1138316,1,0.581397900979582
BASE_x_R1a_resid,9,test,1138670,1,0.7999512016247032
BASE_x_R1a_resid,9,test,1138681,1,0.7240448925091124
BASE_x_R1a_resid,9,test,1138757,1,0.2710083319592816
BASE_x_R1a_resid,9,test,1139212,1,0.6020576769314772
BASE_x_R1a_resid,9,test,1139372,0,0.6270489903712082
BASE_x_R1a_resid,9,test,1139409,1,0.8296280518429278
BASE_x_R1a_resid,9,test,1144322,1,0.7768897536506821
BASE_x_R1a_resid,9,test,1144734,1,0.6603694165304296
BASE_x_R1a_resid,9,test,1145715,0,0.38361553185807096
BASE_x_R1a_resid,9,test,1145972,0,0.6755045490023222
BASE_x_R1a_resid,9,test,1146057,0,0.24292794825230707
BASE_x_R1a_resid,9,test,1146116,0,0.43923968971633576
BASE_x_R1a_resid,9,test,1146210,1,0.6838514674050583
BASE_x_R1a_resid,9,test,1146584,1,0.6625938740705536
BASE_x_R1a_resid,9,test,1146989,0,0.34981657334838945
BASE_x_R1a_resid,9,test,1147005,0,0.31266787095758003
BASE_x_R1a_resid,9,test,1147122,1,0.6415558984160755
BASE_x_R1a_resid,9,test,1147225,0,0.5341744759986187
BASE_x_R1a_resid,9,test,1147525,1,0.8819395818236078
BASE_x_R1a_resid,9,test,1147944,0,0.16843929100754818
BASE_x_R1a_resid,9,test,1148359,1,0.8289714409979102
BASE_x_R1a_resid,9,test,1148804,1,0.721306296742056
BASE_x_R1a_resid,9,test,1149501,0,0.7413068026631359
BASE_x_R1a_resid,9,test,1149825,1,0.4756681866215961
BASE_x_R1a_resid,9,test,1149904,0,0.18591471910588228
BASE_x_R1a_resid,9,test,1150400,1,0.4452564426566871
BASE_x_R1a_resid,9,test,1151569,1,0.7391510967328392
BASE_x_R1a_resid,9,test,1152380,1,0.4177465890874617
BASE_x_R1a_resid,9,test,1152739,0,0.504242151317184
BASE_x_R1a_resid,9,test,1153155,1,0.5929229514070128
BASE_x_R1a_resid,9,test,1153158,1,0.7977037032862959
BASE_x_R1a_resid,9,test,1154055,1,0.8706025593366103
BASE_x_R1a_resid,9,test,1154191,1,0.7313529165641086
BASE_x_R1a_resid,9,test,1154265,0,0.4237343321849928
BASE_x_R1a_resid,9,test,1155519,1,0.4065322098594493
BASE_x_R1a_resid,9,test,1155554,1,0.6181085411320004
BASE_x_R1a_resid,9,test,1156634,1,0.8697446748523054
BASE_x_R1a_resid,9,test,1156786,1,0.3555406700767439
BASE_x_R1a_resid,9,test,1156887,1,0.6599499073907197
BASE_x_R1a_resid,9,test,1156904,1,0.4690231682205128
BASE_x_R1a_resid,9,test,1157181,1,0.6872487611954401
BASE_x_R1a_resid,9,test,1157238,0,0.5294709066353032
BASE_x_R1a_resid,9,test,1157284,0,0.5334896615649101
BASE_x_R1a_resid,9,test,1206310,1,0.41148375114364927
BASE_x_R1a_resid,9,test,1206652,1,0.705326568071377
BASE_x_R1a_resid,9,test,1206714,1,0.718414830120451
BASE_x_R1a_resid,9,test,1206862,1,0.7069634948598994
BASE_x_R1a_resid,9,test,1207017,1,0.7650478054819791
BASE_x_R1a_resid,9,test,1207384,1,0.535078911246282
BASE_x_R1a_resid,9,test,1207571,1,0.7207079951786857
BASE_x_R1a_resid,9,test,1207585,0,0.2480384833301446
BASE_x_R1a_resid,9,test,1207665,1,0.6325989453953939
BASE_x_R1a_resid,9,test,1207861,1,0.8600702006140043
BASE_x_R1a_resid,9,test,1207980,1,0.806364432499737
BASE_x_R1a_resid,9,test,1208243,1,0.6619826909613665
BASE_x_R1a_resid,9,test,1208257,0,0.6004815466270116
BASE_x_R1a_resid,9,test,1208293,0,0.567396069133024
BASE_x_R1a_resid,9,test,1209229,0,0.2757360352577772
BASE_x_R1a_resid,9,test,1209406,0,0.3239833852658805
BASE_x_R1a_resid,9,test,1209429,1,0.5842559134666063
BASE_x_R1a_resid,9,test,1209531,0,0.1349109382914608
BASE_x_R1a_resid,9,test,1210080,0,0.6630672722180543
BASE_x_R1a_resid,9,test,1210100,0,0.33772113175049656
BASE_x_R1a_resid,9,test,1210432,0,0.24821656529850084
BASE_x_R1a_resid,9,test,1211740,1,0.6969390860001242
BASE_x_R1a_resid,9,test,1212164,1,0.5185051650052409
BASE_x_R1a_resid,9,test,1212403,1,0.819741196496542
BASE_x_R1a_resid,9,test,1212451,0,0.5684002512165672
BASE_x_R1a_resid,9,test,1212705,1,0.5318909892890749
BASE_x_R1a_resid,9,test,1212738,1,0.8265244196032846
BASE_x_R1a_resid,9,test,1215187,1,0.2541258651276319
BASE_x_R1a_resid,9,test,1215793,1,0.4430492653397529
BASE_x_R1a_resid,9,test,1215797,1,0.766660922988861
BASE_x_R1a_resid,9,test,1215921,1,0.467489729467786
BASE_x_R1a_resid,9,test,1216045,1,0.8181410004608413
BASE_x_R1a_resid,9,test,1216223,1,0.7736092934246258
BASE_x_R1a_resid,9,test,1216421,1,0.5024577233407158
BASE_x_R1a_resid,9,test,1217240,0,0.3233798729893574
BASE_x_R1a_resid,9,test,1217573,1,0.7587148342917801
BASE_x_R1a_resid,9,test,1218235,1,0.6133010478423058
BASE_x_R1a_resid,9,test,1218335,1,0.6469237086156232
BASE_x_R1a_resid,9,test,1218673,1,0.4583931355307296
BASE_x_R1a_resid,9,test,1218821,1,0.61171671271215
BASE_x_R1a_resid,9,test,1219254,0,0.49892699771265364
BASE_x_R1a_resid,9,test,1219337,1,0.36968583904675756
BASE_x_R1a_resid,9,test,1219877,1,0.5681662035430063
BASE_x_R1a_resid,9,test,1219938,0,0.8935892905430234
BASE_x_R1a_resid,9,test,1219949,0,0.5736659625821775
BASE_x_R1a_resid,9,test,1219958,0,0.3553728410430027
BASE_x_R1a_resid,9,test,1220037,1,0.513565663475621
BASE_x_R1a_resid,9,test,1220386,0,0.24719823865928636
BASE_x_R1a_resid,9,test,1220552,1,0.7058304396176192
BASE_x_R1a_resid,9,test,1220699,1,0.49995493699414206
BASE_x_R1a_resid,9,test,1221268,1,0.5455978468798824
BASE_x_R1a_resid,9,test,1221289,1,0.8830214495476182
BASE_x_R1a_resid,9,test,1221341,1,0.660085395526393
BASE_x_R1a_resid,9,test,1221707,0,0.49582067269059776
BASE_x_R1a_resid,9,test,1221883,0,0.6196268266194671
BASE_x_R1a_resid,9,test,1221901,1,0.23675929279283928
BASE_x_R1a_resid,9,test,1222069,1,0.7632696504489538
BASE_x_R1a_resid,9,test,1223272,1,0.4668984694842067
BASE_x_R1a_resid,9,test,1223383,1,0.6645343497439573
BASE_x_R1a_resid,9,test,1223796,1,0.6154195096543394
BASE_x_R1a_resid,9,test,1224087,0,0.32317040264715785
BASE_x_R1a_resid,9,test,1224343,1,0.5165082747501307
BASE_x_R1a_resid,9,test,1224488,1,0.6726445056929202
BASE_x_R1a_resid,9,test,1224767,0,0.562806797185945
BASE_x_R1a_resid,9,test,1225050,0,0.30117488319049146
BASE_x_R1a_resid,9,test,1225671,1,0.821841827976364
BASE_x_R1a_resid,9,test,1225672,1,0.6897089264239815
BASE_x_R1a_resid,9,test,1225716,0,0.6190020397150153
BASE_x_R1a_resid,9,test,1225945,0,0.5958030077515177
BASE_x_R1a_resid,9,test,1226435,1,0.5858347346652039
BASE_x_R1a_resid,9,test,1226708,1,0.7367472948991501
BASE_x_R1a_resid,9,test,1226794,0,0.23181717983198813
BASE_x_R1a_resid,9,test,1227192,1,0.5287288425575062
BASE_x_R1a_resid,9,test,1227545,1,0.7160662671282139
BASE_x_R1a_resid,9,test,1228020,1,0.8456234911133904
BASE_x_R1a_resid,9,test,1228207,1,0.4521039320638337
BASE_x_R1a_resid,9,test,1229991,0,0.7429337432947727
BASE_x_R1a_resid,9,test,1230051,1,0.6395343726429203
BASE_x_R1a_resid,9,test,1230265,1,0.5548487239100427
BASE_x_R1a_resid,9,test,1230689,0,0.5008903240656376
BASE_x_R1a_resid,9,test,1231353,1,0.7769893558184425
BASE_x_R1a_resid,9,test,1231963,0,0.5016776193101125
BASE_x_R1a_resid,9,test,1232006,1,0.8368223571378606
BASE_x_R1a_resid,9,test,1232028,0,0.15671023161930464
BASE_x_R1a_resid,9,test,1232062,0,0.27884084111597746
BASE_x_R1a_resid,9,test,1232188,1,0.6314216708876568
BASE_x_R1a_resid,9,test,1232296,1,0.6481259752686299
BASE_x_R1a_resid,9,test,1232478,1,0.8351110966615107
BASE_x_R1a_resid,9,test,1232676,1,0.6960557843806511
BASE_x_R1a_resid,9,test,1233095,1,0.7791879688518952
BASE_x_R1a_resid,9,test,1233140,1,0.3046516742802363
BASE_x_R1a_resid,9,test,1233369,0,0.5293643788580608
BASE_x_R1a_resid,9,test,1233543,1,0.27533371918906446
BASE_x_R1a_resid,9,test,1233777,1,0.7733389708115803
BASE_x_R1a_resid,9,test,1234275,1,0.5930811004488805
BASE_x_R1a_resid,9,test,1234306,1,0.16741890441890697
BASE_x_R1a_resid,9,test,1234431,1,0.699999404033359
BASE_x_R1a_resid,9,test,1234461,1,0.7516800160381639
BASE_x_R1a_resid,9,test,1234472,1,0.597778557240779
BASE_x_R1a_resid,9,test,1234521,0,0.5186652663075139
BASE_x_R1a_resid,9,test,1234875,1,0.8173945759939829
BASE_x_R1a_resid,9,test,1235265,1,0.25681021094802053
BASE_x_R1a_resid,9,test,1235650,0,0.6098025144209469
BASE_x_R1a_resid,9,test,1235697,1,0.7603753248029057
BASE_x_R1a_resid,9,test,1235863,1,0.5482653432581833
BASE_x_R1a_resid,9,test,1235891,1,0.7047412281787006
BASE_x_R1a_resid,9,test,1236862,0,0.32600324402845077
BASE_x_R1a_resid,9,test,1236996,1,0.7567786956978787
BASE_x_R1a_resid,9,test,1237075,0,0.36299621994112075
BASE_x_R1a_resid,9,test,1237182,1,0.6217876782851522
BASE_x_R1a_resid,9,test,1237491,1,0.8723433812418301
BASE_x_R1a_resid,9,test,1237716,0,0.3341039935171062
BASE_x_R1a_resid,9,test,1238156,1,0.7398689025588467
BASE_x_R1a_resid,9,test,1238501,0,0.40324518880368615
BASE_x_R1a_resid,9,test,1238553,1,0.447650005756321
BASE_x_R1a_resid,9,test,1238583,0,0.6538235964661508
BASE_x_R1a_resid,9,test,1238664,1,0.7796183346601667
BASE_x_R1a_resid,9,test,1238668,1,0.6722401807362465
BASE_x_R1a_resid,9,test,1238923,0,0.6601853597704297
BASE_x_R1a_resid,9,test,1238938,0,0.33162656629784204
BASE_x_R1a_resid,9,test,1239029,1,0.8573290190181033
BASE_x_R1a_resid,9,test,1239042,1,0.5435216570819711
BASE_x_R1a_resid,9,test,1239079,1,0.5991237030313098
BASE_x_R1a_resid,9,test,1239095,1,0.7620060405875428
BASE_x_R1a_resid,9,test,1239458,0,0.6975644726197082
BASE_x_R1a_resid,9,test,1239693,0,0.5090318759568722
BASE_x_R1a_resid,9,test,1240588,1,0.8234730845745881
BASE_x_R1a_resid,9,test,1240705,1,0.6829749444891275
BASE_x_R1a_resid,9,test,1240953,0,0.26720657859647007
BASE_x_R1a_resid,9,test,1241090,0,0.31674298569337334
BASE_x_R1a_resid,9,test,1241625,0,0.703311567998979
BASE_x_R1a_resid,9,test,1242536,1,0.7695771974086979
BASE_x_R1a_resid,9,test,1242673,1,0.7463571504479062
BASE_x_R1a_resid,9,test,1242811,0,0.47118810665687255
BASE_x_R1a_resid,9,test,1243018,1,0.5593210854190834
BASE_x_R1a_resid,9,test,1243098,1,0.8045383544104621
BASE_x_R1a_resid,9,test,1243942,1,0.8201276923932062
BASE_x_R1a_resid,9,test,1244363,0,0.21670018230719784
BASE_x_R1a_resid,9,test,1244680,1,0.6070886053410243
