alloc,feature,gini,is_r1a
0,rec__ch3000_observed_days,0.0005775332683697343,False
0,rec__ch3000_adequate_days,0.0014623146271333098,False
0,rec__ch3000_events,0.0016512867296114564,False
0,rec__ch3000_span_days,0.000830805511213839,False
0,rec__ch3000_mean_cov_h,0.0012831608764827251,False
0,rec__ch3000_mean_hours,0.0011396589688956738,False
0,rec__ch3000_events_per_day,0.000860369938891381,False
0,rec__ch3000_mean_of_daily_mean,0.00018128479132428765,False
0,rec__ch3000_sd_of_daily_mean,0.008256365545094013,False
0,rec__ch3000_mean_of_daily_sd,0.0022202441468834877,False
0,rec__ch3000_median_of_daily_median,0.001123500056564808,False
0,rec__ch3000_p25_of_daily_median,0.0011153890518471599,False
0,rec__ch3000_p75_of_daily_median,0.00019128054555039853,False
0,rec__ch3000_iqr_of_daily_median,0.0007689240737818182,False
0,rec__ch3000_min_of_daily_min,0.0011759144254028797,False
0,rec__ch3000_max_of_daily_max,0.003736862214282155,False
0,rec__ch3000_range_of_daily_extremes,0.00629581930115819,False
0,rec__ch3000_weekday_mean,0.03463638946413994,False
0,rec__ch3000_weekend_mean,0.0017822503577917814,False
0,rec__ch3000_weekend_minus_weekday,0.01325203012675047,False
0,rec__ch3001_observed_days,0.0007917606271803379,False
0,rec__ch3001_adequate_days,0.0012062541209161282,False
0,rec__ch3001_events,0.0014521790435537696,False
0,rec__ch3001_span_days,0.0024481085129082203,False
0,rec__ch3001_mean_cov_h,0.0008540963171981275,False
0,rec__ch3001_mean_hours,0.0004886520910076797,False
0,rec__ch3001_events_per_day,0.0013821700122207403,False
0,rec__ch3001_mean_of_daily_mean,2.0059893358848058e-05,False
0,rec__ch3001_sd_of_daily_mean,0.003668309887871146,False
0,rec__ch3001_mean_of_daily_sd,0.010674250312149525,False
0,rec__ch3001_median_of_daily_median,0.0001467915571993217,False
0,rec__ch3001_p25_of_daily_median,0.0004465256934054196,False
0,rec__ch3001_p75_of_daily_median,0.00018819615070242435,False
0,rec__ch3001_iqr_of_daily_median,0.0005885339924134314,False
0,rec__ch3001_min_of_daily_min,0.0018050833605229855,False
0,rec__ch3001_max_of_daily_max,0.0018808161839842796,False
0,rec__ch3001_range_of_daily_extremes,0.004488385748118162,False
0,rec__ch3001_weekday_mean,0.0004648883477784693,False
0,rec__ch3001_weekend_mean,0.0009600021876394749,False
0,rec__ch3001_weekend_minus_weekday,0.002240691566839814,False
0,rec__ch3002_observed_days,0.0007924446254037321,False
0,rec__ch3002_adequate_days,0.0012300480157136917,False
0,rec__ch3002_events,0.001546858111396432,False
0,rec__ch3002_span_days,0.0016304866876453161,False
0,rec__ch3002_mean_cov_h,0.0003387174801900983,False
0,rec__ch3002_mean_hours,0.0005103906732983887,False
0,rec__ch3002_events_per_day,0.0005229640519246459,False
0,rec__ch3002_mean_of_daily_mean,0.0002359508944209665,False
0,rec__ch3002_sd_of_daily_mean,0.009569009765982628,False
0,rec__ch3002_mean_of_daily_sd,0.00962863489985466,False
0,rec__ch3002_median_of_daily_median,0.00015011765935923904,False
0,rec__ch3002_p25_of_daily_median,0.0,False
0,rec__ch3002_p75_of_daily_median,0.00036097835982218385,False
0,rec__ch3002_iqr_of_daily_median,0.0015198917826637626,False
0,rec__ch3002_min_of_daily_min,0.0017441526288166642,False
0,rec__ch3002_max_of_daily_max,0.0010914860758930445,False
0,rec__ch3002_range_of_daily_extremes,0.002736011054366827,False
0,rec__ch3002_weekday_mean,0.0005092475330457091,False
0,rec__ch3002_weekend_mean,0.001119401422329247,False
0,rec__ch3002_weekend_minus_weekday,0.006497527938336134,False
0,rec__overall_events,0.0010263512376695871,False
0,rec__overall_days,0.001336795510724187,False
0,rec__overall_span_days,0.0015280551742762327,False
0,rec__overall_adequate_channel_days,0.0009408381883986294,False
0,rec__ch3000_minus_ch3001_mean,0.012793592177331448,False
0,rec__ch3000_minus_ch3002_mean,0.015101294033229351,False
0,rec__ch3000_tod_night,0.0017860573716461658,False
0,rec__ch3000_tod_morning,0.021224236115813255,False
0,rec__ch3000_tod_afternoon,0.0019026561640203,False
0,rec__ch3000_tod_evening,0.0010217729723080993,False
0,rec__ch3001_tod_night,0.010644190944731236,False
0,rec__ch3001_tod_morning,0.00140626251231879,False
0,rec__ch3001_tod_afternoon,0.001072844723239541,False
0,rec__ch3001_tod_evening,0.001230870489962399,False
0,rec__ch3002_tod_night,0.007738199084997177,False
0,rec__ch3002_tod_morning,0.000869827694259584,False
0,rec__ch3002_tod_afternoon,0.002186116296797991,False
0,rec__ch3002_tod_evening,0.001184833119623363,False
0,win__ch3000_observed_days,0.0001344417833024636,False
0,win__ch3000_adequate_days,0.0001376116561004892,False
0,win__ch3000_events,0.0010745575418695807,False
0,win__ch3000_mean_cov_h,0.0017166337929666042,False
0,win__ch3000_mean_hours,0.0002922501298598945,False
0,win__ch3000_events_per_day,0.0013203956186771393,False
0,win__ch3000_mean_of_daily_mean,0.0002712658606469631,False
0,win__ch3000_sd_of_daily_mean,0.013073931448161602,False
0,win__ch3000_mean_of_daily_sd,0.0023947320878505707,False
0,win__ch3000_median_of_daily_median,0.00013375372509472072,False
0,win__ch3000_p25_of_daily_median,0.00028153049061074853,False
0,win__ch3000_p75_of_daily_median,0.00030322224483825266,False
0,win__ch3000_iqr_of_daily_median,0.0003639936330728233,False
0,win__ch3000_min_of_daily_min,0.0025109308771789074,False
0,win__ch3000_max_of_daily_max,0.003057733178138733,False
0,win__ch3000_range_of_daily_extremes,0.0033026747405529022,False
0,win__ch3000_weekday_mean,0.0029495246708393097,False
0,win__ch3000_weekend_mean,0.0015988100785762072,False
0,win__ch3000_weekend_minus_weekday,0.010886331088840961,False
0,win__ch3001_observed_days,0.0006769118481315672,False
0,win__ch3001_adequate_days,0.00040140701457858086,False
0,win__ch3001_events,0.0015468730125576258,False
0,win__ch3001_span_days,4.096034535905346e-05,False
0,win__ch3001_mean_cov_h,0.0007030403940007091,False
0,win__ch3001_mean_hours,0.0008395001641474664,False
0,win__ch3001_events_per_day,0.0014563328586518764,False
0,win__ch3001_mean_of_daily_mean,0.00027359777595847845,False
0,win__ch3001_sd_of_daily_mean,0.003613336943089962,False
0,win__ch3001_mean_of_daily_sd,0.0041182804852724075,False
0,win__ch3001_median_of_daily_median,0.00014255351561587304,False
0,win__ch3001_p25_of_daily_median,0.00032120614196173847,False
0,win__ch3001_p75_of_daily_median,3.8312074934765405e-07,False
0,win__ch3001_iqr_of_daily_median,0.001115592778660357,False
0,win__ch3001_min_of_daily_min,0.00290121603757143,False
0,win__ch3001_max_of_daily_max,0.0013478187611326575,False
0,win__ch3001_range_of_daily_extremes,0.0020301963668316603,False
0,win__ch3001_weekday_mean,0.0007395785069093108,False
0,win__ch3001_weekend_mean,0.0008875552448444068,False
0,win__ch3001_weekend_minus_weekday,0.003318874863907695,False
0,win__ch3002_observed_days,0.0011746212840080261,False
0,win__ch3002_adequate_days,0.0012460036668926477,False
0,win__ch3002_events,0.0011505148140713573,False
0,win__ch3002_span_days,0.0003148651449009776,False
0,win__ch3002_mean_cov_h,0.0009333228808827698,False
0,win__ch3002_mean_hours,0.00044897961197420955,False
0,win__ch3002_events_per_day,0.0008187165367417037,False
0,win__ch3002_mean_of_daily_mean,9.792615310288966e-05,False
0,win__ch3002_sd_of_daily_mean,0.007305792532861233,False
0,win__ch3002_mean_of_daily_sd,0.003227417590096593,False
0,win__ch3002_median_of_daily_median,1.5550504377508217e-18,False
0,win__ch3002_p25_of_daily_median,0.0003102965420112014,False
0,win__ch3002_p75_of_daily_median,0.0003810640482697636,False
0,win__ch3002_iqr_of_daily_median,0.0022012207191437483,False
0,win__ch3002_min_of_daily_min,0.0023666287306696177,False
0,win__ch3002_max_of_daily_max,0.001487399567849934,False
0,win__ch3002_range_of_daily_extremes,0.0025344109162688255,False
0,win__ch3002_weekday_mean,0.0005232563125900924,False
0,win__ch3002_weekend_mean,0.0011604540050029755,False
0,win__ch3002_weekend_minus_weekday,0.0053545571863651276,False
0,win__overall_events,0.0018676925683394074,False
0,win__overall_days,0.0002984545717481524,False
0,win__overall_adequate_channel_days,0.0006911834352649748,False
0,win__ch3000_minus_ch3001_mean,0.008699286729097366,False
0,win__ch3000_minus_ch3002_mean,0.01116669736802578,False
0,win__ch3000_tod_night,0.0009334819624200463,False
0,win__ch3000_tod_morning,0.007452934514731169,False
0,win__ch3000_tod_afternoon,0.0034294791985303164,False
0,win__ch3000_tod_evening,0.001428408082574606,False
0,win__ch3001_tod_night,0.0011474102502688766,False
0,win__ch3001_tod_morning,0.001249606371857226,False
0,win__ch3001_tod_afternoon,0.0011726231314241886,False
0,win__ch3001_tod_evening,0.00023864694230724126,False
0,win__ch3002_tod_night,0.0010501430369913578,False
0,win__ch3002_tod_morning,0.000925836618989706,False
0,win__ch3002_tod_afternoon,0.0020080492831766605,False
0,win__ch3002_tod_evening,0.0007393148262053728,False
0,roll_rec__ch3000_daily_hours_w30_max,0.0008582863956689835,False
0,roll_rec__ch3000_daily_hours_w30_mean,0.00103272357955575,False
0,roll_rec__ch3000_daily_hours_w30_min,0.0021164659410715103,False
0,roll_rec__ch3000_daily_hours_w30_sd,0.002023664303123951,False
0,roll_rec__ch3000_daily_hours_w30_slope,0.002442497992888093,False
0,roll_rec__ch3000_daily_hours_w7_max,0.00034870041417889297,False
0,roll_rec__ch3000_daily_hours_w7_mean,0.0010939824860543013,False
0,roll_rec__ch3000_daily_hours_w7_min,0.0025262380950152874,False
0,roll_rec__ch3000_daily_hours_w7_sd,0.0013483923394232988,False
0,roll_rec__ch3000_daily_hours_w7_slope,0.0025837926659733057,False
0,roll_rec__ch3000_daily_mean_w30_max,0.0016323106829077005,False
0,roll_rec__ch3000_daily_mean_w30_mean,0.004873509518802166,False
0,roll_rec__ch3000_daily_mean_w30_min,0.0011180962901562452,False
0,roll_rec__ch3000_daily_mean_w30_sd,0.0013023022329434752,False
0,roll_rec__ch3000_daily_mean_w30_slope,0.0019117844058200717,False
0,roll_rec__ch3000_daily_mean_w7_max,0.00220438651740551,False
0,roll_rec__ch3000_daily_mean_w7_mean,0.0057209995575249195,False
0,roll_rec__ch3000_daily_mean_w7_min,0.0008830766892060637,False
0,roll_rec__ch3000_daily_mean_w7_sd,0.0020468805450946093,False
0,roll_rec__ch3000_daily_mean_w7_slope,0.0022163870744407177,False
0,roll_rec__ch3000_daily_median_w30_max,0.0010888049146160483,False
0,roll_rec__ch3000_daily_median_w30_mean,0.0005906739388592541,False
0,roll_rec__ch3000_daily_median_w30_min,0.0011528522009029984,False
0,roll_rec__ch3000_daily_median_w30_sd,0.0016230782493948936,False
0,roll_rec__ch3000_daily_median_w30_slope,0.0012252588057890534,False
0,roll_rec__ch3000_daily_median_w7_max,0.001469500013627112,False
0,roll_rec__ch3000_daily_median_w7_mean,0.0007046668906696141,False
0,roll_rec__ch3000_daily_median_w7_min,0.0014655160484835505,False
0,roll_rec__ch3000_daily_median_w7_sd,0.0015091832028701901,False
0,roll_rec__ch3000_daily_median_w7_slope,0.0010016269516199827,False
0,roll_rec__ch3000_daily_sd_w30_max,0.001337719731964171,False
0,roll_rec__ch3000_daily_sd_w30_mean,0.002169111743569374,False
0,roll_rec__ch3000_daily_sd_w30_min,0.0021533549297600985,False
0,roll_rec__ch3000_daily_sd_w30_sd,0.0035092143807560205,False
0,roll_rec__ch3000_daily_sd_w30_slope,0.0026956635992974043,False
0,roll_rec__ch3000_daily_sd_w7_max,0.0019083510851487517,False
0,roll_rec__ch3000_daily_sd_w7_mean,0.002766227349638939,False
0,roll_rec__ch3000_daily_sd_w7_min,0.0032683569006621838,False
0,roll_rec__ch3000_daily_sd_w7_sd,0.0038549548480659723,False
0,roll_rec__ch3000_daily_sd_w7_slope,0.002945169573649764,False
0,roll_rec__ch3001_daily_hours_w30_max,0.0019844521302729845,False
0,roll_rec__ch3001_daily_hours_w30_mean,0.00098213623277843,False
0,roll_rec__ch3001_daily_hours_w30_min,0.002724305959418416,False
0,roll_rec__ch3001_daily_hours_w30_sd,0.002360854297876358,False
0,roll_rec__ch3001_daily_hours_w30_slope,0.0026934470515698195,False
0,roll_rec__ch3001_daily_hours_w7_max,0.0012707295827567577,False
0,roll_rec__ch3001_daily_hours_w7_mean,0.001170400995761156,False
0,roll_rec__ch3001_daily_hours_w7_min,0.0015397723764181137,False
0,roll_rec__ch3001_daily_hours_w7_sd,0.0017487764125689864,False
0,roll_rec__ch3001_daily_hours_w7_slope,0.003070637583732605,False
0,roll_rec__ch3001_daily_mean_w30_max,0.0008105429005809128,False
0,roll_rec__ch3001_daily_mean_w30_mean,0.00017865776317194104,False
0,roll_rec__ch3001_daily_mean_w30_min,0.0009062240133062005,False
0,roll_rec__ch3001_daily_mean_w30_sd,0.0017907418077811599,False
0,roll_rec__ch3001_daily_mean_w30_slope,0.0007373603875748813,False
0,roll_rec__ch3001_daily_mean_w7_max,0.0016852128319442272,False
0,roll_rec__ch3001_daily_mean_w7_mean,0.00020860007498413324,False
0,roll_rec__ch3001_daily_mean_w7_min,0.0009137405431829393,False
0,roll_rec__ch3001_daily_mean_w7_sd,0.002449257764965296,False
0,roll_rec__ch3001_daily_mean_w7_slope,0.0012438539415597916,False
0,roll_rec__ch3001_daily_median_w30_max,0.0007632572669535875,False
0,roll_rec__ch3001_daily_median_w30_mean,0.00019256790983490646,False
0,roll_rec__ch3001_daily_median_w30_min,0.00045572506496682763,False
0,roll_rec__ch3001_daily_median_w30_sd,0.002048914087936282,False
0,roll_rec__ch3001_daily_median_w30_slope,0.0019566926639527082,False
0,roll_rec__ch3001_daily_median_w7_max,0.0009597679018042982,False
0,roll_rec__ch3001_daily_median_w7_mean,0.0006354670622386038,False
0,roll_rec__ch3001_daily_median_w7_min,0.000633978343103081,False
0,roll_rec__ch3001_daily_median_w7_sd,0.0026167365722358227,False
0,roll_rec__ch3001_daily_median_w7_slope,0.0011243595508858562,False
0,roll_rec__ch3001_daily_sd_w30_max,0.007364567369222641,False
0,roll_rec__ch3001_daily_sd_w30_mean,0.0058545684441924095,False
0,roll_rec__ch3001_daily_sd_w30_min,0.0023029111325740814,False
0,roll_rec__ch3001_daily_sd_w30_sd,0.001967011019587517,False
0,roll_rec__ch3001_daily_sd_w30_slope,0.0022020800970494747,False
0,roll_rec__ch3001_daily_sd_w7_max,0.014146608300507069,False
0,roll_rec__ch3001_daily_sd_w7_mean,0.006505677010864019,False
0,roll_rec__ch3001_daily_sd_w7_min,0.0026771442499011755,False
0,roll_rec__ch3001_daily_sd_w7_sd,0.004798841662704945,False
0,roll_rec__ch3001_daily_sd_w7_slope,0.0024017097894102335,False
0,roll_rec__ch3002_daily_hours_w30_max,0.0022389949299395084,False
0,roll_rec__ch3002_daily_hours_w30_mean,0.0010818879818543792,False
0,roll_rec__ch3002_daily_hours_w30_min,0.0015606972156092525,False
0,roll_rec__ch3002_daily_hours_w30_sd,0.002169804647564888,False
0,roll_rec__ch3002_daily_hours_w30_slope,0.0028005982749164104,False
0,roll_rec__ch3002_daily_hours_w7_max,0.0015859851846471429,False
0,roll_rec__ch3002_daily_hours_w7_mean,0.0008881393587216735,False
0,roll_rec__ch3002_daily_hours_w7_min,0.001570381922647357,False
0,roll_rec__ch3002_daily_hours_w7_sd,0.0027863318100571632,False
0,roll_rec__ch3002_daily_hours_w7_slope,0.003147937124595046,False
0,roll_rec__ch3002_daily_mean_w30_max,0.000572902848944068,False
0,roll_rec__ch3002_daily_mean_w30_mean,0.00010327427298761904,False
0,roll_rec__ch3002_daily_mean_w30_min,0.0003041002491954714,False
0,roll_rec__ch3002_daily_mean_w30_sd,0.0010233978973701596,False
0,roll_rec__ch3002_daily_mean_w30_slope,0.0014288757229223847,False
0,roll_rec__ch3002_daily_mean_w7_max,0.0008502823184244335,False
0,roll_rec__ch3002_daily_mean_w7_mean,0.00014840844960417598,False
0,roll_rec__ch3002_daily_mean_w7_min,0.0014084269059821963,False
0,roll_rec__ch3002_daily_mean_w7_sd,0.002390399109572172,False
0,roll_rec__ch3002_daily_mean_w7_slope,0.001273383037187159,False
0,roll_rec__ch3002_daily_median_w30_max,0.000567969458643347,False
0,roll_rec__ch3002_daily_median_w30_mean,0.0004949396243318915,False
0,roll_rec__ch3002_daily_median_w30_min,0.0006210074643604457,False
0,roll_rec__ch3002_daily_median_w30_sd,0.0016512011643499136,False
0,roll_rec__ch3002_daily_median_w30_slope,0.0014785624807700515,False
0,roll_rec__ch3002_daily_median_w7_max,0.0010797594441100955,False
0,roll_rec__ch3002_daily_median_w7_mean,0.0004020440101157874,False
0,roll_rec__ch3002_daily_median_w7_min,0.002932386239990592,False
0,roll_rec__ch3002_daily_median_w7_sd,0.0023826733231544495,False
0,roll_rec__ch3002_daily_median_w7_slope,0.0016742792213335633,False
0,roll_rec__ch3002_daily_sd_w30_max,0.004485542420297861,False
0,roll_rec__ch3002_daily_sd_w30_mean,0.003701317822560668,False
0,roll_rec__ch3002_daily_sd_w30_min,0.0023686522617936134,False
0,roll_rec__ch3002_daily_sd_w30_sd,0.001956506399437785,False
0,roll_rec__ch3002_daily_sd_w30_slope,0.00199848017655313,False
0,roll_rec__ch3002_daily_sd_w7_max,0.005551077425479889,False
0,roll_rec__ch3002_daily_sd_w7_mean,0.005785699933767319,False
0,roll_rec__ch3002_daily_sd_w7_min,0.0028114744927734137,False
0,roll_rec__ch3002_daily_sd_w7_sd,0.002586859045550227,False
0,roll_rec__ch3002_daily_sd_w7_slope,0.002228137804195285,False
0,roll_win__ch3000_daily_hours_w30_max,0.0022701250854879618,False
0,roll_win__ch3000_daily_hours_w30_mean,0.0004156942304689437,False
0,roll_win__ch3000_daily_hours_w30_min,0.0018638838082551956,False
0,roll_win__ch3000_daily_hours_w30_sd,0.0031362364534288645,False
0,roll_win__ch3000_daily_hours_w30_slope,0.003931200131773949,False
0,roll_win__ch3000_daily_hours_w7_max,0.00025095479213632643,False
0,roll_win__ch3000_daily_hours_w7_mean,0.0011039490345865488,False
0,roll_win__ch3000_daily_hours_w7_min,0.0025593889877200127,False
0,roll_win__ch3000_daily_hours_w7_sd,0.002967482665553689,False
0,roll_win__ch3000_daily_hours_w7_slope,0.0034079691395163536,False
0,roll_win__ch3000_daily_mean_w30_max,0.0006667970446869731,False
0,roll_win__ch3000_daily_mean_w30_mean,0.0005340671632438898,False
0,roll_win__ch3000_daily_mean_w30_min,0.001843734411522746,False
0,roll_win__ch3000_daily_mean_w30_sd,0.003175840014591813,False
0,roll_win__ch3000_daily_mean_w30_slope,0.001492945128120482,False
0,roll_win__ch3000_daily_mean_w7_max,0.0006354760844260454,False
0,roll_win__ch3000_daily_mean_w7_mean,0.00020048191072419286,False
0,roll_win__ch3000_daily_mean_w7_min,0.0005509665352292359,False
0,roll_win__ch3000_daily_mean_w7_sd,0.0019270634511485696,False
0,roll_win__ch3000_daily_mean_w7_slope,0.004397300072014332,False
0,roll_win__ch3000_daily_median_w30_max,0.0005178650026209652,False
0,roll_win__ch3000_daily_median_w30_mean,0.00037004632758907974,False
0,roll_win__ch3000_daily_median_w30_min,0.0003843942249659449,False
0,roll_win__ch3000_daily_median_w30_sd,0.0033987322822213173,False
0,roll_win__ch3000_daily_median_w30_slope,0.0015385273145511746,False
0,roll_win__ch3000_daily_median_w7_max,0.000622101011686027,False
0,roll_win__ch3000_daily_median_w7_mean,0.0009609526605345309,False
0,roll_win__ch3000_daily_median_w7_min,0.0007263313746079803,False
0,roll_win__ch3000_daily_median_w7_sd,0.0031762896105647087,False
0,roll_win__ch3000_daily_median_w7_slope,0.003833331633359194,False
0,roll_win__ch3000_daily_sd_w30_max,0.0016343299066647887,False
0,roll_win__ch3000_daily_sd_w30_mean,0.0007741060690023005,False
0,roll_win__ch3000_daily_sd_w30_min,0.002033333061262965,False
0,roll_win__ch3000_daily_sd_w30_sd,0.0022984531242400408,False
0,roll_win__ch3000_daily_sd_w30_slope,0.004602433182299137,False
0,roll_win__ch3000_daily_sd_w7_max,0.0020338103640824556,False
0,roll_win__ch3000_daily_sd_w7_mean,0.0014312349958345294,False
0,roll_win__ch3000_daily_sd_w7_min,0.004285505972802639,False
0,roll_win__ch3000_daily_sd_w7_sd,0.003190726740285754,False
0,roll_win__ch3000_daily_sd_w7_slope,0.004280332941561937,False
0,roll_win__ch3001_daily_hours_w30_max,0.0009730766178108752,False
0,roll_win__ch3001_daily_hours_w30_mean,0.0008324742084369063,False
0,roll_win__ch3001_daily_hours_w30_min,0.0008889536838978529,False
0,roll_win__ch3001_daily_hours_w30_sd,0.001982476096600294,False
0,roll_win__ch3001_daily_hours_w30_slope,0.0022903287317603827,False
0,roll_win__ch3001_daily_hours_w7_max,0.0027990720700472593,False
0,roll_win__ch3001_daily_hours_w7_mean,0.0006753760972060263,False
0,roll_win__ch3001_daily_hours_w7_min,0.0018154578283429146,False
0,roll_win__ch3001_daily_hours_w7_sd,0.003821453545242548,False
0,roll_win__ch3001_daily_hours_w7_slope,0.0031855416018515825,False
0,roll_win__ch3001_daily_mean_w30_max,0.0007968874415382743,False
0,roll_win__ch3001_daily_mean_w30_mean,0.00032249835203401744,False
0,roll_win__ch3001_daily_mean_w30_min,0.0002193557593272999,False
0,roll_win__ch3001_daily_mean_w30_sd,0.0024490689393132925,False
0,roll_win__ch3001_daily_mean_w30_slope,0.0025152971502393484,False
0,roll_win__ch3001_daily_mean_w7_max,0.000642371189314872,False
0,roll_win__ch3001_daily_mean_w7_mean,0.0004776576242875308,False
0,roll_win__ch3001_daily_mean_w7_min,0.0007079598726704717,False
0,roll_win__ch3001_daily_mean_w7_sd,0.002463652053847909,False
0,roll_win__ch3001_daily_mean_w7_slope,0.0017863650573417544,False
0,roll_win__ch3001_daily_median_w30_max,0.00046864591422490776,False
0,roll_win__ch3001_daily_median_w30_mean,0.00022218770754989237,False
0,roll_win__ch3001_daily_median_w30_min,0.000485754368128255,False
0,roll_win__ch3001_daily_median_w30_sd,0.0019145823316648602,False
0,roll_win__ch3001_daily_median_w30_slope,0.00255562667734921,False
0,roll_win__ch3001_daily_median_w7_max,0.0012737130746245384,False
0,roll_win__ch3001_daily_median_w7_mean,0.0005513501237146556,False
0,roll_win__ch3001_daily_median_w7_min,0.0007051560678519309,False
0,roll_win__ch3001_daily_median_w7_sd,0.0023530840408056974,False
0,roll_win__ch3001_daily_median_w7_slope,0.001571347936987877,False
0,roll_win__ch3001_daily_sd_w30_max,0.003387988777831197,False
0,roll_win__ch3001_daily_sd_w30_mean,0.005087628494948149,False
0,roll_win__ch3001_daily_sd_w30_min,0.0020356406457722187,False
0,roll_win__ch3001_daily_sd_w30_sd,0.0029206257313489914,False
0,roll_win__ch3001_daily_sd_w30_slope,0.002444879850372672,False
0,roll_win__ch3001_daily_sd_w7_max,0.005514619406312704,False
0,roll_win__ch3001_daily_sd_w7_mean,0.004168618004769087,False
0,roll_win__ch3001_daily_sd_w7_min,0.003440924221649766,False
0,roll_win__ch3001_daily_sd_w7_sd,0.0028928453102707863,False
0,roll_win__ch3001_daily_sd_w7_slope,0.002416553907096386,False
0,roll_win__ch3002_daily_hours_w30_max,0.0008219758747145534,False
0,roll_win__ch3002_daily_hours_w30_mean,0.001047155587002635,False
0,roll_win__ch3002_daily_hours_w30_min,0.0012905779294669628,False
0,roll_win__ch3002_daily_hours_w30_sd,0.001445242203772068,False
0,roll_win__ch3002_daily_hours_w30_slope,0.002122261095792055,False
0,roll_win__ch3002_daily_hours_w7_max,0.001190556213259697,False
0,roll_win__ch3002_daily_hours_w7_mean,0.0007351924432441592,False
0,roll_win__ch3002_daily_hours_w7_min,0.00046341874985955656,False
0,roll_win__ch3002_daily_hours_w7_sd,0.006533974315971136,False
0,roll_win__ch3002_daily_hours_w7_slope,0.0032450552098453045,False
0,roll_win__ch3002_daily_mean_w30_max,0.00036901701241731644,False
0,roll_win__ch3002_daily_mean_w30_mean,0.00040343342698179185,False
0,roll_win__ch3002_daily_mean_w30_min,0.0010610143654048443,False
0,roll_win__ch3002_daily_mean_w30_sd,0.0011044348357245326,False
0,roll_win__ch3002_daily_mean_w30_slope,0.0023758665192872286,False
0,roll_win__ch3002_daily_mean_w7_max,0.0003634848981164396,False
0,roll_win__ch3002_daily_mean_w7_mean,0.0005269954563118517,False
0,roll_win__ch3002_daily_mean_w7_min,0.001005812082439661,False
0,roll_win__ch3002_daily_mean_w7_sd,0.00162961904425174,False
0,roll_win__ch3002_daily_mean_w7_slope,0.0027670811396092176,False
0,roll_win__ch3002_daily_median_w30_max,0.0001230941415997222,False
0,roll_win__ch3002_daily_median_w30_mean,0.0007350054802373052,False
0,roll_win__ch3002_daily_median_w30_min,0.0007180607062764466,False
0,roll_win__ch3002_daily_median_w30_sd,0.0021264846436679363,False
0,roll_win__ch3002_daily_median_w30_slope,0.0028276019729673862,False
0,roll_win__ch3002_daily_median_w7_max,0.0005923222051933408,False
0,roll_win__ch3002_daily_median_w7_mean,0.0005486445734277368,False
0,roll_win__ch3002_daily_median_w7_min,0.0008600130095146596,False
0,roll_win__ch3002_daily_median_w7_sd,0.0029596120584756136,False
0,roll_win__ch3002_daily_median_w7_slope,0.0015220444183796644,False
0,roll_win__ch3002_daily_sd_w30_max,0.002506379270926118,False
0,roll_win__ch3002_daily_sd_w30_mean,0.002754101762548089,False
0,roll_win__ch3002_daily_sd_w30_min,0.0019382621394470334,False
0,roll_win__ch3002_daily_sd_w30_sd,0.0028837835416197777,False
0,roll_win__ch3002_daily_sd_w30_slope,0.0029695581179112196,False
0,roll_win__ch3002_daily_sd_w7_max,0.0028516575694084167,False
0,roll_win__ch3002_daily_sd_w7_mean,0.002889581024646759,False
0,roll_win__ch3002_daily_sd_w7_min,0.002795044332742691,False
0,roll_win__ch3002_daily_sd_w7_sd,0.002303125336766243,False
0,roll_win__ch3002_daily_sd_w7_slope,0.0032989655155688524,False
0,cosinor_M,0.0023543050047010183,True
0,cosinor_A1,0.0019914652220904827,True
0,cosinor_A2,0.005260733421891928,True
0,cosinor_A3,0.009703091345727444,True
0,cosinor_acro_h,0.002594518009573221,True
0,cosinor_resid_sd,0.004960744641721249,True
0,curve_night_mean,0.0005778724444098771,True
0,curve_morning_slope,0.0033891925122588873,True
0,curve_day_night_contrast,0.0017422718228772283,True
0,curve_range,0.0013740762369707227,True
0,curve_entropy,0.0037773195654153824,True
0,hour_h0,0.0012890161015093327,True
0,hour_h1,0.0026903452817350626,True
0,hour_h2,0.0009873737581074238,True
0,hour_h3,0.0009157986496575177,True
0,hour_h4,0.002258842345327139,True
0,hour_h5,0.002879559760913253,True
0,hour_h6,0.001652065897360444,True
0,hour_h7,0.00647090096026659,True
0,hour_h8,0.009562117978930473,True
0,hour_h9,0.01365224365144968,True
0,hour_h10,0.004619202576577663,True
0,hour_h11,0.005327535793185234,True
0,hour_h12,0.0020150288473814726,True
0,hour_h13,0.002803938463330269,True
0,hour_h14,0.00555071048438549,True
0,hour_h15,0.003865994280204177,True
0,hour_h16,0.005905456840991974,True
0,hour_h17,0.0027258063200861216,True
0,hour_h18,0.0020561679266393185,True
0,hour_h19,0.0018000255804508924,True
0,hour_h20,0.0012521439930424094,True
0,hour_h21,0.001762491767294705,True
0,hour_h22,0.0014806532999500632,True
0,hour_h23,0.0018214482115581632,True
0,demo__age_group=Elderly,0.003599220886826515,False
0,demo__age_group=Middle Ager,0.0005150791839696467,False
0,demo__age_group=Young Adults,0.0006233562016859651,False
0,demo__bmi_grp=normal,0.0010610595345497131,False
0,demo__bmi_grp=obese,5.192223397898488e-05,False
0,demo__bmi_grp=overweight,0.0007145772106014192,False
1,rec__ch3000_observed_days,0.0006038586143404245,False
1,rec__ch3000_adequate_days,0.001171589596197009,False
1,rec__ch3000_events,0.0014138719998300076,False
1,rec__ch3000_span_days,0.00155437842477113,False
1,rec__ch3000_mean_cov_h,0.0018172368872910738,False
1,rec__ch3000_mean_hours,0.0015175524167716503,False
1,rec__ch3000_events_per_day,0.000871936441399157,False
1,rec__ch3000_mean_of_daily_mean,0.0029484450351446867,False
1,rec__ch3000_sd_of_daily_mean,0.01417542714625597,False
1,rec__ch3000_mean_of_daily_sd,0.0008967577596195042,False
1,rec__ch3000_median_of_daily_median,0.0017670460510998964,False
1,rec__ch3000_p25_of_daily_median,0.0029758173041045666,False
1,rec__ch3000_p75_of_daily_median,0.00045127636985853314,False
1,rec__ch3000_iqr_of_daily_median,0.0005064620054326952,False
1,rec__ch3000_min_of_daily_min,0.0023844963870942593,False
1,rec__ch3000_max_of_daily_max,0.003032422624528408,False
1,rec__ch3000_range_of_daily_extremes,0.004476884845644236,False
1,rec__ch3000_weekday_mean,0.022485407069325447,False
1,rec__ch3000_weekend_mean,0.000828978547360748,False
1,rec__ch3000_weekend_minus_weekday,0.015501887537539005,False
1,rec__ch3001_observed_days,0.00047782700858078897,False
1,rec__ch3001_adequate_days,0.0003855356480926275,False
1,rec__ch3001_events,0.0013919725315645337,False
1,rec__ch3001_span_days,0.0022466976661235094,False
1,rec__ch3001_mean_cov_h,0.0008109923801384866,False
1,rec__ch3001_mean_hours,0.0006199029157869518,False
1,rec__ch3001_events_per_day,0.0005097749526612461,False
1,rec__ch3001_mean_of_daily_mean,0.00037955501466058195,False
1,rec__ch3001_sd_of_daily_mean,0.0033335695043206215,False
1,rec__ch3001_mean_of_daily_sd,0.009773531928658485,False
1,rec__ch3001_median_of_daily_median,0.00032820377964526415,False
1,rec__ch3001_p25_of_daily_median,0.0001923500676639378,False
1,rec__ch3001_p75_of_daily_median,1.308393166254973e-05,False
1,rec__ch3001_iqr_of_daily_median,0.0007032052963040769,False
1,rec__ch3001_min_of_daily_min,0.0022849661763757467,False
1,rec__ch3001_max_of_daily_max,0.001640712027437985,False
1,rec__ch3001_range_of_daily_extremes,0.00394912576302886,False
1,rec__ch3001_weekday_mean,0.00026387860998511314,False
1,rec__ch3001_weekend_mean,0.0009673672611825168,False
1,rec__ch3001_weekend_minus_weekday,0.0014505228027701378,False
1,rec__ch3002_observed_days,0.0002717708412092179,False
1,rec__ch3002_adequate_days,0.000985695980489254,False
1,rec__ch3002_events,0.000923026935197413,False
1,rec__ch3002_span_days,0.0016538786003366113,False
1,rec__ch3002_mean_cov_h,0.00021987850777804852,False
1,rec__ch3002_mean_hours,0.0009701178059913218,False
1,rec__ch3002_events_per_day,0.00010124564869329333,False
1,rec__ch3002_mean_of_daily_mean,3.354731961735524e-05,False
1,rec__ch3002_sd_of_daily_mean,0.00855538435280323,False
1,rec__ch3002_mean_of_daily_sd,0.004537167027592659,False
1,rec__ch3002_median_of_daily_median,9.990947871061452e-20,False
1,rec__ch3002_p25_of_daily_median,0.0002853788901120424,False
1,rec__ch3002_p75_of_daily_median,0.00023232701641973108,False
1,rec__ch3002_iqr_of_daily_median,0.000561875756829977,False
1,rec__ch3002_min_of_daily_min,0.0012482733000069857,False
1,rec__ch3002_max_of_daily_max,0.002109333174303174,False
1,rec__ch3002_range_of_daily_extremes,0.00439522136002779,False
1,rec__ch3002_weekday_mean,0.00029759210883639753,False
1,rec__ch3002_weekend_mean,0.0006216937326826155,False
1,rec__ch3002_weekend_minus_weekday,0.005346707068383694,False
1,rec__overall_events,0.00101510901004076,False
1,rec__overall_days,0.0010690530762076378,False
1,rec__overall_span_days,0.0018217114266008139,False
1,rec__overall_adequate_channel_days,0.0013565677218139172,False
1,rec__ch3000_minus_ch3001_mean,0.01487678661942482,False
1,rec__ch3000_minus_ch3002_mean,0.008352803066372871,False
1,rec__ch3000_tod_night,0.0026183894369751215,False
1,rec__ch3000_tod_morning,0.03664026036858559,False
1,rec__ch3000_tod_afternoon,0.003176616970449686,False
1,rec__ch3000_tod_evening,0.000912979303393513,False
1,rec__ch3001_tod_night,0.009182142093777657,False
1,rec__ch3001_tod_morning,0.001410382566973567,False
1,rec__ch3001_tod_afternoon,0.000988880405202508,False
1,rec__ch3001_tod_evening,0.00035775479045696557,False
1,rec__ch3002_tod_night,0.0021320777013897896,False
1,rec__ch3002_tod_morning,0.001036769594065845,False
1,rec__ch3002_tod_afternoon,0.0016384371556341648,False
1,rec__ch3002_tod_evening,0.0005467150476761162,False
1,win__ch3000_observed_days,0.0002515538944862783,False
1,win__ch3000_adequate_days,0.00017349632980767637,False
1,win__ch3000_events,0.0017364195082336664,False
1,win__ch3000_mean_cov_h,0.0015376145020127296,False
1,win__ch3000_mean_hours,0.0012433850206434727,False
1,win__ch3000_events_per_day,0.001491245348006487,False
1,win__ch3000_mean_of_daily_mean,0.0007900392520241439,False
1,win__ch3000_sd_of_daily_mean,0.01614290289580822,False
1,win__ch3000_mean_of_daily_sd,0.0013946170220151544,False
1,win__ch3000_median_of_daily_median,0.00023814113228581846,False
1,win__ch3000_p25_of_daily_median,0.00021182849013712257,False
1,win__ch3000_p75_of_daily_median,8.791399750407436e-07,False
1,win__ch3000_iqr_of_daily_median,0.00068269157782197,False
1,win__ch3000_min_of_daily_min,0.0027689049020409584,False
1,win__ch3000_max_of_daily_max,0.0023541126865893602,False
1,win__ch3000_range_of_daily_extremes,0.0029962596017867327,False
1,win__ch3000_weekday_mean,0.011157304048538208,False
1,win__ch3000_weekend_mean,0.0004443468351382762,False
1,win__ch3000_weekend_minus_weekday,0.00801841076463461,False
1,win__ch3001_observed_days,0.0007081009680405259,False
1,win__ch3001_adequate_days,0.0008135011303238571,False
1,win__ch3001_events,0.0020536421798169613,False
1,win__ch3001_span_days,0.00023823839728720486,False
1,win__ch3001_mean_cov_h,0.0015604705549776554,False
1,win__ch3001_mean_hours,0.001114274957217276,False
1,win__ch3001_events_per_day,0.0009774048812687397,False
1,win__ch3001_mean_of_daily_mean,0.0005664073396474123,False
1,win__ch3001_sd_of_daily_mean,0.0035658914130181074,False
1,win__ch3001_mean_of_daily_sd,0.005359235219657421,False
1,win__ch3001_median_of_daily_median,0.00012238517228979617,False
1,win__ch3001_p25_of_daily_median,0.0003496239078231156,False
1,win__ch3001_p75_of_daily_median,0.00030498768319375813,False
1,win__ch3001_iqr_of_daily_median,0.0009243211825378239,False
1,win__ch3001_min_of_daily_min,0.0018419913249090314,False
1,win__ch3001_max_of_daily_max,0.0016781638842076063,False
1,win__ch3001_range_of_daily_extremes,0.0029292611870914698,False
1,win__ch3001_weekday_mean,0.0002855256025213748,False
1,win__ch3001_weekend_mean,0.0007865166990086436,False
1,win__ch3001_weekend_minus_weekday,0.0025784694589674473,False
1,win__ch3002_observed_days,0.0010632321937009692,False
1,win__ch3002_adequate_days,0.00047741291928105056,False
1,win__ch3002_events,0.0017777620814740658,False
1,win__ch3002_span_days,0.00023661497107241303,False
1,win__ch3002_mean_cov_h,0.0006586890667676926,False
1,win__ch3002_mean_hours,0.0010427827946841717,False
1,win__ch3002_events_per_day,0.0002020024840021506,False
1,win__ch3002_mean_of_daily_mean,0.00020964309806004167,False
1,win__ch3002_sd_of_daily_mean,0.004694151226431131,False
1,win__ch3002_mean_of_daily_sd,0.0016693039797246456,False
1,win__ch3002_median_of_daily_median,1.2478229109547101e-05,False
1,win__ch3002_p25_of_daily_median,0.00029787144740112126,False
1,win__ch3002_p75_of_daily_median,0.0002411222376395017,False
1,win__ch3002_iqr_of_daily_median,0.001526766107417643,False
1,win__ch3002_min_of_daily_min,0.0017533826176077127,False
1,win__ch3002_max_of_daily_max,0.002307840157300234,False
1,win__ch3002_range_of_daily_extremes,0.0036097406409680843,False
1,win__ch3002_weekday_mean,0.0007031941204331815,False
1,win__ch3002_weekend_mean,0.001146234106272459,False
1,win__ch3002_weekend_minus_weekday,0.004286512266844511,False
1,win__overall_events,0.0009508722578175366,False
1,win__overall_days,0.00018448865739628673,False
1,win__overall_adequate_channel_days,0.0009148968965746462,False
1,win__ch3000_minus_ch3001_mean,0.011116046458482742,False
1,win__ch3000_minus_ch3002_mean,0.008357890881597996,False
1,win__ch3000_tod_night,0.0006086258799768984,False
1,win__ch3000_tod_morning,0.02263924852013588,False
1,win__ch3000_tod_afternoon,0.005721044261008501,False
1,win__ch3000_tod_evening,0.001470873481594026,False
1,win__ch3001_tod_night,0.0014481698162853718,False
1,win__ch3001_tod_morning,0.0016943193040788174,False
1,win__ch3001_tod_afternoon,0.0011627442436292768,False
1,win__ch3001_tod_evening,0.0003521130420267582,False
1,win__ch3002_tod_night,0.001017890521325171,False
1,win__ch3002_tod_morning,0.0014183392049744725,False
1,win__ch3002_tod_afternoon,0.0011241813190281391,False
1,win__ch3002_tod_evening,0.0011480761459097266,False
1,roll_rec__ch3000_daily_hours_w30_max,0.0010931636206805706,False
1,roll_rec__ch3000_daily_hours_w30_mean,0.0012155836448073387,False
1,roll_rec__ch3000_daily_hours_w30_min,0.001331483363173902,False
1,roll_rec__ch3000_daily_hours_w30_sd,0.0016108846757560968,False
1,roll_rec__ch3000_daily_hours_w30_slope,0.0015796615043655038,False
1,roll_rec__ch3000_daily_hours_w7_max,0.0,False
1,roll_rec__ch3000_daily_hours_w7_mean,0.0006647674017585814,False
1,roll_rec__ch3000_daily_hours_w7_min,0.00262660370208323,False
1,roll_rec__ch3000_daily_hours_w7_sd,0.0027317465282976627,False
1,roll_rec__ch3000_daily_hours_w7_slope,0.0018950963858515024,False
1,roll_rec__ch3000_daily_mean_w30_max,0.0016723759472370148,False
1,roll_rec__ch3000_daily_mean_w30_mean,0.0030508956406265497,False
1,roll_rec__ch3000_daily_mean_w30_min,0.0004250503843650222,False
1,roll_rec__ch3000_daily_mean_w30_sd,0.0017041451064869761,False
1,roll_rec__ch3000_daily_mean_w30_slope,0.0019165227422490716,False
1,roll_rec__ch3000_daily_mean_w7_max,0.0027059565763920546,False
1,roll_rec__ch3000_daily_mean_w7_mean,0.005946040619164705,False
1,roll_rec__ch3000_daily_mean_w7_min,0.0005040688556618989,False
1,roll_rec__ch3000_daily_mean_w7_sd,0.0021351133473217487,False
1,roll_rec__ch3000_daily_mean_w7_slope,0.0012720501981675625,False
1,roll_rec__ch3000_daily_median_w30_max,0.0008648341754451394,False
1,roll_rec__ch3000_daily_median_w30_mean,0.0010451915441080928,False
1,roll_rec__ch3000_daily_median_w30_min,0.001416953164152801,False
1,roll_rec__ch3000_daily_median_w30_sd,0.00211996934376657,False
1,roll_rec__ch3000_daily_median_w30_slope,0.0017373074078932405,False
1,roll_rec__ch3000_daily_median_w7_max,0.001722943503409624,False
1,roll_rec__ch3000_daily_median_w7_mean,0.0006247473647817969,False
1,roll_rec__ch3000_daily_median_w7_min,0.0006522485637106001,False
1,roll_rec__ch3000_daily_median_w7_sd,0.0017142138676717877,False
1,roll_rec__ch3000_daily_median_w7_slope,0.0012268710415810347,False
1,roll_rec__ch3000_daily_sd_w30_max,0.0015524009941145778,False
1,roll_rec__ch3000_daily_sd_w30_mean,0.00103545724414289,False
1,roll_rec__ch3000_daily_sd_w30_min,0.002112806076183915,False
1,roll_rec__ch3000_daily_sd_w30_sd,0.0032622325234115124,False
1,roll_rec__ch3000_daily_sd_w30_slope,0.0023482833057641983,False
1,roll_rec__ch3000_daily_sd_w7_max,0.002911842428147793,False
1,roll_rec__ch3000_daily_sd_w7_mean,0.0013333122478798032,False
1,roll_rec__ch3000_daily_sd_w7_min,0.0019274911610409617,False
1,roll_rec__ch3000_daily_sd_w7_sd,0.0037072012200951576,False
1,roll_rec__ch3000_daily_sd_w7_slope,0.002335969591513276,False
1,roll_rec__ch3001_daily_hours_w30_max,0.0012829890474677086,False
1,roll_rec__ch3001_daily_hours_w30_mean,0.0005826014676131308,False
1,roll_rec__ch3001_daily_hours_w30_min,0.0028704898431897163,False
1,roll_rec__ch3001_daily_hours_w30_sd,0.0009073220426216722,False
1,roll_rec__ch3001_daily_hours_w30_slope,0.0011012412142008543,False
1,roll_rec__ch3001_daily_hours_w7_max,0.000831172801554203,False
1,roll_rec__ch3001_daily_hours_w7_mean,0.0009180386550724506,False
1,roll_rec__ch3001_daily_hours_w7_min,0.0011276432778686285,False
1,roll_rec__ch3001_daily_hours_w7_sd,0.001394465216435492,False
1,roll_rec__ch3001_daily_hours_w7_slope,0.002034539356827736,False
1,roll_rec__ch3001_daily_mean_w30_max,0.0006185429519973695,False
1,roll_rec__ch3001_daily_mean_w30_mean,0.0008280185284093022,False
1,roll_rec__ch3001_daily_mean_w30_min,0.0003780548577196896,False
1,roll_rec__ch3001_daily_mean_w30_sd,0.0010906816460192204,False
1,roll_rec__ch3001_daily_mean_w30_slope,0.0016301361611112952,False
1,roll_rec__ch3001_daily_mean_w7_max,0.0016539748758077621,False
1,roll_rec__ch3001_daily_mean_w7_mean,0.0003264747210778296,False
1,roll_rec__ch3001_daily_mean_w7_min,0.0008137021795846522,False
1,roll_rec__ch3001_daily_mean_w7_sd,0.0014561994466930628,False
1,roll_rec__ch3001_daily_mean_w7_slope,0.001776542398147285,False
1,roll_rec__ch3001_daily_median_w30_max,0.0002463147393427789,False
1,roll_rec__ch3001_daily_median_w30_mean,0.00029322184855118394,False
1,roll_rec__ch3001_daily_median_w30_min,0.0004017383325845003,False
1,roll_rec__ch3001_daily_median_w30_sd,0.0015181462513282895,False
1,roll_rec__ch3001_daily_median_w30_slope,0.0017386298859491944,False
1,roll_rec__ch3001_daily_median_w7_max,0.0008909296011552215,False
1,roll_rec__ch3001_daily_median_w7_mean,0.0008963433792814612,False
1,roll_rec__ch3001_daily_median_w7_min,0.000895762350410223,False
1,roll_rec__ch3001_daily_median_w7_sd,0.0010496183531358838,False
1,roll_rec__ch3001_daily_median_w7_slope,0.001832398702390492,False
1,roll_rec__ch3001_daily_sd_w30_max,0.006008084397763014,False
1,roll_rec__ch3001_daily_sd_w30_mean,0.007555782794952393,False
1,roll_rec__ch3001_daily_sd_w30_min,0.0031462868209928274,False
1,roll_rec__ch3001_daily_sd_w30_sd,0.0018084230832755566,False
1,roll_rec__ch3001_daily_sd_w30_slope,0.0030148224905133247,False
1,roll_rec__ch3001_daily_sd_w7_max,0.012128098867833614,False
1,roll_rec__ch3001_daily_sd_w7_mean,0.012692376971244812,False
1,roll_rec__ch3001_daily_sd_w7_min,0.003356445347890258,False
1,roll_rec__ch3001_daily_sd_w7_sd,0.004499428439885378,False
1,roll_rec__ch3001_daily_sd_w7_slope,0.0024721319787204266,False
1,roll_rec__ch3002_daily_hours_w30_max,0.002057254547253251,False
1,roll_rec__ch3002_daily_hours_w30_mean,0.0013215765357017517,False
1,roll_rec__ch3002_daily_hours_w30_min,0.0016379267908632755,False
1,roll_rec__ch3002_daily_hours_w30_sd,0.0016677920939400792,False
1,roll_rec__ch3002_daily_hours_w30_slope,0.0009671504376456141,False
1,roll_rec__ch3002_daily_hours_w7_max,0.0009722078102640808,False
1,roll_rec__ch3002_daily_hours_w7_mean,0.0013906726380810142,False
1,roll_rec__ch3002_daily_hours_w7_min,0.0017274027923122048,False
1,roll_rec__ch3002_daily_hours_w7_sd,0.0016669864999130368,False
1,roll_rec__ch3002_daily_hours_w7_slope,0.0020705251954495907,False
1,roll_rec__ch3002_daily_mean_w30_max,0.0007452882709912956,False
1,roll_rec__ch3002_daily_mean_w30_mean,0.00020168004266452044,False
1,roll_rec__ch3002_daily_mean_w30_min,0.0009858682751655579,False
1,roll_rec__ch3002_daily_mean_w30_sd,0.0014010858722031116,False
1,roll_rec__ch3002_daily_mean_w30_slope,0.001769708702340722,False
1,roll_rec__ch3002_daily_mean_w7_max,0.001062666648067534,False
1,roll_rec__ch3002_daily_mean_w7_mean,0.00018862454453483224,False
1,roll_rec__ch3002_daily_mean_w7_min,0.001583694014698267,False
1,roll_rec__ch3002_daily_mean_w7_sd,0.002432120032608509,False
1,roll_rec__ch3002_daily_mean_w7_slope,0.0017728240927681327,False
1,roll_rec__ch3002_daily_median_w30_max,0.0014709627721458673,False
1,roll_rec__ch3002_daily_median_w30_mean,0.0004329221847001463,False
1,roll_rec__ch3002_daily_median_w30_min,0.000284099078271538,False
1,roll_rec__ch3002_daily_median_w30_sd,0.0029129148460924625,False
1,roll_rec__ch3002_daily_median_w30_slope,0.0013817229773849249,False
1,roll_rec__ch3002_daily_median_w7_max,0.000888054899405688,False
1,roll_rec__ch3002_daily_median_w7_mean,0.000319615937769413,False
1,roll_rec__ch3002_daily_median_w7_min,0.0023049733135849237,False
1,roll_rec__ch3002_daily_median_w7_sd,0.0016738873673602939,False
1,roll_rec__ch3002_daily_median_w7_slope,0.0017115117516368628,False
1,roll_rec__ch3002_daily_sd_w30_max,0.002409352222457528,False
1,roll_rec__ch3002_daily_sd_w30_mean,0.005557828117161989,False
1,roll_rec__ch3002_daily_sd_w30_min,0.0015545760979875922,False
1,roll_rec__ch3002_daily_sd_w30_sd,0.0035087065771222115,False
1,roll_rec__ch3002_daily_sd_w30_slope,0.0021434277296066284,False
1,roll_rec__ch3002_daily_sd_w7_max,0.0060044522397220135,False
1,roll_rec__ch3002_daily_sd_w7_mean,0.004644004162400961,False
1,roll_rec__ch3002_daily_sd_w7_min,0.0019865427166223526,False
1,roll_rec__ch3002_daily_sd_w7_sd,0.004419219214469194,False
1,roll_rec__ch3002_daily_sd_w7_slope,0.003292081644758582,False
1,roll_win__ch3000_daily_hours_w30_max,0.0017034612828865647,False
1,roll_win__ch3000_daily_hours_w30_mean,0.002113048452883959,False
1,roll_win__ch3000_daily_hours_w30_min,0.0012314951745793223,False
1,roll_win__ch3000_daily_hours_w30_sd,0.0026833699084818363,False
1,roll_win__ch3000_daily_hours_w30_slope,0.004392677452415228,False
1,roll_win__ch3000_daily_hours_w7_max,0.0001707893970888108,False
1,roll_win__ch3000_daily_hours_w7_mean,0.0014440716477110982,False
1,roll_win__ch3000_daily_hours_w7_min,0.0025635252241045237,False
1,roll_win__ch3000_daily_hours_w7_sd,0.002325775334611535,False
1,roll_win__ch3000_daily_hours_w7_slope,0.0026952598709613085,False
1,roll_win__ch3000_daily_mean_w30_max,0.0008823967655189335,False
1,roll_win__ch3000_daily_mean_w30_mean,0.0006432391237467527,False
1,roll_win__ch3000_daily_mean_w30_min,0.0002882628177758306,False
1,roll_win__ch3000_daily_mean_w30_sd,0.0017085442086681724,False
1,roll_win__ch3000_daily_mean_w30_slope,0.0010431845439597964,False
1,roll_win__ch3000_daily_mean_w7_max,0.0003764177963603288,False
1,roll_win__ch3000_daily_mean_w7_mean,0.0005005663842894137,False
1,roll_win__ch3000_daily_mean_w7_min,0.0005675760912708938,False
1,roll_win__ch3000_daily_mean_w7_sd,0.0026932053733617067,False
1,roll_win__ch3000_daily_mean_w7_slope,0.001468645641580224,False
1,roll_win__ch3000_daily_median_w30_max,0.0007217079401016235,False
1,roll_win__ch3000_daily_median_w30_mean,0.00033841782715171576,False
1,roll_win__ch3000_daily_median_w30_min,0.0005156403058208525,False
1,roll_win__ch3000_daily_median_w30_sd,0.001848825835622847,False
1,roll_win__ch3000_daily_median_w30_slope,0.0014070027973502874,False
1,roll_win__ch3000_daily_median_w7_max,0.0010664822766557336,False
1,roll_win__ch3000_daily_median_w7_mean,0.0004318122228141874,False
1,roll_win__ch3000_daily_median_w7_min,0.000468519952846691,False
1,roll_win__ch3000_daily_median_w7_sd,0.00266453274525702,False
1,roll_win__ch3000_daily_median_w7_slope,0.0017483123810961843,False
1,roll_win__ch3000_daily_sd_w30_max,0.0012080539017915726,False
1,roll_win__ch3000_daily_sd_w30_mean,0.0011696803849190474,False
1,roll_win__ch3000_daily_sd_w30_min,0.0025497463066130877,False
1,roll_win__ch3000_daily_sd_w30_sd,0.0036582457832992077,False
1,roll_win__ch3000_daily_sd_w30_slope,0.0014175985706970096,False
1,roll_win__ch3000_daily_sd_w7_max,0.0017594622913748026,False
1,roll_win__ch3000_daily_sd_w7_mean,0.0015851374482735991,False
1,roll_win__ch3000_daily_sd_w7_min,0.0037070931866765022,False
1,roll_win__ch3000_daily_sd_w7_sd,0.0036457537207752466,False
1,roll_win__ch3000_daily_sd_w7_slope,0.002619046252220869,False
1,roll_win__ch3001_daily_hours_w30_max,0.0010871512349694967,False
1,roll_win__ch3001_daily_hours_w30_mean,0.0013160500675439835,False
1,roll_win__ch3001_daily_hours_w30_min,0.0010763260070234537,False
1,roll_win__ch3001_daily_hours_w30_sd,0.0015823858557268977,False
1,roll_win__ch3001_daily_hours_w30_slope,0.0023116583470255136,False
1,roll_win__ch3001_daily_hours_w7_max,0.0014324854128062725,False
1,roll_win__ch3001_daily_hours_w7_mean,0.00091965013416484,False
1,roll_win__ch3001_daily_hours_w7_min,0.002295943209901452,False
1,roll_win__ch3001_daily_hours_w7_sd,0.0036236951127648354,False
1,roll_win__ch3001_daily_hours_w7_slope,0.0017891938332468271,False
1,roll_win__ch3001_daily_mean_w30_max,0.0005489669856615365,False
1,roll_win__ch3001_daily_mean_w30_mean,0.000264772679656744,False
1,roll_win__ch3001_daily_mean_w30_min,0.0009752411860972643,False
1,roll_win__ch3001_daily_mean_w30_sd,0.002288397401571274,False
1,roll_win__ch3001_daily_mean_w30_slope,0.0016104995738714933,False
1,roll_win__ch3001_daily_mean_w7_max,0.001628534751944244,False
1,roll_win__ch3001_daily_mean_w7_mean,0.0003987766685895622,False
1,roll_win__ch3001_daily_mean_w7_min,0.0008299262262880802,False
1,roll_win__ch3001_daily_mean_w7_sd,0.002273555612191558,False
1,roll_win__ch3001_daily_mean_w7_slope,0.0014715319266542792,False
1,roll_win__ch3001_daily_median_w30_max,0.0011616715928539634,False
1,roll_win__ch3001_daily_median_w30_mean,0.0008529740152880549,False
1,roll_win__ch3001_daily_median_w30_min,0.0004639496037270874,False
1,roll_win__ch3001_daily_median_w30_sd,0.0019144653342664242,False
1,roll_win__ch3001_daily_median_w30_slope,0.00217141630128026,False
1,roll_win__ch3001_daily_median_w7_max,0.0006576208397746086,False
1,roll_win__ch3001_daily_median_w7_mean,0.0001330994418822229,False
1,roll_win__ch3001_daily_median_w7_min,0.0007756197010166943,False
1,roll_win__ch3001_daily_median_w7_sd,0.0015570729738101363,False
1,roll_win__ch3001_daily_median_w7_slope,0.0011825213441625237,False
1,roll_win__ch3001_daily_sd_w30_max,0.002478949259966612,False
1,roll_win__ch3001_daily_sd_w30_mean,0.002648624824360013,False
1,roll_win__ch3001_daily_sd_w30_min,0.002310138428583741,False
1,roll_win__ch3001_daily_sd_w30_sd,0.002117409370839596,False
1,roll_win__ch3001_daily_sd_w30_slope,0.0024520824663341045,False
1,roll_win__ch3001_daily_sd_w7_max,0.006797553971409798,False
1,roll_win__ch3001_daily_sd_w7_mean,0.0026028321590274572,False
1,roll_win__ch3001_daily_sd_w7_min,0.003191764699295163,False
1,roll_win__ch3001_daily_sd_w7_sd,0.002904343418776989,False
1,roll_win__ch3001_daily_sd_w7_slope,0.0035003444645553827,False
1,roll_win__ch3002_daily_hours_w30_max,0.0007336240378208458,False
1,roll_win__ch3002_daily_hours_w30_mean,0.0016314932145178318,False
1,roll_win__ch3002_daily_hours_w30_min,0.0011048930464312434,False
1,roll_win__ch3002_daily_hours_w30_sd,0.0021632215939462185,False
1,roll_win__ch3002_daily_hours_w30_slope,0.002140387427061796,False
1,roll_win__ch3002_daily_hours_w7_max,0.001560125034302473,False
1,roll_win__ch3002_daily_hours_w7_mean,0.0010115550830960274,False
1,roll_win__ch3002_daily_hours_w7_min,0.0010814541019499302,False
1,roll_win__ch3002_daily_hours_w7_sd,0.002903569722548127,False
1,roll_win__ch3002_daily_hours_w7_slope,0.002593780867755413,False
1,roll_win__ch3002_daily_mean_w30_max,0.0008302877540700138,False
1,roll_win__ch3002_daily_mean_w30_mean,0.0004937574849463999,False
1,roll_win__ch3002_daily_mean_w30_min,0.00046092033153399825,False
1,roll_win__ch3002_daily_mean_w30_sd,0.001458443934097886,False
1,roll_win__ch3002_daily_mean_w30_slope,0.0028309521730989218,False
1,roll_win__ch3002_daily_mean_w7_max,0.0008875367930158973,False
1,roll_win__ch3002_daily_mean_w7_mean,0.0004419699835125357,False
1,roll_win__ch3002_daily_mean_w7_min,0.0008200759184546769,False
1,roll_win__ch3002_daily_mean_w7_sd,0.00136119918897748,False
1,roll_win__ch3002_daily_mean_w7_slope,0.0029187381733208895,False
1,roll_win__ch3002_daily_median_w30_max,0.0008743448997847736,False
1,roll_win__ch3002_daily_median_w30_mean,0.0007094904431141913,False
1,roll_win__ch3002_daily_median_w30_min,0.0007468266994692385,False
1,roll_win__ch3002_daily_median_w30_sd,0.0021676761098206043,False
1,roll_win__ch3002_daily_median_w30_slope,0.0021917102858424187,False
1,roll_win__ch3002_daily_median_w7_max,0.0016658881213515997,False
1,roll_win__ch3002_daily_median_w7_mean,0.0005341758369468153,False
1,roll_win__ch3002_daily_median_w7_min,0.0006305802380666137,False
1,roll_win__ch3002_daily_median_w7_sd,0.0016820605378597975,False
1,roll_win__ch3002_daily_median_w7_slope,0.0016301150899380445,False
1,roll_win__ch3002_daily_sd_w30_max,0.0019429243402555585,False
1,roll_win__ch3002_daily_sd_w30_mean,0.0018321586539968848,False
1,roll_win__ch3002_daily_sd_w30_min,0.0019450985128059983,False
1,roll_win__ch3002_daily_sd_w30_sd,0.002542541129514575,False
1,roll_win__ch3002_daily_sd_w30_slope,0.0034347570035606623,False
1,roll_win__ch3002_daily_sd_w7_max,0.0025705292355269194,False
1,roll_win__ch3002_daily_sd_w7_mean,0.0034467289224267006,False
1,roll_win__ch3002_daily_sd_w7_min,0.003224961692467332,False
1,roll_win__ch3002_daily_sd_w7_sd,0.0032553388737142086,False
1,roll_win__ch3002_daily_sd_w7_slope,0.0027483671437948942,False
1,cosinor_M,0.004518922884017229,True
1,cosinor_A1,0.0019095407333225012,True
1,cosinor_A2,0.005124170798808336,True
1,cosinor_A3,0.018935468047857285,True
1,cosinor_acro_h,0.003825160674750805,True
1,cosinor_resid_sd,0.006404992658644915,True
1,curve_night_mean,0.000308093149214983,True
1,curve_morning_slope,0.002096333308145404,True
1,curve_day_night_contrast,0.002234979532659054,True
1,curve_range,0.0029151365160942078,True
1,curve_entropy,0.0025545924436300993,True
1,hour_h0,0.0009282150422222912,True
1,hour_h1,0.0028569907881319523,True
1,hour_h2,0.0016921469941735268,True
1,hour_h3,0.00162298243958503,True
1,hour_h4,0.005362137220799923,True
1,hour_h5,0.0017073922790586948,True
1,hour_h6,0.002555354731157422,True
1,hour_h7,0.0065459078177809715,True
1,hour_h8,0.008761836215853691,True
1,hour_h9,0.007257434073835611,True
1,hour_h10,0.010232502594590187,True
1,hour_h11,0.006103239022195339,True
1,hour_h12,0.0035956355277448893,True
1,hour_h13,0.00385464821010828,True
1,hour_h14,0.006072764750570059,True
1,hour_h15,0.0027950690127909184,True
1,hour_h16,0.00366425234824419,True
1,hour_h17,0.002521167742088437,True
1,hour_h18,0.0016674076905474067,True
1,hour_h19,0.002503047464415431,True
1,hour_h20,0.0017305342480540276,True
1,hour_h21,0.0015213554725050926,True
1,hour_h22,0.0012105300556868315,True
1,hour_h23,0.0014148395275697112,True
1,demo__age_group=Elderly,0.005677711684256792,False
1,demo__age_group=Middle Ager,0.00095591158606112,False
1,demo__age_group=Young Adults,0.0010636844672262669,False
1,demo__bmi_grp=normal,0.00019633842748589814,False
1,demo__bmi_grp=obese,0.0,False
1,demo__bmi_grp=overweight,0.0007191355689428747,False
2,rec__ch3000_observed_days,0.0012448716443032026,False
2,rec__ch3000_adequate_days,0.0013039021287113428,False
2,rec__ch3000_events,0.0016185996355488896,False
2,rec__ch3000_span_days,0.0013175987405702472,False
2,rec__ch3000_mean_cov_h,0.002018862869590521,False
2,rec__ch3000_mean_hours,0.0019920424092561007,False
2,rec__ch3000_events_per_day,0.0018227262189611793,False
2,rec__ch3000_mean_of_daily_mean,0.00315957423299551,False
2,rec__ch3000_sd_of_daily_mean,0.009637062437832355,False
2,rec__ch3000_mean_of_daily_sd,0.0019964438397437334,False
2,rec__ch3000_median_of_daily_median,0.002240849658846855,False
2,rec__ch3000_p25_of_daily_median,0.006845940835773945,False
2,rec__ch3000_p75_of_daily_median,0.00016650698671583086,False
2,rec__ch3000_iqr_of_daily_median,0.001107610878534615,False
2,rec__ch3000_min_of_daily_min,0.0028359906282275915,False
2,rec__ch3000_max_of_daily_max,0.00586334615945816,False
2,rec__ch3000_range_of_daily_extremes,0.00726699223741889,False
2,rec__ch3000_weekday_mean,0.025642406195402145,False
2,rec__ch3000_weekend_mean,0.001041410374455154,False
2,rec__ch3000_weekend_minus_weekday,0.01578776352107525,False
2,rec__ch3001_observed_days,0.0008309102850034833,False
2,rec__ch3001_adequate_days,0.0020664355251938105,False
2,rec__ch3001_events,0.0010657141683623195,False
2,rec__ch3001_span_days,0.003279940690845251,False
2,rec__ch3001_mean_cov_h,0.0010996318887919188,False
2,rec__ch3001_mean_hours,0.0007605183054693043,False
2,rec__ch3001_events_per_day,0.0006155834998935461,False
2,rec__ch3001_mean_of_daily_mean,0.00016008572129067034,False
2,rec__ch3001_sd_of_daily_mean,0.003811948699876666,False
2,rec__ch3001_mean_of_daily_sd,0.006208818405866623,False
2,rec__ch3001_median_of_daily_median,0.00019929617701563984,False
2,rec__ch3001_p25_of_daily_median,0.002360970713198185,False
2,rec__ch3001_p75_of_daily_median,0.00015406045713461936,False
2,rec__ch3001_iqr_of_daily_median,0.0005738469189964235,False
2,rec__ch3001_min_of_daily_min,0.0031361260917037725,False
2,rec__ch3001_max_of_daily_max,0.0017339192563667893,False
2,rec__ch3001_range_of_daily_extremes,0.0051573216915130615,False
2,rec__ch3001_weekday_mean,0.0009527532965876162,False
2,rec__ch3001_weekend_mean,0.00043819850543513894,False
2,rec__ch3001_weekend_minus_weekday,0.00282335770316422,False
2,rec__ch3002_observed_days,0.001791838789358735,False
2,rec__ch3002_adequate_days,0.0008961436687968671,False
2,rec__ch3002_events,0.0017828589770942926,False
2,rec__ch3002_span_days,0.0042295982129871845,False
2,rec__ch3002_mean_cov_h,0.0006482790340669453,False
2,rec__ch3002_mean_hours,0.0009127892553806305,False
2,rec__ch3002_events_per_day,0.000730808824300766,False
2,rec__ch3002_mean_of_daily_mean,0.00014420061779674143,False
2,rec__ch3002_sd_of_daily_mean,0.006904293783009052,False
2,rec__ch3002_mean_of_daily_sd,0.011051013134419918,False
2,rec__ch3002_median_of_daily_median,0.00012877742119599134,False
2,rec__ch3002_p25_of_daily_median,0.00014855433255434036,False
2,rec__ch3002_p75_of_daily_median,2.806941483868286e-05,False
2,rec__ch3002_iqr_of_daily_median,0.0010937644401565194,False
2,rec__ch3002_min_of_daily_min,0.0022923273500055075,False
2,rec__ch3002_max_of_daily_max,0.0015134232817217708,False
2,rec__ch3002_range_of_daily_extremes,0.0020920683164149523,False
2,rec__ch3002_weekday_mean,0.00046539149479940534,False
2,rec__ch3002_weekend_mean,0.001695921877399087,False
2,rec__ch3002_weekend_minus_weekday,0.004528763238340616,False
2,rec__overall_events,0.0008746262174099684,False
2,rec__overall_days,0.0010310342768207192,False
2,rec__overall_span_days,0.002196465153247118,False
2,rec__overall_adequate_channel_days,0.0021274492610245943,False
2,rec__ch3000_minus_ch3001_mean,0.007668547332286835,False
2,rec__ch3000_minus_ch3002_mean,0.011227882467210293,False
2,rec__ch3000_tod_night,0.004430176690220833,False
2,rec__ch3000_tod_morning,0.029243772849440575,False
2,rec__ch3000_tod_afternoon,0.002839895896613598,False
2,rec__ch3000_tod_evening,0.0007197431987151504,False
2,rec__ch3001_tod_night,0.009877649135887623,False
2,rec__ch3001_tod_morning,0.0017256580758839846,False
2,rec__ch3001_tod_afternoon,0.0012442938750609756,False
2,rec__ch3001_tod_evening,0.0005973578081466258,False
2,rec__ch3002_tod_night,0.0022171810269355774,False
2,rec__ch3002_tod_morning,0.0007630239124409854,False
2,rec__ch3002_tod_afternoon,0.0008775733876973391,False
2,rec__ch3002_tod_evening,0.0006771396729163826,False
2,win__ch3000_observed_days,1.7714886780595407e-05,False
2,win__ch3000_adequate_days,8.833976681385097e-19,False
2,win__ch3000_events,0.0008646321366541088,False
2,win__ch3000_mean_cov_h,0.0008945881854742765,False
2,win__ch3000_mean_hours,0.0009054815745912492,False
2,win__ch3000_events_per_day,0.001087068929336965,False
2,win__ch3000_mean_of_daily_mean,0.0007209152681753039,False
2,win__ch3000_sd_of_daily_mean,0.006896928884088993,False
2,win__ch3000_mean_of_daily_sd,0.0012175184674561024,False
2,win__ch3000_median_of_daily_median,0.0004523087991401553,False
2,win__ch3000_p25_of_daily_median,0.0038820262998342514,False
2,win__ch3000_p75_of_daily_median,0.0004758659051731229,False
2,win__ch3000_iqr_of_daily_median,0.0011054853675886989,False
2,win__ch3000_min_of_daily_min,0.0027778325602412224,False
2,win__ch3000_max_of_daily_max,0.0026030794251710176,False
2,win__ch3000_range_of_daily_extremes,0.003532322822138667,False
2,win__ch3000_weekday_mean,0.004181446507573128,False
2,win__ch3000_weekend_mean,0.0009485967457294464,False
2,win__ch3000_weekend_minus_weekday,0.007049396634101868,False
2,win__ch3001_observed_days,0.0007467987597920001,False
2,win__ch3001_adequate_days,0.0010520453797653317,False
2,win__ch3001_events,0.0013702807482331991,False
2,win__ch3001_span_days,5.4358468332793564e-05,False
2,win__ch3001_mean_cov_h,0.0016729880589991808,False
2,win__ch3001_mean_hours,0.0006605075323022902,False
2,win__ch3001_events_per_day,0.0011627220083028078,False
2,win__ch3001_mean_of_daily_mean,0.0005559762939810753,False
2,win__ch3001_sd_of_daily_mean,0.004970800597220659,False
2,win__ch3001_mean_of_daily_sd,0.004740880336612463,False
2,win__ch3001_median_of_daily_median,0.0001628029567655176,False
2,win__ch3001_p25_of_daily_median,0.00025932997232303023,False
2,win__ch3001_p75_of_daily_median,0.00020635624241549522,False
2,win__ch3001_iqr_of_daily_median,0.001104514580219984,False
2,win__ch3001_min_of_daily_min,0.0019804479088634253,False
2,win__ch3001_max_of_daily_max,0.002135608810931444,False
2,win__ch3001_range_of_daily_extremes,0.0015159507747739553,False
2,win__ch3001_weekday_mean,0.0003378743422217667,False
2,win__ch3001_weekend_mean,0.0007189638563431799,False
2,win__ch3001_weekend_minus_weekday,0.0023206332698464394,False
2,win__ch3002_observed_days,0.0018490965012460947,False
2,win__ch3002_adequate_days,0.0009687107522040606,False
2,win__ch3002_events,0.0015324230771511793,False
2,win__ch3002_span_days,0.00021914957324042916,False
2,win__ch3002_mean_cov_h,0.00012736680218949914,False
2,win__ch3002_mean_hours,0.0011411418672651052,False
2,win__ch3002_events_per_day,0.0004912628792226315,False
2,win__ch3002_mean_of_daily_mean,0.0004470248823054135,False
2,win__ch3002_sd_of_daily_mean,0.0069991773925721645,False
2,win__ch3002_mean_of_daily_sd,0.006133370101451874,False
2,win__ch3002_median_of_daily_median,0.0004157858493272215,False
2,win__ch3002_p25_of_daily_median,0.00024143334303516895,False
2,win__ch3002_p75_of_daily_median,0.00027726154075935483,False
2,win__ch3002_iqr_of_daily_median,0.0018019473645836115,False
2,win__ch3002_min_of_daily_min,0.0014584054006263614,False
2,win__ch3002_max_of_daily_max,0.0026092720218002796,False
2,win__ch3002_range_of_daily_extremes,0.003019812051206827,False
2,win__ch3002_weekday_mean,0.0006751317996531725,False
2,win__ch3002_weekend_mean,0.00098156847525388,False
2,win__ch3002_weekend_minus_weekday,0.004625494591891766,False
2,win__overall_events,0.001145829912275076,False
2,win__overall_days,0.00010241549171041697,False
2,win__overall_adequate_channel_days,0.0005593045498244464,False
2,win__ch3000_minus_ch3001_mean,0.007844426669180393,False
2,win__ch3000_minus_ch3002_mean,0.010345167480409145,False
2,win__ch3000_tod_night,0.0006965245702303946,False
2,win__ch3000_tod_morning,0.010663802735507488,False
2,win__ch3000_tod_afternoon,0.004049072042107582,False
2,win__ch3000_tod_evening,0.0010051763383671641,False
2,win__ch3001_tod_night,0.0011492697522044182,False
2,win__ch3001_tod_morning,0.001313706743530929,False
2,win__ch3001_tod_afternoon,0.0007463607471436262,False
2,win__ch3001_tod_evening,0.0005185649497434497,False
2,win__ch3002_tod_night,0.0010631828336045146,False
2,win__ch3002_tod_morning,0.0009642791119404137,False
2,win__ch3002_tod_afternoon,0.0016980759100988507,False
2,win__ch3002_tod_evening,0.0011211347300559282,False
2,roll_rec__ch3000_daily_hours_w30_max,0.0012718136422336102,False
2,roll_rec__ch3000_daily_hours_w30_mean,0.0012246856931596994,False
2,roll_rec__ch3000_daily_hours_w30_min,0.0022323071025311947,False
2,roll_rec__ch3000_daily_hours_w30_sd,0.0011156443506479263,False
2,roll_rec__ch3000_daily_hours_w30_slope,0.002179068746045232,False
2,roll_rec__ch3000_daily_hours_w7_max,0.0003444183384999633,False
2,roll_rec__ch3000_daily_hours_w7_mean,0.0008211216190829873,False
2,roll_rec__ch3000_daily_hours_w7_min,0.002447890816256404,False
2,roll_rec__ch3000_daily_hours_w7_sd,0.0027952389791607857,False
2,roll_rec__ch3000_daily_hours_w7_slope,0.002356603741645813,False
2,roll_rec__ch3000_daily_mean_w30_max,0.0015438591362908483,False
2,roll_rec__ch3000_daily_mean_w30_mean,0.0008160995203070343,False
2,roll_rec__ch3000_daily_mean_w30_min,0.0009529016679152846,False
2,roll_rec__ch3000_daily_mean_w30_sd,0.002258070046082139,False
2,roll_rec__ch3000_daily_mean_w30_slope,0.0010957337217405438,False
2,roll_rec__ch3000_daily_mean_w7_max,0.0014407302951440215,False
2,roll_rec__ch3000_daily_mean_w7_mean,0.0026134944055229425,False
2,roll_rec__ch3000_daily_mean_w7_min,0.002332742093130946,False
2,roll_rec__ch3000_daily_mean_w7_sd,0.0022258562967181206,False
2,roll_rec__ch3000_daily_mean_w7_slope,0.0014951752964407206,False
2,roll_rec__ch3000_daily_median_w30_max,0.0012822892749682069,False
2,roll_rec__ch3000_daily_median_w30_mean,0.0007361582247540355,False
2,roll_rec__ch3000_daily_median_w30_min,0.002179941162467003,False
2,roll_rec__ch3000_daily_median_w30_sd,0.001788203720934689,False
2,roll_rec__ch3000_daily_median_w30_slope,0.001213504932820797,False
2,roll_rec__ch3000_daily_median_w7_max,0.0015264058019965887,False
2,roll_rec__ch3000_daily_median_w7_mean,0.00039327351259998977,False
2,roll_rec__ch3000_daily_median_w7_min,0.0014272847911342978,False
2,roll_rec__ch3000_daily_median_w7_sd,0.0016557872295379639,False
2,roll_rec__ch3000_daily_median_w7_slope,0.00166079041082412,False
2,roll_rec__ch3000_daily_sd_w30_max,0.0027148413937538862,False
2,roll_rec__ch3000_daily_sd_w30_mean,0.0018450606148689985,False
2,roll_rec__ch3000_daily_sd_w30_min,0.0014462597901001573,False
2,roll_rec__ch3000_daily_sd_w30_sd,0.004784193355590105,False
2,roll_rec__ch3000_daily_sd_w30_slope,0.00267633399926126,False
2,roll_rec__ch3000_daily_sd_w7_max,0.0019380877492949367,False
2,roll_rec__ch3000_daily_sd_w7_mean,0.00188374612480402,False
2,roll_rec__ch3000_daily_sd_w7_min,0.0030643742065876722,False
2,roll_rec__ch3000_daily_sd_w7_sd,0.007993453182280064,False
2,roll_rec__ch3000_daily_sd_w7_slope,0.003924613818526268,False
2,roll_rec__ch3001_daily_hours_w30_max,0.0019427117658779025,False
2,roll_rec__ch3001_daily_hours_w30_mean,0.0007991951424628496,False
2,roll_rec__ch3001_daily_hours_w30_min,0.00239925947971642,False
2,roll_rec__ch3001_daily_hours_w30_sd,0.00222700834274292,False
2,roll_rec__ch3001_daily_hours_w30_slope,0.0011423424584791064,False
2,roll_rec__ch3001_daily_hours_w7_max,0.0006332023185677826,False
2,roll_rec__ch3001_daily_hours_w7_mean,0.000940261292271316,False
2,roll_rec__ch3001_daily_hours_w7_min,0.001681837486103177,False
2,roll_rec__ch3001_daily_hours_w7_sd,0.002120483200997114,False
2,roll_rec__ch3001_daily_hours_w7_slope,0.0020894301123917103,False
2,roll_rec__ch3001_daily_mean_w30_max,0.001191135379485786,False
2,roll_rec__ch3001_daily_mean_w30_mean,0.00016678404062986374,False
2,roll_rec__ch3001_daily_mean_w30_min,0.0008509097388014197,False
2,roll_rec__ch3001_daily_mean_w30_sd,0.0015199255431070924,False
2,roll_rec__ch3001_daily_mean_w30_slope,0.001126487273722887,False
2,roll_rec__ch3001_daily_mean_w7_max,0.0014035110361874104,False
2,roll_rec__ch3001_daily_mean_w7_mean,0.00025817399728111923,False
2,roll_rec__ch3001_daily_mean_w7_min,0.0008034890634007752,False
2,roll_rec__ch3001_daily_mean_w7_sd,0.0012335153296589851,False
2,roll_rec__ch3001_daily_mean_w7_slope,0.0011115032248198986,False
2,roll_rec__ch3001_daily_median_w30_max,0.0007603139383718371,False
2,roll_rec__ch3001_daily_median_w30_mean,0.00018154522695112973,False
2,roll_rec__ch3001_daily_median_w30_min,0.0004427185340318829,False
2,roll_rec__ch3001_daily_median_w30_sd,0.0023159561678767204,False
2,roll_rec__ch3001_daily_median_w30_slope,0.0015383838908746839,False
2,roll_rec__ch3001_daily_median_w7_max,0.001223843777552247,False
2,roll_rec__ch3001_daily_median_w7_mean,0.0007727153715677559,False
2,roll_rec__ch3001_daily_median_w7_min,0.0006289670709520578,False
2,roll_rec__ch3001_daily_median_w7_sd,0.0020803590305149555,False
2,roll_rec__ch3001_daily_median_w7_slope,0.0017532017081975937,False
2,roll_rec__ch3001_daily_sd_w30_max,0.005384289193898439,False
2,roll_rec__ch3001_daily_sd_w30_mean,0.0034756255336105824,False
2,roll_rec__ch3001_daily_sd_w30_min,0.002557985717430711,False
2,roll_rec__ch3001_daily_sd_w30_sd,0.002698885975405574,False
2,roll_rec__ch3001_daily_sd_w30_slope,0.0028543455991894007,False
2,roll_rec__ch3001_daily_sd_w7_max,0.0126069700345397,False
2,roll_rec__ch3001_daily_sd_w7_mean,0.0030108364298939705,False
2,roll_rec__ch3001_daily_sd_w7_min,0.0020469212904572487,False
2,roll_rec__ch3001_daily_sd_w7_sd,0.004598643165081739,False
2,roll_rec__ch3001_daily_sd_w7_slope,0.001899927039630711,False
2,roll_rec__ch3002_daily_hours_w30_max,0.0012260560179129243,False
2,roll_rec__ch3002_daily_hours_w30_mean,0.00040984945371747017,False
2,roll_rec__ch3002_daily_hours_w30_min,0.0023560889530926943,False
2,roll_rec__ch3002_daily_hours_w30_sd,0.001424235524609685,False
2,roll_rec__ch3002_daily_hours_w30_slope,0.002391119720414281,False
2,roll_rec__ch3002_daily_hours_w7_max,0.0006789970211684704,False
2,roll_rec__ch3002_daily_hours_w7_mean,0.0005895326612517238,False
2,roll_rec__ch3002_daily_hours_w7_min,0.003572373650968075,False
2,roll_rec__ch3002_daily_hours_w7_sd,0.0022430343087762594,False
2,roll_rec__ch3002_daily_hours_w7_slope,0.0020187085028737783,False
2,roll_rec__ch3002_daily_mean_w30_max,0.0005833964678458869,False
2,roll_rec__ch3002_daily_mean_w30_mean,0.0003849863132927567,False
2,roll_rec__ch3002_daily_mean_w30_min,0.00030629869434051216,False
2,roll_rec__ch3002_daily_mean_w30_sd,0.0010232211789116263,False
2,roll_rec__ch3002_daily_mean_w30_slope,0.0021952709648758173,False
2,roll_rec__ch3002_daily_mean_w7_max,0.0009525944478809834,False
2,roll_rec__ch3002_daily_mean_w7_mean,7.568549335701391e-05,False
2,roll_rec__ch3002_daily_mean_w7_min,0.002181161195039749,False
2,roll_rec__ch3002_daily_mean_w7_sd,0.0016282959841191769,False
2,roll_rec__ch3002_daily_mean_w7_slope,0.0013484758092090487,False
2,roll_rec__ch3002_daily_median_w30_max,0.0008381064981222153,False
2,roll_rec__ch3002_daily_median_w30_mean,0.00016134897305164486,False
2,roll_rec__ch3002_daily_median_w30_min,0.0004733982787001878,False
2,roll_rec__ch3002_daily_median_w30_sd,0.001598032540641725,False
2,roll_rec__ch3002_daily_median_w30_slope,0.002028957474976778,False
2,roll_rec__ch3002_daily_median_w7_max,0.002167195314541459,False
2,roll_rec__ch3002_daily_median_w7_mean,7.450985140167177e-05,False
2,roll_rec__ch3002_daily_median_w7_min,0.002863071160390973,False
2,roll_rec__ch3002_daily_median_w7_sd,0.0013314944226294756,False
2,roll_rec__ch3002_daily_median_w7_slope,0.0017719645984470844,False
2,roll_rec__ch3002_daily_sd_w30_max,0.005117058288305998,False
2,roll_rec__ch3002_daily_sd_w30_mean,0.004730178974568844,False
2,roll_rec__ch3002_daily_sd_w30_min,0.0025158727075904608,False
2,roll_rec__ch3002_daily_sd_w30_sd,0.003520818194374442,False
2,roll_rec__ch3002_daily_sd_w30_slope,0.0019319094717502594,False
2,roll_rec__ch3002_daily_sd_w7_max,0.013173004612326622,False
2,roll_rec__ch3002_daily_sd_w7_mean,0.005422633141279221,False
2,roll_rec__ch3002_daily_sd_w7_min,0.00320833595469594,False
2,roll_rec__ch3002_daily_sd_w7_sd,0.0031812763772904873,False
2,roll_rec__ch3002_daily_sd_w7_slope,0.002773395972326398,False
2,roll_win__ch3000_daily_hours_w30_max,0.002376376884058118,False
2,roll_win__ch3000_daily_hours_w30_mean,0.0020272531546652317,False
2,roll_win__ch3000_daily_hours_w30_min,0.002357339486479759,False
2,roll_win__ch3000_daily_hours_w30_sd,0.0026610596105456352,False
2,roll_win__ch3000_daily_hours_w30_slope,0.0051641883328557014,False
2,roll_win__ch3000_daily_hours_w7_max,0.0003264510305598378,False
2,roll_win__ch3000_daily_hours_w7_mean,0.0021145623177289963,False
2,roll_win__ch3000_daily_hours_w7_min,0.0018273075111210346,False
2,roll_win__ch3000_daily_hours_w7_sd,0.0033221219200640917,False
2,roll_win__ch3000_daily_hours_w7_slope,0.003343735821545124,False
2,roll_win__ch3000_daily_mean_w30_max,0.0011910265311598778,False
2,roll_win__ch3000_daily_mean_w30_mean,0.0007996284402906895,False
2,roll_win__ch3000_daily_mean_w30_min,0.0011000511003658175,False
2,roll_win__ch3000_daily_mean_w30_sd,0.002704740036278963,False
2,roll_win__ch3000_daily_mean_w30_slope,0.001980012748390436,False
2,roll_win__ch3000_daily_mean_w7_max,0.0012213886948302388,False
2,roll_win__ch3000_daily_mean_w7_mean,0.0020204768516123295,False
2,roll_win__ch3000_daily_mean_w7_min,0.0015179262263700366,False
2,roll_win__ch3000_daily_mean_w7_sd,0.0019016669830307364,False
2,roll_win__ch3000_daily_mean_w7_slope,0.0023787657264620066,False
2,roll_win__ch3000_daily_median_w30_max,0.0009964584605768323,False
2,roll_win__ch3000_daily_median_w30_mean,0.0001956549967871979,False
2,roll_win__ch3000_daily_median_w30_min,0.0009061098098754883,False
2,roll_win__ch3000_daily_median_w30_sd,0.0024687121622264385,False
2,roll_win__ch3000_daily_median_w30_slope,0.0011262884363532066,False
2,roll_win__ch3000_daily_median_w7_max,0.0010608462616801262,False
2,roll_win__ch3000_daily_median_w7_mean,0.0005179002764634788,False
2,roll_win__ch3000_daily_median_w7_min,0.0009418977424502373,False
2,roll_win__ch3000_daily_median_w7_sd,0.0029990272596478462,False
2,roll_win__ch3000_daily_median_w7_slope,0.0012462879531085491,False
2,roll_win__ch3000_daily_sd_w30_max,0.0022844604682177305,False
2,roll_win__ch3000_daily_sd_w30_mean,0.001220623147673905,False
2,roll_win__ch3000_daily_sd_w30_min,0.0018721220549196005,False
2,roll_win__ch3000_daily_sd_w30_sd,0.0026485503185540438,False
2,roll_win__ch3000_daily_sd_w30_slope,0.0026643190067261457,False
2,roll_win__ch3000_daily_sd_w7_max,0.0018316033529117703,False
2,roll_win__ch3000_daily_sd_w7_mean,0.001009217812679708,False
2,roll_win__ch3000_daily_sd_w7_min,0.004008227959275246,False
2,roll_win__ch3000_daily_sd_w7_sd,0.004543427377939224,False
2,roll_win__ch3000_daily_sd_w7_slope,0.004715589340776205,False
2,roll_win__ch3001_daily_hours_w30_max,0.0010359477018937469,False
2,roll_win__ch3001_daily_hours_w30_mean,0.0006222902447916567,False
2,roll_win__ch3001_daily_hours_w30_min,0.0011189827928319573,False
2,roll_win__ch3001_daily_hours_w30_sd,0.0021351641044020653,False
2,roll_win__ch3001_daily_hours_w30_slope,0.0019235528307035565,False
2,roll_win__ch3001_daily_hours_w7_max,0.0014130035415291786,False
2,roll_win__ch3001_daily_hours_w7_mean,0.0007909046253189445,False
2,roll_win__ch3001_daily_hours_w7_min,0.0009918854339048266,False
2,roll_win__ch3001_daily_hours_w7_sd,0.003454718040302396,False
2,roll_win__ch3001_daily_hours_w7_slope,0.0027980769518762827,False
2,roll_win__ch3001_daily_mean_w30_max,0.00027566199423745275,False
2,roll_win__ch3001_daily_mean_w30_mean,0.000632803828921169,False
2,roll_win__ch3001_daily_mean_w30_min,0.00047148740850389004,False
2,roll_win__ch3001_daily_mean_w30_sd,0.0022678147070109844,False
2,roll_win__ch3001_daily_mean_w30_slope,0.0011183025781065226,False
2,roll_win__ch3001_daily_mean_w7_max,0.0011012895265594125,False
2,roll_win__ch3001_daily_mean_w7_mean,0.00015379246906377375,False
2,roll_win__ch3001_daily_mean_w7_min,0.0008449438610114157,False
2,roll_win__ch3001_daily_mean_w7_sd,0.0010093083838000894,False
2,roll_win__ch3001_daily_mean_w7_slope,0.0013299707788974047,False
2,roll_win__ch3001_daily_median_w30_max,0.0003166021779179573,False
2,roll_win__ch3001_daily_median_w30_mean,8.294023427879438e-05,False
2,roll_win__ch3001_daily_median_w30_min,0.000972574227489531,False
2,roll_win__ch3001_daily_median_w30_sd,0.0019047504756599665,False
2,roll_win__ch3001_daily_median_w30_slope,0.0018012201180681586,False
2,roll_win__ch3001_daily_median_w7_max,0.0007058419287204742,False
2,roll_win__ch3001_daily_median_w7_mean,0.00025803426979109645,False
2,roll_win__ch3001_daily_median_w7_min,0.0005461369873955846,False
2,roll_win__ch3001_daily_median_w7_sd,0.0024559684097766876,False
2,roll_win__ch3001_daily_median_w7_slope,0.0009070410742424428,False
2,roll_win__ch3001_daily_sd_w30_max,0.0019938198383897543,False
2,roll_win__ch3001_daily_sd_w30_mean,0.0039001053664833307,False
2,roll_win__ch3001_daily_sd_w30_min,0.002255306812003255,False
2,roll_win__ch3001_daily_sd_w30_sd,0.002869686344638467,False
2,roll_win__ch3001_daily_sd_w30_slope,0.002882527420297265,False
2,roll_win__ch3001_daily_sd_w7_max,0.0030371122993528843,False
2,roll_win__ch3001_daily_sd_w7_mean,0.0023548572789877653,False
2,roll_win__ch3001_daily_sd_w7_min,0.002084053121507168,False
2,roll_win__ch3001_daily_sd_w7_sd,0.0025844115298241377,False
2,roll_win__ch3001_daily_sd_w7_slope,0.0027265006210654974,False
2,roll_win__ch3002_daily_hours_w30_max,0.0013997884234413505,False
2,roll_win__ch3002_daily_hours_w30_mean,0.0013952049193903804,False
2,roll_win__ch3002_daily_hours_w30_min,0.0010410005925223231,False
2,roll_win__ch3002_daily_hours_w30_sd,0.0019235772779211402,False
2,roll_win__ch3002_daily_hours_w30_slope,0.0011699376627802849,False
2,roll_win__ch3002_daily_hours_w7_max,0.0013430555118247867,False
2,roll_win__ch3002_daily_hours_w7_mean,0.0006975980941206217,False
2,roll_win__ch3002_daily_hours_w7_min,0.001263350946828723,False
2,roll_win__ch3002_daily_hours_w7_sd,0.003588013118132949,False
2,roll_win__ch3002_daily_hours_w7_slope,0.0022446655202656984,False
2,roll_win__ch3002_daily_mean_w30_max,0.0008113825460895896,False
2,roll_win__ch3002_daily_mean_w30_mean,0.00029943595291115344,False
2,roll_win__ch3002_daily_mean_w30_min,0.00018529074441175908,False
2,roll_win__ch3002_daily_mean_w30_sd,0.0023714692797511816,False
2,roll_win__ch3002_daily_mean_w30_slope,0.0015555353602394462,False
2,roll_win__ch3002_daily_mean_w7_max,0.00044365893700160086,False
2,roll_win__ch3002_daily_mean_w7_mean,0.0005538323894143105,False
2,roll_win__ch3002_daily_mean_w7_min,0.0010838746093213558,False
2,roll_win__ch3002_daily_mean_w7_sd,0.0016279658302664757,False
2,roll_win__ch3002_daily_mean_w7_slope,0.0023207145277410746,False
2,roll_win__ch3002_daily_median_w30_max,0.0008916490478441119,False
2,roll_win__ch3002_daily_median_w30_mean,0.00038582267006859183,False
2,roll_win__ch3002_daily_median_w30_min,0.0012419007252901793,False
2,roll_win__ch3002_daily_median_w30_sd,0.0019485137891024351,False
2,roll_win__ch3002_daily_median_w30_slope,0.0013768700882792473,False
2,roll_win__ch3002_daily_median_w7_max,0.0006930919480510056,False
2,roll_win__ch3002_daily_median_w7_mean,0.0001311936357524246,False
2,roll_win__ch3002_daily_median_w7_min,0.0010333562968298793,False
2,roll_win__ch3002_daily_median_w7_sd,0.0023729316890239716,False
2,roll_win__ch3002_daily_median_w7_slope,0.002072176430374384,False
2,roll_win__ch3002_daily_sd_w30_max,0.0016184881096705794,False
2,roll_win__ch3002_daily_sd_w30_mean,0.002745245350524783,False
2,roll_win__ch3002_daily_sd_w30_min,0.0021615882869809866,False
2,roll_win__ch3002_daily_sd_w30_sd,0.0025570166762918234,False
2,roll_win__ch3002_daily_sd_w30_slope,0.0025593366008251905,False
2,roll_win__ch3002_daily_sd_w7_max,0.0019359480356797576,False
2,roll_win__ch3002_daily_sd_w7_mean,0.0024065407924354076,False
2,roll_win__ch3002_daily_sd_w7_min,0.002998200710862875,False
2,roll_win__ch3002_daily_sd_w7_sd,0.002803557552397251,False
2,roll_win__ch3002_daily_sd_w7_slope,0.0033602125477045774,False
2,cosinor_M,0.0022333611268550158,True
2,cosinor_A1,0.003020963864400983,True
2,cosinor_A2,0.0031493238639086485,True
2,cosinor_A3,0.012288198806345463,True
2,cosinor_acro_h,0.003334099892526865,True
2,cosinor_resid_sd,0.0054935370571911335,True
2,curve_night_mean,0.001690646167844534,True
2,curve_morning_slope,0.0028378120623528957,True
2,curve_day_night_contrast,0.0017293990822508931,True
2,curve_range,0.0025113082956522703,True
2,curve_entropy,0.0025240532122552395,True
2,hour_h0,0.0012114673154428601,True
2,hour_h1,0.0021469411440193653,True
2,hour_h2,0.0038786809891462326,True
2,hour_h3,0.0074980962090194225,True
2,hour_h4,0.008017498068511486,True
2,hour_h5,0.0027485189493745565,True
2,hour_h6,0.003308726940304041,True
2,hour_h7,0.004421299323439598,True
2,hour_h8,0.0062567624263465405,True
2,hour_h9,0.012969987466931343,True
2,hour_h10,0.007925344631075859,True
2,hour_h11,0.0046935779973864555,True
2,hour_h12,0.0023399393539875746,True
2,hour_h13,0.0030686126556247473,True
2,hour_h14,0.005322236567735672,True
2,hour_h15,0.0015601363265886903,True
2,hour_h16,0.004564882256090641,True
2,hour_h17,0.0032987091690301895,True
2,hour_h18,0.001963261514902115,True
2,hour_h19,0.001184983178973198,True
2,hour_h20,0.00178636540658772,True
2,hour_h21,0.0018338210647925735,True
2,hour_h22,0.001741850865073502,True
2,hour_h23,0.0016391349490731955,True
2,demo__age_group=Elderly,0.004534930922091007,False
2,demo__age_group=Middle Ager,0.00021632385323755443,False
2,demo__age_group=Young Adults,0.0008366904803551733,False
2,demo__bmi_grp=normal,0.0002399268705630675,False
2,demo__bmi_grp=obese,0.0,False
2,demo__bmi_grp=overweight,0.0008967183530330658,False
3,rec__ch3000_observed_days,0.00025952281430363655,False
3,rec__ch3000_adequate_days,0.0014151716604828835,False
3,rec__ch3000_events,0.0015744497068226337,False
3,rec__ch3000_span_days,0.001632851199246943,False
3,rec__ch3000_mean_cov_h,0.002082182327285409,False
3,rec__ch3000_mean_hours,0.0017456443747505546,False
3,rec__ch3000_events_per_day,0.0017899211961776018,False
3,rec__ch3000_mean_of_daily_mean,0.011197409592568874,False
3,rec__ch3000_sd_of_daily_mean,0.0067465947940945625,False
3,rec__ch3000_mean_of_daily_sd,0.0022401888854801655,False
3,rec__ch3000_median_of_daily_median,0.002619244158267975,False
3,rec__ch3000_p25_of_daily_median,0.005035516805946827,False
3,rec__ch3000_p75_of_daily_median,0.000200241498532705,False
3,rec__ch3000_iqr_of_daily_median,0.0006079511367715895,False
3,rec__ch3000_min_of_daily_min,0.00110945338383317,False
3,rec__ch3000_max_of_daily_max,0.0037200956139713526,False
3,rec__ch3000_range_of_daily_extremes,0.006927523761987686,False
3,rec__ch3000_weekday_mean,0.041789282113313675,False
3,rec__ch3000_weekend_mean,0.0007811151444911957,False
3,rec__ch3000_weekend_minus_weekday,0.012884248979389668,False
3,rec__ch3001_observed_days,0.0012944841291755438,False
3,rec__ch3001_adequate_days,0.000642993429210037,False
3,rec__ch3001_events,0.0008849223959259689,False
3,rec__ch3001_span_days,0.0015778049128130078,False
3,rec__ch3001_mean_cov_h,0.0008355551981367171,False
3,rec__ch3001_mean_hours,0.0005932937492616475,False
3,rec__ch3001_events_per_day,0.0009985774522647262,False
3,rec__ch3001_mean_of_daily_mean,0.000493835483212024,False
3,rec__ch3001_sd_of_daily_mean,0.0029278439469635487,False
3,rec__ch3001_mean_of_daily_sd,0.005437331739813089,False
3,rec__ch3001_median_of_daily_median,0.0,False
3,rec__ch3001_p25_of_daily_median,4.7240439016604796e-05,False
3,rec__ch3001_p75_of_daily_median,0.00014814302267041057,False
3,rec__ch3001_iqr_of_daily_median,0.00034987801336683333,False
3,rec__ch3001_min_of_daily_min,0.002205850090831518,False
3,rec__ch3001_max_of_daily_max,0.0030147721990942955,False
3,rec__ch3001_range_of_daily_extremes,0.005029118619859219,False
3,rec__ch3001_weekday_mean,0.00043536635348573327,False
3,rec__ch3001_weekend_mean,0.000824773102067411,False
3,rec__ch3001_weekend_minus_weekday,0.0018829029286280274,False
3,rec__ch3002_observed_days,0.0008995344978757203,False
3,rec__ch3002_adequate_days,0.0010460946941748261,False
3,rec__ch3002_events,0.001640236470848322,False
3,rec__ch3002_span_days,0.0020552000496536493,False
3,rec__ch3002_mean_cov_h,0.00038003388908691704,False
3,rec__ch3002_mean_hours,0.0008357177139259875,False
3,rec__ch3002_events_per_day,0.0001615599903743714,False
3,rec__ch3002_mean_of_daily_mean,0.0004892274155281484,False
3,rec__ch3002_sd_of_daily_mean,0.004391834139823914,False
3,rec__ch3002_mean_of_daily_sd,0.008691160939633846,False
3,rec__ch3002_median_of_daily_median,0.0001606992445886135,False
3,rec__ch3002_p25_of_daily_median,0.00023046568094287068,False
3,rec__ch3002_p75_of_daily_median,5.3305633628042415e-05,False
3,rec__ch3002_iqr_of_daily_median,0.0007395041757263243,False
3,rec__ch3002_min_of_daily_min,0.0024726749397814274,False
3,rec__ch3002_max_of_daily_max,0.0016270708292722702,False
3,rec__ch3002_range_of_daily_extremes,0.0031492672860622406,False
3,rec__ch3002_weekday_mean,0.0004981814417988062,False
3,rec__ch3002_weekend_mean,0.0006657986668869853,False
3,rec__ch3002_weekend_minus_weekday,0.004468964412808418,False
3,rec__overall_events,0.0005208010552451015,False
3,rec__overall_days,0.0010866379598155618,False
3,rec__overall_span_days,0.0012962754117324948,False
3,rec__overall_adequate_channel_days,0.0007172748446464539,False
3,rec__ch3000_minus_ch3001_mean,0.013997824862599373,False
3,rec__ch3000_minus_ch3002_mean,0.012439064681529999,False
3,rec__ch3000_tod_night,0.000971016357652843,False
3,rec__ch3000_tod_morning,0.01672910898923874,False
3,rec__ch3000_tod_afternoon,0.004504396580159664,False
3,rec__ch3000_tod_evening,0.0013056813040748239,False
3,rec__ch3001_tod_night,0.0012603190261870623,False
3,rec__ch3001_tod_morning,0.0016997071215882897,False
3,rec__ch3001_tod_afternoon,0.0014469544403254986,False
3,rec__ch3001_tod_evening,0.0004545580595731735,False
3,rec__ch3002_tod_night,0.0021949480287730694,False
3,rec__ch3002_tod_morning,0.0014620551373809576,False
3,rec__ch3002_tod_afternoon,0.0013404986821115017,False
3,rec__ch3002_tod_evening,0.0015110827516764402,False
3,win__ch3000_observed_days,0.0,False
3,win__ch3000_adequate_days,0.0,False
3,win__ch3000_events,0.0018306762212887406,False
3,win__ch3000_mean_cov_h,0.0015006889589130878,False
3,win__ch3000_mean_hours,0.00045373928151093423,False
3,win__ch3000_events_per_day,0.001266153296455741,False
3,win__ch3000_mean_of_daily_mean,0.001679331180639565,False
3,win__ch3000_sd_of_daily_mean,0.0057594627141952515,False
3,win__ch3000_mean_of_daily_sd,0.0017955047078430653,False
3,win__ch3000_median_of_daily_median,0.00011685604840749875,False
3,win__ch3000_p25_of_daily_median,0.00012935453560203314,False
3,win__ch3000_p75_of_daily_median,0.00032346538500860333,False
3,win__ch3000_iqr_of_daily_median,0.0016203150153160095,False
3,win__ch3000_min_of_daily_min,0.0030977511778473854,False
3,win__ch3000_max_of_daily_max,0.0019056187011301517,False
3,win__ch3000_range_of_daily_extremes,0.002966838888823986,False
3,win__ch3000_weekday_mean,0.0041918461211025715,False
3,win__ch3000_weekend_mean,0.0016760976286605,False
3,win__ch3000_weekend_minus_weekday,0.011961158365011215,False
3,win__ch3001_observed_days,0.0015230656135827303,False
3,win__ch3001_adequate_days,0.0010167317232117057,False
3,win__ch3001_events,0.002358686178922653,False
3,win__ch3001_span_days,0.0003161965578328818,False
3,win__ch3001_mean_cov_h,0.0012931210221722722,False
3,win__ch3001_mean_hours,0.0005636806017719209,False
3,win__ch3001_events_per_day,0.0013316600816324353,False
3,win__ch3001_mean_of_daily_mean,0.00046709144953638315,False
3,win__ch3001_sd_of_daily_mean,0.004976937081664801,False
3,win__ch3001_mean_of_daily_sd,0.0068971640430390835,False
3,win__ch3001_median_of_daily_median,0.0003906383062712848,False
3,win__ch3001_p25_of_daily_median,0.00035932811442762613,False
3,win__ch3001_p75_of_daily_median,0.00040358732803724706,False
3,win__ch3001_iqr_of_daily_median,0.0013375033158808947,False
3,win__ch3001_min_of_daily_min,0.0016989171272143722,False
3,win__ch3001_max_of_daily_max,0.0018564363708719611,False
3,win__ch3001_range_of_daily_extremes,0.002549184486269951,False
3,win__ch3001_weekday_mean,0.00023585047165397555,False
3,win__ch3001_weekend_mean,0.0007224080036394298,False
3,win__ch3001_weekend_minus_weekday,0.0023632098454982042,False
3,win__ch3002_observed_days,0.001398392952978611,False
3,win__ch3002_adequate_days,0.0007278743432834744,False
3,win__ch3002_events,0.0020045610144734383,False
3,win__ch3002_span_days,0.00019939792400691658,False
3,win__ch3002_mean_cov_h,0.0007359516457654536,False
3,win__ch3002_mean_hours,0.0010608414886519313,False
3,win__ch3002_events_per_day,0.0010409289970993996,False
3,win__ch3002_mean_of_daily_mean,0.00021316141646821052,False
3,win__ch3002_sd_of_daily_mean,0.008475499227643013,False
3,win__ch3002_mean_of_daily_sd,0.003532411064952612,False
3,win__ch3002_median_of_daily_median,3.134634607704356e-05,False
3,win__ch3002_p25_of_daily_median,0.00022279778204392642,False
3,win__ch3002_p75_of_daily_median,0.0003793473297264427,False
3,win__ch3002_iqr_of_daily_median,0.0020795376040041447,False
3,win__ch3002_min_of_daily_min,0.0014252994442358613,False
3,win__ch3002_max_of_daily_max,0.002712940564379096,False
3,win__ch3002_range_of_daily_extremes,0.0035149911418557167,False
3,win__ch3002_weekday_mean,0.00036356330383569,False
3,win__ch3002_weekend_mean,0.0009169339900836349,False
3,win__ch3002_weekend_minus_weekday,0.004115867428481579,False
3,win__overall_events,0.00240847235545516,False
3,win__overall_days,0.00010127469431608915,False
3,win__overall_adequate_channel_days,0.0012892766389995813,False
3,win__ch3000_minus_ch3001_mean,0.006716592703014612,False
3,win__ch3000_minus_ch3002_mean,0.011756125837564468,False
3,win__ch3000_tod_night,0.001062695519067347,False
3,win__ch3000_tod_morning,0.011389047838747501,False
3,win__ch3000_tod_afternoon,0.0049024056643247604,False
3,win__ch3000_tod_evening,0.0007590882596559823,False
3,win__ch3001_tod_night,0.0012081846361979842,False
3,win__ch3001_tod_morning,0.0011291072005406022,False
3,win__ch3001_tod_afternoon,0.0010414790594950318,False
3,win__ch3001_tod_evening,0.0005318648181855679,False
3,win__ch3002_tod_night,0.0007495599566027522,False
3,win__ch3002_tod_morning,0.0009008151828311384,False
3,win__ch3002_tod_afternoon,0.0005513779469765723,False
3,win__ch3002_tod_evening,0.00043906643986701965,False
3,roll_rec__ch3000_daily_hours_w30_max,0.0012378552928566933,False
3,roll_rec__ch3000_daily_hours_w30_mean,0.0015054538380354643,False
3,roll_rec__ch3000_daily_hours_w30_min,0.0014719337923452258,False
3,roll_rec__ch3000_daily_hours_w30_sd,0.0018075515981763601,False
3,roll_rec__ch3000_daily_hours_w30_slope,0.0020781985949724913,False
3,roll_rec__ch3000_daily_hours_w7_max,0.00015441392315551639,False
3,roll_rec__ch3000_daily_hours_w7_mean,0.0014405802357941866,False
3,roll_rec__ch3000_daily_hours_w7_min,0.0023984317667782307,False
3,roll_rec__ch3000_daily_hours_w7_sd,0.004205262754112482,False
3,roll_rec__ch3000_daily_hours_w7_slope,0.002021805150434375,False
3,roll_rec__ch3000_daily_mean_w30_max,0.0020707359071820974,False
3,roll_rec__ch3000_daily_mean_w30_mean,0.012556100264191628,False
3,roll_rec__ch3000_daily_mean_w30_min,0.0009807655587792397,False
3,roll_rec__ch3000_daily_mean_w30_sd,0.0020328015089035034,False
3,roll_rec__ch3000_daily_mean_w30_slope,0.0016974563477560878,False
3,roll_rec__ch3000_daily_mean_w7_max,0.0019253763603046536,False
3,roll_rec__ch3000_daily_mean_w7_mean,0.004217144567519426,False
3,roll_rec__ch3000_daily_mean_w7_min,0.0026178781408816576,False
3,roll_rec__ch3000_daily_mean_w7_sd,0.0021039072889834642,False
3,roll_rec__ch3000_daily_mean_w7_slope,0.0012679509818553925,False
3,roll_rec__ch3000_daily_median_w30_max,0.0007304116152226925,False
3,roll_rec__ch3000_daily_median_w30_mean,0.0015997757436707616,False
3,roll_rec__ch3000_daily_median_w30_min,0.00048334113671444356,False
3,roll_rec__ch3000_daily_median_w30_sd,0.0016771144000813365,False
3,roll_rec__ch3000_daily_median_w30_slope,0.0023282202892005444,False
3,roll_rec__ch3000_daily_median_w7_max,0.0012701646191999316,False
3,roll_rec__ch3000_daily_median_w7_mean,0.002019892679527402,False
3,roll_rec__ch3000_daily_median_w7_min,0.0009759979438968003,False
3,roll_rec__ch3000_daily_median_w7_sd,0.002368501853197813,False
3,roll_rec__ch3000_daily_median_w7_slope,0.0015994320856407285,False
3,roll_rec__ch3000_daily_sd_w30_max,0.0016801171004772186,False
3,roll_rec__ch3000_daily_sd_w30_mean,0.0008363189990632236,False
3,roll_rec__ch3000_daily_sd_w30_min,0.0031451715622097254,False
3,roll_rec__ch3000_daily_sd_w30_sd,0.003967138472944498,False
3,roll_rec__ch3000_daily_sd_w30_slope,0.002349876333028078,False
3,roll_rec__ch3000_daily_sd_w7_max,0.003093404695391655,False
3,roll_rec__ch3000_daily_sd_w7_mean,0.0015541543252766132,False
3,roll_rec__ch3000_daily_sd_w7_min,0.0043752724304795265,False
3,roll_rec__ch3000_daily_sd_w7_sd,0.005401532165706158,False
3,roll_rec__ch3000_daily_sd_w7_slope,0.002455515321344137,False
3,roll_rec__ch3001_daily_hours_w30_max,0.001859801821410656,False
3,roll_rec__ch3001_daily_hours_w30_mean,0.0011907435255125165,False
3,roll_rec__ch3001_daily_hours_w30_min,0.0015268622664734721,False
3,roll_rec__ch3001_daily_hours_w30_sd,0.0011567776091396809,False
3,roll_rec__ch3001_daily_hours_w30_slope,0.0015768605517223477,False
3,roll_rec__ch3001_daily_hours_w7_max,0.00204610638320446,False
3,roll_rec__ch3001_daily_hours_w7_mean,0.0009425586904399097,False
3,roll_rec__ch3001_daily_hours_w7_min,0.0013701235875487328,False
3,roll_rec__ch3001_daily_hours_w7_sd,0.0027590161189436913,False
3,roll_rec__ch3001_daily_hours_w7_slope,0.0011891626054421067,False
3,roll_rec__ch3001_daily_mean_w30_max,0.00044725247425958514,False
3,roll_rec__ch3001_daily_mean_w30_mean,0.0003080599126406014,False
3,roll_rec__ch3001_daily_mean_w30_min,0.00040934968274086714,False
3,roll_rec__ch3001_daily_mean_w30_sd,0.0023210025392472744,False
3,roll_rec__ch3001_daily_mean_w30_slope,0.0010920945787802339,False
3,roll_rec__ch3001_daily_mean_w7_max,0.00140282791107893,False
3,roll_rec__ch3001_daily_mean_w7_mean,0.0006829528138041496,False
3,roll_rec__ch3001_daily_mean_w7_min,0.0016629161546006799,False
3,roll_rec__ch3001_daily_mean_w7_sd,0.0019132563611492515,False
3,roll_rec__ch3001_daily_mean_w7_slope,0.0016005210345610976,False
3,roll_rec__ch3001_daily_median_w30_max,0.0006179217016324401,False
3,roll_rec__ch3001_daily_median_w30_mean,0.0003444414178375155,False
3,roll_rec__ch3001_daily_median_w30_min,0.0006740947719663382,False
3,roll_rec__ch3001_daily_median_w30_sd,0.0012961234897375107,False
3,roll_rec__ch3001_daily_median_w30_slope,0.0014888966688886285,False
3,roll_rec__ch3001_daily_median_w7_max,0.0009158765315078199,False
3,roll_rec__ch3001_daily_median_w7_mean,0.00020659316214732826,False
3,roll_rec__ch3001_daily_median_w7_min,0.0011226744391024113,False
3,roll_rec__ch3001_daily_median_w7_sd,0.0010641161352396011,False
3,roll_rec__ch3001_daily_median_w7_slope,0.0010699202539399266,False
3,roll_rec__ch3001_daily_sd_w30_max,0.003962977789342403,False
3,roll_rec__ch3001_daily_sd_w30_mean,0.0032028916757553816,False
3,roll_rec__ch3001_daily_sd_w30_min,0.003172447672113776,False
3,roll_rec__ch3001_daily_sd_w30_sd,0.0017923325067386031,False
3,roll_rec__ch3001_daily_sd_w30_slope,0.002650513546541333,False
3,roll_rec__ch3001_daily_sd_w7_max,0.011183910071849823,False
3,roll_rec__ch3001_daily_sd_w7_mean,0.004692751448601484,False
3,roll_rec__ch3001_daily_sd_w7_min,0.0019135783659294248,False
3,roll_rec__ch3001_daily_sd_w7_sd,0.004789592232555151,False
3,roll_rec__ch3001_daily_sd_w7_slope,0.0018173059215769172,False
3,roll_rec__ch3002_daily_hours_w30_max,0.0013161316746845841,False
3,roll_rec__ch3002_daily_hours_w30_mean,0.00019947614055126905,False
3,roll_rec__ch3002_daily_hours_w30_min,0.001647328375838697,False
3,roll_rec__ch3002_daily_hours_w30_sd,0.0013315454125404358,False
3,roll_rec__ch3002_daily_hours_w30_slope,0.0017291534459218383,False
3,roll_rec__ch3002_daily_hours_w7_max,0.0014684856869280338,False
3,roll_rec__ch3002_daily_hours_w7_mean,0.0014331936836242676,False
3,roll_rec__ch3002_daily_hours_w7_min,0.0011906391009688377,False
3,roll_rec__ch3002_daily_hours_w7_sd,0.0024204254150390625,False
3,roll_rec__ch3002_daily_hours_w7_slope,0.001340985530987382,False
3,roll_rec__ch3002_daily_mean_w30_max,0.0005540961865335703,False
3,roll_rec__ch3002_daily_mean_w30_mean,0.0007916098111309111,False
3,roll_rec__ch3002_daily_mean_w30_min,0.0010193980997428298,False
3,roll_rec__ch3002_daily_mean_w30_sd,0.0009200204513035715,False
3,roll_rec__ch3002_daily_mean_w30_slope,0.001942685921676457,False
3,roll_rec__ch3002_daily_mean_w7_max,0.0009810873307287693,False
3,roll_rec__ch3002_daily_mean_w7_mean,0.0006733867921866477,False
3,roll_rec__ch3002_daily_mean_w7_min,0.0013379339361563325,False
3,roll_rec__ch3002_daily_mean_w7_sd,0.0015086012426763773,False
3,roll_rec__ch3002_daily_mean_w7_slope,0.0010536705376580358,False
3,roll_rec__ch3002_daily_median_w30_max,0.0005890751490369439,False
3,roll_rec__ch3002_daily_median_w30_mean,0.0004955609329044819,False
3,roll_rec__ch3002_daily_median_w30_min,0.0007955902838148177,False
3,roll_rec__ch3002_daily_median_w30_sd,0.0021966216154396534,False
3,roll_rec__ch3002_daily_median_w30_slope,0.0012901907321065664,False
3,roll_rec__ch3002_daily_median_w7_max,0.0015113241970539093,False
3,roll_rec__ch3002_daily_median_w7_mean,0.0005992829101160169,False
3,roll_rec__ch3002_daily_median_w7_min,0.0021147294901311398,False
3,roll_rec__ch3002_daily_median_w7_sd,0.0022406396456062794,False
3,roll_rec__ch3002_daily_median_w7_slope,0.0015234621241688728,False
3,roll_rec__ch3002_daily_sd_w30_max,0.006214427761733532,False
3,roll_rec__ch3002_daily_sd_w30_mean,0.002802270697429776,False
3,roll_rec__ch3002_daily_sd_w30_min,0.002295605605468154,False
3,roll_rec__ch3002_daily_sd_w30_sd,0.0020979195833206177,False
3,roll_rec__ch3002_daily_sd_w30_slope,0.003270677523687482,False
3,roll_rec__ch3002_daily_sd_w7_max,0.009526596404612064,False
3,roll_rec__ch3002_daily_sd_w7_mean,0.003156305057927966,False
3,roll_rec__ch3002_daily_sd_w7_min,0.0029323638882488012,False
3,roll_rec__ch3002_daily_sd_w7_sd,0.0050562056712806225,False
3,roll_rec__ch3002_daily_sd_w7_slope,0.0024967738427221775,False
3,roll_win__ch3000_daily_hours_w30_max,0.0020243863109499216,False
3,roll_win__ch3000_daily_hours_w30_mean,0.0011587439803406596,False
3,roll_win__ch3000_daily_hours_w30_min,0.001499373116530478,False
3,roll_win__ch3000_daily_hours_w30_sd,0.002340919803828001,False
3,roll_win__ch3000_daily_hours_w30_slope,0.0035205252934247255,False
3,roll_win__ch3000_daily_hours_w7_max,0.00036702989018522203,False
3,roll_win__ch3000_daily_hours_w7_mean,0.001875351183116436,False
3,roll_win__ch3000_daily_hours_w7_min,0.0019328631460666656,False
3,roll_win__ch3000_daily_hours_w7_sd,0.001754077966324985,False
3,roll_win__ch3000_daily_hours_w7_slope,0.004764717537909746,False
3,roll_win__ch3000_daily_mean_w30_max,0.0008702805498614907,False
3,roll_win__ch3000_daily_mean_w30_mean,0.00043666904093697667,False
3,roll_win__ch3000_daily_mean_w30_min,0.0011410153238102794,False
3,roll_win__ch3000_daily_mean_w30_sd,0.0020298846065998077,False
3,roll_win__ch3000_daily_mean_w30_slope,0.0015875999815762043,False
3,roll_win__ch3000_daily_mean_w7_max,0.0010961147490888834,False
3,roll_win__ch3000_daily_mean_w7_mean,0.0014193941606208682,False
3,roll_win__ch3000_daily_mean_w7_min,0.0007116138003766537,False
3,roll_win__ch3000_daily_mean_w7_sd,0.0027948759961873293,False
3,roll_win__ch3000_daily_mean_w7_slope,0.0020605609752237797,False
3,roll_win__ch3000_daily_median_w30_max,0.0012973427074030042,False
3,roll_win__ch3000_daily_median_w30_mean,0.000486520875710994,False
3,roll_win__ch3000_daily_median_w30_min,0.0007253679214045405,False
3,roll_win__ch3000_daily_median_w30_sd,0.0022874418646097183,False
3,roll_win__ch3000_daily_median_w30_slope,0.0015370585024356842,False
3,roll_win__ch3000_daily_median_w7_max,0.0005331369466148317,False
3,roll_win__ch3000_daily_median_w7_mean,0.0003619725175667554,False
3,roll_win__ch3000_daily_median_w7_min,0.0007079544011503458,False
3,roll_win__ch3000_daily_median_w7_sd,0.00328190834261477,False
3,roll_win__ch3000_daily_median_w7_slope,0.0018053001258522272,False
3,roll_win__ch3000_daily_sd_w30_max,0.001690555945970118,False
3,roll_win__ch3000_daily_sd_w30_mean,0.0015149011742323637,False
3,roll_win__ch3000_daily_sd_w30_min,0.001614329987205565,False
3,roll_win__ch3000_daily_sd_w30_sd,0.002695556031540036,False
3,roll_win__ch3000_daily_sd_w30_slope,0.0017734530847519636,False
3,roll_win__ch3000_daily_sd_w7_max,0.0022103190422058105,False
3,roll_win__ch3000_daily_sd_w7_mean,0.0010084317764267325,False
3,roll_win__ch3000_daily_sd_w7_min,0.0029082985129207373,False
3,roll_win__ch3000_daily_sd_w7_sd,0.0033339709043502808,False
3,roll_win__ch3000_daily_sd_w7_slope,0.005085949786007404,False
3,roll_win__ch3001_daily_hours_w30_max,0.0009928313083946705,False
3,roll_win__ch3001_daily_hours_w30_mean,0.001365268835797906,False
3,roll_win__ch3001_daily_hours_w30_min,0.001665098941884935,False
3,roll_win__ch3001_daily_hours_w30_sd,0.0019156087655574083,False
3,roll_win__ch3001_daily_hours_w30_slope,0.0019321574363857508,False
3,roll_win__ch3001_daily_hours_w7_max,0.0015307525172829628,False
3,roll_win__ch3001_daily_hours_w7_mean,0.00043429460492916405,False
3,roll_win__ch3001_daily_hours_w7_min,0.001439603976905346,False
3,roll_win__ch3001_daily_hours_w7_sd,0.006055594887584448,False
3,roll_win__ch3001_daily_hours_w7_slope,0.002462799195200205,False
3,roll_win__ch3001_daily_mean_w30_max,0.0007397877052426338,False
3,roll_win__ch3001_daily_mean_w30_mean,0.0003021860611625016,False
3,roll_win__ch3001_daily_mean_w30_min,3.2981363347062143e-06,False
3,roll_win__ch3001_daily_mean_w30_sd,0.002164537087082863,False
3,roll_win__ch3001_daily_mean_w30_slope,0.002847821917384863,False
3,roll_win__ch3001_daily_mean_w7_max,0.0014784062514081597,False
3,roll_win__ch3001_daily_mean_w7_mean,0.00033501521102152765,False
3,roll_win__ch3001_daily_mean_w7_min,0.0008809790015220642,False
3,roll_win__ch3001_daily_mean_w7_sd,0.0022799887228757143,False
3,roll_win__ch3001_daily_mean_w7_slope,0.001210919232107699,False
3,roll_win__ch3001_daily_median_w30_max,0.0006135115399956703,False
3,roll_win__ch3001_daily_median_w30_mean,0.0005070249317213893,False
3,roll_win__ch3001_daily_median_w30_min,0.0009601116180419922,False
3,roll_win__ch3001_daily_median_w30_sd,0.0012200955534353852,False
3,roll_win__ch3001_daily_median_w30_slope,0.0027466712053865194,False
3,roll_win__ch3001_daily_median_w7_max,0.0009234976023435593,False
3,roll_win__ch3001_daily_median_w7_mean,0.00046735760406591,False
3,roll_win__ch3001_daily_median_w7_min,0.001050433493219316,False
3,roll_win__ch3001_daily_median_w7_sd,0.0014973324723541737,False
3,roll_win__ch3001_daily_median_w7_slope,0.0015247866977006197,False
3,roll_win__ch3001_daily_sd_w30_max,0.006902019027620554,False
3,roll_win__ch3001_daily_sd_w30_mean,0.005160072352737188,False
3,roll_win__ch3001_daily_sd_w30_min,0.001993516692891717,False
3,roll_win__ch3001_daily_sd_w30_sd,0.002313545672222972,False
3,roll_win__ch3001_daily_sd_w30_slope,0.0028621915262192488,False
3,roll_win__ch3001_daily_sd_w7_max,0.004901126492768526,False
3,roll_win__ch3001_daily_sd_w7_mean,0.003191923489794135,False
3,roll_win__ch3001_daily_sd_w7_min,0.0029261542949825525,False
3,roll_win__ch3001_daily_sd_w7_sd,0.005248242523521185,False
3,roll_win__ch3001_daily_sd_w7_slope,0.002964826999232173,False
3,roll_win__ch3002_daily_hours_w30_max,0.0008600567816756666,False
3,roll_win__ch3002_daily_hours_w30_mean,0.0010799376759678125,False
3,roll_win__ch3002_daily_hours_w30_min,0.0013662513811141253,False
3,roll_win__ch3002_daily_hours_w30_sd,0.002004318404942751,False
3,roll_win__ch3002_daily_hours_w30_slope,0.0016981333028525114,False
3,roll_win__ch3002_daily_hours_w7_max,0.001494167954660952,False
3,roll_win__ch3002_daily_hours_w7_mean,0.0006690588197670877,False
3,roll_win__ch3002_daily_hours_w7_min,0.0017128854524344206,False
3,roll_win__ch3002_daily_hours_w7_sd,0.005321810487657785,False
3,roll_win__ch3002_daily_hours_w7_slope,0.0022154489997774363,False
3,roll_win__ch3002_daily_mean_w30_max,0.00036406790604814887,False
3,roll_win__ch3002_daily_mean_w30_mean,0.0004500749637372792,False
3,roll_win__ch3002_daily_mean_w30_min,0.0015913470415398479,False
3,roll_win__ch3002_daily_mean_w30_sd,0.002650363137945533,False
3,roll_win__ch3002_daily_mean_w30_slope,0.0024272589944303036,False
3,roll_win__ch3002_daily_mean_w7_max,0.0009799093240872025,False
3,roll_win__ch3002_daily_mean_w7_mean,0.0003946985234506428,False
3,roll_win__ch3002_daily_mean_w7_min,0.0011082293931394815,False
3,roll_win__ch3002_daily_mean_w7_sd,0.0017239860026165843,False
3,roll_win__ch3002_daily_mean_w7_slope,0.0018475865945219994,False
3,roll_win__ch3002_daily_median_w30_max,0.001068626530468464,False
3,roll_win__ch3002_daily_median_w30_mean,0.00042522005969658494,False
3,roll_win__ch3002_daily_median_w30_min,0.0003938910085707903,False
3,roll_win__ch3002_daily_median_w30_sd,0.0017863502725958824,False
3,roll_win__ch3002_daily_median_w30_slope,0.0023722234182059765,False
3,roll_win__ch3002_daily_median_w7_max,0.0005792929441668093,False
3,roll_win__ch3002_daily_median_w7_mean,0.00018032184743788093,False
3,roll_win__ch3002_daily_median_w7_min,0.0011366341495886445,False
3,roll_win__ch3002_daily_median_w7_sd,0.00225546071305871,False
3,roll_win__ch3002_daily_median_w7_slope,0.0014408824499696493,False
3,roll_win__ch3002_daily_sd_w30_max,0.0016869216924533248,False
3,roll_win__ch3002_daily_sd_w30_mean,0.0014513774076476693,False
3,roll_win__ch3002_daily_sd_w30_min,0.0018249807180836797,False
3,roll_win__ch3002_daily_sd_w30_sd,0.002310550771653652,False
3,roll_win__ch3002_daily_sd_w30_slope,0.0030354054179042578,False
3,roll_win__ch3002_daily_sd_w7_max,0.0019621513783931732,False
3,roll_win__ch3002_daily_sd_w7_mean,0.0010362404864281416,False
3,roll_win__ch3002_daily_sd_w7_min,0.002882861765101552,False
3,roll_win__ch3002_daily_sd_w7_sd,0.005229902919381857,False
3,roll_win__ch3002_daily_sd_w7_slope,0.00360999908298254,False
3,cosinor_M,0.013480570167303085,True
3,cosinor_A1,0.0022820360027253628,True
3,cosinor_A2,0.0038073076866567135,True
3,cosinor_A3,0.009767257608473301,True
3,cosinor_acro_h,0.0033927825279533863,True
3,cosinor_resid_sd,0.003826630301773548,True
3,curve_night_mean,0.000720446347258985,True
3,curve_morning_slope,0.002882919739931822,True
3,curve_day_night_contrast,0.0029823172371834517,True
3,curve_range,0.0024156293366104364,True
3,curve_entropy,0.0037008910439908504,True
3,hour_h0,0.0005682671326212585,True
3,hour_h1,0.0019521506037563086,True
3,hour_h2,0.0021579843014478683,True
3,hour_h3,0.0018854711670428514,True
3,hour_h4,0.0015677583869546652,True
3,hour_h5,0.0032412733417004347,True
3,hour_h6,0.003731219796463847,True
3,hour_h7,0.003987702075392008,True
3,hour_h8,0.005495085380971432,True
3,hour_h9,0.011681793257594109,True
3,hour_h10,0.007154066581279039,True
3,hour_h11,0.0024420616682618856,True
3,hour_h12,0.0020418826024979353,True
3,hour_h13,0.0037684855051338673,True
3,hour_h14,0.005906927864998579,True
3,hour_h15,0.00393660319969058,True
3,hour_h16,0.005232315976172686,True
3,hour_h17,0.00318885431624949,True
3,hour_h18,0.0022729579359292984,True
3,hour_h19,0.0017145744059234858,True
3,hour_h20,0.001655029715038836,True
3,hour_h21,0.0019316243706271052,True
3,hour_h22,0.0023608235642313957,True
3,hour_h23,0.0012300177477300167,True
3,demo__age_group=Elderly,0.00427210470661521,False
3,demo__age_group=Middle Ager,0.00017254738486371934,False
3,demo__age_group=Young Adults,0.0006581926136277616,False
3,demo__bmi_grp=normal,0.00036772797466255724,False
3,demo__bmi_grp=obese,1.76500925590517e-05,False
3,demo__bmi_grp=overweight,0.0014540024567395449,False
4,rec__ch3000_observed_days,0.0008448210428468883,False
4,rec__ch3000_adequate_days,0.0011627591447904706,False
4,rec__ch3000_events,0.0012549441307783127,False
4,rec__ch3000_span_days,0.0009307416039519012,False
4,rec__ch3000_mean_cov_h,0.002374796662479639,False
4,rec__ch3000_mean_hours,0.0019064684165641665,False
4,rec__ch3000_events_per_day,0.0014039339730516076,False
4,rec__ch3000_mean_of_daily_mean,0.002883301582187414,False
4,rec__ch3000_sd_of_daily_mean,0.006244771182537079,False
4,rec__ch3000_mean_of_daily_sd,0.001872696098871529,False
4,rec__ch3000_median_of_daily_median,0.0013623113045468926,False
4,rec__ch3000_p25_of_daily_median,0.0024176877923309803,False
4,rec__ch3000_p75_of_daily_median,0.0003015749389305711,False
4,rec__ch3000_iqr_of_daily_median,0.0011447264114394784,False
4,rec__ch3000_min_of_daily_min,0.0031057335436344147,False
4,rec__ch3000_max_of_daily_max,0.006562493275851011,False
4,rec__ch3000_range_of_daily_extremes,0.008690536953508854,False
4,rec__ch3000_weekday_mean,0.013429585844278336,False
4,rec__ch3000_weekend_mean,0.0010758780408650637,False
4,rec__ch3000_weekend_minus_weekday,0.013540603220462799,False
4,rec__ch3001_observed_days,0.001077766064554453,False
4,rec__ch3001_adequate_days,0.0005570646026171744,False
4,rec__ch3001_events,0.0013112998567521572,False
4,rec__ch3001_span_days,0.0014193699462339282,False
4,rec__ch3001_mean_cov_h,0.0005190545925870538,False
4,rec__ch3001_mean_hours,0.000559190521016717,False
4,rec__ch3001_events_per_day,0.0015799429966136813,False
4,rec__ch3001_mean_of_daily_mean,0.00038348158705048263,False
4,rec__ch3001_sd_of_daily_mean,0.002113076625391841,False
4,rec__ch3001_mean_of_daily_sd,0.011763756163418293,False
4,rec__ch3001_median_of_daily_median,0.0002666066575329751,False
4,rec__ch3001_p25_of_daily_median,0.00011594251554924995,False
4,rec__ch3001_p75_of_daily_median,0.00017475172353442758,False
4,rec__ch3001_iqr_of_daily_median,0.0007561476086266339,False
4,rec__ch3001_min_of_daily_min,0.0015677169431000948,False
4,rec__ch3001_max_of_daily_max,0.0024994018021970987,False
4,rec__ch3001_range_of_daily_extremes,0.002824961207807064,False
4,rec__ch3001_weekday_mean,0.000306068395730108,False
4,rec__ch3001_weekend_mean,0.0011537519749253988,False
4,rec__ch3001_weekend_minus_weekday,0.0034095589071512222,False
4,rec__ch3002_observed_days,0.0009582897182554007,False
4,rec__ch3002_adequate_days,0.0012008104240521789,False
4,rec__ch3002_events,0.0008053866913542151,False
4,rec__ch3002_span_days,0.0019535624887794256,False
4,rec__ch3002_mean_cov_h,0.0008426252170465887,False
4,rec__ch3002_mean_hours,0.0011193647515028715,False
4,rec__ch3002_events_per_day,0.0005385662079788744,False
4,rec__ch3002_mean_of_daily_mean,0.0006930229719728231,False
4,rec__ch3002_sd_of_daily_mean,0.004186705220490694,False
4,rec__ch3002_mean_of_daily_sd,0.0075505441054701805,False
4,rec__ch3002_median_of_daily_median,0.00010119022044818848,False
4,rec__ch3002_p25_of_daily_median,0.0001488396228523925,False
4,rec__ch3002_p75_of_daily_median,0.0002947012835647911,False
4,rec__ch3002_iqr_of_daily_median,0.0007542278035543859,False
4,rec__ch3002_min_of_daily_min,0.0019338440615683794,False
4,rec__ch3002_max_of_daily_max,0.0021362253464758396,False
4,rec__ch3002_range_of_daily_extremes,0.0028931754641234875,False
4,rec__ch3002_weekday_mean,0.00042613508412614465,False
4,rec__ch3002_weekend_mean,0.001246031024493277,False
4,rec__ch3002_weekend_minus_weekday,0.004750556778162718,False
4,rec__overall_events,0.001826638006605208,False
4,rec__overall_days,0.0010029587429016829,False
4,rec__overall_span_days,0.001010412466712296,False
4,rec__overall_adequate_channel_days,0.0008117767865769565,False
4,rec__ch3000_minus_ch3001_mean,0.007686283905059099,False
4,rec__ch3000_minus_ch3002_mean,0.012859232723712921,False
4,rec__ch3000_tod_night,0.0016954360762611032,False
4,rec__ch3000_tod_morning,0.03266220912337303,False
4,rec__ch3000_tod_afternoon,0.003256130963563919,False
4,rec__ch3000_tod_evening,0.0007420361507683992,False
4,rec__ch3001_tod_night,0.003685453673824668,False
4,rec__ch3001_tod_morning,0.0012883942108601332,False
4,rec__ch3001_tod_afternoon,0.0011365518439561129,False
4,rec__ch3001_tod_evening,0.0002993597008753568,False
4,rec__ch3002_tod_night,0.005292799789458513,False
4,rec__ch3002_tod_morning,0.0008461861289106309,False
4,rec__ch3002_tod_afternoon,0.0018753658514469862,False
4,rec__ch3002_tod_evening,0.0008171541849151254,False
4,win__ch3000_observed_days,0.0001431143464287743,False
4,win__ch3000_adequate_days,0.0002986551553476602,False
4,win__ch3000_events,0.0013429163955152035,False
4,win__ch3000_mean_cov_h,0.0013684012228623033,False
4,win__ch3000_mean_hours,0.0009870663052424788,False
4,win__ch3000_events_per_day,0.001169500988908112,False
4,win__ch3000_mean_of_daily_mean,0.0012000942369922996,False
4,win__ch3000_sd_of_daily_mean,0.00804815161973238,False
4,win__ch3000_mean_of_daily_sd,0.0010900043416768312,False
4,win__ch3000_median_of_daily_median,0.0004462881770450622,False
4,win__ch3000_p25_of_daily_median,0.0004698532575275749,False
4,win__ch3000_p75_of_daily_median,0.000431472813943401,False
4,win__ch3000_iqr_of_daily_median,0.0013287435285747051,False
4,win__ch3000_min_of_daily_min,0.002106321509927511,False
4,win__ch3000_max_of_daily_max,0.0015108349034562707,False
4,win__ch3000_range_of_daily_extremes,0.003371658967807889,False
4,win__ch3000_weekday_mean,0.015782879665493965,False
4,win__ch3000_weekend_mean,0.0006251130835153162,False
4,win__ch3000_weekend_minus_weekday,0.005398993846029043,False
4,win__ch3001_observed_days,0.0010704499436542392,False
4,win__ch3001_adequate_days,0.001131886150687933,False
4,win__ch3001_events,0.0024112386163324118,False
4,win__ch3001_span_days,0.00032071812893263996,False
4,win__ch3001_mean_cov_h,0.0011086799204349518,False
4,win__ch3001_mean_hours,0.0008732471615076065,False
4,win__ch3001_events_per_day,0.001231997855938971,False
4,win__ch3001_mean_of_daily_mean,0.0004369722446426749,False
4,win__ch3001_sd_of_daily_mean,0.0036884727887809277,False
4,win__ch3001_mean_of_daily_sd,0.004129574168473482,False
4,win__ch3001_median_of_daily_median,0.0002446830039843917,False
4,win__ch3001_p25_of_daily_median,0.0002421843382762745,False
4,win__ch3001_p75_of_daily_median,0.0004513025050982833,False
4,win__ch3001_iqr_of_daily_median,0.0020145804155617952,False
4,win__ch3001_min_of_daily_min,0.002256162464618683,False
4,win__ch3001_max_of_daily_max,0.001699607353657484,False
4,win__ch3001_range_of_daily_extremes,0.0017594180535525084,False
4,win__ch3001_weekday_mean,0.000687798485159874,False
4,win__ch3001_weekend_mean,0.000988978543318808,False
4,win__ch3001_weekend_minus_weekday,0.0024771580938249826,False
4,win__ch3002_observed_days,0.0009850922506302595,False
4,win__ch3002_adequate_days,0.000919222948141396,False
4,win__ch3002_events,0.0020923505071550608,False
4,win__ch3002_span_days,0.0004210400802548975,False
4,win__ch3002_mean_cov_h,0.0007677355315536261,False
4,win__ch3002_mean_hours,0.00032163760624825954,False
4,win__ch3002_events_per_day,0.0005355518660508096,False
4,win__ch3002_mean_of_daily_mean,0.0005285603692755103,False
4,win__ch3002_sd_of_daily_mean,0.0033780052326619625,False
4,win__ch3002_mean_of_daily_sd,0.0027613940183073282,False
4,win__ch3002_median_of_daily_median,0.0005317438044585288,False
4,win__ch3002_p25_of_daily_median,0.00016023038187995553,False
4,win__ch3002_p75_of_daily_median,0.00020630515064112842,False
4,win__ch3002_iqr_of_daily_median,0.0017154886154457927,False
4,win__ch3002_min_of_daily_min,0.0013372859684750438,False
4,win__ch3002_max_of_daily_max,0.002686773892492056,False
4,win__ch3002_range_of_daily_extremes,0.004021135158836842,False
4,win__ch3002_weekday_mean,0.0004900191561318934,False
4,win__ch3002_weekend_mean,0.0008666991489008069,False
4,win__ch3002_weekend_minus_weekday,0.003750575240701437,False
4,win__overall_events,0.000983999576419592,False
4,win__overall_days,0.00016154533659573644,False
4,win__overall_adequate_channel_days,0.001114375307224691,False
4,win__ch3000_minus_ch3001_mean,0.008629396557807922,False
4,win__ch3000_minus_ch3002_mean,0.01156075019389391,False
4,win__ch3000_tod_night,0.0008526993333362043,False
4,win__ch3000_tod_morning,0.016539640724658966,False
4,win__ch3000_tod_afternoon,0.0027334110345691442,False
4,win__ch3000_tod_evening,0.0016059288755059242,False
4,win__ch3001_tod_night,0.001637942623347044,False
4,win__ch3001_tod_morning,0.0018382002599537373,False
4,win__ch3001_tod_afternoon,0.00132996856700629,False
4,win__ch3001_tod_evening,0.0004644182336051017,False
4,win__ch3002_tod_night,0.0008087597088888288,False
4,win__ch3002_tod_morning,0.0016853156266734004,False
4,win__ch3002_tod_afternoon,0.0026199857238680124,False
4,win__ch3002_tod_evening,0.0004479356575757265,False
4,roll_rec__ch3000_daily_hours_w30_max,0.0010141204111278057,False
4,roll_rec__ch3000_daily_hours_w30_mean,0.001093279104679823,False
4,roll_rec__ch3000_daily_hours_w30_min,0.0023656419944018126,False
4,roll_rec__ch3000_daily_hours_w30_sd,0.0018950329395011067,False
4,roll_rec__ch3000_daily_hours_w30_slope,0.0023080939427018166,False
4,roll_rec__ch3000_daily_hours_w7_max,0.00011977513349847868,False
4,roll_rec__ch3000_daily_hours_w7_mean,0.0014530870830640197,False
4,roll_rec__ch3000_daily_hours_w7_min,0.002607836853712797,False
4,roll_rec__ch3000_daily_hours_w7_sd,0.0046843597665429115,False
4,roll_rec__ch3000_daily_hours_w7_slope,0.001408749958500266,False
4,roll_rec__ch3000_daily_mean_w30_max,0.0017884618137031794,False
4,roll_rec__ch3000_daily_mean_w30_mean,0.009127677418291569,False
4,roll_rec__ch3000_daily_mean_w30_min,0.0026225275360047817,False
4,roll_rec__ch3000_daily_mean_w30_sd,0.0021013887599110603,False
4,roll_rec__ch3000_daily_mean_w30_slope,0.0016370362136512995,False
4,roll_rec__ch3000_daily_mean_w7_max,0.002532650949433446,False
4,roll_rec__ch3000_daily_mean_w7_mean,0.0017034175107255578,False
4,roll_rec__ch3000_daily_mean_w7_min,0.0016187590081244707,False
4,roll_rec__ch3000_daily_mean_w7_sd,0.0027601723559200764,False
4,roll_rec__ch3000_daily_mean_w7_slope,0.0021203667856752872,False
4,roll_rec__ch3000_daily_median_w30_max,0.0016304871533066034,False
4,roll_rec__ch3000_daily_median_w30_mean,0.0018314096378162503,False
4,roll_rec__ch3000_daily_median_w30_min,0.0005733247380703688,False
4,roll_rec__ch3000_daily_median_w30_sd,0.0011865354608744383,False
4,roll_rec__ch3000_daily_median_w30_slope,0.001854893402196467,False
4,roll_rec__ch3000_daily_median_w7_max,0.0013658327516168356,False
4,roll_rec__ch3000_daily_median_w7_mean,0.0017983594443649054,False
4,roll_rec__ch3000_daily_median_w7_min,0.0010416031582280993,False
4,roll_rec__ch3000_daily_median_w7_sd,0.002245189156383276,False
4,roll_rec__ch3000_daily_median_w7_slope,0.0015768494922667742,False
4,roll_rec__ch3000_daily_sd_w30_max,0.0014509442262351513,False
4,roll_rec__ch3000_daily_sd_w30_mean,0.00192544749006629,False
4,roll_rec__ch3000_daily_sd_w30_min,0.004160855431109667,False
4,roll_rec__ch3000_daily_sd_w30_sd,0.0031656615901738405,False
4,roll_rec__ch3000_daily_sd_w30_slope,0.0031881839968264103,False
4,roll_rec__ch3000_daily_sd_w7_max,0.002248699078336358,False
4,roll_rec__ch3000_daily_sd_w7_mean,0.00140291394200176,False
4,roll_rec__ch3000_daily_sd_w7_min,0.0033298518974334,False
4,roll_rec__ch3000_daily_sd_w7_sd,0.006288057193160057,False
4,roll_rec__ch3000_daily_sd_w7_slope,0.0031386439222842455,False
4,roll_rec__ch3001_daily_hours_w30_max,0.0019624140113592148,False
4,roll_rec__ch3001_daily_hours_w30_mean,0.0008083359571173787,False
4,roll_rec__ch3001_daily_hours_w30_min,0.0017694373382255435,False
4,roll_rec__ch3001_daily_hours_w30_sd,0.0026161917485296726,False
4,roll_rec__ch3001_daily_hours_w30_slope,0.0022310579661279917,False
4,roll_rec__ch3001_daily_hours_w7_max,0.0008967586327344179,False
4,roll_rec__ch3001_daily_hours_w7_mean,0.0009636892355047166,False
4,roll_rec__ch3001_daily_hours_w7_min,0.0017635333351790905,False
4,roll_rec__ch3001_daily_hours_w7_sd,0.0017359227640554309,False
4,roll_rec__ch3001_daily_hours_w7_slope,0.0018222255166620016,False
4,roll_rec__ch3001_daily_mean_w30_max,0.00027160218451172113,False
4,roll_rec__ch3001_daily_mean_w30_mean,0.0005159155116416514,False
4,roll_rec__ch3001_daily_mean_w30_min,0.0004943119711242616,False
4,roll_rec__ch3001_daily_mean_w30_sd,0.001792552531696856,False
4,roll_rec__ch3001_daily_mean_w30_slope,0.0014384514652192593,False
4,roll_rec__ch3001_daily_mean_w7_max,0.001176154357381165,False
4,roll_rec__ch3001_daily_mean_w7_mean,0.00014041349641047418,False
4,roll_rec__ch3001_daily_mean_w7_min,0.000736176036298275,False
4,roll_rec__ch3001_daily_mean_w7_sd,0.0015733659965917468,False
4,roll_rec__ch3001_daily_mean_w7_slope,0.0018589505925774574,False
4,roll_rec__ch3001_daily_median_w30_max,0.0008132626535370946,False
4,roll_rec__ch3001_daily_median_w30_mean,0.000685678911395371,False
4,roll_rec__ch3001_daily_median_w30_min,0.0005226925713941455,False
4,roll_rec__ch3001_daily_median_w30_sd,0.002261518267914653,False
4,roll_rec__ch3001_daily_median_w30_slope,0.0010255543747916818,False
4,roll_rec__ch3001_daily_median_w7_max,0.0015587483067065477,False
4,roll_rec__ch3001_daily_median_w7_mean,0.00022624959819950163,False
4,roll_rec__ch3001_daily_median_w7_min,0.0008850788581185043,False
4,roll_rec__ch3001_daily_median_w7_sd,0.0018942125607281923,False
4,roll_rec__ch3001_daily_median_w7_slope,0.0012219279306009412,False
4,roll_rec__ch3001_daily_sd_w30_max,0.008279949426651001,False
4,roll_rec__ch3001_daily_sd_w30_mean,0.004817647859454155,False
4,roll_rec__ch3001_daily_sd_w30_min,0.002602393738925457,False
4,roll_rec__ch3001_daily_sd_w30_sd,0.002176471520215273,False
4,roll_rec__ch3001_daily_sd_w30_slope,0.002391926711425185,False
4,roll_rec__ch3001_daily_sd_w7_max,0.00831326749175787,False
4,roll_rec__ch3001_daily_sd_w7_mean,0.0062268259935081005,False
4,roll_rec__ch3001_daily_sd_w7_min,0.0021563598420470953,False
4,roll_rec__ch3001_daily_sd_w7_sd,0.003909583669155836,False
4,roll_rec__ch3001_daily_sd_w7_slope,0.003091860096901655,False
4,roll_rec__ch3002_daily_hours_w30_max,0.001584340468980372,False
4,roll_rec__ch3002_daily_hours_w30_mean,0.00062627496663481,False
4,roll_rec__ch3002_daily_hours_w30_min,0.0014582759467884898,False
4,roll_rec__ch3002_daily_hours_w30_sd,0.001061048125848174,False
4,roll_rec__ch3002_daily_hours_w30_slope,0.001290716347284615,False
4,roll_rec__ch3002_daily_hours_w7_max,0.0016569452127441764,False
4,roll_rec__ch3002_daily_hours_w7_mean,0.0012839313130825758,False
4,roll_rec__ch3002_daily_hours_w7_min,0.0018482523737475276,False
4,roll_rec__ch3002_daily_hours_w7_sd,0.002291920129209757,False
4,roll_rec__ch3002_daily_hours_w7_slope,0.002672844100743532,False
4,roll_rec__ch3002_daily_mean_w30_max,0.0008372545125894248,False
4,roll_rec__ch3002_daily_mean_w30_mean,0.0003552529087755829,False
4,roll_rec__ch3002_daily_mean_w30_min,0.0005491938791237772,False
4,roll_rec__ch3002_daily_mean_w30_sd,0.0018292329041287303,False
4,roll_rec__ch3002_daily_mean_w30_slope,0.002173333428800106,False
4,roll_rec__ch3002_daily_mean_w7_max,0.0013167249271646142,False
4,roll_rec__ch3002_daily_mean_w7_mean,0.0004490532446652651,False
4,roll_rec__ch3002_daily_mean_w7_min,0.0011428049765527248,False
4,roll_rec__ch3002_daily_mean_w7_sd,0.0009513695258647203,False
4,roll_rec__ch3002_daily_mean_w7_slope,0.002038715872913599,False
4,roll_rec__ch3002_daily_median_w30_max,0.0006423706654459238,False
4,roll_rec__ch3002_daily_median_w30_mean,0.00024027684412430972,False
4,roll_rec__ch3002_daily_median_w30_min,0.0008442821563221514,False
4,roll_rec__ch3002_daily_median_w30_sd,0.001679033157415688,False
4,roll_rec__ch3002_daily_median_w30_slope,0.001370006357319653,False
4,roll_rec__ch3002_daily_median_w7_max,0.0013411554973572493,False
4,roll_rec__ch3002_daily_median_w7_mean,0.0002081990533042699,False
4,roll_rec__ch3002_daily_median_w7_min,0.0017610557842999697,False
4,roll_rec__ch3002_daily_median_w7_sd,0.0017690077656880021,False
4,roll_rec__ch3002_daily_median_w7_slope,0.0017635766416788101,False
4,roll_rec__ch3002_daily_sd_w30_max,0.005561088211834431,False
4,roll_rec__ch3002_daily_sd_w30_mean,0.003337453119456768,False
4,roll_rec__ch3002_daily_sd_w30_min,0.002497671637684107,False
4,roll_rec__ch3002_daily_sd_w30_sd,0.001658712630160153,False
4,roll_rec__ch3002_daily_sd_w30_slope,0.0020408902782946825,False
4,roll_rec__ch3002_daily_sd_w7_max,0.009096077643334866,False
4,roll_rec__ch3002_daily_sd_w7_mean,0.0028765560127794743,False
4,roll_rec__ch3002_daily_sd_w7_min,0.0037628167774528265,False
4,roll_rec__ch3002_daily_sd_w7_sd,0.003869366366416216,False
4,roll_rec__ch3002_daily_sd_w7_slope,0.0026797496248036623,False
4,roll_win__ch3000_daily_hours_w30_max,0.0016856767470017076,False
4,roll_win__ch3000_daily_hours_w30_mean,0.0016460969345644116,False
4,roll_win__ch3000_daily_hours_w30_min,0.001957955537363887,False
4,roll_win__ch3000_daily_hours_w30_sd,0.004143988247960806,False
4,roll_win__ch3000_daily_hours_w30_slope,0.005448902491480112,False
4,roll_win__ch3000_daily_hours_w7_max,0.00013817699800711125,False
4,roll_win__ch3000_daily_hours_w7_mean,0.0017270173411816359,False
4,roll_win__ch3000_daily_hours_w7_min,0.0012412848882377148,False
4,roll_win__ch3000_daily_hours_w7_sd,0.0030834563076496124,False
4,roll_win__ch3000_daily_hours_w7_slope,0.0037177898921072483,False
4,roll_win__ch3000_daily_mean_w30_max,0.0008592652156949043,False
4,roll_win__ch3000_daily_mean_w30_mean,0.0017230039229616523,False
4,roll_win__ch3000_daily_mean_w30_min,0.0008924147696234286,False
4,roll_win__ch3000_daily_mean_w30_sd,0.0032221756409853697,False
4,roll_win__ch3000_daily_mean_w30_slope,0.0020755487494170666,False
4,roll_win__ch3000_daily_mean_w7_max,0.0009301892132498324,False
4,roll_win__ch3000_daily_mean_w7_mean,0.003445297246798873,False
4,roll_win__ch3000_daily_mean_w7_min,0.0009714352781884372,False
4,roll_win__ch3000_daily_mean_w7_sd,0.0023919756058603525,False
4,roll_win__ch3000_daily_mean_w7_slope,0.0019156424095854163,False
4,roll_win__ch3000_daily_median_w30_max,0.0006568912649527192,False
4,roll_win__ch3000_daily_median_w30_mean,0.0009625371894799173,False
4,roll_win__ch3000_daily_median_w30_min,0.000617445504758507,False
4,roll_win__ch3000_daily_median_w30_sd,0.0028720831032842398,False
4,roll_win__ch3000_daily_median_w30_slope,0.0018354931380599737,False
4,roll_win__ch3000_daily_median_w7_max,0.00080462935147807,False
4,roll_win__ch3000_daily_median_w7_mean,0.0004182044940534979,False
4,roll_win__ch3000_daily_median_w7_min,0.0007614160422235727,False
4,roll_win__ch3000_daily_median_w7_sd,0.001318436348810792,False
4,roll_win__ch3000_daily_median_w7_slope,0.0019920843187719584,False
4,roll_win__ch3000_daily_sd_w30_max,0.0018074311083182693,False
4,roll_win__ch3000_daily_sd_w30_mean,0.0018115849234163761,False
4,roll_win__ch3000_daily_sd_w30_min,0.002740543568506837,False
4,roll_win__ch3000_daily_sd_w30_sd,0.003380115143954754,False
4,roll_win__ch3000_daily_sd_w30_slope,0.0038170877378433943,False
4,roll_win__ch3000_daily_sd_w7_max,0.0015866797184571624,False
4,roll_win__ch3000_daily_sd_w7_mean,0.0018078838475048542,False
4,roll_win__ch3000_daily_sd_w7_min,0.005036795046180487,False
4,roll_win__ch3000_daily_sd_w7_sd,0.0057801129296422005,False
4,roll_win__ch3000_daily_sd_w7_slope,0.00436732592061162,False
4,roll_win__ch3001_daily_hours_w30_max,0.0010969646973535419,False
4,roll_win__ch3001_daily_hours_w30_mean,0.000806709926109761,False
4,roll_win__ch3001_daily_hours_w30_min,0.0013397344155237079,False
4,roll_win__ch3001_daily_hours_w30_sd,0.0025526504032313824,False
4,roll_win__ch3001_daily_hours_w30_slope,0.0014381115324795246,False
4,roll_win__ch3001_daily_hours_w7_max,0.0013227906310930848,False
4,roll_win__ch3001_daily_hours_w7_mean,0.0007894547306932509,False
4,roll_win__ch3001_daily_hours_w7_min,0.001203657127916813,False
4,roll_win__ch3001_daily_hours_w7_sd,0.005554554518312216,False
4,roll_win__ch3001_daily_hours_w7_slope,0.0016547603299841285,False
4,roll_win__ch3001_daily_mean_w30_max,0.0007617624360136688,False
4,roll_win__ch3001_daily_mean_w30_mean,0.00023471593158319592,False
4,roll_win__ch3001_daily_mean_w30_min,0.0004994288901798427,False
4,roll_win__ch3001_daily_mean_w30_sd,0.0026650666259229183,False
4,roll_win__ch3001_daily_mean_w30_slope,0.001796166179701686,False
4,roll_win__ch3001_daily_mean_w7_max,0.0011498151579871774,False
4,roll_win__ch3001_daily_mean_w7_mean,0.0003025095211341977,False
4,roll_win__ch3001_daily_mean_w7_min,0.0004053342854604125,False
4,roll_win__ch3001_daily_mean_w7_sd,0.0020258454605937004,False
4,roll_win__ch3001_daily_mean_w7_slope,0.0012386809103190899,False
4,roll_win__ch3001_daily_median_w30_max,0.00044622732093557715,False
4,roll_win__ch3001_daily_median_w30_mean,0.0005416563362814486,False
4,roll_win__ch3001_daily_median_w30_min,0.0004914892488159239,False
4,roll_win__ch3001_daily_median_w30_sd,0.0017107224557548761,False
4,roll_win__ch3001_daily_median_w30_slope,0.0016329380450770259,False
4,roll_win__ch3001_daily_median_w7_max,0.0008399468497373164,False
4,roll_win__ch3001_daily_median_w7_mean,0.00035092682810500264,False
4,roll_win__ch3001_daily_median_w7_min,0.0007334408001042902,False
4,roll_win__ch3001_daily_median_w7_sd,0.0019696929957717657,False
4,roll_win__ch3001_daily_median_w7_slope,0.002208860358223319,False
4,roll_win__ch3001_daily_sd_w30_max,0.0043118498288095,False
4,roll_win__ch3001_daily_sd_w30_mean,0.002985063474625349,False
4,roll_win__ch3001_daily_sd_w30_min,0.002791991690173745,False
4,roll_win__ch3001_daily_sd_w30_sd,0.002044138964265585,False
4,roll_win__ch3001_daily_sd_w30_slope,0.0029225375037640333,False
4,roll_win__ch3001_daily_sd_w7_max,0.002681601792573929,False
4,roll_win__ch3001_daily_sd_w7_mean,0.004073655232787132,False
4,roll_win__ch3001_daily_sd_w7_min,0.003083909163251519,False
4,roll_win__ch3001_daily_sd_w7_sd,0.0037816776894032955,False
4,roll_win__ch3001_daily_sd_w7_slope,0.002304625930264592,False
4,roll_win__ch3002_daily_hours_w30_max,0.0010287229670211673,False
4,roll_win__ch3002_daily_hours_w30_mean,0.0005543370498344302,False
4,roll_win__ch3002_daily_hours_w30_min,0.001382756745442748,False
4,roll_win__ch3002_daily_hours_w30_sd,0.002025088993832469,False
4,roll_win__ch3002_daily_hours_w30_slope,0.00201434432528913,False
4,roll_win__ch3002_daily_hours_w7_max,0.0009483795147389174,False
4,roll_win__ch3002_daily_hours_w7_mean,0.0003659873327706009,False
4,roll_win__ch3002_daily_hours_w7_min,0.0020036918576806784,False
4,roll_win__ch3002_daily_hours_w7_sd,0.005624817684292793,False
4,roll_win__ch3002_daily_hours_w7_slope,0.0016276314854621887,False
4,roll_win__ch3002_daily_mean_w30_max,0.00041458994382992387,False
4,roll_win__ch3002_daily_mean_w30_mean,0.0006442203302867711,False
4,roll_win__ch3002_daily_mean_w30_min,0.0012011340586468577,False
4,roll_win__ch3002_daily_mean_w30_sd,0.0022330558858811855,False
4,roll_win__ch3002_daily_mean_w30_slope,0.0022890230175107718,False
4,roll_win__ch3002_daily_mean_w7_max,0.0008666067733429372,False
4,roll_win__ch3002_daily_mean_w7_mean,0.001033043023198843,False
4,roll_win__ch3002_daily_mean_w7_min,0.0008003399707376957,False
4,roll_win__ch3002_daily_mean_w7_sd,0.0019227935699746013,False
4,roll_win__ch3002_daily_mean_w7_slope,0.0016332229133695364,False
4,roll_win__ch3002_daily_median_w30_max,0.0007968792342580855,False
4,roll_win__ch3002_daily_median_w30_mean,0.0004256686370354146,False
4,roll_win__ch3002_daily_median_w30_min,0.0008472843910567462,False
4,roll_win__ch3002_daily_median_w30_sd,0.0031669747550040483,False
4,roll_win__ch3002_daily_median_w30_slope,0.001977702835574746,False
4,roll_win__ch3002_daily_median_w7_max,0.0010260767303407192,False
4,roll_win__ch3002_daily_median_w7_mean,0.0003468697250355035,False
4,roll_win__ch3002_daily_median_w7_min,0.00164549530018121,False
4,roll_win__ch3002_daily_median_w7_sd,0.0012603894574567676,False
4,roll_win__ch3002_daily_median_w7_slope,0.0017973758513107896,False
4,roll_win__ch3002_daily_sd_w30_max,0.0019103367812931538,False
4,roll_win__ch3002_daily_sd_w30_mean,0.0017086752923205495,False
4,roll_win__ch3002_daily_sd_w30_min,0.0017596883699297905,False
4,roll_win__ch3002_daily_sd_w30_sd,0.0022636624053120613,False
4,roll_win__ch3002_daily_sd_w30_slope,0.002361360937356949,False
4,roll_win__ch3002_daily_sd_w7_max,0.0021727639250457287,False
4,roll_win__ch3002_daily_sd_w7_mean,0.0019882407505065203,False
4,roll_win__ch3002_daily_sd_w7_min,0.0030597650911659002,False
4,roll_win__ch3002_daily_sd_w7_sd,0.0017199240392073989,False
4,roll_win__ch3002_daily_sd_w7_slope,0.0028826138004660606,False
4,cosinor_M,0.012329629622399807,True
4,cosinor_A1,0.0016096228500828147,True
4,cosinor_A2,0.003709687851369381,True
4,cosinor_A3,0.011816832236945629,True
4,cosinor_acro_h,0.003203586209565401,True
4,cosinor_resid_sd,0.004248508717864752,True
4,curve_night_mean,0.00085982377640903,True
4,curve_morning_slope,0.0035450069699436426,True
4,curve_day_night_contrast,0.0012755097122862935,True
4,curve_range,0.002439741278067231,True
4,curve_entropy,0.002294848207384348,True
4,hour_h0,0.0006839465349912643,True
4,hour_h1,0.0006797595997340977,True
4,hour_h2,0.0024597912561148405,True
4,hour_h3,0.0018923525931313634,True
4,hour_h4,0.000869235023856163,True
4,hour_h5,0.0019041247433051467,True
4,hour_h6,0.006203880999237299,True
4,hour_h7,0.007072655949741602,True
4,hour_h8,0.007291389163583517,True
4,hour_h9,0.014889175072312355,True
4,hour_h10,0.007242541294544935,True
4,hour_h11,0.0046789501793682575,True
4,hour_h12,0.002127782441675663,True
4,hour_h13,0.0026879836805164814,True
4,hour_h14,0.005719100125133991,True
4,hour_h15,0.003211284289136529,True
4,hour_h16,0.005358681548386812,True
4,hour_h17,0.0032823814544826746,True
4,hour_h18,0.0021489951759576797,True
4,hour_h19,0.0014429398579522967,True
4,hour_h20,0.002667483640834689,True
4,hour_h21,0.0024529979564249516,True
4,hour_h22,0.0026843748055398464,True
4,hour_h23,0.0013299150159582496,True
4,demo__age_group=Elderly,0.0044489894062280655,False
4,demo__age_group=Middle Ager,0.0006777585949748755,False
4,demo__age_group=Young Adults,0.0008360373903997242,False
4,demo__bmi_grp=normal,0.0006145244115032256,False
4,demo__bmi_grp=obese,2.6444658942637034e-05,False
4,demo__bmi_grp=overweight,0.0005670113023370504,False
5,rec__ch3000_observed_days,0.0007351899403147399,False
5,rec__ch3000_adequate_days,0.00039042497519403696,False
5,rec__ch3000_events,0.0018748214934021235,False
5,rec__ch3000_span_days,0.0017921659164130688,False
5,rec__ch3000_mean_cov_h,0.0013738659908995032,False
5,rec__ch3000_mean_hours,0.0014713240088894963,False
5,rec__ch3000_events_per_day,0.0016261712880805135,False
5,rec__ch3000_mean_of_daily_mean,0.0029889452271163464,False
5,rec__ch3000_sd_of_daily_mean,0.011488078162074089,False
5,rec__ch3000_mean_of_daily_sd,0.0011596239637583494,False
5,rec__ch3000_median_of_daily_median,0.0023929495364427567,False
5,rec__ch3000_p25_of_daily_median,0.0016481925267726183,False
5,rec__ch3000_p75_of_daily_median,0.0003714589402079582,False
5,rec__ch3000_iqr_of_daily_median,0.0008189452928490937,False
5,rec__ch3000_min_of_daily_min,0.001072768005542457,False
5,rec__ch3000_max_of_daily_max,0.004478486254811287,False
5,rec__ch3000_range_of_daily_extremes,0.0043805562891066074,False
5,rec__ch3000_weekday_mean,0.021243546158075333,False
5,rec__ch3000_weekend_mean,0.0009189874399453402,False
5,rec__ch3000_weekend_minus_weekday,0.014682683162391186,False
5,rec__ch3001_observed_days,0.0006880216533318162,False
5,rec__ch3001_adequate_days,0.0010107973357662559,False
5,rec__ch3001_events,0.0009014208917506039,False
5,rec__ch3001_span_days,0.002638339065015316,False
5,rec__ch3001_mean_cov_h,0.0010463861981406808,False
5,rec__ch3001_mean_hours,0.00061270862352103,False
5,rec__ch3001_events_per_day,0.0015446044271811843,False
5,rec__ch3001_mean_of_daily_mean,0.00026260639424435794,False
5,rec__ch3001_sd_of_daily_mean,0.0040803272277116776,False
5,rec__ch3001_mean_of_daily_sd,0.005216311663389206,False
5,rec__ch3001_median_of_daily_median,9.356646478408948e-05,False
5,rec__ch3001_p25_of_daily_median,0.00026265805354341865,False
5,rec__ch3001_p75_of_daily_median,0.00031181366648525,False
5,rec__ch3001_iqr_of_daily_median,0.0006741954130120575,False
5,rec__ch3001_min_of_daily_min,0.0030850707553327084,False
5,rec__ch3001_max_of_daily_max,0.0026862183585762978,False
5,rec__ch3001_range_of_daily_extremes,0.004494743421673775,False
5,rec__ch3001_weekday_mean,0.00035674322862178087,False
5,rec__ch3001_weekend_mean,0.0009725791169330478,False
5,rec__ch3001_weekend_minus_weekday,0.0021698351483792067,False
5,rec__ch3002_observed_days,0.000530185061506927,False
5,rec__ch3002_adequate_days,0.000970054417848587,False
5,rec__ch3002_events,0.0017012913012877107,False
5,rec__ch3002_span_days,0.0018886051839217544,False
5,rec__ch3002_mean_cov_h,0.0004480626666918397,False
5,rec__ch3002_mean_hours,0.0010150914313271642,False
5,rec__ch3002_events_per_day,0.000188737380085513,False
5,rec__ch3002_mean_of_daily_mean,0.0004074104072060436,False
5,rec__ch3002_sd_of_daily_mean,0.006489925552159548,False
5,rec__ch3002_mean_of_daily_sd,0.009482832625508308,False
5,rec__ch3002_median_of_daily_median,0.00012324907584115863,False
5,rec__ch3002_p25_of_daily_median,0.000258291867794469,False
5,rec__ch3002_p75_of_daily_median,0.00026571567286737263,False
5,rec__ch3002_iqr_of_daily_median,0.0009690298466011882,False
5,rec__ch3002_min_of_daily_min,0.001631930354051292,False
5,rec__ch3002_max_of_daily_max,0.0017438112990930676,False
5,rec__ch3002_range_of_daily_extremes,0.002497210865840316,False
5,rec__ch3002_weekday_mean,0.0006751723121851683,False
5,rec__ch3002_weekend_mean,0.0006840327405370772,False
5,rec__ch3002_weekend_minus_weekday,0.003413132391870022,False
5,rec__overall_events,0.0009440647554583848,False
5,rec__overall_days,0.0006975560681894422,False
5,rec__overall_span_days,0.001273344736546278,False
5,rec__overall_adequate_channel_days,0.001772319432348013,False
5,rec__ch3000_minus_ch3001_mean,0.006912315264344215,False
5,rec__ch3000_minus_ch3002_mean,0.008864340372383595,False
5,rec__ch3000_tod_night,0.000730360858142376,False
5,rec__ch3000_tod_morning,0.031537674367427826,False
5,rec__ch3000_tod_afternoon,0.0019259381806477904,False
5,rec__ch3000_tod_evening,0.0010418803431093693,False
5,rec__ch3001_tod_night,0.002809820231050253,False
5,rec__ch3001_tod_morning,0.0017104510916396976,False
5,rec__ch3001_tod_afternoon,0.0014767891261726618,False
5,rec__ch3001_tod_evening,0.0002327607071492821,False
5,rec__ch3002_tod_night,0.0017482194816693664,False
5,rec__ch3002_tod_morning,0.0011781547218561172,False
5,rec__ch3002_tod_afternoon,0.0007100468501448631,False
5,rec__ch3002_tod_evening,0.0006790626794099808,False
5,win__ch3000_observed_days,0.00027557514840736985,False
5,win__ch3000_adequate_days,7.406013901345432e-05,False
5,win__ch3000_events,0.0009969795355573297,False
5,win__ch3000_mean_cov_h,0.0012472920352593064,False
5,win__ch3000_mean_hours,0.0011413940228521824,False
5,win__ch3000_events_per_day,0.0014019558439031243,False
5,win__ch3000_mean_of_daily_mean,0.0004651407653000206,False
5,win__ch3000_sd_of_daily_mean,0.00995539128780365,False
5,win__ch3000_mean_of_daily_sd,0.0017832970479503274,False
5,win__ch3000_median_of_daily_median,0.0004139880184084177,False
5,win__ch3000_p25_of_daily_median,0.0004396478761918843,False
5,win__ch3000_p75_of_daily_median,0.0002724382793530822,False
5,win__ch3000_iqr_of_daily_median,0.0014113712823018432,False
5,win__ch3000_min_of_daily_min,0.0019753577653318644,False
5,win__ch3000_max_of_daily_max,0.003116594860330224,False
5,win__ch3000_range_of_daily_extremes,0.0033795826602727175,False
5,win__ch3000_weekday_mean,0.004817283246666193,False
5,win__ch3000_weekend_mean,0.0012246152618899941,False
5,win__ch3000_weekend_minus_weekday,0.010526815429329872,False
5,win__ch3001_observed_days,0.000998281640931964,False
5,win__ch3001_adequate_days,0.0006659263744950294,False
5,win__ch3001_events,0.0011736699379980564,False
5,win__ch3001_span_days,0.00029519142117351294,False
5,win__ch3001_mean_cov_h,0.0012836806708946824,False
5,win__ch3001_mean_hours,0.0006300896056927741,False
5,win__ch3001_events_per_day,0.0011583799496293068,False
5,win__ch3001_mean_of_daily_mean,0.00040567375253885984,False
5,win__ch3001_sd_of_daily_mean,0.004980354104191065,False
5,win__ch3001_mean_of_daily_sd,0.003029418643563986,False
5,win__ch3001_median_of_daily_median,0.00022207509027794003,False
5,win__ch3001_p25_of_daily_median,2.851223825928173e-06,False
5,win__ch3001_p75_of_daily_median,0.00016454700380563736,False
5,win__ch3001_iqr_of_daily_median,0.0014692198019474745,False
5,win__ch3001_min_of_daily_min,0.002062478568404913,False
5,win__ch3001_max_of_daily_max,0.002063661813735962,False
5,win__ch3001_range_of_daily_extremes,0.0012253852328285575,False
5,win__ch3001_weekday_mean,0.0007418092573061585,False
5,win__ch3001_weekend_mean,0.0008795306785032153,False
5,win__ch3001_weekend_minus_weekday,0.0018427609466016293,False
5,win__ch3002_observed_days,0.0011249148519709706,False
5,win__ch3002_adequate_days,0.0009065527119673789,False
5,win__ch3002_events,0.002088248496875167,False
5,win__ch3002_span_days,0.0001405999209964648,False
5,win__ch3002_mean_cov_h,0.0003032709355466068,False
5,win__ch3002_mean_hours,0.0006029189098626375,False
5,win__ch3002_events_per_day,0.0013235092628747225,False
5,win__ch3002_mean_of_daily_mean,0.00044170484761707485,False
5,win__ch3002_sd_of_daily_mean,0.00570742366835475,False
5,win__ch3002_mean_of_daily_sd,0.0039829593151807785,False
5,win__ch3002_median_of_daily_median,5.454679921967909e-05,False
5,win__ch3002_p25_of_daily_median,0.00037937003071419895,False
5,win__ch3002_p75_of_daily_median,0.0005573221715167165,False
5,win__ch3002_iqr_of_daily_median,0.0019078872865065932,False
5,win__ch3002_min_of_daily_min,0.0014827896375209093,False
5,win__ch3002_max_of_daily_max,0.002045947825536132,False
5,win__ch3002_range_of_daily_extremes,0.00216679903678596,False
5,win__ch3002_weekday_mean,0.0004700170538853854,False
5,win__ch3002_weekend_mean,0.00110415939707309,False
5,win__ch3002_weekend_minus_weekday,0.003162533510476351,False
5,win__overall_events,0.0013271472416818142,False
5,win__overall_days,4.1174847865477204e-05,False
5,win__overall_adequate_channel_days,0.0007297602132894099,False
5,win__ch3000_minus_ch3001_mean,0.007264521438628435,False
5,win__ch3000_minus_ch3002_mean,0.009126304648816586,False
5,win__ch3000_tod_night,0.0010960405925288796,False
5,win__ch3000_tod_morning,0.006552602164447308,False
5,win__ch3000_tod_afternoon,0.006990428082644939,False
5,win__ch3000_tod_evening,0.0017521633999422193,False
5,win__ch3001_tod_night,0.0010702530853450298,False
5,win__ch3001_tod_morning,0.0026050100568681955,False
5,win__ch3001_tod_afternoon,0.0021518615540117025,False
5,win__ch3001_tod_evening,0.0013469416880980134,False
5,win__ch3002_tod_night,0.0012776609510183334,False
5,win__ch3002_tod_morning,0.0019226130098104477,False
5,win__ch3002_tod_afternoon,0.0020635228138417006,False
5,win__ch3002_tod_evening,0.0008109977934509516,False
5,roll_rec__ch3000_daily_hours_w30_max,0.0008953332435339689,False
5,roll_rec__ch3000_daily_hours_w30_mean,0.0013997884234413505,False
5,roll_rec__ch3000_daily_hours_w30_min,0.0021198855247348547,False
5,roll_rec__ch3000_daily_hours_w30_sd,0.0023620757274329662,False
5,roll_rec__ch3000_daily_hours_w30_slope,0.0019782758317887783,False
5,roll_rec__ch3000_daily_hours_w7_max,0.0002581303415354341,False
5,roll_rec__ch3000_daily_hours_w7_mean,0.0020576033275574446,False
5,roll_rec__ch3000_daily_hours_w7_min,0.001683354377746582,False
5,roll_rec__ch3000_daily_hours_w7_sd,0.0024794558994472027,False
5,roll_rec__ch3000_daily_hours_w7_slope,0.0019984415266662836,False
5,roll_rec__ch3000_daily_mean_w30_max,0.0031603232491761446,False
5,roll_rec__ch3000_daily_mean_w30_mean,0.0011304729850962758,False
5,roll_rec__ch3000_daily_mean_w30_min,0.001974338199943304,False
5,roll_rec__ch3000_daily_mean_w30_sd,0.0013222935376688838,False
5,roll_rec__ch3000_daily_mean_w30_slope,0.0018468344351276755,False
5,roll_rec__ch3000_daily_mean_w7_max,0.0023579418193548918,False
5,roll_rec__ch3000_daily_mean_w7_mean,0.0026179091073572636,False
5,roll_rec__ch3000_daily_mean_w7_min,0.002873858204111457,False
5,roll_rec__ch3000_daily_mean_w7_sd,0.0016477322205901146,False
5,roll_rec__ch3000_daily_mean_w7_slope,0.0015957625582814217,False
5,roll_rec__ch3000_daily_median_w30_max,0.000973667367361486,False
5,roll_rec__ch3000_daily_median_w30_mean,0.0018472080118954182,False
5,roll_rec__ch3000_daily_median_w30_min,0.0017636812990531325,False
5,roll_rec__ch3000_daily_median_w30_sd,0.002037145895883441,False
5,roll_rec__ch3000_daily_median_w30_slope,0.0011053129564970732,False
5,roll_rec__ch3000_daily_median_w7_max,0.0014081491390243173,False
5,roll_rec__ch3000_daily_median_w7_mean,0.000399173644836992,False
5,roll_rec__ch3000_daily_median_w7_min,0.0007280595600605011,False
5,roll_rec__ch3000_daily_median_w7_sd,0.0017299684695899487,False
5,roll_rec__ch3000_daily_median_w7_slope,0.0018668578704819083,False
5,roll_rec__ch3000_daily_sd_w30_max,0.0032019871287047863,False
5,roll_rec__ch3000_daily_sd_w30_mean,0.0015143383061513305,False
5,roll_rec__ch3000_daily_sd_w30_min,0.002631391864269972,False
5,roll_rec__ch3000_daily_sd_w30_sd,0.005655401386320591,False
5,roll_rec__ch3000_daily_sd_w30_slope,0.0018747092690318823,False
5,roll_rec__ch3000_daily_sd_w7_max,0.002078321063891053,False
5,roll_rec__ch3000_daily_sd_w7_mean,0.0020816533360630274,False
5,roll_rec__ch3000_daily_sd_w7_min,0.00317482091486454,False
5,roll_rec__ch3000_daily_sd_w7_sd,0.007160204462707043,False
5,roll_rec__ch3000_daily_sd_w7_slope,0.0023846719413995743,False
5,roll_rec__ch3001_daily_hours_w30_max,0.0015033670933917165,False
5,roll_rec__ch3001_daily_hours_w30_mean,0.0006336636724881828,False
5,roll_rec__ch3001_daily_hours_w30_min,0.001017318689264357,False
5,roll_rec__ch3001_daily_hours_w30_sd,0.0012112465919926763,False
5,roll_rec__ch3001_daily_hours_w30_slope,0.002766626887023449,False
5,roll_rec__ch3001_daily_hours_w7_max,0.0013009407557547092,False
5,roll_rec__ch3001_daily_hours_w7_mean,0.0013615740463137627,False
5,roll_rec__ch3001_daily_hours_w7_min,0.00106616981793195,False
5,roll_rec__ch3001_daily_hours_w7_sd,0.0022062358912080526,False
5,roll_rec__ch3001_daily_hours_w7_slope,0.0016145536210387945,False
5,roll_rec__ch3001_daily_mean_w30_max,0.0008429312729276717,False
5,roll_rec__ch3001_daily_mean_w30_mean,0.0003055187116842717,False
5,roll_rec__ch3001_daily_mean_w30_min,0.0005723697831854224,False
5,roll_rec__ch3001_daily_mean_w30_sd,0.0015892900992184877,False
5,roll_rec__ch3001_daily_mean_w30_slope,0.001694459468126297,False
5,roll_rec__ch3001_daily_mean_w7_max,0.0005259640165604651,False
5,roll_rec__ch3001_daily_mean_w7_mean,9.378253162140027e-05,False
5,roll_rec__ch3001_daily_mean_w7_min,0.0009185280650854111,False
5,roll_rec__ch3001_daily_mean_w7_sd,0.0018074751133099198,False
5,roll_rec__ch3001_daily_mean_w7_slope,0.0025930628180503845,False
5,roll_rec__ch3001_daily_median_w30_max,0.001251324894838035,False
5,roll_rec__ch3001_daily_median_w30_mean,0.00034883469925262034,False
5,roll_rec__ch3001_daily_median_w30_min,0.0007833547424525023,False
5,roll_rec__ch3001_daily_median_w30_sd,0.0010972543386742473,False
5,roll_rec__ch3001_daily_median_w30_slope,0.0018704142421483994,False
5,roll_rec__ch3001_daily_median_w7_max,0.0015010300558060408,False
5,roll_rec__ch3001_daily_median_w7_mean,0.0004430548578966409,False
5,roll_rec__ch3001_daily_median_w7_min,0.0011785115348175168,False
5,roll_rec__ch3001_daily_median_w7_sd,0.0011017791694030166,False
5,roll_rec__ch3001_daily_median_w7_slope,0.0016334668034687638,False
5,roll_rec__ch3001_daily_sd_w30_max,0.005739007145166397,False
5,roll_rec__ch3001_daily_sd_w30_mean,0.00308605981990695,False
5,roll_rec__ch3001_daily_sd_w30_min,0.0021338926162570715,False
5,roll_rec__ch3001_daily_sd_w30_sd,0.00204616435803473,False
5,roll_rec__ch3001_daily_sd_w30_slope,0.0027391628827899694,False
5,roll_rec__ch3001_daily_sd_w7_max,0.01042571384459734,False
5,roll_rec__ch3001_daily_sd_w7_mean,0.002512165578082204,False
5,roll_rec__ch3001_daily_sd_w7_min,0.003742751432582736,False
5,roll_rec__ch3001_daily_sd_w7_sd,0.004076916258782148,False
5,roll_rec__ch3001_daily_sd_w7_slope,0.0027464507147669792,False
5,roll_rec__ch3002_daily_hours_w30_max,0.002788226818665862,False
5,roll_rec__ch3002_daily_hours_w30_mean,0.0005478731472976506,False
5,roll_rec__ch3002_daily_hours_w30_min,0.0014358044136315584,False
5,roll_rec__ch3002_daily_hours_w30_sd,0.0020288019441068172,False
5,roll_rec__ch3002_daily_hours_w30_slope,0.002170608378946781,False
5,roll_rec__ch3002_daily_hours_w7_max,0.0013263252330943942,False
5,roll_rec__ch3002_daily_hours_w7_mean,0.0006421426660381258,False
5,roll_rec__ch3002_daily_hours_w7_min,0.0016155000776052475,False
5,roll_rec__ch3002_daily_hours_w7_sd,0.001790568814612925,False
5,roll_rec__ch3002_daily_hours_w7_slope,0.002330075018107891,False
5,roll_rec__ch3002_daily_mean_w30_max,0.0008475864306092262,False
5,roll_rec__ch3002_daily_mean_w30_mean,0.00014034114428795874,False
5,roll_rec__ch3002_daily_mean_w30_min,0.0005973659572191536,False
5,roll_rec__ch3002_daily_mean_w30_sd,0.0018028704216703773,False
5,roll_rec__ch3002_daily_mean_w30_slope,0.0009066949132829905,False
5,roll_rec__ch3002_daily_mean_w7_max,0.0011476711370050907,False
5,roll_rec__ch3002_daily_mean_w7_mean,0.00019327369227539748,False
5,roll_rec__ch3002_daily_mean_w7_min,0.0011694206623360515,False
5,roll_rec__ch3002_daily_mean_w7_sd,0.002017168328166008,False
5,roll_rec__ch3002_daily_mean_w7_slope,0.0011999835260212421,False
5,roll_rec__ch3002_daily_median_w30_max,0.000852719706017524,False
5,roll_rec__ch3002_daily_median_w30_mean,0.00031479602330364287,False
5,roll_rec__ch3002_daily_median_w30_min,0.0005942345596849918,False
5,roll_rec__ch3002_daily_median_w30_sd,0.0020421361550688744,False
5,roll_rec__ch3002_daily_median_w30_slope,0.0013583884574472904,False
5,roll_rec__ch3002_daily_median_w7_max,0.0017825373215600848,False
5,roll_rec__ch3002_daily_median_w7_mean,0.0001058216585079208,False
5,roll_rec__ch3002_daily_median_w7_min,0.002216363325715065,False
5,roll_rec__ch3002_daily_median_w7_sd,0.0015407843748107553,False
5,roll_rec__ch3002_daily_median_w7_slope,0.0011082848068326712,False
5,roll_rec__ch3002_daily_sd_w30_max,0.004579777829349041,False
5,roll_rec__ch3002_daily_sd_w30_mean,0.004354250617325306,False
5,roll_rec__ch3002_daily_sd_w30_min,0.003090590937063098,False
5,roll_rec__ch3002_daily_sd_w30_sd,0.002427074359729886,False
5,roll_rec__ch3002_daily_sd_w30_slope,0.003129570512101054,False
5,roll_rec__ch3002_daily_sd_w7_max,0.013688813894987106,False
5,roll_rec__ch3002_daily_sd_w7_mean,0.004208504222333431,False
5,roll_rec__ch3002_daily_sd_w7_min,0.0019251188496127725,False
5,roll_rec__ch3002_daily_sd_w7_sd,0.0061506787315011024,False
5,roll_rec__ch3002_daily_sd_w7_slope,0.0021795653738081455,False
5,roll_win__ch3000_daily_hours_w30_max,0.0011007754364982247,False
5,roll_win__ch3000_daily_hours_w30_mean,0.0016569726867601275,False
5,roll_win__ch3000_daily_hours_w30_min,0.001901926938444376,False
5,roll_win__ch3000_daily_hours_w30_sd,0.00429970258846879,False
5,roll_win__ch3000_daily_hours_w30_slope,0.003081801813095808,False
5,roll_win__ch3000_daily_hours_w7_max,8.319814514834434e-05,False
5,roll_win__ch3000_daily_hours_w7_mean,0.0018044072203338146,False
5,roll_win__ch3000_daily_hours_w7_min,0.0013432453852146864,False
5,roll_win__ch3000_daily_hours_w7_sd,0.002180896932259202,False
5,roll_win__ch3000_daily_hours_w7_slope,0.0029588143806904554,False
5,roll_win__ch3000_daily_mean_w30_max,0.0013642816338688135,False
5,roll_win__ch3000_daily_mean_w30_mean,0.0006926881615072489,False
5,roll_win__ch3000_daily_mean_w30_min,0.0007246303139254451,False
5,roll_win__ch3000_daily_mean_w30_sd,0.0027575488202273846,False
5,roll_win__ch3000_daily_mean_w30_slope,0.0023239883594214916,False
5,roll_win__ch3000_daily_mean_w7_max,0.0021663284860551357,False
5,roll_win__ch3000_daily_mean_w7_mean,9.45088904700242e-05,False
5,roll_win__ch3000_daily_mean_w7_min,0.005950337741523981,False
5,roll_win__ch3000_daily_mean_w7_sd,0.0018942150054499507,False
5,roll_win__ch3000_daily_mean_w7_slope,0.0015893821837380528,False
5,roll_win__ch3000_daily_median_w30_max,0.0003044053155463189,False
5,roll_win__ch3000_daily_median_w30_mean,0.0005371710285544395,False
5,roll_win__ch3000_daily_median_w30_min,0.0004751649685204029,False
5,roll_win__ch3000_daily_median_w30_sd,0.001769669004715979,False
5,roll_win__ch3000_daily_median_w30_slope,0.002204339252784848,False
5,roll_win__ch3000_daily_median_w7_max,0.001379390712827444,False
5,roll_win__ch3000_daily_median_w7_mean,0.00038327756919898093,False
5,roll_win__ch3000_daily_median_w7_min,0.001187750487588346,False
5,roll_win__ch3000_daily_median_w7_sd,0.0031096453312784433,False
5,roll_win__ch3000_daily_median_w7_slope,0.0028018306475132704,False
5,roll_win__ch3000_daily_sd_w30_max,0.000844786933157593,False
5,roll_win__ch3000_daily_sd_w30_mean,0.0019428539089858532,False
5,roll_win__ch3000_daily_sd_w30_min,0.003353122854605317,False
5,roll_win__ch3000_daily_sd_w30_sd,0.005078385584056377,False
5,roll_win__ch3000_daily_sd_w30_slope,0.0023857818450778723,False
5,roll_win__ch3000_daily_sd_w7_max,0.0012172255665063858,False
5,roll_win__ch3000_daily_sd_w7_mean,0.0016017749439924955,False
5,roll_win__ch3000_daily_sd_w7_min,0.006104534026235342,False
5,roll_win__ch3000_daily_sd_w7_sd,0.007840137928724289,False
5,roll_win__ch3000_daily_sd_w7_slope,0.0030003238935023546,False
5,roll_win__ch3001_daily_hours_w30_max,0.0008490282343700528,False
5,roll_win__ch3001_daily_hours_w30_mean,0.0008237613365054131,False
5,roll_win__ch3001_daily_hours_w30_min,0.001470874180085957,False
5,roll_win__ch3001_daily_hours_w30_sd,0.0019316567340865731,False
5,roll_win__ch3001_daily_hours_w30_slope,0.0019277451792731881,False
5,roll_win__ch3001_daily_hours_w7_max,0.001557526527903974,False
5,roll_win__ch3001_daily_hours_w7_mean,0.0007642157725058496,False
5,roll_win__ch3001_daily_hours_w7_min,0.0017370207933709025,False
5,roll_win__ch3001_daily_hours_w7_sd,0.005589659791439772,False
5,roll_win__ch3001_daily_hours_w7_slope,0.003191164927557111,False
5,roll_win__ch3001_daily_mean_w30_max,0.00029010401340201497,False
5,roll_win__ch3001_daily_mean_w30_mean,0.00046591839054599404,False
5,roll_win__ch3001_daily_mean_w30_min,0.0006402860744856298,False
5,roll_win__ch3001_daily_mean_w30_sd,0.0022824076004326344,False
5,roll_win__ch3001_daily_mean_w30_slope,0.002359554171562195,False
5,roll_win__ch3001_daily_mean_w7_max,0.0011512930504977703,False
5,roll_win__ch3001_daily_mean_w7_mean,0.0004335498088039458,False
5,roll_win__ch3001_daily_mean_w7_min,0.0005965351010672748,False
5,roll_win__ch3001_daily_mean_w7_sd,0.002445223508402705,False
5,roll_win__ch3001_daily_mean_w7_slope,0.0011841733939945698,False
5,roll_win__ch3001_daily_median_w30_max,0.0005283469217829406,False
5,roll_win__ch3001_daily_median_w30_mean,0.0005102335708215833,False
5,roll_win__ch3001_daily_median_w30_min,0.0004890523850917816,False
5,roll_win__ch3001_daily_median_w30_sd,0.0015020968858152628,False
5,roll_win__ch3001_daily_median_w30_slope,0.0026533298660069704,False
5,roll_win__ch3001_daily_median_w7_max,0.0013056389288976789,False
5,roll_win__ch3001_daily_median_w7_mean,0.00014276261208578944,False
5,roll_win__ch3001_daily_median_w7_min,0.0012000303249806166,False
5,roll_win__ch3001_daily_median_w7_sd,0.00213765655644238,False
5,roll_win__ch3001_daily_median_w7_slope,0.002022199332714081,False
5,roll_win__ch3001_daily_sd_w30_max,0.005209807772189379,False
5,roll_win__ch3001_daily_sd_w30_mean,0.0032415613532066345,False
5,roll_win__ch3001_daily_sd_w30_min,0.0024210019037127495,False
5,roll_win__ch3001_daily_sd_w30_sd,0.0029009717982262373,False
5,roll_win__ch3001_daily_sd_w30_slope,0.0027235988527536392,False
5,roll_win__ch3001_daily_sd_w7_max,0.007043888326734304,False
5,roll_win__ch3001_daily_sd_w7_mean,0.002865535207092762,False
5,roll_win__ch3001_daily_sd_w7_min,0.00342466589063406,False
5,roll_win__ch3001_daily_sd_w7_sd,0.004764019977301359,False
5,roll_win__ch3001_daily_sd_w7_slope,0.0032506531570106745,False
5,roll_win__ch3002_daily_hours_w30_max,0.0006809387123212218,False
5,roll_win__ch3002_daily_hours_w30_mean,0.0012334790080785751,False
5,roll_win__ch3002_daily_hours_w30_min,0.0013894783332943916,False
5,roll_win__ch3002_daily_hours_w30_sd,0.001962854992598295,False
5,roll_win__ch3002_daily_hours_w30_slope,0.002927568508312106,False
5,roll_win__ch3002_daily_hours_w7_max,0.0007473883451893926,False
5,roll_win__ch3002_daily_hours_w7_mean,0.0008521115523763001,False
5,roll_win__ch3002_daily_hours_w7_min,0.0026659956201910973,False
5,roll_win__ch3002_daily_hours_w7_sd,0.005642738658934832,False
5,roll_win__ch3002_daily_hours_w7_slope,0.0027708394918590784,False
5,roll_win__ch3002_daily_mean_w30_max,0.000201313741854392,False
5,roll_win__ch3002_daily_mean_w30_mean,0.00045246764784678817,False
5,roll_win__ch3002_daily_mean_w30_min,0.0012888713972643018,False
5,roll_win__ch3002_daily_mean_w30_sd,0.001946816104464233,False
5,roll_win__ch3002_daily_mean_w30_slope,0.0017490963218733668,False
5,roll_win__ch3002_daily_mean_w7_max,0.0012182676000520587,False
5,roll_win__ch3002_daily_mean_w7_mean,4.322132735978812e-05,False
5,roll_win__ch3002_daily_mean_w7_min,0.00040863966569304466,False
5,roll_win__ch3002_daily_mean_w7_sd,0.0009558603051118553,False
5,roll_win__ch3002_daily_mean_w7_slope,0.0015345850260928273,False
5,roll_win__ch3002_daily_median_w30_max,0.0005495907971635461,False
5,roll_win__ch3002_daily_median_w30_mean,0.0006614396697841585,False
5,roll_win__ch3002_daily_median_w30_min,0.0009225665708072484,False
5,roll_win__ch3002_daily_median_w30_sd,0.002753739943727851,False
5,roll_win__ch3002_daily_median_w30_slope,0.002429254585877061,False
5,roll_win__ch3002_daily_median_w7_max,0.0012670225696638227,False
5,roll_win__ch3002_daily_median_w7_mean,0.0003348886966705322,False
5,roll_win__ch3002_daily_median_w7_min,0.0005470387986861169,False
5,roll_win__ch3002_daily_median_w7_sd,0.0017767385579645634,False
5,roll_win__ch3002_daily_median_w7_slope,0.0016996776685118675,False
5,roll_win__ch3002_daily_sd_w30_max,0.0018991889664903283,False
5,roll_win__ch3002_daily_sd_w30_mean,0.002577743725851178,False
5,roll_win__ch3002_daily_sd_w30_min,0.0017951539484784007,False
5,roll_win__ch3002_daily_sd_w30_sd,0.002973416121676564,False
5,roll_win__ch3002_daily_sd_w30_slope,0.0026608940679579973,False
5,roll_win__ch3002_daily_sd_w7_max,0.0030331953894346952,False
5,roll_win__ch3002_daily_sd_w7_mean,0.0023474721238017082,False
5,roll_win__ch3002_daily_sd_w7_min,0.0015496124979108572,False
5,roll_win__ch3002_daily_sd_w7_sd,0.0046189711429178715,False
5,roll_win__ch3002_daily_sd_w7_slope,0.004127828869968653,False
5,cosinor_M,0.0034414641559123993,True
5,cosinor_A1,0.0020495608914643526,True
5,cosinor_A2,0.0037529345136135817,True
5,cosinor_A3,0.012332945130765438,True
5,cosinor_acro_h,0.002494779182597995,True
5,cosinor_resid_sd,0.0040939426980912685,True
5,curve_night_mean,0.0006578032043762505,True
5,curve_morning_slope,0.00418110704049468,True
5,curve_day_night_contrast,0.0023441766388714314,True
5,curve_range,0.0023131496272981167,True
5,curve_entropy,0.002793132560327649,True
5,hour_h0,0.0012569116661325097,True
5,hour_h1,0.001406978815793991,True
5,hour_h2,0.0025458927266299725,True
5,hour_h3,0.0011405914556235075,True
5,hour_h4,0.0038970820605754852,True
5,hour_h5,0.0022733090445399284,True
5,hour_h6,0.0029798622708767653,True
5,hour_h7,0.004236371256411076,True
5,hour_h8,0.013225462287664413,True
5,hour_h9,0.02122112549841404,True
5,hour_h10,0.009954402223229408,True
5,hour_h11,0.003319584531709552,True
5,hour_h12,0.0054485369473695755,True
5,hour_h13,0.0044066766276955605,True
5,hour_h14,0.007928140461444855,True
5,hour_h15,0.003833170048892498,True
5,hour_h16,0.0038308678194880486,True
5,hour_h17,0.0041754767298698425,True
5,hour_h18,0.0015003383159637451,True
5,hour_h19,0.0034382592421025038,True
5,hour_h20,0.0023550742771476507,True
5,hour_h21,0.0013566866982728243,True
5,hour_h22,0.001556692412123084,True
5,hour_h23,0.0010560461087152362,True
5,demo__age_group=Elderly,0.004166667349636555,False
5,demo__age_group=Middle Ager,5.9910929849138483e-05,False
5,demo__age_group=Young Adults,0.001253550872206688,False
5,demo__bmi_grp=normal,0.0006824687006883323,False
5,demo__bmi_grp=obese,0.00024231948191300035,False
5,demo__bmi_grp=overweight,0.0003281220851931721,False
6,rec__ch3000_observed_days,0.0011211213422939181,False
6,rec__ch3000_adequate_days,0.0012785318540409207,False
6,rec__ch3000_events,0.0014640206936746836,False
6,rec__ch3000_span_days,0.0014758910983800888,False
6,rec__ch3000_mean_cov_h,0.002202222589403391,False
6,rec__ch3000_mean_hours,0.0005323967197909951,False
6,rec__ch3000_events_per_day,0.000897453457582742,False
6,rec__ch3000_mean_of_daily_mean,0.0017479201778769493,False
6,rec__ch3000_sd_of_daily_mean,0.005769488401710987,False
6,rec__ch3000_mean_of_daily_sd,0.0013267943868413568,False
6,rec__ch3000_median_of_daily_median,0.0,False
6,rec__ch3000_p25_of_daily_median,0.0034699721727520227,False
6,rec__ch3000_p75_of_daily_median,0.00014844894758425653,False
6,rec__ch3000_iqr_of_daily_median,0.0013365205377340317,False
6,rec__ch3000_min_of_daily_min,0.0024854326620697975,False
6,rec__ch3000_max_of_daily_max,0.004151592962443829,False
6,rec__ch3000_range_of_daily_extremes,0.005859368480741978,False
6,rec__ch3000_weekday_mean,0.024438953027129173,False
6,rec__ch3000_weekend_mean,0.000576947582885623,False
6,rec__ch3000_weekend_minus_weekday,0.012368959374725819,False
6,rec__ch3001_observed_days,0.0005708186654374003,False
6,rec__ch3001_adequate_days,0.0014215114060789347,False
6,rec__ch3001_events,0.0016463783103972673,False
6,rec__ch3001_span_days,0.0016608189325779676,False
6,rec__ch3001_mean_cov_h,0.0013726158067584038,False
6,rec__ch3001_mean_hours,0.00044182417332194746,False
6,rec__ch3001_events_per_day,0.001479991478845477,False
6,rec__ch3001_mean_of_daily_mean,0.00010041328641818836,False
6,rec__ch3001_sd_of_daily_mean,0.0023580838460475206,False
6,rec__ch3001_mean_of_daily_sd,0.007331237196922302,False
6,rec__ch3001_median_of_daily_median,0.0,False
6,rec__ch3001_p25_of_daily_median,0.00020445835252758116,False
6,rec__ch3001_p75_of_daily_median,0.00011723066563718021,False
6,rec__ch3001_iqr_of_daily_median,0.0008200533338822424,False
6,rec__ch3001_min_of_daily_min,0.002785282675176859,False
6,rec__ch3001_max_of_daily_max,0.0020488027948886156,False
6,rec__ch3001_range_of_daily_extremes,0.006604630500078201,False
6,rec__ch3001_weekday_mean,0.0006957321893423796,False
6,rec__ch3001_weekend_mean,0.0005429398152045906,False
6,rec__ch3001_weekend_minus_weekday,0.0025902746710926294,False
6,rec__ch3002_observed_days,0.0009425903554074466,False
6,rec__ch3002_adequate_days,0.0011928451713174582,False
6,rec__ch3002_events,0.002448621904477477,False
6,rec__ch3002_span_days,0.002403576858341694,False
6,rec__ch3002_mean_cov_h,0.0005693346029147506,False
6,rec__ch3002_mean_hours,0.0007403415511362255,False
6,rec__ch3002_events_per_day,0.0007575199124403298,False
6,rec__ch3002_mean_of_daily_mean,8.53856079174875e-07,False
6,rec__ch3002_sd_of_daily_mean,0.004408631939440966,False
6,rec__ch3002_mean_of_daily_sd,0.006319192238152027,False
6,rec__ch3002_median_of_daily_median,0.0001847024541348219,False
6,rec__ch3002_p25_of_daily_median,8.328831956959682e-19,False
6,rec__ch3002_p75_of_daily_median,6.486058055088506e-07,False
6,rec__ch3002_iqr_of_daily_median,0.0012794832000508904,False
6,rec__ch3002_min_of_daily_min,0.001667691394686699,False
6,rec__ch3002_max_of_daily_max,0.0022858320735394955,False
6,rec__ch3002_range_of_daily_extremes,0.005020237527787685,False
6,rec__ch3002_weekday_mean,0.00038966097054071724,False
6,rec__ch3002_weekend_mean,0.0012588708195835352,False
6,rec__ch3002_weekend_minus_weekday,0.004243991803377867,False
6,rec__overall_events,0.0012897825799882412,False
6,rec__overall_days,0.0008758820476941764,False
6,rec__overall_span_days,0.001072694081813097,False
6,rec__overall_adequate_channel_days,0.0011136482935398817,False
6,rec__ch3000_minus_ch3001_mean,0.010654507204890251,False
6,rec__ch3000_minus_ch3002_mean,0.014549678191542625,False
6,rec__ch3000_tod_night,0.0005776642938144505,False
6,rec__ch3000_tod_morning,0.017946278676390648,False
6,rec__ch3000_tod_afternoon,0.0020499227102845907,False
6,rec__ch3000_tod_evening,0.0009256858029402792,False
6,rec__ch3001_tod_night,0.010329172015190125,False
6,rec__ch3001_tod_morning,0.0018404264701530337,False
6,rec__ch3001_tod_afternoon,0.001064921380020678,False
6,rec__ch3001_tod_evening,0.00044081881060265005,False
6,rec__ch3002_tod_night,0.00329426652751863,False
6,rec__ch3002_tod_morning,0.001447121612727642,False
6,rec__ch3002_tod_afternoon,0.0013420999748632312,False
6,rec__ch3002_tod_evening,0.0012682012747973204,False
6,win__ch3000_observed_days,5.24680654052645e-05,False
6,win__ch3000_adequate_days,0.00020404464157763869,False
6,win__ch3000_events,0.0010304260067641735,False
6,win__ch3000_mean_cov_h,0.0019977702759206295,False
6,win__ch3000_mean_hours,0.001297887065447867,False
6,win__ch3000_events_per_day,0.0010455531300976872,False
6,win__ch3000_mean_of_daily_mean,0.0014291577972471714,False
6,win__ch3000_sd_of_daily_mean,0.008933907374739647,False
6,win__ch3000_mean_of_daily_sd,0.0022811295930296183,False
6,win__ch3000_median_of_daily_median,0.0012226554099470377,False
6,win__ch3000_p25_of_daily_median,0.00024236876924987882,False
6,win__ch3000_p75_of_daily_median,7.830846880096942e-05,False
6,win__ch3000_iqr_of_daily_median,0.0012206718092784286,False
6,win__ch3000_min_of_daily_min,0.0034630035515874624,False
6,win__ch3000_max_of_daily_max,0.003212936455383897,False
6,win__ch3000_range_of_daily_extremes,0.002949697198346257,False
6,win__ch3000_weekday_mean,0.016215220093727112,False
6,win__ch3000_weekend_mean,0.0007657778332941234,False
6,win__ch3000_weekend_minus_weekday,0.009061237797141075,False
6,win__ch3001_observed_days,0.0011337539181113243,False
6,win__ch3001_adequate_days,0.000955836963839829,False
6,win__ch3001_events,0.0015891601797193289,False
6,win__ch3001_span_days,0.00024117768043652177,False
6,win__ch3001_mean_cov_h,0.0009845881722867489,False
6,win__ch3001_mean_hours,0.0008195288828574121,False
6,win__ch3001_events_per_day,0.0012132818810641766,False
6,win__ch3001_mean_of_daily_mean,0.0004565980052575469,False
6,win__ch3001_sd_of_daily_mean,0.0035535984206944704,False
6,win__ch3001_mean_of_daily_sd,0.002854612423107028,False
6,win__ch3001_median_of_daily_median,0.0001537368807476014,False
6,win__ch3001_p25_of_daily_median,0.0007235866505652666,False
6,win__ch3001_p75_of_daily_median,0.000178051894181408,False
6,win__ch3001_iqr_of_daily_median,0.0019941951613873243,False
6,win__ch3001_min_of_daily_min,0.0021743569523096085,False
6,win__ch3001_max_of_daily_max,0.0022939753253012896,False
6,win__ch3001_range_of_daily_extremes,0.003396492451429367,False
6,win__ch3001_weekday_mean,7.289279164979234e-05,False
6,win__ch3001_weekend_mean,0.0012331466423347592,False
6,win__ch3001_weekend_minus_weekday,0.00258457288146019,False
6,win__ch3002_observed_days,0.0009340040269307792,False
6,win__ch3002_adequate_days,0.0009213611483573914,False
6,win__ch3002_events,0.00164601590950042,False
6,win__ch3002_span_days,0.0005321811768226326,False
6,win__ch3002_mean_cov_h,0.001192521769553423,False
6,win__ch3002_mean_hours,0.0007684350712224841,False
6,win__ch3002_events_per_day,0.0005636854912154377,False
6,win__ch3002_mean_of_daily_mean,0.00036122198798693717,False
6,win__ch3002_sd_of_daily_mean,0.006177305709570646,False
6,win__ch3002_mean_of_daily_sd,0.004611780866980553,False
6,win__ch3002_median_of_daily_median,0.00026968977181240916,False
6,win__ch3002_p25_of_daily_median,0.0018418320687487721,False
6,win__ch3002_p75_of_daily_median,0.00042064019362442195,False
6,win__ch3002_iqr_of_daily_median,0.0020052564796060324,False
6,win__ch3002_min_of_daily_min,0.0017736953450366855,False
6,win__ch3002_max_of_daily_max,0.0032268965151160955,False
6,win__ch3002_range_of_daily_extremes,0.0031820586882531643,False
6,win__ch3002_weekday_mean,0.0002785371907521039,False
6,win__ch3002_weekend_mean,0.000606780347879976,False
6,win__ch3002_weekend_minus_weekday,0.005269161891192198,False
6,win__overall_events,0.001547134481370449,False
6,win__overall_days,0.0002635720302350819,False
6,win__overall_adequate_channel_days,0.0008035502396523952,False
6,win__ch3000_minus_ch3001_mean,0.008347468450665474,False
6,win__ch3000_minus_ch3002_mean,0.015758492052555084,False
6,win__ch3000_tod_night,0.0007989624282345176,False
6,win__ch3000_tod_morning,0.013120041228830814,False
6,win__ch3000_tod_afternoon,0.00305769219994545,False
6,win__ch3000_tod_evening,0.0011752364225685596,False
6,win__ch3001_tod_night,0.0016106994589790702,False
6,win__ch3001_tod_morning,0.0005609798245131969,False
6,win__ch3001_tod_afternoon,0.0010090594878420234,False
6,win__ch3001_tod_evening,0.0013597732177004218,False
6,win__ch3002_tod_night,0.0020753296557813883,False
6,win__ch3002_tod_morning,0.0010937280021607876,False
6,win__ch3002_tod_afternoon,0.0015106837963685393,False
6,win__ch3002_tod_evening,0.0008977503748610616,False
6,roll_rec__ch3000_daily_hours_w30_max,0.0007591723697260022,False
6,roll_rec__ch3000_daily_hours_w30_mean,0.0009026929037645459,False
6,roll_rec__ch3000_daily_hours_w30_min,0.0023037067148834467,False
6,roll_rec__ch3000_daily_hours_w30_sd,0.0029578260146081448,False
6,roll_rec__ch3000_daily_hours_w30_slope,0.0016883525531738997,False
6,roll_rec__ch3000_daily_hours_w7_max,3.6391531921253772e-06,False
6,roll_rec__ch3000_daily_hours_w7_mean,0.000896973127964884,False
6,roll_rec__ch3000_daily_hours_w7_min,0.0018553291447460651,False
6,roll_rec__ch3000_daily_hours_w7_sd,0.002800205023959279,False
6,roll_rec__ch3000_daily_hours_w7_slope,0.003177605802193284,False
6,roll_rec__ch3000_daily_mean_w30_max,0.0011900123208761215,False
6,roll_rec__ch3000_daily_mean_w30_mean,0.0014853659085929394,False
6,roll_rec__ch3000_daily_mean_w30_min,0.0018056448316201568,False
6,roll_rec__ch3000_daily_mean_w30_sd,0.002329205395653844,False
6,roll_rec__ch3000_daily_mean_w30_slope,0.0012391668278723955,False
6,roll_rec__ch3000_daily_mean_w7_max,0.0024797176010906696,False
6,roll_rec__ch3000_daily_mean_w7_mean,0.0007678393158130348,False
6,roll_rec__ch3000_daily_mean_w7_min,0.0007317033596336842,False
6,roll_rec__ch3000_daily_mean_w7_sd,0.0018489635549485683,False
6,roll_rec__ch3000_daily_mean_w7_slope,0.0010975210461765528,False
6,roll_rec__ch3000_daily_median_w30_max,0.000804504263214767,False
6,roll_rec__ch3000_daily_median_w30_mean,0.00023715279530733824,False
6,roll_rec__ch3000_daily_median_w30_min,0.0010862445924431086,False
6,roll_rec__ch3000_daily_median_w30_sd,0.002432749141007662,False
6,roll_rec__ch3000_daily_median_w30_slope,0.0019392664544284344,False
6,roll_rec__ch3000_daily_median_w7_max,0.0006591974524781108,False
6,roll_rec__ch3000_daily_median_w7_mean,0.0005667814984917641,False
6,roll_rec__ch3000_daily_median_w7_min,0.0006750251050107181,False
6,roll_rec__ch3000_daily_median_w7_sd,0.0010912002762779593,False
6,roll_rec__ch3000_daily_median_w7_slope,0.0021992807742208242,False
6,roll_rec__ch3000_daily_sd_w30_max,0.0017188270576298237,False
6,roll_rec__ch3000_daily_sd_w30_mean,0.001582285389304161,False
6,roll_rec__ch3000_daily_sd_w30_min,0.002361471299082041,False
6,roll_rec__ch3000_daily_sd_w30_sd,0.004945904482156038,False
6,roll_rec__ch3000_daily_sd_w30_slope,0.002188266022130847,False
6,roll_rec__ch3000_daily_sd_w7_max,0.002287557115778327,False
6,roll_rec__ch3000_daily_sd_w7_mean,0.0007493691518902779,False
6,roll_rec__ch3000_daily_sd_w7_min,0.002993182744830847,False
6,roll_rec__ch3000_daily_sd_w7_sd,0.004643376916646957,False
6,roll_rec__ch3000_daily_sd_w7_slope,0.0021457874681800604,False
6,roll_rec__ch3001_daily_hours_w30_max,0.0022949641570448875,False
6,roll_rec__ch3001_daily_hours_w30_mean,0.001048868871293962,False
6,roll_rec__ch3001_daily_hours_w30_min,0.0013835922582075,False
6,roll_rec__ch3001_daily_hours_w30_sd,0.0020153867080807686,False
6,roll_rec__ch3001_daily_hours_w30_slope,0.002778658177703619,False
6,roll_rec__ch3001_daily_hours_w7_max,0.0010226558661088347,False
6,roll_rec__ch3001_daily_hours_w7_mean,0.0014717490412294865,False
6,roll_rec__ch3001_daily_hours_w7_min,0.001606943435035646,False
6,roll_rec__ch3001_daily_hours_w7_sd,0.00328643131069839,False
6,roll_rec__ch3001_daily_hours_w7_slope,0.0018501034937798977,False
6,roll_rec__ch3001_daily_mean_w30_max,0.0011071377666667104,False
6,roll_rec__ch3001_daily_mean_w30_mean,0.00016356527339667082,False
6,roll_rec__ch3001_daily_mean_w30_min,0.0004842208290938288,False
6,roll_rec__ch3001_daily_mean_w30_sd,0.0012868110788986087,False
6,roll_rec__ch3001_daily_mean_w30_slope,0.0011997809633612633,False
6,roll_rec__ch3001_daily_mean_w7_max,0.0011829069117084146,False
6,roll_rec__ch3001_daily_mean_w7_mean,0.0003468931536190212,False
6,roll_rec__ch3001_daily_mean_w7_min,0.000908080255612731,False
6,roll_rec__ch3001_daily_mean_w7_sd,0.0009937556460499763,False
6,roll_rec__ch3001_daily_mean_w7_slope,0.0011030709138140082,False
6,roll_rec__ch3001_daily_median_w30_max,0.0007391946273855865,False
6,roll_rec__ch3001_daily_median_w30_mean,0.00021057107369415462,False
6,roll_rec__ch3001_daily_median_w30_min,0.0006557664019055665,False
6,roll_rec__ch3001_daily_median_w30_sd,0.001986726885661483,False
6,roll_rec__ch3001_daily_median_w30_slope,0.0020854524336755276,False
6,roll_rec__ch3001_daily_median_w7_max,0.0013861702755093575,False
6,roll_rec__ch3001_daily_median_w7_mean,0.00010787665814859793,False
6,roll_rec__ch3001_daily_median_w7_min,0.0007983405375853181,False
6,roll_rec__ch3001_daily_median_w7_sd,0.0013358076103031635,False
6,roll_rec__ch3001_daily_median_w7_slope,0.002172442153096199,False
6,roll_rec__ch3001_daily_sd_w30_max,0.00728932861238718,False
6,roll_rec__ch3001_daily_sd_w30_mean,0.004894071724265814,False
6,roll_rec__ch3001_daily_sd_w30_min,0.0017795269377529621,False
6,roll_rec__ch3001_daily_sd_w30_sd,0.0033106710761785507,False
6,roll_rec__ch3001_daily_sd_w30_slope,0.0016686980379745364,False
6,roll_rec__ch3001_daily_sd_w7_max,0.014120682142674923,False
6,roll_rec__ch3001_daily_sd_w7_mean,0.005838284734636545,False
6,roll_rec__ch3001_daily_sd_w7_min,0.002673494629561901,False
6,roll_rec__ch3001_daily_sd_w7_sd,0.004900037776678801,False
6,roll_rec__ch3001_daily_sd_w7_slope,0.0024155224673449993,False
6,roll_rec__ch3002_daily_hours_w30_max,0.001792151015251875,False
6,roll_rec__ch3002_daily_hours_w30_mean,0.0008165980107150972,False
6,roll_rec__ch3002_daily_hours_w30_min,0.0006569153629243374,False
6,roll_rec__ch3002_daily_hours_w30_sd,0.0025035885628312826,False
6,roll_rec__ch3002_daily_hours_w30_slope,0.003255980322137475,False
6,roll_rec__ch3002_daily_hours_w7_max,0.002241873648017645,False
6,roll_rec__ch3002_daily_hours_w7_mean,0.0008342244545929134,False
6,roll_rec__ch3002_daily_hours_w7_min,0.0016149223083630204,False
6,roll_rec__ch3002_daily_hours_w7_sd,0.0031291921623051167,False
6,roll_rec__ch3002_daily_hours_w7_slope,0.003101072506979108,False
6,roll_rec__ch3002_daily_mean_w30_max,0.0004279955755919218,False
6,roll_rec__ch3002_daily_mean_w30_mean,0.00010152682079933584,False
6,roll_rec__ch3002_daily_mean_w30_min,0.0005986231844872236,False
6,roll_rec__ch3002_daily_mean_w30_sd,0.0016968201380223036,False
6,roll_rec__ch3002_daily_mean_w30_slope,0.0019086458487436175,False
6,roll_rec__ch3002_daily_mean_w7_max,0.0013756077969446778,False
6,roll_rec__ch3002_daily_mean_w7_mean,0.00036278567858971655,False
6,roll_rec__ch3002_daily_mean_w7_min,0.0013472521677613258,False
6,roll_rec__ch3002_daily_mean_w7_sd,0.002072412520647049,False
6,roll_rec__ch3002_daily_mean_w7_slope,0.0016974053578451276,False
6,roll_rec__ch3002_daily_median_w30_max,0.0008311541168950498,False
6,roll_rec__ch3002_daily_median_w30_mean,0.0003606721293181181,False
6,roll_rec__ch3002_daily_median_w30_min,0.0007176388753578067,False
6,roll_rec__ch3002_daily_median_w30_sd,0.0011714027496054769,False
6,roll_rec__ch3002_daily_median_w30_slope,0.0011698673479259014,False
6,roll_rec__ch3002_daily_median_w7_max,0.0013600322417914867,False
6,roll_rec__ch3002_daily_median_w7_mean,0.0008304507355205715,False
6,roll_rec__ch3002_daily_median_w7_min,0.001179681858047843,False
6,roll_rec__ch3002_daily_median_w7_sd,0.0022248977329581976,False
6,roll_rec__ch3002_daily_median_w7_slope,0.0015155409928411245,False
6,roll_rec__ch3002_daily_sd_w30_max,0.0026428531855344772,False
6,roll_rec__ch3002_daily_sd_w30_mean,0.005943154450505972,False
6,roll_rec__ch3002_daily_sd_w30_min,0.002864358713850379,False
6,roll_rec__ch3002_daily_sd_w30_sd,0.002196274232119322,False
6,roll_rec__ch3002_daily_sd_w30_slope,0.0026539568789303303,False
6,roll_rec__ch3002_daily_sd_w7_max,0.01191165391355753,False
6,roll_rec__ch3002_daily_sd_w7_mean,0.0039012839552015066,False
6,roll_rec__ch3002_daily_sd_w7_min,0.0027978902217000723,False
6,roll_rec__ch3002_daily_sd_w7_sd,0.006364168133586645,False
6,roll_rec__ch3002_daily_sd_w7_slope,0.0018182488856837153,False
6,roll_win__ch3000_daily_hours_w30_max,0.000833133002743125,False
6,roll_win__ch3000_daily_hours_w30_mean,0.0015247761039063334,False
6,roll_win__ch3000_daily_hours_w30_min,0.0006032116361893713,False
6,roll_win__ch3000_daily_hours_w30_sd,0.003418675158172846,False
6,roll_win__ch3000_daily_hours_w30_slope,0.0037621003575623035,False
6,roll_win__ch3000_daily_hours_w7_max,0.00015494259423576295,False
6,roll_win__ch3000_daily_hours_w7_mean,0.0012348932214081287,False
6,roll_win__ch3000_daily_hours_w7_min,0.0016714486991986632,False
6,roll_win__ch3000_daily_hours_w7_sd,0.0027042911387979984,False
6,roll_win__ch3000_daily_hours_w7_slope,0.003770265495404601,False
6,roll_win__ch3000_daily_mean_w30_max,0.0007998135406523943,False
6,roll_win__ch3000_daily_mean_w30_mean,0.0006800882983952761,False
6,roll_win__ch3000_daily_mean_w30_min,0.0005692337872460485,False
6,roll_win__ch3000_daily_mean_w30_sd,0.0017338846810162067,False
6,roll_win__ch3000_daily_mean_w30_slope,0.002879507141187787,False
6,roll_win__ch3000_daily_mean_w7_max,0.000940150348469615,False
6,roll_win__ch3000_daily_mean_w7_mean,4.904713205178268e-05,False
6,roll_win__ch3000_daily_mean_w7_min,0.001317096408456564,False
6,roll_win__ch3000_daily_mean_w7_sd,0.0025932725984603167,False
6,roll_win__ch3000_daily_mean_w7_slope,0.0025861505419015884,False
6,roll_win__ch3000_daily_median_w30_max,0.0011983868898823857,False
6,roll_win__ch3000_daily_median_w30_mean,0.0008559745620004833,False
6,roll_win__ch3000_daily_median_w30_min,0.000629401474725455,False
6,roll_win__ch3000_daily_median_w30_sd,0.002145522041246295,False
6,roll_win__ch3000_daily_median_w30_slope,0.002370013389736414,False
6,roll_win__ch3000_daily_median_w7_max,0.0008664139895699918,False
6,roll_win__ch3000_daily_median_w7_mean,0.0005629755323752761,False
6,roll_win__ch3000_daily_median_w7_min,0.0009463195456191897,False
6,roll_win__ch3000_daily_median_w7_sd,0.002916062017902732,False
6,roll_win__ch3000_daily_median_w7_slope,0.0028552492149174213,False
6,roll_win__ch3000_daily_sd_w30_max,0.0032519795931875706,False
6,roll_win__ch3000_daily_sd_w30_mean,0.0014976273523643613,False
6,roll_win__ch3000_daily_sd_w30_min,0.0023941844701766968,False
6,roll_win__ch3000_daily_sd_w30_sd,0.00336040579713881,False
6,roll_win__ch3000_daily_sd_w30_slope,0.0016550642903894186,False
6,roll_win__ch3000_daily_sd_w7_max,0.0009977346053346992,False
6,roll_win__ch3000_daily_sd_w7_mean,0.0020089251920580864,False
6,roll_win__ch3000_daily_sd_w7_min,0.003841385943815112,False
6,roll_win__ch3000_daily_sd_w7_sd,0.004604723304510117,False
6,roll_win__ch3000_daily_sd_w7_slope,0.0038068299181759357,False
6,roll_win__ch3001_daily_hours_w30_max,0.0007712659426033497,False
6,roll_win__ch3001_daily_hours_w30_mean,0.0005858519580215216,False
6,roll_win__ch3001_daily_hours_w30_min,0.001589479623362422,False
6,roll_win__ch3001_daily_hours_w30_sd,0.003588732797652483,False
6,roll_win__ch3001_daily_hours_w30_slope,0.0020292766857892275,False
6,roll_win__ch3001_daily_hours_w7_max,0.0018212016439065337,False
6,roll_win__ch3001_daily_hours_w7_mean,0.0014048703014850616,False
6,roll_win__ch3001_daily_hours_w7_min,0.0013703879667446017,False
6,roll_win__ch3001_daily_hours_w7_sd,0.0055936845019459724,False
6,roll_win__ch3001_daily_hours_w7_slope,0.002942875027656555,False
6,roll_win__ch3001_daily_mean_w30_max,0.00031389857758767903,False
6,roll_win__ch3001_daily_mean_w30_mean,0.00035736404242925346,False
6,roll_win__ch3001_daily_mean_w30_min,0.0007879792246967554,False
6,roll_win__ch3001_daily_mean_w30_sd,0.001134549151174724,False
6,roll_win__ch3001_daily_mean_w30_slope,0.0015679795760661364,False
6,roll_win__ch3001_daily_mean_w7_max,0.0012528449296951294,False
6,roll_win__ch3001_daily_mean_w7_mean,0.00011386142432456836,False
6,roll_win__ch3001_daily_mean_w7_min,0.0013385474449023604,False
6,roll_win__ch3001_daily_mean_w7_sd,0.0017043754924088717,False
6,roll_win__ch3001_daily_mean_w7_slope,0.0012151696719229221,False
6,roll_win__ch3001_daily_median_w30_max,0.002106413012370467,False
6,roll_win__ch3001_daily_median_w30_mean,0.00022992830781731755,False
6,roll_win__ch3001_daily_median_w30_min,0.0002807466662488878,False
6,roll_win__ch3001_daily_median_w30_sd,0.0012185293016955256,False
6,roll_win__ch3001_daily_median_w30_slope,0.0021197458263486624,False
6,roll_win__ch3001_daily_median_w7_max,0.000908784510102123,False
6,roll_win__ch3001_daily_median_w7_mean,0.00025298332911916077,False
6,roll_win__ch3001_daily_median_w7_min,0.0007653250358998775,False
6,roll_win__ch3001_daily_median_w7_sd,0.0020972397178411484,False
6,roll_win__ch3001_daily_median_w7_slope,0.0020449894946068525,False
6,roll_win__ch3001_daily_sd_w30_max,0.005620145704597235,False
6,roll_win__ch3001_daily_sd_w30_mean,0.00721925962716341,False
6,roll_win__ch3001_daily_sd_w30_min,0.00285234278999269,False
6,roll_win__ch3001_daily_sd_w30_sd,0.002034320030361414,False
6,roll_win__ch3001_daily_sd_w30_slope,0.0025519852060824633,False
6,roll_win__ch3001_daily_sd_w7_max,0.0035381298512220383,False
6,roll_win__ch3001_daily_sd_w7_mean,0.004746872466057539,False
6,roll_win__ch3001_daily_sd_w7_min,0.0033211756963282824,False
6,roll_win__ch3001_daily_sd_w7_sd,0.0033023757860064507,False
6,roll_win__ch3001_daily_sd_w7_slope,0.0030094420071691275,False
6,roll_win__ch3002_daily_hours_w30_max,0.0002049719769274816,False
6,roll_win__ch3002_daily_hours_w30_mean,0.001305152429267764,False
6,roll_win__ch3002_daily_hours_w30_min,0.0013373937690630555,False
6,roll_win__ch3002_daily_hours_w30_sd,0.004611891694366932,False
6,roll_win__ch3002_daily_hours_w30_slope,0.0029200506396591663,False
6,roll_win__ch3002_daily_hours_w7_max,0.0015813920181244612,False
6,roll_win__ch3002_daily_hours_w7_mean,0.0005301652126945555,False
6,roll_win__ch3002_daily_hours_w7_min,0.001057300716638565,False
6,roll_win__ch3002_daily_hours_w7_sd,0.0056345402263104916,False
6,roll_win__ch3002_daily_hours_w7_slope,0.00201465399004519,False
6,roll_win__ch3002_daily_mean_w30_max,0.0006271741003729403,False
6,roll_win__ch3002_daily_mean_w30_mean,0.0006711033056490123,False
6,roll_win__ch3002_daily_mean_w30_min,0.00032103570993058383,False
6,roll_win__ch3002_daily_mean_w30_sd,0.0026634957175701857,False
6,roll_win__ch3002_daily_mean_w30_slope,0.002512739971280098,False
6,roll_win__ch3002_daily_mean_w7_max,0.0012787026353180408,False
6,roll_win__ch3002_daily_mean_w7_mean,0.0005618599243462086,False
6,roll_win__ch3002_daily_mean_w7_min,0.00046222677337937057,False
6,roll_win__ch3002_daily_mean_w7_sd,0.0032198962289839983,False
6,roll_win__ch3002_daily_mean_w7_slope,0.001993808662518859,False
6,roll_win__ch3002_daily_median_w30_max,0.0005829346482641995,False
6,roll_win__ch3002_daily_median_w30_mean,0.0012201264034956694,False
6,roll_win__ch3002_daily_median_w30_min,0.00034853522083722055,False
6,roll_win__ch3002_daily_median_w30_sd,0.0019385467749089003,False
6,roll_win__ch3002_daily_median_w30_slope,0.0021158899180591106,False
6,roll_win__ch3002_daily_median_w7_max,0.0007136398344300687,False
6,roll_win__ch3002_daily_median_w7_mean,0.0008762440993450582,False
6,roll_win__ch3002_daily_median_w7_min,0.0012089414522051811,False
6,roll_win__ch3002_daily_median_w7_sd,0.000773938896600157,False
6,roll_win__ch3002_daily_median_w7_slope,0.0020148134790360928,False
6,roll_win__ch3002_daily_sd_w30_max,0.002249284414574504,False
6,roll_win__ch3002_daily_sd_w30_mean,0.0021802496630698442,False
6,roll_win__ch3002_daily_sd_w30_min,0.001401566551066935,False
6,roll_win__ch3002_daily_sd_w30_sd,0.0025267673190683126,False
6,roll_win__ch3002_daily_sd_w30_slope,0.0028215469792485237,False
6,roll_win__ch3002_daily_sd_w7_max,0.0018397151725366712,False
6,roll_win__ch3002_daily_sd_w7_mean,0.0010951320873573422,False
6,roll_win__ch3002_daily_sd_w7_min,0.0020210850052535534,False
6,roll_win__ch3002_daily_sd_w7_sd,0.006977131590247154,False
6,roll_win__ch3002_daily_sd_w7_slope,0.004245250951498747,False
6,cosinor_M,0.009394624270498753,True
6,cosinor_A1,0.001921768533065915,True
6,cosinor_A2,0.004862138070166111,True
6,cosinor_A3,0.011813443154096603,True
6,cosinor_acro_h,0.0026812278665602207,True
6,cosinor_resid_sd,0.003191603347659111,True
6,curve_night_mean,0.0003669886791612953,True
6,curve_morning_slope,0.004589305259287357,True
6,curve_day_night_contrast,0.0013995927292853594,True
6,curve_range,0.0020890741143375635,True
6,curve_entropy,0.0024729270953685045,True
6,hour_h0,0.0023880344815552235,True
6,hour_h1,0.004410711117088795,True
6,hour_h2,0.0038367293309420347,True
6,hour_h3,0.002131888410076499,True
6,hour_h4,0.0020591618958860636,True
6,hour_h5,0.0016396044520661235,True
6,hour_h6,0.0032001244835555553,True
6,hour_h7,0.0046328650787472725,True
6,hour_h8,0.013820013962686062,True
6,hour_h9,0.008785264566540718,True
6,hour_h10,0.0047867256216704845,True
6,hour_h11,0.0026177135296165943,True
6,hour_h12,0.0026102017145603895,True
6,hour_h13,0.0027015162631869316,True
6,hour_h14,0.0031041912734508514,True
6,hour_h15,0.0022091891150921583,True
6,hour_h16,0.00304226647131145,True
6,hour_h17,0.0027516235131770372,True
6,hour_h18,0.0018849732587113976,True
6,hour_h19,0.0016652740305289626,True
6,hour_h20,0.0013365953927859664,True
6,hour_h21,0.0024560815654695034,True
6,hour_h22,0.0014462379040196538,True
6,hour_h23,0.001057071378454566,True
6,demo__age_group=Elderly,0.003280478296801448,False
6,demo__age_group=Middle Ager,0.00018591202388051897,False
6,demo__age_group=Young Adults,0.0004473125736694783,False
6,demo__bmi_grp=normal,0.0008637073915451765,False
6,demo__bmi_grp=obese,5.73733304918278e-05,False
6,demo__bmi_grp=overweight,0.0008012690232135355,False
7,rec__ch3000_observed_days,0.0011742007918655872,False
7,rec__ch3000_adequate_days,0.0011487433221191168,False
7,rec__ch3000_events,0.0014683299232274294,False
7,rec__ch3000_span_days,0.0013700766721740365,False
7,rec__ch3000_mean_cov_h,0.002040247665718198,False
7,rec__ch3000_mean_hours,0.0018314090557396412,False
7,rec__ch3000_events_per_day,0.0013174405321478844,False
7,rec__ch3000_mean_of_daily_mean,0.0030184979550540447,False
7,rec__ch3000_sd_of_daily_mean,0.00633679935708642,False
7,rec__ch3000_mean_of_daily_sd,0.002524282317608595,False
7,rec__ch3000_median_of_daily_median,0.0017213932005688548,False
7,rec__ch3000_p25_of_daily_median,0.00047953746980056167,False
7,rec__ch3000_p75_of_daily_median,0.00019559869542717934,False
7,rec__ch3000_iqr_of_daily_median,0.0005847288412041962,False
7,rec__ch3000_min_of_daily_min,0.0013046979438513517,False
7,rec__ch3000_max_of_daily_max,0.004722165875136852,False
7,rec__ch3000_range_of_daily_extremes,0.004129156935960054,False
7,rec__ch3000_weekday_mean,0.02610122598707676,False
7,rec__ch3000_weekend_mean,0.0011201874585822225,False
7,rec__ch3000_weekend_minus_weekday,0.015387484803795815,False
7,rec__ch3001_observed_days,0.0010776141425594687,False
7,rec__ch3001_adequate_days,0.0009553135023452342,False
7,rec__ch3001_events,0.0010871404083445668,False
7,rec__ch3001_span_days,0.0018760468810796738,False
7,rec__ch3001_mean_cov_h,0.0014253202825784683,False
7,rec__ch3001_mean_hours,0.0009935795096680522,False
7,rec__ch3001_events_per_day,0.0011265311622992158,False
7,rec__ch3001_mean_of_daily_mean,0.0005474463105201721,False
7,rec__ch3001_sd_of_daily_mean,0.002679484663531184,False
7,rec__ch3001_mean_of_daily_sd,0.0038651872891932726,False
7,rec__ch3001_median_of_daily_median,0.0005822372040711343,False
7,rec__ch3001_p25_of_daily_median,0.0003137817548122257,False
7,rec__ch3001_p75_of_daily_median,2.2110789359430782e-05,False
7,rec__ch3001_iqr_of_daily_median,0.00037612486630678177,False
7,rec__ch3001_min_of_daily_min,0.0019755535759031773,False
7,rec__ch3001_max_of_daily_max,0.002678164280951023,False
7,rec__ch3001_range_of_daily_extremes,0.003104205010458827,False
7,rec__ch3001_weekday_mean,0.0005179208819754422,False
7,rec__ch3001_weekend_mean,0.0007620344404131174,False
7,rec__ch3001_weekend_minus_weekday,0.002333508338779211,False
7,rec__ch3002_observed_days,0.0008160382858477533,False
7,rec__ch3002_adequate_days,0.0008852703031152487,False
7,rec__ch3002_events,0.0015621914062649012,False
7,rec__ch3002_span_days,0.0015237975167110562,False
7,rec__ch3002_mean_cov_h,0.0004897136823274195,False
7,rec__ch3002_mean_hours,0.0004614268254954368,False
7,rec__ch3002_events_per_day,0.00027979962760582566,False
7,rec__ch3002_mean_of_daily_mean,0.0004086797416675836,False
7,rec__ch3002_sd_of_daily_mean,0.0063486783765256405,False
7,rec__ch3002_mean_of_daily_sd,0.0044431062415242195,False
7,rec__ch3002_median_of_daily_median,0.00020846130792051554,False
7,rec__ch3002_p25_of_daily_median,0.0003716142091434449,False
7,rec__ch3002_p75_of_daily_median,0.00035331008257344365,False
7,rec__ch3002_iqr_of_daily_median,0.0011873923940584064,False
7,rec__ch3002_min_of_daily_min,0.001507285749539733,False
7,rec__ch3002_max_of_daily_max,0.002093277405947447,False
7,rec__ch3002_range_of_daily_extremes,0.0007699516718275845,False
7,rec__ch3002_weekday_mean,0.00022788420028518885,False
7,rec__ch3002_weekend_mean,0.0018041812581941485,False
7,rec__ch3002_weekend_minus_weekday,0.004517638124525547,False
7,rec__overall_events,0.0009565344080328941,False
7,rec__overall_days,0.0007546741398982704,False
7,rec__overall_span_days,0.001073107705451548,False
7,rec__overall_adequate_channel_days,0.0005472357152029872,False
7,rec__ch3000_minus_ch3001_mean,0.005027236882597208,False
7,rec__ch3000_minus_ch3002_mean,0.013598751276731491,False
7,rec__ch3000_tod_night,0.0006774013163521886,False
7,rec__ch3000_tod_morning,0.040911149233579636,False
7,rec__ch3000_tod_afternoon,0.005124606192111969,False
7,rec__ch3000_tod_evening,0.0008698427118360996,False
7,rec__ch3001_tod_night,0.014710180461406708,False
7,rec__ch3001_tod_morning,0.0009650435531511903,False
7,rec__ch3001_tod_afternoon,0.0008917542290873826,False
7,rec__ch3001_tod_evening,0.000917409488465637,False
7,rec__ch3002_tod_night,0.0012785822618752718,False
7,rec__ch3002_tod_morning,0.001362194074317813,False
7,rec__ch3002_tod_afternoon,0.0008272636914625764,False
7,rec__ch3002_tod_evening,0.001077619381248951,False
7,win__ch3000_observed_days,0.0,False
7,win__ch3000_adequate_days,0.00022894433641340584,False
7,win__ch3000_events,0.0011092624627053738,False
7,win__ch3000_mean_cov_h,0.0015566536458209157,False
7,win__ch3000_mean_hours,0.0012306621065363288,False
7,win__ch3000_events_per_day,0.00172037270385772,False
7,win__ch3000_mean_of_daily_mean,0.0007502465159632266,False
7,win__ch3000_sd_of_daily_mean,0.005977043882012367,False
7,win__ch3000_mean_of_daily_sd,0.0011112353531643748,False
7,win__ch3000_median_of_daily_median,0.00029605807503685355,False
7,win__ch3000_p25_of_daily_median,0.00033150892704725266,False
7,win__ch3000_p75_of_daily_median,0.0003375343803782016,False
7,win__ch3000_iqr_of_daily_median,0.0010448670946061611,False
7,win__ch3000_min_of_daily_min,0.0018940058071166277,False
7,win__ch3000_max_of_daily_max,0.0017472327454015613,False
7,win__ch3000_range_of_daily_extremes,0.002751503139734268,False
7,win__ch3000_weekday_mean,0.00328657403588295,False
7,win__ch3000_weekend_mean,0.0010228692553937435,False
7,win__ch3000_weekend_minus_weekday,0.011852322146296501,False
7,win__ch3001_observed_days,0.0015562472399324179,False
7,win__ch3001_adequate_days,0.0006604887312278152,False
7,win__ch3001_events,0.0020025393459945917,False
7,win__ch3001_span_days,0.0004683949227910489,False
7,win__ch3001_mean_cov_h,0.001150800264440477,False
7,win__ch3001_mean_hours,0.00013818607840221375,False
7,win__ch3001_events_per_day,0.0016734260134398937,False
7,win__ch3001_mean_of_daily_mean,0.0002827742137014866,False
7,win__ch3001_sd_of_daily_mean,0.004867137409746647,False
7,win__ch3001_mean_of_daily_sd,0.004353025928139687,False
7,win__ch3001_median_of_daily_median,0.0005898729432374239,False
7,win__ch3001_p25_of_daily_median,0.00038373589632101357,False
7,win__ch3001_p75_of_daily_median,0.0006166451494209468,False
7,win__ch3001_iqr_of_daily_median,0.001471961266361177,False
7,win__ch3001_min_of_daily_min,0.0017745409859344363,False
7,win__ch3001_max_of_daily_max,0.002032568911090493,False
7,win__ch3001_range_of_daily_extremes,0.003421841887757182,False
7,win__ch3001_weekday_mean,0.0005106152966618538,False
7,win__ch3001_weekend_mean,0.0008977153338491917,False
7,win__ch3001_weekend_minus_weekday,0.002589657437056303,False
7,win__ch3002_observed_days,0.0007691584178246558,False
7,win__ch3002_adequate_days,0.0006788126775063574,False
7,win__ch3002_events,0.0015520311426371336,False
7,win__ch3002_span_days,0.00038770787068642676,False
7,win__ch3002_mean_cov_h,0.0003165722300764173,False
7,win__ch3002_mean_hours,0.0005916752852499485,False
7,win__ch3002_events_per_day,0.0007181266555562615,False
7,win__ch3002_mean_of_daily_mean,0.00015426441677846014,False
7,win__ch3002_sd_of_daily_mean,0.00595644349232316,False
7,win__ch3002_mean_of_daily_sd,0.0019193678162992,False
7,win__ch3002_median_of_daily_median,0.00022778072161599994,False
7,win__ch3002_p25_of_daily_median,0.0005888853338547051,False
7,win__ch3002_p75_of_daily_median,0.0003552656853571534,False
7,win__ch3002_iqr_of_daily_median,0.001635585562326014,False
7,win__ch3002_min_of_daily_min,0.0017426088452339172,False
7,win__ch3002_max_of_daily_max,0.0018309177830815315,False
7,win__ch3002_range_of_daily_extremes,0.0027987919747829437,False
7,win__ch3002_weekday_mean,0.00030276866164058447,False
7,win__ch3002_weekend_mean,0.0009749448508955538,False
7,win__ch3002_weekend_minus_weekday,0.005339335184544325,False
7,win__overall_events,0.0018986181821674109,False
7,win__overall_days,0.00014284701319411397,False
7,win__overall_adequate_channel_days,0.0005533344810828567,False
7,win__ch3000_minus_ch3001_mean,0.004062066785991192,False
7,win__ch3000_minus_ch3002_mean,0.01172202080488205,False
7,win__ch3000_tod_night,0.0006808805046603084,False
7,win__ch3000_tod_morning,0.012053126469254494,False
7,win__ch3000_tod_afternoon,0.0034850845113396645,False
7,win__ch3000_tod_evening,0.0011964114382863045,False
7,win__ch3001_tod_night,0.003919527865946293,False
7,win__ch3001_tod_morning,0.0022349467035382986,False
7,win__ch3001_tod_afternoon,0.0009375789086334407,False
7,win__ch3001_tod_evening,0.000665199535433203,False
7,win__ch3002_tod_night,0.00187334802467376,False
7,win__ch3002_tod_morning,0.0013389961095526814,False
7,win__ch3002_tod_afternoon,0.0010568284196779132,False
7,win__ch3002_tod_evening,0.0012921891175210476,False
7,roll_rec__ch3000_daily_hours_w30_max,0.0011374111054465175,False
7,roll_rec__ch3000_daily_hours_w30_mean,0.0009528369992040098,False
7,roll_rec__ch3000_daily_hours_w30_min,0.0020276375580579042,False
7,roll_rec__ch3000_daily_hours_w30_sd,0.001768634538166225,False
7,roll_rec__ch3000_daily_hours_w30_slope,0.0022952223662286997,False
7,roll_rec__ch3000_daily_hours_w7_max,0.00022283017460722476,False
7,roll_rec__ch3000_daily_hours_w7_mean,0.0016138236969709396,False
7,roll_rec__ch3000_daily_hours_w7_min,0.0022685853764414787,False
7,roll_rec__ch3000_daily_hours_w7_sd,0.0017724710050970316,False
7,roll_rec__ch3000_daily_hours_w7_slope,0.002012933837249875,False
7,roll_rec__ch3000_daily_mean_w30_max,0.0016706112073734403,False
7,roll_rec__ch3000_daily_mean_w30_mean,0.003761203493922949,False
7,roll_rec__ch3000_daily_mean_w30_min,0.002932116389274597,False
7,roll_rec__ch3000_daily_mean_w30_sd,0.0018506930209696293,False
7,roll_rec__ch3000_daily_mean_w30_slope,0.0010774583788588643,False
7,roll_rec__ch3000_daily_mean_w7_max,0.0025154920294880867,False
7,roll_rec__ch3000_daily_mean_w7_mean,0.0005215744022279978,False
7,roll_rec__ch3000_daily_mean_w7_min,0.002190669998526573,False
7,roll_rec__ch3000_daily_mean_w7_sd,0.0025038192979991436,False
7,roll_rec__ch3000_daily_mean_w7_slope,0.0012425906024873257,False
7,roll_rec__ch3000_daily_median_w30_max,0.0008421532693319023,False
7,roll_rec__ch3000_daily_median_w30_mean,0.0008157336269505322,False
7,roll_rec__ch3000_daily_median_w30_min,0.0006533614941872656,False
7,roll_rec__ch3000_daily_median_w30_sd,0.0013472044374793768,False
7,roll_rec__ch3000_daily_median_w30_slope,0.0014196683187037706,False
7,roll_rec__ch3000_daily_median_w7_max,0.00136370409745723,False
7,roll_rec__ch3000_daily_median_w7_mean,0.0005607216153293848,False
7,roll_rec__ch3000_daily_median_w7_min,0.001448658062145114,False
7,roll_rec__ch3000_daily_median_w7_sd,0.0013232989003881812,False
7,roll_rec__ch3000_daily_median_w7_slope,0.002079137833788991,False
7,roll_rec__ch3000_daily_sd_w30_max,0.0026972265914082527,False
7,roll_rec__ch3000_daily_sd_w30_mean,0.0010648365132510662,False
7,roll_rec__ch3000_daily_sd_w30_min,0.0012384302681311965,False
7,roll_rec__ch3000_daily_sd_w30_sd,0.004910173360258341,False
7,roll_rec__ch3000_daily_sd_w30_slope,0.002858823398128152,False
7,roll_rec__ch3000_daily_sd_w7_max,0.0012097567087039351,False
7,roll_rec__ch3000_daily_sd_w7_mean,0.0022640665993094444,False
7,roll_rec__ch3000_daily_sd_w7_min,0.002052286406978965,False
7,roll_rec__ch3000_daily_sd_w7_sd,0.005470392759889364,False
7,roll_rec__ch3000_daily_sd_w7_slope,0.0029456105548888445,False
7,roll_rec__ch3001_daily_hours_w30_max,0.002508464502170682,False
7,roll_rec__ch3001_daily_hours_w30_mean,0.002005923306569457,False
7,roll_rec__ch3001_daily_hours_w30_min,0.0017547417664900422,False
7,roll_rec__ch3001_daily_hours_w30_sd,0.0014958279207348824,False
7,roll_rec__ch3001_daily_hours_w30_slope,0.0015355470823124051,False
7,roll_rec__ch3001_daily_hours_w7_max,0.002233907813206315,False
7,roll_rec__ch3001_daily_hours_w7_mean,0.0011576451361179352,False
7,roll_rec__ch3001_daily_hours_w7_min,0.001999541185796261,False
7,roll_rec__ch3001_daily_hours_w7_sd,0.0026737903244793415,False
7,roll_rec__ch3001_daily_hours_w7_slope,0.0024127340875566006,False
7,roll_rec__ch3001_daily_mean_w30_max,0.0006478444556705654,False
7,roll_rec__ch3001_daily_mean_w30_mean,0.0003933026164304465,False
7,roll_rec__ch3001_daily_mean_w30_min,0.0007138580549508333,False
7,roll_rec__ch3001_daily_mean_w30_sd,0.0011733290739357471,False
7,roll_rec__ch3001_daily_mean_w30_slope,0.0017462619580328465,False
7,roll_rec__ch3001_daily_mean_w7_max,0.0013245991431176662,False
7,roll_rec__ch3001_daily_mean_w7_mean,8.447342406725511e-05,False
7,roll_rec__ch3001_daily_mean_w7_min,0.0012323105474933982,False
7,roll_rec__ch3001_daily_mean_w7_sd,0.0018150471150875092,False
7,roll_rec__ch3001_daily_mean_w7_slope,0.0014598986599594355,False
7,roll_rec__ch3001_daily_median_w30_max,0.0011219943407922983,False
7,roll_rec__ch3001_daily_median_w30_mean,0.0006005979375913739,False
7,roll_rec__ch3001_daily_median_w30_min,0.000886525318492204,False
7,roll_rec__ch3001_daily_median_w30_sd,0.002333446405827999,False
7,roll_rec__ch3001_daily_median_w30_slope,0.0018176609883084893,False
7,roll_rec__ch3001_daily_median_w7_max,0.0007576188654638827,False
7,roll_rec__ch3001_daily_median_w7_mean,0.00022523450024891645,False
7,roll_rec__ch3001_daily_median_w7_min,0.001023662742227316,False
7,roll_rec__ch3001_daily_median_w7_sd,0.0018206072272732854,False
7,roll_rec__ch3001_daily_median_w7_slope,0.0011509517207741737,False
7,roll_rec__ch3001_daily_sd_w30_max,0.005523123312741518,False
7,roll_rec__ch3001_daily_sd_w30_mean,0.002543953713029623,False
7,roll_rec__ch3001_daily_sd_w30_min,0.003364086151123047,False
7,roll_rec__ch3001_daily_sd_w30_sd,0.0020707128569483757,False
7,roll_rec__ch3001_daily_sd_w30_slope,0.0020507657900452614,False
7,roll_rec__ch3001_daily_sd_w7_max,0.013355297967791557,False
7,roll_rec__ch3001_daily_sd_w7_mean,0.0047865090891718864,False
7,roll_rec__ch3001_daily_sd_w7_min,0.0026894460897892714,False
7,roll_rec__ch3001_daily_sd_w7_sd,0.002948540262877941,False
7,roll_rec__ch3001_daily_sd_w7_slope,0.001963204937055707,False
7,roll_rec__ch3002_daily_hours_w30_max,0.0014571965439245105,False
7,roll_rec__ch3002_daily_hours_w30_mean,0.0010144381085410714,False
7,roll_rec__ch3002_daily_hours_w30_min,0.002291917335242033,False
7,roll_rec__ch3002_daily_hours_w30_sd,0.0016311187064275146,False
7,roll_rec__ch3002_daily_hours_w30_slope,0.0017531542107462883,False
7,roll_rec__ch3002_daily_hours_w7_max,0.0009679181384854019,False
7,roll_rec__ch3002_daily_hours_w7_mean,0.0010187228908762336,False
7,roll_rec__ch3002_daily_hours_w7_min,0.0022626689169555902,False
7,roll_rec__ch3002_daily_hours_w7_sd,0.0028155366890132427,False
7,roll_rec__ch3002_daily_hours_w7_slope,0.0014922060072422028,False
7,roll_rec__ch3002_daily_mean_w30_max,0.0005584103055298328,False
7,roll_rec__ch3002_daily_mean_w30_mean,0.0003275974013376981,False
7,roll_rec__ch3002_daily_mean_w30_min,0.0013105332618579268,False
7,roll_rec__ch3002_daily_mean_w30_sd,0.0018758963560685515,False
7,roll_rec__ch3002_daily_mean_w30_slope,0.0017227553762495518,False
7,roll_rec__ch3002_daily_mean_w7_max,0.000947854423429817,False
7,roll_rec__ch3002_daily_mean_w7_mean,0.0001150557873188518,False
7,roll_rec__ch3002_daily_mean_w7_min,0.001578807015903294,False
7,roll_rec__ch3002_daily_mean_w7_sd,0.001955760642886162,False
7,roll_rec__ch3002_daily_mean_w7_slope,0.00218403828330338,False
7,roll_rec__ch3002_daily_median_w30_max,0.0015187072567641735,False
7,roll_rec__ch3002_daily_median_w30_mean,0.0005018842639401555,False
7,roll_rec__ch3002_daily_median_w30_min,0.00022977215121500194,False
7,roll_rec__ch3002_daily_median_w30_sd,0.0020613453816622496,False
7,roll_rec__ch3002_daily_median_w30_slope,0.0014394884929060936,False
7,roll_rec__ch3002_daily_median_w7_max,0.0019966086838394403,False
7,roll_rec__ch3002_daily_median_w7_mean,0.00012936086568515748,False
7,roll_rec__ch3002_daily_median_w7_min,0.001037274836562574,False
7,roll_rec__ch3002_daily_median_w7_sd,0.0021996404975652695,False
7,roll_rec__ch3002_daily_median_w7_slope,0.0018691421719267964,False
7,roll_rec__ch3002_daily_sd_w30_max,0.006333745550364256,False
7,roll_rec__ch3002_daily_sd_w30_mean,0.0027948576025664806,False
7,roll_rec__ch3002_daily_sd_w30_min,0.002870334545150399,False
7,roll_rec__ch3002_daily_sd_w30_sd,0.001995055004954338,False
7,roll_rec__ch3002_daily_sd_w30_slope,0.002657938515767455,False
7,roll_rec__ch3002_daily_sd_w7_max,0.008114364929497242,False
7,roll_rec__ch3002_daily_sd_w7_mean,0.003284730017185211,False
7,roll_rec__ch3002_daily_sd_w7_min,0.0027490807697176933,False
7,roll_rec__ch3002_daily_sd_w7_sd,0.004253287333995104,False
7,roll_rec__ch3002_daily_sd_w7_slope,0.002688023494556546,False
7,roll_win__ch3000_daily_hours_w30_max,0.0012287743156775832,False
7,roll_win__ch3000_daily_hours_w30_mean,0.002124398946762085,False
7,roll_win__ch3000_daily_hours_w30_min,0.0017569245537742972,False
7,roll_win__ch3000_daily_hours_w30_sd,0.0050826892256736755,False
7,roll_win__ch3000_daily_hours_w30_slope,0.006436523981392384,False
7,roll_win__ch3000_daily_hours_w7_max,1.6550889995414764e-05,False
7,roll_win__ch3000_daily_hours_w7_mean,0.0015245903050526977,False
7,roll_win__ch3000_daily_hours_w7_min,0.0017073613125830889,False
7,roll_win__ch3000_daily_hours_w7_sd,0.0020081244874745607,False
7,roll_win__ch3000_daily_hours_w7_slope,0.0037344794254750013,False
7,roll_win__ch3000_daily_mean_w30_max,0.0013495864113792777,False
7,roll_win__ch3000_daily_mean_w30_mean,0.0004485189274419099,False
7,roll_win__ch3000_daily_mean_w30_min,0.0005321864155121148,False
7,roll_win__ch3000_daily_mean_w30_sd,0.001986370189115405,False
7,roll_win__ch3000_daily_mean_w30_slope,0.00255276495590806,False
7,roll_win__ch3000_daily_mean_w7_max,0.0014561079442501068,False
7,roll_win__ch3000_daily_mean_w7_mean,0.0003042719035875052,False
7,roll_win__ch3000_daily_mean_w7_min,0.0004671881615649909,False
7,roll_win__ch3000_daily_mean_w7_sd,0.0024823027197271585,False
7,roll_win__ch3000_daily_mean_w7_slope,0.002774798311293125,False
7,roll_win__ch3000_daily_median_w30_max,0.00035960794775746763,False
7,roll_win__ch3000_daily_median_w30_mean,8.585026080254465e-05,False
7,roll_win__ch3000_daily_median_w30_min,0.0008951066993176937,False
7,roll_win__ch3000_daily_median_w30_sd,0.0020561874844133854,False
7,roll_win__ch3000_daily_median_w30_slope,0.0019164205295965075,False
7,roll_win__ch3000_daily_median_w7_max,0.0004646190791390836,False
7,roll_win__ch3000_daily_median_w7_mean,0.000234765320783481,False
7,roll_win__ch3000_daily_median_w7_min,0.0016523705562576652,False
7,roll_win__ch3000_daily_median_w7_sd,0.003409347264096141,False
7,roll_win__ch3000_daily_median_w7_slope,0.002674359828233719,False
7,roll_win__ch3000_daily_sd_w30_max,0.0016273257788270712,False
7,roll_win__ch3000_daily_sd_w30_mean,0.001258138450793922,False
7,roll_win__ch3000_daily_sd_w30_min,0.0021254417952150106,False
7,roll_win__ch3000_daily_sd_w30_sd,0.0032367240637540817,False
7,roll_win__ch3000_daily_sd_w30_slope,0.002958504017442465,False
7,roll_win__ch3000_daily_sd_w7_max,0.0023139582481235266,False
7,roll_win__ch3000_daily_sd_w7_mean,0.0012089082738384604,False
7,roll_win__ch3000_daily_sd_w7_min,0.0031316315289586782,False
7,roll_win__ch3000_daily_sd_w7_sd,0.003536196891218424,False
7,roll_win__ch3000_daily_sd_w7_slope,0.004367547109723091,False
7,roll_win__ch3001_daily_hours_w30_max,0.0008262080955319107,False
7,roll_win__ch3001_daily_hours_w30_mean,0.0010665187146514654,False
7,roll_win__ch3001_daily_hours_w30_min,0.0006709140143357217,False
7,roll_win__ch3001_daily_hours_w30_sd,0.001981059554964304,False
7,roll_win__ch3001_daily_hours_w30_slope,0.002303789835423231,False
7,roll_win__ch3001_daily_hours_w7_max,0.001250557485036552,False
7,roll_win__ch3001_daily_hours_w7_mean,0.0004511151637416333,False
7,roll_win__ch3001_daily_hours_w7_min,0.002323268447071314,False
7,roll_win__ch3001_daily_hours_w7_sd,0.0027494444511830807,False
7,roll_win__ch3001_daily_hours_w7_slope,0.0034836384002119303,False
7,roll_win__ch3001_daily_mean_w30_max,0.0008212609100155532,False
7,roll_win__ch3001_daily_mean_w30_mean,0.0002821495581883937,False
7,roll_win__ch3001_daily_mean_w30_min,0.0002601493033580482,False
7,roll_win__ch3001_daily_mean_w30_sd,0.0033039499539881945,False
7,roll_win__ch3001_daily_mean_w30_slope,0.0028336113318800926,False
7,roll_win__ch3001_daily_mean_w7_max,0.0006989534012973309,False
7,roll_win__ch3001_daily_mean_w7_mean,0.00030919164419174194,False
7,roll_win__ch3001_daily_mean_w7_min,0.0003510837268549949,False
7,roll_win__ch3001_daily_mean_w7_sd,0.0018578628078103065,False
7,roll_win__ch3001_daily_mean_w7_slope,0.0018986325012519956,False
7,roll_win__ch3001_daily_median_w30_max,0.00010562250099610537,False
7,roll_win__ch3001_daily_median_w30_mean,0.0003349681501276791,False
7,roll_win__ch3001_daily_median_w30_min,0.0009388448088429868,False
7,roll_win__ch3001_daily_median_w30_sd,0.002195795299485326,False
7,roll_win__ch3001_daily_median_w30_slope,0.002699590753763914,False
7,roll_win__ch3001_daily_median_w7_max,0.0006227602134458721,False
7,roll_win__ch3001_daily_median_w7_mean,0.0005703126080334187,False
7,roll_win__ch3001_daily_median_w7_min,0.0006020193686708808,False
7,roll_win__ch3001_daily_median_w7_sd,0.0013315241085365415,False
7,roll_win__ch3001_daily_median_w7_slope,0.0025960844941437244,False
7,roll_win__ch3001_daily_sd_w30_max,0.005237968172878027,False
7,roll_win__ch3001_daily_sd_w30_mean,0.004252297338098288,False
7,roll_win__ch3001_daily_sd_w30_min,0.0019512010039761662,False
7,roll_win__ch3001_daily_sd_w30_sd,0.0019615688361227512,False
7,roll_win__ch3001_daily_sd_w30_slope,0.0031503951177001,False
7,roll_win__ch3001_daily_sd_w7_max,0.006039654836058617,False
7,roll_win__ch3001_daily_sd_w7_mean,0.005184735171496868,False
7,roll_win__ch3001_daily_sd_w7_min,0.0018414189107716084,False
7,roll_win__ch3001_daily_sd_w7_sd,0.005032460205256939,False
7,roll_win__ch3001_daily_sd_w7_slope,0.00308275711722672,False
7,roll_win__ch3002_daily_hours_w30_max,0.0009093312546610832,False
7,roll_win__ch3002_daily_hours_w30_mean,0.0006385675515048206,False
7,roll_win__ch3002_daily_hours_w30_min,0.001113932696171105,False
7,roll_win__ch3002_daily_hours_w30_sd,0.0018093783874064684,False
7,roll_win__ch3002_daily_hours_w30_slope,0.002008626004680991,False
7,roll_win__ch3002_daily_hours_w7_max,0.0007706466130912304,False
7,roll_win__ch3002_daily_hours_w7_mean,0.0009064140031114221,False
7,roll_win__ch3002_daily_hours_w7_min,0.0025789206847548485,False
7,roll_win__ch3002_daily_hours_w7_sd,0.0029701462481170893,False
7,roll_win__ch3002_daily_hours_w7_slope,0.0023087416775524616,False
7,roll_win__ch3002_daily_mean_w30_max,0.0003165685629937798,False
7,roll_win__ch3002_daily_mean_w30_mean,0.000685820123180747,False
7,roll_win__ch3002_daily_mean_w30_min,0.0009506927453912795,False
7,roll_win__ch3002_daily_mean_w30_sd,0.0022727714385837317,False
7,roll_win__ch3002_daily_mean_w30_slope,0.0036211146507412195,False
7,roll_win__ch3002_daily_mean_w7_max,0.0015204095980152488,False
7,roll_win__ch3002_daily_mean_w7_mean,0.0004374277777969837,False
7,roll_win__ch3002_daily_mean_w7_min,0.0009988968959078193,False
7,roll_win__ch3002_daily_mean_w7_sd,0.0023316373117268085,False
7,roll_win__ch3002_daily_mean_w7_slope,0.0017573504010215402,False
7,roll_win__ch3002_daily_median_w30_max,0.0007906721439212561,False
7,roll_win__ch3002_daily_median_w30_mean,0.00023485142446588725,False
7,roll_win__ch3002_daily_median_w30_min,0.0007706948672421277,False
7,roll_win__ch3002_daily_median_w30_sd,0.0017669699154794216,False
7,roll_win__ch3002_daily_median_w30_slope,0.0023896631319075823,False
7,roll_win__ch3002_daily_median_w7_max,0.0009349479805678129,False
7,roll_win__ch3002_daily_median_w7_mean,0.0004642748099286109,False
7,roll_win__ch3002_daily_median_w7_min,0.0007663785363547504,False
7,roll_win__ch3002_daily_median_w7_sd,0.0020867905113846064,False
7,roll_win__ch3002_daily_median_w7_slope,0.002731029409915209,False
7,roll_win__ch3002_daily_sd_w30_max,0.0024055270478129387,False
7,roll_win__ch3002_daily_sd_w30_mean,0.0020910624880343676,False
7,roll_win__ch3002_daily_sd_w30_min,0.0016220899997279048,False
7,roll_win__ch3002_daily_sd_w30_sd,0.00330462702549994,False
7,roll_win__ch3002_daily_sd_w30_slope,0.003632879350334406,False
7,roll_win__ch3002_daily_sd_w7_max,0.001637191278859973,False
7,roll_win__ch3002_daily_sd_w7_mean,0.0018162686610594392,False
7,roll_win__ch3002_daily_sd_w7_min,0.00273184129036963,False
7,roll_win__ch3002_daily_sd_w7_sd,0.00526341563090682,False
7,roll_win__ch3002_daily_sd_w7_slope,0.0031111121643334627,False
7,cosinor_M,0.011527960188686848,True
7,cosinor_A1,0.001712681958451867,True
7,cosinor_A2,0.004140795208513737,True
7,cosinor_A3,0.012146337889134884,True
7,cosinor_acro_h,0.0023189098574221134,True
7,cosinor_resid_sd,0.003682592650875449,True
7,curve_night_mean,0.0009940972086042166,True
7,curve_morning_slope,0.0025394067633897066,True
7,curve_day_night_contrast,0.0035596571397036314,True
7,curve_range,0.0020264757331460714,True
7,curve_entropy,0.003892747452482581,True
7,hour_h0,0.0013161046663299203,True
7,hour_h1,0.0009562171762809157,True
7,hour_h2,0.001403668662533164,True
7,hour_h3,0.0018083821050822735,True
7,hour_h4,0.0020296943839639425,True
7,hour_h5,0.0014868752332404256,True
7,hour_h6,0.00436503067612648,True
7,hour_h7,0.0072707501240074635,True
7,hour_h8,0.019082510843873024,True
7,hour_h9,0.012422213330864906,True
7,hour_h10,0.005319055635482073,True
7,hour_h11,0.004666078835725784,True
7,hour_h12,0.001854801899753511,True
7,hour_h13,0.0038602314889431,True
7,hour_h14,0.009717361070215702,True
7,hour_h15,0.003337288275361061,True
7,hour_h16,0.0030831447802484035,True
7,hour_h17,0.0032882706727832556,True
7,hour_h18,0.0015521253226324916,True
7,hour_h19,0.0027559532318264246,True
7,hour_h20,0.0015898991841822863,True
7,hour_h21,0.003504690947011113,True
7,hour_h22,0.0020108791068196297,True
7,hour_h23,0.0013916969764977694,True
7,demo__age_group=Elderly,0.005025812890380621,False
7,demo__age_group=Middle Ager,0.0005141550209373236,False
7,demo__age_group=Young Adults,0.0005007884465157986,False
7,demo__bmi_grp=normal,0.0003162247303407639,False
7,demo__bmi_grp=obese,0.0,False
7,demo__bmi_grp=overweight,0.0005618873983621597,False
8,rec__ch3000_observed_days,0.0009657411719672382,False
8,rec__ch3000_adequate_days,0.000947040447499603,False
8,rec__ch3000_events,0.001055580098181963,False
8,rec__ch3000_span_days,0.0015672899316996336,False
8,rec__ch3000_mean_cov_h,0.0025521765928715467,False
8,rec__ch3000_mean_hours,0.0016982224769890308,False
8,rec__ch3000_events_per_day,0.0010633509373292327,False
8,rec__ch3000_mean_of_daily_mean,0.002614647848531604,False
8,rec__ch3000_sd_of_daily_mean,0.006999244913458824,False
8,rec__ch3000_mean_of_daily_sd,0.0011673946864902973,False
8,rec__ch3000_median_of_daily_median,0.00012978755694348365,False
8,rec__ch3000_p25_of_daily_median,0.0035868999548256397,False
8,rec__ch3000_p75_of_daily_median,8.96300480235368e-05,False
8,rec__ch3000_iqr_of_daily_median,0.001665745978243649,False
8,rec__ch3000_min_of_daily_min,0.0016321352450177073,False
8,rec__ch3000_max_of_daily_max,0.005082227755337954,False
8,rec__ch3000_range_of_daily_extremes,0.006519420072436333,False
8,rec__ch3000_weekday_mean,0.04033608362078667,False
8,rec__ch3000_weekend_mean,0.0005991522339172661,False
8,rec__ch3000_weekend_minus_weekday,0.020073773339390755,False
8,rec__ch3001_observed_days,0.0010421447223052382,False
8,rec__ch3001_adequate_days,0.001345443190075457,False
8,rec__ch3001_events,0.001627164427191019,False
8,rec__ch3001_span_days,0.001207993132993579,False
8,rec__ch3001_mean_cov_h,0.0009918087162077427,False
8,rec__ch3001_mean_hours,0.00016151928866747767,False
8,rec__ch3001_events_per_day,0.0013017043238505721,False
8,rec__ch3001_mean_of_daily_mean,0.0007380211027339101,False
8,rec__ch3001_sd_of_daily_mean,0.0031962404027581215,False
8,rec__ch3001_mean_of_daily_sd,0.006854417268186808,False
8,rec__ch3001_median_of_daily_median,0.0002978114935103804,False
8,rec__ch3001_p25_of_daily_median,0.0004136892384849489,False
8,rec__ch3001_p75_of_daily_median,0.00010704268788686022,False
8,rec__ch3001_iqr_of_daily_median,0.00042016018414869905,False
8,rec__ch3001_min_of_daily_min,0.002033830853179097,False
8,rec__ch3001_max_of_daily_max,0.0026949208695441484,False
8,rec__ch3001_range_of_daily_extremes,0.002405497245490551,False
8,rec__ch3001_weekday_mean,0.0005390431615523994,False
8,rec__ch3001_weekend_mean,0.0008590369252488017,False
8,rec__ch3001_weekend_minus_weekday,0.0035120327956974506,False
8,rec__ch3002_observed_days,0.0010054222075268626,False
8,rec__ch3002_adequate_days,0.0015225097304210067,False
8,rec__ch3002_events,0.0013860890176147223,False
8,rec__ch3002_span_days,0.0023705437779426575,False
8,rec__ch3002_mean_cov_h,0.0005822742241434753,False
8,rec__ch3002_mean_hours,0.0005850711022503674,False
8,rec__ch3002_events_per_day,0.0008999125566333532,False
8,rec__ch3002_mean_of_daily_mean,0.00017239352746400982,False
8,rec__ch3002_sd_of_daily_mean,0.005152410361915827,False
8,rec__ch3002_mean_of_daily_sd,0.01587594859302044,False
8,rec__ch3002_median_of_daily_median,0.0002263288333779201,False
8,rec__ch3002_p25_of_daily_median,0.0007014637812972069,False
8,rec__ch3002_p75_of_daily_median,0.00016279934789054096,False
8,rec__ch3002_iqr_of_daily_median,0.0012789882021024823,False
8,rec__ch3002_min_of_daily_min,0.0020686069037765265,False
8,rec__ch3002_max_of_daily_max,0.0013823754852637649,False
8,rec__ch3002_range_of_daily_extremes,0.0023948349989950657,False
8,rec__ch3002_weekday_mean,0.0002878427039831877,False
8,rec__ch3002_weekend_mean,0.0011285104556009173,False
8,rec__ch3002_weekend_minus_weekday,0.006701568141579628,False
8,rec__overall_events,0.000920417660381645,False
8,rec__overall_days,0.0006145442603155971,False
8,rec__overall_span_days,0.00173582520801574,False
8,rec__overall_adequate_channel_days,0.0009421767899766564,False
8,rec__ch3000_minus_ch3001_mean,0.007983269169926643,False
8,rec__ch3000_minus_ch3002_mean,0.013089688494801521,False
8,rec__ch3000_tod_night,0.0010462692007422447,False
8,rec__ch3000_tod_morning,0.01972351409494877,False
8,rec__ch3000_tod_afternoon,0.002395018469542265,False
8,rec__ch3000_tod_evening,0.0004933889140374959,False
8,rec__ch3001_tod_night,0.00854238960891962,False
8,rec__ch3001_tod_morning,0.0012397895334288478,False
8,rec__ch3001_tod_afternoon,0.001463607419282198,False
8,rec__ch3001_tod_evening,0.00047860064660198987,False
8,rec__ch3002_tod_night,0.0011650534579530358,False
8,rec__ch3002_tod_morning,0.0016702148132026196,False
8,rec__ch3002_tod_afternoon,0.002064482308924198,False
8,rec__ch3002_tod_evening,0.0013684887671843171,False
8,win__ch3000_observed_days,8.265834185294807e-05,False
8,win__ch3000_adequate_days,7.739431748632342e-05,False
8,win__ch3000_events,0.0013749103527516127,False
8,win__ch3000_mean_cov_h,0.001728990231640637,False
8,win__ch3000_mean_hours,0.0012411571806296706,False
8,win__ch3000_events_per_day,0.0009798724204301834,False
8,win__ch3000_mean_of_daily_mean,0.0017539914697408676,False
8,win__ch3000_sd_of_daily_mean,0.0075639886781573296,False
8,win__ch3000_mean_of_daily_sd,0.0024669701233506203,False
8,win__ch3000_median_of_daily_median,0.0001765395572874695,False
8,win__ch3000_p25_of_daily_median,2.603736356832087e-05,False
8,win__ch3000_p75_of_daily_median,0.000337781646521762,False
8,win__ch3000_iqr_of_daily_median,0.000705932907294482,False
8,win__ch3000_min_of_daily_min,0.0019422699697315693,False
8,win__ch3000_max_of_daily_max,0.0025512510910630226,False
8,win__ch3000_range_of_daily_extremes,0.003552633337676525,False
8,win__ch3000_weekday_mean,0.003922562580555677,False
8,win__ch3000_weekend_mean,0.002036833204329014,False
8,win__ch3000_weekend_minus_weekday,0.009177395142614841,False
8,win__ch3001_observed_days,0.0009428392513655126,False
8,win__ch3001_adequate_days,0.0008818071219138801,False
8,win__ch3001_events,0.0015792890917509794,False
8,win__ch3001_span_days,0.0004136005591135472,False
8,win__ch3001_mean_cov_h,0.0015117686707526445,False
8,win__ch3001_mean_hours,0.0009439151617698371,False
8,win__ch3001_events_per_day,0.0011915455106645823,False
8,win__ch3001_mean_of_daily_mean,0.0003613162552937865,False
8,win__ch3001_sd_of_daily_mean,0.0027271551080048084,False
8,win__ch3001_mean_of_daily_sd,0.0046617076732218266,False
8,win__ch3001_median_of_daily_median,0.00041958788642659783,False
8,win__ch3001_p25_of_daily_median,0.0002435161150060594,False
8,win__ch3001_p75_of_daily_median,0.0001818599266698584,False
8,win__ch3001_iqr_of_daily_median,0.0016758793499320745,False
8,win__ch3001_min_of_daily_min,0.0012434812961146235,False
8,win__ch3001_max_of_daily_max,0.0014924383722245693,False
8,win__ch3001_range_of_daily_extremes,0.0025486485101282597,False
8,win__ch3001_weekday_mean,0.0001732869859552011,False
8,win__ch3001_weekend_mean,0.0011319878976792097,False
8,win__ch3001_weekend_minus_weekday,0.001979386666789651,False
8,win__ch3002_observed_days,0.0006161885685287416,False
8,win__ch3002_adequate_days,0.0012121099280193448,False
8,win__ch3002_events,0.002114166971296072,False
8,win__ch3002_span_days,0.00053206249140203,False
8,win__ch3002_mean_cov_h,0.0007506723632104695,False
8,win__ch3002_mean_hours,0.000652785412967205,False
8,win__ch3002_events_per_day,0.0007425222429446876,False
8,win__ch3002_mean_of_daily_mean,0.00036078711855225265,False
8,win__ch3002_sd_of_daily_mean,0.008940402418375015,False
8,win__ch3002_mean_of_daily_sd,0.0027901711873710155,False
8,win__ch3002_median_of_daily_median,0.00018535691197030246,False
8,win__ch3002_p25_of_daily_median,0.00021337418002076447,False
8,win__ch3002_p75_of_daily_median,0.0002106713072862476,False
8,win__ch3002_iqr_of_daily_median,0.001308347680605948,False
8,win__ch3002_min_of_daily_min,0.0011707012308761477,False
8,win__ch3002_max_of_daily_max,0.0024461017455905676,False
8,win__ch3002_range_of_daily_extremes,0.0037093907594680786,False
8,win__ch3002_weekday_mean,0.00025668914895504713,False
8,win__ch3002_weekend_mean,0.0010999453952535987,False
8,win__ch3002_weekend_minus_weekday,0.0049250428564846516,False
8,win__overall_events,0.0007780079613439739,False
8,win__overall_days,6.088451755204005e-06,False
8,win__overall_adequate_channel_days,0.0006382785504683852,False
8,win__ch3000_minus_ch3001_mean,0.005480156280100346,False
8,win__ch3000_minus_ch3002_mean,0.01435216423124075,False
8,win__ch3000_tod_night,0.001074225059710443,False
8,win__ch3000_tod_morning,0.012068384326994419,False
8,win__ch3000_tod_afternoon,0.0092026861384511,False
8,win__ch3000_tod_evening,0.0012779777171090245,False
8,win__ch3001_tod_night,0.0009568111854605377,False
8,win__ch3001_tod_morning,0.0015585526125505567,False
8,win__ch3001_tod_afternoon,0.001132411416620016,False
8,win__ch3001_tod_evening,0.0009637327748350799,False
8,win__ch3002_tod_night,0.000860269763506949,False
8,win__ch3002_tod_morning,0.0011555342935025692,False
8,win__ch3002_tod_afternoon,0.001271578250452876,False
8,win__ch3002_tod_evening,0.0012306043645367026,False
8,roll_rec__ch3000_daily_hours_w30_max,0.0011071220505982637,False
8,roll_rec__ch3000_daily_hours_w30_mean,0.0013660299591720104,False
8,roll_rec__ch3000_daily_hours_w30_min,0.0018151347758248448,False
8,roll_rec__ch3000_daily_hours_w30_sd,0.0027993693947792053,False
8,roll_rec__ch3000_daily_hours_w30_slope,0.003251634771004319,False
8,roll_rec__ch3000_daily_hours_w7_max,0.00031537312315776944,False
8,roll_rec__ch3000_daily_hours_w7_mean,0.0014293252024799585,False
8,roll_rec__ch3000_daily_hours_w7_min,0.00161014124751091,False
8,roll_rec__ch3000_daily_hours_w7_sd,0.0020849318243563175,False
8,roll_rec__ch3000_daily_hours_w7_slope,0.0037938114255666733,False
8,roll_rec__ch3000_daily_mean_w30_max,0.0014581239083781838,False
8,roll_rec__ch3000_daily_mean_w30_mean,0.001653164392337203,False
8,roll_rec__ch3000_daily_mean_w30_min,0.0031085549853742123,False
8,roll_rec__ch3000_daily_mean_w30_sd,0.0012002328876405954,False
8,roll_rec__ch3000_daily_mean_w30_slope,0.0013743462041020393,False
8,roll_rec__ch3000_daily_mean_w7_max,0.0025363119784742594,False
8,roll_rec__ch3000_daily_mean_w7_mean,0.0014026433927938342,False
8,roll_rec__ch3000_daily_mean_w7_min,0.000780045404098928,False
8,roll_rec__ch3000_daily_mean_w7_sd,0.0015798737294971943,False
8,roll_rec__ch3000_daily_mean_w7_slope,0.0018428520997986197,False
8,roll_rec__ch3000_daily_median_w30_max,0.0010269879130646586,False
8,roll_rec__ch3000_daily_median_w30_mean,0.000536970270331949,False
8,roll_rec__ch3000_daily_median_w30_min,0.0010291775688529015,False
8,roll_rec__ch3000_daily_median_w30_sd,0.0026147598400712013,False
8,roll_rec__ch3000_daily_median_w30_slope,0.0017298231832683086,False
8,roll_rec__ch3000_daily_median_w7_max,0.0012762310216203332,False
8,roll_rec__ch3000_daily_median_w7_mean,0.00022233543859329075,False
8,roll_rec__ch3000_daily_median_w7_min,0.001074164523743093,False
8,roll_rec__ch3000_daily_median_w7_sd,0.002141553908586502,False
8,roll_rec__ch3000_daily_median_w7_slope,0.001368663040921092,False
8,roll_rec__ch3000_daily_sd_w30_max,0.002354375319555402,False
8,roll_rec__ch3000_daily_sd_w30_mean,0.001107244985178113,False
8,roll_rec__ch3000_daily_sd_w30_min,0.0023721170146018267,False
8,roll_rec__ch3000_daily_sd_w30_sd,0.004939557518810034,False
8,roll_rec__ch3000_daily_sd_w30_slope,0.0032880492508411407,False
8,roll_rec__ch3000_daily_sd_w7_max,0.002423121128231287,False
8,roll_rec__ch3000_daily_sd_w7_mean,0.0015102257020771503,False
8,roll_rec__ch3000_daily_sd_w7_min,0.0040158433839678764,False
8,roll_rec__ch3000_daily_sd_w7_sd,0.004126092419028282,False
8,roll_rec__ch3000_daily_sd_w7_slope,0.0033744561951607466,False
8,roll_rec__ch3001_daily_hours_w30_max,0.002081006532534957,False
8,roll_rec__ch3001_daily_hours_w30_mean,0.000622892112005502,False
8,roll_rec__ch3001_daily_hours_w30_min,0.0016841136384755373,False
8,roll_rec__ch3001_daily_hours_w30_sd,0.002271526027470827,False
8,roll_rec__ch3001_daily_hours_w30_slope,0.0025047988165169954,False
8,roll_rec__ch3001_daily_hours_w7_max,0.0017678419826552272,False
8,roll_rec__ch3001_daily_hours_w7_mean,0.00035456859041005373,False
8,roll_rec__ch3001_daily_hours_w7_min,0.0015590919647365808,False
8,roll_rec__ch3001_daily_hours_w7_sd,0.001641252194531262,False
8,roll_rec__ch3001_daily_hours_w7_slope,0.002621134277433157,False
8,roll_rec__ch3001_daily_mean_w30_max,0.0006393640069290996,False
8,roll_rec__ch3001_daily_mean_w30_mean,0.00019230757607147098,False
8,roll_rec__ch3001_daily_mean_w30_min,0.0008512465283274651,False
8,roll_rec__ch3001_daily_mean_w30_sd,0.0015325791900977492,False
8,roll_rec__ch3001_daily_mean_w30_slope,0.001469734706915915,False
8,roll_rec__ch3001_daily_mean_w7_max,0.001568272477015853,False
8,roll_rec__ch3001_daily_mean_w7_mean,0.00036264132359065115,False
8,roll_rec__ch3001_daily_mean_w7_min,0.00057129847118631,False
8,roll_rec__ch3001_daily_mean_w7_sd,0.001762391533702612,False
8,roll_rec__ch3001_daily_mean_w7_slope,0.001539304736070335,False
8,roll_rec__ch3001_daily_median_w30_max,0.0004917804035358131,False
8,roll_rec__ch3001_daily_median_w30_mean,0.0005044409772381186,False
8,roll_rec__ch3001_daily_median_w30_min,0.0006167819374240935,False
8,roll_rec__ch3001_daily_median_w30_sd,0.0013231785269454122,False
8,roll_rec__ch3001_daily_median_w30_slope,0.0016316936817020178,False
8,roll_rec__ch3001_daily_median_w7_max,0.0006511678802780807,False
8,roll_rec__ch3001_daily_median_w7_mean,0.00044498551869764924,False
8,roll_rec__ch3001_daily_median_w7_min,0.0008290603291243315,False
8,roll_rec__ch3001_daily_median_w7_sd,0.0017007393762469292,False
8,roll_rec__ch3001_daily_median_w7_slope,0.0010358468862250447,False
8,roll_rec__ch3001_daily_sd_w30_max,0.005159007851034403,False
8,roll_rec__ch3001_daily_sd_w30_mean,0.0025645135901868343,False
8,roll_rec__ch3001_daily_sd_w30_min,0.0021698949858546257,False
8,roll_rec__ch3001_daily_sd_w30_sd,0.002307511167600751,False
8,roll_rec__ch3001_daily_sd_w30_slope,0.0018980198074132204,False
8,roll_rec__ch3001_daily_sd_w7_max,0.008558814413845539,False
8,roll_rec__ch3001_daily_sd_w7_mean,0.001732189441099763,False
8,roll_rec__ch3001_daily_sd_w7_min,0.001642222749069333,False
8,roll_rec__ch3001_daily_sd_w7_sd,0.0034020154271274805,False
8,roll_rec__ch3001_daily_sd_w7_slope,0.00217898515984416,False
8,roll_rec__ch3002_daily_hours_w30_max,0.0018059046706184745,False
8,roll_rec__ch3002_daily_hours_w30_mean,0.0006035112892277539,False
8,roll_rec__ch3002_daily_hours_w30_min,0.0010098558850586414,False
8,roll_rec__ch3002_daily_hours_w30_sd,0.0017972758505493402,False
8,roll_rec__ch3002_daily_hours_w30_slope,0.0018253546440973878,False
8,roll_rec__ch3002_daily_hours_w7_max,0.000990510918200016,False
8,roll_rec__ch3002_daily_hours_w7_mean,0.000289976509520784,False
8,roll_rec__ch3002_daily_hours_w7_min,0.0023001469671726227,False
8,roll_rec__ch3002_daily_hours_w7_sd,0.002150794258341193,False
8,roll_rec__ch3002_daily_hours_w7_slope,0.0028537048492580652,False
8,roll_rec__ch3002_daily_mean_w30_max,0.0008502390701323748,False
8,roll_rec__ch3002_daily_mean_w30_mean,7.513750460930169e-05,False
8,roll_rec__ch3002_daily_mean_w30_min,0.0003521537873893976,False
8,roll_rec__ch3002_daily_mean_w30_sd,0.0014898114604875445,False
8,roll_rec__ch3002_daily_mean_w30_slope,0.0012542527401819825,False
8,roll_rec__ch3002_daily_mean_w7_max,0.0018056073458865285,False
8,roll_rec__ch3002_daily_mean_w7_mean,5.7410437875660136e-05,False
8,roll_rec__ch3002_daily_mean_w7_min,0.0006717463256791234,False
8,roll_rec__ch3002_daily_mean_w7_sd,0.0014801594661548734,False
8,roll_rec__ch3002_daily_mean_w7_slope,0.00220924592576921,False
8,roll_rec__ch3002_daily_median_w30_max,0.000939064659178257,False
8,roll_rec__ch3002_daily_median_w30_mean,0.0004395144642330706,False
8,roll_rec__ch3002_daily_median_w30_min,0.0005041983677074313,False
8,roll_rec__ch3002_daily_median_w30_sd,0.001946913660503924,False
8,roll_rec__ch3002_daily_median_w30_slope,0.001228570006787777,False
8,roll_rec__ch3002_daily_median_w7_max,0.0017815042519941926,False
8,roll_rec__ch3002_daily_median_w7_mean,0.0003461390733718872,False
8,roll_rec__ch3002_daily_median_w7_min,0.001684976159594953,False
8,roll_rec__ch3002_daily_median_w7_sd,0.0016312901861965656,False
8,roll_rec__ch3002_daily_median_w7_slope,0.0008940007537603378,False
8,roll_rec__ch3002_daily_sd_w30_max,0.002471225569024682,False
8,roll_rec__ch3002_daily_sd_w30_mean,0.003141152672469616,False
8,roll_rec__ch3002_daily_sd_w30_min,0.0022964361123740673,False
8,roll_rec__ch3002_daily_sd_w30_sd,0.0020871355663985014,False
8,roll_rec__ch3002_daily_sd_w30_slope,0.003501737955957651,False
8,roll_rec__ch3002_daily_sd_w7_max,0.01377928163856268,False
8,roll_rec__ch3002_daily_sd_w7_mean,0.009098794311285019,False
8,roll_rec__ch3002_daily_sd_w7_min,0.004079238977283239,False
8,roll_rec__ch3002_daily_sd_w7_sd,0.004212259780615568,False
8,roll_rec__ch3002_daily_sd_w7_slope,0.0037178078200668097,False
8,roll_win__ch3000_daily_hours_w30_max,0.0013384479098021984,False
8,roll_win__ch3000_daily_hours_w30_mean,0.0011635066475719213,False
8,roll_win__ch3000_daily_hours_w30_min,0.001409267308190465,False
8,roll_win__ch3000_daily_hours_w30_sd,0.0019877345766872168,False
8,roll_win__ch3000_daily_hours_w30_slope,0.0020742295309901237,False
8,roll_win__ch3000_daily_hours_w7_max,0.0007128595607355237,False
8,roll_win__ch3000_daily_hours_w7_mean,0.0017511299811303616,False
8,roll_win__ch3000_daily_hours_w7_min,0.0025969890411943197,False
8,roll_win__ch3000_daily_hours_w7_sd,0.0031031854450702667,False
8,roll_win__ch3000_daily_hours_w7_slope,0.002322840504348278,False
8,roll_win__ch3000_daily_mean_w30_max,0.0007302389713004231,False
8,roll_win__ch3000_daily_mean_w30_mean,0.0004116150666959584,False
8,roll_win__ch3000_daily_mean_w30_min,0.000774999032728374,False
8,roll_win__ch3000_daily_mean_w30_sd,0.0017098390962928534,False
8,roll_win__ch3000_daily_mean_w30_slope,0.0012992924312129617,False
8,roll_win__ch3000_daily_mean_w7_max,0.0012784666614606977,False
8,roll_win__ch3000_daily_mean_w7_mean,0.0005534415831789374,False
8,roll_win__ch3000_daily_mean_w7_min,0.0023711095564067364,False
8,roll_win__ch3000_daily_mean_w7_sd,0.002745030913501978,False
8,roll_win__ch3000_daily_mean_w7_slope,0.0031802458688616753,False
8,roll_win__ch3000_daily_median_w30_max,0.0006339210667647421,False
8,roll_win__ch3000_daily_median_w30_mean,0.0008808354032225907,False
8,roll_win__ch3000_daily_median_w30_min,0.0009837894467636943,False
8,roll_win__ch3000_daily_median_w30_sd,0.00221396260894835,False
8,roll_win__ch3000_daily_median_w30_slope,0.002892519813030958,False
8,roll_win__ch3000_daily_median_w7_max,0.000935428193770349,False
8,roll_win__ch3000_daily_median_w7_mean,0.0006703382241539657,False
8,roll_win__ch3000_daily_median_w7_min,0.0008951645577326417,False
8,roll_win__ch3000_daily_median_w7_sd,0.0019815971609205008,False
8,roll_win__ch3000_daily_median_w7_slope,0.0016395230777561665,False
8,roll_win__ch3000_daily_sd_w30_max,0.0016752273077145219,False
8,roll_win__ch3000_daily_sd_w30_mean,0.0008149145287461579,False
8,roll_win__ch3000_daily_sd_w30_min,0.002606710186228156,False
8,roll_win__ch3000_daily_sd_w30_sd,0.0022566504776477814,False
8,roll_win__ch3000_daily_sd_w30_slope,0.004060076549649239,False
8,roll_win__ch3000_daily_sd_w7_max,0.001716730766929686,False
8,roll_win__ch3000_daily_sd_w7_mean,0.0008338809129782021,False
8,roll_win__ch3000_daily_sd_w7_min,0.00330182327888906,False
8,roll_win__ch3000_daily_sd_w7_sd,0.002054751617833972,False
8,roll_win__ch3000_daily_sd_w7_slope,0.004408578388392925,False
8,roll_win__ch3001_daily_hours_w30_max,0.0009204401867464185,False
8,roll_win__ch3001_daily_hours_w30_mean,0.0010643424466252327,False
8,roll_win__ch3001_daily_hours_w30_min,0.0014806690160185099,False
8,roll_win__ch3001_daily_hours_w30_sd,0.002928258618339896,False
8,roll_win__ch3001_daily_hours_w30_slope,0.0019270761404186487,False
8,roll_win__ch3001_daily_hours_w7_max,0.0012945930939167738,False
8,roll_win__ch3001_daily_hours_w7_mean,0.000805123127065599,False
8,roll_win__ch3001_daily_hours_w7_min,0.0014104524161666632,False
8,roll_win__ch3001_daily_hours_w7_sd,0.006897866725921631,False
8,roll_win__ch3001_daily_hours_w7_slope,0.002958285389468074,False
8,roll_win__ch3001_daily_mean_w30_max,0.00019632387557066977,False
8,roll_win__ch3001_daily_mean_w30_mean,0.0001720975706120953,False
8,roll_win__ch3001_daily_mean_w30_min,0.00049545057117939,False
8,roll_win__ch3001_daily_mean_w30_sd,0.0018100147135555744,False
8,roll_win__ch3001_daily_mean_w30_slope,0.0020559828262776136,False
8,roll_win__ch3001_daily_mean_w7_max,0.0008529811166226864,False
8,roll_win__ch3001_daily_mean_w7_mean,0.0006222294759936631,False
8,roll_win__ch3001_daily_mean_w7_min,0.0006468049250543118,False
8,roll_win__ch3001_daily_mean_w7_sd,0.0023822493385523558,False
8,roll_win__ch3001_daily_mean_w7_slope,0.001257629948668182,False
8,roll_win__ch3001_daily_median_w30_max,0.0007006378145888448,False
8,roll_win__ch3001_daily_median_w30_mean,0.0002319471095688641,False
8,roll_win__ch3001_daily_median_w30_min,0.0005762787768617272,False
8,roll_win__ch3001_daily_median_w30_sd,0.001978927757591009,False
8,roll_win__ch3001_daily_median_w30_slope,0.0028447750955820084,False
8,roll_win__ch3001_daily_median_w7_max,0.0009602103382349014,False
8,roll_win__ch3001_daily_median_w7_mean,0.00014622151502408087,False
8,roll_win__ch3001_daily_median_w7_min,0.0006130111869424582,False
8,roll_win__ch3001_daily_median_w7_sd,0.0017760908231139183,False
8,roll_win__ch3001_daily_median_w7_slope,0.0016078917542472482,False
8,roll_win__ch3001_daily_sd_w30_max,0.002763430355116725,False
8,roll_win__ch3001_daily_sd_w30_mean,0.004150654189288616,False
8,roll_win__ch3001_daily_sd_w30_min,0.0021223630756139755,False
8,roll_win__ch3001_daily_sd_w30_sd,0.002206311793997884,False
8,roll_win__ch3001_daily_sd_w30_slope,0.0029926812276244164,False
8,roll_win__ch3001_daily_sd_w7_max,0.0053761727176606655,False
8,roll_win__ch3001_daily_sd_w7_mean,0.0022078000474721193,False
8,roll_win__ch3001_daily_sd_w7_min,0.0020861136727035046,False
8,roll_win__ch3001_daily_sd_w7_sd,0.0024629810359328985,False
8,roll_win__ch3001_daily_sd_w7_slope,0.0034672708716243505,False
8,roll_win__ch3002_daily_hours_w30_max,0.0008451188332401216,False
8,roll_win__ch3002_daily_hours_w30_mean,0.0008994709933176637,False
8,roll_win__ch3002_daily_hours_w30_min,0.001576631679199636,False
8,roll_win__ch3002_daily_hours_w30_sd,0.0028806414920836687,False
8,roll_win__ch3002_daily_hours_w30_slope,0.003111898433417082,False
8,roll_win__ch3002_daily_hours_w7_max,0.0015313206240534782,False
8,roll_win__ch3002_daily_hours_w7_mean,0.0006307376315817237,False
8,roll_win__ch3002_daily_hours_w7_min,0.001690936740487814,False
8,roll_win__ch3002_daily_hours_w7_sd,0.005668804980814457,False
8,roll_win__ch3002_daily_hours_w7_slope,0.0029546506702899933,False
8,roll_win__ch3002_daily_mean_w30_max,0.0005534777301363647,False
8,roll_win__ch3002_daily_mean_w30_mean,0.0009551369585096836,False
8,roll_win__ch3002_daily_mean_w30_min,0.0007528199930675328,False
8,roll_win__ch3002_daily_mean_w30_sd,0.001783412299118936,False
8,roll_win__ch3002_daily_mean_w30_slope,0.0012103315675631166,False
8,roll_win__ch3002_daily_mean_w7_max,0.00036163427284918725,False
8,roll_win__ch3002_daily_mean_w7_mean,0.0003911498642992228,False
8,roll_win__ch3002_daily_mean_w7_min,0.0009805175941437483,False
8,roll_win__ch3002_daily_mean_w7_sd,0.002766762161627412,False
8,roll_win__ch3002_daily_mean_w7_slope,0.002157622715458274,False
8,roll_win__ch3002_daily_median_w30_max,0.0002125821920344606,False
8,roll_win__ch3002_daily_median_w30_mean,0.0003772531636059284,False
8,roll_win__ch3002_daily_median_w30_min,0.0008758582407608628,False
8,roll_win__ch3002_daily_median_w30_sd,0.002676194766536355,False
8,roll_win__ch3002_daily_median_w30_slope,0.002613975666463375,False
8,roll_win__ch3002_daily_median_w7_max,0.0007407011580653489,False
8,roll_win__ch3002_daily_median_w7_mean,0.0007240943959914148,False
8,roll_win__ch3002_daily_median_w7_min,0.0012349635362625122,False
8,roll_win__ch3002_daily_median_w7_sd,0.001913007814437151,False
8,roll_win__ch3002_daily_median_w7_slope,0.0017036991193890572,False
8,roll_win__ch3002_daily_sd_w30_max,0.003527394263073802,False
8,roll_win__ch3002_daily_sd_w30_mean,0.0019572449382394552,False
8,roll_win__ch3002_daily_sd_w30_min,0.0026162259746342897,False
8,roll_win__ch3002_daily_sd_w30_sd,0.0028275044169276953,False
8,roll_win__ch3002_daily_sd_w30_slope,0.002616697223857045,False
8,roll_win__ch3002_daily_sd_w7_max,0.0024585481733083725,False
8,roll_win__ch3002_daily_sd_w7_mean,0.0015506460331380367,False
8,roll_win__ch3002_daily_sd_w7_min,0.002692445181310177,False
8,roll_win__ch3002_daily_sd_w7_sd,0.0023559504188597202,False
8,roll_win__ch3002_daily_sd_w7_slope,0.0015138651942834258,False
8,cosinor_M,0.007082837633788586,True
8,cosinor_A1,0.0014035255881026387,True
8,cosinor_A2,0.006157751195132732,True
8,cosinor_A3,0.010905706323683262,True
8,cosinor_acro_h,0.0032142517156898975,True
8,cosinor_resid_sd,0.006471419706940651,True
8,curve_night_mean,0.0005046598962508142,True
8,curve_morning_slope,0.0036640800535678864,True
8,curve_day_night_contrast,0.0019603825639933348,True
8,curve_range,0.0019713696092367172,True
8,curve_entropy,0.002054594224318862,True
8,hour_h0,0.001249052002094686,True
8,hour_h1,0.0011425585253164172,True
8,hour_h2,0.0013886631932109594,True
8,hour_h3,0.0037747249007225037,True
8,hour_h4,0.0014276119181886315,True
8,hour_h5,0.0010403022170066833,True
8,hour_h6,0.002752280328422785,True
8,hour_h7,0.004840343724936247,True
8,hour_h8,0.00481319660320878,True
8,hour_h9,0.010923020541667938,True
8,hour_h10,0.008204543963074684,True
8,hour_h11,0.010996281169354916,True
8,hour_h12,0.005398144479840994,True
8,hour_h13,0.006501875817775726,True
8,hour_h14,0.007946335710585117,True
8,hour_h15,0.005482635460793972,True
8,hour_h16,0.004420048091560602,True
8,hour_h17,0.0041061523370444775,True
8,hour_h18,0.0022659029345959425,True
8,hour_h19,0.0020330031402409077,True
8,hour_h20,0.0019221765687689185,True
8,hour_h21,0.001972850412130356,True
8,hour_h22,0.002178901107981801,True
8,hour_h23,0.0013487038668245077,True
8,demo__age_group=Elderly,0.004464820958673954,False
8,demo__age_group=Middle Ager,0.0007350554224103689,False
8,demo__age_group=Young Adults,0.00012703047832474113,False
8,demo__bmi_grp=normal,0.0008918899693526328,False
8,demo__bmi_grp=obese,0.00015365307626780123,False
8,demo__bmi_grp=overweight,0.0004923297674395144,False
9,rec__ch3000_observed_days,0.000508151832036674,False
9,rec__ch3000_adequate_days,0.00032501338864676654,False
9,rec__ch3000_events,0.0014627388445660472,False
9,rec__ch3000_span_days,0.0017392536392435431,False
9,rec__ch3000_mean_cov_h,0.0017795272869989276,False
9,rec__ch3000_mean_hours,0.0009354919893667102,False
9,rec__ch3000_events_per_day,0.0008708894019946456,False
9,rec__ch3000_mean_of_daily_mean,0.002251227619126439,False
9,rec__ch3000_sd_of_daily_mean,0.006441675592213869,False
9,rec__ch3000_mean_of_daily_sd,0.001072938903234899,False
9,rec__ch3000_median_of_daily_median,0.0022136562038213015,False
9,rec__ch3000_p25_of_daily_median,0.020115962252020836,False
9,rec__ch3000_p75_of_daily_median,0.0012486496707424521,False
9,rec__ch3000_iqr_of_daily_median,0.000597278296481818,False
9,rec__ch3000_min_of_daily_min,0.001969166798517108,False
9,rec__ch3000_max_of_daily_max,0.006387624423950911,False
9,rec__ch3000_range_of_daily_extremes,0.008854016661643982,False
9,rec__ch3000_weekday_mean,0.035687293857336044,False
9,rec__ch3000_weekend_mean,0.0014172923984006047,False
9,rec__ch3000_weekend_minus_weekday,0.01816934160888195,False
9,rec__ch3001_observed_days,0.0010388268856331706,False
9,rec__ch3001_adequate_days,0.0015802340349182487,False
9,rec__ch3001_events,0.0014056721702218056,False
9,rec__ch3001_span_days,0.002512468723580241,False
9,rec__ch3001_mean_cov_h,0.0017411526059731841,False
9,rec__ch3001_mean_hours,0.0004999251686967909,False
9,rec__ch3001_events_per_day,0.0018375999061390758,False
9,rec__ch3001_mean_of_daily_mean,0.0004759824078064412,False
9,rec__ch3001_sd_of_daily_mean,0.0054266625083982944,False
9,rec__ch3001_mean_of_daily_sd,0.0056387572549283504,False
9,rec__ch3001_median_of_daily_median,3.140385160804726e-06,False
9,rec__ch3001_p25_of_daily_median,1.2099302693968639e-05,False
9,rec__ch3001_p75_of_daily_median,0.00013832520926371217,False
9,rec__ch3001_iqr_of_daily_median,0.0002792860323097557,False
9,rec__ch3001_min_of_daily_min,0.0029902756214141846,False
9,rec__ch3001_max_of_daily_max,0.0018814429640769958,False
9,rec__ch3001_range_of_daily_extremes,0.0029673948884010315,False
9,rec__ch3001_weekday_mean,0.0005671526305377483,False
9,rec__ch3001_weekend_mean,0.00046271548490040004,False
9,rec__ch3001_weekend_minus_weekday,0.0041619702242314816,False
9,rec__ch3002_observed_days,0.0008852644823491573,False
9,rec__ch3002_adequate_days,0.0002716092567425221,False
9,rec__ch3002_events,0.0011057351948693395,False
9,rec__ch3002_span_days,0.002306235721334815,False
9,rec__ch3002_mean_cov_h,0.00042561162263154984,False
9,rec__ch3002_mean_hours,0.00020770927949342877,False
9,rec__ch3002_events_per_day,0.0006302421097643673,False
9,rec__ch3002_mean_of_daily_mean,0.0004125569830648601,False
9,rec__ch3002_sd_of_daily_mean,0.007185193710029125,False
9,rec__ch3002_mean_of_daily_sd,0.01445051934570074,False
9,rec__ch3002_median_of_daily_median,6.639373896177858e-05,False
9,rec__ch3002_p25_of_daily_median,0.00015906087355688214,False
9,rec__ch3002_p75_of_daily_median,0.0001429256226401776,False
9,rec__ch3002_iqr_of_daily_median,0.0005908866296522319,False
9,rec__ch3002_min_of_daily_min,0.0017403586534783244,False
9,rec__ch3002_max_of_daily_max,0.001881869975477457,False
9,rec__ch3002_range_of_daily_extremes,0.0019094221061095595,False
9,rec__ch3002_weekday_mean,0.000145158453960903,False
9,rec__ch3002_weekend_mean,0.0012009222991764545,False
9,rec__ch3002_weekend_minus_weekday,0.005307316780090332,False
9,rec__overall_events,0.0013179673114791512,False
9,rec__overall_days,0.0006439961143769324,False
9,rec__overall_span_days,0.0017389648128300905,False
9,rec__overall_adequate_channel_days,0.0006822063587605953,False
9,rec__ch3000_minus_ch3001_mean,0.01851624622941017,False
9,rec__ch3000_minus_ch3002_mean,0.014881744980812073,False
9,rec__ch3000_tod_night,0.0009855531388893723,False
9,rec__ch3000_tod_morning,0.016414964571595192,False
9,rec__ch3000_tod_afternoon,0.0038596983067691326,False
9,rec__ch3000_tod_evening,0.0012510293163359165,False
9,rec__ch3001_tod_night,0.0010734919924288988,False
9,rec__ch3001_tod_morning,0.0013035729061812162,False
9,rec__ch3001_tod_afternoon,0.00044040073407813907,False
9,rec__ch3001_tod_evening,0.0003299789968878031,False
9,rec__ch3002_tod_night,0.0013510255375877023,False
9,rec__ch3002_tod_morning,0.001238184398971498,False
9,rec__ch3002_tod_afternoon,0.0008807677659206092,False
9,rec__ch3002_tod_evening,0.0014301935443654656,False
9,win__ch3000_observed_days,3.3462945339124417e-06,False
9,win__ch3000_adequate_days,0.0,False
9,win__ch3000_events,0.0012237945338711143,False
9,win__ch3000_mean_cov_h,0.0011324575170874596,False
9,win__ch3000_mean_hours,0.0008896073559299111,False
9,win__ch3000_events_per_day,0.0007164592389017344,False
9,win__ch3000_mean_of_daily_mean,0.0004748490755446255,False
9,win__ch3000_sd_of_daily_mean,0.005716860760003328,False
9,win__ch3000_mean_of_daily_sd,0.0015063296305015683,False
9,win__ch3000_median_of_daily_median,9.347531158709899e-05,False
9,win__ch3000_p25_of_daily_median,0.0003204337554052472,False
9,win__ch3000_p75_of_daily_median,0.0002112645743181929,False
9,win__ch3000_iqr_of_daily_median,0.0016988229472190142,False
9,win__ch3000_min_of_daily_min,0.0029821167699992657,False
9,win__ch3000_max_of_daily_max,0.0017737655434757471,False
9,win__ch3000_range_of_daily_extremes,0.002619669074192643,False
9,win__ch3000_weekday_mean,0.008210157975554466,False
9,win__ch3000_weekend_mean,0.0010749889770522714,False
9,win__ch3000_weekend_minus_weekday,0.006882505491375923,False
9,win__ch3001_observed_days,0.0007615121430717409,False
9,win__ch3001_adequate_days,0.0013321395963430405,False
9,win__ch3001_events,0.0012390482006594539,False
9,win__ch3001_span_days,6.912951357662678e-05,False
9,win__ch3001_mean_cov_h,0.001784097752533853,False
9,win__ch3001_mean_hours,0.0003379472764208913,False
9,win__ch3001_events_per_day,0.001040985924191773,False
9,win__ch3001_mean_of_daily_mean,0.00015905109466984868,False
9,win__ch3001_sd_of_daily_mean,0.004278702661395073,False
9,win__ch3001_mean_of_daily_sd,0.006682953331619501,False
9,win__ch3001_median_of_daily_median,0.00026879520737566054,False
9,win__ch3001_p25_of_daily_median,0.000259799649938941,False
9,win__ch3001_p75_of_daily_median,0.0003593518049456179,False
9,win__ch3001_iqr_of_daily_median,0.001588425482623279,False
9,win__ch3001_min_of_daily_min,0.0018078795401379466,False
9,win__ch3001_max_of_daily_max,0.002710432279855013,False
9,win__ch3001_range_of_daily_extremes,0.0026732096448540688,False
9,win__ch3001_weekday_mean,0.00034329845220781863,False
9,win__ch3001_weekend_mean,0.0012737240176647902,False
9,win__ch3001_weekend_minus_weekday,0.002907882444560528,False
9,win__ch3002_observed_days,0.0006263828254304826,False
9,win__ch3002_adequate_days,0.00026877832715399563,False
9,win__ch3002_events,0.0021625361405313015,False
9,win__ch3002_span_days,0.00026334080030210316,False
9,win__ch3002_mean_cov_h,0.0007697287364862859,False
9,win__ch3002_mean_hours,0.0007174962665885687,False
9,win__ch3002_events_per_day,0.0005824342370033264,False
9,win__ch3002_mean_of_daily_mean,0.00021986024512443691,False
9,win__ch3002_sd_of_daily_mean,0.00709619140252471,False
9,win__ch3002_mean_of_daily_sd,0.003090118756517768,False
9,win__ch3002_median_of_daily_median,5.409168443293311e-05,False
9,win__ch3002_p25_of_daily_median,0.0006082843174226582,False
9,win__ch3002_p75_of_daily_median,0.0001458999322494492,False
9,win__ch3002_iqr_of_daily_median,0.0018145533977076411,False
9,win__ch3002_min_of_daily_min,0.0013287753099575639,False
9,win__ch3002_max_of_daily_max,0.0020961863920092583,False
9,win__ch3002_range_of_daily_extremes,0.0012614148436114192,False
9,win__ch3002_weekday_mean,0.0006899906438775361,False
9,win__ch3002_weekend_mean,0.0016123115783557296,False
9,win__ch3002_weekend_minus_weekday,0.0037128871772438288,False
9,win__overall_events,0.001238012919202447,False
9,win__overall_days,0.00027630964177660644,False
9,win__overall_adequate_channel_days,0.0005018029478378594,False
9,win__ch3000_minus_ch3001_mean,0.00981807243078947,False
9,win__ch3000_minus_ch3002_mean,0.010601837188005447,False
9,win__ch3000_tod_night,0.0009649817948229611,False
9,win__ch3000_tod_morning,0.008797163143754005,False
9,win__ch3000_tod_afternoon,0.0030976966954767704,False
9,win__ch3000_tod_evening,0.002077352022752166,False
9,win__ch3001_tod_night,0.0009982543997466564,False
9,win__ch3001_tod_morning,0.0009474849794059992,False
9,win__ch3001_tod_afternoon,0.0010329220676794648,False
9,win__ch3001_tod_evening,0.0013575709890574217,False
9,win__ch3002_tod_night,0.0013974165776744485,False
9,win__ch3002_tod_morning,0.0015130082610994577,False
9,win__ch3002_tod_afternoon,0.0014462089166045189,False
9,win__ch3002_tod_evening,0.0010855966247618198,False
9,roll_rec__ch3000_daily_hours_w30_max,0.0013556325575336814,False
9,roll_rec__ch3000_daily_hours_w30_mean,0.0012030600337311625,False
9,roll_rec__ch3000_daily_hours_w30_min,0.0015377141535282135,False
9,roll_rec__ch3000_daily_hours_w30_sd,0.0017831054283306003,False
9,roll_rec__ch3000_daily_hours_w30_slope,0.002638528821989894,False
9,roll_rec__ch3000_daily_hours_w7_max,0.0008771919528953731,False
9,roll_rec__ch3000_daily_hours_w7_mean,0.0015193461440503597,False
9,roll_rec__ch3000_daily_hours_w7_min,0.002423996804282069,False
9,roll_rec__ch3000_daily_hours_w7_sd,0.00227889115922153,False
9,roll_rec__ch3000_daily_hours_w7_slope,0.0025087441317737103,False
9,roll_rec__ch3000_daily_mean_w30_max,0.0010435167932882905,False
9,roll_rec__ch3000_daily_mean_w30_mean,0.0026147293392568827,False
9,roll_rec__ch3000_daily_mean_w30_min,0.002094220370054245,False
9,roll_rec__ch3000_daily_mean_w30_sd,0.0021617969032377005,False
9,roll_rec__ch3000_daily_mean_w30_slope,0.001212159520946443,False
9,roll_rec__ch3000_daily_mean_w7_max,0.0013924047816544771,False
9,roll_rec__ch3000_daily_mean_w7_mean,0.004325983580201864,False
9,roll_rec__ch3000_daily_mean_w7_min,0.0010866867378354073,False
9,roll_rec__ch3000_daily_mean_w7_sd,0.001858127536252141,False
9,roll_rec__ch3000_daily_mean_w7_slope,0.0009566959924995899,False
9,roll_rec__ch3000_daily_median_w30_max,0.0005371125880628824,False
9,roll_rec__ch3000_daily_median_w30_mean,0.000826493778731674,False
9,roll_rec__ch3000_daily_median_w30_min,0.0013392772525548935,False
9,roll_rec__ch3000_daily_median_w30_sd,0.001707259682007134,False
9,roll_rec__ch3000_daily_median_w30_slope,0.001591879059560597,False
9,roll_rec__ch3000_daily_median_w7_max,0.0009867404587566853,False
9,roll_rec__ch3000_daily_median_w7_mean,0.0008015248458832502,False
9,roll_rec__ch3000_daily_median_w7_min,0.0016667373711243272,False
9,roll_rec__ch3000_daily_median_w7_sd,0.0018301960080862045,False
9,roll_rec__ch3000_daily_median_w7_slope,0.0015496881678700447,False
9,roll_rec__ch3000_daily_sd_w30_max,0.002645173342898488,False
9,roll_rec__ch3000_daily_sd_w30_mean,0.001549912616610527,False
9,roll_rec__ch3000_daily_sd_w30_min,0.0021804412826895714,False
9,roll_rec__ch3000_daily_sd_w30_sd,0.0026055979542434216,False
9,roll_rec__ch3000_daily_sd_w30_slope,0.0023557941894978285,False
9,roll_rec__ch3000_daily_sd_w7_max,0.0014352049911394715,False
9,roll_rec__ch3000_daily_sd_w7_mean,0.0012241682270541787,False
9,roll_rec__ch3000_daily_sd_w7_min,0.005242626648396254,False
9,roll_rec__ch3000_daily_sd_w7_sd,0.004125501029193401,False
9,roll_rec__ch3000_daily_sd_w7_slope,0.0024567681830376387,False
9,roll_rec__ch3001_daily_hours_w30_max,0.0023509771563112736,False
9,roll_rec__ch3001_daily_hours_w30_mean,0.0012923507019877434,False
9,roll_rec__ch3001_daily_hours_w30_min,0.000590495765209198,False
9,roll_rec__ch3001_daily_hours_w30_sd,0.001896740053780377,False
9,roll_rec__ch3001_daily_hours_w30_slope,0.0015687691047787666,False
9,roll_rec__ch3001_daily_hours_w7_max,0.0010676243109628558,False
9,roll_rec__ch3001_daily_hours_w7_mean,0.0007766316412016749,False
9,roll_rec__ch3001_daily_hours_w7_min,0.0014301681658253074,False
9,roll_rec__ch3001_daily_hours_w7_sd,0.003661838825792074,False
9,roll_rec__ch3001_daily_hours_w7_slope,0.0016460047336295247,False
9,roll_rec__ch3001_daily_mean_w30_max,0.0014014289481565356,False
9,roll_rec__ch3001_daily_mean_w30_mean,0.00046944519272074103,False
9,roll_rec__ch3001_daily_mean_w30_min,0.0007979556685313582,False
9,roll_rec__ch3001_daily_mean_w30_sd,0.002182015450671315,False
9,roll_rec__ch3001_daily_mean_w30_slope,0.0014993057120591402,False
9,roll_rec__ch3001_daily_mean_w7_max,0.0014145969180390239,False
9,roll_rec__ch3001_daily_mean_w7_mean,0.00026701358729042113,False
9,roll_rec__ch3001_daily_mean_w7_min,0.0013317228294909,False
9,roll_rec__ch3001_daily_mean_w7_sd,0.0010637652594596148,False
9,roll_rec__ch3001_daily_mean_w7_slope,0.0012279101647436619,False
9,roll_rec__ch3001_daily_median_w30_max,0.0009302477119490504,False
9,roll_rec__ch3001_daily_median_w30_mean,0.0006464596372097731,False
9,roll_rec__ch3001_daily_median_w30_min,0.0007394390995614231,False
9,roll_rec__ch3001_daily_median_w30_sd,0.0018487464403733611,False
9,roll_rec__ch3001_daily_median_w30_slope,0.0009074865956790745,False
9,roll_rec__ch3001_daily_median_w7_max,0.0012332249898463488,False
9,roll_rec__ch3001_daily_median_w7_mean,0.0005183588364161551,False
9,roll_rec__ch3001_daily_median_w7_min,0.0008234995766542852,False
9,roll_rec__ch3001_daily_median_w7_sd,0.002087848959490657,False
9,roll_rec__ch3001_daily_median_w7_slope,0.0015401376876980066,False
9,roll_rec__ch3001_daily_sd_w30_max,0.006120401434600353,False
9,roll_rec__ch3001_daily_sd_w30_mean,0.003820415586233139,False
9,roll_rec__ch3001_daily_sd_w30_min,0.002021253341808915,False
9,roll_rec__ch3001_daily_sd_w30_sd,0.0032470638398081064,False
9,roll_rec__ch3001_daily_sd_w30_slope,0.0016997999045997858,False
9,roll_rec__ch3001_daily_sd_w7_max,0.01249882485717535,False
9,roll_rec__ch3001_daily_sd_w7_mean,0.0048546199686825275,False
9,roll_rec__ch3001_daily_sd_w7_min,0.0023058638907969,False
9,roll_rec__ch3001_daily_sd_w7_sd,0.006475804839283228,False
9,roll_rec__ch3001_daily_sd_w7_slope,0.0026382184587419033,False
9,roll_rec__ch3002_daily_hours_w30_max,0.001502209110185504,False
9,roll_rec__ch3002_daily_hours_w30_mean,0.0007540489314123988,False
9,roll_rec__ch3002_daily_hours_w30_min,0.0011917793890461326,False
9,roll_rec__ch3002_daily_hours_w30_sd,0.001175134559161961,False
9,roll_rec__ch3002_daily_hours_w30_slope,0.001520673860795796,False
9,roll_rec__ch3002_daily_hours_w7_max,0.0023200022988021374,False
9,roll_rec__ch3002_daily_hours_w7_mean,0.0003180066414643079,False
9,roll_rec__ch3002_daily_hours_w7_min,0.0016369528602808714,False
9,roll_rec__ch3002_daily_hours_w7_sd,0.002416165079921484,False
9,roll_rec__ch3002_daily_hours_w7_slope,0.002234602114185691,False
9,roll_rec__ch3002_daily_mean_w30_max,0.0005357979680411518,False
9,roll_rec__ch3002_daily_mean_w30_mean,0.000532265636138618,False
9,roll_rec__ch3002_daily_mean_w30_min,0.0010525506222620606,False
9,roll_rec__ch3002_daily_mean_w30_sd,0.0015691862208768725,False
9,roll_rec__ch3002_daily_mean_w30_slope,0.0008350370917469263,False
9,roll_rec__ch3002_daily_mean_w7_max,0.0012270042207092047,False
9,roll_rec__ch3002_daily_mean_w7_mean,0.0003872060333378613,False
9,roll_rec__ch3002_daily_mean_w7_min,0.0012002988951280713,False
9,roll_rec__ch3002_daily_mean_w7_sd,0.0014244228368625045,False
9,roll_rec__ch3002_daily_mean_w7_slope,0.0020296608563512564,False
9,roll_rec__ch3002_daily_median_w30_max,0.000324298714986071,False
9,roll_rec__ch3002_daily_median_w30_mean,0.0,False
9,roll_rec__ch3002_daily_median_w30_min,0.0010108876740559936,False
9,roll_rec__ch3002_daily_median_w30_sd,0.002498236484825611,False
9,roll_rec__ch3002_daily_median_w30_slope,0.001446229056455195,False
9,roll_rec__ch3002_daily_median_w7_max,0.0016926751704886556,False
9,roll_rec__ch3002_daily_median_w7_mean,0.00045635015703737736,False
9,roll_rec__ch3002_daily_median_w7_min,0.0014360799686983228,False
9,roll_rec__ch3002_daily_median_w7_sd,0.0022296837996691465,False
9,roll_rec__ch3002_daily_median_w7_slope,0.001168814953416586,False
9,roll_rec__ch3002_daily_sd_w30_max,0.005363774485886097,False
9,roll_rec__ch3002_daily_sd_w30_mean,0.00721693504601717,False
9,roll_rec__ch3002_daily_sd_w30_min,0.0022829186636954546,False
9,roll_rec__ch3002_daily_sd_w30_sd,0.002603381872177124,False
9,roll_rec__ch3002_daily_sd_w30_slope,0.002558083040639758,False
9,roll_rec__ch3002_daily_sd_w7_max,0.008059540763497353,False
9,roll_rec__ch3002_daily_sd_w7_mean,0.007351892068982124,False
9,roll_rec__ch3002_daily_sd_w7_min,0.003818582510575652,False
9,roll_rec__ch3002_daily_sd_w7_sd,0.00714107695966959,False
9,roll_rec__ch3002_daily_sd_w7_slope,0.0025826808996498585,False
9,roll_win__ch3000_daily_hours_w30_max,0.0009503228357061744,False
9,roll_win__ch3000_daily_hours_w30_mean,0.0007698101690039039,False
9,roll_win__ch3000_daily_hours_w30_min,0.0006573621067218482,False
9,roll_win__ch3000_daily_hours_w30_sd,0.0012748987646773458,False
9,roll_win__ch3000_daily_hours_w30_slope,0.004004308488219976,False
9,roll_win__ch3000_daily_hours_w7_max,0.0003669323050417006,False
9,roll_win__ch3000_daily_hours_w7_mean,0.0008323298534378409,False
9,roll_win__ch3000_daily_hours_w7_min,0.0017008337890729308,False
9,roll_win__ch3000_daily_hours_w7_sd,0.0019071637652814388,False
9,roll_win__ch3000_daily_hours_w7_slope,0.0032926551066339016,False
9,roll_win__ch3000_daily_mean_w30_max,0.0010731909424066544,False
9,roll_win__ch3000_daily_mean_w30_mean,0.0009333620546385646,False
9,roll_win__ch3000_daily_mean_w30_min,0.0014862860552966595,False
9,roll_win__ch3000_daily_mean_w30_sd,0.002856166334822774,False
9,roll_win__ch3000_daily_mean_w30_slope,0.0018529428634792566,False
9,roll_win__ch3000_daily_mean_w7_max,0.0007429694524034858,False
9,roll_win__ch3000_daily_mean_w7_mean,0.00021768045553471893,False
9,roll_win__ch3000_daily_mean_w7_min,0.0009304826380684972,False
9,roll_win__ch3000_daily_mean_w7_sd,0.0019766828045248985,False
9,roll_win__ch3000_daily_mean_w7_slope,0.0016395958373323083,False
9,roll_win__ch3000_daily_median_w30_max,0.0006820846465416253,False
9,roll_win__ch3000_daily_median_w30_mean,0.0007944232784211636,False
9,roll_win__ch3000_daily_median_w30_min,0.0005352080916054547,False
9,roll_win__ch3000_daily_median_w30_sd,0.002366170519962907,False
9,roll_win__ch3000_daily_median_w30_slope,0.002478561131283641,False
9,roll_win__ch3000_daily_median_w7_max,0.0005727004609070718,False
9,roll_win__ch3000_daily_median_w7_mean,0.000682205252815038,False
9,roll_win__ch3000_daily_median_w7_min,0.0007452776771970093,False
9,roll_win__ch3000_daily_median_w7_sd,0.0024073144886642694,False
9,roll_win__ch3000_daily_median_w7_slope,0.0013579935766756535,False
9,roll_win__ch3000_daily_sd_w30_max,0.0008171931840479374,False
9,roll_win__ch3000_daily_sd_w30_mean,0.0010668560862541199,False
9,roll_win__ch3000_daily_sd_w30_min,0.0017481186660006642,False
9,roll_win__ch3000_daily_sd_w30_sd,0.0028596038464456797,False
9,roll_win__ch3000_daily_sd_w30_slope,0.002849695272743702,False
9,roll_win__ch3000_daily_sd_w7_max,0.001532668131403625,False
9,roll_win__ch3000_daily_sd_w7_mean,0.0010929388226941228,False
9,roll_win__ch3000_daily_sd_w7_min,0.003348897909745574,False
9,roll_win__ch3000_daily_sd_w7_sd,0.003952077589929104,False
9,roll_win__ch3000_daily_sd_w7_slope,0.0036249703262001276,False
9,roll_win__ch3001_daily_hours_w30_max,0.0008236938738264143,False
9,roll_win__ch3001_daily_hours_w30_mean,0.0008037319639697671,False
9,roll_win__ch3001_daily_hours_w30_min,0.001036507892422378,False
9,roll_win__ch3001_daily_hours_w30_sd,0.0022793193347752094,False
9,roll_win__ch3001_daily_hours_w30_slope,0.0011153590166941285,False
9,roll_win__ch3001_daily_hours_w7_max,0.0009251685114577413,False
9,roll_win__ch3001_daily_hours_w7_mean,0.0004104691033717245,False
9,roll_win__ch3001_daily_hours_w7_min,0.001846291241236031,False
9,roll_win__ch3001_daily_hours_w7_sd,0.0039720600470900536,False
9,roll_win__ch3001_daily_hours_w7_slope,0.0016050736885517836,False
9,roll_win__ch3001_daily_mean_w30_max,0.0007483357330784202,False
9,roll_win__ch3001_daily_mean_w30_mean,0.0005731006385758519,False
9,roll_win__ch3001_daily_mean_w30_min,0.0006113535491749644,False
9,roll_win__ch3001_daily_mean_w30_sd,0.001991688273847103,False
9,roll_win__ch3001_daily_mean_w30_slope,0.002057860139757395,False
9,roll_win__ch3001_daily_mean_w7_max,0.000978729804046452,False
9,roll_win__ch3001_daily_mean_w7_mean,0.0001880464405985549,False
9,roll_win__ch3001_daily_mean_w7_min,0.0006886604242026806,False
9,roll_win__ch3001_daily_mean_w7_sd,0.003744543297216296,False
9,roll_win__ch3001_daily_mean_w7_slope,0.002036839257925749,False
9,roll_win__ch3001_daily_median_w30_max,0.000609372858889401,False
9,roll_win__ch3001_daily_median_w30_mean,0.0006701040547341108,False
9,roll_win__ch3001_daily_median_w30_min,0.0008213669061660767,False
9,roll_win__ch3001_daily_median_w30_sd,0.0019569124560803175,False
9,roll_win__ch3001_daily_median_w30_slope,0.0025621436070650816,False
9,roll_win__ch3001_daily_median_w7_max,0.0009588419343344867,False
9,roll_win__ch3001_daily_median_w7_mean,0.0004067853151354939,False
9,roll_win__ch3001_daily_median_w7_min,0.0004206201119814068,False
9,roll_win__ch3001_daily_median_w7_sd,0.0024649756960570812,False
9,roll_win__ch3001_daily_median_w7_slope,0.0023109051398932934,False
9,roll_win__ch3001_daily_sd_w30_max,0.004358815960586071,False
9,roll_win__ch3001_daily_sd_w30_mean,0.004164812155067921,False
9,roll_win__ch3001_daily_sd_w30_min,0.002219247631728649,False
9,roll_win__ch3001_daily_sd_w30_sd,0.0031799934804439545,False
9,roll_win__ch3001_daily_sd_w30_slope,0.0029809812549501657,False
9,roll_win__ch3001_daily_sd_w7_max,0.004800441209226847,False
9,roll_win__ch3001_daily_sd_w7_mean,0.002302037551999092,False
9,roll_win__ch3001_daily_sd_w7_min,0.0035294382832944393,False
9,roll_win__ch3001_daily_sd_w7_sd,0.0019745510071516037,False
9,roll_win__ch3001_daily_sd_w7_slope,0.004040677100419998,False
9,roll_win__ch3002_daily_hours_w30_max,0.0008234109845943749,False
9,roll_win__ch3002_daily_hours_w30_mean,0.00092441396554932,False
9,roll_win__ch3002_daily_hours_w30_min,0.001619116635993123,False
9,roll_win__ch3002_daily_hours_w30_sd,0.0024099627044051886,False
9,roll_win__ch3002_daily_hours_w30_slope,0.00207282486371696,False
9,roll_win__ch3002_daily_hours_w7_max,0.0009512259857729077,False
9,roll_win__ch3002_daily_hours_w7_mean,0.0007046947139315307,False
9,roll_win__ch3002_daily_hours_w7_min,0.0015759043162688613,False
9,roll_win__ch3002_daily_hours_w7_sd,0.005361692514270544,False
9,roll_win__ch3002_daily_hours_w7_slope,0.0019709605257958174,False
9,roll_win__ch3002_daily_mean_w30_max,0.0007743279566057026,False
9,roll_win__ch3002_daily_mean_w30_mean,0.0004659305850509554,False
9,roll_win__ch3002_daily_mean_w30_min,0.00024798576487228274,False
9,roll_win__ch3002_daily_mean_w30_sd,0.0016278696712106466,False
9,roll_win__ch3002_daily_mean_w30_slope,0.001552692148834467,False
9,roll_win__ch3002_daily_mean_w7_max,0.0005825864500366151,False
9,roll_win__ch3002_daily_mean_w7_mean,0.00021404208382591605,False
9,roll_win__ch3002_daily_mean_w7_min,0.0016156414058059454,False
9,roll_win__ch3002_daily_mean_w7_sd,0.0018986995564773679,False
9,roll_win__ch3002_daily_mean_w7_slope,0.0015873209340497851,False
9,roll_win__ch3002_daily_median_w30_max,0.0005079369875602424,False
9,roll_win__ch3002_daily_median_w30_mean,0.0007000254699960351,False
9,roll_win__ch3002_daily_median_w30_min,0.0008650002419017255,False
9,roll_win__ch3002_daily_median_w30_sd,0.0020122104324400425,False
9,roll_win__ch3002_daily_median_w30_slope,0.00176814675796777,False
9,roll_win__ch3002_daily_median_w7_max,0.0008484880090691149,False
9,roll_win__ch3002_daily_median_w7_mean,0.00019915674056392163,False
9,roll_win__ch3002_daily_median_w7_min,0.001288119936361909,False
9,roll_win__ch3002_daily_median_w7_sd,0.002251752419397235,False
9,roll_win__ch3002_daily_median_w7_slope,0.0026442890521138906,False
9,roll_win__ch3002_daily_sd_w30_max,0.0018245127284899354,False
9,roll_win__ch3002_daily_sd_w30_mean,0.0017574983648955822,False
9,roll_win__ch3002_daily_sd_w30_min,0.003775892546400428,False
9,roll_win__ch3002_daily_sd_w30_sd,0.0028906939551234245,False
9,roll_win__ch3002_daily_sd_w30_slope,0.0029427194967865944,False
9,roll_win__ch3002_daily_sd_w7_max,0.0035647701006382704,False
9,roll_win__ch3002_daily_sd_w7_mean,0.001133667305111885,False
9,roll_win__ch3002_daily_sd_w7_min,0.0031338233966380358,False
9,roll_win__ch3002_daily_sd_w7_sd,0.0031580980867147446,False
9,roll_win__ch3002_daily_sd_w7_slope,0.0029173060320317745,False
9,cosinor_M,0.010192517191171646,True
9,cosinor_A1,0.0017114764777943492,True
9,cosinor_A2,0.0056309481151402,True
9,cosinor_A3,0.012535559013485909,True
9,cosinor_acro_h,0.002576065482571721,True
9,cosinor_resid_sd,0.004172333516180515,True
9,curve_night_mean,0.0006874055834487081,True
9,curve_morning_slope,0.004079001490026712,True
9,curve_day_night_contrast,0.0024709906429052353,True
9,curve_range,0.0018866579048335552,True
9,curve_entropy,0.003221119986847043,True
9,hour_h0,0.0014188349014148116,True
9,hour_h1,0.0012890939833596349,True
9,hour_h2,0.0030143545009195805,True
9,hour_h3,0.0009525520144961774,True
9,hour_h4,0.002414839807897806,True
9,hour_h5,0.001228456269018352,True
9,hour_h6,0.0029389974661171436,True
9,hour_h7,0.004093795083463192,True
9,hour_h8,0.005821480415761471,True
9,hour_h9,0.015712296590209007,True
9,hour_h10,0.009394044987857342,True
9,hour_h11,0.005765418987721205,True
9,hour_h12,0.003576958319172263,True
9,hour_h13,0.004273400641977787,True
9,hour_h14,0.0038628987967967987,True
9,hour_h15,0.0037917951121926308,True
9,hour_h16,0.002762974938377738,True
9,hour_h17,0.001993638463318348,True
9,hour_h18,0.0010418716119602323,True
9,hour_h19,0.0008987018372863531,True
9,hour_h20,0.0016455502482131124,True
9,hour_h21,0.002059230813756585,True
9,hour_h22,0.002035516779869795,True
9,hour_h23,0.0008633679244667292,True
9,demo__age_group=Elderly,0.00401575630530715,False
9,demo__age_group=Middle Ager,0.0003375571104697883,False
9,demo__age_group=Young Adults,0.0006254158797673881,False
9,demo__bmi_grp=normal,0.00044280968722887337,False
9,demo__bmi_grp=obese,0.00011412450112402439,False
9,demo__bmi_grp=overweight,0.0008882703259587288,False
