user,allocation,split,arm,label,score
1122,0,val,H_clock,0,0.6321378
4993,0,val,H_clock,1,0.7962916
15488,0,val,H_clock,1,1.0581377
20593,0,val,H_clock,1,0.91964823
22854,0,val,H_clock,1,0.5784838
32097,0,val,H_clock,1,0.95107555
33645,0,val,H_clock,0,0.06862968
40597,0,val,H_clock,1,0.6942157
50696,0,val,H_clock,1,0.5962895
52327,0,val,H_clock,1,1.128484
54388,0,val,H_clock,0,0.33516905
57684,0,val,H_clock,1,0.448582
58630,0,val,H_clock,1,0.7253296
59792,0,val,H_clock,0,0.39996123
72432,0,val,H_clock,1,0.6720334
76273,0,val,H_clock,1,0.8359073
85978,0,val,H_clock,1,0.47296402
86840,0,val,H_clock,1,0.62382215
87973,0,val,H_clock,1,0.75603783
91249,0,val,H_clock,1,0.34291345
112607,0,val,H_clock,1,0.9882605
112715,0,val,H_clock,1,1.0429556
123208,0,val,H_clock,1,0.84625804
140328,0,val,H_clock,0,0.55122244
141620,0,val,H_clock,1,1.0936465
143454,0,val,H_clock,0,0.8470689
144004,0,val,H_clock,0,0.32229358
145109,0,val,H_clock,1,0.12075299
149348,0,val,H_clock,1,0.7663765
152430,0,val,H_clock,1,0.5833912
154041,0,val,H_clock,1,0.4494043
157449,0,val,H_clock,1,0.7142816
162518,0,val,H_clock,1,0.96421635
163423,0,val,H_clock,1,0.85728806
165324,0,val,H_clock,0,0.41838035
165400,0,val,H_clock,0,0.6416234
169372,0,val,H_clock,1,0.82778466
171833,0,val,H_clock,1,0.7834271
171896,0,val,H_clock,1,0.50119615
172578,0,val,H_clock,1,1.1781901
173162,0,val,H_clock,0,0.4506969
176133,0,val,H_clock,1,0.81704247
184936,0,val,H_clock,1,0.86146307
191335,0,val,H_clock,0,0.55087453
193149,0,val,H_clock,0,0.57490104
203640,0,val,H_clock,1,0.8775415
207233,0,val,H_clock,1,1.1668892
213739,0,val,H_clock,0,0.22301617
228543,0,val,H_clock,1,0.8002287
234247,0,val,H_clock,0,0.7191244
237953,0,val,H_clock,1,1.0082372
238407,0,val,H_clock,0,0.37562814
240229,0,val,H_clock,0,0.39153916
243108,0,val,H_clock,1,1.001622
250983,0,val,H_clock,0,0.66019005
258462,0,val,H_clock,0,0.47877467
269426,0,val,H_clock,1,0.426615
273826,0,val,H_clock,1,0.6457072
278485,0,val,H_clock,0,0.2896142
280452,0,val,H_clock,0,0.41790694
282212,0,val,H_clock,1,0.5453039
289992,0,val,H_clock,1,0.7269803
292872,0,val,H_clock,0,0.35766494
299698,0,val,H_clock,1,0.681907
303683,0,val,H_clock,0,0.5561191
308426,0,val,H_clock,1,0.37172008
308485,0,val,H_clock,0,0.4358387
319549,0,val,H_clock,1,0.6779947
321109,0,val,H_clock,0,0.96362424
321989,0,val,H_clock,1,0.8634063
323718,0,val,H_clock,1,0.67885697
323797,0,val,H_clock,0,0.17826691
325318,0,val,H_clock,0,0.72343737
328655,0,val,H_clock,0,0.34702122
332529,0,val,H_clock,1,0.8081912
335955,0,val,H_clock,1,0.48365527
338273,0,val,H_clock,1,0.9054899
345087,0,val,H_clock,1,1.0215483
345361,0,val,H_clock,1,0.9324456
347257,0,val,H_clock,1,1.0732162
349058,0,val,H_clock,1,0.74324447
350012,0,val,H_clock,1,0.7654694
350472,0,val,H_clock,0,0.2795512
352441,0,val,H_clock,0,0.39775252
352893,0,val,H_clock,1,0.7503073
353416,0,val,H_clock,1,0.5691182
357322,0,val,H_clock,0,0.67478675
364228,0,val,H_clock,1,0.80678725
364440,0,val,H_clock,0,0.36964887
368436,0,val,H_clock,1,0.71957225
369818,0,val,H_clock,1,0.97315955
372332,0,val,H_clock,1,0.6589165
375294,0,val,H_clock,1,0.94593155
376880,0,val,H_clock,1,0.9087353
377217,0,val,H_clock,1,0.6295562
377703,0,val,H_clock,1,0.9096353
400944,0,val,H_clock,1,0.6642452
406676,0,val,H_clock,1,0.74833435
407827,0,val,H_clock,1,0.8690149
412716,0,val,H_clock,1,0.9756161
416249,0,val,H_clock,1,0.56260085
420633,0,val,H_clock,1,0.64934367
421283,0,val,H_clock,1,0.7301252
421437,0,val,H_clock,0,0.1940423
423553,0,val,H_clock,1,0.8920001
431921,0,val,H_clock,0,0.5675272
432168,0,val,H_clock,1,0.90746105
432906,0,val,H_clock,1,0.7518381
433303,0,val,H_clock,1,0.7787451
443207,0,val,H_clock,1,0.79193753
445318,0,val,H_clock,0,0.5472917
448027,0,val,H_clock,0,0.22174895
463298,0,val,H_clock,1,0.7792894
469812,0,val,H_clock,0,0.53945005
469865,0,val,H_clock,1,0.84764296
474601,0,val,H_clock,1,0.88709354
475893,0,val,H_clock,0,0.47033674
482448,0,val,H_clock,0,0.7307521
487378,0,val,H_clock,0,0.51647556
488665,0,val,H_clock,0,0.55056477
490941,0,val,H_clock,0,0.08701283
496270,0,val,H_clock,1,0.7479605
502585,0,val,H_clock,0,0.6332843
507011,0,val,H_clock,1,0.53323
509624,0,val,H_clock,1,0.4200915
512180,0,val,H_clock,1,0.8010939
517848,0,val,H_clock,1,0.9543091
518232,0,val,H_clock,1,0.68787915
520868,0,val,H_clock,0,0.21619165
526837,0,val,H_clock,0,0.8266051
529902,0,val,H_clock,1,1.3174683
530038,0,val,H_clock,1,1.085302
531104,0,val,H_clock,1,1.0252613
532533,0,val,H_clock,1,0.8452032
545205,0,val,H_clock,0,0.23932803
546258,0,val,H_clock,1,0.88335365
549363,0,val,H_clock,0,0.23846376
552325,0,val,H_clock,0,0.76845056
552424,0,val,H_clock,0,0.64134663
556177,0,val,H_clock,0,0.5446571
563033,0,val,H_clock,0,0.74177384
564394,0,val,H_clock,0,0.41729566
577668,0,val,H_clock,1,0.5256185
578084,0,val,H_clock,0,0.6401556
583338,0,val,H_clock,1,0.76275563
588986,0,val,H_clock,1,1.1543539
592548,0,val,H_clock,0,0.38061398
599396,0,val,H_clock,0,0.35309556
605160,0,val,H_clock,0,0.60861903
607813,0,val,H_clock,0,0.23724148
608740,0,val,H_clock,0,0.8563623
614481,0,val,H_clock,0,0.1560218
615119,0,val,H_clock,1,0.69380057
615631,0,val,H_clock,1,0.6185315
625366,0,val,H_clock,1,0.84788597
629729,0,val,H_clock,1,0.76442987
647436,0,val,H_clock,0,0.49072853
650259,0,val,H_clock,0,0.49186373
651309,0,val,H_clock,0,0.22843325
651758,0,val,H_clock,1,0.38956344
652123,0,val,H_clock,0,0.30133846
652279,0,val,H_clock,0,0.3998811
656122,0,val,H_clock,1,0.6226809
656138,0,val,H_clock,1,0.6779435
660061,0,val,H_clock,1,0.4080434
660533,0,val,H_clock,0,0.39444184
660938,0,val,H_clock,1,0.51027036
665029,0,val,H_clock,1,0.65431315
665050,0,val,H_clock,1,0.510257
670244,0,val,H_clock,1,0.5199355
671325,0,val,H_clock,0,0.35596865
671576,0,val,H_clock,0,0.26452172
673052,0,val,H_clock,1,0.6203249
675660,0,val,H_clock,0,0.107661545
678199,0,val,H_clock,0,0.39421564
680266,0,val,H_clock,0,0.5316721
682914,0,val,H_clock,1,0.703048
692799,0,val,H_clock,1,0.96033716
696774,0,val,H_clock,1,1.1678859
700558,0,val,H_clock,1,0.6527986
703048,0,val,H_clock,0,0.97748005
705906,0,val,H_clock,1,0.95916843
710625,0,val,H_clock,1,0.90161073
712016,0,val,H_clock,1,0.8593647
718704,0,val,H_clock,1,0.5883297
726126,0,val,H_clock,0,0.096568525
734224,0,val,H_clock,0,0.26783282
738172,0,val,H_clock,0,0.64477366
738715,0,val,H_clock,0,0.61190015
739530,0,val,H_clock,1,0.14190194
740043,0,val,H_clock,1,0.7833756
743121,0,val,H_clock,1,0.60710335
743318,0,val,H_clock,0,0.52106506
745489,0,val,H_clock,1,0.62876207
747568,0,val,H_clock,1,0.56223136
747710,0,val,H_clock,0,0.62515855
748105,0,val,H_clock,0,0.8225077
755156,0,val,H_clock,1,0.9183599
755914,0,val,H_clock,1,0.9533648
761233,0,val,H_clock,1,0.6945626
765473,0,val,H_clock,1,0.6064875
765954,0,val,H_clock,0,0.19054681
766763,0,val,H_clock,1,0.7267265
767066,0,val,H_clock,1,0.6556461
783025,0,val,H_clock,1,0.89908946
788241,0,val,H_clock,1,0.44538307
789437,0,val,H_clock,1,0.71964264
789824,0,val,H_clock,0,0.35485044
793726,0,val,H_clock,0,0.6411416
803606,0,val,H_clock,1,0.7034788
809689,0,val,H_clock,0,0.71566844
817197,0,val,H_clock,0,0.12097186
822633,0,val,H_clock,1,0.47700852
829142,0,val,H_clock,1,0.82073355
829874,0,val,H_clock,0,0.63655454
833210,0,val,H_clock,1,0.8112935
835716,0,val,H_clock,0,0.5131141
835833,0,val,H_clock,1,0.8535627
839278,0,val,H_clock,1,0.77564746
847036,0,val,H_clock,1,0.8094491
848723,0,val,H_clock,1,0.62491596
849472,0,val,H_clock,1,0.7964146
853842,0,val,H_clock,1,0.8714407
857171,0,val,H_clock,1,0.63856107
859109,0,val,H_clock,1,0.9816454
860360,0,val,H_clock,1,0.7293072
866895,0,val,H_clock,0,0.4674725
868318,0,val,H_clock,0,0.580066
870739,0,val,H_clock,1,0.5715578
883479,0,val,H_clock,0,0.710438
883804,0,val,H_clock,1,0.69417334
885394,0,val,H_clock,1,0.6169115
886279,0,val,H_clock,1,0.5378916
898035,0,val,H_clock,1,0.6072558
900648,0,val,H_clock,1,0.8225132
903410,0,val,H_clock,1,0.79574156
936352,0,val,H_clock,0,0.13784319
950405,0,val,H_clock,1,0.7353339
951465,0,val,H_clock,0,0.9081063
951846,0,val,H_clock,0,0.32316583
963197,0,val,H_clock,1,0.6899115
970382,0,val,H_clock,1,0.7598828
975370,0,val,H_clock,0,0.8403038
975728,0,val,H_clock,0,0.50920326
976220,0,val,H_clock,1,0.9363974
977714,0,val,H_clock,1,0.76666373
979369,0,val,H_clock,1,0.903332
979917,0,val,H_clock,1,0.5316926
981736,0,val,H_clock,0,0.37397102
983916,0,val,H_clock,1,0.2098557
986074,0,val,H_clock,1,0.9148151
987997,0,val,H_clock,1,0.86536455
988071,0,val,H_clock,0,0.6110242
989315,0,val,H_clock,1,0.84679055
991060,0,val,H_clock,1,1.2397351
991790,0,val,H_clock,1,0.79382014
991972,0,val,H_clock,1,0.4696114
993562,0,val,H_clock,1,0.8534602
994960,0,val,H_clock,0,0.359703
997176,0,val,H_clock,0,0.13204414
999980,0,val,H_clock,0,0.6645068
1002249,0,val,H_clock,1,0.87613356
1005121,0,val,H_clock,1,1.0058076
1007363,0,val,H_clock,0,0.5568925
1009347,0,val,H_clock,1,0.67285055
1013371,0,val,H_clock,1,0.295706
1026684,0,val,H_clock,1,0.5632243
1027441,0,val,H_clock,1,0.74660707
1029373,0,val,H_clock,1,0.73655504
1042457,0,val,H_clock,0,0.20127779
1043319,0,val,H_clock,0,0.6396972
1049886,0,val,H_clock,1,1.0361347
1057350,0,val,H_clock,0,0.7200759
1057961,0,val,H_clock,0,0.66135585
1058939,0,val,H_clock,1,0.55174583
1065288,0,val,H_clock,0,0.74527496
1065613,0,val,H_clock,0,0.4189815
1067177,0,val,H_clock,1,0.54839444
1067946,0,val,H_clock,0,0.38533452
1068390,0,val,H_clock,1,0.6747974
1068928,0,val,H_clock,0,0.6175937
1070070,0,val,H_clock,1,0.5465733
1070472,0,val,H_clock,0,0.4438981
1070686,0,val,H_clock,0,0.5535383
1071801,0,val,H_clock,0,0.5007804
1072395,0,val,H_clock,1,0.69937235
1073156,0,val,H_clock,1,1.0322189
1073471,0,val,H_clock,1,0.858356
1074753,0,val,H_clock,0,0.5690545
1077187,0,val,H_clock,1,0.85148776
1079282,0,val,H_clock,1,0.7421159
1080609,0,val,H_clock,0,0.48468536
1081377,0,val,H_clock,0,0.09742278
1082433,0,val,H_clock,0,0.12871373
1082987,0,val,H_clock,0,0.28911242
1083817,0,val,H_clock,1,0.4582171
1084185,0,val,H_clock,0,0.42209503
1085216,0,val,H_clock,0,-0.08394849
1087797,0,val,H_clock,1,0.95264745
1088105,0,val,H_clock,1,0.5681121
1088918,0,val,H_clock,1,0.75457704
1091670,0,val,H_clock,1,0.83502805
1092408,0,val,H_clock,1,0.8696214
1092437,0,val,H_clock,1,0.7850865
1092889,0,val,H_clock,1,0.9480629
1092948,0,val,H_clock,1,0.76016843
1093200,0,val,H_clock,0,0.30947712
1093743,0,val,H_clock,0,0.083363175
1093823,0,val,H_clock,1,0.7923236
1096850,0,val,H_clock,1,0.6921924
1097996,0,val,H_clock,1,0.273825
1099660,0,val,H_clock,1,0.6092269
1102314,0,val,H_clock,1,0.9565807
1103360,0,val,H_clock,1,0.71193874
1104219,0,val,H_clock,1,0.2854286
1104443,0,val,H_clock,1,1.0304178
1104599,0,val,H_clock,1,0.8523336
1104649,0,val,H_clock,1,0.97598255
1104803,0,val,H_clock,0,0.33273718
1105121,0,val,H_clock,0,0.20625287
1105416,0,val,H_clock,1,0.25842822
1105688,0,val,H_clock,1,0.64415085
1105902,0,val,H_clock,1,0.5621419
1105904,0,val,H_clock,0,0.33438805
1106632,0,val,H_clock,0,0.4626261
1107348,0,val,H_clock,1,0.5794117
1108706,0,val,H_clock,1,0.8553176
1108945,0,val,H_clock,1,0.9610804
1108949,0,val,H_clock,1,1.0346568
1109030,0,val,H_clock,1,0.58752906
1109526,0,val,H_clock,1,0.7699696
1109829,0,val,H_clock,1,0.8692796
1110232,0,val,H_clock,1,0.7818281
1111153,0,val,H_clock,0,0.41095048
1111471,0,val,H_clock,1,0.7204483
1111860,0,val,H_clock,1,0.7393593
1111920,0,val,H_clock,1,0.75056326
1112111,0,val,H_clock,1,0.7844182
1112465,0,val,H_clock,1,0.29414445
1113756,0,val,H_clock,1,0.9540819
1114556,0,val,H_clock,0,0.52776444
1115316,0,val,H_clock,1,0.7326074
1115713,0,val,H_clock,1,0.7670245
1116372,0,val,H_clock,1,0.64142865
1116860,0,val,H_clock,1,0.6322155
1118398,0,val,H_clock,1,0.53581214
1118773,0,val,H_clock,0,0.4201189
1119526,0,val,H_clock,1,0.60623807
1119929,0,val,H_clock,0,0.7004589
1120625,0,val,H_clock,1,0.38388807
1121493,0,val,H_clock,0,0.4885934
1121766,0,val,H_clock,1,0.5201031
1121995,0,val,H_clock,0,0.51231515
1122004,0,val,H_clock,0,0.13927978
1122557,0,val,H_clock,1,0.610378
1122626,0,val,H_clock,1,0.9360657
1122659,0,val,H_clock,1,0.77433157
1123484,0,val,H_clock,0,0.6576643
1123572,0,val,H_clock,0,0.5550726
1123858,0,val,H_clock,0,0.4279839
1124330,0,val,H_clock,0,0.6586913
1125095,0,val,H_clock,0,0.5621604
1126146,0,val,H_clock,0,0.18292812
1126844,0,val,H_clock,0,0.46787122
1127703,0,val,H_clock,1,0.5885786
1127812,0,val,H_clock,1,0.46144778
1128031,0,val,H_clock,1,1.0649458
1128952,0,val,H_clock,0,0.4110572
1129029,0,val,H_clock,0,0.37555125
1129826,0,val,H_clock,1,0.64747185
1129953,0,val,H_clock,0,0.40255558
1129979,0,val,H_clock,1,0.78869724
1131254,0,val,H_clock,0,0.43926632
1131656,0,val,H_clock,1,0.9387405
1131818,0,val,H_clock,1,0.788255
1131831,0,val,H_clock,1,0.7959732
1131906,0,val,H_clock,1,0.9892007
1132886,0,val,H_clock,0,0.921263
1134339,0,val,H_clock,0,0.24521601
1136675,0,val,H_clock,1,0.7862566
1136723,0,val,H_clock,0,0.38568735
1136790,0,val,H_clock,1,0.6773488
1137743,0,val,H_clock,1,0.9284531
1137897,0,val,H_clock,1,0.6974841
1138091,0,val,H_clock,1,0.7635665
1138316,0,val,H_clock,1,0.6153231
1138699,0,val,H_clock,0,0.2483665
1138864,0,val,H_clock,1,0.5288944
1139249,0,val,H_clock,1,0.5465362
1140109,0,val,H_clock,1,0.827317
1141785,0,val,H_clock,0,0.059951186
1142584,0,val,H_clock,0,0.56666714
1142724,0,val,H_clock,0,0.40761954
1142803,0,val,H_clock,1,0.82056427
1142989,0,val,H_clock,1,0.42949092
1143781,0,val,H_clock,1,0.6118338
1144322,0,val,H_clock,1,0.8879467
1144734,0,val,H_clock,1,0.79029787
1144789,0,val,H_clock,1,1.452667
1145284,0,val,H_clock,1,0.91425383
1145385,0,val,H_clock,0,0.539039
1145393,0,val,H_clock,1,0.5184373
1146323,0,val,H_clock,0,0.40504676
1146488,0,val,H_clock,0,0.4582079
1147005,0,val,H_clock,0,0.40803772
1147155,0,val,H_clock,1,1.0679674
1148332,0,val,H_clock,1,0.8817342
1148772,0,val,H_clock,1,0.47370937
1148848,0,val,H_clock,1,0.7232133
1149102,0,val,H_clock,1,0.51436555
1149196,0,val,H_clock,0,0.630446
1149831,0,val,H_clock,1,0.86235636
1149916,0,val,H_clock,1,0.34429145
1151020,0,val,H_clock,0,0.8657098
1151121,0,val,H_clock,1,0.80765945
1151387,0,val,H_clock,0,0.52370906
1152700,0,val,H_clock,1,0.79667616
1152931,0,val,H_clock,1,0.3003784
1153914,0,val,H_clock,1,0.7511732
1154175,0,val,H_clock,1,0.76906437
1154313,0,val,H_clock,1,0.82436204
1154492,0,val,H_clock,1,0.605515
1154712,0,val,H_clock,1,0.76898485
1155519,0,val,H_clock,1,0.67788273
1156023,0,val,H_clock,1,0.64753705
1156386,0,val,H_clock,1,0.8914093
1156739,0,val,H_clock,1,0.8248776
1157101,0,val,H_clock,1,0.72455126
1157142,0,val,H_clock,1,0.72942734
1157190,0,val,H_clock,1,0.8049239
1205889,0,val,H_clock,1,0.9354058
1206308,0,val,H_clock,0,0.6179539
1206310,0,val,H_clock,1,0.6048092
1206335,0,val,H_clock,0,0.4080001
1206411,0,val,H_clock,1,1.0451591
1206714,0,val,H_clock,1,0.986058
1206862,0,val,H_clock,1,1.0180951
1206997,0,val,H_clock,1,0.96699846
1207017,0,val,H_clock,1,0.674364
1207479,0,val,H_clock,0,0.15047312
1208422,0,val,H_clock,1,0.97248214
1208870,0,val,H_clock,1,0.82503605
1208898,0,val,H_clock,1,0.7550413
1209429,0,val,H_clock,1,0.64293474
1209873,0,val,H_clock,1,0.6107865
1209935,0,val,H_clock,0,0.24329454
1209975,0,val,H_clock,1,0.51966155
1210100,0,val,H_clock,0,0.17360333
1210408,0,val,H_clock,0,0.6671001
1210816,0,val,H_clock,1,0.5027829
1211345,0,val,H_clock,1,0.32632902
1211778,0,val,H_clock,0,0.35097617
1212354,0,val,H_clock,0,0.49620998
1212408,0,val,H_clock,1,0.7946279
1212451,0,val,H_clock,0,0.25192812
1212865,0,val,H_clock,1,0.69659454
1214345,0,val,H_clock,1,0.49644613
1214456,0,val,H_clock,0,0.2781629
1214506,0,val,H_clock,1,0.8279722
1214832,0,val,H_clock,0,0.30319858
1214928,0,val,H_clock,1,0.81191397
1215070,0,val,H_clock,1,0.33303744
1215193,0,val,H_clock,1,0.7534833
1215869,0,val,H_clock,0,0.5213034
1215921,0,val,H_clock,1,0.50930125
1216036,0,val,H_clock,1,0.5839721
1216145,0,val,H_clock,0,0.61359435
1216150,0,val,H_clock,1,0.75040525
1216691,0,val,H_clock,1,0.8562358
1216776,0,val,H_clock,1,0.5667668
1217218,0,val,H_clock,0,0.2186468
1218288,0,val,H_clock,1,0.50778323
1219153,0,val,H_clock,0,0.5237525
1219634,0,val,H_clock,1,0.5642301
1219751,0,val,H_clock,1,0.4963633
1220037,0,val,H_clock,1,0.45526475
1220380,0,val,H_clock,1,0.9251171
1220552,0,val,H_clock,1,0.7448129
1220699,0,val,H_clock,1,0.5789509
1220871,0,val,H_clock,0,0.49070904
1220940,0,val,H_clock,1,0.76736844
1220988,0,val,H_clock,0,0.28550935
1221019,0,val,H_clock,0,0.28317338
1221341,0,val,H_clock,1,0.42540926
1221355,0,val,H_clock,1,0.69248974
1221883,0,val,H_clock,0,0.33612904
1222336,0,val,H_clock,0,0.3960781
1222850,0,val,H_clock,1,0.3854993
1223328,0,val,H_clock,1,0.47760874
1223459,0,val,H_clock,1,0.8669884
1223516,0,val,H_clock,1,0.58273536
1223773,0,val,H_clock,1,0.8482274
1223969,0,val,H_clock,1,0.9078595
1224343,0,val,H_clock,1,0.33839116
1224547,0,val,H_clock,1,0.42898872
1225284,0,val,H_clock,0,0.21920297
1225298,0,val,H_clock,1,0.6440034
1225341,0,val,H_clock,1,0.3887783
1225605,0,val,H_clock,0,0.47095978
1225635,0,val,H_clock,1,0.7830512
1226641,0,val,H_clock,1,0.8655534
1226794,0,val,H_clock,0,0.3275148
1226937,0,val,H_clock,0,0.30555937
1227192,0,val,H_clock,1,0.5180124
1227414,0,val,H_clock,0,0.49047554
1227765,0,val,H_clock,1,1.1751273
1228018,0,val,H_clock,1,0.45409584
1229147,0,val,H_clock,0,0.2583398
1229368,0,val,H_clock,0,0.6465807
1230131,0,val,H_clock,1,0.46288174
1230574,0,val,H_clock,0,0.73132235
1230810,0,val,H_clock,1,0.73087394
1231276,0,val,H_clock,1,0.6004017
1231535,0,val,H_clock,1,0.68677664
1231638,0,val,H_clock,1,0.81238747
1231979,0,val,H_clock,1,1.0859473
1232188,0,val,H_clock,1,0.84336185
1232212,0,val,H_clock,1,0.90824974
1232478,0,val,H_clock,1,1.0587202
1233203,0,val,H_clock,1,0.7403847
1234521,0,val,H_clock,0,0.32182235
1234553,0,val,H_clock,0,0.29577777
1234862,0,val,H_clock,0,0.3507601
1235039,0,val,H_clock,1,1.4158906
1235236,0,val,H_clock,1,0.3396878
1235254,0,val,H_clock,0,0.33975056
1235265,0,val,H_clock,1,0.67008513
1235336,0,val,H_clock,1,0.5917294
1235381,0,val,H_clock,1,0.63698345
1235500,0,val,H_clock,1,0.80124867
1235590,0,val,H_clock,1,0.69718134
1235597,0,val,H_clock,1,0.35755053
1235650,0,val,H_clock,0,0.5103015
1235882,0,val,H_clock,0,0.31603003
1235914,0,val,H_clock,0,0.27716058
1235985,0,val,H_clock,1,0.63068765
1236187,0,val,H_clock,0,0.42190874
1236418,0,val,H_clock,1,0.49082512
1236751,0,val,H_clock,1,0.52889115
1236985,0,val,H_clock,1,0.766695
1237033,0,val,H_clock,1,1.0207202
1237440,0,val,H_clock,1,0.57515955
1237491,0,val,H_clock,1,1.2424507
1237647,0,val,H_clock,0,0.28263956
1237832,0,val,H_clock,1,0.7478841
1238203,0,val,H_clock,1,0.84130156
1238264,0,val,H_clock,1,0.5960765
1238521,0,val,H_clock,1,0.5241437
1238583,0,val,H_clock,0,0.5432677
1238664,0,val,H_clock,1,0.7550362
1238865,0,val,H_clock,1,0.5640334
1238923,0,val,H_clock,0,0.44506443
1238960,0,val,H_clock,1,0.89876807
1239212,0,val,H_clock,0,0.25284994
1239427,0,val,H_clock,1,0.8164316
1239609,0,val,H_clock,1,0.6359848
1239693,0,val,H_clock,0,0.6618925
1239701,0,val,H_clock,0,0.5882194
1239841,0,val,H_clock,1,0.71494675
1240131,0,val,H_clock,1,1.0266325
1240238,0,val,H_clock,0,0.89315826
1240953,0,val,H_clock,0,0.7986433
1241185,0,val,H_clock,0,0.5392836
1241453,0,val,H_clock,0,0.53352785
1241779,0,val,H_clock,1,0.6046145
1241841,0,val,H_clock,1,0.76215446
1242381,0,val,H_clock,0,0.9283263
1242508,0,val,H_clock,1,0.93191075
1242535,0,val,H_clock,1,1.0457923
1242667,0,val,H_clock,0,0.6107686
1242673,0,val,H_clock,1,0.75293887
1243802,0,val,H_clock,0,0.722101
1243838,0,val,H_clock,0,0.73224026
1243992,0,val,H_clock,1,0.73863757
1243993,0,val,H_clock,0,0.4743806
1245441,0,val,H_clock,1,0.4793284
1245905,0,val,H_clock,1,0.91839266
1246508,0,val,H_clock,0,0.21596819
1246702,0,val,H_clock,1,0.5439646
1685,0,test,H_clock,1,0.73413956
16787,0,test,H_clock,0,0.7613902
19126,0,test,H_clock,1,1.0025392
19450,0,test,H_clock,0,0.5856854
28836,0,test,H_clock,1,0.72954595
30502,0,test,H_clock,1,0.5702362
33225,0,test,H_clock,1,0.6661896
34146,0,test,H_clock,1,0.84459496
34428,0,test,H_clock,0,0.31652287
42331,0,test,H_clock,1,0.9800287
42450,0,test,H_clock,1,1.0297318
42908,0,test,H_clock,1,0.85428125
43628,0,test,H_clock,1,1.1840388
56380,0,test,H_clock,1,0.75202566
60519,0,test,H_clock,1,0.7697166
70147,0,test,H_clock,0,0.76399034
71731,0,test,H_clock,1,0.79719627
72256,0,test,H_clock,1,0.72847885
75558,0,test,H_clock,1,0.68159384
78778,0,test,H_clock,0,0.21506476
80412,0,test,H_clock,1,0.6381576
86179,0,test,H_clock,1,0.9297241
86305,0,test,H_clock,1,0.82163954
86310,0,test,H_clock,1,0.54501015
99452,0,test,H_clock,0,0.38761058
100693,0,test,H_clock,1,0.7590272
105892,0,test,H_clock,1,0.69498056
108335,0,test,H_clock,0,0.09054041
120088,0,test,H_clock,1,0.62408286
121258,0,test,H_clock,1,0.3263294
121544,0,test,H_clock,1,0.66984296
121744,0,test,H_clock,1,0.68824047
138237,0,test,H_clock,1,0.5119084
141681,0,test,H_clock,1,0.65197015
144639,0,test,H_clock,1,0.41213644
156299,0,test,H_clock,1,1.1430435
156996,0,test,H_clock,1,0.953248
160524,0,test,H_clock,0,0.5125834
174525,0,test,H_clock,1,0.5981179
177730,0,test,H_clock,1,0.5920298
179049,0,test,H_clock,0,0.44217443
183219,0,test,H_clock,0,0.8639504
184161,0,test,H_clock,1,0.94004273
199745,0,test,H_clock,0,0.23193878
200858,0,test,H_clock,1,0.3385681
205829,0,test,H_clock,1,0.81830925
207626,0,test,H_clock,1,0.43198255
208120,0,test,H_clock,0,0.5953628
210257,0,test,H_clock,0,0.66109073
226106,0,test,H_clock,1,0.5809206
226610,0,test,H_clock,1,0.70894194
247900,0,test,H_clock,1,0.6276596
255650,0,test,H_clock,1,0.92927885
266656,0,test,H_clock,1,0.51940346
271131,0,test,H_clock,1,0.66791046
273824,0,test,H_clock,1,1.0133321
274268,0,test,H_clock,1,0.6028402
278688,0,test,H_clock,0,0.4652883
280634,0,test,H_clock,1,0.5435238
284088,0,test,H_clock,0,0.44487357
286403,0,test,H_clock,1,0.59880555
290974,0,test,H_clock,0,0.5529265
293205,0,test,H_clock,0,0.5361529
298058,0,test,H_clock,1,0.6183527
300174,0,test,H_clock,0,0.46122667
301917,0,test,H_clock,1,0.5178208
308684,0,test,H_clock,1,0.760437
309228,0,test,H_clock,1,0.7725389
311717,0,test,H_clock,0,0.5409242
315660,0,test,H_clock,1,0.5903912
317182,0,test,H_clock,1,0.38669527
320374,0,test,H_clock,0,0.25204304
323320,0,test,H_clock,0,0.1293217
324095,0,test,H_clock,1,0.7151916
328714,0,test,H_clock,1,0.5922135
329983,0,test,H_clock,1,0.8347999
330603,0,test,H_clock,1,0.9411161
331536,0,test,H_clock,1,0.7182179
333052,0,test,H_clock,0,0.3474294
334461,0,test,H_clock,1,0.80546385
335240,0,test,H_clock,0,0.33086008
345347,0,test,H_clock,1,0.86903536
348496,0,test,H_clock,1,1.1058121
355419,0,test,H_clock,1,0.8373977
359014,0,test,H_clock,0,0.8936702
359330,0,test,H_clock,0,0.43212563
361397,0,test,H_clock,1,0.9847514
361916,0,test,H_clock,1,0.79354095
366159,0,test,H_clock,1,0.9587746
366344,0,test,H_clock,0,0.58577025
367930,0,test,H_clock,1,0.68780243
374662,0,test,H_clock,1,0.7690339
383626,0,test,H_clock,1,0.7192134
388622,0,test,H_clock,1,0.663341
391348,0,test,H_clock,0,0.53860974
402720,0,test,H_clock,1,0.9620167
410795,0,test,H_clock,1,0.6736975
413554,0,test,H_clock,1,1.221179
415824,0,test,H_clock,1,1.0380012
418425,0,test,H_clock,0,0.4290061
419629,0,test,H_clock,1,0.83311427
427380,0,test,H_clock,1,0.6215843
430595,0,test,H_clock,1,0.85556084
436619,0,test,H_clock,0,0.4819522
445545,0,test,H_clock,1,0.70942533
457179,0,test,H_clock,1,1.0935159
463375,0,test,H_clock,1,0.69587684
465489,0,test,H_clock,0,0.49287832
471955,0,test,H_clock,1,0.6987115
478525,0,test,H_clock,0,0.3561898
479849,0,test,H_clock,0,0.18772355
479859,0,test,H_clock,0,0.17968947
480021,0,test,H_clock,0,0.91270995
481454,0,test,H_clock,0,0.38133067
486341,0,test,H_clock,0,0.27687636
486901,0,test,H_clock,0,0.436652
490630,0,test,H_clock,1,0.5812857
490818,0,test,H_clock,1,0.91939855
498363,0,test,H_clock,1,1.0534312
508572,0,test,H_clock,1,0.7193247
510306,0,test,H_clock,0,0.2433764
511018,0,test,H_clock,0,0.4757874
513568,0,test,H_clock,0,0.36619002
524155,0,test,H_clock,0,0.520559
526137,0,test,H_clock,0,0.39723134
531193,0,test,H_clock,0,-0.07148546
531815,0,test,H_clock,0,0.8559477
534077,0,test,H_clock,1,0.5170872
536736,0,test,H_clock,1,1.0679892
544153,0,test,H_clock,1,0.8850034
548749,0,test,H_clock,1,0.772548
552900,0,test,H_clock,1,1.0365815
552901,0,test,H_clock,1,0.8811832
553161,0,test,H_clock,0,0.6039123
554960,0,test,H_clock,0,0.41982108
560123,0,test,H_clock,1,0.8592755
565232,0,test,H_clock,1,0.87215054
565908,0,test,H_clock,0,0.59455407
566012,0,test,H_clock,1,0.4147877
569789,0,test,H_clock,0,0.057604074
573425,0,test,H_clock,1,0.6189804
575730,0,test,H_clock,0,0.63456655
577067,0,test,H_clock,1,0.94499767
580587,0,test,H_clock,0,0.25915897
584433,0,test,H_clock,0,0.58413064
585465,0,test,H_clock,1,0.6791108
589139,0,test,H_clock,1,1.0297499
596051,0,test,H_clock,1,0.5131496
596437,0,test,H_clock,0,0.6435588
599359,0,test,H_clock,1,1.0861745
606159,0,test,H_clock,1,0.78897953
608537,0,test,H_clock,1,0.74973285
612686,0,test,H_clock,0,0.4043392
616172,0,test,H_clock,1,0.67103964
625501,0,test,H_clock,0,0.52884156
627006,0,test,H_clock,1,0.7099552
627556,0,test,H_clock,1,0.9922831
628661,0,test,H_clock,1,0.83193654
639645,0,test,H_clock,0,0.43634048
646867,0,test,H_clock,1,0.78804046
648107,0,test,H_clock,1,0.40989015
648709,0,test,H_clock,0,0.22660798
649449,0,test,H_clock,0,0.687835
654746,0,test,H_clock,1,0.6298473
660164,0,test,H_clock,1,0.58603233
663130,0,test,H_clock,1,0.66762936
663406,0,test,H_clock,1,0.43683732
670955,0,test,H_clock,1,0.8671193
673553,0,test,H_clock,1,0.7697607
675907,0,test,H_clock,0,0.5880064
677917,0,test,H_clock,1,0.6551384
677928,0,test,H_clock,1,0.8602781
682565,0,test,H_clock,1,0.5665339
690734,0,test,H_clock,0,0.25277668
690987,0,test,H_clock,1,0.80848634
692458,0,test,H_clock,1,0.8683935
695588,0,test,H_clock,1,0.9074435
697830,0,test,H_clock,0,0.4686398
702078,0,test,H_clock,0,0.55783796
704317,0,test,H_clock,0,0.26052144
706141,0,test,H_clock,1,0.14098099
708388,0,test,H_clock,1,0.7638458
709192,0,test,H_clock,0,0.312123
709722,0,test,H_clock,1,0.7142922
711711,0,test,H_clock,1,0.78756016
711782,0,test,H_clock,1,0.84979236
714764,0,test,H_clock,0,0.8634616
714952,0,test,H_clock,1,0.6915571
719050,0,test,H_clock,0,0.4555394
719225,0,test,H_clock,1,0.9415376
723474,0,test,H_clock,0,0.17264426
725470,0,test,H_clock,0,0.28810912
738078,0,test,H_clock,0,0.33454758
741884,0,test,H_clock,0,0.8859662
742551,0,test,H_clock,0,0.44925153
744145,0,test,H_clock,0,0.47303075
744767,0,test,H_clock,0,0.55301845
750881,0,test,H_clock,0,0.43479246
752970,0,test,H_clock,0,0.3945443
755356,0,test,H_clock,0,0.30604526
762014,0,test,H_clock,0,0.7968253
767773,0,test,H_clock,0,0.42290252
768313,0,test,H_clock,1,0.8268025
769720,0,test,H_clock,1,0.5955259
772900,0,test,H_clock,0,0.92019296
776444,0,test,H_clock,1,0.8094175
777118,0,test,H_clock,1,0.66831124
778111,0,test,H_clock,1,0.8021083
779406,0,test,H_clock,0,0.5404595
783140,0,test,H_clock,1,0.7875411
784920,0,test,H_clock,1,0.9866457
786776,0,test,H_clock,0,0.5923564
789093,0,test,H_clock,0,0.50317496
806762,0,test,H_clock,0,0.44511506
808258,0,test,H_clock,0,0.33018064
809234,0,test,H_clock,1,0.73217446
810874,0,test,H_clock,0,0.4396031
820729,0,test,H_clock,1,0.71170235
822027,0,test,H_clock,0,0.61870146
822463,0,test,H_clock,1,0.71269435
831454,0,test,H_clock,0,0.13861227
835159,0,test,H_clock,1,0.7982218
839451,0,test,H_clock,0,0.5663578
858119,0,test,H_clock,0,0.5310816
859236,0,test,H_clock,0,0.5815429
866317,0,test,H_clock,1,0.9685732
869519,0,test,H_clock,1,0.60921425
873012,0,test,H_clock,1,0.47527546
877831,0,test,H_clock,0,0.40402168
884569,0,test,H_clock,1,0.71868134
889657,0,test,H_clock,1,0.86518764
900534,0,test,H_clock,1,0.7238472
900750,0,test,H_clock,1,0.5943876
903654,0,test,H_clock,1,0.7691233
944315,0,test,H_clock,0,0.43247312
951654,0,test,H_clock,0,0.47349554
952219,0,test,H_clock,0,0.5706742
953656,0,test,H_clock,0,0.5813552
954477,0,test,H_clock,1,0.59923047
955669,0,test,H_clock,0,0.40627444
955753,0,test,H_clock,1,0.50681967
957325,0,test,H_clock,1,0.72915804
959155,0,test,H_clock,0,0.79532164
962643,0,test,H_clock,1,0.59090453
963985,0,test,H_clock,1,0.99926364
969827,0,test,H_clock,0,0.4536404
972950,0,test,H_clock,1,1.0021487
976523,0,test,H_clock,1,0.8320209
982253,0,test,H_clock,1,0.50386816
982817,0,test,H_clock,0,0.13376004
984065,0,test,H_clock,0,0.35457748
985152,0,test,H_clock,1,0.28820258
989331,0,test,H_clock,1,0.831208
990528,0,test,H_clock,0,0.40404406
994044,0,test,H_clock,1,0.75369847
994160,0,test,H_clock,1,1.1279709
995496,0,test,H_clock,1,0.95507526
996219,0,test,H_clock,0,0.43915004
996860,0,test,H_clock,0,0.44325596
998151,0,test,H_clock,1,0.61359316
998708,0,test,H_clock,1,0.70616794
1001502,0,test,H_clock,0,0.3853256
1001535,0,test,H_clock,1,0.6540334
1003409,0,test,H_clock,1,0.7318237
1005171,0,test,H_clock,1,0.8884933
1005401,0,test,H_clock,1,0.793404
1005619,0,test,H_clock,1,0.6795736
1006944,0,test,H_clock,1,0.7349517
1012321,0,test,H_clock,1,0.592345
1017249,0,test,H_clock,1,0.8379108
1043429,0,test,H_clock,1,0.85364807
1046104,0,test,H_clock,0,0.63546336
1048580,0,test,H_clock,1,0.76764256
1049831,0,test,H_clock,0,0.78031147
1050525,0,test,H_clock,1,0.83450437
1053386,0,test,H_clock,0,0.4784013
1054567,0,test,H_clock,0,0.49107888
1057686,0,test,H_clock,0,0.531337
1058429,0,test,H_clock,1,0.753249
1063812,0,test,H_clock,0,0.4272306
1066129,0,test,H_clock,1,0.85438323
1066734,0,test,H_clock,1,0.98203146
1067828,0,test,H_clock,1,0.50249815
1069003,0,test,H_clock,0,0.41153902
1069689,0,test,H_clock,1,0.7926023
1071527,0,test,H_clock,1,0.62926793
1072194,0,test,H_clock,1,0.64623904
1073214,0,test,H_clock,1,0.83354473
1073787,0,test,H_clock,1,0.605221
1074093,0,test,H_clock,1,0.58720446
1074163,0,test,H_clock,1,0.9154774
1074275,0,test,H_clock,1,0.7888837
1074306,0,test,H_clock,1,0.81796175
1075816,0,test,H_clock,1,0.7739756
1077606,0,test,H_clock,1,0.8470876
1079219,0,test,H_clock,0,0.0033980012
1079656,0,test,H_clock,1,0.39466587
1079923,0,test,H_clock,0,0.23190406
1080366,0,test,H_clock,1,0.95456743
1080459,0,test,H_clock,1,1.0710812
1081059,0,test,H_clock,1,0.33523387
1081383,0,test,H_clock,0,0.83491075
1082739,0,test,H_clock,1,0.72065496
1084267,0,test,H_clock,1,0.56874293
1084497,0,test,H_clock,1,0.5632238
1085709,0,test,H_clock,1,0.65013134
1086243,0,test,H_clock,1,0.82445335
1086991,0,test,H_clock,0,0.2759228
1087391,0,test,H_clock,0,0.2724611
1089172,0,test,H_clock,1,0.7258266
1090438,0,test,H_clock,1,1.0371511
1090543,0,test,H_clock,1,0.62047815
1091014,0,test,H_clock,1,0.48860088
1091583,0,test,H_clock,1,0.7905834
1092848,0,test,H_clock,1,0.42185622
1093401,0,test,H_clock,1,0.74110615
1094456,0,test,H_clock,1,0.5391969
1094730,0,test,H_clock,0,0.33886695
1095404,0,test,H_clock,1,0.6155476
1097324,0,test,H_clock,1,0.6363524
1097843,0,test,H_clock,0,0.4171201
1098849,0,test,H_clock,1,0.8122074
1099078,0,test,H_clock,1,0.63145554
1101406,0,test,H_clock,0,0.27832672
1102276,0,test,H_clock,1,0.8070823
1102389,0,test,H_clock,1,0.8988623
1102856,0,test,H_clock,1,0.3296882
1102873,0,test,H_clock,1,0.42888084
1104038,0,test,H_clock,1,1.1088865
1104198,0,test,H_clock,1,0.61427414
1104592,0,test,H_clock,1,0.7684029
1105837,0,test,H_clock,1,0.7524425
1106300,0,test,H_clock,1,0.7767837
1106784,0,test,H_clock,1,0.777344
1107575,0,test,H_clock,0,0.21744323
1107631,0,test,H_clock,1,1.1722128
1109280,0,test,H_clock,1,0.763997
1109598,0,test,H_clock,1,1.0770797
1110598,0,test,H_clock,0,0.51838803
1111123,0,test,H_clock,1,0.45723987
1112333,0,test,H_clock,1,0.8544043
1112425,0,test,H_clock,1,0.8402358
1112671,0,test,H_clock,1,0.8252468
1112684,0,test,H_clock,0,0.46475238
1112999,0,test,H_clock,0,0.30175835
1113155,0,test,H_clock,0,0.61412555
1113808,0,test,H_clock,0,0.23815477
1114105,0,test,H_clock,0,0.71370834
1114679,0,test,H_clock,1,0.6954117
1115212,0,test,H_clock,1,0.8205906
1115227,0,test,H_clock,1,0.34647867
1115247,0,test,H_clock,0,0.8403112
1115342,0,test,H_clock,0,0.4627467
1116507,0,test,H_clock,1,0.73563486
1116601,0,test,H_clock,0,0.3920949
1117267,0,test,H_clock,1,1.1901753
1118542,0,test,H_clock,0,0.3999752
1119067,0,test,H_clock,1,0.8794807
1119591,0,test,H_clock,1,0.9268936
1120775,0,test,H_clock,1,0.5806172
1121443,0,test,H_clock,0,0.37165523
1121623,0,test,H_clock,1,0.55824876
1121672,0,test,H_clock,1,0.5160995
1121926,0,test,H_clock,1,0.56483
1122760,0,test,H_clock,0,0.2714737
1123500,0,test,H_clock,1,0.53531253
1123559,0,test,H_clock,0,0.32771426
1123910,0,test,H_clock,1,0.4691762
1124180,0,test,H_clock,0,0.094914556
1124561,0,test,H_clock,0,0.5317359
1124658,0,test,H_clock,0,0.45402113
1125073,0,test,H_clock,1,0.81990683
1125442,0,test,H_clock,1,0.7870975
1125468,0,test,H_clock,1,1.0422602
1125785,0,test,H_clock,1,0.30845067
1125964,0,test,H_clock,1,0.74043685
1126244,0,test,H_clock,0,0.09983635
1126443,0,test,H_clock,0,0.41328323
1127029,0,test,H_clock,0,0.5122651
1127233,0,test,H_clock,0,0.18555
1127285,0,test,H_clock,0,0.5725218
1127560,0,test,H_clock,1,1.0874876
1128027,0,test,H_clock,1,0.74555725
1128117,0,test,H_clock,1,0.8533313
1128350,0,test,H_clock,1,0.52693135
1129253,0,test,H_clock,1,0.4131785
1129383,0,test,H_clock,1,0.5466531
1129695,0,test,H_clock,1,0.55147296
1129961,0,test,H_clock,0,0.40668634
1130530,0,test,H_clock,0,0.5307853
1130533,0,test,H_clock,1,1.076917
1130623,0,test,H_clock,0,0.4470392
1131355,0,test,H_clock,1,0.58101624
1132251,0,test,H_clock,1,0.74466914
1132286,0,test,H_clock,0,0.7591913
1132874,0,test,H_clock,1,1.035157
1133607,0,test,H_clock,1,0.82430905
1133778,0,test,H_clock,1,1.2323587
1134518,0,test,H_clock,0,0.26467156
1134921,0,test,H_clock,1,0.6646091
1134927,0,test,H_clock,1,0.78682977
1135001,0,test,H_clock,1,0.5192789
1135191,0,test,H_clock,0,0.28897944
1135626,0,test,H_clock,1,0.9057617
1136569,0,test,H_clock,0,0.3364432
1136878,0,test,H_clock,1,0.49086994
1136925,0,test,H_clock,0,0.85638374
1136946,0,test,H_clock,0,0.383623
1136981,0,test,H_clock,1,0.96197605
1137818,0,test,H_clock,1,0.6642347
1138374,0,test,H_clock,0,0.44767782
1138681,0,test,H_clock,1,0.45509702
1139209,0,test,H_clock,0,0.394875
1139275,0,test,H_clock,1,0.90471995
1139688,0,test,H_clock,1,1.1661814
1139774,0,test,H_clock,0,0.5308267
1139795,0,test,H_clock,0,0.14972496
1142591,0,test,H_clock,0,0.7944385
1143113,0,test,H_clock,1,0.66185987
1144147,0,test,H_clock,0,0.3580721
1144198,0,test,H_clock,1,0.8244853
1144465,0,test,H_clock,1,0.87710744
1145207,0,test,H_clock,0,0.5426123
1146057,0,test,H_clock,0,0.061009884
1146208,0,test,H_clock,0,0.23818126
1146369,0,test,H_clock,1,0.9952054
1147189,0,test,H_clock,1,0.46606576
1147877,0,test,H_clock,1,0.46690232
1148116,0,test,H_clock,1,0.9341979
1148548,0,test,H_clock,1,0.97014296
1149201,0,test,H_clock,1,0.58287287
1150067,0,test,H_clock,1,0.8429457
1150178,0,test,H_clock,1,0.81503147
1151371,0,test,H_clock,1,0.9696405
1151583,0,test,H_clock,1,0.7028294
1152038,0,test,H_clock,1,0.51456374
1152707,0,test,H_clock,0,0.9046861
1152739,0,test,H_clock,0,0.56569225
1153155,0,test,H_clock,1,0.7999026
1153244,0,test,H_clock,1,0.14015388
1154055,0,test,H_clock,1,0.6062354
1155460,0,test,H_clock,1,0.6475814
1155554,0,test,H_clock,1,0.7531339
1156261,0,test,H_clock,1,0.47628775
1156634,0,test,H_clock,1,0.7850639
1156847,0,test,H_clock,1,0.8413287
1206184,0,test,H_clock,1,0.37405303
1206257,0,test,H_clock,1,0.7417016
1206751,0,test,H_clock,1,0.95100415
1206811,0,test,H_clock,1,0.7117307
1206867,0,test,H_clock,1,1.1456392
1207207,0,test,H_clock,1,0.75536144
1208078,0,test,H_clock,0,0.574394
1208476,0,test,H_clock,1,0.8129988
1208561,0,test,H_clock,1,0.9363663
1209069,0,test,H_clock,1,0.7504309
1209473,0,test,H_clock,1,0.74078196
1209531,0,test,H_clock,0,0.03829056
1209908,0,test,H_clock,0,0.5625697
1210055,0,test,H_clock,0,0.6882812
1210080,0,test,H_clock,0,0.5993971
1212290,0,test,H_clock,1,0.8288878
1212582,0,test,H_clock,1,0.8730412
1212738,0,test,H_clock,1,0.82880014
1213041,0,test,H_clock,1,0.98812604
1213071,0,test,H_clock,1,0.40856355
1213667,0,test,H_clock,0,0.2288163
1214248,0,test,H_clock,1,1.133518
1215252,0,test,H_clock,0,0.12710029
1215452,0,test,H_clock,0,0.5573151
1215586,0,test,H_clock,0,0.6006508
1217110,0,test,H_clock,1,0.72367036
1217724,0,test,H_clock,0,0.63165015
1217757,0,test,H_clock,1,0.48996097
1218110,0,test,H_clock,0,0.5060321
1218980,0,test,H_clock,0,0.46542302
1219802,0,test,H_clock,1,0.87843287
1220156,0,test,H_clock,0,0.5867306
1220269,0,test,H_clock,0,0.4036705
1220796,0,test,H_clock,1,0.93468285
1220900,0,test,H_clock,1,0.5463983
1221603,0,test,H_clock,1,0.45482054
1221685,0,test,H_clock,1,0.8756888
1221764,0,test,H_clock,1,0.81719214
1222037,0,test,H_clock,1,0.5461728
1222048,0,test,H_clock,1,0.85067904
1222069,0,test,H_clock,1,0.99727565
1222115,0,test,H_clock,0,0.5377132
1222124,0,test,H_clock,1,0.67167926
1222410,0,test,H_clock,0,-0.057420433
1223017,0,test,H_clock,1,0.46042383
1223272,0,test,H_clock,1,0.8818467
1224094,0,test,H_clock,0,0.38783178
1224536,0,test,H_clock,1,0.39868772
1225262,0,test,H_clock,1,0.5955133
1225309,0,test,H_clock,1,0.820181
1225334,0,test,H_clock,0,0.24407306
1225413,0,test,H_clock,1,1.1606379
1225553,0,test,H_clock,1,0.7418595
1225716,0,test,H_clock,0,0.4510073
1225843,0,test,H_clock,0,0.42854333
1225945,0,test,H_clock,0,0.23940665
1226065,0,test,H_clock,1,0.60500395
1226708,0,test,H_clock,1,0.85998106
1226825,0,test,H_clock,1,0.4543616
1227138,0,test,H_clock,0,0.4377154
1227755,0,test,H_clock,1,1.0712831
1228267,0,test,H_clock,1,0.86801875
1228453,0,test,H_clock,1,0.39033192
1228747,0,test,H_clock,1,1.0372825
1228820,0,test,H_clock,0,0.2608657
1229345,0,test,H_clock,1,1.0089649
1229976,0,test,H_clock,1,0.64158314
1230265,0,test,H_clock,1,0.69762605
1230721,0,test,H_clock,1,0.6811513
1230724,0,test,H_clock,1,0.48698854
1231353,0,test,H_clock,1,1.0846303
1231734,0,test,H_clock,1,0.5815592
1231841,0,test,H_clock,0,0.40902
1232099,0,test,H_clock,0,0.6298178
1233084,0,test,H_clock,1,0.8635192
1233147,0,test,H_clock,1,0.6716927
1233618,0,test,H_clock,0,0.51947004
1233777,0,test,H_clock,1,0.966123
1234410,0,test,H_clock,0,0.59634477
1234413,0,test,H_clock,1,0.2969918
1234672,0,test,H_clock,0,0.2871715
1235697,0,test,H_clock,1,0.67036045
1236071,0,test,H_clock,1,0.6194066
1236191,0,test,H_clock,1,0.7067907
1236410,0,test,H_clock,0,0.13265848
1237123,0,test,H_clock,0,0.5006105
1237184,0,test,H_clock,0,0.4725958
1237496,0,test,H_clock,1,0.65055174
1237508,0,test,H_clock,1,0.412457
1237793,0,test,H_clock,1,0.6619768
1237971,0,test,H_clock,1,0.70523953
1238001,0,test,H_clock,0,0.18651298
1238292,0,test,H_clock,0,0.57810366
1238406,0,test,H_clock,0,0.14698803
1238413,0,test,H_clock,1,0.51070315
1238443,0,test,H_clock,0,0.44397983
1238501,0,test,H_clock,0,0.236969
1238523,0,test,H_clock,1,0.92330843
1238553,0,test,H_clock,1,0.31769073
1238636,0,test,H_clock,1,0.7124667
1238817,0,test,H_clock,0,0.5609655
1238964,0,test,H_clock,1,0.5693219
1239079,0,test,H_clock,1,0.6256555
1239094,0,test,H_clock,1,0.6903301
1239224,0,test,H_clock,1,0.5076546
1239458,0,test,H_clock,0,0.6807412
1239936,0,test,H_clock,0,0.5168346
1240378,0,test,H_clock,1,0.5295755
1240433,0,test,H_clock,1,0.74707633
1241090,0,test,H_clock,0,0.6481103
1241104,0,test,H_clock,0,0.1240775
1241937,0,test,H_clock,0,0.7023776
1241954,0,test,H_clock,1,0.68040186
1242009,0,test,H_clock,1,0.65340585
1242021,0,test,H_clock,1,0.86946356
1242267,0,test,H_clock,1,0.74706566
1242424,0,test,H_clock,1,0.83962387
1242536,0,test,H_clock,1,1.1293485
1242725,0,test,H_clock,1,0.5243697
1242729,0,test,H_clock,1,0.6209073
1242755,0,test,H_clock,0,0.63871497
1242831,0,test,H_clock,0,0.40835375
1243295,0,test,H_clock,1,0.795231
1243442,0,test,H_clock,0,0.18037757
1243523,0,test,H_clock,0,0.35498106
1244763,0,test,H_clock,0,0.5577169
1245846,0,test,H_clock,1,0.733067
1122,0,val,H_global,0,0.6385657
4993,0,val,H_global,1,0.7766744
15488,0,val,H_global,1,1.052932
20593,0,val,H_global,1,0.8560823
22854,0,val,H_global,1,0.5343297
32097,0,val,H_global,1,0.9991043
33645,0,val,H_global,0,0.06188178
40597,0,val,H_global,1,0.66013116
50696,0,val,H_global,1,0.5626634
52327,0,val,H_global,1,1.093652
54388,0,val,H_global,0,0.35452694
57684,0,val,H_global,1,0.47742093
58630,0,val,H_global,1,0.6607508
59792,0,val,H_global,0,0.43350857
72432,0,val,H_global,1,0.6480993
76273,0,val,H_global,1,0.8093358
85978,0,val,H_global,1,0.46760872
86840,0,val,H_global,1,0.63477385
87973,0,val,H_global,1,0.67694247
91249,0,val,H_global,1,0.455401
112607,0,val,H_global,1,1.0056009
112715,0,val,H_global,1,1.069386
123208,0,val,H_global,1,0.8504907
140328,0,val,H_global,0,0.53080773
141620,0,val,H_global,1,1.0592332
143454,0,val,H_global,0,0.9343703
144004,0,val,H_global,0,0.37069452
145109,0,val,H_global,1,0.17963177
149348,0,val,H_global,1,0.8037852
152430,0,val,H_global,1,0.56672835
154041,0,val,H_global,1,0.4878716
157449,0,val,H_global,1,0.6823405
162518,0,val,H_global,1,0.99603736
163423,0,val,H_global,1,0.84207124
165324,0,val,H_global,0,0.3630085
165400,0,val,H_global,0,0.6351931
169372,0,val,H_global,1,0.80024576
171833,0,val,H_global,1,0.8269809
171896,0,val,H_global,1,0.5655233
172578,0,val,H_global,1,1.197818
173162,0,val,H_global,0,0.4378432
176133,0,val,H_global,1,0.7288673
184936,0,val,H_global,1,0.85254437
191335,0,val,H_global,0,0.5531399
193149,0,val,H_global,0,0.56898355
203640,0,val,H_global,1,0.8243768
207233,0,val,H_global,1,1.2587292
213739,0,val,H_global,0,0.27990863
228543,0,val,H_global,1,0.7200164
234247,0,val,H_global,0,0.6939764
237953,0,val,H_global,1,0.9662328
238407,0,val,H_global,0,0.34239647
240229,0,val,H_global,0,0.37431985
243108,0,val,H_global,1,0.9895761
250983,0,val,H_global,0,0.6364456
258462,0,val,H_global,0,0.5649341
269426,0,val,H_global,1,0.4672993
273826,0,val,H_global,1,0.65332806
278485,0,val,H_global,0,0.277754
280452,0,val,H_global,0,0.50860214
282212,0,val,H_global,1,0.5377661
289992,0,val,H_global,1,0.6882992
292872,0,val,H_global,0,0.4233588
299698,0,val,H_global,1,0.6989274
303683,0,val,H_global,0,0.54053587
308426,0,val,H_global,1,0.41185725
308485,0,val,H_global,0,0.43761024
319549,0,val,H_global,1,0.67121285
321109,0,val,H_global,0,0.9792587
321989,0,val,H_global,1,0.8561657
323718,0,val,H_global,1,0.66903925
323797,0,val,H_global,0,0.24694544
325318,0,val,H_global,0,0.7564926
328655,0,val,H_global,0,0.31333905
332529,0,val,H_global,1,0.7482287
335955,0,val,H_global,1,0.47636268
338273,0,val,H_global,1,0.94066644
345087,0,val,H_global,1,1.0807214
345361,0,val,H_global,1,0.9131325
347257,0,val,H_global,1,1.0701559
349058,0,val,H_global,1,0.8167554
350012,0,val,H_global,1,0.6826904
350472,0,val,H_global,0,0.28900027
352441,0,val,H_global,0,0.41804755
352893,0,val,H_global,1,0.74247205
353416,0,val,H_global,1,0.57224727
357322,0,val,H_global,0,0.6819682
364228,0,val,H_global,1,0.81735027
364440,0,val,H_global,0,0.4004114
368436,0,val,H_global,1,0.7663128
369818,0,val,H_global,1,0.92094433
372332,0,val,H_global,1,0.6418708
375294,0,val,H_global,1,0.902393
376880,0,val,H_global,1,0.957867
377217,0,val,H_global,1,0.64971095
377703,0,val,H_global,1,0.9484403
400944,0,val,H_global,1,0.72936726
406676,0,val,H_global,1,0.6804163
407827,0,val,H_global,1,0.8477205
412716,0,val,H_global,1,0.945922
416249,0,val,H_global,1,0.5957535
420633,0,val,H_global,1,0.62805676
421283,0,val,H_global,1,0.6612127
421437,0,val,H_global,0,0.23794833
423553,0,val,H_global,1,0.8048453
431921,0,val,H_global,0,0.5468972
432168,0,val,H_global,1,0.9170325
432906,0,val,H_global,1,0.71347743
433303,0,val,H_global,1,0.74438345
443207,0,val,H_global,1,0.77141154
445318,0,val,H_global,0,0.59715205
448027,0,val,H_global,0,0.19012332
463298,0,val,H_global,1,0.7614935
469812,0,val,H_global,0,0.5169092
469865,0,val,H_global,1,0.8845357
474601,0,val,H_global,1,0.8325541
475893,0,val,H_global,0,0.39037776
482448,0,val,H_global,0,0.7337488
487378,0,val,H_global,0,0.4716776
488665,0,val,H_global,0,0.53282654
490941,0,val,H_global,0,0.10917759
496270,0,val,H_global,1,0.7302973
502585,0,val,H_global,0,0.6428295
507011,0,val,H_global,1,0.46442613
509624,0,val,H_global,1,0.4625464
512180,0,val,H_global,1,0.7573655
517848,0,val,H_global,1,0.9754425
518232,0,val,H_global,1,0.71829855
520868,0,val,H_global,0,0.24795178
526837,0,val,H_global,0,0.7997567
529902,0,val,H_global,1,1.3316731
530038,0,val,H_global,1,1.066968
531104,0,val,H_global,1,1.023989
532533,0,val,H_global,1,0.796606
545205,0,val,H_global,0,0.29227233
546258,0,val,H_global,1,0.89931667
549363,0,val,H_global,0,0.21665859
552325,0,val,H_global,0,0.7673066
552424,0,val,H_global,0,0.7013392
556177,0,val,H_global,0,0.650725
563033,0,val,H_global,0,0.7246796
564394,0,val,H_global,0,0.37051636
577668,0,val,H_global,1,0.50884974
578084,0,val,H_global,0,0.56133413
583338,0,val,H_global,1,0.79872024
588986,0,val,H_global,1,1.0412023
592548,0,val,H_global,0,0.33628336
599396,0,val,H_global,0,0.37007686
605160,0,val,H_global,0,0.683984
607813,0,val,H_global,0,0.2858934
608740,0,val,H_global,0,1.0090252
614481,0,val,H_global,0,0.15245417
615119,0,val,H_global,1,0.6044906
615631,0,val,H_global,1,0.59221745
625366,0,val,H_global,1,0.84188396
629729,0,val,H_global,1,0.73273784
647436,0,val,H_global,0,0.5183816
650259,0,val,H_global,0,0.47175112
651309,0,val,H_global,0,0.23223346
651758,0,val,H_global,1,0.48327005
652123,0,val,H_global,0,0.32512367
652279,0,val,H_global,0,0.37549505
656122,0,val,H_global,1,0.5895178
656138,0,val,H_global,1,0.6870073
660061,0,val,H_global,1,0.45078802
660533,0,val,H_global,0,0.4029761
660938,0,val,H_global,1,0.56555104
665029,0,val,H_global,1,0.6817997
665050,0,val,H_global,1,0.50818205
670244,0,val,H_global,1,0.5769769
671325,0,val,H_global,0,0.38701943
671576,0,val,H_global,0,0.2895345
673052,0,val,H_global,1,0.59364414
675660,0,val,H_global,0,0.19188848
678199,0,val,H_global,0,0.392604
680266,0,val,H_global,0,0.5504288
682914,0,val,H_global,1,0.6996122
692799,0,val,H_global,1,0.9551249
696774,0,val,H_global,1,1.1534193
700558,0,val,H_global,1,0.6771489
703048,0,val,H_global,0,0.9449593
705906,0,val,H_global,1,1.0184076
710625,0,val,H_global,1,0.8837901
712016,0,val,H_global,1,0.8865906
718704,0,val,H_global,1,0.64872
726126,0,val,H_global,0,0.12265438
734224,0,val,H_global,0,0.29384208
738172,0,val,H_global,0,0.6446814
738715,0,val,H_global,0,0.56928474
739530,0,val,H_global,1,0.13358033
740043,0,val,H_global,1,0.7212547
743121,0,val,H_global,1,0.7425585
743318,0,val,H_global,0,0.44284675
745489,0,val,H_global,1,0.6217646
747568,0,val,H_global,1,0.5485205
747710,0,val,H_global,0,0.70369846
748105,0,val,H_global,0,0.8688083
755156,0,val,H_global,1,0.9372722
755914,0,val,H_global,1,0.9127873
761233,0,val,H_global,1,0.73238444
765473,0,val,H_global,1,0.5466911
765954,0,val,H_global,0,0.12689626
766763,0,val,H_global,1,0.75253594
767066,0,val,H_global,1,0.756612
783025,0,val,H_global,1,0.9027252
788241,0,val,H_global,1,0.4770677
789437,0,val,H_global,1,0.7474645
789824,0,val,H_global,0,0.35503522
793726,0,val,H_global,0,0.6642134
803606,0,val,H_global,1,0.70622045
809689,0,val,H_global,0,0.6456752
817197,0,val,H_global,0,0.14630514
822633,0,val,H_global,1,0.42924464
829142,0,val,H_global,1,0.87242234
829874,0,val,H_global,0,0.59532505
833210,0,val,H_global,1,0.8359149
835716,0,val,H_global,0,0.57891953
835833,0,val,H_global,1,0.9172857
839278,0,val,H_global,1,0.8334311
847036,0,val,H_global,1,0.76613516
848723,0,val,H_global,1,0.6283264
849472,0,val,H_global,1,0.85780394
853842,0,val,H_global,1,0.8959099
857171,0,val,H_global,1,0.6752299
859109,0,val,H_global,1,0.97518146
860360,0,val,H_global,1,0.7558477
866895,0,val,H_global,0,0.44442636
868318,0,val,H_global,0,0.6725649
870739,0,val,H_global,1,0.58975536
883479,0,val,H_global,0,0.72138435
883804,0,val,H_global,1,0.7609166
885394,0,val,H_global,1,0.6404022
886279,0,val,H_global,1,0.59889823
898035,0,val,H_global,1,0.6360728
900648,0,val,H_global,1,0.7875296
903410,0,val,H_global,1,0.79042083
936352,0,val,H_global,0,0.14176238
950405,0,val,H_global,1,0.69502664
951465,0,val,H_global,0,0.9236461
951846,0,val,H_global,0,0.2952038
963197,0,val,H_global,1,0.63947225
970382,0,val,H_global,1,0.8213899
975370,0,val,H_global,0,0.8018682
975728,0,val,H_global,0,0.44178265
976220,0,val,H_global,1,0.9476986
977714,0,val,H_global,1,0.78879255
979369,0,val,H_global,1,0.9156096
979917,0,val,H_global,1,0.47282404
981736,0,val,H_global,0,0.41308683
983916,0,val,H_global,1,0.16072142
986074,0,val,H_global,1,0.88619655
987997,0,val,H_global,1,0.8476565
988071,0,val,H_global,0,0.6253686
989315,0,val,H_global,1,0.85759515
991060,0,val,H_global,1,1.2974715
991790,0,val,H_global,1,0.8257254
991972,0,val,H_global,1,0.4436493
993562,0,val,H_global,1,0.9158812
994960,0,val,H_global,0,0.37447566
997176,0,val,H_global,0,0.14502507
999980,0,val,H_global,0,0.72961116
1002249,0,val,H_global,1,0.864984
1005121,0,val,H_global,1,0.9989043
1007363,0,val,H_global,0,0.5306945
1009347,0,val,H_global,1,0.62013125
1013371,0,val,H_global,1,0.32970423
1026684,0,val,H_global,1,0.5559562
1027441,0,val,H_global,1,0.7282161
1029373,0,val,H_global,1,0.7681793
1042457,0,val,H_global,0,0.22978741
1043319,0,val,H_global,0,0.5982643
1049886,0,val,H_global,1,1.0714754
1057350,0,val,H_global,0,0.6717648
1057961,0,val,H_global,0,0.7317003
1058939,0,val,H_global,1,0.56704265
1065288,0,val,H_global,0,0.74968064
1065613,0,val,H_global,0,0.4396596
1067177,0,val,H_global,1,0.5611284
1067946,0,val,H_global,0,0.35283506
1068390,0,val,H_global,1,0.69283193
1068928,0,val,H_global,0,0.5988351
1070070,0,val,H_global,1,0.58320785
1070472,0,val,H_global,0,0.4293189
1070686,0,val,H_global,0,0.6213703
1071801,0,val,H_global,0,0.52182066
1072395,0,val,H_global,1,0.76924825
1073156,0,val,H_global,1,1.0711672
1073471,0,val,H_global,1,0.85361207
1074753,0,val,H_global,0,0.5844939
1077187,0,val,H_global,1,0.8039388
1079282,0,val,H_global,1,0.7193498
1080609,0,val,H_global,0,0.49082822
1081377,0,val,H_global,0,0.07103336
1082433,0,val,H_global,0,0.16482937
1082987,0,val,H_global,0,0.24139917
1083817,0,val,H_global,1,0.44686976
1084185,0,val,H_global,0,0.3236133
1085216,0,val,H_global,0,-0.08472937
1087797,0,val,H_global,1,0.93100005
1088105,0,val,H_global,1,0.6000844
1088918,0,val,H_global,1,0.71238184
1091670,0,val,H_global,1,0.81246537
1092408,0,val,H_global,1,0.904385
1092437,0,val,H_global,1,0.77979916
1092889,0,val,H_global,1,0.9058013
1092948,0,val,H_global,1,0.80938506
1093200,0,val,H_global,0,0.33331928
1093743,0,val,H_global,0,0.06801444
1093823,0,val,H_global,1,0.78919804
1096850,0,val,H_global,1,0.7012972
1097996,0,val,H_global,1,0.34338117
1099660,0,val,H_global,1,0.57580453
1102314,0,val,H_global,1,0.9240674
1103360,0,val,H_global,1,0.6010276
1104219,0,val,H_global,1,0.3330302
1104443,0,val,H_global,1,1.02928
1104599,0,val,H_global,1,0.9016253
1104649,0,val,H_global,1,1.0018108
1104803,0,val,H_global,0,0.32198092
1105121,0,val,H_global,0,0.22631422
1105416,0,val,H_global,1,0.25939605
1105688,0,val,H_global,1,0.6548691
1105902,0,val,H_global,1,0.54688215
1105904,0,val,H_global,0,0.33411843
1106632,0,val,H_global,0,0.4590378
1107348,0,val,H_global,1,0.5455956
1108706,0,val,H_global,1,0.823748
1108945,0,val,H_global,1,0.93103296
1108949,0,val,H_global,1,1.056603
1109030,0,val,H_global,1,0.6301307
1109526,0,val,H_global,1,0.7373715
1109829,0,val,H_global,1,0.89037263
1110232,0,val,H_global,1,0.7596965
1111153,0,val,H_global,0,0.45709324
1111471,0,val,H_global,1,0.66752
1111860,0,val,H_global,1,0.78337544
1111920,0,val,H_global,1,0.820856
1112111,0,val,H_global,1,0.749424
1112465,0,val,H_global,1,0.30324876
1113756,0,val,H_global,1,0.93861234
1114556,0,val,H_global,0,0.6277775
1115316,0,val,H_global,1,0.7040463
1115713,0,val,H_global,1,0.7557071
1116372,0,val,H_global,1,0.6714756
1116860,0,val,H_global,1,0.62945944
1118398,0,val,H_global,1,0.6318878
1118773,0,val,H_global,0,0.45212162
1119526,0,val,H_global,1,0.5879237
1119929,0,val,H_global,0,0.6963942
1120625,0,val,H_global,1,0.3996144
1121493,0,val,H_global,0,0.47422984
1121766,0,val,H_global,1,0.46379045
1121995,0,val,H_global,0,0.4808724
1122004,0,val,H_global,0,0.16555172
1122557,0,val,H_global,1,0.6074891
1122626,0,val,H_global,1,0.9518341
1122659,0,val,H_global,1,0.7594212
1123484,0,val,H_global,0,0.6795158
1123572,0,val,H_global,0,0.6224288
1123858,0,val,H_global,0,0.47177193
1124330,0,val,H_global,0,0.6146507
1125095,0,val,H_global,0,0.5647552
1126146,0,val,H_global,0,0.17375523
1126844,0,val,H_global,0,0.460657
1127703,0,val,H_global,1,0.5923355
1127812,0,val,H_global,1,0.53322357
1128031,0,val,H_global,1,1.0973948
1128952,0,val,H_global,0,0.4340732
1129029,0,val,H_global,0,0.31352016
1129826,0,val,H_global,1,0.63427544
1129953,0,val,H_global,0,0.4028843
1129979,0,val,H_global,1,0.8211622
1131254,0,val,H_global,0,0.41696566
1131656,0,val,H_global,1,0.84119225
1131818,0,val,H_global,1,0.81516635
1131831,0,val,H_global,1,0.7649263
1131906,0,val,H_global,1,0.96476877
1132886,0,val,H_global,0,0.89522445
1134339,0,val,H_global,0,0.26800817
1136675,0,val,H_global,1,0.79364395
1136723,0,val,H_global,0,0.47821707
1136790,0,val,H_global,1,0.67918223
1137743,0,val,H_global,1,0.8791435
1137897,0,val,H_global,1,0.68126714
1138091,0,val,H_global,1,0.7927563
1138316,0,val,H_global,1,0.5498228
1138699,0,val,H_global,0,0.22707012
1138864,0,val,H_global,1,0.58638465
1139249,0,val,H_global,1,0.5271943
1140109,0,val,H_global,1,0.77948
1141785,0,val,H_global,0,0.18218797
1142584,0,val,H_global,0,0.5547234
1142724,0,val,H_global,0,0.38395983
1142803,0,val,H_global,1,0.79144865
1142989,0,val,H_global,1,0.46101233
1143781,0,val,H_global,1,0.6091845
1144322,0,val,H_global,1,0.8776575
1144734,0,val,H_global,1,0.7636261
1144789,0,val,H_global,1,1.4630562
1145284,0,val,H_global,1,0.8418639
1145385,0,val,H_global,0,0.5525982
1145393,0,val,H_global,1,0.50668347
1146323,0,val,H_global,0,0.36080456
1146488,0,val,H_global,0,0.5150168
1147005,0,val,H_global,0,0.38401634
1147155,0,val,H_global,1,1.0805717
1148332,0,val,H_global,1,0.85335493
1148772,0,val,H_global,1,0.4728691
1148848,0,val,H_global,1,0.707482
1149102,0,val,H_global,1,0.51413417
1149196,0,val,H_global,0,0.5965011
1149831,0,val,H_global,1,0.8416092
1149916,0,val,H_global,1,0.30109575
1151020,0,val,H_global,0,0.8673633
1151121,0,val,H_global,1,0.72542876
1151387,0,val,H_global,0,0.5771725
1152700,0,val,H_global,1,0.75194764
1152931,0,val,H_global,1,0.34889016
1153914,0,val,H_global,1,0.6598024
1154175,0,val,H_global,1,0.7723615
1154313,0,val,H_global,1,0.81084776
1154492,0,val,H_global,1,0.64674217
1154712,0,val,H_global,1,0.78926635
1155519,0,val,H_global,1,0.67950577
1156023,0,val,H_global,1,0.5724101
1156386,0,val,H_global,1,0.8751581
1156739,0,val,H_global,1,0.76977205
1157101,0,val,H_global,1,0.77488554
1157142,0,val,H_global,1,0.7274809
1157190,0,val,H_global,1,0.8031775
1205889,0,val,H_global,1,0.8849696
1206308,0,val,H_global,0,0.65815705
1206310,0,val,H_global,1,0.5213629
1206335,0,val,H_global,0,0.44786733
1206411,0,val,H_global,1,0.9768374
1206714,0,val,H_global,1,0.969432
1206862,0,val,H_global,1,0.97731686
1206997,0,val,H_global,1,0.87391984
1207017,0,val,H_global,1,0.6882391
1207479,0,val,H_global,0,0.116922975
1208422,0,val,H_global,1,0.8786204
1208870,0,val,H_global,1,0.73050404
1208898,0,val,H_global,1,0.77439725
1209429,0,val,H_global,1,0.65014905
1209873,0,val,H_global,1,0.623259
1209935,0,val,H_global,0,0.25248343
1209975,0,val,H_global,1,0.4238397
1210100,0,val,H_global,0,0.15315962
1210408,0,val,H_global,0,0.69302446
1210816,0,val,H_global,1,0.50847876
1211345,0,val,H_global,1,0.37141666
1211778,0,val,H_global,0,0.35324782
1212354,0,val,H_global,0,0.48743504
1212408,0,val,H_global,1,0.79247594
1212451,0,val,H_global,0,0.25678596
1212865,0,val,H_global,1,0.6574327
1214345,0,val,H_global,1,0.5187946
1214456,0,val,H_global,0,0.38898584
1214506,0,val,H_global,1,0.7989773
1214832,0,val,H_global,0,0.30243894
1214928,0,val,H_global,1,0.804805
1215070,0,val,H_global,1,0.3176808
1215193,0,val,H_global,1,0.71938187
1215869,0,val,H_global,0,0.48272395
1215921,0,val,H_global,1,0.5125425
1216036,0,val,H_global,1,0.5801487
1216145,0,val,H_global,0,0.66479284
1216150,0,val,H_global,1,0.75229836
1216691,0,val,H_global,1,0.8582096
1216776,0,val,H_global,1,0.53579426
1217218,0,val,H_global,0,0.22772914
1218288,0,val,H_global,1,0.4963057
1219153,0,val,H_global,0,0.42118514
1219634,0,val,H_global,1,0.60860336
1219751,0,val,H_global,1,0.5173736
1220037,0,val,H_global,1,0.4763897
1220380,0,val,H_global,1,0.93643165
1220552,0,val,H_global,1,0.7540405
1220699,0,val,H_global,1,0.493488
1220871,0,val,H_global,0,0.4599082
1220940,0,val,H_global,1,0.7490048
1220988,0,val,H_global,0,0.3328826
1221019,0,val,H_global,0,0.2817278
1221341,0,val,H_global,1,0.47754842
1221355,0,val,H_global,1,0.67637265
1221883,0,val,H_global,0,0.33761135
1222336,0,val,H_global,0,0.37156996
1222850,0,val,H_global,1,0.3713718
1223328,0,val,H_global,1,0.47187734
1223459,0,val,H_global,1,0.9008863
1223516,0,val,H_global,1,0.56071585
1223773,0,val,H_global,1,0.8512905
1223969,0,val,H_global,1,0.9136495
1224343,0,val,H_global,1,0.31444877
1224547,0,val,H_global,1,0.45036978
1225284,0,val,H_global,0,0.20071766
1225298,0,val,H_global,1,0.63407737
1225341,0,val,H_global,1,0.35109586
1225605,0,val,H_global,0,0.47357088
1225635,0,val,H_global,1,0.7637854
1226641,0,val,H_global,1,0.8420234
1226794,0,val,H_global,0,0.33908883
1226937,0,val,H_global,0,0.3993097
1227192,0,val,H_global,1,0.5546221
1227414,0,val,H_global,0,0.5208565
1227765,0,val,H_global,1,1.1469171
1228018,0,val,H_global,1,0.44364882
1229147,0,val,H_global,0,0.21543893
1229368,0,val,H_global,0,0.673266
1230131,0,val,H_global,1,0.51311296
1230574,0,val,H_global,0,0.6787574
1230810,0,val,H_global,1,0.73833096
1231276,0,val,H_global,1,0.5984487
1231535,0,val,H_global,1,0.72437835
1231638,0,val,H_global,1,0.78429925
1231979,0,val,H_global,1,1.0646191
1232188,0,val,H_global,1,0.75946236
1232212,0,val,H_global,1,0.93800104
1232478,0,val,H_global,1,1.0453987
1233203,0,val,H_global,1,0.7825045
1234521,0,val,H_global,0,0.33803746
1234553,0,val,H_global,0,0.3260566
1234862,0,val,H_global,0,0.4725511
1235039,0,val,H_global,1,1.4483094
1235236,0,val,H_global,1,0.3653313
1235254,0,val,H_global,0,0.3531373
1235265,0,val,H_global,1,0.6155613
1235336,0,val,H_global,1,0.5933813
1235381,0,val,H_global,1,0.6658086
1235500,0,val,H_global,1,0.80681276
1235590,0,val,H_global,1,0.5939768
1235597,0,val,H_global,1,0.35705075
1235650,0,val,H_global,0,0.47960252
1235882,0,val,H_global,0,0.32684758
1235914,0,val,H_global,0,0.23447391
1235985,0,val,H_global,1,0.63575333
1236187,0,val,H_global,0,0.38948703
1236418,0,val,H_global,1,0.46422863
1236751,0,val,H_global,1,0.5382961
1236985,0,val,H_global,1,0.8285692
1237033,0,val,H_global,1,0.9928679
1237440,0,val,H_global,1,0.60834086
1237491,0,val,H_global,1,1.2928813
1237647,0,val,H_global,0,0.27883762
1237832,0,val,H_global,1,0.7349533
1238203,0,val,H_global,1,0.90534043
1238264,0,val,H_global,1,0.6481883
1238521,0,val,H_global,1,0.6335173
1238583,0,val,H_global,0,0.54704344
1238664,0,val,H_global,1,0.7384032
1238865,0,val,H_global,1,0.46289816
1238923,0,val,H_global,0,0.44098496
1238960,0,val,H_global,1,0.8826608
1239212,0,val,H_global,0,0.26433304
1239427,0,val,H_global,1,0.7942919
1239609,0,val,H_global,1,0.65523696
1239693,0,val,H_global,0,0.68572587
1239701,0,val,H_global,0,0.59911644
1239841,0,val,H_global,1,0.6915473
1240131,0,val,H_global,1,1.0595838
1240238,0,val,H_global,0,0.8883729
1240953,0,val,H_global,0,0.70722646
1241185,0,val,H_global,0,0.59447193
1241453,0,val,H_global,0,0.54376024
1241779,0,val,H_global,1,0.59693205
1241841,0,val,H_global,1,0.8038005
1242381,0,val,H_global,0,0.9979645
1242508,0,val,H_global,1,0.9261217
1242535,0,val,H_global,1,0.9985367
1242667,0,val,H_global,0,0.6810887
1242673,0,val,H_global,1,0.7356957
1243802,0,val,H_global,0,0.77721816
1243838,0,val,H_global,0,0.73944163
1243992,0,val,H_global,1,0.7519918
1243993,0,val,H_global,0,0.51564384
1245441,0,val,H_global,1,0.5027236
1245905,0,val,H_global,1,0.8909453
1246508,0,val,H_global,0,0.23260936
1246702,0,val,H_global,1,0.6953143
1685,0,test,H_global,1,0.70689625
16787,0,test,H_global,0,0.78649473
19126,0,test,H_global,1,0.98322
19450,0,test,H_global,0,0.57361114
28836,0,test,H_global,1,0.70675164
30502,0,test,H_global,1,0.6024
33225,0,test,H_global,1,0.67609596
34146,0,test,H_global,1,0.8578181
34428,0,test,H_global,0,0.24470887
42331,0,test,H_global,1,1.0053393
42450,0,test,H_global,1,1.0268459
42908,0,test,H_global,1,0.8699354
43628,0,test,H_global,1,1.1765293
56380,0,test,H_global,1,0.75390387
60519,0,test,H_global,1,0.7296509
70147,0,test,H_global,0,0.8063857
71731,0,test,H_global,1,0.71141267
72256,0,test,H_global,1,0.7425003
75558,0,test,H_global,1,0.6737364
78778,0,test,H_global,0,0.28436622
80412,0,test,H_global,1,0.67087525
86179,0,test,H_global,1,0.96292305
86305,0,test,H_global,1,0.8281789
86310,0,test,H_global,1,0.5568001
99452,0,test,H_global,0,0.33327428
100693,0,test,H_global,1,0.7502078
105892,0,test,H_global,1,0.6493491
108335,0,test,H_global,0,0.096055925
120088,0,test,H_global,1,0.6006867
121258,0,test,H_global,1,0.34965497
121544,0,test,H_global,1,0.71969247
121744,0,test,H_global,1,0.663363
138237,0,test,H_global,1,0.54859775
141681,0,test,H_global,1,0.6131215
144639,0,test,H_global,1,0.4234576
156299,0,test,H_global,1,1.1689229
156996,0,test,H_global,1,0.94145274
160524,0,test,H_global,0,0.5294256
174525,0,test,H_global,1,0.55944896
177730,0,test,H_global,1,0.58479536
179049,0,test,H_global,0,0.45171762
183219,0,test,H_global,0,0.76778984
184161,0,test,H_global,1,0.95067763
199745,0,test,H_global,0,0.2498694
200858,0,test,H_global,1,0.3564805
205829,0,test,H_global,1,0.7783128
207626,0,test,H_global,1,0.37360585
208120,0,test,H_global,0,0.62930584
210257,0,test,H_global,0,0.6826237
226106,0,test,H_global,1,0.5797708
226610,0,test,H_global,1,0.7067817
247900,0,test,H_global,1,0.65905267
255650,0,test,H_global,1,0.8729085
266656,0,test,H_global,1,0.54897213
271131,0,test,H_global,1,0.64721274
273824,0,test,H_global,1,0.9808564
274268,0,test,H_global,1,0.78122914
278688,0,test,H_global,0,0.52349466
280634,0,test,H_global,1,0.5841449
284088,0,test,H_global,0,0.43058336
286403,0,test,H_global,1,0.60406864
290974,0,test,H_global,0,0.5967878
293205,0,test,H_global,0,0.48889562
298058,0,test,H_global,1,0.5839062
300174,0,test,H_global,0,0.42205268
301917,0,test,H_global,1,0.4808541
308684,0,test,H_global,1,0.70776176
309228,0,test,H_global,1,0.73060143
311717,0,test,H_global,0,0.6077161
315660,0,test,H_global,1,0.57633424
317182,0,test,H_global,1,0.4449358
320374,0,test,H_global,0,0.23699018
323320,0,test,H_global,0,0.105945885
324095,0,test,H_global,1,0.7831125
328714,0,test,H_global,1,0.5298439
329983,0,test,H_global,1,0.8744331
330603,0,test,H_global,1,0.91836303
331536,0,test,H_global,1,0.7341084
333052,0,test,H_global,0,0.34456906
334461,0,test,H_global,1,0.726509
335240,0,test,H_global,0,0.36937025
345347,0,test,H_global,1,0.8653758
348496,0,test,H_global,1,1.1727358
355419,0,test,H_global,1,0.771047
359014,0,test,H_global,0,0.9541779
359330,0,test,H_global,0,0.40256235
361397,0,test,H_global,1,0.87832594
361916,0,test,H_global,1,0.78317565
366159,0,test,H_global,1,0.97612476
366344,0,test,H_global,0,0.5468343
367930,0,test,H_global,1,0.6952435
374662,0,test,H_global,1,0.7548133
383626,0,test,H_global,1,0.6529776
388622,0,test,H_global,1,0.6268062
391348,0,test,H_global,0,0.5365828
402720,0,test,H_global,1,0.9328494
410795,0,test,H_global,1,0.655546
413554,0,test,H_global,1,1.1990473
415824,0,test,H_global,1,1.0538627
418425,0,test,H_global,0,0.40802643
419629,0,test,H_global,1,0.87128633
427380,0,test,H_global,1,0.73021805
430595,0,test,H_global,1,0.7694277
436619,0,test,H_global,0,0.56483686
445545,0,test,H_global,1,0.7145945
457179,0,test,H_global,1,1.0181947
463375,0,test,H_global,1,0.71267104
465489,0,test,H_global,0,0.5242359
471955,0,test,H_global,1,0.7229532
478525,0,test,H_global,0,0.32716137
479849,0,test,H_global,0,0.16169724
479859,0,test,H_global,0,0.14709696
480021,0,test,H_global,0,0.9062866
481454,0,test,H_global,0,0.38334525
486341,0,test,H_global,0,0.28878456
486901,0,test,H_global,0,0.47713625
490630,0,test,H_global,1,0.5746511
490818,0,test,H_global,1,0.9488016
498363,0,test,H_global,1,1.0126638
508572,0,test,H_global,1,0.75864094
510306,0,test,H_global,0,0.26171744
511018,0,test,H_global,0,0.46660197
513568,0,test,H_global,0,0.36915824
524155,0,test,H_global,0,0.5228699
526137,0,test,H_global,0,0.44066954
531193,0,test,H_global,0,0.021375716
531815,0,test,H_global,0,0.77781826
534077,0,test,H_global,1,0.46610743
536736,0,test,H_global,1,1.0419732
544153,0,test,H_global,1,0.84257877
548749,0,test,H_global,1,0.869387
552900,0,test,H_global,1,1.0218322
552901,0,test,H_global,1,0.7902362
553161,0,test,H_global,0,0.5399656
554960,0,test,H_global,0,0.4415573
560123,0,test,H_global,1,0.8830708
565232,0,test,H_global,1,0.91167176
565908,0,test,H_global,0,0.5897949
566012,0,test,H_global,1,0.51494265
569789,0,test,H_global,0,0.008253992
573425,0,test,H_global,1,0.70116276
575730,0,test,H_global,0,0.6285169
577067,0,test,H_global,1,0.95031714
580587,0,test,H_global,0,0.3184302
584433,0,test,H_global,0,0.6046987
585465,0,test,H_global,1,0.69843227
589139,0,test,H_global,1,0.9880216
596051,0,test,H_global,1,0.5004643
596437,0,test,H_global,0,0.6732215
599359,0,test,H_global,1,1.116644
606159,0,test,H_global,1,0.8688808
608537,0,test,H_global,1,0.76676667
612686,0,test,H_global,0,0.48411566
616172,0,test,H_global,1,0.7433039
625501,0,test,H_global,0,0.58464587
627006,0,test,H_global,1,0.6745256
627556,0,test,H_global,1,1.0008748
628661,0,test,H_global,1,0.81339276
639645,0,test,H_global,0,0.49535605
646867,0,test,H_global,1,0.78703445
648107,0,test,H_global,1,0.42502376
648709,0,test,H_global,0,0.166064
649449,0,test,H_global,0,0.66334194
654746,0,test,H_global,1,0.58192515
660164,0,test,H_global,1,0.6372857
663130,0,test,H_global,1,0.69758403
663406,0,test,H_global,1,0.4625681
670955,0,test,H_global,1,0.8476728
673553,0,test,H_global,1,0.7247336
675907,0,test,H_global,0,0.59265757
677917,0,test,H_global,1,0.63777286
677928,0,test,H_global,1,0.8027514
682565,0,test,H_global,1,0.610052
690734,0,test,H_global,0,0.21989462
690987,0,test,H_global,1,0.83405054
692458,0,test,H_global,1,0.86719406
695588,0,test,H_global,1,0.9845897
697830,0,test,H_global,0,0.41651055
702078,0,test,H_global,0,0.5087749
704317,0,test,H_global,0,0.23433733
706141,0,test,H_global,1,0.18415162
708388,0,test,H_global,1,0.82198083
709192,0,test,H_global,0,0.363613
709722,0,test,H_global,1,0.6937107
711711,0,test,H_global,1,0.7963487
711782,0,test,H_global,1,0.78652525
714764,0,test,H_global,0,0.74685735
714952,0,test,H_global,1,0.78553784
719050,0,test,H_global,0,0.51891035
719225,0,test,H_global,1,0.9145763
723474,0,test,H_global,0,0.16346899
725470,0,test,H_global,0,0.33387077
738078,0,test,H_global,0,0.2813201
741884,0,test,H_global,0,0.85888314
742551,0,test,H_global,0,0.46855152
744145,0,test,H_global,0,0.5053066
744767,0,test,H_global,0,0.5651453
750881,0,test,H_global,0,0.4343018
752970,0,test,H_global,0,0.3188316
755356,0,test,H_global,0,0.29089364
762014,0,test,H_global,0,0.8006725
767773,0,test,H_global,0,0.39246958
768313,0,test,H_global,1,0.8265369
769720,0,test,H_global,1,0.62129843
772900,0,test,H_global,0,0.99994874
776444,0,test,H_global,1,0.8652566
777118,0,test,H_global,1,0.7153168
778111,0,test,H_global,1,0.85150987
779406,0,test,H_global,0,0.45083982
783140,0,test,H_global,1,0.76476043
784920,0,test,H_global,1,0.998728
786776,0,test,H_global,0,0.62771195
789093,0,test,H_global,0,0.48689318
806762,0,test,H_global,0,0.49333787
808258,0,test,H_global,0,0.406882
809234,0,test,H_global,1,0.7263303
810874,0,test,H_global,0,0.44542682
820729,0,test,H_global,1,0.6805525
822027,0,test,H_global,0,0.6338683
822463,0,test,H_global,1,0.7141041
831454,0,test,H_global,0,0.11492956
835159,0,test,H_global,1,0.8075471
839451,0,test,H_global,0,0.52232635
858119,0,test,H_global,0,0.6442812
859236,0,test,H_global,0,0.55408615
866317,0,test,H_global,1,0.9538723
869519,0,test,H_global,1,0.56601334
873012,0,test,H_global,1,0.56200755
877831,0,test,H_global,0,0.34702387
884569,0,test,H_global,1,0.6830096
889657,0,test,H_global,1,0.7923292
900534,0,test,H_global,1,0.7009635
900750,0,test,H_global,1,0.6336317
903654,0,test,H_global,1,0.77405256
944315,0,test,H_global,0,0.45001107
951654,0,test,H_global,0,0.48623267
952219,0,test,H_global,0,0.5608029
953656,0,test,H_global,0,0.5902469
954477,0,test,H_global,1,0.58132255
955669,0,test,H_global,0,0.40736488
955753,0,test,H_global,1,0.5050325
957325,0,test,H_global,1,0.71665287
959155,0,test,H_global,0,0.80961823
962643,0,test,H_global,1,0.5282165
963985,0,test,H_global,1,0.9960005
969827,0,test,H_global,0,0.5333549
972950,0,test,H_global,1,1.0366696
976523,0,test,H_global,1,0.82375944
982253,0,test,H_global,1,0.52536404
982817,0,test,H_global,0,0.1408692
984065,0,test,H_global,0,0.31747413
985152,0,test,H_global,1,0.25102547
989331,0,test,H_global,1,0.8170942
990528,0,test,H_global,0,0.47398233
994044,0,test,H_global,1,0.7812867
994160,0,test,H_global,1,1.1580557
995496,0,test,H_global,1,0.94905716
996219,0,test,H_global,0,0.45008418
996860,0,test,H_global,0,0.38829315
998151,0,test,H_global,1,0.645491
998708,0,test,H_global,1,0.6834927
1001502,0,test,H_global,0,0.36355484
1001535,0,test,H_global,1,0.6788553
1003409,0,test,H_global,1,0.7167387
1005171,0,test,H_global,1,0.81443393
1005401,0,test,H_global,1,0.78587306
1005619,0,test,H_global,1,0.67654556
1006944,0,test,H_global,1,0.73031473
1012321,0,test,H_global,1,0.57680047
1017249,0,test,H_global,1,0.81737554
1043429,0,test,H_global,1,0.8579907
1046104,0,test,H_global,0,0.696626
1048580,0,test,H_global,1,0.7604378
1049831,0,test,H_global,0,0.71804065
1050525,0,test,H_global,1,0.87377065
1053386,0,test,H_global,0,0.5154452
1054567,0,test,H_global,0,0.45069784
1057686,0,test,H_global,0,0.51632833
1058429,0,test,H_global,1,0.7643056
1063812,0,test,H_global,0,0.39694533
1066129,0,test,H_global,1,0.8385551
1066734,0,test,H_global,1,1.0382652
1067828,0,test,H_global,1,0.5737443
1069003,0,test,H_global,0,0.39841193
1069689,0,test,H_global,1,0.77039737
1071527,0,test,H_global,1,0.59757525
1072194,0,test,H_global,1,0.62597954
1073214,0,test,H_global,1,0.8395973
1073787,0,test,H_global,1,0.6216146
1074093,0,test,H_global,1,0.6166521
1074163,0,test,H_global,1,0.87298477
1074275,0,test,H_global,1,0.83463234
1074306,0,test,H_global,1,0.874655
1075816,0,test,H_global,1,0.8730362
1077606,0,test,H_global,1,0.86190987
1079219,0,test,H_global,0,-0.05032116
1079656,0,test,H_global,1,0.38414446
1079923,0,test,H_global,0,0.3130758
1080366,0,test,H_global,1,0.86972696
1080459,0,test,H_global,1,1.0417101
1081059,0,test,H_global,1,0.40321308
1081383,0,test,H_global,0,0.8371241
1082739,0,test,H_global,1,0.73537856
1084267,0,test,H_global,1,0.5015348
1084497,0,test,H_global,1,0.5516405
1085709,0,test,H_global,1,0.6507541
1086243,0,test,H_global,1,0.8140579
1086991,0,test,H_global,0,0.28211358
1087391,0,test,H_global,0,0.23088676
1089172,0,test,H_global,1,0.7705673
1090438,0,test,H_global,1,1.0291642
1090543,0,test,H_global,1,0.58107996
1091014,0,test,H_global,1,0.5196726
1091583,0,test,H_global,1,0.7709962
1092848,0,test,H_global,1,0.41652718
1093401,0,test,H_global,1,0.7440169
1094456,0,test,H_global,1,0.5116319
1094730,0,test,H_global,0,0.39699286
1095404,0,test,H_global,1,0.59716433
1097324,0,test,H_global,1,0.5901055
1097843,0,test,H_global,0,0.5058309
1098849,0,test,H_global,1,0.81368405
1099078,0,test,H_global,1,0.6523038
1101406,0,test,H_global,0,0.26218757
1102276,0,test,H_global,1,0.8535119
1102389,0,test,H_global,1,0.8962488
1102856,0,test,H_global,1,0.38974497
1102873,0,test,H_global,1,0.34320545
1104038,0,test,H_global,1,1.0525421
1104198,0,test,H_global,1,0.6398754
1104592,0,test,H_global,1,0.81574863
1105837,0,test,H_global,1,0.7455906
1106300,0,test,H_global,1,0.80516446
1106784,0,test,H_global,1,0.7662626
1107575,0,test,H_global,0,0.17205366
1107631,0,test,H_global,1,1.0975494
1109280,0,test,H_global,1,0.861549
1109598,0,test,H_global,1,1.1434453
1110598,0,test,H_global,0,0.5052615
1111123,0,test,H_global,1,0.43677422
1112333,0,test,H_global,1,0.8650971
1112425,0,test,H_global,1,0.80944204
1112671,0,test,H_global,1,0.7741186
1112684,0,test,H_global,0,0.45412946
1112999,0,test,H_global,0,0.24716482
1113155,0,test,H_global,0,0.6650953
1113808,0,test,H_global,0,0.26563692
1114105,0,test,H_global,0,0.6841235
1114679,0,test,H_global,1,0.62485355
1115212,0,test,H_global,1,0.8189647
1115227,0,test,H_global,1,0.34754482
1115247,0,test,H_global,0,0.7672711
1115342,0,test,H_global,0,0.5180233
1116507,0,test,H_global,1,0.71136606
1116601,0,test,H_global,0,0.4235107
1117267,0,test,H_global,1,1.1957903
1118542,0,test,H_global,0,0.3687115
1119067,0,test,H_global,1,0.8864829
1119591,0,test,H_global,1,0.94034624
1120775,0,test,H_global,1,0.5482215
1121443,0,test,H_global,0,0.38272807
1121623,0,test,H_global,1,0.54702
1121672,0,test,H_global,1,0.6057196
1121926,0,test,H_global,1,0.5543886
1122760,0,test,H_global,0,0.35867167
1123500,0,test,H_global,1,0.5717488
1123559,0,test,H_global,0,0.38244253
1123910,0,test,H_global,1,0.46167397
1124180,0,test,H_global,0,0.06074965
1124561,0,test,H_global,0,0.53702307
1124658,0,test,H_global,0,0.49407923
1125073,0,test,H_global,1,0.83757544
1125442,0,test,H_global,1,0.76516575
1125468,0,test,H_global,1,1.0031549
1125785,0,test,H_global,1,0.24759915
1125964,0,test,H_global,1,0.5668461
1126244,0,test,H_global,0,0.086945474
1126443,0,test,H_global,0,0.5027944
1127029,0,test,H_global,0,0.4596052
1127233,0,test,H_global,0,0.17676058
1127285,0,test,H_global,0,0.5535369
1127560,0,test,H_global,1,1.1211234
1128027,0,test,H_global,1,0.6724384
1128117,0,test,H_global,1,0.8419462
1128350,0,test,H_global,1,0.5981178
1129253,0,test,H_global,1,0.39777994
1129383,0,test,H_global,1,0.51703453
1129695,0,test,H_global,1,0.505311
1129961,0,test,H_global,0,0.3779709
1130530,0,test,H_global,0,0.5469674
1130533,0,test,H_global,1,1.0945916
1130623,0,test,H_global,0,0.41188353
1131355,0,test,H_global,1,0.60754067
1132251,0,test,H_global,1,0.7666493
1132286,0,test,H_global,0,0.7680982
1132874,0,test,H_global,1,1.012835
1133607,0,test,H_global,1,0.8072213
1133778,0,test,H_global,1,1.2107975
1134518,0,test,H_global,0,0.2695895
1134921,0,test,H_global,1,0.6159756
1134927,0,test,H_global,1,0.7602155
1135001,0,test,H_global,1,0.5395849
1135191,0,test,H_global,0,0.36643478
1135626,0,test,H_global,1,0.91761124
1136569,0,test,H_global,0,0.2776007
1136878,0,test,H_global,1,0.46852
1136925,0,test,H_global,0,0.87318844
1136946,0,test,H_global,0,0.40900564
1136981,0,test,H_global,1,0.91935575
1137818,0,test,H_global,1,0.6212402
1138374,0,test,H_global,0,0.35468242
1138681,0,test,H_global,1,0.46391204
1139209,0,test,H_global,0,0.30779123
1139275,0,test,H_global,1,0.85898656
1139688,0,test,H_global,1,1.1491107
1139774,0,test,H_global,0,0.55402315
1139795,0,test,H_global,0,0.18230474
1142591,0,test,H_global,0,0.7371462
1143113,0,test,H_global,1,0.7397091
1144147,0,test,H_global,0,0.4021356
1144198,0,test,H_global,1,0.8584891
1144465,0,test,H_global,1,0.8781233
1145207,0,test,H_global,0,0.49200085
1146057,0,test,H_global,0,-0.0024824142
1146208,0,test,H_global,0,0.25011975
1146369,0,test,H_global,1,1.0015527
1147189,0,test,H_global,1,0.46868783
1147877,0,test,H_global,1,0.5906565
1148116,0,test,H_global,1,0.9315331
1148548,0,test,H_global,1,0.98279256
1149201,0,test,H_global,1,0.5455673
1150067,0,test,H_global,1,0.8770113
1150178,0,test,H_global,1,0.85841626
1151371,0,test,H_global,1,0.98572296
1151583,0,test,H_global,1,0.6711962
1152038,0,test,H_global,1,0.49026728
1152707,0,test,H_global,0,0.85814905
1152739,0,test,H_global,0,0.5797742
1153155,0,test,H_global,1,0.7848503
1153244,0,test,H_global,1,0.16365594
1154055,0,test,H_global,1,0.6522318
1155460,0,test,H_global,1,0.6994575
1155554,0,test,H_global,1,0.720884
1156261,0,test,H_global,1,0.47441375
1156634,0,test,H_global,1,0.7844417
1156847,0,test,H_global,1,0.79067284
1206184,0,test,H_global,1,0.46149293
1206257,0,test,H_global,1,0.7592265
1206751,0,test,H_global,1,0.96707034
1206811,0,test,H_global,1,0.6528711
1206867,0,test,H_global,1,1.1502544
1207207,0,test,H_global,1,0.71780723
1208078,0,test,H_global,0,0.601013
1208476,0,test,H_global,1,0.77088946
1208561,0,test,H_global,1,0.9434461
1209069,0,test,H_global,1,0.75702316
1209473,0,test,H_global,1,0.72223365
1209531,0,test,H_global,0,0.06781405
1209908,0,test,H_global,0,0.5733088
1210055,0,test,H_global,0,0.6841455
1210080,0,test,H_global,0,0.60758644
1212290,0,test,H_global,1,0.75794387
1212582,0,test,H_global,1,0.840027
1212738,0,test,H_global,1,0.86830443
1213041,0,test,H_global,1,0.9689739
1213071,0,test,H_global,1,0.46604618
1213667,0,test,H_global,0,0.30596486
1214248,0,test,H_global,1,1.0806707
1215252,0,test,H_global,0,0.12062764
1215452,0,test,H_global,0,0.51006854
1215586,0,test,H_global,0,0.6743932
1217110,0,test,H_global,1,0.7988154
1217724,0,test,H_global,0,0.52169794
1217757,0,test,H_global,1,0.46832323
1218110,0,test,H_global,0,0.5679451
1218980,0,test,H_global,0,0.48927486
1219802,0,test,H_global,1,0.8903036
1220156,0,test,H_global,0,0.65248674
1220269,0,test,H_global,0,0.4416535
1220796,0,test,H_global,1,1.001769
1220900,0,test,H_global,1,0.5078261
1221603,0,test,H_global,1,0.47112936
1221685,0,test,H_global,1,0.8092226
1221764,0,test,H_global,1,0.77124023
1222037,0,test,H_global,1,0.5379191
1222048,0,test,H_global,1,0.88644606
1222069,0,test,H_global,1,0.9516058
1222115,0,test,H_global,0,0.5627016
1222124,0,test,H_global,1,0.63303536
1222410,0,test,H_global,0,-0.076698124
1223017,0,test,H_global,1,0.46715218
1223272,0,test,H_global,1,0.8446516
1224094,0,test,H_global,0,0.42213625
1224536,0,test,H_global,1,0.39900613
1225262,0,test,H_global,1,0.5587695
1225309,0,test,H_global,1,0.83974296
1225334,0,test,H_global,0,0.17099115
1225413,0,test,H_global,1,1.1316516
1225553,0,test,H_global,1,0.80178046
1225716,0,test,H_global,0,0.45750093
1225843,0,test,H_global,0,0.4725561
1225945,0,test,H_global,0,0.20743096
1226065,0,test,H_global,1,0.6331226
1226708,0,test,H_global,1,0.8107325
1226825,0,test,H_global,1,0.48711354
1227138,0,test,H_global,0,0.41166848
1227755,0,test,H_global,1,1.0404286
1228267,0,test,H_global,1,0.8375477
1228453,0,test,H_global,1,0.38952792
1228747,0,test,H_global,1,1.004348
1228820,0,test,H_global,0,0.26924726
1229345,0,test,H_global,1,0.9989382
1229976,0,test,H_global,1,0.6570544
1230265,0,test,H_global,1,0.71544415
1230721,0,test,H_global,1,0.6896968
1230724,0,test,H_global,1,0.4932791
1231353,0,test,H_global,1,1.0115153
1231734,0,test,H_global,1,0.58625305
1231841,0,test,H_global,0,0.38294572
1232099,0,test,H_global,0,0.72001374
1233084,0,test,H_global,1,0.85842586
1233147,0,test,H_global,1,0.6702085
1233618,0,test,H_global,0,0.42824703
1233777,0,test,H_global,1,0.96728194
1234410,0,test,H_global,0,0.53794944
1234413,0,test,H_global,1,0.2517787
1234672,0,test,H_global,0,0.33516967
1235697,0,test,H_global,1,0.6447995
1236071,0,test,H_global,1,0.64263463
1236191,0,test,H_global,1,0.74136144
1236410,0,test,H_global,0,0.08729911
1237123,0,test,H_global,0,0.49243772
1237184,0,test,H_global,0,0.5668699
1237496,0,test,H_global,1,0.65848064
1237508,0,test,H_global,1,0.36248553
1237793,0,test,H_global,1,0.6569679
1237971,0,test,H_global,1,0.7237649
1238001,0,test,H_global,0,0.1837031
1238292,0,test,H_global,0,0.5874309
1238406,0,test,H_global,0,0.20846069
1238413,0,test,H_global,1,0.5978162
1238443,0,test,H_global,0,0.3916098
1238501,0,test,H_global,0,0.291223
1238523,0,test,H_global,1,0.9384377
1238553,0,test,H_global,1,0.28311843
1238636,0,test,H_global,1,0.68892175
1238817,0,test,H_global,0,0.5605227
1238964,0,test,H_global,1,0.60535234
1239079,0,test,H_global,1,0.61183196
1239094,0,test,H_global,1,0.69590664
1239224,0,test,H_global,1,0.57540804
1239458,0,test,H_global,0,0.67625827
1239936,0,test,H_global,0,0.4759934
1240378,0,test,H_global,1,0.534402
1240433,0,test,H_global,1,0.69987035
1241090,0,test,H_global,0,0.6668995
1241104,0,test,H_global,0,0.15076071
1241937,0,test,H_global,0,0.7134203
1241954,0,test,H_global,1,0.79854727
1242009,0,test,H_global,1,0.67573947
1242021,0,test,H_global,1,0.84647584
1242267,0,test,H_global,1,0.80394924
1242424,0,test,H_global,1,0.8209036
1242536,0,test,H_global,1,1.1873114
1242725,0,test,H_global,1,0.5328725
1242729,0,test,H_global,1,0.6436926
1242755,0,test,H_global,0,0.61690706
1242831,0,test,H_global,0,0.4167446
1243295,0,test,H_global,1,0.81373256
1243442,0,test,H_global,0,0.20842811
1243523,0,test,H_global,0,0.39913946
1244763,0,test,H_global,0,0.52788967
1245846,0,test,H_global,1,0.6943061
1122,0,val,H_linear,0,0.6146478
4993,0,val,H_linear,1,0.7941859
15488,0,val,H_linear,1,1.0805392
20593,0,val,H_linear,1,0.9329769
22854,0,val,H_linear,1,0.5770582
32097,0,val,H_linear,1,0.9336664
33645,0,val,H_linear,0,0.09862536
40597,0,val,H_linear,1,0.6413095
50696,0,val,H_linear,1,0.52513945
52327,0,val,H_linear,1,1.153546
54388,0,val,H_linear,0,0.29692966
57684,0,val,H_linear,1,0.45473135
58630,0,val,H_linear,1,0.6557852
59792,0,val,H_linear,0,0.43095466
72432,0,val,H_linear,1,0.67144656
76273,0,val,H_linear,1,0.8544206
85978,0,val,H_linear,1,0.50168604
86840,0,val,H_linear,1,0.61311084
87973,0,val,H_linear,1,0.744346
91249,0,val,H_linear,1,0.32395616
112607,0,val,H_linear,1,0.9688091
112715,0,val,H_linear,1,1.0079956
123208,0,val,H_linear,1,0.84437793
140328,0,val,H_linear,0,0.5270987
141620,0,val,H_linear,1,1.079823
143454,0,val,H_linear,0,0.8482973
144004,0,val,H_linear,0,0.30706906
145109,0,val,H_linear,1,0.1734373
149348,0,val,H_linear,1,0.7784406
152430,0,val,H_linear,1,0.5859507
154041,0,val,H_linear,1,0.46578118
157449,0,val,H_linear,1,0.6498851
162518,0,val,H_linear,1,0.9792942
163423,0,val,H_linear,1,0.8384785
165324,0,val,H_linear,0,0.4197782
165400,0,val,H_linear,0,0.65466976
169372,0,val,H_linear,1,0.7306516
171833,0,val,H_linear,1,0.7616116
171896,0,val,H_linear,1,0.5155278
172578,0,val,H_linear,1,1.1883059
173162,0,val,H_linear,0,0.4585837
176133,0,val,H_linear,1,0.83552146
184936,0,val,H_linear,1,0.88220376
191335,0,val,H_linear,0,0.5425108
193149,0,val,H_linear,0,0.6040637
203640,0,val,H_linear,1,0.85669523
207233,0,val,H_linear,1,1.138533
213739,0,val,H_linear,0,0.20585388
228543,0,val,H_linear,1,0.76859844
234247,0,val,H_linear,0,0.7235879
237953,0,val,H_linear,1,1.0021021
238407,0,val,H_linear,0,0.35918376
240229,0,val,H_linear,0,0.39701802
243108,0,val,H_linear,1,0.9937134
250983,0,val,H_linear,0,0.6364521
258462,0,val,H_linear,0,0.5134991
269426,0,val,H_linear,1,0.4999251
273826,0,val,H_linear,1,0.6267856
278485,0,val,H_linear,0,0.29173043
280452,0,val,H_linear,0,0.4589612
282212,0,val,H_linear,1,0.5266711
289992,0,val,H_linear,1,0.6586137
292872,0,val,H_linear,0,0.34224537
299698,0,val,H_linear,1,0.6389257
303683,0,val,H_linear,0,0.5709228
308426,0,val,H_linear,1,0.34730393
308485,0,val,H_linear,0,0.38698742
319549,0,val,H_linear,1,0.687199
321109,0,val,H_linear,0,0.99319994
321989,0,val,H_linear,1,0.8599315
323718,0,val,H_linear,1,0.7087988
323797,0,val,H_linear,0,0.2098406
325318,0,val,H_linear,0,0.73556376
328655,0,val,H_linear,0,0.34173375
332529,0,val,H_linear,1,0.8391883
335955,0,val,H_linear,1,0.4846668
338273,0,val,H_linear,1,0.8898449
345087,0,val,H_linear,1,1.0281402
345361,0,val,H_linear,1,0.89675117
347257,0,val,H_linear,1,1.0609815
349058,0,val,H_linear,1,0.73168194
350012,0,val,H_linear,1,0.7245697
350472,0,val,H_linear,0,0.26703942
352441,0,val,H_linear,0,0.45642316
352893,0,val,H_linear,1,0.7739514
353416,0,val,H_linear,1,0.5810169
357322,0,val,H_linear,0,0.6789514
364228,0,val,H_linear,1,0.8393992
364440,0,val,H_linear,0,0.36040643
368436,0,val,H_linear,1,0.70268536
369818,0,val,H_linear,1,1.008094
372332,0,val,H_linear,1,0.6759989
375294,0,val,H_linear,1,0.92867905
376880,0,val,H_linear,1,0.91133654
377217,0,val,H_linear,1,0.6299263
377703,0,val,H_linear,1,0.8967683
400944,0,val,H_linear,1,0.64170635
406676,0,val,H_linear,1,0.7306463
407827,0,val,H_linear,1,0.87867427
412716,0,val,H_linear,1,0.96835405
416249,0,val,H_linear,1,0.5322289
420633,0,val,H_linear,1,0.60261595
421283,0,val,H_linear,1,0.7434111
421437,0,val,H_linear,0,0.24873346
423553,0,val,H_linear,1,0.83129406
431921,0,val,H_linear,0,0.5230503
432168,0,val,H_linear,1,0.8043897
432906,0,val,H_linear,1,0.6933934
433303,0,val,H_linear,1,0.75936496
443207,0,val,H_linear,1,0.81657356
445318,0,val,H_linear,0,0.5523792
448027,0,val,H_linear,0,0.200423
463298,0,val,H_linear,1,0.7422087
469812,0,val,H_linear,0,0.50022656
469865,0,val,H_linear,1,0.8372327
474601,0,val,H_linear,1,0.90131474
475893,0,val,H_linear,0,0.4748612
482448,0,val,H_linear,0,0.72942895
487378,0,val,H_linear,0,0.5272397
488665,0,val,H_linear,0,0.54915863
490941,0,val,H_linear,0,0.07805747
496270,0,val,H_linear,1,0.7782964
502585,0,val,H_linear,0,0.61618316
507011,0,val,H_linear,1,0.5104549
509624,0,val,H_linear,1,0.3904959
512180,0,val,H_linear,1,0.7888918
517848,0,val,H_linear,1,0.9120308
518232,0,val,H_linear,1,0.60019565
520868,0,val,H_linear,0,0.20315322
526837,0,val,H_linear,0,0.8084698
529902,0,val,H_linear,1,1.2968612
530038,0,val,H_linear,1,1.0581589
531104,0,val,H_linear,1,1.0599025
532533,0,val,H_linear,1,0.85282993
545205,0,val,H_linear,0,0.27054653
546258,0,val,H_linear,1,0.8967966
549363,0,val,H_linear,0,0.3091354
552325,0,val,H_linear,0,0.7840677
552424,0,val,H_linear,0,0.63201076
556177,0,val,H_linear,0,0.55893975
563033,0,val,H_linear,0,0.6729366
564394,0,val,H_linear,0,0.42402384
577668,0,val,H_linear,1,0.5387634
578084,0,val,H_linear,0,0.59827167
583338,0,val,H_linear,1,0.75598794
588986,0,val,H_linear,1,1.1791296
592548,0,val,H_linear,0,0.36121497
599396,0,val,H_linear,0,0.3675325
605160,0,val,H_linear,0,0.6060851
607813,0,val,H_linear,0,0.24568498
608740,0,val,H_linear,0,0.7949945
614481,0,val,H_linear,0,0.16503343
615119,0,val,H_linear,1,0.595723
615631,0,val,H_linear,1,0.6036527
625366,0,val,H_linear,1,0.72815615
629729,0,val,H_linear,1,0.7384247
647436,0,val,H_linear,0,0.5067519
650259,0,val,H_linear,0,0.3690825
651309,0,val,H_linear,0,0.21744537
651758,0,val,H_linear,1,0.36896136
652123,0,val,H_linear,0,0.3197772
652279,0,val,H_linear,0,0.41948506
656122,0,val,H_linear,1,0.65325475
656138,0,val,H_linear,1,0.68813205
660061,0,val,H_linear,1,0.43325084
660533,0,val,H_linear,0,0.3916525
660938,0,val,H_linear,1,0.44822228
665029,0,val,H_linear,1,0.6885602
665050,0,val,H_linear,1,0.49663234
670244,0,val,H_linear,1,0.5540672
671325,0,val,H_linear,0,0.38216165
671576,0,val,H_linear,0,0.2385743
673052,0,val,H_linear,1,0.6225463
675660,0,val,H_linear,0,0.101085305
678199,0,val,H_linear,0,0.35130554
680266,0,val,H_linear,0,0.5513991
682914,0,val,H_linear,1,0.6850375
692799,0,val,H_linear,1,0.91947645
696774,0,val,H_linear,1,1.1346569
700558,0,val,H_linear,1,0.6712852
703048,0,val,H_linear,0,0.9607838
705906,0,val,H_linear,1,0.929919
710625,0,val,H_linear,1,0.9212242
712016,0,val,H_linear,1,0.8416692
718704,0,val,H_linear,1,0.6527023
726126,0,val,H_linear,0,0.093326986
734224,0,val,H_linear,0,0.25758633
738172,0,val,H_linear,0,0.6475108
738715,0,val,H_linear,0,0.6013004
739530,0,val,H_linear,1,0.21182895
740043,0,val,H_linear,1,0.7541184
743121,0,val,H_linear,1,0.5859237
743318,0,val,H_linear,0,0.5239577
745489,0,val,H_linear,1,0.6523044
747568,0,val,H_linear,1,0.58666146
747710,0,val,H_linear,0,0.66142935
748105,0,val,H_linear,0,0.8398175
755156,0,val,H_linear,1,0.9195771
755914,0,val,H_linear,1,0.9733436
761233,0,val,H_linear,1,0.69889796
765473,0,val,H_linear,1,0.60475934
765954,0,val,H_linear,0,0.20916697
766763,0,val,H_linear,1,0.70261836
767066,0,val,H_linear,1,0.6653589
783025,0,val,H_linear,1,0.94309986
788241,0,val,H_linear,1,0.43623906
789437,0,val,H_linear,1,0.7190443
789824,0,val,H_linear,0,0.2976396
793726,0,val,H_linear,0,0.66007936
803606,0,val,H_linear,1,0.7053945
809689,0,val,H_linear,0,0.69048256
817197,0,val,H_linear,0,0.099917114
822633,0,val,H_linear,1,0.46245193
829142,0,val,H_linear,1,0.8299135
829874,0,val,H_linear,0,0.60729927
833210,0,val,H_linear,1,0.8049942
835716,0,val,H_linear,0,0.53274465
835833,0,val,H_linear,1,0.8582897
839278,0,val,H_linear,1,0.7914907
847036,0,val,H_linear,1,0.7981024
848723,0,val,H_linear,1,0.6707466
849472,0,val,H_linear,1,0.8143561
853842,0,val,H_linear,1,0.88418525
857171,0,val,H_linear,1,0.6140964
859109,0,val,H_linear,1,0.9891532
860360,0,val,H_linear,1,0.71744776
866895,0,val,H_linear,0,0.4723199
868318,0,val,H_linear,0,0.5588513
870739,0,val,H_linear,1,0.58630717
883479,0,val,H_linear,0,0.6998135
883804,0,val,H_linear,1,0.76169294
885394,0,val,H_linear,1,0.6090208
886279,0,val,H_linear,1,0.5785227
898035,0,val,H_linear,1,0.55940783
900648,0,val,H_linear,1,0.80680734
903410,0,val,H_linear,1,0.81095517
936352,0,val,H_linear,0,0.12302524
950405,0,val,H_linear,1,0.74069405
951465,0,val,H_linear,0,0.91327965
951846,0,val,H_linear,0,0.3385381
963197,0,val,H_linear,1,0.6724844
970382,0,val,H_linear,1,0.745057
975370,0,val,H_linear,0,0.8473653
975728,0,val,H_linear,0,0.51510066
976220,0,val,H_linear,1,0.9194317
977714,0,val,H_linear,1,0.7526287
979369,0,val,H_linear,1,0.9199976
979917,0,val,H_linear,1,0.5043037
981736,0,val,H_linear,0,0.3561141
983916,0,val,H_linear,1,0.18005857
986074,0,val,H_linear,1,0.92906225
987997,0,val,H_linear,1,0.8147943
988071,0,val,H_linear,0,0.64118415
989315,0,val,H_linear,1,0.8411741
991060,0,val,H_linear,1,1.1887674
991790,0,val,H_linear,1,0.7701728
991972,0,val,H_linear,1,0.45589125
993562,0,val,H_linear,1,0.85157037
994960,0,val,H_linear,0,0.3700499
997176,0,val,H_linear,0,0.17121395
999980,0,val,H_linear,0,0.6592458
1002249,0,val,H_linear,1,0.90657616
1005121,0,val,H_linear,1,0.99244606
1007363,0,val,H_linear,0,0.58065224
1009347,0,val,H_linear,1,0.6485784
1013371,0,val,H_linear,1,0.319839
1026684,0,val,H_linear,1,0.5683654
1027441,0,val,H_linear,1,0.74831283
1029373,0,val,H_linear,1,0.73629713
1042457,0,val,H_linear,0,0.18712217
1043319,0,val,H_linear,0,0.5991304
1049886,0,val,H_linear,1,1.033292
1057350,0,val,H_linear,0,0.7346312
1057961,0,val,H_linear,0,0.69569045
1058939,0,val,H_linear,1,0.52184296
1065288,0,val,H_linear,0,0.7488843
1065613,0,val,H_linear,0,0.42421877
1067177,0,val,H_linear,1,0.54392475
1067946,0,val,H_linear,0,0.38637638
1068390,0,val,H_linear,1,0.6976227
1068928,0,val,H_linear,0,0.6100206
1070070,0,val,H_linear,1,0.55138224
1070472,0,val,H_linear,0,0.39794832
1070686,0,val,H_linear,0,0.46183497
1071801,0,val,H_linear,0,0.48967922
1072395,0,val,H_linear,1,0.7203451
1073156,0,val,H_linear,1,1.0266703
1073471,0,val,H_linear,1,0.8754593
1074753,0,val,H_linear,0,0.55668014
1077187,0,val,H_linear,1,0.7905043
1079282,0,val,H_linear,1,0.74014413
1080609,0,val,H_linear,0,0.45865816
1081377,0,val,H_linear,0,0.08706766
1082433,0,val,H_linear,0,0.15508401
1082987,0,val,H_linear,0,0.20501783
1083817,0,val,H_linear,1,0.44581395
1084185,0,val,H_linear,0,0.428186
1085216,0,val,H_linear,0,-0.031094968
1087797,0,val,H_linear,1,0.9996727
1088105,0,val,H_linear,1,0.5583441
1088918,0,val,H_linear,1,0.67362595
1091670,0,val,H_linear,1,0.8210468
1092408,0,val,H_linear,1,0.83285284
1092437,0,val,H_linear,1,0.763599
1092889,0,val,H_linear,1,0.9831219
1092948,0,val,H_linear,1,0.76419127
1093200,0,val,H_linear,0,0.2784238
1093743,0,val,H_linear,0,0.114001095
1093823,0,val,H_linear,1,0.80447686
1096850,0,val,H_linear,1,0.7058941
1097996,0,val,H_linear,1,0.2872596
1099660,0,val,H_linear,1,0.6373019
1102314,0,val,H_linear,1,0.9066175
1103360,0,val,H_linear,1,0.70036
1104219,0,val,H_linear,1,0.33459657
1104443,0,val,H_linear,1,0.98785853
1104599,0,val,H_linear,1,0.8581322
1104649,0,val,H_linear,1,0.96606094
1104803,0,val,H_linear,0,0.31335068
1105121,0,val,H_linear,0,0.21985736
1105416,0,val,H_linear,1,0.27636352
1105688,0,val,H_linear,1,0.66025126
1105902,0,val,H_linear,1,0.54978085
1105904,0,val,H_linear,0,0.34989184
1106632,0,val,H_linear,0,0.47695082
1107348,0,val,H_linear,1,0.59744495
1108706,0,val,H_linear,1,0.8751583
1108945,0,val,H_linear,1,0.9570279
1108949,0,val,H_linear,1,1.0219536
1109030,0,val,H_linear,1,0.57350767
1109526,0,val,H_linear,1,0.7935735
1109829,0,val,H_linear,1,0.8047616
1110232,0,val,H_linear,1,0.79788566
1111153,0,val,H_linear,0,0.3431598
1111471,0,val,H_linear,1,0.7574999
1111860,0,val,H_linear,1,0.7455247
1111920,0,val,H_linear,1,0.7186346
1112111,0,val,H_linear,1,0.8085924
1112465,0,val,H_linear,1,0.2866135
1113756,0,val,H_linear,1,0.991217
1114556,0,val,H_linear,0,0.5230466
1115316,0,val,H_linear,1,0.70671594
1115713,0,val,H_linear,1,0.6317373
1116372,0,val,H_linear,1,0.65870446
1116860,0,val,H_linear,1,0.59553236
1118398,0,val,H_linear,1,0.55777603
1118773,0,val,H_linear,0,0.4185694
1119526,0,val,H_linear,1,0.6219055
1119929,0,val,H_linear,0,0.6948765
1120625,0,val,H_linear,1,0.35466054
1121493,0,val,H_linear,0,0.5122954
1121766,0,val,H_linear,1,0.5170139
1121995,0,val,H_linear,0,0.520831
1122004,0,val,H_linear,0,0.19241506
1122557,0,val,H_linear,1,0.60152584
1122626,0,val,H_linear,1,0.9096173
1122659,0,val,H_linear,1,0.8026126
1123484,0,val,H_linear,0,0.6760277
1123572,0,val,H_linear,0,0.5871192
1123858,0,val,H_linear,0,0.40444145
1124330,0,val,H_linear,0,0.6651886
1125095,0,val,H_linear,0,0.5684537
1126146,0,val,H_linear,0,0.19157308
1126844,0,val,H_linear,0,0.4642437
1127703,0,val,H_linear,1,0.6267087
1127812,0,val,H_linear,1,0.5165976
1128031,0,val,H_linear,1,1.0506314
1128952,0,val,H_linear,0,0.42176807
1129029,0,val,H_linear,0,0.37732437
1129826,0,val,H_linear,1,0.68301
1129953,0,val,H_linear,0,0.40481314
1129979,0,val,H_linear,1,0.7981832
1131254,0,val,H_linear,0,0.41897276
1131656,0,val,H_linear,1,0.9457896
1131818,0,val,H_linear,1,0.8020535
1131831,0,val,H_linear,1,0.8128498
1131906,0,val,H_linear,1,0.999495
1132886,0,val,H_linear,0,0.91164297
1134339,0,val,H_linear,0,0.24802014
1136675,0,val,H_linear,1,0.75646466
1136723,0,val,H_linear,0,0.4350067
1136790,0,val,H_linear,1,0.7005114
1137743,0,val,H_linear,1,0.87841916
1137897,0,val,H_linear,1,0.73023903
1138091,0,val,H_linear,1,0.7884444
1138316,0,val,H_linear,1,0.584957
1138699,0,val,H_linear,0,0.2610796
1138864,0,val,H_linear,1,0.5608866
1139249,0,val,H_linear,1,0.5695126
1140109,0,val,H_linear,1,0.81080073
1141785,0,val,H_linear,0,0.07067448
1142584,0,val,H_linear,0,0.46454507
1142724,0,val,H_linear,0,0.39968294
1142803,0,val,H_linear,1,0.80510706
1142989,0,val,H_linear,1,0.4420808
1143781,0,val,H_linear,1,0.63623136
1144322,0,val,H_linear,1,0.8868187
1144734,0,val,H_linear,1,0.809802
1144789,0,val,H_linear,1,1.3526382
1145284,0,val,H_linear,1,0.9197192
1145385,0,val,H_linear,0,0.5964284
1145393,0,val,H_linear,1,0.5005724
1146323,0,val,H_linear,0,0.40178102
1146488,0,val,H_linear,0,0.44667366
1147005,0,val,H_linear,0,0.40681463
1147155,0,val,H_linear,1,1.0731239
1148332,0,val,H_linear,1,0.8321091
1148772,0,val,H_linear,1,0.50431246
1148848,0,val,H_linear,1,0.7094922
1149102,0,val,H_linear,1,0.4918616
1149196,0,val,H_linear,0,0.60842174
1149831,0,val,H_linear,1,0.8774159
1149916,0,val,H_linear,1,0.31218392
1151020,0,val,H_linear,0,0.9145291
1151121,0,val,H_linear,1,0.7997972
1151387,0,val,H_linear,0,0.4905311
1152700,0,val,H_linear,1,0.77507025
1152931,0,val,H_linear,1,0.30944827
1153914,0,val,H_linear,1,0.75480175
1154175,0,val,H_linear,1,0.7707154
1154313,0,val,H_linear,1,0.8441536
1154492,0,val,H_linear,1,0.5809851
1154712,0,val,H_linear,1,0.7460658
1155519,0,val,H_linear,1,0.68167263
1156023,0,val,H_linear,1,0.65000343
1156386,0,val,H_linear,1,0.88561213
1156739,0,val,H_linear,1,0.7288114
1157101,0,val,H_linear,1,0.7383071
1157142,0,val,H_linear,1,0.64505136
1157190,0,val,H_linear,1,0.81191367
1205889,0,val,H_linear,1,0.926711
1206308,0,val,H_linear,0,0.56876206
1206310,0,val,H_linear,1,0.6230805
1206335,0,val,H_linear,0,0.41141152
1206411,0,val,H_linear,1,1.0709866
1206714,0,val,H_linear,1,0.9423439
1206862,0,val,H_linear,1,1.0149279
1206997,0,val,H_linear,1,0.95055294
1207017,0,val,H_linear,1,0.7219967
1207479,0,val,H_linear,0,0.18405288
1208422,0,val,H_linear,1,0.9576244
1208870,0,val,H_linear,1,0.81211466
1208898,0,val,H_linear,1,0.8063494
1209429,0,val,H_linear,1,0.6379968
1209873,0,val,H_linear,1,0.5881538
1209935,0,val,H_linear,0,0.24662119
1209975,0,val,H_linear,1,0.49593413
1210100,0,val,H_linear,0,0.20071074
1210408,0,val,H_linear,0,0.6604623
1210816,0,val,H_linear,1,0.5127772
1211345,0,val,H_linear,1,0.3692142
1211778,0,val,H_linear,0,0.3733987
1212354,0,val,H_linear,0,0.50773764
1212408,0,val,H_linear,1,0.82851994
1212451,0,val,H_linear,0,0.2877311
1212865,0,val,H_linear,1,0.6843284
1214345,0,val,H_linear,1,0.4876154
1214456,0,val,H_linear,0,0.29600513
1214506,0,val,H_linear,1,0.82076013
1214832,0,val,H_linear,0,0.32174164
1214928,0,val,H_linear,1,0.8309125
1215070,0,val,H_linear,1,0.32171136
1215193,0,val,H_linear,1,0.77462626
1215869,0,val,H_linear,0,0.5296121
1215921,0,val,H_linear,1,0.4751721
1216036,0,val,H_linear,1,0.5811888
1216145,0,val,H_linear,0,0.6449797
1216150,0,val,H_linear,1,0.77490735
1216691,0,val,H_linear,1,0.8665594
1216776,0,val,H_linear,1,0.5436983
1217218,0,val,H_linear,0,0.22067994
1218288,0,val,H_linear,1,0.47628763
1219153,0,val,H_linear,0,0.49871287
1219634,0,val,H_linear,1,0.5795735
1219751,0,val,H_linear,1,0.5232185
1220037,0,val,H_linear,1,0.47185487
1220380,0,val,H_linear,1,0.9119448
1220552,0,val,H_linear,1,0.7505287
1220699,0,val,H_linear,1,0.57290995
1220871,0,val,H_linear,0,0.4573141
1220940,0,val,H_linear,1,0.7580374
1220988,0,val,H_linear,0,0.28737986
1221019,0,val,H_linear,0,0.3277244
1221341,0,val,H_linear,1,0.44009203
1221355,0,val,H_linear,1,0.74976003
1221883,0,val,H_linear,0,0.36552683
1222336,0,val,H_linear,0,0.38695583
1222850,0,val,H_linear,1,0.39839196
1223328,0,val,H_linear,1,0.46555692
1223459,0,val,H_linear,1,0.88579947
1223516,0,val,H_linear,1,0.5418361
1223773,0,val,H_linear,1,0.8529718
1223969,0,val,H_linear,1,0.92709506
1224343,0,val,H_linear,1,0.3602063
1224547,0,val,H_linear,1,0.38342994
1225284,0,val,H_linear,0,0.20465347
1225298,0,val,H_linear,1,0.6648403
1225341,0,val,H_linear,1,0.39408106
1225605,0,val,H_linear,0,0.43910968
1225635,0,val,H_linear,1,0.8163773
1226641,0,val,H_linear,1,0.8804624
1226794,0,val,H_linear,0,0.37792104
1226937,0,val,H_linear,0,0.29837343
1227192,0,val,H_linear,1,0.47920138
1227414,0,val,H_linear,0,0.4868402
1227765,0,val,H_linear,1,1.2012999
1228018,0,val,H_linear,1,0.50657296
1229147,0,val,H_linear,0,0.27082533
1229368,0,val,H_linear,0,0.6460903
1230131,0,val,H_linear,1,0.48389345
1230574,0,val,H_linear,0,0.7290395
1230810,0,val,H_linear,1,0.7217424
1231276,0,val,H_linear,1,0.5953609
1231535,0,val,H_linear,1,0.6735121
1231638,0,val,H_linear,1,0.8345107
1231979,0,val,H_linear,1,1.0579528
1232188,0,val,H_linear,1,0.85642296
1232212,0,val,H_linear,1,0.8430792
1232478,0,val,H_linear,1,1.0423028
1233203,0,val,H_linear,1,0.7497799
1234521,0,val,H_linear,0,0.30924726
1234553,0,val,H_linear,0,0.26469603
1234862,0,val,H_linear,0,0.33451718
1235039,0,val,H_linear,1,1.4102206
1235236,0,val,H_linear,1,0.37005863
1235254,0,val,H_linear,0,0.33488864
1235265,0,val,H_linear,1,0.6429028
1235336,0,val,H_linear,1,0.593716
1235381,0,val,H_linear,1,0.63164437
1235500,0,val,H_linear,1,0.79312736
1235590,0,val,H_linear,1,0.60831344
1235597,0,val,H_linear,1,0.3195309
1235650,0,val,H_linear,0,0.53014404
1235882,0,val,H_linear,0,0.33036575
1235914,0,val,H_linear,0,0.2724447
1235985,0,val,H_linear,1,0.6103833
1236187,0,val,H_linear,0,0.4731562
1236418,0,val,H_linear,1,0.4923534
1236751,0,val,H_linear,1,0.5140301
1236985,0,val,H_linear,1,0.73745865
1237033,0,val,H_linear,1,1.052511
1237440,0,val,H_linear,1,0.58104724
1237491,0,val,H_linear,1,1.272448
1237647,0,val,H_linear,0,0.28691953
1237832,0,val,H_linear,1,0.69996405
1238203,0,val,H_linear,1,0.8568437
1238264,0,val,H_linear,1,0.59279275
1238521,0,val,H_linear,1,0.540188
1238583,0,val,H_linear,0,0.515006
1238664,0,val,H_linear,1,0.7707676
1238865,0,val,H_linear,1,0.5605635
1238923,0,val,H_linear,0,0.4541787
1238960,0,val,H_linear,1,0.92342305
1239212,0,val,H_linear,0,0.24167535
1239427,0,val,H_linear,1,0.8336221
1239609,0,val,H_linear,1,0.6060613
1239693,0,val,H_linear,0,0.6783499
1239701,0,val,H_linear,0,0.58107734
1239841,0,val,H_linear,1,0.7255507
1240131,0,val,H_linear,1,1.0092938
1240238,0,val,H_linear,0,0.90213984
1240953,0,val,H_linear,0,0.7931832
1241185,0,val,H_linear,0,0.5456231
1241453,0,val,H_linear,0,0.546016
1241779,0,val,H_linear,1,0.5157248
1241841,0,val,H_linear,1,0.7649997
1242381,0,val,H_linear,0,0.9575409
1242508,0,val,H_linear,1,0.92393816
1242535,0,val,H_linear,1,1.0882864
1242667,0,val,H_linear,0,0.6401318
1242673,0,val,H_linear,1,0.75076103
1243802,0,val,H_linear,0,0.70733
1243838,0,val,H_linear,0,0.739197
1243992,0,val,H_linear,1,0.71731067
1243993,0,val,H_linear,0,0.47498947
1245441,0,val,H_linear,1,0.46060356
1245905,0,val,H_linear,1,0.89762855
1246508,0,val,H_linear,0,0.21078727
1246702,0,val,H_linear,1,0.5741126
1685,0,test,H_linear,1,0.7264769
16787,0,test,H_linear,0,0.80478746
19126,0,test,H_linear,1,0.9729878
19450,0,test,H_linear,0,0.65292495
28836,0,test,H_linear,1,0.7436308
30502,0,test,H_linear,1,0.60358757
33225,0,test,H_linear,1,0.6729538
34146,0,test,H_linear,1,0.8686609
34428,0,test,H_linear,0,0.30667874
42331,0,test,H_linear,1,0.9696879
42450,0,test,H_linear,1,1.0408709
42908,0,test,H_linear,1,0.8405836
43628,0,test,H_linear,1,1.1700621
56380,0,test,H_linear,1,0.758381
60519,0,test,H_linear,1,0.78407335
70147,0,test,H_linear,0,0.76598203
71731,0,test,H_linear,1,0.81915104
72256,0,test,H_linear,1,0.68152297
75558,0,test,H_linear,1,0.70097244
78778,0,test,H_linear,0,0.192411
80412,0,test,H_linear,1,0.640668
86179,0,test,H_linear,1,0.88273865
86305,0,test,H_linear,1,0.8245955
86310,0,test,H_linear,1,0.5540312
99452,0,test,H_linear,0,0.3689949
100693,0,test,H_linear,1,0.7958
105892,0,test,H_linear,1,0.70124686
108335,0,test,H_linear,0,0.09755975
120088,0,test,H_linear,1,0.62623096
121258,0,test,H_linear,1,0.3125145
121544,0,test,H_linear,1,0.6543311
121744,0,test,H_linear,1,0.7178013
138237,0,test,H_linear,1,0.51778126
141681,0,test,H_linear,1,0.6836338
144639,0,test,H_linear,1,0.43500608
156299,0,test,H_linear,1,1.1031122
156996,0,test,H_linear,1,0.90253764
160524,0,test,H_linear,0,0.53906655
174525,0,test,H_linear,1,0.5944543
177730,0,test,H_linear,1,0.5590442
179049,0,test,H_linear,0,0.45146778
183219,0,test,H_linear,0,0.86402845
184161,0,test,H_linear,1,0.94185424
199745,0,test,H_linear,0,0.24834254
200858,0,test,H_linear,1,0.3308715
205829,0,test,H_linear,1,0.8266954
207626,0,test,H_linear,1,0.42359215
208120,0,test,H_linear,0,0.5192141
210257,0,test,H_linear,0,0.65569305
226106,0,test,H_linear,1,0.5898813
226610,0,test,H_linear,1,0.69386387
247900,0,test,H_linear,1,0.609462
255650,0,test,H_linear,1,0.95447266
266656,0,test,H_linear,1,0.5423935
271131,0,test,H_linear,1,0.6545482
273824,0,test,H_linear,1,0.99259496
274268,0,test,H_linear,1,0.6325241
278688,0,test,H_linear,0,0.4377848
280634,0,test,H_linear,1,0.53224313
284088,0,test,H_linear,0,0.44248456
286403,0,test,H_linear,1,0.6205105
290974,0,test,H_linear,0,0.4975532
293205,0,test,H_linear,0,0.5354779
298058,0,test,H_linear,1,0.60679096
300174,0,test,H_linear,0,0.46288395
301917,0,test,H_linear,1,0.5206965
308684,0,test,H_linear,1,0.73415166
309228,0,test,H_linear,1,0.67304766
311717,0,test,H_linear,0,0.5656562
315660,0,test,H_linear,1,0.6241805
317182,0,test,H_linear,1,0.3576673
320374,0,test,H_linear,0,0.2216093
323320,0,test,H_linear,0,0.14041376
324095,0,test,H_linear,1,0.7343762
328714,0,test,H_linear,1,0.57332987
329983,0,test,H_linear,1,0.8227941
330603,0,test,H_linear,1,0.94629693
331536,0,test,H_linear,1,0.74092865
333052,0,test,H_linear,0,0.33756608
334461,0,test,H_linear,1,0.82272065
335240,0,test,H_linear,0,0.339137
345347,0,test,H_linear,1,0.84831136
348496,0,test,H_linear,1,1.1287137
355419,0,test,H_linear,1,0.80896926
359014,0,test,H_linear,0,0.9394345
359330,0,test,H_linear,0,0.44170427
361397,0,test,H_linear,1,0.9517111
361916,0,test,H_linear,1,0.7736392
366159,0,test,H_linear,1,1.0039645
366344,0,test,H_linear,0,0.53473455
367930,0,test,H_linear,1,0.688925
374662,0,test,H_linear,1,0.766764
383626,0,test,H_linear,1,0.7255065
388622,0,test,H_linear,1,0.671172
391348,0,test,H_linear,0,0.51672274
402720,0,test,H_linear,1,0.94331753
410795,0,test,H_linear,1,0.64829046
413554,0,test,H_linear,1,1.2056024
415824,0,test,H_linear,1,1.0762428
418425,0,test,H_linear,0,0.49287218
419629,0,test,H_linear,1,0.81728184
427380,0,test,H_linear,1,0.5953849
430595,0,test,H_linear,1,0.8774326
436619,0,test,H_linear,0,0.4959147
445545,0,test,H_linear,1,0.693416
457179,0,test,H_linear,1,1.0967643
463375,0,test,H_linear,1,0.6178894
465489,0,test,H_linear,0,0.47790802
471955,0,test,H_linear,1,0.7098818
478525,0,test,H_linear,0,0.37200356
479849,0,test,H_linear,0,0.17473334
479859,0,test,H_linear,0,0.1868326
480021,0,test,H_linear,0,0.8737447
481454,0,test,H_linear,0,0.40090728
486341,0,test,H_linear,0,0.33506173
486901,0,test,H_linear,0,0.39461562
490630,0,test,H_linear,1,0.5749953
490818,0,test,H_linear,1,0.91332304
498363,0,test,H_linear,1,1.1671613
508572,0,test,H_linear,1,0.7246129
510306,0,test,H_linear,0,0.18887901
511018,0,test,H_linear,0,0.43982133
513568,0,test,H_linear,0,0.35212204
524155,0,test,H_linear,0,0.4911849
526137,0,test,H_linear,0,0.40188223
531193,0,test,H_linear,0,-0.058625996
531815,0,test,H_linear,0,0.8293333
534077,0,test,H_linear,1,0.48712027
536736,0,test,H_linear,1,1.0833893
544153,0,test,H_linear,1,0.92854345
548749,0,test,H_linear,1,0.78421694
552900,0,test,H_linear,1,1.0510368
552901,0,test,H_linear,1,0.8971526
553161,0,test,H_linear,0,0.60100335
554960,0,test,H_linear,0,0.42359972
560123,0,test,H_linear,1,0.836018
565232,0,test,H_linear,1,0.77804136
565908,0,test,H_linear,0,0.6073605
566012,0,test,H_linear,1,0.42542446
569789,0,test,H_linear,0,0.051611006
573425,0,test,H_linear,1,0.617554
575730,0,test,H_linear,0,0.5873554
577067,0,test,H_linear,1,0.9411502
580587,0,test,H_linear,0,0.24889567
584433,0,test,H_linear,0,0.56500214
585465,0,test,H_linear,1,0.70136595
589139,0,test,H_linear,1,0.98756313
596051,0,test,H_linear,1,0.52398694
596437,0,test,H_linear,0,0.6413033
599359,0,test,H_linear,1,1.0593451
606159,0,test,H_linear,1,0.7911773
608537,0,test,H_linear,1,0.7344382
612686,0,test,H_linear,0,0.42287642
616172,0,test,H_linear,1,0.71859527
625501,0,test,H_linear,0,0.5424653
627006,0,test,H_linear,1,0.7360444
627556,0,test,H_linear,1,0.93365604
628661,0,test,H_linear,1,0.8579187
639645,0,test,H_linear,0,0.43084842
646867,0,test,H_linear,1,0.76536995
648107,0,test,H_linear,1,0.42268088
648709,0,test,H_linear,0,0.21192452
649449,0,test,H_linear,0,0.649542
654746,0,test,H_linear,1,0.6251411
660164,0,test,H_linear,1,0.56331813
663130,0,test,H_linear,1,0.6681705
663406,0,test,H_linear,1,0.45265144
670955,0,test,H_linear,1,0.8620386
673553,0,test,H_linear,1,0.80740356
675907,0,test,H_linear,0,0.5282903
677917,0,test,H_linear,1,0.67968214
677928,0,test,H_linear,1,0.8690871
682565,0,test,H_linear,1,0.5878532
690734,0,test,H_linear,0,0.2759909
690987,0,test,H_linear,1,0.8004385
692458,0,test,H_linear,1,0.9053224
695588,0,test,H_linear,1,0.9711567
697830,0,test,H_linear,0,0.47014356
702078,0,test,H_linear,0,0.5808295
704317,0,test,H_linear,0,0.28660825
706141,0,test,H_linear,1,0.081094265
708388,0,test,H_linear,1,0.7314255
709192,0,test,H_linear,0,0.35000372
709722,0,test,H_linear,1,0.7046805
711711,0,test,H_linear,1,0.81140876
711782,0,test,H_linear,1,0.86276454
714764,0,test,H_linear,0,0.83435917
714952,0,test,H_linear,1,0.7217106
719050,0,test,H_linear,0,0.42130238
719225,0,test,H_linear,1,0.9152686
723474,0,test,H_linear,0,0.19289282
725470,0,test,H_linear,0,0.27550653
738078,0,test,H_linear,0,0.36926687
741884,0,test,H_linear,0,0.85319537
742551,0,test,H_linear,0,0.41163594
744145,0,test,H_linear,0,0.47086298
744767,0,test,H_linear,0,0.50324607
750881,0,test,H_linear,0,0.43768895
752970,0,test,H_linear,0,0.36665934
755356,0,test,H_linear,0,0.32506332
762014,0,test,H_linear,0,0.7782922
767773,0,test,H_linear,0,0.43241298
768313,0,test,H_linear,1,0.80240005
769720,0,test,H_linear,1,0.609697
772900,0,test,H_linear,0,0.8677194
776444,0,test,H_linear,1,0.846543
777118,0,test,H_linear,1,0.66409737
778111,0,test,H_linear,1,0.7776358
779406,0,test,H_linear,0,0.5548011
783140,0,test,H_linear,1,0.7783659
784920,0,test,H_linear,1,0.9990903
786776,0,test,H_linear,0,0.6208277
789093,0,test,H_linear,0,0.5213479
806762,0,test,H_linear,0,0.47362572
808258,0,test,H_linear,0,0.34170198
809234,0,test,H_linear,1,0.7217151
810874,0,test,H_linear,0,0.45928407
820729,0,test,H_linear,1,0.7287789
822027,0,test,H_linear,0,0.64477384
822463,0,test,H_linear,1,0.70830095
831454,0,test,H_linear,0,0.118450224
835159,0,test,H_linear,1,0.7988087
839451,0,test,H_linear,0,0.55424225
858119,0,test,H_linear,0,0.50398606
859236,0,test,H_linear,0,0.57374924
866317,0,test,H_linear,1,0.973271
869519,0,test,H_linear,1,0.5892108
873012,0,test,H_linear,1,0.48205233
877831,0,test,H_linear,0,0.42785865
884569,0,test,H_linear,1,0.7028092
889657,0,test,H_linear,1,0.842597
900534,0,test,H_linear,1,0.7554566
900750,0,test,H_linear,1,0.6192138
903654,0,test,H_linear,1,0.78245544
944315,0,test,H_linear,0,0.41202378
951654,0,test,H_linear,0,0.4846071
952219,0,test,H_linear,0,0.50403434
953656,0,test,H_linear,0,0.5713428
954477,0,test,H_linear,1,0.64974946
955669,0,test,H_linear,0,0.41503173
955753,0,test,H_linear,1,0.5029415
957325,0,test,H_linear,1,0.72978294
959155,0,test,H_linear,0,0.7631056
962643,0,test,H_linear,1,0.5838994
963985,0,test,H_linear,1,1.0291654
969827,0,test,H_linear,0,0.4736391
972950,0,test,H_linear,1,0.9884184
976523,0,test,H_linear,1,0.85591346
982253,0,test,H_linear,1,0.46013576
982817,0,test,H_linear,0,0.15950644
984065,0,test,H_linear,0,0.3558774
985152,0,test,H_linear,1,0.306634
989331,0,test,H_linear,1,0.8066558
990528,0,test,H_linear,0,0.39053825
994044,0,test,H_linear,1,0.6994512
994160,0,test,H_linear,1,1.130816
995496,0,test,H_linear,1,0.9173775
996219,0,test,H_linear,0,0.41621602
996860,0,test,H_linear,0,0.45706517
998151,0,test,H_linear,1,0.6298364
998708,0,test,H_linear,1,0.63888544
1001502,0,test,H_linear,0,0.3739755
1001535,0,test,H_linear,1,0.673537
1003409,0,test,H_linear,1,0.6845033
1005171,0,test,H_linear,1,0.9066641
1005401,0,test,H_linear,1,0.8003019
1005619,0,test,H_linear,1,0.6669653
1006944,0,test,H_linear,1,0.747027
1012321,0,test,H_linear,1,0.5057429
1017249,0,test,H_linear,1,0.8311492
1043429,0,test,H_linear,1,0.8346347
1046104,0,test,H_linear,0,0.6487442
1048580,0,test,H_linear,1,0.80119586
1049831,0,test,H_linear,0,0.7561001
1050525,0,test,H_linear,1,0.8121069
1053386,0,test,H_linear,0,0.4394744
1054567,0,test,H_linear,0,0.47721535
1057686,0,test,H_linear,0,0.5258745
1058429,0,test,H_linear,1,0.77552116
1063812,0,test,H_linear,0,0.42810127
1066129,0,test,H_linear,1,0.86805165
1066734,0,test,H_linear,1,0.95960385
1067828,0,test,H_linear,1,0.50687784
1069003,0,test,H_linear,0,0.4310348
1069689,0,test,H_linear,1,0.7658795
1071527,0,test,H_linear,1,0.65166867
1072194,0,test,H_linear,1,0.64128786
1073214,0,test,H_linear,1,0.8056646
1073787,0,test,H_linear,1,0.6233841
1074093,0,test,H_linear,1,0.5652314
1074163,0,test,H_linear,1,0.9169171
1074275,0,test,H_linear,1,0.7475568
1074306,0,test,H_linear,1,0.8193172
1075816,0,test,H_linear,1,0.7970505
1077606,0,test,H_linear,1,0.86942685
1079219,0,test,H_linear,0,0.011098444
1079656,0,test,H_linear,1,0.3408901
1079923,0,test,H_linear,0,0.28178334
1080366,0,test,H_linear,1,0.92045474
1080459,0,test,H_linear,1,0.9805759
1081059,0,test,H_linear,1,0.3434186
1081383,0,test,H_linear,0,0.79930073
1082739,0,test,H_linear,1,0.7189563
1084267,0,test,H_linear,1,0.5313129
1084497,0,test,H_linear,1,0.5670267
1085709,0,test,H_linear,1,0.6012597
1086243,0,test,H_linear,1,0.8103814
1086991,0,test,H_linear,0,0.27855396
1087391,0,test,H_linear,0,0.277214
1089172,0,test,H_linear,1,0.7246467
1090438,0,test,H_linear,1,1.0541136
1090543,0,test,H_linear,1,0.6409381
1091014,0,test,H_linear,1,0.5176246
1091583,0,test,H_linear,1,0.7902613
1092848,0,test,H_linear,1,0.46781194
1093401,0,test,H_linear,1,0.70858556
1094456,0,test,H_linear,1,0.46491867
1094730,0,test,H_linear,0,0.31809825
1095404,0,test,H_linear,1,0.56400526
1097324,0,test,H_linear,1,0.6859439
1097843,0,test,H_linear,0,0.4058349
1098849,0,test,H_linear,1,0.7276125
1099078,0,test,H_linear,1,0.62911963
1101406,0,test,H_linear,0,0.28219375
1102276,0,test,H_linear,1,0.84312564
1102389,0,test,H_linear,1,0.9137786
1102856,0,test,H_linear,1,0.3270162
1102873,0,test,H_linear,1,0.2858346
1104038,0,test,H_linear,1,1.1081333
1104198,0,test,H_linear,1,0.608268
1104592,0,test,H_linear,1,0.8152432
1105837,0,test,H_linear,1,0.77186525
1106300,0,test,H_linear,1,0.77972066
1106784,0,test,H_linear,1,0.76919836
1107575,0,test,H_linear,0,0.2845967
1107631,0,test,H_linear,1,1.1187437
1109280,0,test,H_linear,1,0.76164186
1109598,0,test,H_linear,1,1.0777099
1110598,0,test,H_linear,0,0.492272
1111123,0,test,H_linear,1,0.40873975
1112333,0,test,H_linear,1,0.8683413
1112425,0,test,H_linear,1,0.8357304
1112671,0,test,H_linear,1,0.81367975
1112684,0,test,H_linear,0,0.5094885
1112999,0,test,H_linear,0,0.30087215
1113155,0,test,H_linear,0,0.63775307
1113808,0,test,H_linear,0,0.26001915
1114105,0,test,H_linear,0,0.68183935
1114679,0,test,H_linear,1,0.6952057
1115212,0,test,H_linear,1,0.8213287
1115227,0,test,H_linear,1,0.33933207
1115247,0,test,H_linear,0,0.77194434
1115342,0,test,H_linear,0,0.4329117
1116507,0,test,H_linear,1,0.7459249
1116601,0,test,H_linear,0,0.3405334
1117267,0,test,H_linear,1,1.1506181
1118542,0,test,H_linear,0,0.401708
1119067,0,test,H_linear,1,0.8425933
1119591,0,test,H_linear,1,0.93831944
1120775,0,test,H_linear,1,0.61658037
1121443,0,test,H_linear,0,0.36581188
1121623,0,test,H_linear,1,0.54830205
1121672,0,test,H_linear,1,0.47148645
1121926,0,test,H_linear,1,0.5357353
1122760,0,test,H_linear,0,0.29533303
1123500,0,test,H_linear,1,0.4768391
1123559,0,test,H_linear,0,0.3341592
1123910,0,test,H_linear,1,0.45625582
1124180,0,test,H_linear,0,0.09080744
1124561,0,test,H_linear,0,0.55129564
1124658,0,test,H_linear,0,0.45243996
1125073,0,test,H_linear,1,0.85251737
1125442,0,test,H_linear,1,0.77444285
1125468,0,test,H_linear,1,1.040971
1125785,0,test,H_linear,1,0.34414038
1125964,0,test,H_linear,1,0.76993215
1126244,0,test,H_linear,0,0.11317837
1126443,0,test,H_linear,0,0.41183272
1127029,0,test,H_linear,0,0.53432906
1127233,0,test,H_linear,0,0.1957182
1127285,0,test,H_linear,0,0.5755235
1127560,0,test,H_linear,1,1.0564847
1128027,0,test,H_linear,1,0.7296502
1128117,0,test,H_linear,1,0.88488024
1128350,0,test,H_linear,1,0.4965515
1129253,0,test,H_linear,1,0.40819085
1129383,0,test,H_linear,1,0.524988
1129695,0,test,H_linear,1,0.59858364
1129961,0,test,H_linear,0,0.3918758
1130530,0,test,H_linear,0,0.5577967
1130533,0,test,H_linear,1,1.0914676
1130623,0,test,H_linear,0,0.4337561
1131355,0,test,H_linear,1,0.5965238
1132251,0,test,H_linear,1,0.765261
1132286,0,test,H_linear,0,0.74381775
1132874,0,test,H_linear,1,1.0306994
1133607,0,test,H_linear,1,0.8094977
1133778,0,test,H_linear,1,1.2249553
1134518,0,test,H_linear,0,0.2737076
1134921,0,test,H_linear,1,0.7050122
1134927,0,test,H_linear,1,0.77226734
1135001,0,test,H_linear,1,0.5297984
1135191,0,test,H_linear,0,0.28546074
1135626,0,test,H_linear,1,0.89589846
1136569,0,test,H_linear,0,0.35195273
1136878,0,test,H_linear,1,0.50888693
1136925,0,test,H_linear,0,0.8608341
1136946,0,test,H_linear,0,0.39640474
1136981,0,test,H_linear,1,0.974453
1137818,0,test,H_linear,1,0.6743194
1138374,0,test,H_linear,0,0.41947556
1138681,0,test,H_linear,1,0.47056943
1139209,0,test,H_linear,0,0.35522154
1139275,0,test,H_linear,1,0.8886825
1139688,0,test,H_linear,1,1.1657448
1139774,0,test,H_linear,0,0.5579637
1139795,0,test,H_linear,0,0.14683014
1142591,0,test,H_linear,0,0.71267754
1143113,0,test,H_linear,1,0.6870655
1144147,0,test,H_linear,0,0.38002068
1144198,0,test,H_linear,1,0.8196912
1144465,0,test,H_linear,1,0.9081048
1145207,0,test,H_linear,0,0.5214615
1146057,0,test,H_linear,0,0.028902173
1146208,0,test,H_linear,0,0.25307363
1146369,0,test,H_linear,1,0.9864433
1147189,0,test,H_linear,1,0.4720942
1147877,0,test,H_linear,1,0.49656212
1148116,0,test,H_linear,1,0.91907203
1148548,0,test,H_linear,1,0.9716141
1149201,0,test,H_linear,1,0.6061575
1150067,0,test,H_linear,1,0.86899894
1150178,0,test,H_linear,1,0.7982122
1151371,0,test,H_linear,1,0.99696755
1151583,0,test,H_linear,1,0.6560196
1152038,0,test,H_linear,1,0.5235254
1152707,0,test,H_linear,0,0.93453014
1152739,0,test,H_linear,0,0.600475
1153155,0,test,H_linear,1,0.8423408
1153244,0,test,H_linear,1,0.1610561
1154055,0,test,H_linear,1,0.5992811
1155460,0,test,H_linear,1,0.7369188
1155554,0,test,H_linear,1,0.7404319
1156261,0,test,H_linear,1,0.4588154
1156634,0,test,H_linear,1,0.81943625
1156847,0,test,H_linear,1,0.82986605
1206184,0,test,H_linear,1,0.37275425
1206257,0,test,H_linear,1,0.7735809
1206751,0,test,H_linear,1,0.9743718
1206811,0,test,H_linear,1,0.6966769
1206867,0,test,H_linear,1,1.0832235
1207207,0,test,H_linear,1,0.7786347
1208078,0,test,H_linear,0,0.56855285
1208476,0,test,H_linear,1,0.80989856
1208561,0,test,H_linear,1,0.91776204
1209069,0,test,H_linear,1,0.7433559
1209473,0,test,H_linear,1,0.7340319
1209531,0,test,H_linear,0,0.0471797
1209908,0,test,H_linear,0,0.5749951
1210055,0,test,H_linear,0,0.7150107
1210080,0,test,H_linear,0,0.6116861
1212290,0,test,H_linear,1,0.83603024
1212582,0,test,H_linear,1,0.89338434
1212738,0,test,H_linear,1,0.8588134
1213041,0,test,H_linear,1,0.98154116
1213071,0,test,H_linear,1,0.40809074
1213667,0,test,H_linear,0,0.19201201
1214248,0,test,H_linear,1,1.1686087
1215252,0,test,H_linear,0,0.12934506
1215452,0,test,H_linear,0,0.4861855
1215586,0,test,H_linear,0,0.560165
1217110,0,test,H_linear,1,0.7028414
1217724,0,test,H_linear,0,0.65805364
1217757,0,test,H_linear,1,0.43765113
1218110,0,test,H_linear,0,0.48993862
1218980,0,test,H_linear,0,0.4796022
1219802,0,test,H_linear,1,0.90111625
1220156,0,test,H_linear,0,0.63305706
1220269,0,test,H_linear,0,0.3957281
1220796,0,test,H_linear,1,0.9511143
1220900,0,test,H_linear,1,0.5377216
1221603,0,test,H_linear,1,0.4562276
1221685,0,test,H_linear,1,0.90773237
1221764,0,test,H_linear,1,0.8255589
1222037,0,test,H_linear,1,0.568611
1222048,0,test,H_linear,1,0.86091155
1222069,0,test,H_linear,1,0.98674846
1222115,0,test,H_linear,0,0.5617958
1222124,0,test,H_linear,1,0.65847003
1222410,0,test,H_linear,0,-0.028898835
1223017,0,test,H_linear,1,0.44529337
1223272,0,test,H_linear,1,0.8980543
1224094,0,test,H_linear,0,0.37112606
1224536,0,test,H_linear,1,0.42295086
1225262,0,test,H_linear,1,0.56854117
1225309,0,test,H_linear,1,0.8380415
1225334,0,test,H_linear,0,0.26422197
1225413,0,test,H_linear,1,1.2157953
1225553,0,test,H_linear,1,0.767951
1225716,0,test,H_linear,0,0.4604941
1225843,0,test,H_linear,0,0.42181093
1225945,0,test,H_linear,0,0.19175696
1226065,0,test,H_linear,1,0.56728524
1226708,0,test,H_linear,1,0.8668596
1226825,0,test,H_linear,1,0.47602874
1227138,0,test,H_linear,0,0.45753223
1227755,0,test,H_linear,1,1.0767323
1228267,0,test,H_linear,1,0.89094687
1228453,0,test,H_linear,1,0.37326548
1228747,0,test,H_linear,1,1.0306864
1228820,0,test,H_linear,0,0.2550328
1229345,0,test,H_linear,1,0.9788581
1229976,0,test,H_linear,1,0.6303137
1230265,0,test,H_linear,1,0.689796
1230721,0,test,H_linear,1,0.67373794
1230724,0,test,H_linear,1,0.4880103
1231353,0,test,H_linear,1,1.0497776
1231734,0,test,H_linear,1,0.59048975
1231841,0,test,H_linear,0,0.4307649
1232099,0,test,H_linear,0,0.6935978
1233084,0,test,H_linear,1,0.8789737
1233147,0,test,H_linear,1,0.6664054
1233618,0,test,H_linear,0,0.48259413
1233777,0,test,H_linear,1,0.99854136
1234410,0,test,H_linear,0,0.5785542
1234413,0,test,H_linear,1,0.3043508
1234672,0,test,H_linear,0,0.3102781
1235697,0,test,H_linear,1,0.65970474
1236071,0,test,H_linear,1,0.6405298
1236191,0,test,H_linear,1,0.72520894
1236410,0,test,H_linear,0,0.15362164
1237123,0,test,H_linear,0,0.54038006
1237184,0,test,H_linear,0,0.47852275
1237496,0,test,H_linear,1,0.61155087
1237508,0,test,H_linear,1,0.43436992
1237793,0,test,H_linear,1,0.70837003
1237971,0,test,H_linear,1,0.67883563
1238001,0,test,H_linear,0,0.12791497
1238292,0,test,H_linear,0,0.57507473
1238406,0,test,H_linear,0,0.20012367
1238413,0,test,H_linear,1,0.49644175
1238443,0,test,H_linear,0,0.4327696
1238501,0,test,H_linear,0,0.21652526
1238523,0,test,H_linear,1,0.9008098
1238553,0,test,H_linear,1,0.27098203
1238636,0,test,H_linear,1,0.716655
1238817,0,test,H_linear,0,0.6217701
1238964,0,test,H_linear,1,0.58372647
1239079,0,test,H_linear,1,0.64207906
1239094,0,test,H_linear,1,0.6593684
1239224,0,test,H_linear,1,0.5166815
1239458,0,test,H_linear,0,0.6899978
1239936,0,test,H_linear,0,0.5302419
1240378,0,test,H_linear,1,0.5054605
1240433,0,test,H_linear,1,0.7273137
1241090,0,test,H_linear,0,0.6589534
1241104,0,test,H_linear,0,0.14687204
1241937,0,test,H_linear,0,0.71476877
1241954,0,test,H_linear,1,0.70881283
1242009,0,test,H_linear,1,0.68409866
1242021,0,test,H_linear,1,0.84952825
1242267,0,test,H_linear,1,0.7302875
1242424,0,test,H_linear,1,0.82911134
1242536,0,test,H_linear,1,1.1623983
1242725,0,test,H_linear,1,0.51057345
1242729,0,test,H_linear,1,0.5805998
1242755,0,test,H_linear,0,0.63117594
1242831,0,test,H_linear,0,0.41014093
1243295,0,test,H_linear,1,0.8324708
1243442,0,test,H_linear,0,0.20181978
1243523,0,test,H_linear,0,0.34338433
1244763,0,test,H_linear,0,0.5704914
1245846,0,test,H_linear,1,0.70799226
1122,0,val,H_pchip,0,0.6031264
4993,0,val,H_pchip,1,0.78358686
15488,0,val,H_pchip,1,1.0854812
20593,0,val,H_pchip,1,0.91654277
22854,0,val,H_pchip,1,0.58321166
32097,0,val,H_pchip,1,0.93955123
33645,0,val,H_pchip,0,0.09344721
40597,0,val,H_pchip,1,0.64296365
50696,0,val,H_pchip,1,0.52186126
52327,0,val,H_pchip,1,1.1491168
54388,0,val,H_pchip,0,0.2946765
57684,0,val,H_pchip,1,0.452564
58630,0,val,H_pchip,1,0.6529077
59792,0,val,H_pchip,0,0.43214858
72432,0,val,H_pchip,1,0.67543656
76273,0,val,H_pchip,1,0.8503206
85978,0,val,H_pchip,1,0.49689537
86840,0,val,H_pchip,1,0.6123082
87973,0,val,H_pchip,1,0.72951347
91249,0,val,H_pchip,1,0.32902646
112607,0,val,H_pchip,1,0.96383387
112715,0,val,H_pchip,1,1.0238292
123208,0,val,H_pchip,1,0.8405622
140328,0,val,H_pchip,0,0.5343478
141620,0,val,H_pchip,1,1.0832978
143454,0,val,H_pchip,0,0.85489315
144004,0,val,H_pchip,0,0.32352978
145109,0,val,H_pchip,1,0.186712
149348,0,val,H_pchip,1,0.77819794
152430,0,val,H_pchip,1,0.57597446
154041,0,val,H_pchip,1,0.46905488
157449,0,val,H_pchip,1,0.658594
162518,0,val,H_pchip,1,0.9740522
163423,0,val,H_pchip,1,0.831053
165324,0,val,H_pchip,0,0.41945547
165400,0,val,H_pchip,0,0.6489613
169372,0,val,H_pchip,1,0.73176193
171833,0,val,H_pchip,1,0.7585429
171896,0,val,H_pchip,1,0.52196926
172578,0,val,H_pchip,1,1.181139
173162,0,val,H_pchip,0,0.44668615
176133,0,val,H_pchip,1,0.8322671
184936,0,val,H_pchip,1,0.8756925
191335,0,val,H_pchip,0,0.5374683
193149,0,val,H_pchip,0,0.6146278
203640,0,val,H_pchip,1,0.86267084
207233,0,val,H_pchip,1,1.1390991
213739,0,val,H_pchip,0,0.21129519
228543,0,val,H_pchip,1,0.76681715
234247,0,val,H_pchip,0,0.7209369
237953,0,val,H_pchip,1,1.0022495
238407,0,val,H_pchip,0,0.35676005
240229,0,val,H_pchip,0,0.40098712
243108,0,val,H_pchip,1,0.9927038
250983,0,val,H_pchip,0,0.63671905
258462,0,val,H_pchip,0,0.5117286
269426,0,val,H_pchip,1,0.51103514
273826,0,val,H_pchip,1,0.63275874
278485,0,val,H_pchip,0,0.29287273
280452,0,val,H_pchip,0,0.4605936
282212,0,val,H_pchip,1,0.52173275
289992,0,val,H_pchip,1,0.6685936
292872,0,val,H_pchip,0,0.33331922
299698,0,val,H_pchip,1,0.66352856
303683,0,val,H_pchip,0,0.5735492
308426,0,val,H_pchip,1,0.3585685
308485,0,val,H_pchip,0,0.38013446
319549,0,val,H_pchip,1,0.68657976
321109,0,val,H_pchip,0,0.9949187
321989,0,val,H_pchip,1,0.8632342
323718,0,val,H_pchip,1,0.7206409
323797,0,val,H_pchip,0,0.2155514
325318,0,val,H_pchip,0,0.7367902
328655,0,val,H_pchip,0,0.34561738
332529,0,val,H_pchip,1,0.84521514
335955,0,val,H_pchip,1,0.501019
338273,0,val,H_pchip,1,0.8862114
345087,0,val,H_pchip,1,1.0292773
345361,0,val,H_pchip,1,0.89997876
347257,0,val,H_pchip,1,1.0612693
349058,0,val,H_pchip,1,0.72580445
350012,0,val,H_pchip,1,0.7230298
350472,0,val,H_pchip,0,0.260365
352441,0,val,H_pchip,0,0.45248976
352893,0,val,H_pchip,1,0.7707469
353416,0,val,H_pchip,1,0.57747716
357322,0,val,H_pchip,0,0.68080145
364228,0,val,H_pchip,1,0.8353802
364440,0,val,H_pchip,0,0.3649164
368436,0,val,H_pchip,1,0.70947
369818,0,val,H_pchip,1,1.0077837
372332,0,val,H_pchip,1,0.6767228
375294,0,val,H_pchip,1,0.9308541
376880,0,val,H_pchip,1,0.9116072
377217,0,val,H_pchip,1,0.6281737
377703,0,val,H_pchip,1,0.8815596
400944,0,val,H_pchip,1,0.64368325
406676,0,val,H_pchip,1,0.7271341
407827,0,val,H_pchip,1,0.8862836
412716,0,val,H_pchip,1,0.97436094
416249,0,val,H_pchip,1,0.5315765
420633,0,val,H_pchip,1,0.59704185
421283,0,val,H_pchip,1,0.7456989
421437,0,val,H_pchip,0,0.24649
423553,0,val,H_pchip,1,0.82860214
431921,0,val,H_pchip,0,0.5355629
432168,0,val,H_pchip,1,0.80885726
432906,0,val,H_pchip,1,0.6838562
433303,0,val,H_pchip,1,0.74048746
443207,0,val,H_pchip,1,0.8121095
445318,0,val,H_pchip,0,0.56025845
448027,0,val,H_pchip,0,0.19479936
463298,0,val,H_pchip,1,0.7275266
469812,0,val,H_pchip,0,0.5008104
469865,0,val,H_pchip,1,0.8494266
474601,0,val,H_pchip,1,0.8855903
475893,0,val,H_pchip,0,0.4721654
482448,0,val,H_pchip,0,0.7414907
487378,0,val,H_pchip,0,0.5265419
488665,0,val,H_pchip,0,0.54732186
490941,0,val,H_pchip,0,0.074183226
496270,0,val,H_pchip,1,0.7830465
502585,0,val,H_pchip,0,0.61242265
507011,0,val,H_pchip,1,0.51038134
509624,0,val,H_pchip,1,0.390656
512180,0,val,H_pchip,1,0.7938143
517848,0,val,H_pchip,1,0.9180877
518232,0,val,H_pchip,1,0.59908175
520868,0,val,H_pchip,0,0.20899573
526837,0,val,H_pchip,0,0.8078245
529902,0,val,H_pchip,1,1.2985432
530038,0,val,H_pchip,1,1.0591294
531104,0,val,H_pchip,1,1.0582054
532533,0,val,H_pchip,1,0.8525287
545205,0,val,H_pchip,0,0.26118556
546258,0,val,H_pchip,1,0.89851546
549363,0,val,H_pchip,0,0.30697402
552325,0,val,H_pchip,0,0.780236
552424,0,val,H_pchip,0,0.6349114
556177,0,val,H_pchip,0,0.56772786
563033,0,val,H_pchip,0,0.68417877
564394,0,val,H_pchip,0,0.41906074
577668,0,val,H_pchip,1,0.5387682
578084,0,val,H_pchip,0,0.5979716
583338,0,val,H_pchip,1,0.7570553
588986,0,val,H_pchip,1,1.1938748
592548,0,val,H_pchip,0,0.36457935
599396,0,val,H_pchip,0,0.34797075
605160,0,val,H_pchip,0,0.6040927
607813,0,val,H_pchip,0,0.24657187
608740,0,val,H_pchip,0,0.79433614
614481,0,val,H_pchip,0,0.16032875
615119,0,val,H_pchip,1,0.5832708
615631,0,val,H_pchip,1,0.60218346
625366,0,val,H_pchip,1,0.7332264
629729,0,val,H_pchip,1,0.75105286
647436,0,val,H_pchip,0,0.5102645
650259,0,val,H_pchip,0,0.36655644
651309,0,val,H_pchip,0,0.21075559
651758,0,val,H_pchip,1,0.3704397
652123,0,val,H_pchip,0,0.32003665
652279,0,val,H_pchip,0,0.4161464
656122,0,val,H_pchip,1,0.64987034
656138,0,val,H_pchip,1,0.69137317
660061,0,val,H_pchip,1,0.4187735
660533,0,val,H_pchip,0,0.3913752
660938,0,val,H_pchip,1,0.43842685
665029,0,val,H_pchip,1,0.69049335
665050,0,val,H_pchip,1,0.49683392
670244,0,val,H_pchip,1,0.55643326
671325,0,val,H_pchip,0,0.38236174
671576,0,val,H_pchip,0,0.23897076
673052,0,val,H_pchip,1,0.6413901
675660,0,val,H_pchip,0,0.105442226
678199,0,val,H_pchip,0,0.34122267
680266,0,val,H_pchip,0,0.55421025
682914,0,val,H_pchip,1,0.6922179
692799,0,val,H_pchip,1,0.92869824
696774,0,val,H_pchip,1,1.1268321
700558,0,val,H_pchip,1,0.6639215
703048,0,val,H_pchip,0,0.9641852
705906,0,val,H_pchip,1,0.92782545
710625,0,val,H_pchip,1,0.92179054
712016,0,val,H_pchip,1,0.8399023
718704,0,val,H_pchip,1,0.66014916
726126,0,val,H_pchip,0,0.08919722
734224,0,val,H_pchip,0,0.24618602
738172,0,val,H_pchip,0,0.66327256
738715,0,val,H_pchip,0,0.60879725
739530,0,val,H_pchip,1,0.21907592
740043,0,val,H_pchip,1,0.7541923
743121,0,val,H_pchip,1,0.58651596
743318,0,val,H_pchip,0,0.5352416
745489,0,val,H_pchip,1,0.6404575
747568,0,val,H_pchip,1,0.581506
747710,0,val,H_pchip,0,0.6664709
748105,0,val,H_pchip,0,0.84481454
755156,0,val,H_pchip,1,0.9200885
755914,0,val,H_pchip,1,0.99478817
761233,0,val,H_pchip,1,0.6916418
765473,0,val,H_pchip,1,0.6001316
765954,0,val,H_pchip,0,0.210908
766763,0,val,H_pchip,1,0.7017773
767066,0,val,H_pchip,1,0.6760699
783025,0,val,H_pchip,1,0.93773377
788241,0,val,H_pchip,1,0.44181466
789437,0,val,H_pchip,1,0.72728175
789824,0,val,H_pchip,0,0.29608822
793726,0,val,H_pchip,0,0.6600491
803606,0,val,H_pchip,1,0.69485784
809689,0,val,H_pchip,0,0.6877821
817197,0,val,H_pchip,0,0.09935957
822633,0,val,H_pchip,1,0.46642858
829142,0,val,H_pchip,1,0.8310739
829874,0,val,H_pchip,0,0.6147578
833210,0,val,H_pchip,1,0.8116533
835716,0,val,H_pchip,0,0.52849203
835833,0,val,H_pchip,1,0.8606349
839278,0,val,H_pchip,1,0.7854487
847036,0,val,H_pchip,1,0.79231656
848723,0,val,H_pchip,1,0.67475
849472,0,val,H_pchip,1,0.8138233
853842,0,val,H_pchip,1,0.878638
857171,0,val,H_pchip,1,0.60980713
859109,0,val,H_pchip,1,0.99777216
860360,0,val,H_pchip,1,0.7233358
866895,0,val,H_pchip,0,0.463608
868318,0,val,H_pchip,0,0.56550545
870739,0,val,H_pchip,1,0.58473617
883479,0,val,H_pchip,0,0.6983179
883804,0,val,H_pchip,1,0.7512481
885394,0,val,H_pchip,1,0.6203308
886279,0,val,H_pchip,1,0.5790524
898035,0,val,H_pchip,1,0.5746622
900648,0,val,H_pchip,1,0.79890466
903410,0,val,H_pchip,1,0.8124999
936352,0,val,H_pchip,0,0.12388271
950405,0,val,H_pchip,1,0.7398846
951465,0,val,H_pchip,0,0.9149425
951846,0,val,H_pchip,0,0.33721223
963197,0,val,H_pchip,1,0.67360634
970382,0,val,H_pchip,1,0.76133883
975370,0,val,H_pchip,0,0.8484972
975728,0,val,H_pchip,0,0.5160148
976220,0,val,H_pchip,1,0.92355096
977714,0,val,H_pchip,1,0.75726926
979369,0,val,H_pchip,1,0.9397119
979917,0,val,H_pchip,1,0.51106274
981736,0,val,H_pchip,0,0.36711296
983916,0,val,H_pchip,1,0.17813855
986074,0,val,H_pchip,1,0.9287639
987997,0,val,H_pchip,1,0.82352614
988071,0,val,H_pchip,0,0.6387762
989315,0,val,H_pchip,1,0.8331667
991060,0,val,H_pchip,1,1.1886146
991790,0,val,H_pchip,1,0.776389
991972,0,val,H_pchip,1,0.45264503
993562,0,val,H_pchip,1,0.8672427
994960,0,val,H_pchip,0,0.37164065
997176,0,val,H_pchip,0,0.16196841
999980,0,val,H_pchip,0,0.6614379
1002249,0,val,H_pchip,1,0.9090257
1005121,0,val,H_pchip,1,0.99538016
1007363,0,val,H_pchip,0,0.57388216
1009347,0,val,H_pchip,1,0.651389
1013371,0,val,H_pchip,1,0.321418
1026684,0,val,H_pchip,1,0.572772
1027441,0,val,H_pchip,1,0.7557598
1029373,0,val,H_pchip,1,0.736797
1042457,0,val,H_pchip,0,0.18616787
1043319,0,val,H_pchip,0,0.59039676
1049886,0,val,H_pchip,1,1.0270727
1057350,0,val,H_pchip,0,0.73367286
1057961,0,val,H_pchip,0,0.6942714
1058939,0,val,H_pchip,1,0.5303317
1065288,0,val,H_pchip,0,0.75542367
1065613,0,val,H_pchip,0,0.42144474
1067177,0,val,H_pchip,1,0.53848803
1067946,0,val,H_pchip,0,0.38606077
1068390,0,val,H_pchip,1,0.6981819
1068928,0,val,H_pchip,0,0.6092281
1070070,0,val,H_pchip,1,0.5555757
1070472,0,val,H_pchip,0,0.41416484
1070686,0,val,H_pchip,0,0.46764004
1071801,0,val,H_pchip,0,0.4842342
1072395,0,val,H_pchip,1,0.723306
1073156,0,val,H_pchip,1,1.0252228
1073471,0,val,H_pchip,1,0.87291497
1074753,0,val,H_pchip,0,0.56356883
1077187,0,val,H_pchip,1,0.800361
1079282,0,val,H_pchip,1,0.7394088
1080609,0,val,H_pchip,0,0.4606415
1081377,0,val,H_pchip,0,0.08973944
1082433,0,val,H_pchip,0,0.15008423
1082987,0,val,H_pchip,0,0.20852664
1083817,0,val,H_pchip,1,0.45438755
1084185,0,val,H_pchip,0,0.42617446
1085216,0,val,H_pchip,0,-0.04062307
1087797,0,val,H_pchip,1,0.99797165
1088105,0,val,H_pchip,1,0.5445107
1088918,0,val,H_pchip,1,0.65731794
1091670,0,val,H_pchip,1,0.8139943
1092408,0,val,H_pchip,1,0.8345516
1092437,0,val,H_pchip,1,0.7577545
1092889,0,val,H_pchip,1,0.9690925
1092948,0,val,H_pchip,1,0.77527446
1093200,0,val,H_pchip,0,0.2787913
1093743,0,val,H_pchip,0,0.10287231
1093823,0,val,H_pchip,1,0.81756496
1096850,0,val,H_pchip,1,0.7161173
1097996,0,val,H_pchip,1,0.29016128
1099660,0,val,H_pchip,1,0.63653827
1102314,0,val,H_pchip,1,0.9092672
1103360,0,val,H_pchip,1,0.699754
1104219,0,val,H_pchip,1,0.34342867
1104443,0,val,H_pchip,1,0.9926895
1104599,0,val,H_pchip,1,0.8579161
1104649,0,val,H_pchip,1,0.9556067
1104803,0,val,H_pchip,0,0.31361055
1105121,0,val,H_pchip,0,0.2370663
1105416,0,val,H_pchip,1,0.28108355
1105688,0,val,H_pchip,1,0.6618632
1105902,0,val,H_pchip,1,0.5602223
1105904,0,val,H_pchip,0,0.3486479
1106632,0,val,H_pchip,0,0.48235053
1107348,0,val,H_pchip,1,0.6009164
1108706,0,val,H_pchip,1,0.87050927
1108945,0,val,H_pchip,1,0.9595505
1108949,0,val,H_pchip,1,1.022181
1109030,0,val,H_pchip,1,0.56690776
1109526,0,val,H_pchip,1,0.7742279
1109829,0,val,H_pchip,1,0.7844944
1110232,0,val,H_pchip,1,0.7956101
1111153,0,val,H_pchip,0,0.35279873
1111471,0,val,H_pchip,1,0.7572007
1111860,0,val,H_pchip,1,0.7416812
1111920,0,val,H_pchip,1,0.71216273
1112111,0,val,H_pchip,1,0.8024725
1112465,0,val,H_pchip,1,0.28458437
1113756,0,val,H_pchip,1,0.98732543
1114556,0,val,H_pchip,0,0.52614325
1115316,0,val,H_pchip,1,0.71864027
1115713,0,val,H_pchip,1,0.63660973
1116372,0,val,H_pchip,1,0.6582868
1116860,0,val,H_pchip,1,0.5898816
1118398,0,val,H_pchip,1,0.5607077
1118773,0,val,H_pchip,0,0.42373693
1119526,0,val,H_pchip,1,0.6136758
1119929,0,val,H_pchip,0,0.69843686
1120625,0,val,H_pchip,1,0.34835204
1121493,0,val,H_pchip,0,0.51620466
1121766,0,val,H_pchip,1,0.52300996
1121995,0,val,H_pchip,0,0.5210063
1122004,0,val,H_pchip,0,0.19698381
1122557,0,val,H_pchip,1,0.6061931
1122626,0,val,H_pchip,1,0.9071699
1122659,0,val,H_pchip,1,0.7947597
1123484,0,val,H_pchip,0,0.68680406
1123572,0,val,H_pchip,0,0.58367914
1123858,0,val,H_pchip,0,0.41123635
1124330,0,val,H_pchip,0,0.6703632
1125095,0,val,H_pchip,0,0.5815651
1126146,0,val,H_pchip,0,0.18967941
1126844,0,val,H_pchip,0,0.46032345
1127703,0,val,H_pchip,1,0.62517905
1127812,0,val,H_pchip,1,0.5215651
1128031,0,val,H_pchip,1,1.054445
1128952,0,val,H_pchip,0,0.4338768
1129029,0,val,H_pchip,0,0.37149253
1129826,0,val,H_pchip,1,0.6884845
1129953,0,val,H_pchip,0,0.40901786
1129979,0,val,H_pchip,1,0.79914594
1131254,0,val,H_pchip,0,0.41607392
1131656,0,val,H_pchip,1,0.95831
1131818,0,val,H_pchip,1,0.8051567
1131831,0,val,H_pchip,1,0.83055323
1131906,0,val,H_pchip,1,0.9891145
1132886,0,val,H_pchip,0,0.9121651
1134339,0,val,H_pchip,0,0.25046515
1136675,0,val,H_pchip,1,0.76280147
1136723,0,val,H_pchip,0,0.41670528
1136790,0,val,H_pchip,1,0.69946814
1137743,0,val,H_pchip,1,0.87998503
1137897,0,val,H_pchip,1,0.7269194
1138091,0,val,H_pchip,1,0.8000338
1138316,0,val,H_pchip,1,0.58827317
1138699,0,val,H_pchip,0,0.2627532
1138864,0,val,H_pchip,1,0.54234964
1139249,0,val,H_pchip,1,0.5582942
1140109,0,val,H_pchip,1,0.80829716
1141785,0,val,H_pchip,0,0.073234916
1142584,0,val,H_pchip,0,0.47617847
1142724,0,val,H_pchip,0,0.3919713
1142803,0,val,H_pchip,1,0.8012289
1142989,0,val,H_pchip,1,0.43606144
1143781,0,val,H_pchip,1,0.65110236
1144322,0,val,H_pchip,1,0.89145255
1144734,0,val,H_pchip,1,0.8076732
1144789,0,val,H_pchip,1,1.3634014
1145284,0,val,H_pchip,1,0.9171711
1145385,0,val,H_pchip,0,0.57341796
1145393,0,val,H_pchip,1,0.48612905
1146323,0,val,H_pchip,0,0.40614837
1146488,0,val,H_pchip,0,0.43920362
1147005,0,val,H_pchip,0,0.40246683
1147155,0,val,H_pchip,1,1.0534321
1148332,0,val,H_pchip,1,0.82893217
1148772,0,val,H_pchip,1,0.49540624
1148848,0,val,H_pchip,1,0.7121315
1149102,0,val,H_pchip,1,0.49153554
1149196,0,val,H_pchip,0,0.61377275
1149831,0,val,H_pchip,1,0.8691036
1149916,0,val,H_pchip,1,0.32005787
1151020,0,val,H_pchip,0,0.92302895
1151121,0,val,H_pchip,1,0.80249226
1151387,0,val,H_pchip,0,0.48931116
1152700,0,val,H_pchip,1,0.77660656
1152931,0,val,H_pchip,1,0.31581947
1153914,0,val,H_pchip,1,0.76289356
1154175,0,val,H_pchip,1,0.7728405
1154313,0,val,H_pchip,1,0.8744908
1154492,0,val,H_pchip,1,0.5758265
1154712,0,val,H_pchip,1,0.7652061
1155519,0,val,H_pchip,1,0.68348837
1156023,0,val,H_pchip,1,0.6347481
1156386,0,val,H_pchip,1,0.89441186
1156739,0,val,H_pchip,1,0.72692376
1157101,0,val,H_pchip,1,0.7355597
1157142,0,val,H_pchip,1,0.6362208
1157190,0,val,H_pchip,1,0.8063626
1205889,0,val,H_pchip,1,0.9222031
1206308,0,val,H_pchip,0,0.5670255
1206310,0,val,H_pchip,1,0.6226668
1206335,0,val,H_pchip,0,0.4114247
1206411,0,val,H_pchip,1,1.0655521
1206714,0,val,H_pchip,1,0.9576574
1206862,0,val,H_pchip,1,1.0268612
1206997,0,val,H_pchip,1,0.94746804
1207017,0,val,H_pchip,1,0.7241303
1207479,0,val,H_pchip,0,0.17503017
1208422,0,val,H_pchip,1,0.95413876
1208870,0,val,H_pchip,1,0.79883045
1208898,0,val,H_pchip,1,0.79648036
1209429,0,val,H_pchip,1,0.64259934
1209873,0,val,H_pchip,1,0.592343
1209935,0,val,H_pchip,0,0.24792281
1209975,0,val,H_pchip,1,0.5012236
1210100,0,val,H_pchip,0,0.19546029
1210408,0,val,H_pchip,0,0.66320133
1210816,0,val,H_pchip,1,0.50647515
1211345,0,val,H_pchip,1,0.3691465
1211778,0,val,H_pchip,0,0.37074763
1212354,0,val,H_pchip,0,0.52770305
1212408,0,val,H_pchip,1,0.8258028
1212451,0,val,H_pchip,0,0.28847104
1212865,0,val,H_pchip,1,0.6723659
1214345,0,val,H_pchip,1,0.493348
1214456,0,val,H_pchip,0,0.28506216
1214506,0,val,H_pchip,1,0.8014389
1214832,0,val,H_pchip,0,0.3316566
1214928,0,val,H_pchip,1,0.8198333
1215070,0,val,H_pchip,1,0.32727432
1215193,0,val,H_pchip,1,0.7692734
1215869,0,val,H_pchip,0,0.528934
1215921,0,val,H_pchip,1,0.48840865
1216036,0,val,H_pchip,1,0.5696024
1216145,0,val,H_pchip,0,0.64397174
1216150,0,val,H_pchip,1,0.76872975
1216691,0,val,H_pchip,1,0.8667555
1216776,0,val,H_pchip,1,0.5464716
1217218,0,val,H_pchip,0,0.2323415
1218288,0,val,H_pchip,1,0.49162632
1219153,0,val,H_pchip,0,0.50286883
1219634,0,val,H_pchip,1,0.57396436
1219751,0,val,H_pchip,1,0.51567835
1220037,0,val,H_pchip,1,0.47387606
1220380,0,val,H_pchip,1,0.9085737
1220552,0,val,H_pchip,1,0.7444537
1220699,0,val,H_pchip,1,0.5521066
1220871,0,val,H_pchip,0,0.453925
1220940,0,val,H_pchip,1,0.7626672
1220988,0,val,H_pchip,0,0.29102525
1221019,0,val,H_pchip,0,0.33199534
1221341,0,val,H_pchip,1,0.4425357
1221355,0,val,H_pchip,1,0.7484472
1221883,0,val,H_pchip,0,0.36087552
1222336,0,val,H_pchip,0,0.40044558
1222850,0,val,H_pchip,1,0.39278355
1223328,0,val,H_pchip,1,0.45730716
1223459,0,val,H_pchip,1,0.8853191
1223516,0,val,H_pchip,1,0.54375863
1223773,0,val,H_pchip,1,0.85283864
1223969,0,val,H_pchip,1,0.9211402
1224343,0,val,H_pchip,1,0.36061403
1224547,0,val,H_pchip,1,0.39123872
1225284,0,val,H_pchip,0,0.21502376
1225298,0,val,H_pchip,1,0.6510951
1225341,0,val,H_pchip,1,0.39672488
1225605,0,val,H_pchip,0,0.44938105
1225635,0,val,H_pchip,1,0.82685566
1226641,0,val,H_pchip,1,0.8776268
1226794,0,val,H_pchip,0,0.38330922
1226937,0,val,H_pchip,0,0.29204968
1227192,0,val,H_pchip,1,0.48572254
1227414,0,val,H_pchip,0,0.47858104
1227765,0,val,H_pchip,1,1.2000647
1228018,0,val,H_pchip,1,0.5144724
1229147,0,val,H_pchip,0,0.2595147
1229368,0,val,H_pchip,0,0.63958925
1230131,0,val,H_pchip,1,0.49142015
1230574,0,val,H_pchip,0,0.71587384
1230810,0,val,H_pchip,1,0.7341212
1231276,0,val,H_pchip,1,0.6021206
1231535,0,val,H_pchip,1,0.66653955
1231638,0,val,H_pchip,1,0.8251827
1231979,0,val,H_pchip,1,1.0621703
1232188,0,val,H_pchip,1,0.86833745
1232212,0,val,H_pchip,1,0.84149957
1232478,0,val,H_pchip,1,1.0365605
1233203,0,val,H_pchip,1,0.7485306
1234521,0,val,H_pchip,0,0.31063223
1234553,0,val,H_pchip,0,0.27787483
1234862,0,val,H_pchip,0,0.34898815
1235039,0,val,H_pchip,1,1.4165158
1235236,0,val,H_pchip,1,0.37225845
1235254,0,val,H_pchip,0,0.3388866
1235265,0,val,H_pchip,1,0.6443611
1235336,0,val,H_pchip,1,0.58239025
1235381,0,val,H_pchip,1,0.633229
1235500,0,val,H_pchip,1,0.775365
1235590,0,val,H_pchip,1,0.61270434
1235597,0,val,H_pchip,1,0.33262646
1235650,0,val,H_pchip,0,0.5362111
1235882,0,val,H_pchip,0,0.34431595
1235914,0,val,H_pchip,0,0.27471125
1235985,0,val,H_pchip,1,0.60889405
1236187,0,val,H_pchip,0,0.474998
1236418,0,val,H_pchip,1,0.50742644
1236751,0,val,H_pchip,1,0.5188852
1236985,0,val,H_pchip,1,0.74213666
1237033,0,val,H_pchip,1,1.0396235
1237440,0,val,H_pchip,1,0.582398
1237491,0,val,H_pchip,1,1.2750944
1237647,0,val,H_pchip,0,0.28864232
1237832,0,val,H_pchip,1,0.7006444
1238203,0,val,H_pchip,1,0.85774815
1238264,0,val,H_pchip,1,0.5921195
1238521,0,val,H_pchip,1,0.5520597
1238583,0,val,H_pchip,0,0.5267662
1238664,0,val,H_pchip,1,0.7630606
1238865,0,val,H_pchip,1,0.5634407
1238923,0,val,H_pchip,0,0.45405385
1238960,0,val,H_pchip,1,0.92617005
1239212,0,val,H_pchip,0,0.23712736
1239427,0,val,H_pchip,1,0.8313365
1239609,0,val,H_pchip,1,0.6051756
1239693,0,val,H_pchip,0,0.6817526
1239701,0,val,H_pchip,0,0.58511925
1239841,0,val,H_pchip,1,0.72248507
1240131,0,val,H_pchip,1,1.0071099
1240238,0,val,H_pchip,0,0.90869325
1240953,0,val,H_pchip,0,0.80069995
1241185,0,val,H_pchip,0,0.56160045
1241453,0,val,H_pchip,0,0.54254735
1241779,0,val,H_pchip,1,0.5211196
1241841,0,val,H_pchip,1,0.7589958
1242381,0,val,H_pchip,0,0.9521823
1242508,0,val,H_pchip,1,0.920818
1242535,0,val,H_pchip,1,1.0901488
1242667,0,val,H_pchip,0,0.62648815
1242673,0,val,H_pchip,1,0.75542605
1243802,0,val,H_pchip,0,0.71149385
1243838,0,val,H_pchip,0,0.73253506
1243992,0,val,H_pchip,1,0.73413897
1243993,0,val,H_pchip,0,0.46803007
1245441,0,val,H_pchip,1,0.45839122
1245905,0,val,H_pchip,1,0.8944838
1246508,0,val,H_pchip,0,0.21213615
1246702,0,val,H_pchip,1,0.59055156
1685,0,test,H_pchip,1,0.7290392
16787,0,test,H_pchip,0,0.8028785
19126,0,test,H_pchip,1,0.9761547
19450,0,test,H_pchip,0,0.65883464
28836,0,test,H_pchip,1,0.7519827
30502,0,test,H_pchip,1,0.5963887
33225,0,test,H_pchip,1,0.66768473
34146,0,test,H_pchip,1,0.87728643
34428,0,test,H_pchip,0,0.29819986
42331,0,test,H_pchip,1,0.9709698
42450,0,test,H_pchip,1,1.0193559
42908,0,test,H_pchip,1,0.83291745
43628,0,test,H_pchip,1,1.1805317
56380,0,test,H_pchip,1,0.76053494
60519,0,test,H_pchip,1,0.7637435
70147,0,test,H_pchip,0,0.7581975
71731,0,test,H_pchip,1,0.82935894
72256,0,test,H_pchip,1,0.6710125
75558,0,test,H_pchip,1,0.710465
78778,0,test,H_pchip,0,0.18682536
80412,0,test,H_pchip,1,0.6537275
86179,0,test,H_pchip,1,0.88660204
86305,0,test,H_pchip,1,0.80855775
86310,0,test,H_pchip,1,0.5488665
99452,0,test,H_pchip,0,0.37073138
100693,0,test,H_pchip,1,0.7893095
105892,0,test,H_pchip,1,0.709742
108335,0,test,H_pchip,0,0.10124302
120088,0,test,H_pchip,1,0.6268389
121258,0,test,H_pchip,1,0.30996773
121544,0,test,H_pchip,1,0.65929663
121744,0,test,H_pchip,1,0.71772844
138237,0,test,H_pchip,1,0.5262133
141681,0,test,H_pchip,1,0.68921465
144639,0,test,H_pchip,1,0.42717117
156299,0,test,H_pchip,1,1.1107292
156996,0,test,H_pchip,1,0.9001397
160524,0,test,H_pchip,0,0.5414178
174525,0,test,H_pchip,1,0.59226227
177730,0,test,H_pchip,1,0.55634
179049,0,test,H_pchip,0,0.45367426
183219,0,test,H_pchip,0,0.8626392
184161,0,test,H_pchip,1,0.94333136
199745,0,test,H_pchip,0,0.2529153
200858,0,test,H_pchip,1,0.33654433
205829,0,test,H_pchip,1,0.82027984
207626,0,test,H_pchip,1,0.4238401
208120,0,test,H_pchip,0,0.51154625
210257,0,test,H_pchip,0,0.6534655
226106,0,test,H_pchip,1,0.5954975
226610,0,test,H_pchip,1,0.705975
247900,0,test,H_pchip,1,0.6016524
255650,0,test,H_pchip,1,0.95037675
266656,0,test,H_pchip,1,0.54084074
271131,0,test,H_pchip,1,0.6559383
273824,0,test,H_pchip,1,0.9874711
274268,0,test,H_pchip,1,0.62450415
278688,0,test,H_pchip,0,0.43712008
280634,0,test,H_pchip,1,0.5429847
284088,0,test,H_pchip,0,0.44413042
286403,0,test,H_pchip,1,0.61825925
290974,0,test,H_pchip,0,0.48675478
293205,0,test,H_pchip,0,0.5239919
298058,0,test,H_pchip,1,0.6128677
300174,0,test,H_pchip,0,0.46922582
301917,0,test,H_pchip,1,0.52344775
308684,0,test,H_pchip,1,0.733067
309228,0,test,H_pchip,1,0.6651244
311717,0,test,H_pchip,0,0.56969255
315660,0,test,H_pchip,1,0.6238164
317182,0,test,H_pchip,1,0.35855755
320374,0,test,H_pchip,0,0.22475228
323320,0,test,H_pchip,0,0.14217305
324095,0,test,H_pchip,1,0.74314916
328714,0,test,H_pchip,1,0.57263684
329983,0,test,H_pchip,1,0.8251926
330603,0,test,H_pchip,1,0.9467354
331536,0,test,H_pchip,1,0.7388426
333052,0,test,H_pchip,0,0.34501463
334461,0,test,H_pchip,1,0.8152787
335240,0,test,H_pchip,0,0.33591148
345347,0,test,H_pchip,1,0.8413193
348496,0,test,H_pchip,1,1.1198093
355419,0,test,H_pchip,1,0.8077049
359014,0,test,H_pchip,0,0.93367463
359330,0,test,H_pchip,0,0.4679482
361397,0,test,H_pchip,1,0.94113976
361916,0,test,H_pchip,1,0.7629745
366159,0,test,H_pchip,1,1.0051793
366344,0,test,H_pchip,0,0.5278938
367930,0,test,H_pchip,1,0.69111043
374662,0,test,H_pchip,1,0.77017367
383626,0,test,H_pchip,1,0.72663605
388622,0,test,H_pchip,1,0.67376894
391348,0,test,H_pchip,0,0.49500215
402720,0,test,H_pchip,1,0.9471804
410795,0,test,H_pchip,1,0.6565794
413554,0,test,H_pchip,1,1.2100161
415824,0,test,H_pchip,1,1.0567985
418425,0,test,H_pchip,0,0.5072171
419629,0,test,H_pchip,1,0.81812906
427380,0,test,H_pchip,1,0.5889705
430595,0,test,H_pchip,1,0.8817838
436619,0,test,H_pchip,0,0.49530405
445545,0,test,H_pchip,1,0.6956031
457179,0,test,H_pchip,1,1.0975418
463375,0,test,H_pchip,1,0.64086056
465489,0,test,H_pchip,0,0.4729088
471955,0,test,H_pchip,1,0.7052532
478525,0,test,H_pchip,0,0.3690997
479849,0,test,H_pchip,0,0.19218618
479859,0,test,H_pchip,0,0.18112206
480021,0,test,H_pchip,0,0.881728
481454,0,test,H_pchip,0,0.40158838
486341,0,test,H_pchip,0,0.33816653
486901,0,test,H_pchip,0,0.3902108
490630,0,test,H_pchip,1,0.56248903
490818,0,test,H_pchip,1,0.9146807
498363,0,test,H_pchip,1,1.1617992
508572,0,test,H_pchip,1,0.7245489
510306,0,test,H_pchip,0,0.18397865
511018,0,test,H_pchip,0,0.44163215
513568,0,test,H_pchip,0,0.33787596
524155,0,test,H_pchip,0,0.50684786
526137,0,test,H_pchip,0,0.41666874
531193,0,test,H_pchip,0,-0.05289972
531815,0,test,H_pchip,0,0.82939416
534077,0,test,H_pchip,1,0.49770743
536736,0,test,H_pchip,1,1.0740198
544153,0,test,H_pchip,1,0.93253064
548749,0,test,H_pchip,1,0.7863172
552900,0,test,H_pchip,1,1.0392194
552901,0,test,H_pchip,1,0.9110748
553161,0,test,H_pchip,0,0.60197544
554960,0,test,H_pchip,0,0.43162975
560123,0,test,H_pchip,1,0.83749783
565232,0,test,H_pchip,1,0.7612493
565908,0,test,H_pchip,0,0.6147377
566012,0,test,H_pchip,1,0.41974825
569789,0,test,H_pchip,0,0.055013537
573425,0,test,H_pchip,1,0.59820527
575730,0,test,H_pchip,0,0.58359104
577067,0,test,H_pchip,1,0.94056946
580587,0,test,H_pchip,0,0.24962139
584433,0,test,H_pchip,0,0.5695121
585465,0,test,H_pchip,1,0.70542777
589139,0,test,H_pchip,1,0.9928955
596051,0,test,H_pchip,1,0.5153841
596437,0,test,H_pchip,0,0.64131945
599359,0,test,H_pchip,1,1.0578605
606159,0,test,H_pchip,1,0.78498733
608537,0,test,H_pchip,1,0.7226024
612686,0,test,H_pchip,0,0.4213072
616172,0,test,H_pchip,1,0.7217457
625501,0,test,H_pchip,0,0.5428616
627006,0,test,H_pchip,1,0.7362734
627556,0,test,H_pchip,1,0.9324086
628661,0,test,H_pchip,1,0.8590572
639645,0,test,H_pchip,0,0.4228402
646867,0,test,H_pchip,1,0.7642375
648107,0,test,H_pchip,1,0.41003245
648709,0,test,H_pchip,0,0.21751758
649449,0,test,H_pchip,0,0.6486403
654746,0,test,H_pchip,1,0.6253299
660164,0,test,H_pchip,1,0.5637567
663130,0,test,H_pchip,1,0.66736484
663406,0,test,H_pchip,1,0.4485096
670955,0,test,H_pchip,1,0.8636988
673553,0,test,H_pchip,1,0.81576806
675907,0,test,H_pchip,0,0.520254
677917,0,test,H_pchip,1,0.673839
677928,0,test,H_pchip,1,0.86677504
682565,0,test,H_pchip,1,0.5738015
690734,0,test,H_pchip,0,0.2828369
690987,0,test,H_pchip,1,0.78848743
692458,0,test,H_pchip,1,0.8951032
695588,0,test,H_pchip,1,0.98203844
697830,0,test,H_pchip,0,0.45300186
702078,0,test,H_pchip,0,0.59184843
704317,0,test,H_pchip,0,0.2824159
706141,0,test,H_pchip,1,0.08786744
708388,0,test,H_pchip,1,0.71919656
709192,0,test,H_pchip,0,0.34147808
709722,0,test,H_pchip,1,0.7098296
711711,0,test,H_pchip,1,0.81404847
711782,0,test,H_pchip,1,0.85606694
714764,0,test,H_pchip,0,0.8355026
714952,0,test,H_pchip,1,0.72293013
719050,0,test,H_pchip,0,0.42609292
719225,0,test,H_pchip,1,0.9154527
723474,0,test,H_pchip,0,0.20326987
725470,0,test,H_pchip,0,0.27589136
738078,0,test,H_pchip,0,0.35967678
741884,0,test,H_pchip,0,0.84534144
742551,0,test,H_pchip,0,0.40165132
744145,0,test,H_pchip,0,0.46886235
744767,0,test,H_pchip,0,0.5078167
750881,0,test,H_pchip,0,0.43423748
752970,0,test,H_pchip,0,0.376321
755356,0,test,H_pchip,0,0.3275308
762014,0,test,H_pchip,0,0.77344674
767773,0,test,H_pchip,0,0.43817198
768313,0,test,H_pchip,1,0.7974731
769720,0,test,H_pchip,1,0.6067868
772900,0,test,H_pchip,0,0.87522686
776444,0,test,H_pchip,1,0.8496574
777118,0,test,H_pchip,1,0.65628254
778111,0,test,H_pchip,1,0.778749
779406,0,test,H_pchip,0,0.5553705
783140,0,test,H_pchip,1,0.7739446
784920,0,test,H_pchip,1,0.9967115
786776,0,test,H_pchip,0,0.603721
789093,0,test,H_pchip,0,0.51267564
806762,0,test,H_pchip,0,0.45597753
808258,0,test,H_pchip,0,0.3412679
809234,0,test,H_pchip,1,0.7255379
810874,0,test,H_pchip,0,0.46191466
820729,0,test,H_pchip,1,0.7370796
822027,0,test,H_pchip,0,0.6485915
822463,0,test,H_pchip,1,0.69693476
831454,0,test,H_pchip,0,0.11982775
835159,0,test,H_pchip,1,0.80101967
839451,0,test,H_pchip,0,0.55539274
858119,0,test,H_pchip,0,0.50559366
859236,0,test,H_pchip,0,0.58488935
866317,0,test,H_pchip,1,0.980127
869519,0,test,H_pchip,1,0.6020444
873012,0,test,H_pchip,1,0.4909947
877831,0,test,H_pchip,0,0.41937163
884569,0,test,H_pchip,1,0.7081163
889657,0,test,H_pchip,1,0.8421938
900534,0,test,H_pchip,1,0.7444378
900750,0,test,H_pchip,1,0.62654746
903654,0,test,H_pchip,1,0.7815061
944315,0,test,H_pchip,0,0.41337907
951654,0,test,H_pchip,0,0.48787975
952219,0,test,H_pchip,0,0.5076589
953656,0,test,H_pchip,0,0.5725749
954477,0,test,H_pchip,1,0.659346
955669,0,test,H_pchip,0,0.41470248
955753,0,test,H_pchip,1,0.49522054
957325,0,test,H_pchip,1,0.7316301
959155,0,test,H_pchip,0,0.7689901
962643,0,test,H_pchip,1,0.57678926
963985,0,test,H_pchip,1,1.0196673
969827,0,test,H_pchip,0,0.47063443
972950,0,test,H_pchip,1,0.9976124
976523,0,test,H_pchip,1,0.8589257
982253,0,test,H_pchip,1,0.45896244
982817,0,test,H_pchip,0,0.16168162
984065,0,test,H_pchip,0,0.3552816
985152,0,test,H_pchip,1,0.31747317
989331,0,test,H_pchip,1,0.81005704
990528,0,test,H_pchip,0,0.40154842
994044,0,test,H_pchip,1,0.6983563
994160,0,test,H_pchip,1,1.1355454
995496,0,test,H_pchip,1,0.9226165
996219,0,test,H_pchip,0,0.40632004
996860,0,test,H_pchip,0,0.44596946
998151,0,test,H_pchip,1,0.62348753
998708,0,test,H_pchip,1,0.6532666
1001502,0,test,H_pchip,0,0.38830516
1001535,0,test,H_pchip,1,0.67010313
1003409,0,test,H_pchip,1,0.68983686
1005171,0,test,H_pchip,1,0.90692365
1005401,0,test,H_pchip,1,0.7993524
1005619,0,test,H_pchip,1,0.6697002
1006944,0,test,H_pchip,1,0.73331106
1012321,0,test,H_pchip,1,0.5012807
1017249,0,test,H_pchip,1,0.8375438
1043429,0,test,H_pchip,1,0.82170963
1046104,0,test,H_pchip,0,0.636529
1048580,0,test,H_pchip,1,0.80265296
1049831,0,test,H_pchip,0,0.7413899
1050525,0,test,H_pchip,1,0.8169969
1053386,0,test,H_pchip,0,0.44250053
1054567,0,test,H_pchip,0,0.47553715
1057686,0,test,H_pchip,0,0.5241076
1058429,0,test,H_pchip,1,0.7701517
1063812,0,test,H_pchip,0,0.42471126
1066129,0,test,H_pchip,1,0.85390854
1066734,0,test,H_pchip,1,0.9636376
1067828,0,test,H_pchip,1,0.512067
1069003,0,test,H_pchip,0,0.4362133
1069689,0,test,H_pchip,1,0.76148415
1071527,0,test,H_pchip,1,0.6421841
1072194,0,test,H_pchip,1,0.63940316
1073214,0,test,H_pchip,1,0.80286735
1073787,0,test,H_pchip,1,0.62713766
1074093,0,test,H_pchip,1,0.5632317
1074163,0,test,H_pchip,1,0.9266479
1074275,0,test,H_pchip,1,0.7461691
1074306,0,test,H_pchip,1,0.8232659
1075816,0,test,H_pchip,1,0.78640276
1077606,0,test,H_pchip,1,0.85838044
1079219,0,test,H_pchip,0,0.013812125
1079656,0,test,H_pchip,1,0.35847667
1079923,0,test,H_pchip,0,0.27914348
1080366,0,test,H_pchip,1,0.91763747
1080459,0,test,H_pchip,1,0.9870252
1081059,0,test,H_pchip,1,0.33911783
1081383,0,test,H_pchip,0,0.80924845
1082739,0,test,H_pchip,1,0.7121717
1084267,0,test,H_pchip,1,0.5252961
1084497,0,test,H_pchip,1,0.57928574
1085709,0,test,H_pchip,1,0.60236394
1086243,0,test,H_pchip,1,0.81614834
1086991,0,test,H_pchip,0,0.28446344
1087391,0,test,H_pchip,0,0.27990526
1089172,0,test,H_pchip,1,0.7258726
1090438,0,test,H_pchip,1,1.0509143
1090543,0,test,H_pchip,1,0.6427175
1091014,0,test,H_pchip,1,0.51564014
1091583,0,test,H_pchip,1,0.7879369
1092848,0,test,H_pchip,1,0.4685712
1093401,0,test,H_pchip,1,0.7093394
1094456,0,test,H_pchip,1,0.4601213
1094730,0,test,H_pchip,0,0.32493702
1095404,0,test,H_pchip,1,0.55912226
1097324,0,test,H_pchip,1,0.6909888
1097843,0,test,H_pchip,0,0.40786344
1098849,0,test,H_pchip,1,0.71665114
1099078,0,test,H_pchip,1,0.64018345
1101406,0,test,H_pchip,0,0.2895215
1102276,0,test,H_pchip,1,0.8526289
1102389,0,test,H_pchip,1,0.9023948
1102856,0,test,H_pchip,1,0.33332357
1102873,0,test,H_pchip,1,0.28588727
1104038,0,test,H_pchip,1,1.103581
1104198,0,test,H_pchip,1,0.60121536
1104592,0,test,H_pchip,1,0.7975546
1105837,0,test,H_pchip,1,0.7741561
1106300,0,test,H_pchip,1,0.78022563
1106784,0,test,H_pchip,1,0.77296054
1107575,0,test,H_pchip,0,0.27676415
1107631,0,test,H_pchip,1,1.1037598
1109280,0,test,H_pchip,1,0.7678211
1109598,0,test,H_pchip,1,1.07215
1110598,0,test,H_pchip,0,0.48474604
1111123,0,test,H_pchip,1,0.406434
1112333,0,test,H_pchip,1,0.8733113
1112425,0,test,H_pchip,1,0.8305975
1112671,0,test,H_pchip,1,0.8061445
1112684,0,test,H_pchip,0,0.51818144
1112999,0,test,H_pchip,0,0.2984411
1113155,0,test,H_pchip,0,0.63571465
1113808,0,test,H_pchip,0,0.26623055
1114105,0,test,H_pchip,0,0.6854032
1114679,0,test,H_pchip,1,0.70188147
1115212,0,test,H_pchip,1,0.8140145
1115227,0,test,H_pchip,1,0.3307776
1115247,0,test,H_pchip,0,0.76729625
1115342,0,test,H_pchip,0,0.4260358
1116507,0,test,H_pchip,1,0.7489199
1116601,0,test,H_pchip,0,0.34117424
1117267,0,test,H_pchip,1,1.1623379
1118542,0,test,H_pchip,0,0.40183645
1119067,0,test,H_pchip,1,0.8554963
1119591,0,test,H_pchip,1,0.9532649
1120775,0,test,H_pchip,1,0.6064768
1121443,0,test,H_pchip,0,0.36890227
1121623,0,test,H_pchip,1,0.5411707
1121672,0,test,H_pchip,1,0.4648203
1121926,0,test,H_pchip,1,0.5323945
1122760,0,test,H_pchip,0,0.27753174
1123500,0,test,H_pchip,1,0.48343244
1123559,0,test,H_pchip,0,0.3454736
1123910,0,test,H_pchip,1,0.45106232
1124180,0,test,H_pchip,0,0.09270203
1124561,0,test,H_pchip,0,0.5592148
1124658,0,test,H_pchip,0,0.45271552
1125073,0,test,H_pchip,1,0.85182995
1125442,0,test,H_pchip,1,0.77271235
1125468,0,test,H_pchip,1,1.0303689
1125785,0,test,H_pchip,1,0.33122513
1125964,0,test,H_pchip,1,0.7699756
1126244,0,test,H_pchip,0,0.108140826
1126443,0,test,H_pchip,0,0.4069168
1127029,0,test,H_pchip,0,0.53837615
1127233,0,test,H_pchip,0,0.19818255
1127285,0,test,H_pchip,0,0.5743001
1127560,0,test,H_pchip,1,1.072231
1128027,0,test,H_pchip,1,0.7393125
1128117,0,test,H_pchip,1,0.87103456
1128350,0,test,H_pchip,1,0.49524784
1129253,0,test,H_pchip,1,0.41400126
1129383,0,test,H_pchip,1,0.53285974
1129695,0,test,H_pchip,1,0.6028813
1129961,0,test,H_pchip,0,0.40873647
1130530,0,test,H_pchip,0,0.5583103
1130533,0,test,H_pchip,1,1.0958228
1130623,0,test,H_pchip,0,0.42736214
1131355,0,test,H_pchip,1,0.5915273
1132251,0,test,H_pchip,1,0.763695
1132286,0,test,H_pchip,0,0.7413193
1132874,0,test,H_pchip,1,1.0461178
1133607,0,test,H_pchip,1,0.81297743
1133778,0,test,H_pchip,1,1.2381951
1134518,0,test,H_pchip,0,0.27608684
1134921,0,test,H_pchip,1,0.68890285
1134927,0,test,H_pchip,1,0.7760362
1135001,0,test,H_pchip,1,0.5414889
1135191,0,test,H_pchip,0,0.28058878
1135626,0,test,H_pchip,1,0.8878317
1136569,0,test,H_pchip,0,0.34823012
1136878,0,test,H_pchip,1,0.5089108
1136925,0,test,H_pchip,0,0.8598179
1136946,0,test,H_pchip,0,0.40115923
1136981,0,test,H_pchip,1,0.97281265
1137818,0,test,H_pchip,1,0.6759282
1138374,0,test,H_pchip,0,0.4164312
1138681,0,test,H_pchip,1,0.4704315
1139209,0,test,H_pchip,0,0.35309523
1139275,0,test,H_pchip,1,0.8960632
1139688,0,test,H_pchip,1,1.1670432
1139774,0,test,H_pchip,0,0.5634098
1139795,0,test,H_pchip,0,0.14525971
1142591,0,test,H_pchip,0,0.69588816
1143113,0,test,H_pchip,1,0.69531
1144147,0,test,H_pchip,0,0.36774734
1144198,0,test,H_pchip,1,0.8250074
1144465,0,test,H_pchip,1,0.8943828
1145207,0,test,H_pchip,0,0.52441186
1146057,0,test,H_pchip,0,0.023661017
1146208,0,test,H_pchip,0,0.25573483
1146369,0,test,H_pchip,1,0.9928087
1147189,0,test,H_pchip,1,0.47575325
1147877,0,test,H_pchip,1,0.49904022
1148116,0,test,H_pchip,1,0.93327165
1148548,0,test,H_pchip,1,0.9767652
1149201,0,test,H_pchip,1,0.60945684
1150067,0,test,H_pchip,1,0.87458783
1150178,0,test,H_pchip,1,0.7923733
1151371,0,test,H_pchip,1,1.0113238
1151583,0,test,H_pchip,1,0.65774286
1152038,0,test,H_pchip,1,0.52539945
1152707,0,test,H_pchip,0,0.93119967
1152739,0,test,H_pchip,0,0.5983443
1153155,0,test,H_pchip,1,0.8352976
1153244,0,test,H_pchip,1,0.15765515
1154055,0,test,H_pchip,1,0.59670264
1155460,0,test,H_pchip,1,0.72984505
1155554,0,test,H_pchip,1,0.7539361
1156261,0,test,H_pchip,1,0.45954627
1156634,0,test,H_pchip,1,0.81088704
1156847,0,test,H_pchip,1,0.83324564
1206184,0,test,H_pchip,1,0.36792624
1206257,0,test,H_pchip,1,0.77688694
1206751,0,test,H_pchip,1,0.9830991
1206811,0,test,H_pchip,1,0.69727963
1206867,0,test,H_pchip,1,1.0726887
1207207,0,test,H_pchip,1,0.7719533
1208078,0,test,H_pchip,0,0.56981796
1208476,0,test,H_pchip,1,0.8219139
1208561,0,test,H_pchip,1,0.9108038
1209069,0,test,H_pchip,1,0.75609356
1209473,0,test,H_pchip,1,0.7377278
1209531,0,test,H_pchip,0,0.05188495
1209908,0,test,H_pchip,0,0.56443363
1210055,0,test,H_pchip,0,0.7097421
1210080,0,test,H_pchip,0,0.61032844
1212290,0,test,H_pchip,1,0.82914525
1212582,0,test,H_pchip,1,0.89780146
1212738,0,test,H_pchip,1,0.86718756
1213041,0,test,H_pchip,1,0.9904518
1213071,0,test,H_pchip,1,0.3933863
1213667,0,test,H_pchip,0,0.19625267
1214248,0,test,H_pchip,1,1.1758533
1215252,0,test,H_pchip,0,0.107797086
1215452,0,test,H_pchip,0,0.48238334
1215586,0,test,H_pchip,0,0.5720353
1217110,0,test,H_pchip,1,0.7103234
1217724,0,test,H_pchip,0,0.64390737
1217757,0,test,H_pchip,1,0.44058397
1218110,0,test,H_pchip,0,0.48752332
1218980,0,test,H_pchip,0,0.48752475
1219802,0,test,H_pchip,1,0.9065969
1220156,0,test,H_pchip,0,0.63605744
1220269,0,test,H_pchip,0,0.39617902
1220796,0,test,H_pchip,1,0.9535278
1220900,0,test,H_pchip,1,0.5406952
1221603,0,test,H_pchip,1,0.4680521
1221685,0,test,H_pchip,1,0.91256297
1221764,0,test,H_pchip,1,0.8355651
1222037,0,test,H_pchip,1,0.5664846
1222048,0,test,H_pchip,1,0.86362207
1222069,0,test,H_pchip,1,0.98920333
1222115,0,test,H_pchip,0,0.567906
1222124,0,test,H_pchip,1,0.6516533
1222410,0,test,H_pchip,0,-0.016224802
1223017,0,test,H_pchip,1,0.4394498
1223272,0,test,H_pchip,1,0.8918423
1224094,0,test,H_pchip,0,0.37495568
1224536,0,test,H_pchip,1,0.42521173
1225262,0,test,H_pchip,1,0.5754202
1225309,0,test,H_pchip,1,0.8253158
1225334,0,test,H_pchip,0,0.25683427
1225413,0,test,H_pchip,1,1.2135863
1225553,0,test,H_pchip,1,0.76320165
1225716,0,test,H_pchip,0,0.46705186
1225843,0,test,H_pchip,0,0.42074305
1225945,0,test,H_pchip,0,0.19517753
1226065,0,test,H_pchip,1,0.5592709
1226708,0,test,H_pchip,1,0.8580481
1226825,0,test,H_pchip,1,0.46621472
1227138,0,test,H_pchip,0,0.4411642
1227755,0,test,H_pchip,1,1.081709
1228267,0,test,H_pchip,1,0.9025145
1228453,0,test,H_pchip,1,0.36623812
1228747,0,test,H_pchip,1,1.0381587
1228820,0,test,H_pchip,0,0.26628894
1229345,0,test,H_pchip,1,0.98079777
1229976,0,test,H_pchip,1,0.63440406
1230265,0,test,H_pchip,1,0.6965166
1230721,0,test,H_pchip,1,0.6715584
1230724,0,test,H_pchip,1,0.4800011
1231353,0,test,H_pchip,1,1.0493627
1231734,0,test,H_pchip,1,0.6089893
1231841,0,test,H_pchip,0,0.438681
1232099,0,test,H_pchip,0,0.7019045
1233084,0,test,H_pchip,1,0.8732306
1233147,0,test,H_pchip,1,0.65161616
1233618,0,test,H_pchip,0,0.49025956
1233777,0,test,H_pchip,1,0.9752077
1234410,0,test,H_pchip,0,0.57334787
1234413,0,test,H_pchip,1,0.3060394
1234672,0,test,H_pchip,0,0.3076964
1235697,0,test,H_pchip,1,0.66824174
1236071,0,test,H_pchip,1,0.64487725
1236191,0,test,H_pchip,1,0.7264224
1236410,0,test,H_pchip,0,0.15860495
1237123,0,test,H_pchip,0,0.544347
1237184,0,test,H_pchip,0,0.47710842
1237496,0,test,H_pchip,1,0.6186379
1237508,0,test,H_pchip,1,0.4230911
1237793,0,test,H_pchip,1,0.7219769
1237971,0,test,H_pchip,1,0.6726575
1238001,0,test,H_pchip,0,0.08919746
1238292,0,test,H_pchip,0,0.59131193
1238406,0,test,H_pchip,0,0.20502773
1238413,0,test,H_pchip,1,0.49559566
1238443,0,test,H_pchip,0,0.4121778
1238501,0,test,H_pchip,0,0.21995988
1238523,0,test,H_pchip,1,0.89914805
1238553,0,test,H_pchip,1,0.28030807
1238636,0,test,H_pchip,1,0.72458214
1238817,0,test,H_pchip,0,0.62460554
1238964,0,test,H_pchip,1,0.57976645
1239079,0,test,H_pchip,1,0.6375208
1239094,0,test,H_pchip,1,0.663888
1239224,0,test,H_pchip,1,0.5198452
1239458,0,test,H_pchip,0,0.6819532
1239936,0,test,H_pchip,0,0.5260384
1240378,0,test,H_pchip,1,0.5084681
1240433,0,test,H_pchip,1,0.7308769
1241090,0,test,H_pchip,0,0.655179
1241104,0,test,H_pchip,0,0.14387143
1241937,0,test,H_pchip,0,0.714306
1241954,0,test,H_pchip,1,0.6991347
1242009,0,test,H_pchip,1,0.68954074
1242021,0,test,H_pchip,1,0.8454119
1242267,0,test,H_pchip,1,0.72300345
1242424,0,test,H_pchip,1,0.8226629
1242536,0,test,H_pchip,1,1.1492789
1242725,0,test,H_pchip,1,0.50728464
1242729,0,test,H_pchip,1,0.5795599
1242755,0,test,H_pchip,0,0.64675295
1242831,0,test,H_pchip,0,0.40925676
1243295,0,test,H_pchip,1,0.8293295
1243442,0,test,H_pchip,0,0.20518884
1243523,0,test,H_pchip,0,0.34252644
1244763,0,test,H_pchip,0,0.573873
1245846,0,test,H_pchip,1,0.721256
4993,1,val,H_clock,1,0.7784369
13412,1,val,H_clock,1,0.7085451
22854,1,val,H_clock,1,0.7110275
32097,1,val,H_clock,1,1.0043743
33368,1,val,H_clock,1,0.62034374
42450,1,val,H_clock,1,0.90959764
47652,1,val,H_clock,1,0.837127
48755,1,val,H_clock,1,0.79117346
50696,1,val,H_clock,1,0.4726287
54388,1,val,H_clock,0,0.06578064
60519,1,val,H_clock,1,0.77273935
70693,1,val,H_clock,0,0.3775844
72256,1,val,H_clock,1,0.7900046
86179,1,val,H_clock,1,1.3565145
86896,1,val,H_clock,0,0.64279175
88424,1,val,H_clock,1,0.8483218
89850,1,val,H_clock,1,0.07849014
93002,1,val,H_clock,1,1.6476717
93011,1,val,H_clock,0,0.2593672
98629,1,val,H_clock,1,0.49798834
99307,1,val,H_clock,0,0.69922817
100693,1,val,H_clock,1,0.98634523
101232,1,val,H_clock,1,0.89270437
112047,1,val,H_clock,1,0.47417605
121204,1,val,H_clock,0,0.22290981
121744,1,val,H_clock,1,0.70257396
130131,1,val,H_clock,0,0.04646814
130832,1,val,H_clock,1,1.0014665
135338,1,val,H_clock,0,0.17073876
143353,1,val,H_clock,1,0.8634944
145109,1,val,H_clock,1,-0.26775151
146346,1,val,H_clock,1,0.24014404
149348,1,val,H_clock,1,0.8577077
149880,1,val,H_clock,1,0.86177355
154041,1,val,H_clock,1,0.45468956
157774,1,val,H_clock,1,0.9991606
160103,1,val,H_clock,1,0.8819108
160197,1,val,H_clock,1,0.51881045
167963,1,val,H_clock,1,0.6835316
174525,1,val,H_clock,1,0.34481886
175032,1,val,H_clock,0,0.32348943
181574,1,val,H_clock,0,0.53349483
183204,1,val,H_clock,0,0.69059306
186257,1,val,H_clock,0,0.46805477
189056,1,val,H_clock,1,0.6554972
189685,1,val,H_clock,0,0.42841667
193149,1,val,H_clock,0,0.6365029
196058,1,val,H_clock,1,0.26252767
199177,1,val,H_clock,0,0.21736014
202968,1,val,H_clock,0,0.7504747
210361,1,val,H_clock,1,0.62650436
216010,1,val,H_clock,1,0.7383875
219309,1,val,H_clock,1,0.85959154
220792,1,val,H_clock,0,0.38414633
226106,1,val,H_clock,1,0.6905872
226610,1,val,H_clock,1,0.77541023
234696,1,val,H_clock,1,0.5935639
240229,1,val,H_clock,0,0.18130606
243108,1,val,H_clock,1,1.0466534
248666,1,val,H_clock,1,0.91790074
250983,1,val,H_clock,0,0.47578222
253033,1,val,H_clock,0,1.1852715
256422,1,val,H_clock,1,1.0381081
271298,1,val,H_clock,0,0.65230036
273148,1,val,H_clock,1,0.77146715
273826,1,val,H_clock,1,0.29684862
274345,1,val,H_clock,0,0.19754559
274563,1,val,H_clock,1,0.95412576
275882,1,val,H_clock,1,0.63426757
281433,1,val,H_clock,1,0.87439084
289992,1,val,H_clock,1,0.77524924
293922,1,val,H_clock,0,0.22875518
297709,1,val,H_clock,0,-0.113681495
300925,1,val,H_clock,1,0.58553237
303683,1,val,H_clock,0,0.7014998
305034,1,val,H_clock,0,0.14388332
310191,1,val,H_clock,1,0.43810862
312582,1,val,H_clock,1,1.0696633
319661,1,val,H_clock,1,0.42124754
324095,1,val,H_clock,1,1.0273553
329983,1,val,H_clock,1,0.84242177
330071,1,val,H_clock,0,0.71926475
330603,1,val,H_clock,1,0.85231405
332529,1,val,H_clock,1,0.6232461
344909,1,val,H_clock,0,0.36878303
345087,1,val,H_clock,1,1.1058325
345208,1,val,H_clock,1,0.57356924
345670,1,val,H_clock,1,0.775603
348496,1,val,H_clock,1,0.858033
350707,1,val,H_clock,0,0.3055117
353416,1,val,H_clock,1,0.43057814
354035,1,val,H_clock,1,0.45975912
357322,1,val,H_clock,0,0.698897
364502,1,val,H_clock,1,0.6280341
366344,1,val,H_clock,0,0.47556376
369818,1,val,H_clock,1,1.061905
369915,1,val,H_clock,1,0.93972254
375005,1,val,H_clock,0,0.38141268
376917,1,val,H_clock,1,0.8039086
377703,1,val,H_clock,1,1.2206485
398007,1,val,H_clock,1,0.56617445
400944,1,val,H_clock,1,0.61291003
402349,1,val,H_clock,0,-0.24474359
402364,1,val,H_clock,0,0.11230332
413173,1,val,H_clock,1,0.7396356
413554,1,val,H_clock,1,1.2864873
414540,1,val,H_clock,0,0.81257796
417147,1,val,H_clock,0,0.6423239
419522,1,val,H_clock,1,0.58605534
423553,1,val,H_clock,1,0.97793114
424946,1,val,H_clock,0,0.23037475
431664,1,val,H_clock,0,-0.07529932
432045,1,val,H_clock,0,-0.028762221
433233,1,val,H_clock,1,0.6646266
435249,1,val,H_clock,1,1.0787354
443084,1,val,H_clock,0,0.05552298
444684,1,val,H_clock,1,0.8214108
445318,1,val,H_clock,0,0.15381745
448329,1,val,H_clock,1,0.8905642
451424,1,val,H_clock,1,0.5956837
451600,1,val,H_clock,1,0.68517756
457834,1,val,H_clock,1,0.72338325
465292,1,val,H_clock,1,1.0238796
467821,1,val,H_clock,0,0.28402233
469865,1,val,H_clock,1,0.8598653
479371,1,val,H_clock,0,0.29842436
480708,1,val,H_clock,1,0.8335053
485608,1,val,H_clock,1,1.2274296
486901,1,val,H_clock,0,0.46584702
487378,1,val,H_clock,0,0.21034384
488255,1,val,H_clock,0,0.17607409
490630,1,val,H_clock,1,0.60038334
493668,1,val,H_clock,1,0.4139106
494011,1,val,H_clock,1,0.05094278
496270,1,val,H_clock,1,0.90140224
501583,1,val,H_clock,1,0.66058046
504132,1,val,H_clock,1,1.0408094
506819,1,val,H_clock,1,0.7857158
508449,1,val,H_clock,0,0.6057348
510306,1,val,H_clock,0,0.0014999509
512180,1,val,H_clock,1,0.8505507
513398,1,val,H_clock,0,0.25715488
513966,1,val,H_clock,0,0.6287161
519298,1,val,H_clock,1,0.4666009
524155,1,val,H_clock,0,0.69064534
524172,1,val,H_clock,0,0.14936289
529499,1,val,H_clock,0,0.3265967
529816,1,val,H_clock,1,0.65665776
532148,1,val,H_clock,1,1.0811116
532751,1,val,H_clock,1,0.94832027
534048,1,val,H_clock,1,0.75484526
535178,1,val,H_clock,1,0.68378574
536493,1,val,H_clock,0,-0.13886952
541544,1,val,H_clock,1,0.8906324
542399,1,val,H_clock,0,0.47770798
547939,1,val,H_clock,1,0.46651626
560521,1,val,H_clock,0,0.47314852
561141,1,val,H_clock,1,0.46404746
563271,1,val,H_clock,1,1.2125729
565232,1,val,H_clock,1,0.7661739
565908,1,val,H_clock,0,0.41395137
567390,1,val,H_clock,0,0.47526127
570049,1,val,H_clock,1,0.9169504
570975,1,val,H_clock,0,0.1866943
576988,1,val,H_clock,1,-0.029595256
579106,1,val,H_clock,1,0.8935742
595954,1,val,H_clock,1,1.0888395
596437,1,val,H_clock,0,0.57900757
598165,1,val,H_clock,1,0.67714846
598821,1,val,H_clock,0,0.0014483929
600546,1,val,H_clock,1,0.23917955
607482,1,val,H_clock,1,0.4188211
608068,1,val,H_clock,1,0.36342496
612154,1,val,H_clock,0,0.53742635
615631,1,val,H_clock,1,0.94693494
624977,1,val,H_clock,0,0.46190158
626615,1,val,H_clock,0,0.539374
631543,1,val,H_clock,1,1.1764963
643466,1,val,H_clock,1,0.6176651
644043,1,val,H_clock,1,0.38798514
646681,1,val,H_clock,1,0.8468274
646867,1,val,H_clock,1,0.8524663
656122,1,val,H_clock,1,0.78877854
660915,1,val,H_clock,1,0.57650745
660938,1,val,H_clock,1,0.81000084
663406,1,val,H_clock,1,0.31627896
665029,1,val,H_clock,1,0.8335414
671705,1,val,H_clock,1,0.14275736
675008,1,val,H_clock,1,0.435719
677928,1,val,H_clock,1,1.0996755
680963,1,val,H_clock,0,0.6953859
681205,1,val,H_clock,1,1.0619419
682914,1,val,H_clock,1,0.68950015
684751,1,val,H_clock,1,0.81468153
686482,1,val,H_clock,1,0.7899966
687171,1,val,H_clock,1,0.7964469
692458,1,val,H_clock,1,0.73080385
697830,1,val,H_clock,0,0.18471941
698653,1,val,H_clock,1,0.94797945
702801,1,val,H_clock,0,0.27287257
703629,1,val,H_clock,1,0.91289496
703834,1,val,H_clock,1,1.2290835
706141,1,val,H_clock,1,0.008974254
706908,1,val,H_clock,0,0.12965077
712016,1,val,H_clock,1,0.6311986
713284,1,val,H_clock,0,0.33823612
714078,1,val,H_clock,0,0.79291904
714644,1,val,H_clock,1,1.5482225
714764,1,val,H_clock,0,0.83357257
714952,1,val,H_clock,1,0.79133916
726126,1,val,H_clock,0,-0.067227185
731117,1,val,H_clock,1,0.8848008
739116,1,val,H_clock,1,0.6049918
739674,1,val,H_clock,0,1.079981
743852,1,val,H_clock,1,0.58203375
744145,1,val,H_clock,0,0.5700678
745489,1,val,H_clock,1,0.50395083
749211,1,val,H_clock,0,0.46514428
759242,1,val,H_clock,1,0.8204671
761233,1,val,H_clock,1,0.7067115
762014,1,val,H_clock,0,0.70136195
767236,1,val,H_clock,0,0.15760422
769720,1,val,H_clock,1,0.60764533
772900,1,val,H_clock,0,0.8333425
777687,1,val,H_clock,1,0.2974871
781139,1,val,H_clock,0,0.5080526
783835,1,val,H_clock,0,0.12046695
784920,1,val,H_clock,1,1.0386058
791392,1,val,H_clock,1,0.78871435
792243,1,val,H_clock,0,0.5501915
793601,1,val,H_clock,0,0.33241206
793726,1,val,H_clock,0,0.7443285
803606,1,val,H_clock,1,0.54828936
806286,1,val,H_clock,0,0.03426987
808181,1,val,H_clock,0,0.60901725
809234,1,val,H_clock,1,0.7939552
810874,1,val,H_clock,0,0.48351598
813871,1,val,H_clock,1,0.38380516
820393,1,val,H_clock,1,0.7605387
820729,1,val,H_clock,1,0.9648598
821863,1,val,H_clock,1,0.9821454
823325,1,val,H_clock,0,0.63740927
824734,1,val,H_clock,1,-0.05310321
828427,1,val,H_clock,0,0.4452343
835135,1,val,H_clock,1,1.0664222
844964,1,val,H_clock,0,0.5907773
850702,1,val,H_clock,1,0.584079
853023,1,val,H_clock,1,0.948558
865733,1,val,H_clock,1,0.017571926
868368,1,val,H_clock,1,0.4386199
870739,1,val,H_clock,1,0.22216201
878491,1,val,H_clock,1,0.46789756
885157,1,val,H_clock,1,0.8555578
885222,1,val,H_clock,0,0.6999858
888866,1,val,H_clock,0,0.90999746
892998,1,val,H_clock,0,0.65685105
924232,1,val,H_clock,0,0.5643219
936352,1,val,H_clock,0,-0.0028448105
944965,1,val,H_clock,1,1.1229165
951246,1,val,H_clock,0,0.10198212
951846,1,val,H_clock,0,0.27679184
958048,1,val,H_clock,1,0.71915936
959155,1,val,H_clock,0,0.8673035
960726,1,val,H_clock,0,0.23208144
968652,1,val,H_clock,1,0.22730201
969827,1,val,H_clock,0,0.3956641
972980,1,val,H_clock,1,1.1186
975913,1,val,H_clock,0,0.39336553
976696,1,val,H_clock,0,0.017491102
981850,1,val,H_clock,1,0.69135624
982055,1,val,H_clock,0,0.07440543
983916,1,val,H_clock,1,0.09643966
984568,1,val,H_clock,1,0.1651147
986315,1,val,H_clock,1,0.9995682
987657,1,val,H_clock,1,1.2840438
989331,1,val,H_clock,1,0.94650275
991837,1,val,H_clock,1,0.87009776
997176,1,val,H_clock,0,0.010034978
1000310,1,val,H_clock,1,0.1800861
1005095,1,val,H_clock,1,0.3596777
1012389,1,val,H_clock,0,0.2060101
1017244,1,val,H_clock,1,0.81538475
1017640,1,val,H_clock,1,0.62472266
1036745,1,val,H_clock,1,0.98657405
1043429,1,val,H_clock,1,0.90756965
1048580,1,val,H_clock,1,0.8130738
1049831,1,val,H_clock,0,0.5161371
1057350,1,val,H_clock,0,0.5343988
1062410,1,val,H_clock,1,0.82569575
1067041,1,val,H_clock,1,0.7935526
1067592,1,val,H_clock,1,0.3886414
1069432,1,val,H_clock,1,1.0088423
1070777,1,val,H_clock,1,0.33879986
1071966,1,val,H_clock,1,0.39647353
1072395,1,val,H_clock,1,0.7851037
1075228,1,val,H_clock,1,1.2226634
1075447,1,val,H_clock,1,0.623653
1076650,1,val,H_clock,1,1.0752234
1079219,1,val,H_clock,0,-0.029353201
1079586,1,val,H_clock,0,0.40966892
1081383,1,val,H_clock,0,0.7867583
1081426,1,val,H_clock,1,0.70827687
1082124,1,val,H_clock,1,0.7394158
1082765,1,val,H_clock,1,1.2839736
1083817,1,val,H_clock,1,0.26228586
1084214,1,val,H_clock,1,0.70414174
1085709,1,val,H_clock,1,0.72720027
1086850,1,val,H_clock,0,0.21549028
1088707,1,val,H_clock,1,0.65508366
1088918,1,val,H_clock,1,0.4777438
1089172,1,val,H_clock,1,0.6697131
1089175,1,val,H_clock,1,0.5116854
1091343,1,val,H_clock,0,0.25231087
1092437,1,val,H_clock,1,0.53045017
1092557,1,val,H_clock,0,0.6700078
1092783,1,val,H_clock,1,0.82988614
1092889,1,val,H_clock,1,1.1482133
1093743,1,val,H_clock,0,-0.107372046
1094011,1,val,H_clock,1,0.5026272
1094030,1,val,H_clock,1,0.66424924
1094046,1,val,H_clock,1,0.78158987
1095642,1,val,H_clock,1,1.2194036
1095841,1,val,H_clock,1,1.180202
1096276,1,val,H_clock,0,0.52371085
1096586,1,val,H_clock,0,0.5896638
1096850,1,val,H_clock,1,0.7344713
1097316,1,val,H_clock,1,0.58811337
1098204,1,val,H_clock,1,0.9610935
1098855,1,val,H_clock,1,0.63076365
1099234,1,val,H_clock,1,0.541283
1099660,1,val,H_clock,1,0.8019786
1103054,1,val,H_clock,0,0.2626803
1103087,1,val,H_clock,1,0.551358
1103360,1,val,H_clock,1,0.4523993
1104012,1,val,H_clock,1,1.3327619
1104452,1,val,H_clock,1,1.0354142
1104470,1,val,H_clock,1,1.1433988
1105078,1,val,H_clock,1,0.61711484
1105241,1,val,H_clock,0,0.29591078
1105345,1,val,H_clock,0,0.4888029
1105733,1,val,H_clock,1,0.3051169
1105916,1,val,H_clock,1,0.1897451
1107291,1,val,H_clock,0,-0.12918955
1108050,1,val,H_clock,1,1.0744984
1109299,1,val,H_clock,1,0.4497528
1110598,1,val,H_clock,0,0.24286014
1112425,1,val,H_clock,1,0.86790323
1112465,1,val,H_clock,1,0.25899574
1113133,1,val,H_clock,0,0.35239103
1113237,1,val,H_clock,1,0.6053636
1113756,1,val,H_clock,1,1.2453992
1113808,1,val,H_clock,0,0.44575456
1113857,1,val,H_clock,0,0.6121197
1115247,1,val,H_clock,0,0.6997364
1115335,1,val,H_clock,1,0.84920657
1115427,1,val,H_clock,1,0.7767345
1116144,1,val,H_clock,1,1.1814314
1116363,1,val,H_clock,0,0.33691567
1116440,1,val,H_clock,0,0.33615488
1116580,1,val,H_clock,1,0.93928057
1116601,1,val,H_clock,0,0.24748218
1116790,1,val,H_clock,0,0.6865408
1118641,1,val,H_clock,0,0.5579233
1118849,1,val,H_clock,1,0.6270748
1119647,1,val,H_clock,1,0.38695484
1119855,1,val,H_clock,0,0.5484638
1120120,1,val,H_clock,0,0.5127029
1120692,1,val,H_clock,1,1.0422511
1120869,1,val,H_clock,0,0.3062503
1122513,1,val,H_clock,1,0.32744062
1122658,1,val,H_clock,1,1.0558584
1123222,1,val,H_clock,1,0.68728405
1123500,1,val,H_clock,1,0.69533026
1124034,1,val,H_clock,1,0.71358377
1124658,1,val,H_clock,0,0.37050796
1124894,1,val,H_clock,1,0.31747103
1125163,1,val,H_clock,1,0.08181852
1125748,1,val,H_clock,1,0.5310183
1126857,1,val,H_clock,1,0.5109094
1128467,1,val,H_clock,1,0.7177613
1128618,1,val,H_clock,1,1.0460149
1129029,1,val,H_clock,0,0.22072205
1129401,1,val,H_clock,1,0.45171255
1129979,1,val,H_clock,1,0.7173764
1130043,1,val,H_clock,1,0.8692385
1130533,1,val,H_clock,1,1.1630385
1130756,1,val,H_clock,1,0.99061126
1131355,1,val,H_clock,1,0.61360395
1131386,1,val,H_clock,1,0.80105245
1131656,1,val,H_clock,1,0.8901864
1132010,1,val,H_clock,0,0.16020143
1135241,1,val,H_clock,0,0.077691495
1135703,1,val,H_clock,1,0.9042728
1136279,1,val,H_clock,0,0.32681218
1136310,1,val,H_clock,1,0.22522536
1136723,1,val,H_clock,0,0.64540863
1137555,1,val,H_clock,1,0.7228172
1137589,1,val,H_clock,1,0.71459174
1138091,1,val,H_clock,1,1.0369202
1138321,1,val,H_clock,1,1.0022345
1138374,1,val,H_clock,0,0.3464564
1138670,1,val,H_clock,1,0.58412015
1138870,1,val,H_clock,1,0.7202929
1139275,1,val,H_clock,1,0.8931241
1140109,1,val,H_clock,1,0.99968934
1140316,1,val,H_clock,1,1.0961497
1141936,1,val,H_clock,1,0.80779505
1142089,1,val,H_clock,1,1.1922278
1142188,1,val,H_clock,1,0.7602202
1142355,1,val,H_clock,0,0.42961192
1142724,1,val,H_clock,0,0.30308938
1143869,1,val,H_clock,0,0.5542318
1144198,1,val,H_clock,1,0.8039937
1144734,1,val,H_clock,1,0.80731624
1144792,1,val,H_clock,0,0.34144133
1145284,1,val,H_clock,1,0.8011007
1145959,1,val,H_clock,1,0.3546714
1145969,1,val,H_clock,1,0.85681397
1146989,1,val,H_clock,0,0.19588998
1147155,1,val,H_clock,1,1.2390991
1147302,1,val,H_clock,0,0.0948475
1147838,1,val,H_clock,0,0.5918962
1148110,1,val,H_clock,0,0.37110502
1148113,1,val,H_clock,1,0.42280012
1148332,1,val,H_clock,1,0.9526291
1148376,1,val,H_clock,1,0.46650898
1149831,1,val,H_clock,1,1.1764975
1149916,1,val,H_clock,1,0.25867847
1150067,1,val,H_clock,1,0.94066346
1151454,1,val,H_clock,0,0.7829529
1151510,1,val,H_clock,0,0.0852291
1151569,1,val,H_clock,1,0.9905221
1151818,1,val,H_clock,0,0.37407568
1151994,1,val,H_clock,1,0.7298231
1152380,1,val,H_clock,1,0.59894156
1152700,1,val,H_clock,1,0.9217082
1152708,1,val,H_clock,1,0.42065716
1152877,1,val,H_clock,0,0.13740653
1153023,1,val,H_clock,1,0.5932379
1153155,1,val,H_clock,1,0.6489778
1153931,1,val,H_clock,1,0.74220943
1154574,1,val,H_clock,1,0.7799948
1155176,1,val,H_clock,1,0.8939309
1157142,1,val,H_clock,1,1.1791148
1206010,1,val,H_clock,0,0.76047826
1206257,1,val,H_clock,1,0.5585388
1206334,1,val,H_clock,0,-0.25551075
1207181,1,val,H_clock,0,0.7862086
1207207,1,val,H_clock,1,0.82705235
1207367,1,val,H_clock,1,1.0698122
1207384,1,val,H_clock,1,0.9371766
1207464,1,val,H_clock,1,0.62399185
1208159,1,val,H_clock,1,0.55339783
1208290,1,val,H_clock,1,0.7896497
1208422,1,val,H_clock,1,1.0446135
1208544,1,val,H_clock,0,0.40014756
1208870,1,val,H_clock,1,0.59123296
1209034,1,val,H_clock,1,0.571
1209229,1,val,H_clock,0,0.4182551
1209908,1,val,H_clock,0,0.3385175
1210816,1,val,H_clock,1,0.084370315
1212290,1,val,H_clock,1,0.73900735
1212738,1,val,H_clock,1,0.8423962
1213667,1,val,H_clock,0,0.16386569
1213716,1,val,H_clock,1,0.97634804
1213978,1,val,H_clock,0,0.059449136
1214063,1,val,H_clock,1,0.7300455
1214597,1,val,H_clock,1,-0.016662657
1215070,1,val,H_clock,1,0.38898206
1215132,1,val,H_clock,0,0.092784345
1215420,1,val,H_clock,1,0.21314725
1215921,1,val,H_clock,1,0.57578444
1216025,1,val,H_clock,0,0.47830802
1216145,1,val,H_clock,0,0.52108836
1216188,1,val,H_clock,0,0.42755127
1216704,1,val,H_clock,1,0.5462267
1216841,1,val,H_clock,0,0.56473035
1216904,1,val,H_clock,0,0.03360933
1217573,1,val,H_clock,1,0.7212744
1217635,1,val,H_clock,1,0.84324354
1217948,1,val,H_clock,1,1.1797917
1218059,1,val,H_clock,1,0.60555613
1218235,1,val,H_clock,1,1.0937002
1218421,1,val,H_clock,1,0.5663496
1218554,1,val,H_clock,1,1.0971773
1218726,1,val,H_clock,1,0.86503685
1219254,1,val,H_clock,0,-0.47580612
1219802,1,val,H_clock,1,1.2278271
1219877,1,val,H_clock,1,0.7068385
1219890,1,val,H_clock,1,0.7451446
1219897,1,val,H_clock,1,0.7116784
1219949,1,val,H_clock,0,0.36617425
1220037,1,val,H_clock,1,0.37698728
1220386,1,val,H_clock,0,0.16605955
1220475,1,val,H_clock,0,0.094314516
1220832,1,val,H_clock,0,0.520298
1221118,1,val,H_clock,0,1.0954403
1221764,1,val,H_clock,1,0.7239807
1222028,1,val,H_clock,1,0.63464403
1223017,1,val,H_clock,1,0.37772918
1223383,1,val,H_clock,1,1.1356367
1224353,1,val,H_clock,0,0.44741794
1224371,1,val,H_clock,1,0.33586684
1224500,1,val,H_clock,1,0.65851414
1225046,1,val,H_clock,0,0.63874555
1225309,1,val,H_clock,1,0.824836
1225334,1,val,H_clock,0,0.35984516
1225388,1,val,H_clock,0,0.51192504
1225500,1,val,H_clock,0,0.6784483
1225758,1,val,H_clock,1,0.8749562
1226509,1,val,H_clock,1,0.52183706
1227545,1,val,H_clock,1,0.45300385
1227597,1,val,H_clock,0,0.36511388
1227765,1,val,H_clock,1,1.2841775
1227804,1,val,H_clock,0,0.75598633
1228018,1,val,H_clock,1,0.6880238
1228461,1,val,H_clock,1,0.73838466
1229605,1,val,H_clock,0,0.24910855
1229991,1,val,H_clock,0,0.9473211
1230721,1,val,H_clock,1,0.74512416
1230968,1,val,H_clock,1,0.80170655
1231044,1,val,H_clock,1,0.72702926
1231253,1,val,H_clock,0,0.80808055
1231339,1,val,H_clock,0,0.40325025
1231343,1,val,H_clock,1,1.0845027
1231928,1,val,H_clock,1,1.1611333
1232006,1,val,H_clock,1,0.8043538
1232033,1,val,H_clock,0,0.089300275
1232296,1,val,H_clock,1,0.49575412
1233154,1,val,H_clock,1,0.6224986
1233203,1,val,H_clock,1,0.8725966
1233369,1,val,H_clock,0,-0.010877311
1233621,1,val,H_clock,0,0.41270512
1233632,1,val,H_clock,1,0.7335508
1234472,1,val,H_clock,1,0.6551921
1234672,1,val,H_clock,0,0.011239529
1234804,1,val,H_clock,1,1.2676864
1235172,1,val,H_clock,0,0.5430858
1235777,1,val,H_clock,1,0.7457262
1235863,1,val,H_clock,1,0.55310947
1235882,1,val,H_clock,0,0.36705974
1236187,1,val,H_clock,0,0.4750086
1237352,1,val,H_clock,1,0.37658522
1237367,1,val,H_clock,1,0.7539908
1237861,1,val,H_clock,0,0.06892884
1237964,1,val,H_clock,0,0.10225576
1238200,1,val,H_clock,1,1.1997771
1238203,1,val,H_clock,1,0.97213167
1238287,1,val,H_clock,0,0.8405346
1238298,1,val,H_clock,1,0.8178221
1238523,1,val,H_clock,1,1.0278106
1238594,1,val,H_clock,0,0.41924053
1238864,1,val,H_clock,1,0.81847024
1238917,1,val,H_clock,0,0.4455204
1239127,1,val,H_clock,0,0.78667337
1239377,1,val,H_clock,1,0.8373176
1239474,1,val,H_clock,1,0.5796113
1239881,1,val,H_clock,1,0.9224938
1240209,1,val,H_clock,1,1.0664825
1240705,1,val,H_clock,1,0.5620579
1240951,1,val,H_clock,0,0.0621261
1241625,1,val,H_clock,0,0.56062084
1242009,1,val,H_clock,1,0.72730476
1242135,1,val,H_clock,0,0.5944626
1242264,1,val,H_clock,0,0.7591421
1242338,1,val,H_clock,1,0.8312074
1242381,1,val,H_clock,0,0.74261576
1242501,1,val,H_clock,1,1.0514002
1242645,1,val,H_clock,0,0.4785064
1242725,1,val,H_clock,1,0.72430915
1242755,1,val,H_clock,0,0.3656398
1242835,1,val,H_clock,1,1.0386553
1243045,1,val,H_clock,0,-0.03181076
1243514,1,val,H_clock,1,1.5493023
1243838,1,val,H_clock,0,0.7077008
1243993,1,val,H_clock,0,0.37370744
1244606,1,val,H_clock,1,0.96594894
1246490,1,val,H_clock,1,1.258869
1246508,1,val,H_clock,0,0.2270141
1922,1,test,H_clock,1,0.14653501
12246,1,test,H_clock,1,0.38842544
16787,1,test,H_clock,0,1.0135624
19126,1,test,H_clock,1,1.3489501
34428,1,test,H_clock,0,0.14325264
42331,1,test,H_clock,1,0.7356946
44366,1,test,H_clock,1,0.65559787
47250,1,test,H_clock,1,0.9879241
48545,1,test,H_clock,0,0.6693562
54142,1,test,H_clock,1,0.58008677
61752,1,test,H_clock,1,0.6769111
62606,1,test,H_clock,1,0.4566664
66226,1,test,H_clock,1,0.96548647
66381,1,test,H_clock,1,1.514961
68648,1,test,H_clock,0,0.8545627
70147,1,test,H_clock,0,0.71905214
72035,1,test,H_clock,0,0.8262422
73899,1,test,H_clock,1,0.9638395
88483,1,test,H_clock,1,0.6251572
96757,1,test,H_clock,1,0.3924535
97998,1,test,H_clock,0,0.02725935
102708,1,test,H_clock,1,1.0696511
105271,1,test,H_clock,1,0.8687743
114318,1,test,H_clock,1,0.3903756
120088,1,test,H_clock,1,0.7374696
127579,1,test,H_clock,0,-0.3911401
129407,1,test,H_clock,1,0.57442427
131155,1,test,H_clock,1,0.28559682
136645,1,test,H_clock,1,0.7153325
139145,1,test,H_clock,1,0.848619
141620,1,test,H_clock,1,1.115308
147228,1,test,H_clock,1,0.6369378
156299,1,test,H_clock,1,1.2087964
156996,1,test,H_clock,1,0.883669
157449,1,test,H_clock,1,0.6098057
157463,1,test,H_clock,1,0.5398097
161593,1,test,H_clock,1,1.2445853
163659,1,test,H_clock,1,0.5651466
167183,1,test,H_clock,1,1.1248257
169457,1,test,H_clock,0,0.23502833
171896,1,test,H_clock,1,0.5470762
172578,1,test,H_clock,1,1.4487443
181466,1,test,H_clock,0,0.60279834
184874,1,test,H_clock,1,1.0951614
186379,1,test,H_clock,1,0.5438276
190049,1,test,H_clock,1,0.08837098
190176,1,test,H_clock,0,0.99288034
190187,1,test,H_clock,0,0.7529271
191335,1,test,H_clock,0,0.48960376
200131,1,test,H_clock,1,0.73141485
200858,1,test,H_clock,1,0.4187271
203461,1,test,H_clock,1,0.58200115
208652,1,test,H_clock,1,0.5375422
216287,1,test,H_clock,0,0.30737334
218529,1,test,H_clock,1,0.71984744
223651,1,test,H_clock,1,0.5818376
228543,1,test,H_clock,1,0.89495015
238407,1,test,H_clock,0,0.22050777
258335,1,test,H_clock,0,0.36897057
278134,1,test,H_clock,1,0.97354317
278836,1,test,H_clock,1,0.6389496
280705,1,test,H_clock,0,0.41432118
284088,1,test,H_clock,0,0.17945006
290944,1,test,H_clock,0,-0.04237628
293205,1,test,H_clock,0,0.5895123
295284,1,test,H_clock,0,0.7940935
298058,1,test,H_clock,1,0.6072662
312434,1,test,H_clock,1,0.6303743
312810,1,test,H_clock,1,1.1421232
318640,1,test,H_clock,1,0.94480455
319549,1,test,H_clock,1,0.90240514
320867,1,test,H_clock,1,0.86292624
321989,1,test,H_clock,1,1.1273572
323320,1,test,H_clock,0,0.20774552
323939,1,test,H_clock,0,0.24345365
335240,1,test,H_clock,0,0.16924274
335955,1,test,H_clock,1,0.37334153
338312,1,test,H_clock,1,0.098490536
348589,1,test,H_clock,1,1.2755082
351101,1,test,H_clock,1,0.7761116
353336,1,test,H_clock,1,0.45883256
358239,1,test,H_clock,1,0.7288651
360745,1,test,H_clock,1,0.88227266
374203,1,test,H_clock,0,0.3166198
375294,1,test,H_clock,1,0.8727721
380225,1,test,H_clock,1,0.6379889
402720,1,test,H_clock,1,0.9056473
405843,1,test,H_clock,1,1.2117963
408105,1,test,H_clock,0,0.4375754
419138,1,test,H_clock,0,0.27803177
433303,1,test,H_clock,1,0.8358278
433686,1,test,H_clock,1,0.83379406
442797,1,test,H_clock,1,0.8527738
443207,1,test,H_clock,1,0.6159249
443610,1,test,H_clock,0,0.44616807
444203,1,test,H_clock,0,0.18676719
445545,1,test,H_clock,1,0.7115292
450155,1,test,H_clock,1,1.4516554
451844,1,test,H_clock,1,0.88535243
460422,1,test,H_clock,1,0.46942675
460580,1,test,H_clock,1,0.5694433
461946,1,test,H_clock,1,0.81372374
463375,1,test,H_clock,1,0.34634572
465489,1,test,H_clock,0,0.43275505
466437,1,test,H_clock,1,0.74706787
468086,1,test,H_clock,1,0.9189246
468548,1,test,H_clock,1,0.779137
474601,1,test,H_clock,1,1.0477958
477779,1,test,H_clock,1,0.89794016
479811,1,test,H_clock,0,0.97990847
480021,1,test,H_clock,0,0.75402737
480598,1,test,H_clock,1,0.51830405
484238,1,test,H_clock,1,0.74648446
486892,1,test,H_clock,0,0.7753109
488934,1,test,H_clock,0,0.13160062
498363,1,test,H_clock,1,0.71769047
507011,1,test,H_clock,1,0.566098
510372,1,test,H_clock,1,0.7883387
511018,1,test,H_clock,0,0.58594805
512053,1,test,H_clock,1,0.8526815
517848,1,test,H_clock,1,1.0921698
520621,1,test,H_clock,1,0.7378874
525300,1,test,H_clock,1,0.8023069
532533,1,test,H_clock,1,0.88463783
537472,1,test,H_clock,1,0.5728204
544153,1,test,H_clock,1,0.8882463
544425,1,test,H_clock,0,0.2025721
544864,1,test,H_clock,1,0.86556226
550892,1,test,H_clock,1,0.90085
552901,1,test,H_clock,1,0.6846773
554960,1,test,H_clock,0,0.051380694
555492,1,test,H_clock,0,0.4031478
559178,1,test,H_clock,1,0.4676456
566285,1,test,H_clock,1,0.8440077
567847,1,test,H_clock,1,0.7908511
569789,1,test,H_clock,0,-0.2420885
573425,1,test,H_clock,1,0.63673544
586109,1,test,H_clock,0,0.92686975
589139,1,test,H_clock,1,0.9142139
592431,1,test,H_clock,1,1.1748881
592548,1,test,H_clock,0,0.34620374
595609,1,test,H_clock,1,1.014487
599396,1,test,H_clock,0,0.084824264
618335,1,test,H_clock,1,0.93299794
619649,1,test,H_clock,1,1.1042266
624010,1,test,H_clock,0,0.23916277
624692,1,test,H_clock,1,0.71764207
627036,1,test,H_clock,1,0.7399458
629729,1,test,H_clock,1,0.836814
644299,1,test,H_clock,1,0.6140746
644744,1,test,H_clock,1,1.1996303
649217,1,test,H_clock,1,0.73101395
649863,1,test,H_clock,1,0.84978294
655410,1,test,H_clock,1,0.3937626
660061,1,test,H_clock,1,0.25936276
661193,1,test,H_clock,0,0.29597113
672172,1,test,H_clock,1,0.81082016
675660,1,test,H_clock,0,0.08915329
675907,1,test,H_clock,0,0.72999454
678681,1,test,H_clock,1,0.51896745
683148,1,test,H_clock,1,1.0049865
687290,1,test,H_clock,0,0.38533053
690734,1,test,H_clock,0,0.13917017
697961,1,test,H_clock,1,0.8005069
698579,1,test,H_clock,1,0.9483597
700550,1,test,H_clock,1,0.8963612
704059,1,test,H_clock,0,0.6973222
709192,1,test,H_clock,0,0.22658575
711782,1,test,H_clock,1,1.0509777
718140,1,test,H_clock,0,0.5648041
718508,1,test,H_clock,1,0.78746915
719050,1,test,H_clock,0,0.14041474
725470,1,test,H_clock,0,0.20207027
726612,1,test,H_clock,1,1.0253402
727266,1,test,H_clock,1,0.15191087
738172,1,test,H_clock,0,0.56083244
742847,1,test,H_clock,0,0.5858206
747710,1,test,H_clock,0,0.5643993
750827,1,test,H_clock,0,0.5043242
750881,1,test,H_clock,0,0.31898788
752967,1,test,H_clock,1,1.1739849
754586,1,test,H_clock,1,0.77149457
755156,1,test,H_clock,1,0.9318297
755294,1,test,H_clock,1,0.83106565
760561,1,test,H_clock,0,0.50029063
765027,1,test,H_clock,1,0.3781778
765473,1,test,H_clock,1,0.74512947
765954,1,test,H_clock,0,0.05869496
774678,1,test,H_clock,1,0.7502295
777118,1,test,H_clock,1,0.6417455
779240,1,test,H_clock,0,0.9528363
781445,1,test,H_clock,0,0.44414726
789824,1,test,H_clock,0,0.2098051
806762,1,test,H_clock,0,0.1573332
809238,1,test,H_clock,0,0.93805
822633,1,test,H_clock,1,0.4024465
825913,1,test,H_clock,1,0.71981436
828057,1,test,H_clock,0,0.072903335
829142,1,test,H_clock,1,0.871354
829697,1,test,H_clock,0,0.6269761
834515,1,test,H_clock,0,0.7027812
835833,1,test,H_clock,1,0.88297766
836571,1,test,H_clock,0,0.27258402
841534,1,test,H_clock,0,0.49955267
847036,1,test,H_clock,1,0.9557569
848723,1,test,H_clock,1,0.69636655
851816,1,test,H_clock,0,0.06885481
854069,1,test,H_clock,1,0.80418473
856302,1,test,H_clock,0,0.8115259
859236,1,test,H_clock,0,0.30435115
866895,1,test,H_clock,0,0.18171343
867398,1,test,H_clock,0,0.4321025
868318,1,test,H_clock,0,0.873293
875038,1,test,H_clock,1,1.2703325
877486,1,test,H_clock,1,0.44746852
880466,1,test,H_clock,1,0.69276845
889657,1,test,H_clock,1,0.86195934
894409,1,test,H_clock,1,0.49513415
899067,1,test,H_clock,0,0.59512544
900762,1,test,H_clock,1,0.71524256
941626,1,test,H_clock,1,0.5491721
943672,1,test,H_clock,1,1.0842049
947197,1,test,H_clock,1,0.70800143
951465,1,test,H_clock,0,0.9201692
951654,1,test,H_clock,0,0.5816639
952219,1,test,H_clock,0,0.3653825
954440,1,test,H_clock,1,0.7606005
955669,1,test,H_clock,0,0.13051844
956387,1,test,H_clock,1,0.19039199
961563,1,test,H_clock,0,0.16214073
961819,1,test,H_clock,0,0.1483171
962660,1,test,H_clock,1,0.5621948
963985,1,test,H_clock,1,0.8880355
964462,1,test,H_clock,0,0.6086328
970464,1,test,H_clock,1,1.1722398
972111,1,test,H_clock,0,0.101298094
979369,1,test,H_clock,1,1.1744258
979917,1,test,H_clock,1,0.57533664
979941,1,test,H_clock,0,0.35557708
980697,1,test,H_clock,0,0.5338942
982817,1,test,H_clock,0,-0.03111583
984065,1,test,H_clock,0,0.120266736
986074,1,test,H_clock,1,1.0669273
986844,1,test,H_clock,1,0.52162075
987078,1,test,H_clock,1,0.31438044
987267,1,test,H_clock,1,0.55872726
989755,1,test,H_clock,1,1.1709046
991790,1,test,H_clock,1,0.94716716
993602,1,test,H_clock,1,0.37210193
994160,1,test,H_clock,1,1.2068961
1002373,1,test,H_clock,1,0.9037484
1005171,1,test,H_clock,1,0.9363307
1006489,1,test,H_clock,0,0.9969575
1008354,1,test,H_clock,0,0.63199407
1009347,1,test,H_clock,1,0.6330707
1020322,1,test,H_clock,0,0.46464038
1029192,1,test,H_clock,1,1.2802142
1029373,1,test,H_clock,1,0.8409672
1030940,1,test,H_clock,1,0.61546904
1046104,1,test,H_clock,0,0.73561704
1051850,1,test,H_clock,0,0.5209099
1054838,1,test,H_clock,0,0.97111064
1064446,1,test,H_clock,1,1.6737119
1065288,1,test,H_clock,0,0.84176993
1066534,1,test,H_clock,1,0.8900451
1067406,1,test,H_clock,1,0.7480937
1069689,1,test,H_clock,1,0.70766574
1070472,1,test,H_clock,0,0.5014226
1073839,1,test,H_clock,0,0.5919475
1074094,1,test,H_clock,1,0.33461583
1074306,1,test,H_clock,1,0.72853553
1074427,1,test,H_clock,1,0.5768263
1074527,1,test,H_clock,1,0.5937586
1074753,1,test,H_clock,0,0.4218807
1075557,1,test,H_clock,1,1.3504595
1075699,1,test,H_clock,1,0.42636222
1077703,1,test,H_clock,1,0.83221734
1078392,1,test,H_clock,1,0.696929
1078893,1,test,H_clock,0,0.29130602
1079527,1,test,H_clock,1,0.8044033
1080214,1,test,H_clock,1,0.4731514
1080366,1,test,H_clock,1,1.2414292
1080979,1,test,H_clock,1,0.79407895
1081798,1,test,H_clock,0,0.15366471
1082641,1,test,H_clock,0,-0.109276354
1082739,1,test,H_clock,1,0.65312064
1084185,1,test,H_clock,0,0.42531347
1084364,1,test,H_clock,1,0.5846061
1084497,1,test,H_clock,1,0.6075367
1085496,1,test,H_clock,1,0.85964066
1085579,1,test,H_clock,1,0.39218566
1085896,1,test,H_clock,1,1.1867499
1086657,1,test,H_clock,1,1.2091262
1086770,1,test,H_clock,1,0.9351331
1086991,1,test,H_clock,0,0.33609307
1087295,1,test,H_clock,1,0.61722344
1089310,1,test,H_clock,0,0.4021299
1090388,1,test,H_clock,1,0.99413705
1090438,1,test,H_clock,1,1.1613092
1091071,1,test,H_clock,1,1.4014573
1091585,1,test,H_clock,0,0.41168013
1092068,1,test,H_clock,0,0.115057945
1093139,1,test,H_clock,0,0.8090079
1093401,1,test,H_clock,1,0.90790546
1094060,1,test,H_clock,1,1.1143458
1094259,1,test,H_clock,1,0.5300302
1096111,1,test,H_clock,1,0.7761715
1096858,1,test,H_clock,1,1.1977284
1097215,1,test,H_clock,1,0.30456665
1097324,1,test,H_clock,1,0.782745
1099078,1,test,H_clock,1,0.5143965
1100516,1,test,H_clock,0,0.39742976
1100923,1,test,H_clock,1,0.48498
1103063,1,test,H_clock,0,0.41673958
1104405,1,test,H_clock,1,0.9532959
1104599,1,test,H_clock,1,0.73292613
1104649,1,test,H_clock,1,0.8924247
1105176,1,test,H_clock,1,0.48879048
1105837,1,test,H_clock,1,0.44666234
1105913,1,test,H_clock,1,0.92749494
1105922,1,test,H_clock,1,0.7740588
1106300,1,test,H_clock,1,0.8060124
1107147,1,test,H_clock,1,1.1338245
1107631,1,test,H_clock,1,1.5014195
1109275,1,test,H_clock,1,0.6483982
1109329,1,test,H_clock,1,0.7009795
1109526,1,test,H_clock,1,0.65206015
1109829,1,test,H_clock,1,0.75629246
1111153,1,test,H_clock,0,0.4399619
1111157,1,test,H_clock,0,0.72707075
1111471,1,test,H_clock,1,1.2363069
1112111,1,test,H_clock,1,0.69376546
1113214,1,test,H_clock,0,0.43163198
1115227,1,test,H_clock,1,0.48994112
1115322,1,test,H_clock,1,0.96366847
1115713,1,test,H_clock,1,0.8638325
1117370,1,test,H_clock,1,0.93932736
1117921,1,test,H_clock,1,0.72671497
1117975,1,test,H_clock,1,0.7620825
1118291,1,test,H_clock,0,0.39043552
1118436,1,test,H_clock,1,0.9526188
1118652,1,test,H_clock,0,0.21724299
1119012,1,test,H_clock,1,0.53403556
1119591,1,test,H_clock,1,0.93223464
1119652,1,test,H_clock,1,0.7974357
1119930,1,test,H_clock,1,1.1205705
1120326,1,test,H_clock,1,0.27812254
1120775,1,test,H_clock,1,0.8555414
1120955,1,test,H_clock,0,0.56991667
1121493,1,test,H_clock,0,0.24610871
1121705,1,test,H_clock,1,1.4842479
1121926,1,test,H_clock,1,0.618608
1122956,1,test,H_clock,1,0.93534887
1122990,1,test,H_clock,1,0.5200441
1123350,1,test,H_clock,1,0.9135883
1123551,1,test,H_clock,0,0.036107123
1124329,1,test,H_clock,1,0.84471977
1124330,1,test,H_clock,0,0.64482176
1124561,1,test,H_clock,0,0.42262635
1125348,1,test,H_clock,0,-0.022053659
1125785,1,test,H_clock,1,0.4805439
1126146,1,test,H_clock,0,-0.20841873
1126656,1,test,H_clock,0,0.0038943887
1127029,1,test,H_clock,0,0.14308265
1127560,1,test,H_clock,1,1.1016573
1129053,1,test,H_clock,1,0.61475736
1129961,1,test,H_clock,0,0.26207405
1130161,1,test,H_clock,1,0.22405237
1131297,1,test,H_clock,0,1.0300516
1131833,1,test,H_clock,1,0.7010215
1134339,1,test,H_clock,0,0.2779022
1134855,1,test,H_clock,0,0.32899392
1134927,1,test,H_clock,1,0.6214362
1135587,1,test,H_clock,1,0.59427345
1135796,1,test,H_clock,1,1.1441593
1136524,1,test,H_clock,0,0.34342664
1136946,1,test,H_clock,0,0.15135795
1137506,1,test,H_clock,0,0.38278112
1137818,1,test,H_clock,1,0.7787729
1138108,1,test,H_clock,1,0.91490114
1139233,1,test,H_clock,1,1.3955692
1139249,1,test,H_clock,1,0.5535746
1139409,1,test,H_clock,1,0.82371235
1139795,1,test,H_clock,0,-0.2656417
1142126,1,test,H_clock,0,0.20061728
1142643,1,test,H_clock,1,0.79144305
1142753,1,test,H_clock,1,0.65816504
1143415,1,test,H_clock,1,0.82517594
1143550,1,test,H_clock,1,0.98296154
1144210,1,test,H_clock,1,0.6422283
1144260,1,test,H_clock,0,0.7908634
1144465,1,test,H_clock,1,0.97892946
1144580,1,test,H_clock,1,0.7531954
1144621,1,test,H_clock,1,0.3527535
1144651,1,test,H_clock,1,0.36294267
1145207,1,test,H_clock,0,0.35131848
1145385,1,test,H_clock,0,0.56555074
1146057,1,test,H_clock,0,0.11563462
1146108,1,test,H_clock,0,0.2031599
1146318,1,test,H_clock,1,0.47765195
1146323,1,test,H_clock,0,0.46562868
1146529,1,test,H_clock,1,1.1165683
1146584,1,test,H_clock,1,0.6692904
1146771,1,test,H_clock,0,0.46136895
1146854,1,test,H_clock,1,0.6342302
1147012,1,test,H_clock,0,0.3076738
1147189,1,test,H_clock,1,0.4028373
1148157,1,test,H_clock,1,0.8190441
1148437,1,test,H_clock,0,0.9079051
1150400,1,test,H_clock,1,0.45101288
1151387,1,test,H_clock,0,0.47331834
1151422,1,test,H_clock,1,0.8826027
1151627,1,test,H_clock,1,0.74486583
1151789,1,test,H_clock,1,1.2429447
1152038,1,test,H_clock,1,0.67967165
1152061,1,test,H_clock,1,0.75135714
1152979,1,test,H_clock,1,0.37129024
1153702,1,test,H_clock,0,0.27126616
1153881,1,test,H_clock,0,0.19279316
1154576,1,test,H_clock,1,0.561757
1155404,1,test,H_clock,0,0.4627091
1155554,1,test,H_clock,1,0.9150506
1155802,1,test,H_clock,1,0.66377836
1157101,1,test,H_clock,1,0.8111788
1157237,1,test,H_clock,1,0.8508438
1157440,1,test,H_clock,0,0.4219016
1158961,1,test,H_clock,1,1.1449313
1206308,1,test,H_clock,0,0.6556438
1206667,1,test,H_clock,0,0.7318676
1206997,1,test,H_clock,1,0.9820633
1207140,1,test,H_clock,1,1.0048835
1207980,1,test,H_clock,1,0.5786337
1208561,1,test,H_clock,1,1.2015138
1209776,1,test,H_clock,0,0.5584065
1209958,1,test,H_clock,1,0.093895555
1210100,1,test,H_clock,0,-0.048378408
1210485,1,test,H_clock,1,0.85044277
1210786,1,test,H_clock,0,-0.14614207
1211029,1,test,H_clock,1,0.80043304
1211042,1,test,H_clock,1,0.80065495
1211177,1,test,H_clock,1,0.67910093
1211297,1,test,H_clock,1,0.908162
1211505,1,test,H_clock,1,0.55656636
1211778,1,test,H_clock,0,0.29849422
1212217,1,test,H_clock,1,0.30293578
1212354,1,test,H_clock,0,0.59602475
1212394,1,test,H_clock,1,0.19664127
1212451,1,test,H_clock,0,0.047231674
1212582,1,test,H_clock,1,0.8970245
1213121,1,test,H_clock,1,0.3451152
1213130,1,test,H_clock,1,0.52445054
1213344,1,test,H_clock,1,0.79926527
1213929,1,test,H_clock,1,0.6760583
1213974,1,test,H_clock,0,0.51042217
1214144,1,test,H_clock,0,0.7620014
1215381,1,test,H_clock,0,0.39735973
1215388,1,test,H_clock,0,0.2687938
1215586,1,test,H_clock,0,0.5985167
1216036,1,test,H_clock,1,0.91110355
1216045,1,test,H_clock,1,0.85347384
1216223,1,test,H_clock,1,0.80485636
1216691,1,test,H_clock,1,1.0910382
1216776,1,test,H_clock,1,0.47684717
1217051,1,test,H_clock,1,0.98969495
1217243,1,test,H_clock,1,0.54754806
1217708,1,test,H_clock,0,0.118444026
1217769,1,test,H_clock,1,0.5769795
1218062,1,test,H_clock,1,0.9387438
1218110,1,test,H_clock,0,0.394305
1219634,1,test,H_clock,1,0.59877574
1219898,1,test,H_clock,1,0.54123044
1219958,1,test,H_clock,0,0.38642335
1220095,1,test,H_clock,0,0.5865746
1220226,1,test,H_clock,0,0.35022423
1220507,1,test,H_clock,0,0.57717514
1220572,1,test,H_clock,0,0.35776174
1220694,1,test,H_clock,1,1.0691829
1221019,1,test,H_clock,0,0.526803
1221892,1,test,H_clock,1,0.7341233
1222069,1,test,H_clock,1,1.1340756
1222110,1,test,H_clock,1,0.54791105
1222424,1,test,H_clock,1,0.7654357
1222589,1,test,H_clock,1,0.7681695
1222850,1,test,H_clock,1,0.59830505
1223193,1,test,H_clock,0,0.75604236
1223272,1,test,H_clock,1,0.6146393
1223289,1,test,H_clock,0,0.85217017
1223754,1,test,H_clock,0,0.45884058
1224109,1,test,H_clock,0,0.46333122
1224306,1,test,H_clock,1,0.77670985
1224683,1,test,H_clock,1,0.7750976
1224968,1,test,H_clock,1,0.6631163
1225050,1,test,H_clock,0,0.37187496
1225262,1,test,H_clock,1,0.423931
1225323,1,test,H_clock,1,0.7325132
1225648,1,test,H_clock,0,0.46433955
1225672,1,test,H_clock,1,0.88339865
1225716,1,test,H_clock,0,0.38363522
1225945,1,test,H_clock,0,-0.32464826
1226065,1,test,H_clock,1,1.0139351
1226588,1,test,H_clock,1,1.0321825
1226641,1,test,H_clock,1,1.0807296
1226825,1,test,H_clock,1,0.5067165
1226937,1,test,H_clock,0,0.34743625
1227061,1,test,H_clock,1,0.68999505
1227106,1,test,H_clock,1,0.7285257
1227138,1,test,H_clock,0,0.19185445
1227504,1,test,H_clock,1,0.42264915
1228528,1,test,H_clock,0,0.20366746
1228888,1,test,H_clock,1,0.54458064
1229368,1,test,H_clock,0,0.5187221
1229574,1,test,H_clock,0,0.047782302
1229725,1,test,H_clock,1,1.3660262
1229860,1,test,H_clock,1,0.83630407
1230265,1,test,H_clock,1,0.66879714
1230408,1,test,H_clock,1,0.5780974
1230712,1,test,H_clock,0,0.5432523
1230724,1,test,H_clock,1,0.46931303
1230855,1,test,H_clock,0,0.018592834
1230993,1,test,H_clock,0,0.30309695
1231114,1,test,H_clock,1,0.97742474
1231841,1,test,H_clock,0,0.43995702
1232099,1,test,H_clock,0,0.64433956
1232676,1,test,H_clock,1,0.6851164
1233791,1,test,H_clock,1,0.7039782
1233962,1,test,H_clock,0,0.5025413
1233970,1,test,H_clock,1,0.59387386
1234219,1,test,H_clock,1,0.67130554
1234306,1,test,H_clock,1,0.2878939
1234549,1,test,H_clock,0,0.55004376
1234553,1,test,H_clock,0,0.22210929
1235265,1,test,H_clock,1,0.69108886
1235275,1,test,H_clock,0,0.0995999
1235336,1,test,H_clock,1,0.6678014
1236071,1,test,H_clock,1,0.5990106
1236410,1,test,H_clock,0,-0.111236155
1236418,1,test,H_clock,1,0.592788
1236759,1,test,H_clock,1,0.95009845
1236938,1,test,H_clock,1,0.62397045
1237075,1,test,H_clock,0,-0.19129324
1237241,1,test,H_clock,1,0.62848884
1237496,1,test,H_clock,1,0.8801863
1237716,1,test,H_clock,0,0.083720565
1237793,1,test,H_clock,1,0.64486665
1238174,1,test,H_clock,1,0.4168002
1238215,1,test,H_clock,1,0.83111143
1238443,1,test,H_clock,0,0.3005284
1238550,1,test,H_clock,1,0.9639472
1238574,1,test,H_clock,0,0.19219026
1238865,1,test,H_clock,1,0.5046344
1238923,1,test,H_clock,0,0.575816
1239038,1,test,H_clock,0,0.19268528
1239693,1,test,H_clock,0,0.93919253
1239772,1,test,H_clock,0,0.17610216
1239841,1,test,H_clock,1,0.5647144
1239988,1,test,H_clock,0,0.19278812
1240378,1,test,H_clock,1,0.9939382
1240423,1,test,H_clock,1,0.58546907
1240598,1,test,H_clock,1,0.55503595
1241453,1,test,H_clock,0,0.31772578
1241862,1,test,H_clock,1,0.97304004
1242372,1,test,H_clock,1,0.88283694
1242535,1,test,H_clock,1,1.0831952
1242667,1,test,H_clock,0,0.7855375
1242811,1,test,H_clock,0,0.47867835
1242831,1,test,H_clock,0,0.58955723
1243018,1,test,H_clock,1,0.6141448
1243083,1,test,H_clock,0,0.71019506
1243802,1,test,H_clock,0,0.48214078
1243942,1,test,H_clock,1,1.0383985
1243992,1,test,H_clock,1,0.731549
1244831,1,test,H_clock,1,0.5175882
1245228,1,test,H_clock,0,0.20930472
4993,1,val,H_global,1,0.793757
13412,1,val,H_global,1,0.49768543
22854,1,val,H_global,1,0.58482945
32097,1,val,H_global,1,0.9813642
33368,1,val,H_global,1,0.76597625
42450,1,val,H_global,1,0.95154977
47652,1,val,H_global,1,0.80799603
48755,1,val,H_global,1,0.5655378
50696,1,val,H_global,1,0.4581105
54388,1,val,H_global,0,0.29432648
60519,1,val,H_global,1,0.75871485
70693,1,val,H_global,0,0.6428313
72256,1,val,H_global,1,0.696004
86179,1,val,H_global,1,0.9954418
86896,1,val,H_global,0,0.6471285
88424,1,val,H_global,1,0.86865747
89850,1,val,H_global,1,0.3149432
93002,1,val,H_global,1,1.2692544
93011,1,val,H_global,0,0.40072858
98629,1,val,H_global,1,0.38868722
99307,1,val,H_global,0,0.67228955
100693,1,val,H_global,1,0.76203763
101232,1,val,H_global,1,0.78064346
112047,1,val,H_global,1,0.6383335
121204,1,val,H_global,0,0.5732626
121744,1,val,H_global,1,0.7105765
130131,1,val,H_global,0,0.2065162
130832,1,val,H_global,1,0.8838577
135338,1,val,H_global,0,0.30730546
143353,1,val,H_global,1,0.6631094
145109,1,val,H_global,1,0.25186256
146346,1,val,H_global,1,0.303313
149348,1,val,H_global,1,0.82496935
149880,1,val,H_global,1,0.80321026
154041,1,val,H_global,1,0.60047776
157774,1,val,H_global,1,0.7202696
160103,1,val,H_global,1,0.6534995
160197,1,val,H_global,1,0.43173352
167963,1,val,H_global,1,0.8138178
174525,1,val,H_global,1,0.52823937
175032,1,val,H_global,0,0.3090881
181574,1,val,H_global,0,0.59716785
183204,1,val,H_global,0,0.696194
186257,1,val,H_global,0,0.4161523
189056,1,val,H_global,1,0.59627175
189685,1,val,H_global,0,0.3646222
193149,1,val,H_global,0,0.714941
196058,1,val,H_global,1,0.52965885
199177,1,val,H_global,0,0.36929032
202968,1,val,H_global,0,0.7440491
210361,1,val,H_global,1,0.4700284
216010,1,val,H_global,1,0.62486494
219309,1,val,H_global,1,0.72500134
220792,1,val,H_global,0,0.525077
226106,1,val,H_global,1,0.6502447
226610,1,val,H_global,1,0.7463712
234696,1,val,H_global,1,0.37608337
240229,1,val,H_global,0,0.27183685
243108,1,val,H_global,1,1.0020657
248666,1,val,H_global,1,0.7849283
250983,1,val,H_global,0,0.64150107
253033,1,val,H_global,0,1.030195
256422,1,val,H_global,1,1.0327542
271298,1,val,H_global,0,0.57908905
273148,1,val,H_global,1,0.9339932
273826,1,val,H_global,1,0.6597419
274345,1,val,H_global,0,0.27238628
274563,1,val,H_global,1,0.8654839
275882,1,val,H_global,1,0.84259653
281433,1,val,H_global,1,0.7516684
289992,1,val,H_global,1,0.7680366
293922,1,val,H_global,0,0.42951518
297709,1,val,H_global,0,0.17142558
300925,1,val,H_global,1,0.4985255
303683,1,val,H_global,0,0.5557135
305034,1,val,H_global,0,0.25909606
310191,1,val,H_global,1,0.60925967
312582,1,val,H_global,1,0.9647207
319661,1,val,H_global,1,0.5449397
324095,1,val,H_global,1,0.85732037
329983,1,val,H_global,1,0.7749239
330071,1,val,H_global,0,0.72782624
330603,1,val,H_global,1,0.9450578
332529,1,val,H_global,1,0.7333354
344909,1,val,H_global,0,0.49156037
345087,1,val,H_global,1,0.9324566
345208,1,val,H_global,1,0.37804547
345670,1,val,H_global,1,0.89357495
348496,1,val,H_global,1,1.1343617
350707,1,val,H_global,0,0.5103869
353416,1,val,H_global,1,0.51925266
354035,1,val,H_global,1,0.5717575
357322,1,val,H_global,0,0.7311727
364502,1,val,H_global,1,0.73128945
366344,1,val,H_global,0,0.57163197
369818,1,val,H_global,1,0.89386827
369915,1,val,H_global,1,0.7837237
375005,1,val,H_global,0,0.37618873
376917,1,val,H_global,1,0.67262757
377703,1,val,H_global,1,0.9463878
398007,1,val,H_global,1,0.5573737
400944,1,val,H_global,1,0.69842005
402349,1,val,H_global,0,0.07442361
402364,1,val,H_global,0,0.12017691
413173,1,val,H_global,1,0.7917077
413554,1,val,H_global,1,1.0328399
414540,1,val,H_global,0,0.811926
417147,1,val,H_global,0,0.64258647
419522,1,val,H_global,1,0.64217997
423553,1,val,H_global,1,0.8275151
424946,1,val,H_global,0,0.38312203
431664,1,val,H_global,0,0.0028501153
432045,1,val,H_global,0,-0.2600525
433233,1,val,H_global,1,0.70318574
435249,1,val,H_global,1,1.060774
443084,1,val,H_global,0,0.2603014
444684,1,val,H_global,1,0.8351087
445318,1,val,H_global,0,0.42082995
448329,1,val,H_global,1,0.716295
451424,1,val,H_global,1,0.7638103
451600,1,val,H_global,1,0.6717884
457834,1,val,H_global,1,0.8698012
465292,1,val,H_global,1,1.1224154
467821,1,val,H_global,0,0.32284966
469865,1,val,H_global,1,0.8027657
479371,1,val,H_global,0,0.37711325
480708,1,val,H_global,1,1.0313461
485608,1,val,H_global,1,1.2044024
486901,1,val,H_global,0,0.5262565
487378,1,val,H_global,0,0.3323663
488255,1,val,H_global,0,0.25413355
490630,1,val,H_global,1,0.5481211
493668,1,val,H_global,1,0.541658
494011,1,val,H_global,1,0.19598028
496270,1,val,H_global,1,0.78196716
501583,1,val,H_global,1,0.626376
504132,1,val,H_global,1,1.042678
506819,1,val,H_global,1,0.6858918
508449,1,val,H_global,0,0.5764216
510306,1,val,H_global,0,0.24510083
512180,1,val,H_global,1,0.7598654
513398,1,val,H_global,0,0.4063744
513966,1,val,H_global,0,0.571468
519298,1,val,H_global,1,0.7229947
524155,1,val,H_global,0,0.54569095
524172,1,val,H_global,0,0.30000818
529499,1,val,H_global,0,0.35085756
529816,1,val,H_global,1,0.3723824
532148,1,val,H_global,1,1.0537653
532751,1,val,H_global,1,0.8895122
534048,1,val,H_global,1,1.0382301
535178,1,val,H_global,1,0.763306
536493,1,val,H_global,0,0.103054225
541544,1,val,H_global,1,0.7634811
542399,1,val,H_global,0,0.59453017
547939,1,val,H_global,1,0.4911872
560521,1,val,H_global,0,0.33250597
561141,1,val,H_global,1,0.4572419
563271,1,val,H_global,1,1.09305
565232,1,val,H_global,1,0.8557802
565908,1,val,H_global,0,0.55540395
567390,1,val,H_global,0,0.70976007
570049,1,val,H_global,1,0.6944273
570975,1,val,H_global,0,0.27592233
576988,1,val,H_global,1,0.23269245
579106,1,val,H_global,1,0.79959404
595954,1,val,H_global,1,0.7384633
596437,1,val,H_global,0,0.7819698
598165,1,val,H_global,1,0.6851069
598821,1,val,H_global,0,0.20534185
600546,1,val,H_global,1,0.3808302
607482,1,val,H_global,1,0.80553836
608068,1,val,H_global,1,0.43421578
612154,1,val,H_global,0,0.4799934
615631,1,val,H_global,1,0.6456604
624977,1,val,H_global,0,0.49517304
626615,1,val,H_global,0,0.4899126
631543,1,val,H_global,1,0.9951143
643466,1,val,H_global,1,0.547153
644043,1,val,H_global,1,0.5564871
646681,1,val,H_global,1,0.6972095
646867,1,val,H_global,1,0.7372685
656122,1,val,H_global,1,0.57465893
660915,1,val,H_global,1,0.7811991
660938,1,val,H_global,1,0.6945899
663406,1,val,H_global,1,0.4022465
665029,1,val,H_global,1,0.63901097
671705,1,val,H_global,1,0.17353508
675008,1,val,H_global,1,0.54246473
677928,1,val,H_global,1,0.82574725
680963,1,val,H_global,0,0.68539125
681205,1,val,H_global,1,0.7068509
682914,1,val,H_global,1,0.7422986
684751,1,val,H_global,1,0.8452809
686482,1,val,H_global,1,0.8270508
687171,1,val,H_global,1,0.630084
692458,1,val,H_global,1,0.77780336
697830,1,val,H_global,0,0.4355439
698653,1,val,H_global,1,0.61723465
702801,1,val,H_global,0,0.35636595
703629,1,val,H_global,1,0.78528565
703834,1,val,H_global,1,0.74049765
706141,1,val,H_global,1,0.17290488
706908,1,val,H_global,0,0.55362046
712016,1,val,H_global,1,0.76120895
713284,1,val,H_global,0,0.45578003
714078,1,val,H_global,0,0.8479657
714644,1,val,H_global,1,1.153409
714764,1,val,H_global,0,0.721338
714952,1,val,H_global,1,0.6245632
726126,1,val,H_global,0,0.10139638
731117,1,val,H_global,1,0.7934465
739116,1,val,H_global,1,0.741983
739674,1,val,H_global,0,0.7693731
743852,1,val,H_global,1,0.49662906
744145,1,val,H_global,0,0.5210748
745489,1,val,H_global,1,0.5900345
749211,1,val,H_global,0,0.47287816
759242,1,val,H_global,1,0.9182595
761233,1,val,H_global,1,0.73801994
762014,1,val,H_global,0,0.777694
767236,1,val,H_global,0,0.4243612
769720,1,val,H_global,1,0.6176475
772900,1,val,H_global,0,0.8345562
777687,1,val,H_global,1,0.47570038
781139,1,val,H_global,0,0.18244657
783835,1,val,H_global,0,0.24228704
784920,1,val,H_global,1,0.9546701
791392,1,val,H_global,1,0.77332336
792243,1,val,H_global,0,0.5719321
793601,1,val,H_global,0,0.4643901
793726,1,val,H_global,0,0.5900711
803606,1,val,H_global,1,0.6346173
806286,1,val,H_global,0,0.27546412
808181,1,val,H_global,0,0.5871104
809234,1,val,H_global,1,0.65713763
810874,1,val,H_global,0,0.5095108
813871,1,val,H_global,1,0.6047319
820393,1,val,H_global,1,0.84409636
820729,1,val,H_global,1,0.7393813
821863,1,val,H_global,1,0.8774666
823325,1,val,H_global,0,0.5917159
824734,1,val,H_global,1,0.24135798
828427,1,val,H_global,0,0.50787574
835135,1,val,H_global,1,0.9817585
844964,1,val,H_global,0,0.66186845
850702,1,val,H_global,1,0.7052278
853023,1,val,H_global,1,0.8945492
865733,1,val,H_global,1,0.31168172
868368,1,val,H_global,1,0.7059885
870739,1,val,H_global,1,0.3571163
878491,1,val,H_global,1,0.5303
885157,1,val,H_global,1,0.823532
885222,1,val,H_global,0,0.596071
888866,1,val,H_global,0,0.90079176
892998,1,val,H_global,0,0.6175131
924232,1,val,H_global,0,0.4480616
936352,1,val,H_global,0,0.07275367
944965,1,val,H_global,1,0.94413924
951246,1,val,H_global,0,0.10571408
951846,1,val,H_global,0,0.22225216
958048,1,val,H_global,1,0.63359296
959155,1,val,H_global,0,0.78518325
960726,1,val,H_global,0,0.18673521
968652,1,val,H_global,1,0.40493864
969827,1,val,H_global,0,0.39027143
972980,1,val,H_global,1,1.0601708
975913,1,val,H_global,0,0.615002
976696,1,val,H_global,0,0.3027827
981850,1,val,H_global,1,0.54870343
982055,1,val,H_global,0,0.3569878
983916,1,val,H_global,1,0.3116635
984568,1,val,H_global,1,0.29922584
986315,1,val,H_global,1,0.9628237
987657,1,val,H_global,1,0.8975458
989331,1,val,H_global,1,0.7715895
991837,1,val,H_global,1,0.7259799
997176,1,val,H_global,0,0.1028949
1000310,1,val,H_global,1,0.23596653
1005095,1,val,H_global,1,0.44161662
1012389,1,val,H_global,0,0.2622148
1017244,1,val,H_global,1,0.7613907
1017640,1,val,H_global,1,0.65296763
1036745,1,val,H_global,1,0.93300265
1043429,1,val,H_global,1,0.87921983
1048580,1,val,H_global,1,0.74087703
1049831,1,val,H_global,0,0.64203763
1057350,1,val,H_global,0,0.5615908
1062410,1,val,H_global,1,0.59317
1067041,1,val,H_global,1,1.0756621
1067592,1,val,H_global,1,0.3465375
1069432,1,val,H_global,1,0.94221413
1070777,1,val,H_global,1,0.4531231
1071966,1,val,H_global,1,0.1492266
1072395,1,val,H_global,1,0.774943
1075228,1,val,H_global,1,1.2217652
1075447,1,val,H_global,1,0.54826206
1076650,1,val,H_global,1,1.0483334
1079219,1,val,H_global,0,-0.022051036
1079586,1,val,H_global,0,0.4123203
1081383,1,val,H_global,0,0.8563416
1081426,1,val,H_global,1,0.5495938
1082124,1,val,H_global,1,0.6417269
1082765,1,val,H_global,1,0.9460368
1083817,1,val,H_global,1,0.4068387
1084214,1,val,H_global,1,0.7312556
1085709,1,val,H_global,1,0.6016115
1086850,1,val,H_global,0,0.3524148
1088707,1,val,H_global,1,0.5188837
1088918,1,val,H_global,1,0.57895976
1089172,1,val,H_global,1,0.7070695
1089175,1,val,H_global,1,0.7848306
1091343,1,val,H_global,0,0.41090816
1092437,1,val,H_global,1,0.7649354
1092557,1,val,H_global,0,0.5895181
1092783,1,val,H_global,1,0.85591865
1092889,1,val,H_global,1,1.0132904
1093743,1,val,H_global,0,-0.014036417
1094011,1,val,H_global,1,0.62154144
1094030,1,val,H_global,1,0.6950531
1094046,1,val,H_global,1,0.66182077
1095642,1,val,H_global,1,0.93655205
1095841,1,val,H_global,1,1.0268466
1096276,1,val,H_global,0,0.33074284
1096586,1,val,H_global,0,0.6049552
1096850,1,val,H_global,1,0.6732537
1097316,1,val,H_global,1,0.66737
1098204,1,val,H_global,1,0.77757657
1098855,1,val,H_global,1,0.7942537
1099234,1,val,H_global,1,0.71314466
1099660,1,val,H_global,1,0.6349339
1103054,1,val,H_global,0,0.3219428
1103087,1,val,H_global,1,0.59598887
1103360,1,val,H_global,1,0.6044442
1104012,1,val,H_global,1,1.2571232
1104452,1,val,H_global,1,0.6831414
1104470,1,val,H_global,1,0.9364433
1105078,1,val,H_global,1,0.56650877
1105241,1,val,H_global,0,0.33354372
1105345,1,val,H_global,0,0.621561
1105733,1,val,H_global,1,0.37952238
1105916,1,val,H_global,1,0.23148537
1107291,1,val,H_global,0,0.20682424
1108050,1,val,H_global,1,0.94082665
1109299,1,val,H_global,1,0.49415046
1110598,1,val,H_global,0,0.39269722
1112425,1,val,H_global,1,0.7818315
1112465,1,val,H_global,1,0.17820126
1113133,1,val,H_global,0,0.36837983
1113237,1,val,H_global,1,0.70704347
1113756,1,val,H_global,1,0.97556585
1113808,1,val,H_global,0,0.27298182
1113857,1,val,H_global,0,0.4975854
1115247,1,val,H_global,0,0.6123829
1115335,1,val,H_global,1,0.96012485
1115427,1,val,H_global,1,0.58970267
1116144,1,val,H_global,1,1.084965
1116363,1,val,H_global,0,0.5333666
1116440,1,val,H_global,0,0.25620037
1116580,1,val,H_global,1,0.7655175
1116601,1,val,H_global,0,0.434918
1116790,1,val,H_global,0,0.8008776
1118641,1,val,H_global,0,0.32631165
1118849,1,val,H_global,1,0.6199927
1119647,1,val,H_global,1,0.6049379
1119855,1,val,H_global,0,0.6119094
1120120,1,val,H_global,0,0.49730927
1120692,1,val,H_global,1,0.95912415
1120869,1,val,H_global,0,0.39620388
1122513,1,val,H_global,1,0.36134905
1122658,1,val,H_global,1,0.69864404
1123222,1,val,H_global,1,0.57612133
1123500,1,val,H_global,1,0.60611594
1124034,1,val,H_global,1,0.7399844
1124658,1,val,H_global,0,0.5056511
1124894,1,val,H_global,1,0.2528559
1125163,1,val,H_global,1,0.36888614
1125748,1,val,H_global,1,0.62431353
1126857,1,val,H_global,1,0.4788761
1128467,1,val,H_global,1,0.72423637
1128618,1,val,H_global,1,1.2296629
1129029,1,val,H_global,0,0.37062606
1129401,1,val,H_global,1,0.45352197
1129979,1,val,H_global,1,0.74524075
1130043,1,val,H_global,1,0.75799984
1130533,1,val,H_global,1,1.0692147
1130756,1,val,H_global,1,0.79219615
1131355,1,val,H_global,1,0.7013887
1131386,1,val,H_global,1,0.7378929
1131656,1,val,H_global,1,0.8640148
1132010,1,val,H_global,0,0.2474185
1135241,1,val,H_global,0,0.5063001
1135703,1,val,H_global,1,0.7942327
1136279,1,val,H_global,0,0.26117662
1136310,1,val,H_global,1,0.30007222
1136723,1,val,H_global,0,0.4986626
1137555,1,val,H_global,1,0.74377435
1137589,1,val,H_global,1,0.83467394
1138091,1,val,H_global,1,0.84659326
1138321,1,val,H_global,1,0.7431793
1138374,1,val,H_global,0,0.37883443
1138670,1,val,H_global,1,0.60578483
1138870,1,val,H_global,1,0.70034397
1139275,1,val,H_global,1,0.79708326
1140109,1,val,H_global,1,0.74273604
1140316,1,val,H_global,1,0.9021385
1141936,1,val,H_global,1,0.6285737
1142089,1,val,H_global,1,1.1889637
1142188,1,val,H_global,1,0.8176993
1142355,1,val,H_global,0,0.42469525
1142724,1,val,H_global,0,0.44927397
1143869,1,val,H_global,0,0.34390712
1144198,1,val,H_global,1,0.82267284
1144734,1,val,H_global,1,0.75266826
1144792,1,val,H_global,0,0.32541412
1145284,1,val,H_global,1,0.84310204
1145959,1,val,H_global,1,0.706766
1145969,1,val,H_global,1,0.8745095
1146989,1,val,H_global,0,0.27369532
1147155,1,val,H_global,1,1.02127
1147302,1,val,H_global,0,0.12592876
1147838,1,val,H_global,0,0.66966456
1148110,1,val,H_global,0,0.6101046
1148113,1,val,H_global,1,0.42837685
1148332,1,val,H_global,1,0.83240014
1148376,1,val,H_global,1,0.5580261
1149831,1,val,H_global,1,0.9428344
1149916,1,val,H_global,1,0.39169154
1150067,1,val,H_global,1,0.9240719
1151454,1,val,H_global,0,0.55536264
1151510,1,val,H_global,0,0.25630707
1151569,1,val,H_global,1,0.71862614
1151818,1,val,H_global,0,0.30039585
1151994,1,val,H_global,1,0.8914535
1152380,1,val,H_global,1,0.5741961
1152700,1,val,H_global,1,0.7676288
1152708,1,val,H_global,1,0.6122419
1152877,1,val,H_global,0,0.3069041
1153023,1,val,H_global,1,0.5598613
1153155,1,val,H_global,1,0.7194863
1153931,1,val,H_global,1,0.5550354
1154574,1,val,H_global,1,0.63700044
1155176,1,val,H_global,1,0.91844034
1157142,1,val,H_global,1,0.85472786
1206010,1,val,H_global,0,0.7570806
1206257,1,val,H_global,1,0.62159765
1206334,1,val,H_global,0,0.024284244
1207181,1,val,H_global,0,0.63173467
1207207,1,val,H_global,1,0.7570706
1207367,1,val,H_global,1,0.9745916
1207384,1,val,H_global,1,0.81105953
1207464,1,val,H_global,1,0.52409583
1208159,1,val,H_global,1,0.6757196
1208290,1,val,H_global,1,0.6845585
1208422,1,val,H_global,1,0.89703727
1208544,1,val,H_global,0,0.568984
1208870,1,val,H_global,1,0.7032864
1209034,1,val,H_global,1,0.613889
1209229,1,val,H_global,0,0.5688967
1209908,1,val,H_global,0,0.5107894
1210816,1,val,H_global,1,0.3589979
1212290,1,val,H_global,1,0.842648
1212738,1,val,H_global,1,0.86615044
1213667,1,val,H_global,0,0.3261754
1213716,1,val,H_global,1,0.91537976
1213978,1,val,H_global,0,0.18677089
1214063,1,val,H_global,1,0.43060237
1214597,1,val,H_global,1,0.3201951
1215070,1,val,H_global,1,0.3201091
1215132,1,val,H_global,0,0.068950534
1215420,1,val,H_global,1,0.48050803
1215921,1,val,H_global,1,0.503953
1216025,1,val,H_global,0,0.6344802
1216145,1,val,H_global,0,0.692742
1216188,1,val,H_global,0,0.2555993
1216704,1,val,H_global,1,0.6688414
1216841,1,val,H_global,0,0.728545
1216904,1,val,H_global,0,-0.051118374
1217573,1,val,H_global,1,0.5863035
1217635,1,val,H_global,1,0.72714275
1217948,1,val,H_global,1,0.72663194
1218059,1,val,H_global,1,1.07896
1218235,1,val,H_global,1,0.9826586
1218421,1,val,H_global,1,0.5656135
1218554,1,val,H_global,1,1.1440666
1218726,1,val,H_global,1,0.978644
1219254,1,val,H_global,0,-0.20527107
1219802,1,val,H_global,1,0.9946982
1219877,1,val,H_global,1,0.7105054
1219890,1,val,H_global,1,0.82514673
1219897,1,val,H_global,1,0.85211414
1219949,1,val,H_global,0,0.5379756
1220037,1,val,H_global,1,0.5015793
1220386,1,val,H_global,0,0.25260592
1220475,1,val,H_global,0,0.28441823
1220832,1,val,H_global,0,0.61008894
1221118,1,val,H_global,0,0.9907992
1221764,1,val,H_global,1,0.8847473
1222028,1,val,H_global,1,0.6986643
1223017,1,val,H_global,1,0.48432952
1223383,1,val,H_global,1,0.9849081
1224353,1,val,H_global,0,0.5733971
1224371,1,val,H_global,1,0.3581555
1224500,1,val,H_global,1,0.7574002
1225046,1,val,H_global,0,0.60562325
1225309,1,val,H_global,1,0.91126144
1225334,1,val,H_global,0,0.32162994
1225388,1,val,H_global,0,0.37473392
1225500,1,val,H_global,0,0.60128796
1225758,1,val,H_global,1,0.9281461
1226509,1,val,H_global,1,0.57915694
1227545,1,val,H_global,1,0.6058983
1227597,1,val,H_global,0,0.31112018
1227765,1,val,H_global,1,1.0796416
1227804,1,val,H_global,0,0.6203476
1228018,1,val,H_global,1,0.49977565
1228461,1,val,H_global,1,0.9346709
1229605,1,val,H_global,0,0.40972757
1229991,1,val,H_global,0,1.0156245
1230721,1,val,H_global,1,0.7111912
1230968,1,val,H_global,1,0.8730998
1231044,1,val,H_global,1,0.6840234
1231253,1,val,H_global,0,0.5455874
1231339,1,val,H_global,0,0.43771732
1231343,1,val,H_global,1,0.96833783
1231928,1,val,H_global,1,1.2001865
1232006,1,val,H_global,1,0.714047
1232033,1,val,H_global,0,0.36298716
1232296,1,val,H_global,1,0.3894038
1233154,1,val,H_global,1,0.74871176
1233203,1,val,H_global,1,0.8480736
1233369,1,val,H_global,0,0.17426014
1233621,1,val,H_global,0,0.58150905
1233632,1,val,H_global,1,0.6207372
1234472,1,val,H_global,1,0.6748323
1234672,1,val,H_global,0,0.2750469
1234804,1,val,H_global,1,1.0317776
1235172,1,val,H_global,0,0.583645
1235777,1,val,H_global,1,0.56789625
1235863,1,val,H_global,1,0.52571684
1235882,1,val,H_global,0,0.3432271
1236187,1,val,H_global,0,0.4730457
1237352,1,val,H_global,1,0.42421925
1237367,1,val,H_global,1,0.65403634
1237861,1,val,H_global,0,0.4581703
1237964,1,val,H_global,0,0.15774539
1238200,1,val,H_global,1,1.1746516
1238203,1,val,H_global,1,0.9029993
1238287,1,val,H_global,0,0.7536341
1238298,1,val,H_global,1,0.6200093
1238523,1,val,H_global,1,0.9388586
1238594,1,val,H_global,0,0.44960502
1238864,1,val,H_global,1,0.73524964
1238917,1,val,H_global,0,0.3256669
1239127,1,val,H_global,0,1.051425
1239377,1,val,H_global,1,0.8890779
1239474,1,val,H_global,1,0.42464378
1239881,1,val,H_global,1,0.7430685
1240209,1,val,H_global,1,0.87183833
1240705,1,val,H_global,1,0.5712197
1240951,1,val,H_global,0,0.17512715
1241625,1,val,H_global,0,0.31357902
1242009,1,val,H_global,1,0.79988813
1242135,1,val,H_global,0,0.5593841
1242264,1,val,H_global,0,0.5129719
1242338,1,val,H_global,1,1.003131
1242381,1,val,H_global,0,0.9928423
1242501,1,val,H_global,1,0.90515804
1242645,1,val,H_global,0,0.46596578
1242725,1,val,H_global,1,0.5552967
1242755,1,val,H_global,0,0.5196901
1242835,1,val,H_global,1,0.9014439
1243045,1,val,H_global,0,0.12178534
1243514,1,val,H_global,1,1.3597548
1243838,1,val,H_global,0,0.7172953
1243993,1,val,H_global,0,0.40920526
1244606,1,val,H_global,1,0.8146278
1246490,1,val,H_global,1,1.00909
1246508,1,val,H_global,0,0.24195176
1922,1,test,H_global,1,0.2028189
12246,1,test,H_global,1,0.5148244
16787,1,test,H_global,0,0.7859308
19126,1,test,H_global,1,1.0520003
34428,1,test,H_global,0,0.16575119
42331,1,test,H_global,1,0.92862445
44366,1,test,H_global,1,0.92087555
47250,1,test,H_global,1,0.96493393
48545,1,test,H_global,0,0.4627499
54142,1,test,H_global,1,0.70144224
61752,1,test,H_global,1,0.68192154
62606,1,test,H_global,1,0.37110084
66226,1,test,H_global,1,0.92193484
66381,1,test,H_global,1,1.3770394
68648,1,test,H_global,0,1.0055786
70147,1,test,H_global,0,0.8369009
72035,1,test,H_global,0,0.89006656
73899,1,test,H_global,1,0.8296679
88483,1,test,H_global,1,0.5529651
96757,1,test,H_global,1,0.5007241
97998,1,test,H_global,0,-0.012257695
102708,1,test,H_global,1,0.9837782
105271,1,test,H_global,1,0.73829085
114318,1,test,H_global,1,0.57117337
120088,1,test,H_global,1,0.6977735
127579,1,test,H_global,0,-0.25365525
129407,1,test,H_global,1,0.51077855
131155,1,test,H_global,1,0.26455104
136645,1,test,H_global,1,0.76018536
139145,1,test,H_global,1,0.971583
141620,1,test,H_global,1,1.0744071
147228,1,test,H_global,1,0.71559864
156299,1,test,H_global,1,1.1116472
156996,1,test,H_global,1,1.0128117
157449,1,test,H_global,1,0.72376174
157463,1,test,H_global,1,0.66892576
161593,1,test,H_global,1,1.2333364
163659,1,test,H_global,1,0.48204085
167183,1,test,H_global,1,0.9295792
169457,1,test,H_global,0,0.1239478
171896,1,test,H_global,1,0.66779
172578,1,test,H_global,1,1.2923127
181466,1,test,H_global,0,0.5301201
184874,1,test,H_global,1,0.8815764
186379,1,test,H_global,1,0.61800236
190049,1,test,H_global,1,0.40015474
190176,1,test,H_global,0,0.961136
190187,1,test,H_global,0,0.7893449
191335,1,test,H_global,0,0.56480396
200131,1,test,H_global,1,0.68291515
200858,1,test,H_global,1,0.4075336
203461,1,test,H_global,1,0.56422466
208652,1,test,H_global,1,0.45668787
216287,1,test,H_global,0,0.4549027
218529,1,test,H_global,1,0.89690864
223651,1,test,H_global,1,0.488911
228543,1,test,H_global,1,0.7565383
238407,1,test,H_global,0,0.34806958
258335,1,test,H_global,0,0.4163229
278134,1,test,H_global,1,0.838789
278836,1,test,H_global,1,0.8343946
280705,1,test,H_global,0,0.32850564
284088,1,test,H_global,0,0.4198802
290944,1,test,H_global,0,0.16477156
293205,1,test,H_global,0,0.56961596
295284,1,test,H_global,0,0.691396
298058,1,test,H_global,1,0.5839671
312434,1,test,H_global,1,0.72104424
312810,1,test,H_global,1,1.0346855
318640,1,test,H_global,1,0.9462525
319549,1,test,H_global,1,0.6897347
320867,1,test,H_global,1,0.78996456
321989,1,test,H_global,1,0.92793334
323320,1,test,H_global,0,0.24868256
323939,1,test,H_global,0,0.4643113
335240,1,test,H_global,0,0.303689
335955,1,test,H_global,1,0.5415494
338312,1,test,H_global,1,0.32956144
348589,1,test,H_global,1,1.101805
351101,1,test,H_global,1,0.6698429
353336,1,test,H_global,1,0.4152122
358239,1,test,H_global,1,0.70782346
360745,1,test,H_global,1,0.7952595
374203,1,test,H_global,0,0.3762211
375294,1,test,H_global,1,0.8144856
380225,1,test,H_global,1,0.612114
402720,1,test,H_global,1,1.0069695
405843,1,test,H_global,1,1.1011887
408105,1,test,H_global,0,0.5793317
419138,1,test,H_global,0,0.3213349
433303,1,test,H_global,1,0.74087936
433686,1,test,H_global,1,0.68358886
442797,1,test,H_global,1,0.8725641
443207,1,test,H_global,1,0.7027215
443610,1,test,H_global,0,0.6020912
444203,1,test,H_global,0,0.27664107
445545,1,test,H_global,1,0.66184
450155,1,test,H_global,1,1.1446664
451844,1,test,H_global,1,1.1272817
460422,1,test,H_global,1,0.5115166
460580,1,test,H_global,1,0.59292984
461946,1,test,H_global,1,0.6915709
463375,1,test,H_global,1,0.67769396
465489,1,test,H_global,0,0.46632367
466437,1,test,H_global,1,0.86396533
468086,1,test,H_global,1,0.74949735
468548,1,test,H_global,1,0.61426157
474601,1,test,H_global,1,0.9027394
477779,1,test,H_global,1,1.0169849
479811,1,test,H_global,0,0.700099
480021,1,test,H_global,0,1.0088516
480598,1,test,H_global,1,0.42210624
484238,1,test,H_global,1,0.62446386
486892,1,test,H_global,0,0.60298127
488934,1,test,H_global,0,0.2940966
498363,1,test,H_global,1,1.0046297
507011,1,test,H_global,1,0.5411996
510372,1,test,H_global,1,0.71684575
511018,1,test,H_global,0,0.44802737
512053,1,test,H_global,1,0.9268112
517848,1,test,H_global,1,0.93377733
520621,1,test,H_global,1,0.4223833
525300,1,test,H_global,1,0.7186471
532533,1,test,H_global,1,0.80388206
537472,1,test,H_global,1,0.5489615
544153,1,test,H_global,1,0.8966143
544425,1,test,H_global,0,0.33001697
544864,1,test,H_global,1,0.651375
550892,1,test,H_global,1,0.86176205
552901,1,test,H_global,1,0.7351798
554960,1,test,H_global,0,0.4119406
555492,1,test,H_global,0,0.30883163
559178,1,test,H_global,1,0.69027513
566285,1,test,H_global,1,0.9504019
567847,1,test,H_global,1,0.93455976
569789,1,test,H_global,0,0.014540851
573425,1,test,H_global,1,0.63863206
586109,1,test,H_global,0,0.631918
589139,1,test,H_global,1,0.9494492
592431,1,test,H_global,1,0.9474496
592548,1,test,H_global,0,0.3011973
595609,1,test,H_global,1,0.879479
599396,1,test,H_global,0,0.31773043
618335,1,test,H_global,1,0.8719773
619649,1,test,H_global,1,0.93533087
624010,1,test,H_global,0,0.31655645
624692,1,test,H_global,1,0.6903362
627036,1,test,H_global,1,0.8057792
629729,1,test,H_global,1,0.7368542
644299,1,test,H_global,1,0.78178865
644744,1,test,H_global,1,1.1855916
649217,1,test,H_global,1,0.55239975
649863,1,test,H_global,1,0.75250816
655410,1,test,H_global,1,0.407681
660061,1,test,H_global,1,0.4606614
661193,1,test,H_global,0,0.4303553
672172,1,test,H_global,1,0.7319424
675660,1,test,H_global,0,0.18032911
675907,1,test,H_global,0,0.38560343
678681,1,test,H_global,1,0.6665244
683148,1,test,H_global,1,0.8869047
687290,1,test,H_global,0,0.32284886
690734,1,test,H_global,0,0.18651447
697961,1,test,H_global,1,0.74258393
698579,1,test,H_global,1,1.0965598
700550,1,test,H_global,1,0.7795597
704059,1,test,H_global,0,0.74047434
709192,1,test,H_global,0,0.35777256
711782,1,test,H_global,1,0.80133176
718140,1,test,H_global,0,0.539905
718508,1,test,H_global,1,0.92104757
719050,1,test,H_global,0,0.390058
725470,1,test,H_global,0,0.2628114
726612,1,test,H_global,1,0.8889117
727266,1,test,H_global,1,0.46449685
738172,1,test,H_global,0,0.4774057
742847,1,test,H_global,0,0.5794209
747710,1,test,H_global,0,0.75686264
750827,1,test,H_global,0,0.6142625
750881,1,test,H_global,0,0.5315511
752967,1,test,H_global,1,1.0573123
754586,1,test,H_global,1,0.6515276
755156,1,test,H_global,1,0.9588852
755294,1,test,H_global,1,0.79617506
760561,1,test,H_global,0,0.4136585
765027,1,test,H_global,1,0.48034674
765473,1,test,H_global,1,0.5699718
765954,1,test,H_global,0,0.08111715
774678,1,test,H_global,1,0.74669284
777118,1,test,H_global,1,0.6879731
779240,1,test,H_global,0,0.6864132
781445,1,test,H_global,0,0.30908495
789824,1,test,H_global,0,0.31221384
806762,1,test,H_global,0,0.39406165
809238,1,test,H_global,0,1.0532556
822633,1,test,H_global,1,0.33007383
825913,1,test,H_global,1,0.6951035
828057,1,test,H_global,0,0.28568694
829142,1,test,H_global,1,0.88734055
829697,1,test,H_global,0,0.42972726
834515,1,test,H_global,0,0.70765436
835833,1,test,H_global,1,0.9377055
836571,1,test,H_global,0,0.30358514
841534,1,test,H_global,0,0.5221516
847036,1,test,H_global,1,0.8261665
848723,1,test,H_global,1,0.61783266
851816,1,test,H_global,0,0.15884033
854069,1,test,H_global,1,0.6514281
856302,1,test,H_global,0,0.7074311
859236,1,test,H_global,0,0.4932897
866895,1,test,H_global,0,0.46058124
867398,1,test,H_global,0,0.5113416
868318,1,test,H_global,0,0.6663425
875038,1,test,H_global,1,1.2183068
877486,1,test,H_global,1,0.3801546
880466,1,test,H_global,1,0.7828548
889657,1,test,H_global,1,0.86243284
894409,1,test,H_global,1,0.58917844
899067,1,test,H_global,0,0.38359252
900762,1,test,H_global,1,0.65061647
941626,1,test,H_global,1,0.4751985
943672,1,test,H_global,1,0.9980979
947197,1,test,H_global,1,0.5984897
951465,1,test,H_global,0,0.9690455
951654,1,test,H_global,0,0.47798002
952219,1,test,H_global,0,0.41631523
954440,1,test,H_global,1,0.68228215
955669,1,test,H_global,0,0.42830858
956387,1,test,H_global,1,0.25274917
961563,1,test,H_global,0,0.3530735
961819,1,test,H_global,0,0.110060275
962660,1,test,H_global,1,0.4834471
963985,1,test,H_global,1,0.97412425
964462,1,test,H_global,0,0.48618105
970464,1,test,H_global,1,0.9280607
972111,1,test,H_global,0,0.19670379
979369,1,test,H_global,1,0.92572105
979917,1,test,H_global,1,0.42249793
979941,1,test,H_global,0,0.48096043
980697,1,test,H_global,0,0.5920071
982817,1,test,H_global,0,0.19080392
984065,1,test,H_global,0,0.15604061
986074,1,test,H_global,1,0.88610077
986844,1,test,H_global,1,0.5415807
987078,1,test,H_global,1,0.43943575
987267,1,test,H_global,1,0.8354754
989755,1,test,H_global,1,1.0484704
991790,1,test,H_global,1,0.907654
993602,1,test,H_global,1,0.5999575
994160,1,test,H_global,1,1.1428068
1002373,1,test,H_global,1,0.9073945
1005171,1,test,H_global,1,0.86306
1006489,1,test,H_global,0,0.7066345
1008354,1,test,H_global,0,0.6827303
1009347,1,test,H_global,1,0.67797035
1020322,1,test,H_global,0,0.42947632
1029192,1,test,H_global,1,1.002149
1029373,1,test,H_global,1,0.7628979
1030940,1,test,H_global,1,0.60049206
1046104,1,test,H_global,0,0.74749637
1051850,1,test,H_global,0,0.5430097
1054838,1,test,H_global,0,0.81863713
1064446,1,test,H_global,1,1.376359
1065288,1,test,H_global,0,0.72228646
1066534,1,test,H_global,1,0.71689516
1067406,1,test,H_global,1,0.529456
1069689,1,test,H_global,1,0.805264
1070472,1,test,H_global,0,0.47043622
1073839,1,test,H_global,0,0.5397267
1074094,1,test,H_global,1,0.47535315
1074306,1,test,H_global,1,0.7268913
1074427,1,test,H_global,1,0.63109833
1074527,1,test,H_global,1,0.67912287
1074753,1,test,H_global,0,0.5541918
1075557,1,test,H_global,1,1.1094055
1075699,1,test,H_global,1,0.48435402
1077703,1,test,H_global,1,0.6029382
1078392,1,test,H_global,1,0.54641235
1078893,1,test,H_global,0,0.523396
1079527,1,test,H_global,1,0.6021444
1080214,1,test,H_global,1,0.43561545
1080366,1,test,H_global,1,1.0142678
1080979,1,test,H_global,1,0.7700864
1081798,1,test,H_global,0,0.2446171
1082641,1,test,H_global,0,0.10302448
1082739,1,test,H_global,1,0.7354751
1084185,1,test,H_global,0,0.33368826
1084364,1,test,H_global,1,0.47190762
1084497,1,test,H_global,1,0.6354172
1085496,1,test,H_global,1,0.66197807
1085579,1,test,H_global,1,0.62572116
1085896,1,test,H_global,1,1.3122962
1086657,1,test,H_global,1,0.9291306
1086770,1,test,H_global,1,1.0354115
1086991,1,test,H_global,0,0.36083108
1087295,1,test,H_global,1,0.6687393
1089310,1,test,H_global,0,0.60389894
1090388,1,test,H_global,1,0.88636565
1090438,1,test,H_global,1,1.0519713
1091071,1,test,H_global,1,0.9353657
1091585,1,test,H_global,0,0.45830393
1092068,1,test,H_global,0,0.29323873
1093139,1,test,H_global,0,0.5507323
1093401,1,test,H_global,1,0.87969047
1094060,1,test,H_global,1,0.8790268
1094259,1,test,H_global,1,0.4680606
1096111,1,test,H_global,1,0.8550513
1096858,1,test,H_global,1,0.9074646
1097215,1,test,H_global,1,0.38442296
1097324,1,test,H_global,1,0.78332657
1099078,1,test,H_global,1,0.61265373
1100516,1,test,H_global,0,0.5836523
1100923,1,test,H_global,1,0.7582183
1103063,1,test,H_global,0,0.71113497
1104405,1,test,H_global,1,0.8252455
1104599,1,test,H_global,1,0.76362026
1104649,1,test,H_global,1,0.9841009
1105176,1,test,H_global,1,0.6468731
1105837,1,test,H_global,1,0.7007797
1105913,1,test,H_global,1,0.8373608
1105922,1,test,H_global,1,0.8198041
1106300,1,test,H_global,1,0.66317916
1107147,1,test,H_global,1,0.85842836
1107631,1,test,H_global,1,1.1393158
1109275,1,test,H_global,1,0.7684789
1109329,1,test,H_global,1,0.75719684
1109526,1,test,H_global,1,0.6562949
1109829,1,test,H_global,1,0.8693379
1111153,1,test,H_global,0,0.48951352
1111157,1,test,H_global,0,0.9339956
1111471,1,test,H_global,1,0.7888557
1112111,1,test,H_global,1,0.6340139
1113214,1,test,H_global,0,0.59265983
1115227,1,test,H_global,1,0.4749152
1115322,1,test,H_global,1,0.95755893
1115713,1,test,H_global,1,0.7153776
1117370,1,test,H_global,1,1.0246729
1117921,1,test,H_global,1,0.7641651
1117975,1,test,H_global,1,0.9675286
1118291,1,test,H_global,0,0.24725059
1118436,1,test,H_global,1,1.055205
1118652,1,test,H_global,0,0.15900365
1119012,1,test,H_global,1,0.4080364
1119591,1,test,H_global,1,0.9412774
1119652,1,test,H_global,1,0.788325
1119930,1,test,H_global,1,0.81439847
1120326,1,test,H_global,1,0.37777215
1120775,1,test,H_global,1,0.5694322
1120955,1,test,H_global,0,0.5069505
1121493,1,test,H_global,0,0.40767908
1121705,1,test,H_global,1,1.1877574
1121926,1,test,H_global,1,0.6434017
1122956,1,test,H_global,1,0.7737367
1122990,1,test,H_global,1,0.727526
1123350,1,test,H_global,1,0.7908354
1123551,1,test,H_global,0,0.33798447
1124329,1,test,H_global,1,0.8079433
1124330,1,test,H_global,0,0.56097543
1124561,1,test,H_global,0,0.5072074
1125348,1,test,H_global,0,0.19579905
1125785,1,test,H_global,1,0.4906622
1126146,1,test,H_global,0,0.094788134
1126656,1,test,H_global,0,0.13636285
1127029,1,test,H_global,0,0.520651
1127560,1,test,H_global,1,1.1277604
1129053,1,test,H_global,1,0.6660813
1129961,1,test,H_global,0,0.32678497
1130161,1,test,H_global,1,0.28075925
1131297,1,test,H_global,0,1.0030675
1131833,1,test,H_global,1,0.7857705
1134339,1,test,H_global,0,0.23145378
1134855,1,test,H_global,0,0.41165859
1134927,1,test,H_global,1,0.7233167
1135587,1,test,H_global,1,1.1131845
1135796,1,test,H_global,1,1.1522385
1136524,1,test,H_global,0,0.5158217
1136946,1,test,H_global,0,0.28177345
1137506,1,test,H_global,0,0.38569552
1137818,1,test,H_global,1,0.62940514
1138108,1,test,H_global,1,0.8027955
1139233,1,test,H_global,1,1.2733243
1139249,1,test,H_global,1,0.48780662
1139409,1,test,H_global,1,0.8690991
1139795,1,test,H_global,0,0.14889073
1142126,1,test,H_global,0,0.17963111
1142643,1,test,H_global,1,0.64945924
1142753,1,test,H_global,1,0.67623055
1143415,1,test,H_global,1,0.7482725
1143550,1,test,H_global,1,0.75935334
1144210,1,test,H_global,1,0.7094365
1144260,1,test,H_global,0,0.6878524
1144465,1,test,H_global,1,0.9659505
1144580,1,test,H_global,1,0.7385953
1144621,1,test,H_global,1,0.22558612
1144651,1,test,H_global,1,0.5017852
1145207,1,test,H_global,0,0.49119344
1145385,1,test,H_global,0,0.69471335
1146057,1,test,H_global,0,0.07764894
1146108,1,test,H_global,0,0.38778195
1146318,1,test,H_global,1,0.50119114
1146323,1,test,H_global,0,0.43129364
1146529,1,test,H_global,1,1.1819452
1146584,1,test,H_global,1,0.7923412
1146771,1,test,H_global,0,0.29341796
1146854,1,test,H_global,1,0.711702
1147012,1,test,H_global,0,0.3915854
1147189,1,test,H_global,1,0.39450616
1148157,1,test,H_global,1,0.888225
1148437,1,test,H_global,0,0.8139672
1150400,1,test,H_global,1,0.34704605
1151387,1,test,H_global,0,0.5401776
1151422,1,test,H_global,1,0.9786229
1151627,1,test,H_global,1,0.7276882
1151789,1,test,H_global,1,0.9331888
1152038,1,test,H_global,1,0.5572891
1152061,1,test,H_global,1,0.6057917
1152979,1,test,H_global,1,0.40606338
1153702,1,test,H_global,0,0.54609954
1153881,1,test,H_global,0,0.3702022
1154576,1,test,H_global,1,0.40668356
1155404,1,test,H_global,0,0.5245512
1155554,1,test,H_global,1,0.7575038
1155802,1,test,H_global,1,0.7448289
1157101,1,test,H_global,1,0.79817253
1157237,1,test,H_global,1,0.9531858
1157440,1,test,H_global,0,0.6187875
1158961,1,test,H_global,1,1.1887176
1206308,1,test,H_global,0,0.65889406
1206667,1,test,H_global,0,0.71022266
1206997,1,test,H_global,1,0.87649804
1207140,1,test,H_global,1,0.75488245
1207980,1,test,H_global,1,0.5476182
1208561,1,test,H_global,1,0.9962815
1209776,1,test,H_global,0,0.5872558
1209958,1,test,H_global,1,0.43982846
1210100,1,test,H_global,0,0.02671963
1210485,1,test,H_global,1,0.7428256
1210786,1,test,H_global,0,0.14308494
1211029,1,test,H_global,1,0.7896044
1211042,1,test,H_global,1,0.69871575
1211177,1,test,H_global,1,0.6733736
1211297,1,test,H_global,1,0.67235214
1211505,1,test,H_global,1,0.5916509
1211778,1,test,H_global,0,0.35847577
1212217,1,test,H_global,1,0.48532924
1212354,1,test,H_global,0,0.5261022
1212394,1,test,H_global,1,0.30512327
1212451,1,test,H_global,0,0.2623108
1212582,1,test,H_global,1,0.85290974
1213121,1,test,H_global,1,0.2705926
1213130,1,test,H_global,1,0.5349915
1213344,1,test,H_global,1,0.7371225
1213929,1,test,H_global,1,0.7606733
1213974,1,test,H_global,0,0.37461463
1214144,1,test,H_global,0,0.5526425
1215381,1,test,H_global,0,0.67198116
1215388,1,test,H_global,0,0.30703086
1215586,1,test,H_global,0,0.5661618
1216036,1,test,H_global,1,0.6589523
1216045,1,test,H_global,1,0.59830314
1216223,1,test,H_global,1,0.72514087
1216691,1,test,H_global,1,0.95245034
1216776,1,test,H_global,1,0.6069175
1217051,1,test,H_global,1,0.86983865
1217243,1,test,H_global,1,0.64211243
1217708,1,test,H_global,0,0.2739759
1217769,1,test,H_global,1,0.51592356
1218062,1,test,H_global,1,0.9533298
1218110,1,test,H_global,0,0.564644
1219634,1,test,H_global,1,0.64774334
1219898,1,test,H_global,1,0.61634856
1219958,1,test,H_global,0,0.38738617
1220095,1,test,H_global,0,0.58860475
1220226,1,test,H_global,0,0.4045565
1220507,1,test,H_global,0,0.501763
1220572,1,test,H_global,0,0.50202507
1220694,1,test,H_global,1,0.9165205
1221019,1,test,H_global,0,0.36672655
1221892,1,test,H_global,1,0.85346746
1222069,1,test,H_global,1,1.0135665
1222110,1,test,H_global,1,0.47362727
1222424,1,test,H_global,1,0.6205428
1222589,1,test,H_global,1,0.8837673
1222850,1,test,H_global,1,0.5207762
1223193,1,test,H_global,0,0.56627864
1223272,1,test,H_global,1,0.7436221
1223289,1,test,H_global,0,0.62674624
1223754,1,test,H_global,0,0.5395395
1224109,1,test,H_global,0,0.3275931
1224306,1,test,H_global,1,0.77090096
1224683,1,test,H_global,1,0.6933544
1224968,1,test,H_global,1,0.68299365
1225050,1,test,H_global,0,0.2734131
1225262,1,test,H_global,1,0.47856027
1225323,1,test,H_global,1,0.60593826
1225648,1,test,H_global,0,0.44809914
1225672,1,test,H_global,1,0.79989374
1225716,1,test,H_global,0,0.51289093
1225945,1,test,H_global,0,0.06877923
1226065,1,test,H_global,1,0.7012455
1226588,1,test,H_global,1,1.0694597
1226641,1,test,H_global,1,1.0257927
1226825,1,test,H_global,1,0.497281
1226937,1,test,H_global,0,0.41210288
1227061,1,test,H_global,1,0.73879427
1227106,1,test,H_global,1,0.7375489
1227138,1,test,H_global,0,0.28359786
1227504,1,test,H_global,1,0.5521741
1228528,1,test,H_global,0,0.45576802
1228888,1,test,H_global,1,0.54994553
1229368,1,test,H_global,0,0.61767584
1229574,1,test,H_global,0,0.11704135
1229725,1,test,H_global,1,1.1944616
1229860,1,test,H_global,1,0.77226233
1230265,1,test,H_global,1,0.7989467
1230408,1,test,H_global,1,0.6182436
1230712,1,test,H_global,0,0.73059446
1230724,1,test,H_global,1,0.46749634
1230855,1,test,H_global,0,0.24726608
1230993,1,test,H_global,0,0.29716483
1231114,1,test,H_global,1,1.0824792
1231841,1,test,H_global,0,0.3993346
1232099,1,test,H_global,0,0.74262327
1232676,1,test,H_global,1,0.7259157
1233791,1,test,H_global,1,0.6038945
1233962,1,test,H_global,0,0.4368164
1233970,1,test,H_global,1,0.72632706
1234219,1,test,H_global,1,0.5862106
1234306,1,test,H_global,1,0.18345076
1234549,1,test,H_global,0,0.38923973
1234553,1,test,H_global,0,0.34020925
1235265,1,test,H_global,1,0.6131226
1235275,1,test,H_global,0,0.2852829
1235336,1,test,H_global,1,0.5842977
1236071,1,test,H_global,1,0.59878266
1236410,1,test,H_global,0,0.07563442
1236418,1,test,H_global,1,0.4373611
1236759,1,test,H_global,1,0.99722135
1236938,1,test,H_global,1,0.6030948
1237075,1,test,H_global,0,0.0273875
1237241,1,test,H_global,1,0.454145
1237496,1,test,H_global,1,0.73823684
1237716,1,test,H_global,0,0.14459485
1237793,1,test,H_global,1,0.65688217
1238174,1,test,H_global,1,0.55281466
1238215,1,test,H_global,1,0.87098116
1238443,1,test,H_global,0,0.32725528
1238550,1,test,H_global,1,0.90166765
1238574,1,test,H_global,0,0.2562539
1238865,1,test,H_global,1,0.5038306
1238923,1,test,H_global,0,0.47862238
1239038,1,test,H_global,0,0.2989337
1239693,1,test,H_global,0,0.7228146
1239772,1,test,H_global,0,0.39296317
1239841,1,test,H_global,1,0.6608051
1239988,1,test,H_global,0,0.41800794
1240378,1,test,H_global,1,0.6365654
1240423,1,test,H_global,1,0.6317963
1240598,1,test,H_global,1,0.6456217
1241453,1,test,H_global,0,0.567746
1241862,1,test,H_global,1,0.90255845
1242372,1,test,H_global,1,0.6566472
1242535,1,test,H_global,1,0.93032193
1242667,1,test,H_global,0,0.7360786
1242811,1,test,H_global,0,0.662144
1242831,1,test,H_global,0,0.47827905
1243018,1,test,H_global,1,0.60070443
1243083,1,test,H_global,0,0.7083368
1243802,1,test,H_global,0,0.7496301
1243942,1,test,H_global,1,0.99129254
1243992,1,test,H_global,1,0.8270836
1244831,1,test,H_global,1,0.61942
1245228,1,test,H_global,0,0.35438097
4993,1,val,H_linear,1,0.79337245
13412,1,val,H_linear,1,0.5119463
22854,1,val,H_linear,1,0.6168496
32097,1,val,H_linear,1,0.99354625
33368,1,val,H_linear,1,0.71553826
42450,1,val,H_linear,1,0.9047383
47652,1,val,H_linear,1,0.7922895
48755,1,val,H_linear,1,0.58912015
50696,1,val,H_linear,1,0.48011184
54388,1,val,H_linear,0,0.2742281
60519,1,val,H_linear,1,0.7913938
70693,1,val,H_linear,0,0.57930183
72256,1,val,H_linear,1,0.6333674
86179,1,val,H_linear,1,0.9380033
86896,1,val,H_linear,0,0.6199771
88424,1,val,H_linear,1,0.75648195
89850,1,val,H_linear,1,0.3367371
93002,1,val,H_linear,1,1.2461195
93011,1,val,H_linear,0,0.3272266
98629,1,val,H_linear,1,0.39478844
99307,1,val,H_linear,0,0.6229443
100693,1,val,H_linear,1,0.7910425
101232,1,val,H_linear,1,0.8241702
112047,1,val,H_linear,1,0.5790863
121204,1,val,H_linear,0,0.5562599
121744,1,val,H_linear,1,0.7544136
130131,1,val,H_linear,0,0.16523653
130832,1,val,H_linear,1,0.8833805
135338,1,val,H_linear,0,0.28354463
143353,1,val,H_linear,1,0.69582593
145109,1,val,H_linear,1,0.26088414
146346,1,val,H_linear,1,0.29428226
149348,1,val,H_linear,1,0.7958375
149880,1,val,H_linear,1,0.82486975
154041,1,val,H_linear,1,0.583905
157774,1,val,H_linear,1,0.7241104
160103,1,val,H_linear,1,0.65108865
160197,1,val,H_linear,1,0.43398106
167963,1,val,H_linear,1,0.827305
174525,1,val,H_linear,1,0.5688565
175032,1,val,H_linear,0,0.35874608
181574,1,val,H_linear,0,0.6299473
183204,1,val,H_linear,0,0.72630525
186257,1,val,H_linear,0,0.39351034
189056,1,val,H_linear,1,0.6714337
189685,1,val,H_linear,0,0.3234952
193149,1,val,H_linear,0,0.6917384
196058,1,val,H_linear,1,0.6141862
199177,1,val,H_linear,0,0.31949627
202968,1,val,H_linear,0,0.76731765
210361,1,val,H_linear,1,0.5671093
216010,1,val,H_linear,1,0.6181955
219309,1,val,H_linear,1,0.75687635
220792,1,val,H_linear,0,0.54689986
226106,1,val,H_linear,1,0.60509485
226610,1,val,H_linear,1,0.72505003
234696,1,val,H_linear,1,0.33753026
240229,1,val,H_linear,0,0.28264484
243108,1,val,H_linear,1,1.0295775
248666,1,val,H_linear,1,0.7940115
250983,1,val,H_linear,0,0.6325012
253033,1,val,H_linear,0,0.98276556
256422,1,val,H_linear,1,0.9814031
271298,1,val,H_linear,0,0.6105371
273148,1,val,H_linear,1,0.9746057
273826,1,val,H_linear,1,0.59533036
274345,1,val,H_linear,0,0.28476503
274563,1,val,H_linear,1,0.884151
275882,1,val,H_linear,1,0.84291506
281433,1,val,H_linear,1,0.74160945
289992,1,val,H_linear,1,0.7653894
293922,1,val,H_linear,0,0.40942693
297709,1,val,H_linear,0,0.18142179
300925,1,val,H_linear,1,0.5173221
303683,1,val,H_linear,0,0.5691
305034,1,val,H_linear,0,0.24622524
310191,1,val,H_linear,1,0.6171289
312582,1,val,H_linear,1,0.98116374
319661,1,val,H_linear,1,0.5678768
324095,1,val,H_linear,1,0.84099936
329983,1,val,H_linear,1,0.81646454
330071,1,val,H_linear,0,0.70594263
330603,1,val,H_linear,1,0.88960755
332529,1,val,H_linear,1,0.7849365
344909,1,val,H_linear,0,0.5074864
345087,1,val,H_linear,1,0.8957547
345208,1,val,H_linear,1,0.3772351
345670,1,val,H_linear,1,0.87003815
348496,1,val,H_linear,1,1.151233
350707,1,val,H_linear,0,0.4778202
353416,1,val,H_linear,1,0.5168183
354035,1,val,H_linear,1,0.45988148
357322,1,val,H_linear,0,0.72873163
364502,1,val,H_linear,1,0.73882717
366344,1,val,H_linear,0,0.56479716
369818,1,val,H_linear,1,0.9698906
369915,1,val,H_linear,1,0.86384314
375005,1,val,H_linear,0,0.38200435
376917,1,val,H_linear,1,0.6530995
377703,1,val,H_linear,1,0.8871228
398007,1,val,H_linear,1,0.54231304
400944,1,val,H_linear,1,0.7306781
402349,1,val,H_linear,0,0.05063939
402364,1,val,H_linear,0,0.14654422
413173,1,val,H_linear,1,0.7408198
413554,1,val,H_linear,1,1.0865986
414540,1,val,H_linear,0,0.755994
417147,1,val,H_linear,0,0.71660215
419522,1,val,H_linear,1,0.59595567
423553,1,val,H_linear,1,0.840083
424946,1,val,H_linear,0,0.31305724
431664,1,val,H_linear,0,-0.031795204
432045,1,val,H_linear,0,-0.28052473
433233,1,val,H_linear,1,0.6661006
435249,1,val,H_linear,1,1.1275277
443084,1,val,H_linear,0,0.18778613
444684,1,val,H_linear,1,0.8188175
445318,1,val,H_linear,0,0.3963746
448329,1,val,H_linear,1,0.66150045
451424,1,val,H_linear,1,0.7713584
451600,1,val,H_linear,1,0.69608337
457834,1,val,H_linear,1,0.89416325
465292,1,val,H_linear,1,1.1013743
467821,1,val,H_linear,0,0.31377393
469865,1,val,H_linear,1,0.7698178
479371,1,val,H_linear,0,0.39181614
480708,1,val,H_linear,1,0.8235915
485608,1,val,H_linear,1,1.2101071
486901,1,val,H_linear,0,0.43584198
487378,1,val,H_linear,0,0.38026348
488255,1,val,H_linear,0,0.2339625
490630,1,val,H_linear,1,0.53742963
493668,1,val,H_linear,1,0.53171545
494011,1,val,H_linear,1,0.17722061
496270,1,val,H_linear,1,0.7805401
501583,1,val,H_linear,1,0.6065911
504132,1,val,H_linear,1,1.0362982
506819,1,val,H_linear,1,0.71909815
508449,1,val,H_linear,0,0.4902321
510306,1,val,H_linear,0,0.14693278
512180,1,val,H_linear,1,0.8276823
513398,1,val,H_linear,0,0.4615834
513966,1,val,H_linear,0,0.55285674
519298,1,val,H_linear,1,0.79918826
524155,1,val,H_linear,0,0.5523626
524172,1,val,H_linear,0,0.3152416
529499,1,val,H_linear,0,0.31839374
529816,1,val,H_linear,1,0.4320203
532148,1,val,H_linear,1,0.91506696
532751,1,val,H_linear,1,0.8999123
534048,1,val,H_linear,1,0.9684541
535178,1,val,H_linear,1,0.8184495
536493,1,val,H_linear,0,0.06367779
541544,1,val,H_linear,1,0.69789946
542399,1,val,H_linear,0,0.44174293
547939,1,val,H_linear,1,0.4842432
560521,1,val,H_linear,0,0.46337837
561141,1,val,H_linear,1,0.45020235
563271,1,val,H_linear,1,1.0924397
565232,1,val,H_linear,1,0.764803
565908,1,val,H_linear,0,0.5602516
567390,1,val,H_linear,0,0.73004687
570049,1,val,H_linear,1,0.7754159
570975,1,val,H_linear,0,0.27316204
576988,1,val,H_linear,1,0.22034812
579106,1,val,H_linear,1,0.8272667
595954,1,val,H_linear,1,0.74077505
596437,1,val,H_linear,0,0.73158157
598165,1,val,H_linear,1,0.6817117
598821,1,val,H_linear,0,0.22543308
600546,1,val,H_linear,1,0.38216716
607482,1,val,H_linear,1,0.6763537
608068,1,val,H_linear,1,0.46027312
612154,1,val,H_linear,0,0.54088974
615631,1,val,H_linear,1,0.6704735
624977,1,val,H_linear,0,0.52835083
626615,1,val,H_linear,0,0.45059127
631543,1,val,H_linear,1,0.9508212
643466,1,val,H_linear,1,0.5418755
644043,1,val,H_linear,1,0.5849349
646681,1,val,H_linear,1,0.75852597
646867,1,val,H_linear,1,0.75501245
656122,1,val,H_linear,1,0.62288654
660915,1,val,H_linear,1,0.69005764
660938,1,val,H_linear,1,0.5695685
663406,1,val,H_linear,1,0.4393084
665029,1,val,H_linear,1,0.63752747
671705,1,val,H_linear,1,0.20685822
675008,1,val,H_linear,1,0.5131942
677928,1,val,H_linear,1,0.8511319
680963,1,val,H_linear,0,0.6524473
681205,1,val,H_linear,1,0.7514613
682914,1,val,H_linear,1,0.7167863
684751,1,val,H_linear,1,0.86336726
686482,1,val,H_linear,1,0.84575295
687171,1,val,H_linear,1,0.75070226
692458,1,val,H_linear,1,0.7991935
697830,1,val,H_linear,0,0.42642212
698653,1,val,H_linear,1,0.7234055
702801,1,val,H_linear,0,0.3421292
703629,1,val,H_linear,1,0.7530935
703834,1,val,H_linear,1,0.8474031
706141,1,val,H_linear,1,0.15061492
706908,1,val,H_linear,0,0.6282403
712016,1,val,H_linear,1,0.70262265
713284,1,val,H_linear,0,0.3937937
714078,1,val,H_linear,0,0.83113986
714644,1,val,H_linear,1,1.2218854
714764,1,val,H_linear,0,0.7866362
714952,1,val,H_linear,1,0.63399553
726126,1,val,H_linear,0,0.07679123
731117,1,val,H_linear,1,0.8776485
739116,1,val,H_linear,1,0.72720146
739674,1,val,H_linear,0,0.8140546
743852,1,val,H_linear,1,0.49459904
744145,1,val,H_linear,0,0.50060916
745489,1,val,H_linear,1,0.58280504
749211,1,val,H_linear,0,0.4263295
759242,1,val,H_linear,1,0.89226633
761233,1,val,H_linear,1,0.6854248
762014,1,val,H_linear,0,0.72914594
767236,1,val,H_linear,0,0.528299
769720,1,val,H_linear,1,0.66700166
772900,1,val,H_linear,0,0.7210185
777687,1,val,H_linear,1,0.42553747
781139,1,val,H_linear,0,0.26550356
783835,1,val,H_linear,0,0.14448053
784920,1,val,H_linear,1,0.9503063
791392,1,val,H_linear,1,0.79429287
792243,1,val,H_linear,0,0.66585016
793601,1,val,H_linear,0,0.4116993
793726,1,val,H_linear,0,0.59851766
803606,1,val,H_linear,1,0.6378966
806286,1,val,H_linear,0,0.26488954
808181,1,val,H_linear,0,0.6015043
809234,1,val,H_linear,1,0.7261999
810874,1,val,H_linear,0,0.56863666
813871,1,val,H_linear,1,0.60394776
820393,1,val,H_linear,1,0.8686379
820729,1,val,H_linear,1,0.78128785
821863,1,val,H_linear,1,0.88277936
823325,1,val,H_linear,0,0.6497054
824734,1,val,H_linear,1,0.19583991
828427,1,val,H_linear,0,0.43686306
835135,1,val,H_linear,1,0.98736024
844964,1,val,H_linear,0,0.6510846
850702,1,val,H_linear,1,0.65729827
853023,1,val,H_linear,1,0.9461598
865733,1,val,H_linear,1,0.2943788
868368,1,val,H_linear,1,0.7151717
870739,1,val,H_linear,1,0.3711468
878491,1,val,H_linear,1,0.55973667
885157,1,val,H_linear,1,0.8025297
885222,1,val,H_linear,0,0.5926741
888866,1,val,H_linear,0,0.903995
892998,1,val,H_linear,0,0.63152957
924232,1,val,H_linear,0,0.4268589
936352,1,val,H_linear,0,0.084267795
944965,1,val,H_linear,1,0.9801974
951246,1,val,H_linear,0,0.050003707
951846,1,val,H_linear,0,0.27568313
958048,1,val,H_linear,1,0.6573476
959155,1,val,H_linear,0,0.77360237
960726,1,val,H_linear,0,0.1966132
968652,1,val,H_linear,1,0.37053716
969827,1,val,H_linear,0,0.38659066
972980,1,val,H_linear,1,1.1114091
975913,1,val,H_linear,0,0.55232614
976696,1,val,H_linear,0,0.3199495
981850,1,val,H_linear,1,0.5793236
982055,1,val,H_linear,0,0.36209828
983916,1,val,H_linear,1,0.3371344
984568,1,val,H_linear,1,0.31050554
986315,1,val,H_linear,1,0.9962181
987657,1,val,H_linear,1,0.9768306
989331,1,val,H_linear,1,0.7882979
991837,1,val,H_linear,1,0.7125656
997176,1,val,H_linear,0,0.0951072
1000310,1,val,H_linear,1,0.28972778
1005095,1,val,H_linear,1,0.40667188
1012389,1,val,H_linear,0,0.21778542
1017244,1,val,H_linear,1,0.75802034
1017640,1,val,H_linear,1,0.7257141
1036745,1,val,H_linear,1,0.8392822
1043429,1,val,H_linear,1,0.8119181
1048580,1,val,H_linear,1,0.76710445
1049831,1,val,H_linear,0,0.67441404
1057350,1,val,H_linear,0,0.6072332
1062410,1,val,H_linear,1,0.59676343
1067041,1,val,H_linear,1,1.04137
1067592,1,val,H_linear,1,0.309272
1069432,1,val,H_linear,1,0.95417094
1070777,1,val,H_linear,1,0.46462685
1071966,1,val,H_linear,1,0.32746327
1072395,1,val,H_linear,1,0.7512119
1075228,1,val,H_linear,1,1.2496367
1075447,1,val,H_linear,1,0.6075437
1076650,1,val,H_linear,1,1.0297143
1079219,1,val,H_linear,0,-0.01687944
1079586,1,val,H_linear,0,0.37800822
1081383,1,val,H_linear,0,0.80884075
1081426,1,val,H_linear,1,0.5670048
1082124,1,val,H_linear,1,0.67502385
1082765,1,val,H_linear,1,0.9162407
1083817,1,val,H_linear,1,0.3985791
1084214,1,val,H_linear,1,0.7048172
1085709,1,val,H_linear,1,0.62885
1086850,1,val,H_linear,0,0.34994376
1088707,1,val,H_linear,1,0.5584286
1088918,1,val,H_linear,1,0.5793803
1089172,1,val,H_linear,1,0.68556154
1089175,1,val,H_linear,1,0.78043455
1091343,1,val,H_linear,0,0.4199583
1092437,1,val,H_linear,1,0.6902794
1092557,1,val,H_linear,0,0.5415528
1092783,1,val,H_linear,1,0.8464548
1092889,1,val,H_linear,1,1.139079
1093743,1,val,H_linear,0,-0.012946188
1094011,1,val,H_linear,1,0.6258429
1094030,1,val,H_linear,1,0.7364859
1094046,1,val,H_linear,1,0.6967763
1095642,1,val,H_linear,1,0.87971365
1095841,1,val,H_linear,1,1.0368682
1096276,1,val,H_linear,0,0.38388646
1096586,1,val,H_linear,0,0.64516014
1096850,1,val,H_linear,1,0.6588446
1097316,1,val,H_linear,1,0.60229313
1098204,1,val,H_linear,1,0.82472324
1098855,1,val,H_linear,1,0.70817786
1099234,1,val,H_linear,1,0.69946367
1099660,1,val,H_linear,1,0.70257056
1103054,1,val,H_linear,0,0.29286182
1103087,1,val,H_linear,1,0.5882257
1103360,1,val,H_linear,1,0.68689877
1104012,1,val,H_linear,1,1.2082326
1104452,1,val,H_linear,1,0.7508886
1104470,1,val,H_linear,1,1.0148989
1105078,1,val,H_linear,1,0.6386668
1105241,1,val,H_linear,0,0.41720933
1105345,1,val,H_linear,0,0.6190561
1105733,1,val,H_linear,1,0.39985898
1105916,1,val,H_linear,1,0.18918103
1107291,1,val,H_linear,0,0.20858333
1108050,1,val,H_linear,1,0.96246624
1109299,1,val,H_linear,1,0.49952805
1110598,1,val,H_linear,0,0.41685236
1112425,1,val,H_linear,1,0.8231395
1112465,1,val,H_linear,1,0.1767149
1113133,1,val,H_linear,0,0.44750535
1113237,1,val,H_linear,1,0.7668474
1113756,1,val,H_linear,1,0.99481034
1113808,1,val,H_linear,0,0.33533716
1113857,1,val,H_linear,0,0.48987135
1115247,1,val,H_linear,0,0.70577973
1115335,1,val,H_linear,1,0.9780607
1115427,1,val,H_linear,1,0.68944526
1116144,1,val,H_linear,1,1.1056818
1116363,1,val,H_linear,0,0.5613775
1116440,1,val,H_linear,0,0.25139737
1116580,1,val,H_linear,1,0.7518428
1116601,1,val,H_linear,0,0.4127249
1116790,1,val,H_linear,0,0.7210336
1118641,1,val,H_linear,0,0.30963203
1118849,1,val,H_linear,1,0.59164095
1119647,1,val,H_linear,1,0.5914354
1119855,1,val,H_linear,0,0.6237026
1120120,1,val,H_linear,0,0.53848946
1120692,1,val,H_linear,1,0.9752588
1120869,1,val,H_linear,0,0.4162643
1122513,1,val,H_linear,1,0.37123674
1122658,1,val,H_linear,1,0.7236514
1123222,1,val,H_linear,1,0.5662597
1123500,1,val,H_linear,1,0.57491
1124034,1,val,H_linear,1,0.66270804
1124658,1,val,H_linear,0,0.44254917
1124894,1,val,H_linear,1,0.35377362
1125163,1,val,H_linear,1,0.42401913
1125748,1,val,H_linear,1,0.6521358
1126857,1,val,H_linear,1,0.46228915
1128467,1,val,H_linear,1,0.73130006
1128618,1,val,H_linear,1,1.0260173
1129029,1,val,H_linear,0,0.42597246
1129401,1,val,H_linear,1,0.45047873
1129979,1,val,H_linear,1,0.72302586
1130043,1,val,H_linear,1,0.7377815
1130533,1,val,H_linear,1,0.98768926
1130756,1,val,H_linear,1,0.7341237
1131355,1,val,H_linear,1,0.66435885
1131386,1,val,H_linear,1,0.7905474
1131656,1,val,H_linear,1,0.8479772
1132010,1,val,H_linear,0,0.21066648
1135241,1,val,H_linear,0,0.4988159
1135703,1,val,H_linear,1,0.7772381
1136279,1,val,H_linear,0,0.24600038
1136310,1,val,H_linear,1,0.24909303
1136723,1,val,H_linear,0,0.45827314
1137555,1,val,H_linear,1,0.76540095
1137589,1,val,H_linear,1,0.75203025
1138091,1,val,H_linear,1,0.8845667
1138321,1,val,H_linear,1,0.78907645
1138374,1,val,H_linear,0,0.3905723
1138670,1,val,H_linear,1,0.4757471
1138870,1,val,H_linear,1,0.7214773
1139275,1,val,H_linear,1,0.8563201
1140109,1,val,H_linear,1,0.76883596
1140316,1,val,H_linear,1,0.8547919
1141936,1,val,H_linear,1,0.60717136
1142089,1,val,H_linear,1,1.1657133
1142188,1,val,H_linear,1,0.8284255
1142355,1,val,H_linear,0,0.42220098
1142724,1,val,H_linear,0,0.40497586
1143869,1,val,H_linear,0,0.43699464
1144198,1,val,H_linear,1,0.84353673
1144734,1,val,H_linear,1,0.793471
1144792,1,val,H_linear,0,0.36071974
1145284,1,val,H_linear,1,0.9090028
1145959,1,val,H_linear,1,0.7517496
1145969,1,val,H_linear,1,0.8923328
1146989,1,val,H_linear,0,0.34328353
1147155,1,val,H_linear,1,1.0038285
1147302,1,val,H_linear,0,0.21696237
1147838,1,val,H_linear,0,0.6321771
1148110,1,val,H_linear,0,0.5505387
1148113,1,val,H_linear,1,0.41010582
1148332,1,val,H_linear,1,0.8479749
1148376,1,val,H_linear,1,0.5350979
1149831,1,val,H_linear,1,0.96609885
1149916,1,val,H_linear,1,0.3482269
1150067,1,val,H_linear,1,0.90435606
1151454,1,val,H_linear,0,0.6320372
1151510,1,val,H_linear,0,0.20254824
1151569,1,val,H_linear,1,0.82501566
1151818,1,val,H_linear,0,0.3821059
1151994,1,val,H_linear,1,0.9039886
1152380,1,val,H_linear,1,0.65108025
1152700,1,val,H_linear,1,0.7506227
1152708,1,val,H_linear,1,0.5739417
1152877,1,val,H_linear,0,0.2608462
1153023,1,val,H_linear,1,0.6151906
1153155,1,val,H_linear,1,0.782212
1153931,1,val,H_linear,1,0.6107914
1154574,1,val,H_linear,1,0.5697718
1155176,1,val,H_linear,1,0.9442998
1157142,1,val,H_linear,1,0.8348759
1206010,1,val,H_linear,0,0.75690126
1206257,1,val,H_linear,1,0.6040899
1206334,1,val,H_linear,0,0.03469497
1207181,1,val,H_linear,0,0.67551905
1207207,1,val,H_linear,1,0.7494045
1207367,1,val,H_linear,1,0.995578
1207384,1,val,H_linear,1,0.7806353
1207464,1,val,H_linear,1,0.51396817
1208159,1,val,H_linear,1,0.7244944
1208290,1,val,H_linear,1,0.69314027
1208422,1,val,H_linear,1,0.9940604
1208544,1,val,H_linear,0,0.54263216
1208870,1,val,H_linear,1,0.6793024
1209034,1,val,H_linear,1,0.64903396
1209229,1,val,H_linear,0,0.5496842
1209908,1,val,H_linear,0,0.4783786
1210816,1,val,H_linear,1,0.42019022
1212290,1,val,H_linear,1,0.9125869
1212738,1,val,H_linear,1,0.8720813
1213667,1,val,H_linear,0,0.23259851
1213716,1,val,H_linear,1,0.9875449
1213978,1,val,H_linear,0,0.16442958
1214063,1,val,H_linear,1,0.56534916
1214597,1,val,H_linear,1,0.30927485
1215070,1,val,H_linear,1,0.3714797
1215132,1,val,H_linear,0,0.110557735
1215420,1,val,H_linear,1,0.39949435
1215921,1,val,H_linear,1,0.53903395
1216025,1,val,H_linear,0,0.6478884
1216145,1,val,H_linear,0,0.6532172
1216188,1,val,H_linear,0,0.38202983
1216704,1,val,H_linear,1,0.6049852
1216841,1,val,H_linear,0,0.7796362
1216904,1,val,H_linear,0,0.017418683
1217573,1,val,H_linear,1,0.5324025
1217635,1,val,H_linear,1,0.67725194
1217948,1,val,H_linear,1,0.8319243
1218059,1,val,H_linear,1,0.9674809
1218235,1,val,H_linear,1,0.9426278
1218421,1,val,H_linear,1,0.5331541
1218554,1,val,H_linear,1,1.1400638
1218726,1,val,H_linear,1,1.0022882
1219254,1,val,H_linear,0,-0.1618439
1219802,1,val,H_linear,1,1.0076125
1219877,1,val,H_linear,1,0.7323767
1219890,1,val,H_linear,1,0.78019285
1219897,1,val,H_linear,1,0.8224401
1219949,1,val,H_linear,0,0.5992754
1220037,1,val,H_linear,1,0.41018498
1220386,1,val,H_linear,0,0.22484359
1220475,1,val,H_linear,0,0.37953717
1220832,1,val,H_linear,0,0.55204594
1221118,1,val,H_linear,0,0.9485721
1221764,1,val,H_linear,1,0.86962944
1222028,1,val,H_linear,1,0.6223961
1223017,1,val,H_linear,1,0.4027333
1223383,1,val,H_linear,1,1.0224316
1224353,1,val,H_linear,0,0.5995533
1224371,1,val,H_linear,1,0.34187213
1224500,1,val,H_linear,1,0.6793928
1225046,1,val,H_linear,0,0.6190279
1225309,1,val,H_linear,1,0.9344783
1225334,1,val,H_linear,0,0.2744357
1225388,1,val,H_linear,0,0.38166627
1225500,1,val,H_linear,0,0.60312533
1225758,1,val,H_linear,1,0.9464802
1226509,1,val,H_linear,1,0.59330684
1227545,1,val,H_linear,1,0.6345071
1227597,1,val,H_linear,0,0.2525651
1227765,1,val,H_linear,1,1.1441872
1227804,1,val,H_linear,0,0.63684845
1228018,1,val,H_linear,1,0.56073195
1228461,1,val,H_linear,1,0.9666054
1229605,1,val,H_linear,0,0.31576172
1229991,1,val,H_linear,0,1.0074334
1230721,1,val,H_linear,1,0.7387079
1230968,1,val,H_linear,1,0.81672424
1231044,1,val,H_linear,1,0.6893294
1231253,1,val,H_linear,0,0.5855164
1231339,1,val,H_linear,0,0.49534506
1231343,1,val,H_linear,1,1.0151658
1231928,1,val,H_linear,1,1.1779895
1232006,1,val,H_linear,1,0.6858479
1232033,1,val,H_linear,0,0.42779553
1232296,1,val,H_linear,1,0.48946467
1233154,1,val,H_linear,1,0.78323376
1233203,1,val,H_linear,1,0.8327464
1233369,1,val,H_linear,0,0.19907203
1233621,1,val,H_linear,0,0.58504736
1233632,1,val,H_linear,1,0.6341747
1234472,1,val,H_linear,1,0.6699915
1234672,1,val,H_linear,0,0.27774796
1234804,1,val,H_linear,1,1.0691416
1235172,1,val,H_linear,0,0.63767743
1235777,1,val,H_linear,1,0.56786746
1235863,1,val,H_linear,1,0.5502213
1235882,1,val,H_linear,0,0.32695985
1236187,1,val,H_linear,0,0.49250922
1237352,1,val,H_linear,1,0.4366399
1237367,1,val,H_linear,1,0.61787647
1237861,1,val,H_linear,0,0.4608358
1237964,1,val,H_linear,0,0.12603462
1238200,1,val,H_linear,1,1.1111431
1238203,1,val,H_linear,1,0.85474324
1238287,1,val,H_linear,0,0.7224725
1238298,1,val,H_linear,1,0.59959227
1238523,1,val,H_linear,1,0.8885743
1238594,1,val,H_linear,0,0.4651758
1238864,1,val,H_linear,1,0.7547512
1238917,1,val,H_linear,0,0.2680653
1239127,1,val,H_linear,0,0.99074256
1239377,1,val,H_linear,1,0.8483356
1239474,1,val,H_linear,1,0.39034683
1239881,1,val,H_linear,1,0.832892
1240209,1,val,H_linear,1,0.87948334
1240705,1,val,H_linear,1,0.5688032
1240951,1,val,H_linear,0,0.1874066
1241625,1,val,H_linear,0,0.34049588
1242009,1,val,H_linear,1,0.8019724
1242135,1,val,H_linear,0,0.5997541
1242264,1,val,H_linear,0,0.62553334
1242338,1,val,H_linear,1,0.95106196
1242381,1,val,H_linear,0,0.94261825
1242501,1,val,H_linear,1,0.89171237
1242645,1,val,H_linear,0,0.43968502
1242725,1,val,H_linear,1,0.60800165
1242755,1,val,H_linear,0,0.55406946
1242835,1,val,H_linear,1,0.9195428
1243045,1,val,H_linear,0,0.16020948
1243514,1,val,H_linear,1,1.3481559
1243838,1,val,H_linear,0,0.7024653
1243993,1,val,H_linear,0,0.4072247
1244606,1,val,H_linear,1,0.78894573
1246490,1,val,H_linear,1,1.073178
1246508,1,val,H_linear,0,0.29238334
1922,1,test,H_linear,1,0.17907813
12246,1,test,H_linear,1,0.63616997
16787,1,test,H_linear,0,0.87719935
19126,1,test,H_linear,1,1.0821719
34428,1,test,H_linear,0,0.20693326
42331,1,test,H_linear,1,0.93662655
44366,1,test,H_linear,1,0.88916904
47250,1,test,H_linear,1,0.9784589
48545,1,test,H_linear,0,0.6073223
54142,1,test,H_linear,1,0.65871215
61752,1,test,H_linear,1,0.7445816
62606,1,test,H_linear,1,0.35972524
66226,1,test,H_linear,1,0.90748453
66381,1,test,H_linear,1,1.350717
68648,1,test,H_linear,0,1.0213397
70147,1,test,H_linear,0,0.831723
72035,1,test,H_linear,0,0.8298805
73899,1,test,H_linear,1,0.84828115
88483,1,test,H_linear,1,0.6074159
96757,1,test,H_linear,1,0.46634126
97998,1,test,H_linear,0,0.0173468
102708,1,test,H_linear,1,0.9608829
105271,1,test,H_linear,1,0.75872666
114318,1,test,H_linear,1,0.5663151
120088,1,test,H_linear,1,0.73475105
127579,1,test,H_linear,0,-0.28105736
129407,1,test,H_linear,1,0.5040531
131155,1,test,H_linear,1,0.25694117
136645,1,test,H_linear,1,0.8017126
139145,1,test,H_linear,1,0.9056543
141620,1,test,H_linear,1,1.0567008
147228,1,test,H_linear,1,0.6445893
156299,1,test,H_linear,1,1.1003213
156996,1,test,H_linear,1,0.9789219
157449,1,test,H_linear,1,0.6925593
157463,1,test,H_linear,1,0.6639035
161593,1,test,H_linear,1,1.2313755
163659,1,test,H_linear,1,0.48784405
167183,1,test,H_linear,1,0.96712154
169457,1,test,H_linear,0,0.20527273
171896,1,test,H_linear,1,0.54986924
172578,1,test,H_linear,1,1.2966378
181466,1,test,H_linear,0,0.4234689
184874,1,test,H_linear,1,0.90097606
186379,1,test,H_linear,1,0.65609515
190049,1,test,H_linear,1,0.3813134
190176,1,test,H_linear,0,0.9626167
190187,1,test,H_linear,0,0.69334686
191335,1,test,H_linear,0,0.5578694
200131,1,test,H_linear,1,0.6611672
200858,1,test,H_linear,1,0.32509628
203461,1,test,H_linear,1,0.58712065
208652,1,test,H_linear,1,0.5241036
216287,1,test,H_linear,0,0.44872922
218529,1,test,H_linear,1,0.8582
223651,1,test,H_linear,1,0.4350193
228543,1,test,H_linear,1,0.778662
238407,1,test,H_linear,0,0.28643095
258335,1,test,H_linear,0,0.44787645
278134,1,test,H_linear,1,0.85820246
278836,1,test,H_linear,1,0.81582725
280705,1,test,H_linear,0,0.3674252
284088,1,test,H_linear,0,0.35261762
290944,1,test,H_linear,0,0.22366911
293205,1,test,H_linear,0,0.5483884
295284,1,test,H_linear,0,0.79914665
298058,1,test,H_linear,1,0.63263595
312434,1,test,H_linear,1,0.65598464
312810,1,test,H_linear,1,1.0839548
318640,1,test,H_linear,1,0.95051146
319549,1,test,H_linear,1,0.70137936
320867,1,test,H_linear,1,0.7497279
321989,1,test,H_linear,1,0.9424816
323320,1,test,H_linear,0,0.27082112
323939,1,test,H_linear,0,0.50054187
335240,1,test,H_linear,0,0.22529837
335955,1,test,H_linear,1,0.49415195
338312,1,test,H_linear,1,0.3424397
348589,1,test,H_linear,1,1.1091163
351101,1,test,H_linear,1,0.682499
353336,1,test,H_linear,1,0.36499506
358239,1,test,H_linear,1,0.724794
360745,1,test,H_linear,1,0.902887
374203,1,test,H_linear,0,0.38097563
375294,1,test,H_linear,1,0.7590674
380225,1,test,H_linear,1,0.64006525
402720,1,test,H_linear,1,0.96470976
405843,1,test,H_linear,1,1.135371
408105,1,test,H_linear,0,0.5308306
419138,1,test,H_linear,0,0.2958833
433303,1,test,H_linear,1,0.7159296
433686,1,test,H_linear,1,0.7757423
442797,1,test,H_linear,1,0.7741476
443207,1,test,H_linear,1,0.7103827
443610,1,test,H_linear,0,0.6366507
444203,1,test,H_linear,0,0.23990697
445545,1,test,H_linear,1,0.6792654
450155,1,test,H_linear,1,1.2192781
451844,1,test,H_linear,1,1.0959812
460422,1,test,H_linear,1,0.5058884
460580,1,test,H_linear,1,0.5453438
461946,1,test,H_linear,1,0.7028131
463375,1,test,H_linear,1,0.58152825
465489,1,test,H_linear,0,0.47163603
466437,1,test,H_linear,1,0.82246625
468086,1,test,H_linear,1,0.73716456
468548,1,test,H_linear,1,0.71970505
474601,1,test,H_linear,1,0.9033441
477779,1,test,H_linear,1,0.9602822
479811,1,test,H_linear,0,0.7832367
480021,1,test,H_linear,0,1.0207136
480598,1,test,H_linear,1,0.40582412
484238,1,test,H_linear,1,0.70145136
486892,1,test,H_linear,0,0.5229678
488934,1,test,H_linear,0,0.29407758
498363,1,test,H_linear,1,1.1503823
507011,1,test,H_linear,1,0.5593748
510372,1,test,H_linear,1,0.71884006
511018,1,test,H_linear,0,0.3864781
512053,1,test,H_linear,1,0.91341734
517848,1,test,H_linear,1,0.90524226
520621,1,test,H_linear,1,0.4890541
525300,1,test,H_linear,1,0.72199273
532533,1,test,H_linear,1,0.8402877
537472,1,test,H_linear,1,0.5612172
544153,1,test,H_linear,1,0.8815717
544425,1,test,H_linear,0,0.33274862
544864,1,test,H_linear,1,0.70350367
550892,1,test,H_linear,1,0.9140347
552901,1,test,H_linear,1,0.8027076
554960,1,test,H_linear,0,0.43262187
555492,1,test,H_linear,0,0.3668804
559178,1,test,H_linear,1,0.63076085
566285,1,test,H_linear,1,0.98706484
567847,1,test,H_linear,1,0.9438492
569789,1,test,H_linear,0,0.023231208
573425,1,test,H_linear,1,0.58986735
586109,1,test,H_linear,0,0.6137467
589139,1,test,H_linear,1,0.97906125
592431,1,test,H_linear,1,1.0047243
592548,1,test,H_linear,0,0.32911855
595609,1,test,H_linear,1,0.86607444
599396,1,test,H_linear,0,0.34024742
618335,1,test,H_linear,1,0.9301475
619649,1,test,H_linear,1,0.92547643
624010,1,test,H_linear,0,0.32953614
624692,1,test,H_linear,1,0.68502843
627036,1,test,H_linear,1,0.8282117
629729,1,test,H_linear,1,0.7291438
644299,1,test,H_linear,1,0.73893094
644744,1,test,H_linear,1,1.1952772
649217,1,test,H_linear,1,0.6737939
649863,1,test,H_linear,1,0.7417248
655410,1,test,H_linear,1,0.37094074
660061,1,test,H_linear,1,0.4001298
661193,1,test,H_linear,0,0.38391265
672172,1,test,H_linear,1,0.61939234
675660,1,test,H_linear,0,0.17812806
675907,1,test,H_linear,0,0.3736321
678681,1,test,H_linear,1,0.68503416
683148,1,test,H_linear,1,0.8318698
687290,1,test,H_linear,0,0.3499012
690734,1,test,H_linear,0,0.18064818
697961,1,test,H_linear,1,0.78765506
698579,1,test,H_linear,1,1.0869403
700550,1,test,H_linear,1,0.78894675
704059,1,test,H_linear,0,0.76269424
709192,1,test,H_linear,0,0.31090558
711782,1,test,H_linear,1,0.8780456
718140,1,test,H_linear,0,0.53270096
718508,1,test,H_linear,1,0.91169524
719050,1,test,H_linear,0,0.43584767
725470,1,test,H_linear,0,0.21638566
726612,1,test,H_linear,1,0.86273944
727266,1,test,H_linear,1,0.5022642
738172,1,test,H_linear,0,0.49799567
742847,1,test,H_linear,0,0.71842325
747710,1,test,H_linear,0,0.73713255
750827,1,test,H_linear,0,0.59985447
750881,1,test,H_linear,0,0.5363211
752967,1,test,H_linear,1,1.0369638
754586,1,test,H_linear,1,0.6807264
755156,1,test,H_linear,1,0.9506171
755294,1,test,H_linear,1,0.84204966
760561,1,test,H_linear,0,0.47369322
765027,1,test,H_linear,1,0.42505884
765473,1,test,H_linear,1,0.6007934
765954,1,test,H_linear,0,0.1072548
774678,1,test,H_linear,1,0.7922965
777118,1,test,H_linear,1,0.6870844
779240,1,test,H_linear,0,0.72739637
781445,1,test,H_linear,0,0.34130284
789824,1,test,H_linear,0,0.2094774
806762,1,test,H_linear,0,0.37763482
809238,1,test,H_linear,0,1.0205263
822633,1,test,H_linear,1,0.354843
825913,1,test,H_linear,1,0.6948876
828057,1,test,H_linear,0,0.21944857
829142,1,test,H_linear,1,0.85769635
829697,1,test,H_linear,0,0.46944755
834515,1,test,H_linear,0,0.69114935
835833,1,test,H_linear,1,0.87334156
836571,1,test,H_linear,0,0.3779289
841534,1,test,H_linear,0,0.4942215
847036,1,test,H_linear,1,0.8569418
848723,1,test,H_linear,1,0.7004169
851816,1,test,H_linear,0,0.17322284
854069,1,test,H_linear,1,0.6900776
856302,1,test,H_linear,0,0.694815
859236,1,test,H_linear,0,0.4996906
866895,1,test,H_linear,0,0.43645376
867398,1,test,H_linear,0,0.54360056
868318,1,test,H_linear,0,0.5964815
875038,1,test,H_linear,1,1.2273166
877486,1,test,H_linear,1,0.37542814
880466,1,test,H_linear,1,0.7610307
889657,1,test,H_linear,1,0.85376155
894409,1,test,H_linear,1,0.6335865
899067,1,test,H_linear,0,0.4012687
900762,1,test,H_linear,1,0.6679677
941626,1,test,H_linear,1,0.49372137
943672,1,test,H_linear,1,0.9995176
947197,1,test,H_linear,1,0.47936678
951465,1,test,H_linear,0,0.93889225
951654,1,test,H_linear,0,0.4901061
952219,1,test,H_linear,0,0.41009206
954440,1,test,H_linear,1,0.5998942
955669,1,test,H_linear,0,0.3641694
956387,1,test,H_linear,1,0.19809738
961563,1,test,H_linear,0,0.39565545
961819,1,test,H_linear,0,0.1496154
962660,1,test,H_linear,1,0.5208945
963985,1,test,H_linear,1,0.9937723
964462,1,test,H_linear,0,0.5002883
970464,1,test,H_linear,1,0.9282847
972111,1,test,H_linear,0,0.20870209
979369,1,test,H_linear,1,0.95969427
979917,1,test,H_linear,1,0.48465663
979941,1,test,H_linear,0,0.57560307
980697,1,test,H_linear,0,0.6234157
982817,1,test,H_linear,0,0.15581444
984065,1,test,H_linear,0,0.17569625
986074,1,test,H_linear,1,0.90556014
986844,1,test,H_linear,1,0.52093023
987078,1,test,H_linear,1,0.44339883
987267,1,test,H_linear,1,0.8347907
989755,1,test,H_linear,1,1.0714563
991790,1,test,H_linear,1,0.8504539
993602,1,test,H_linear,1,0.58662283
994160,1,test,H_linear,1,1.118675
1002373,1,test,H_linear,1,0.8943057
1005171,1,test,H_linear,1,0.87390727
1006489,1,test,H_linear,0,0.6654207
1008354,1,test,H_linear,0,0.66863436
1009347,1,test,H_linear,1,0.6547199
1020322,1,test,H_linear,0,0.41884303
1029192,1,test,H_linear,1,1.0675555
1029373,1,test,H_linear,1,0.7840463
1030940,1,test,H_linear,1,0.5699006
1046104,1,test,H_linear,0,0.7656978
1051850,1,test,H_linear,0,0.5435755
1054838,1,test,H_linear,0,0.806558
1064446,1,test,H_linear,1,1.3975666
1065288,1,test,H_linear,0,0.7474086
1066534,1,test,H_linear,1,0.6867151
1067406,1,test,H_linear,1,0.5747505
1069689,1,test,H_linear,1,0.8100865
1070472,1,test,H_linear,0,0.4772414
1073839,1,test,H_linear,0,0.5571881
1074094,1,test,H_linear,1,0.42435828
1074306,1,test,H_linear,1,0.6785295
1074427,1,test,H_linear,1,0.60064346
1074527,1,test,H_linear,1,0.5831646
1074753,1,test,H_linear,0,0.497562
1075557,1,test,H_linear,1,1.1127661
1075699,1,test,H_linear,1,0.4358577
1077703,1,test,H_linear,1,0.62412816
1078392,1,test,H_linear,1,0.6265312
1078893,1,test,H_linear,0,0.5035206
1079527,1,test,H_linear,1,0.6401142
1080214,1,test,H_linear,1,0.47592354
1080366,1,test,H_linear,1,0.9378416
1080979,1,test,H_linear,1,0.73784685
1081798,1,test,H_linear,0,0.3120788
1082641,1,test,H_linear,0,0.054814875
1082739,1,test,H_linear,1,0.64893204
1084185,1,test,H_linear,0,0.42648536
1084364,1,test,H_linear,1,0.40843344
1084497,1,test,H_linear,1,0.6222049
1085496,1,test,H_linear,1,0.63373816
1085579,1,test,H_linear,1,0.6350807
1085896,1,test,H_linear,1,1.2189202
1086657,1,test,H_linear,1,0.88724047
1086770,1,test,H_linear,1,1.0438824
1086991,1,test,H_linear,0,0.3686279
1087295,1,test,H_linear,1,0.64078563
1089310,1,test,H_linear,0,0.5801411
1090388,1,test,H_linear,1,0.8287594
1090438,1,test,H_linear,1,1.0439737
1091071,1,test,H_linear,1,1.0633967
1091585,1,test,H_linear,0,0.5212737
1092068,1,test,H_linear,0,0.216521
1093139,1,test,H_linear,0,0.6103637
1093401,1,test,H_linear,1,0.8222253
1094060,1,test,H_linear,1,0.9454538
1094259,1,test,H_linear,1,0.51041424
1096111,1,test,H_linear,1,0.80556273
1096858,1,test,H_linear,1,0.88541144
1097215,1,test,H_linear,1,0.39807782
1097324,1,test,H_linear,1,0.79273856
1099078,1,test,H_linear,1,0.6273474
1100516,1,test,H_linear,0,0.50273174
1100923,1,test,H_linear,1,0.7783298
1103063,1,test,H_linear,0,0.6983301
1104405,1,test,H_linear,1,0.7924384
1104599,1,test,H_linear,1,0.69707936
1104649,1,test,H_linear,1,0.9363936
1105176,1,test,H_linear,1,0.5975483
1105837,1,test,H_linear,1,0.6868998
1105913,1,test,H_linear,1,0.74477094
1105922,1,test,H_linear,1,0.8007027
1106300,1,test,H_linear,1,0.7004615
1107147,1,test,H_linear,1,0.98213375
1107631,1,test,H_linear,1,1.1470072
1109275,1,test,H_linear,1,0.7784622
1109329,1,test,H_linear,1,0.7677336
1109526,1,test,H_linear,1,0.6482317
1109829,1,test,H_linear,1,0.7706309
1111153,1,test,H_linear,0,0.3922447
1111157,1,test,H_linear,0,0.86607426
1111471,1,test,H_linear,1,0.80904806
1112111,1,test,H_linear,1,0.6745499
1113214,1,test,H_linear,0,0.59194374
1115227,1,test,H_linear,1,0.47225854
1115322,1,test,H_linear,1,0.9986968
1115713,1,test,H_linear,1,0.6433043
1117370,1,test,H_linear,1,0.97949755
1117921,1,test,H_linear,1,0.8167733
1117975,1,test,H_linear,1,0.8929136
1118291,1,test,H_linear,0,0.25677285
1118436,1,test,H_linear,1,1.0462129
1118652,1,test,H_linear,0,0.2171171
1119012,1,test,H_linear,1,0.43451273
1119591,1,test,H_linear,1,0.92553294
1119652,1,test,H_linear,1,0.8087331
1119930,1,test,H_linear,1,0.82731104
1120326,1,test,H_linear,1,0.40798086
1120775,1,test,H_linear,1,0.5618496
1120955,1,test,H_linear,0,0.5377246
1121493,1,test,H_linear,0,0.47392237
1121705,1,test,H_linear,1,1.2334998
1121926,1,test,H_linear,1,0.617043
1122956,1,test,H_linear,1,0.75646466
1122990,1,test,H_linear,1,0.7267859
1123350,1,test,H_linear,1,0.77258676
1123551,1,test,H_linear,0,0.2315765
1124329,1,test,H_linear,1,0.7911185
1124330,1,test,H_linear,0,0.65470916
1124561,1,test,H_linear,0,0.49066406
1125348,1,test,H_linear,0,0.21815136
1125785,1,test,H_linear,1,0.4865256
1126146,1,test,H_linear,0,0.10933691
1126656,1,test,H_linear,0,0.13331771
1127029,1,test,H_linear,0,0.5204367
1127560,1,test,H_linear,1,1.1575541
1129053,1,test,H_linear,1,0.64253414
1129961,1,test,H_linear,0,0.32012537
1130161,1,test,H_linear,1,0.3267281
1131297,1,test,H_linear,0,1.0036185
1131833,1,test,H_linear,1,0.76997316
1134339,1,test,H_linear,0,0.20862767
1134855,1,test,H_linear,0,0.39529058
1134927,1,test,H_linear,1,0.7423734
1135587,1,test,H_linear,1,1.0928782
1135796,1,test,H_linear,1,1.0813776
1136524,1,test,H_linear,0,0.50999206
1136946,1,test,H_linear,0,0.2879356
1137506,1,test,H_linear,0,0.34788302
1137818,1,test,H_linear,1,0.6723105
1138108,1,test,H_linear,1,0.78918546
1139233,1,test,H_linear,1,1.2299976
1139249,1,test,H_linear,1,0.51968735
1139409,1,test,H_linear,1,0.8767809
1139795,1,test,H_linear,0,0.084595025
1142126,1,test,H_linear,0,0.17703393
1142643,1,test,H_linear,1,0.6772004
1142753,1,test,H_linear,1,0.73479015
1143415,1,test,H_linear,1,0.75823784
1143550,1,test,H_linear,1,0.85558647
1144210,1,test,H_linear,1,0.6951029
1144260,1,test,H_linear,0,0.6036259
1144465,1,test,H_linear,1,0.9717163
1144580,1,test,H_linear,1,0.7507268
1144621,1,test,H_linear,1,0.270071
1144651,1,test,H_linear,1,0.48668975
1145207,1,test,H_linear,0,0.53731614
1145385,1,test,H_linear,0,0.7107267
1146057,1,test,H_linear,0,0.061589777
1146108,1,test,H_linear,0,0.33464265
1146318,1,test,H_linear,1,0.42448068
1146323,1,test,H_linear,0,0.4262037
1146529,1,test,H_linear,1,1.1800251
1146584,1,test,H_linear,1,0.79260993
1146771,1,test,H_linear,0,0.375073
1146854,1,test,H_linear,1,0.72888523
1147012,1,test,H_linear,0,0.42420438
1147189,1,test,H_linear,1,0.38235205
1148157,1,test,H_linear,1,0.9027242
1148437,1,test,H_linear,0,0.66840965
1150400,1,test,H_linear,1,0.42006296
1151387,1,test,H_linear,0,0.52529484
1151422,1,test,H_linear,1,0.8676903
1151627,1,test,H_linear,1,0.72207433
1151789,1,test,H_linear,1,1.0001818
1152038,1,test,H_linear,1,0.5629543
1152061,1,test,H_linear,1,0.6313003
1152979,1,test,H_linear,1,0.41095036
1153702,1,test,H_linear,0,0.44984323
1153881,1,test,H_linear,0,0.37565732
1154576,1,test,H_linear,1,0.40157738
1155404,1,test,H_linear,0,0.43855935
1155554,1,test,H_linear,1,0.74582124
1155802,1,test,H_linear,1,0.73186946
1157101,1,test,H_linear,1,0.7646033
1157237,1,test,H_linear,1,0.87334454
1157440,1,test,H_linear,0,0.64880407
1158961,1,test,H_linear,1,1.2173952
1206308,1,test,H_linear,0,0.6351248
1206667,1,test,H_linear,0,0.72131217
1206997,1,test,H_linear,1,0.94063604
1207140,1,test,H_linear,1,0.8154663
1207980,1,test,H_linear,1,0.5679293
1208561,1,test,H_linear,1,0.9472407
1209776,1,test,H_linear,0,0.5578371
1209958,1,test,H_linear,1,0.3583868
1210100,1,test,H_linear,0,0.1020599
1210485,1,test,H_linear,1,0.7633171
1210786,1,test,H_linear,0,0.17820972
1211029,1,test,H_linear,1,0.8017011
1211042,1,test,H_linear,1,0.67938364
1211177,1,test,H_linear,1,0.65129304
1211297,1,test,H_linear,1,0.6792323
1211505,1,test,H_linear,1,0.5817318
1211778,1,test,H_linear,0,0.45593303
1212217,1,test,H_linear,1,0.40837738
1212354,1,test,H_linear,0,0.5399244
1212394,1,test,H_linear,1,0.3035904
1212451,1,test,H_linear,0,0.21265757
1212582,1,test,H_linear,1,0.85269547
1213121,1,test,H_linear,1,0.2846641
1213130,1,test,H_linear,1,0.5204913
1213344,1,test,H_linear,1,0.62887084
1213929,1,test,H_linear,1,0.7929034
1213974,1,test,H_linear,0,0.4559777
1214144,1,test,H_linear,0,0.56233346
1215381,1,test,H_linear,0,0.69548106
1215388,1,test,H_linear,0,0.36309734
1215586,1,test,H_linear,0,0.5243444
1216036,1,test,H_linear,1,0.6360309
1216045,1,test,H_linear,1,0.6227674
1216223,1,test,H_linear,1,0.7556005
1216691,1,test,H_linear,1,0.9393195
1216776,1,test,H_linear,1,0.5530658
1217051,1,test,H_linear,1,0.9052893
1217243,1,test,H_linear,1,0.6366874
1217708,1,test,H_linear,0,0.28237823
1217769,1,test,H_linear,1,0.41752505
1218062,1,test,H_linear,1,0.9261523
1218110,1,test,H_linear,0,0.54383874
1219634,1,test,H_linear,1,0.6000736
1219898,1,test,H_linear,1,0.6338858
1219958,1,test,H_linear,0,0.349906
1220095,1,test,H_linear,0,0.60124743
1220226,1,test,H_linear,0,0.38886973
1220507,1,test,H_linear,0,0.48952615
1220572,1,test,H_linear,0,0.5210283
1220694,1,test,H_linear,1,1.009601
1221019,1,test,H_linear,0,0.42456874
1221892,1,test,H_linear,1,0.8326235
1222069,1,test,H_linear,1,1.0601404
1222110,1,test,H_linear,1,0.5120469
1222424,1,test,H_linear,1,0.59049696
1222589,1,test,H_linear,1,0.78840023
1222850,1,test,H_linear,1,0.5158572
1223193,1,test,H_linear,0,0.58309966
1223272,1,test,H_linear,1,0.77610075
1223289,1,test,H_linear,0,0.64194745
1223754,1,test,H_linear,0,0.51907915
1224109,1,test,H_linear,0,0.400414
1224306,1,test,H_linear,1,0.6872747
1224683,1,test,H_linear,1,0.6991931
1224968,1,test,H_linear,1,0.7416227
1225050,1,test,H_linear,0,0.257213
1225262,1,test,H_linear,1,0.3819709
1225323,1,test,H_linear,1,0.6278817
1225648,1,test,H_linear,0,0.46809974
1225672,1,test,H_linear,1,0.8297227
1225716,1,test,H_linear,0,0.56349224
1225945,1,test,H_linear,0,0.053825796
1226065,1,test,H_linear,1,0.6666997
1226588,1,test,H_linear,1,1.0464159
1226641,1,test,H_linear,1,1.0313045
1226825,1,test,H_linear,1,0.4945639
1226937,1,test,H_linear,0,0.3825311
1227061,1,test,H_linear,1,0.71092176
1227106,1,test,H_linear,1,0.7676286
1227138,1,test,H_linear,0,0.3183484
1227504,1,test,H_linear,1,0.52675426
1228528,1,test,H_linear,0,0.47194302
1228888,1,test,H_linear,1,0.56369865
1229368,1,test,H_linear,0,0.5591355
1229574,1,test,H_linear,0,0.13977504
1229725,1,test,H_linear,1,1.1546028
1229860,1,test,H_linear,1,0.7718729
1230265,1,test,H_linear,1,0.7633549
1230408,1,test,H_linear,1,0.6145981
1230712,1,test,H_linear,0,0.6538147
1230724,1,test,H_linear,1,0.44309705
1230855,1,test,H_linear,0,0.22470412
1230993,1,test,H_linear,0,0.2773404
1231114,1,test,H_linear,1,0.972628
1231841,1,test,H_linear,0,0.36659184
1232099,1,test,H_linear,0,0.7126085
1232676,1,test,H_linear,1,0.73324895
1233791,1,test,H_linear,1,0.6066848
1233962,1,test,H_linear,0,0.44960487
1233970,1,test,H_linear,1,0.6529976
1234219,1,test,H_linear,1,0.5705841
1234306,1,test,H_linear,1,0.22553462
1234549,1,test,H_linear,0,0.42444697
1234553,1,test,H_linear,0,0.28650478
1235265,1,test,H_linear,1,0.6241592
1235275,1,test,H_linear,0,0.27089283
1235336,1,test,H_linear,1,0.5404189
1236071,1,test,H_linear,1,0.5861637
1236410,1,test,H_linear,0,0.1271469
1236418,1,test,H_linear,1,0.51018554
1236759,1,test,H_linear,1,0.99903834
1236938,1,test,H_linear,1,0.5692445
1237075,1,test,H_linear,0,0.021370769
1237241,1,test,H_linear,1,0.47523215
1237496,1,test,H_linear,1,0.6838351
1237716,1,test,H_linear,0,0.106342494
1237793,1,test,H_linear,1,0.6832264
1238174,1,test,H_linear,1,0.4193139
1238215,1,test,H_linear,1,0.9496913
1238443,1,test,H_linear,0,0.3759374
1238550,1,test,H_linear,1,0.97862005
1238574,1,test,H_linear,0,0.23995593
1238865,1,test,H_linear,1,0.52175444
1238923,1,test,H_linear,0,0.4876175
1239038,1,test,H_linear,0,0.31006294
1239693,1,test,H_linear,0,0.74454564
1239772,1,test,H_linear,0,0.29359937
1239841,1,test,H_linear,1,0.67943585
1239988,1,test,H_linear,0,0.3608985
1240378,1,test,H_linear,1,0.6506288
1240423,1,test,H_linear,1,0.6245689
1240598,1,test,H_linear,1,0.62676495
1241453,1,test,H_linear,0,0.5866705
1241862,1,test,H_linear,1,0.881136
1242372,1,test,H_linear,1,0.6556618
1242535,1,test,H_linear,1,1.0731738
1242667,1,test,H_linear,0,0.68775094
1242811,1,test,H_linear,0,0.5879706
1242831,1,test,H_linear,0,0.46314752
1243018,1,test,H_linear,1,0.579871
1243083,1,test,H_linear,0,0.728207
1243802,1,test,H_linear,0,0.7166306
1243942,1,test,H_linear,1,1.0322024
1243992,1,test,H_linear,1,0.78388965
1244831,1,test,H_linear,1,0.65205336
1245228,1,test,H_linear,0,0.31123424
4993,1,val,H_pchip,1,0.7959931
13412,1,val,H_pchip,1,0.5239898
22854,1,val,H_pchip,1,0.6257079
32097,1,val,H_pchip,1,0.993485
33368,1,val,H_pchip,1,0.7195746
42450,1,val,H_pchip,1,0.9057889
47652,1,val,H_pchip,1,0.8035902
48755,1,val,H_pchip,1,0.5861771
50696,1,val,H_pchip,1,0.47365135
54388,1,val,H_pchip,0,0.26385918
60519,1,val,H_pchip,1,0.78363705
70693,1,val,H_pchip,0,0.5849002
72256,1,val,H_pchip,1,0.6373785
86179,1,val,H_pchip,1,0.93191683
86896,1,val,H_pchip,0,0.595
88424,1,val,H_pchip,1,0.76170194
89850,1,val,H_pchip,1,0.33814374
93002,1,val,H_pchip,1,1.2475445
93011,1,val,H_pchip,0,0.33355322
98629,1,val,H_pchip,1,0.40495437
99307,1,val,H_pchip,0,0.6272905
100693,1,val,H_pchip,1,0.8011762
101232,1,val,H_pchip,1,0.8268294
112047,1,val,H_pchip,1,0.5699114
121204,1,val,H_pchip,0,0.56480587
121744,1,val,H_pchip,1,0.75138116
130131,1,val,H_pchip,0,0.17320147
130832,1,val,H_pchip,1,0.8772027
135338,1,val,H_pchip,0,0.29324245
143353,1,val,H_pchip,1,0.6981568
145109,1,val,H_pchip,1,0.25811097
146346,1,val,H_pchip,1,0.30262572
149348,1,val,H_pchip,1,0.7930991
149880,1,val,H_pchip,1,0.8209473
154041,1,val,H_pchip,1,0.58508855
157774,1,val,H_pchip,1,0.71580946
160103,1,val,H_pchip,1,0.63534
160197,1,val,H_pchip,1,0.42174083
167963,1,val,H_pchip,1,0.8405418
174525,1,val,H_pchip,1,0.5754379
175032,1,val,H_pchip,0,0.3575573
181574,1,val,H_pchip,0,0.6396327
183204,1,val,H_pchip,0,0.7069272
186257,1,val,H_pchip,0,0.40982014
189056,1,val,H_pchip,1,0.67255574
189685,1,val,H_pchip,0,0.3257877
193149,1,val,H_pchip,0,0.69924694
196058,1,val,H_pchip,1,0.617891
199177,1,val,H_pchip,0,0.31783095
202968,1,val,H_pchip,0,0.7632857
210361,1,val,H_pchip,1,0.560819
216010,1,val,H_pchip,1,0.6128182
219309,1,val,H_pchip,1,0.75113016
220792,1,val,H_pchip,0,0.54344964
226106,1,val,H_pchip,1,0.6084119
226610,1,val,H_pchip,1,0.72734976
234696,1,val,H_pchip,1,0.34163484
240229,1,val,H_pchip,0,0.2759329
243108,1,val,H_pchip,1,1.0272137
248666,1,val,H_pchip,1,0.7866755
250983,1,val,H_pchip,0,0.6357431
253033,1,val,H_pchip,0,0.9820144
256422,1,val,H_pchip,1,0.9920431
271298,1,val,H_pchip,0,0.6109404
273148,1,val,H_pchip,1,0.9786317
273826,1,val,H_pchip,1,0.58948636
274345,1,val,H_pchip,0,0.2861152
274563,1,val,H_pchip,1,0.8941691
275882,1,val,H_pchip,1,0.85167676
281433,1,val,H_pchip,1,0.7483069
289992,1,val,H_pchip,1,0.77498686
293922,1,val,H_pchip,0,0.41079307
297709,1,val,H_pchip,0,0.18236583
300925,1,val,H_pchip,1,0.52204764
303683,1,val,H_pchip,0,0.5739542
305034,1,val,H_pchip,0,0.24329779
310191,1,val,H_pchip,1,0.60999334
312582,1,val,H_pchip,1,0.9705609
319661,1,val,H_pchip,1,0.56858623
324095,1,val,H_pchip,1,0.8442625
329983,1,val,H_pchip,1,0.8166241
330071,1,val,H_pchip,0,0.69497854
330603,1,val,H_pchip,1,0.888611
332529,1,val,H_pchip,1,0.7744084
344909,1,val,H_pchip,0,0.4945851
345087,1,val,H_pchip,1,0.9047367
345208,1,val,H_pchip,1,0.37806028
345670,1,val,H_pchip,1,0.8677921
348496,1,val,H_pchip,1,1.1639092
350707,1,val,H_pchip,0,0.47418082
353416,1,val,H_pchip,1,0.52248687
354035,1,val,H_pchip,1,0.4464605
357322,1,val,H_pchip,0,0.73367333
364502,1,val,H_pchip,1,0.72298867
366344,1,val,H_pchip,0,0.55887616
369818,1,val,H_pchip,1,0.9560776
369915,1,val,H_pchip,1,0.8711286
375005,1,val,H_pchip,0,0.3758255
376917,1,val,H_pchip,1,0.6739364
377703,1,val,H_pchip,1,0.8924464
398007,1,val,H_pchip,1,0.5448774
400944,1,val,H_pchip,1,0.72273827
402349,1,val,H_pchip,0,0.052934945
402364,1,val,H_pchip,0,0.1421178
413173,1,val,H_pchip,1,0.739093
413554,1,val,H_pchip,1,1.0909199
414540,1,val,H_pchip,0,0.763572
417147,1,val,H_pchip,0,0.71450454
419522,1,val,H_pchip,1,0.5998697
423553,1,val,H_pchip,1,0.8288986
424946,1,val,H_pchip,0,0.311855
431664,1,val,H_pchip,0,-0.025211513
432045,1,val,H_pchip,0,-0.2810027
433233,1,val,H_pchip,1,0.6758509
435249,1,val,H_pchip,1,1.1343191
443084,1,val,H_pchip,0,0.19322154
444684,1,val,H_pchip,1,0.81531656
445318,1,val,H_pchip,0,0.40260637
448329,1,val,H_pchip,1,0.65255743
451424,1,val,H_pchip,1,0.7663088
451600,1,val,H_pchip,1,0.69600016
457834,1,val,H_pchip,1,0.88751733
465292,1,val,H_pchip,1,1.0918384
467821,1,val,H_pchip,0,0.31309366
469865,1,val,H_pchip,1,0.7622038
479371,1,val,H_pchip,0,0.37879968
480708,1,val,H_pchip,1,0.8623564
485608,1,val,H_pchip,1,1.2100946
486901,1,val,H_pchip,0,0.43096346
487378,1,val,H_pchip,0,0.38517228
488255,1,val,H_pchip,0,0.22928777
490630,1,val,H_pchip,1,0.5400783
493668,1,val,H_pchip,1,0.52837837
494011,1,val,H_pchip,1,0.16001064
496270,1,val,H_pchip,1,0.7916022
501583,1,val,H_pchip,1,0.60969645
504132,1,val,H_pchip,1,1.025304
506819,1,val,H_pchip,1,0.72390485
508449,1,val,H_pchip,0,0.48818928
510306,1,val,H_pchip,0,0.14093122
512180,1,val,H_pchip,1,0.8225483
513398,1,val,H_pchip,0,0.45954877
513966,1,val,H_pchip,0,0.54837185
519298,1,val,H_pchip,1,0.7934949
524155,1,val,H_pchip,0,0.5514324
524172,1,val,H_pchip,0,0.31369424
529499,1,val,H_pchip,0,0.32125577
529816,1,val,H_pchip,1,0.41960296
532148,1,val,H_pchip,1,0.9061135
532751,1,val,H_pchip,1,0.89853096
534048,1,val,H_pchip,1,0.97151524
535178,1,val,H_pchip,1,0.8206882
536493,1,val,H_pchip,0,0.062258184
541544,1,val,H_pchip,1,0.70305127
542399,1,val,H_pchip,0,0.45374382
547939,1,val,H_pchip,1,0.48320085
560521,1,val,H_pchip,0,0.4709108
561141,1,val,H_pchip,1,0.44385493
563271,1,val,H_pchip,1,1.088012
565232,1,val,H_pchip,1,0.77393943
565908,1,val,H_pchip,0,0.56204313
567390,1,val,H_pchip,0,0.7387196
570049,1,val,H_pchip,1,0.7810514
570975,1,val,H_pchip,0,0.25683075
576988,1,val,H_pchip,1,0.21199596
579106,1,val,H_pchip,1,0.83720624
595954,1,val,H_pchip,1,0.7286894
596437,1,val,H_pchip,0,0.7400841
598165,1,val,H_pchip,1,0.6701575
598821,1,val,H_pchip,0,0.21812394
600546,1,val,H_pchip,1,0.37923625
607482,1,val,H_pchip,1,0.675936
608068,1,val,H_pchip,1,0.468042
612154,1,val,H_pchip,0,0.5356758
615631,1,val,H_pchip,1,0.66912377
624977,1,val,H_pchip,0,0.5321625
626615,1,val,H_pchip,0,0.46558163
631543,1,val,H_pchip,1,0.93441546
643466,1,val,H_pchip,1,0.53715694
644043,1,val,H_pchip,1,0.58863497
646681,1,val,H_pchip,1,0.75659335
646867,1,val,H_pchip,1,0.7505978
656122,1,val,H_pchip,1,0.63813126
660915,1,val,H_pchip,1,0.6871991
660938,1,val,H_pchip,1,0.5739679
663406,1,val,H_pchip,1,0.436624
665029,1,val,H_pchip,1,0.63393325
671705,1,val,H_pchip,1,0.20678213
675008,1,val,H_pchip,1,0.5215464
677928,1,val,H_pchip,1,0.8442689
680963,1,val,H_pchip,0,0.6572911
681205,1,val,H_pchip,1,0.7515139
682914,1,val,H_pchip,1,0.70449036
684751,1,val,H_pchip,1,0.85799307
686482,1,val,H_pchip,1,0.8408784
687171,1,val,H_pchip,1,0.7547506
692458,1,val,H_pchip,1,0.7895607
697830,1,val,H_pchip,0,0.4214458
698653,1,val,H_pchip,1,0.7269042
702801,1,val,H_pchip,0,0.33981246
703629,1,val,H_pchip,1,0.7532124
703834,1,val,H_pchip,1,0.8456815
706141,1,val,H_pchip,1,0.14190748
706908,1,val,H_pchip,0,0.6193228
712016,1,val,H_pchip,1,0.69922256
713284,1,val,H_pchip,0,0.3957502
714078,1,val,H_pchip,0,0.83500385
714644,1,val,H_pchip,1,1.2231097
714764,1,val,H_pchip,0,0.79766566
714952,1,val,H_pchip,1,0.6438255
726126,1,val,H_pchip,0,0.082695186
731117,1,val,H_pchip,1,0.87401575
739116,1,val,H_pchip,1,0.72692734
739674,1,val,H_pchip,0,0.8302508
743852,1,val,H_pchip,1,0.4953794
744145,1,val,H_pchip,0,0.50461495
745489,1,val,H_pchip,1,0.57906485
749211,1,val,H_pchip,0,0.4348655
759242,1,val,H_pchip,1,0.8827529
761233,1,val,H_pchip,1,0.6859995
762014,1,val,H_pchip,0,0.72801113
767236,1,val,H_pchip,0,0.53963697
769720,1,val,H_pchip,1,0.67717826
772900,1,val,H_pchip,0,0.7352898
777687,1,val,H_pchip,1,0.42091805
781139,1,val,H_pchip,0,0.26294762
783835,1,val,H_pchip,0,0.13410836
784920,1,val,H_pchip,1,0.95863295
791392,1,val,H_pchip,1,0.78968537
792243,1,val,H_pchip,0,0.6606282
793601,1,val,H_pchip,0,0.42163914
793726,1,val,H_pchip,0,0.5973977
803606,1,val,H_pchip,1,0.6438839
806286,1,val,H_pchip,0,0.25280106
808181,1,val,H_pchip,0,0.6046269
809234,1,val,H_pchip,1,0.72374403
810874,1,val,H_pchip,0,0.5694453
813871,1,val,H_pchip,1,0.5957811
820393,1,val,H_pchip,1,0.869141
820729,1,val,H_pchip,1,0.7768466
821863,1,val,H_pchip,1,0.88458395
823325,1,val,H_pchip,0,0.6620692
824734,1,val,H_pchip,1,0.19814298
828427,1,val,H_pchip,0,0.43601674
835135,1,val,H_pchip,1,0.9956269
844964,1,val,H_pchip,0,0.6547456
850702,1,val,H_pchip,1,0.6600013
853023,1,val,H_pchip,1,0.9336999
865733,1,val,H_pchip,1,0.2925585
868368,1,val,H_pchip,1,0.7200042
870739,1,val,H_pchip,1,0.36738542
878491,1,val,H_pchip,1,0.5575817
885157,1,val,H_pchip,1,0.8038989
885222,1,val,H_pchip,0,0.59706503
888866,1,val,H_pchip,0,0.9098023
892998,1,val,H_pchip,0,0.6375328
924232,1,val,H_pchip,0,0.43570864
936352,1,val,H_pchip,0,0.0752458
944965,1,val,H_pchip,1,0.98309535
951246,1,val,H_pchip,0,0.048959196
951846,1,val,H_pchip,0,0.2774335
958048,1,val,H_pchip,1,0.66407835
959155,1,val,H_pchip,0,0.7731767
960726,1,val,H_pchip,0,0.19464791
968652,1,val,H_pchip,1,0.38210312
969827,1,val,H_pchip,0,0.39499688
972980,1,val,H_pchip,1,1.1091714
975913,1,val,H_pchip,0,0.55979484
976696,1,val,H_pchip,0,0.32252136
981850,1,val,H_pchip,1,0.5756062
982055,1,val,H_pchip,0,0.36447906
983916,1,val,H_pchip,1,0.3468659
984568,1,val,H_pchip,1,0.28298575
986315,1,val,H_pchip,1,0.9938564
987657,1,val,H_pchip,1,0.9886373
989331,1,val,H_pchip,1,0.79126346
991837,1,val,H_pchip,1,0.70830995
997176,1,val,H_pchip,0,0.10799605
1000310,1,val,H_pchip,1,0.2883341
1005095,1,val,H_pchip,1,0.3899848
1012389,1,val,H_pchip,0,0.20610744
1017244,1,val,H_pchip,1,0.7588558
1017640,1,val,H_pchip,1,0.72851604
1036745,1,val,H_pchip,1,0.85036814
1043429,1,val,H_pchip,1,0.8203349
1048580,1,val,H_pchip,1,0.7697476
1049831,1,val,H_pchip,0,0.65890545
1057350,1,val,H_pchip,0,0.596369
1062410,1,val,H_pchip,1,0.5949471
1067041,1,val,H_pchip,1,1.029835
1067592,1,val,H_pchip,1,0.3096523
1069432,1,val,H_pchip,1,0.9408851
1070777,1,val,H_pchip,1,0.45558256
1071966,1,val,H_pchip,1,0.3400101
1072395,1,val,H_pchip,1,0.7513091
1075228,1,val,H_pchip,1,1.2459486
1075447,1,val,H_pchip,1,0.60488766
1076650,1,val,H_pchip,1,1.0428584
1079219,1,val,H_pchip,0,-0.012571216
1079586,1,val,H_pchip,0,0.38497305
1081383,1,val,H_pchip,0,0.8111579
1081426,1,val,H_pchip,1,0.5646603
1082124,1,val,H_pchip,1,0.68637526
1082765,1,val,H_pchip,1,0.91255546
1083817,1,val,H_pchip,1,0.3985477
1084214,1,val,H_pchip,1,0.70303565
1085709,1,val,H_pchip,1,0.6260652
1086850,1,val,H_pchip,0,0.35792762
1088707,1,val,H_pchip,1,0.5691228
1088918,1,val,H_pchip,1,0.5700178
1089172,1,val,H_pchip,1,0.6832502
1089175,1,val,H_pchip,1,0.774891
1091343,1,val,H_pchip,0,0.41993985
1092437,1,val,H_pchip,1,0.69813544
1092557,1,val,H_pchip,0,0.5448081
1092783,1,val,H_pchip,1,0.85464764
1092889,1,val,H_pchip,1,1.1150234
1093743,1,val,H_pchip,0,-0.01978445
1094011,1,val,H_pchip,1,0.62664783
1094030,1,val,H_pchip,1,0.72928214
1094046,1,val,H_pchip,1,0.7047671
1095642,1,val,H_pchip,1,0.8811314
1095841,1,val,H_pchip,1,1.0438249
1096276,1,val,H_pchip,0,0.38661492
1096586,1,val,H_pchip,0,0.64491665
1096850,1,val,H_pchip,1,0.65767473
1097316,1,val,H_pchip,1,0.59802234
1098204,1,val,H_pchip,1,0.8183569
1098855,1,val,H_pchip,1,0.7060162
1099234,1,val,H_pchip,1,0.7038133
1099660,1,val,H_pchip,1,0.7105869
1103054,1,val,H_pchip,0,0.29581943
1103087,1,val,H_pchip,1,0.5985458
1103360,1,val,H_pchip,1,0.6826936
1104012,1,val,H_pchip,1,1.207283
1104452,1,val,H_pchip,1,0.7525086
1104470,1,val,H_pchip,1,1.0413829
1105078,1,val,H_pchip,1,0.6363503
1105241,1,val,H_pchip,0,0.41350114
1105345,1,val,H_pchip,0,0.62147915
1105733,1,val,H_pchip,1,0.39247948
1105916,1,val,H_pchip,1,0.19964877
1107291,1,val,H_pchip,0,0.2096467
1108050,1,val,H_pchip,1,0.96063846
1109299,1,val,H_pchip,1,0.4931249
1110598,1,val,H_pchip,0,0.3941782
1112425,1,val,H_pchip,1,0.82736945
1112465,1,val,H_pchip,1,0.17087585
1113133,1,val,H_pchip,0,0.4418902
1113237,1,val,H_pchip,1,0.77481306
1113756,1,val,H_pchip,1,0.987911
1113808,1,val,H_pchip,0,0.32789433
1113857,1,val,H_pchip,0,0.5090625
1115247,1,val,H_pchip,0,0.70248824
1115335,1,val,H_pchip,1,0.9868436
1115427,1,val,H_pchip,1,0.6893105
1116144,1,val,H_pchip,1,1.1000954
1116363,1,val,H_pchip,0,0.56072545
1116440,1,val,H_pchip,0,0.25283957
1116580,1,val,H_pchip,1,0.7529354
1116601,1,val,H_pchip,0,0.40692115
1116790,1,val,H_pchip,0,0.729352
1118641,1,val,H_pchip,0,0.32198542
1118849,1,val,H_pchip,1,0.5858495
1119647,1,val,H_pchip,1,0.60047555
1119855,1,val,H_pchip,0,0.62470585
1120120,1,val,H_pchip,0,0.53773224
1120692,1,val,H_pchip,1,0.9783528
1120869,1,val,H_pchip,0,0.409643
1122513,1,val,H_pchip,1,0.37021267
1122658,1,val,H_pchip,1,0.7207533
1123222,1,val,H_pchip,1,0.5590993
1123500,1,val,H_pchip,1,0.57294023
1124034,1,val,H_pchip,1,0.65849495
1124658,1,val,H_pchip,0,0.44957697
1124894,1,val,H_pchip,1,0.36021125
1125163,1,val,H_pchip,1,0.43137914
1125748,1,val,H_pchip,1,0.66109926
1126857,1,val,H_pchip,1,0.45525724
1128467,1,val,H_pchip,1,0.72462744
1128618,1,val,H_pchip,1,1.0267562
1129029,1,val,H_pchip,0,0.42764604
1129401,1,val,H_pchip,1,0.45686615
1129979,1,val,H_pchip,1,0.7211826
1130043,1,val,H_pchip,1,0.74270403
1130533,1,val,H_pchip,1,0.97384506
1130756,1,val,H_pchip,1,0.7525475
1131355,1,val,H_pchip,1,0.6590979
1131386,1,val,H_pchip,1,0.7820607
1131656,1,val,H_pchip,1,0.8667303
1132010,1,val,H_pchip,0,0.22579005
1135241,1,val,H_pchip,0,0.49261203
1135703,1,val,H_pchip,1,0.78037804
1136279,1,val,H_pchip,0,0.2517214
1136310,1,val,H_pchip,1,0.25093234
1136723,1,val,H_pchip,0,0.4355876
1137555,1,val,H_pchip,1,0.7662811
1137589,1,val,H_pchip,1,0.75254667
1138091,1,val,H_pchip,1,0.8831026
1138321,1,val,H_pchip,1,0.7975164
1138374,1,val,H_pchip,0,0.38413838
1138670,1,val,H_pchip,1,0.48129684
1138870,1,val,H_pchip,1,0.7073927
1139275,1,val,H_pchip,1,0.85581195
1140109,1,val,H_pchip,1,0.7770906
1140316,1,val,H_pchip,1,0.85008
1141936,1,val,H_pchip,1,0.6052096
1142089,1,val,H_pchip,1,1.1721567
1142188,1,val,H_pchip,1,0.8267395
1142355,1,val,H_pchip,0,0.43218637
1142724,1,val,H_pchip,0,0.4003154
1143869,1,val,H_pchip,0,0.43915588
1144198,1,val,H_pchip,1,0.8584803
1144734,1,val,H_pchip,1,0.80106604
1144792,1,val,H_pchip,0,0.3602433
1145284,1,val,H_pchip,1,0.9051198
1145959,1,val,H_pchip,1,0.75687164
1145969,1,val,H_pchip,1,0.89440525
1146989,1,val,H_pchip,0,0.34101442
1147155,1,val,H_pchip,1,1.0180024
1147302,1,val,H_pchip,0,0.21368012
1147838,1,val,H_pchip,0,0.62081593
1148110,1,val,H_pchip,0,0.5467795
1148113,1,val,H_pchip,1,0.41379064
1148332,1,val,H_pchip,1,0.8533975
1148376,1,val,H_pchip,1,0.53151923
1149831,1,val,H_pchip,1,0.9549927
1149916,1,val,H_pchip,1,0.35112292
1150067,1,val,H_pchip,1,0.9119667
1151454,1,val,H_pchip,0,0.6368995
1151510,1,val,H_pchip,0,0.19349784
1151569,1,val,H_pchip,1,0.8325833
1151818,1,val,H_pchip,0,0.39429417
1151994,1,val,H_pchip,1,0.9054357
1152380,1,val,H_pchip,1,0.6496386
1152700,1,val,H_pchip,1,0.74715596
1152708,1,val,H_pchip,1,0.5697597
1152877,1,val,H_pchip,0,0.27036083
1153023,1,val,H_pchip,1,0.6183308
1153155,1,val,H_pchip,1,0.7841014
1153931,1,val,H_pchip,1,0.61417246
1154574,1,val,H_pchip,1,0.5608563
1155176,1,val,H_pchip,1,0.9381454
1157142,1,val,H_pchip,1,0.81307036
1206010,1,val,H_pchip,0,0.74742925
1206257,1,val,H_pchip,1,0.6172814
1206334,1,val,H_pchip,0,0.061711013
1207181,1,val,H_pchip,0,0.67277956
1207207,1,val,H_pchip,1,0.7382961
1207367,1,val,H_pchip,1,1.0004294
1207384,1,val,H_pchip,1,0.7713837
1207464,1,val,H_pchip,1,0.51177156
1208159,1,val,H_pchip,1,0.7293268
1208290,1,val,H_pchip,1,0.68340683
1208422,1,val,H_pchip,1,0.99338067
1208544,1,val,H_pchip,0,0.5551372
1208870,1,val,H_pchip,1,0.6871438
1209034,1,val,H_pchip,1,0.6473302
1209229,1,val,H_pchip,0,0.5452225
1209908,1,val,H_pchip,0,0.4638747
1210816,1,val,H_pchip,1,0.43011856
1212290,1,val,H_pchip,1,0.92137265
1212738,1,val,H_pchip,1,0.8707603
1213667,1,val,H_pchip,0,0.21114123
1213716,1,val,H_pchip,1,0.97706324
1213978,1,val,H_pchip,0,0.16256756
1214063,1,val,H_pchip,1,0.55823034
1214597,1,val,H_pchip,1,0.30236948
1215070,1,val,H_pchip,1,0.3714292
1215132,1,val,H_pchip,0,0.09814751
1215420,1,val,H_pchip,1,0.39945334
1215921,1,val,H_pchip,1,0.5381328
1216025,1,val,H_pchip,0,0.6520731
1216145,1,val,H_pchip,0,0.6435801
1216188,1,val,H_pchip,0,0.38913983
1216704,1,val,H_pchip,1,0.61057353
1216841,1,val,H_pchip,0,0.778426
1216904,1,val,H_pchip,0,0.015199959
1217573,1,val,H_pchip,1,0.5386639
1217635,1,val,H_pchip,1,0.67734015
1217948,1,val,H_pchip,1,0.8370195
1218059,1,val,H_pchip,1,0.96737385
1218235,1,val,H_pchip,1,0.9373126
1218421,1,val,H_pchip,1,0.5356246
1218554,1,val,H_pchip,1,1.1367159
1218726,1,val,H_pchip,1,0.9961648
1219254,1,val,H_pchip,0,-0.16473943
1219802,1,val,H_pchip,1,1.0010858
1219877,1,val,H_pchip,1,0.73287416
1219890,1,val,H_pchip,1,0.76924825
1219897,1,val,H_pchip,1,0.82697016
1219949,1,val,H_pchip,0,0.59283394
1220037,1,val,H_pchip,1,0.40552592
1220386,1,val,H_pchip,0,0.22815752
1220475,1,val,H_pchip,0,0.40398574
1220832,1,val,H_pchip,0,0.5476379
1221118,1,val,H_pchip,0,0.9630558
1221764,1,val,H_pchip,1,0.8876084
1222028,1,val,H_pchip,1,0.6173776
1223017,1,val,H_pchip,1,0.4004925
1223383,1,val,H_pchip,1,1.0233479
1224353,1,val,H_pchip,0,0.5959869
1224371,1,val,H_pchip,1,0.34099874
1224500,1,val,H_pchip,1,0.6804786
1225046,1,val,H_pchip,0,0.6230401
1225309,1,val,H_pchip,1,0.9407293
1225334,1,val,H_pchip,0,0.27880475
1225388,1,val,H_pchip,0,0.36894363
1225500,1,val,H_pchip,0,0.59426105
1225758,1,val,H_pchip,1,0.9340646
1226509,1,val,H_pchip,1,0.59674466
1227545,1,val,H_pchip,1,0.6396108
1227597,1,val,H_pchip,0,0.25301597
1227765,1,val,H_pchip,1,1.1416552
1227804,1,val,H_pchip,0,0.6443364
1228018,1,val,H_pchip,1,0.5499516
1228461,1,val,H_pchip,1,0.96646297
1229605,1,val,H_pchip,0,0.3234776
1229991,1,val,H_pchip,0,1.0170585
1230721,1,val,H_pchip,1,0.742548
1230968,1,val,H_pchip,1,0.8186929
1231044,1,val,H_pchip,1,0.6937606
1231253,1,val,H_pchip,0,0.5615696
1231339,1,val,H_pchip,0,0.48533344
1231343,1,val,H_pchip,1,1.0077395
1231928,1,val,H_pchip,1,1.1886712
1232006,1,val,H_pchip,1,0.6845663
1232033,1,val,H_pchip,0,0.42633462
1232296,1,val,H_pchip,1,0.4776839
1233154,1,val,H_pchip,1,0.7773681
1233203,1,val,H_pchip,1,0.8340976
1233369,1,val,H_pchip,0,0.20318636
1233621,1,val,H_pchip,0,0.6030811
1233632,1,val,H_pchip,1,0.6268956
1234472,1,val,H_pchip,1,0.6764408
1234672,1,val,H_pchip,0,0.29143235
1234804,1,val,H_pchip,1,1.0736672
1235172,1,val,H_pchip,0,0.64658785
1235777,1,val,H_pchip,1,0.5657973
1235863,1,val,H_pchip,1,0.552596
1235882,1,val,H_pchip,0,0.32891437
1236187,1,val,H_pchip,0,0.49798626
1237352,1,val,H_pchip,1,0.43668422
1237367,1,val,H_pchip,1,0.6130534
1237861,1,val,H_pchip,0,0.4585188
1237964,1,val,H_pchip,0,0.14471903
1238200,1,val,H_pchip,1,1.0897949
1238203,1,val,H_pchip,1,0.8547694
1238287,1,val,H_pchip,0,0.71019626
1238298,1,val,H_pchip,1,0.5917909
1238523,1,val,H_pchip,1,0.887587
1238594,1,val,H_pchip,0,0.45026952
1238864,1,val,H_pchip,1,0.750875
1238917,1,val,H_pchip,0,0.2673112
1239127,1,val,H_pchip,0,0.9870359
1239377,1,val,H_pchip,1,0.8520995
1239474,1,val,H_pchip,1,0.3851508
1239881,1,val,H_pchip,1,0.81934166
1240209,1,val,H_pchip,1,0.8826057
1240705,1,val,H_pchip,1,0.58459747
1240951,1,val,H_pchip,0,0.20019796
1241625,1,val,H_pchip,0,0.34926808
1242009,1,val,H_pchip,1,0.81341374
1242135,1,val,H_pchip,0,0.60745174
1242264,1,val,H_pchip,0,0.63231456
1242338,1,val,H_pchip,1,0.9440128
1242381,1,val,H_pchip,0,0.936418
1242501,1,val,H_pchip,1,0.8890743
1242645,1,val,H_pchip,0,0.4474694
1242725,1,val,H_pchip,1,0.6186797
1242755,1,val,H_pchip,0,0.5480884
1242835,1,val,H_pchip,1,0.91127634
1243045,1,val,H_pchip,0,0.16734374
1243514,1,val,H_pchip,1,1.3526912
1243838,1,val,H_pchip,0,0.7030158
1243993,1,val,H_pchip,0,0.40649343
1244606,1,val,H_pchip,1,0.79232
1246490,1,val,H_pchip,1,1.0710618
1246508,1,val,H_pchip,0,0.29946032
1922,1,test,H_pchip,1,0.18913695
12246,1,test,H_pchip,1,0.629813
16787,1,test,H_pchip,0,0.8632834
19126,1,test,H_pchip,1,1.076859
34428,1,test,H_pchip,0,0.20454407
42331,1,test,H_pchip,1,0.92407584
44366,1,test,H_pchip,1,0.8886276
47250,1,test,H_pchip,1,0.9876287
48545,1,test,H_pchip,0,0.6029826
54142,1,test,H_pchip,1,0.6470996
61752,1,test,H_pchip,1,0.7381849
62606,1,test,H_pchip,1,0.36224195
66226,1,test,H_pchip,1,0.9132117
66381,1,test,H_pchip,1,1.3505859
68648,1,test,H_pchip,0,1.0132954
70147,1,test,H_pchip,0,0.82384145
72035,1,test,H_pchip,0,0.8254723
73899,1,test,H_pchip,1,0.8385174
88483,1,test,H_pchip,1,0.6126347
96757,1,test,H_pchip,1,0.46188274
97998,1,test,H_pchip,0,0.018489897
102708,1,test,H_pchip,1,0.96115077
105271,1,test,H_pchip,1,0.76240903
114318,1,test,H_pchip,1,0.5459364
120088,1,test,H_pchip,1,0.73405045
127579,1,test,H_pchip,0,-0.2793907
129407,1,test,H_pchip,1,0.49347326
131155,1,test,H_pchip,1,0.24740475
136645,1,test,H_pchip,1,0.802333
139145,1,test,H_pchip,1,0.9189179
141620,1,test,H_pchip,1,1.0356437
147228,1,test,H_pchip,1,0.6425721
156299,1,test,H_pchip,1,1.1053874
156996,1,test,H_pchip,1,0.9763866
157449,1,test,H_pchip,1,0.70876026
157463,1,test,H_pchip,1,0.662356
161593,1,test,H_pchip,1,1.2241426
163659,1,test,H_pchip,1,0.4890527
167183,1,test,H_pchip,1,0.96621305
169457,1,test,H_pchip,0,0.21699116
171896,1,test,H_pchip,1,0.55476797
172578,1,test,H_pchip,1,1.2973425
181466,1,test,H_pchip,0,0.419343
184874,1,test,H_pchip,1,0.9026089
186379,1,test,H_pchip,1,0.6509369
190049,1,test,H_pchip,1,0.37774155
190176,1,test,H_pchip,0,0.96838415
190187,1,test,H_pchip,0,0.6904657
191335,1,test,H_pchip,0,0.5574208
200131,1,test,H_pchip,1,0.6613464
200858,1,test,H_pchip,1,0.3263523
203461,1,test,H_pchip,1,0.57614344
208652,1,test,H_pchip,1,0.5296189
216287,1,test,H_pchip,0,0.45047656
218529,1,test,H_pchip,1,0.84371054
223651,1,test,H_pchip,1,0.44035137
228543,1,test,H_pchip,1,0.7641251
238407,1,test,H_pchip,0,0.2820595
258335,1,test,H_pchip,0,0.45544344
278134,1,test,H_pchip,1,0.8540054
278836,1,test,H_pchip,1,0.80799884
280705,1,test,H_pchip,0,0.36388764
284088,1,test,H_pchip,0,0.35865673
290944,1,test,H_pchip,0,0.2194117
293205,1,test,H_pchip,0,0.5460287
295284,1,test,H_pchip,0,0.7986723
298058,1,test,H_pchip,1,0.6254072
312434,1,test,H_pchip,1,0.65404904
312810,1,test,H_pchip,1,1.078551
318640,1,test,H_pchip,1,0.9445058
319549,1,test,H_pchip,1,0.6920106
320867,1,test,H_pchip,1,0.7562522
321989,1,test,H_pchip,1,0.94488776
323320,1,test,H_pchip,0,0.2656057
323939,1,test,H_pchip,0,0.5000635
335240,1,test,H_pchip,0,0.23079938
335955,1,test,H_pchip,1,0.50302005
338312,1,test,H_pchip,1,0.35709164
348589,1,test,H_pchip,1,1.1208642
351101,1,test,H_pchip,1,0.67389774
353336,1,test,H_pchip,1,0.36204645
358239,1,test,H_pchip,1,0.71923935
360745,1,test,H_pchip,1,0.9072534
374203,1,test,H_pchip,0,0.3901309
375294,1,test,H_pchip,1,0.75988114
380225,1,test,H_pchip,1,0.63874006
402720,1,test,H_pchip,1,0.9518057
405843,1,test,H_pchip,1,1.1501825
408105,1,test,H_pchip,0,0.5453005
419138,1,test,H_pchip,0,0.30036882
433303,1,test,H_pchip,1,0.71285903
433686,1,test,H_pchip,1,0.7835209
442797,1,test,H_pchip,1,0.77580875
443207,1,test,H_pchip,1,0.711045
443610,1,test,H_pchip,0,0.6249919
444203,1,test,H_pchip,0,0.23611301
445545,1,test,H_pchip,1,0.68892044
450155,1,test,H_pchip,1,1.2092724
451844,1,test,H_pchip,1,1.0971627
460422,1,test,H_pchip,1,0.50567806
460580,1,test,H_pchip,1,0.54291147
461946,1,test,H_pchip,1,0.7047707
463375,1,test,H_pchip,1,0.5855607
465489,1,test,H_pchip,0,0.46848488
466437,1,test,H_pchip,1,0.81324404
468086,1,test,H_pchip,1,0.75327003
468548,1,test,H_pchip,1,0.7174574
474601,1,test,H_pchip,1,0.90385187
477779,1,test,H_pchip,1,0.96583486
479811,1,test,H_pchip,0,0.78093207
480021,1,test,H_pchip,0,1.0280416
480598,1,test,H_pchip,1,0.40471774
484238,1,test,H_pchip,1,0.69575447
486892,1,test,H_pchip,0,0.5205172
488934,1,test,H_pchip,0,0.30473918
498363,1,test,H_pchip,1,1.1525877
507011,1,test,H_pchip,1,0.5537952
510372,1,test,H_pchip,1,0.7193053
511018,1,test,H_pchip,0,0.37625873
512053,1,test,H_pchip,1,0.9058428
517848,1,test,H_pchip,1,0.91779256
520621,1,test,H_pchip,1,0.48591477
525300,1,test,H_pchip,1,0.7174618
532533,1,test,H_pchip,1,0.85103947
537472,1,test,H_pchip,1,0.55165094
544153,1,test,H_pchip,1,0.88059574
544425,1,test,H_pchip,0,0.3282905
544864,1,test,H_pchip,1,0.70551187
550892,1,test,H_pchip,1,0.9216248
552901,1,test,H_pchip,1,0.8030147
554960,1,test,H_pchip,0,0.43428683
555492,1,test,H_pchip,0,0.36882016
559178,1,test,H_pchip,1,0.63888186
566285,1,test,H_pchip,1,0.98275506
567847,1,test,H_pchip,1,0.9392437
569789,1,test,H_pchip,0,0.014147878
573425,1,test,H_pchip,1,0.5742024
586109,1,test,H_pchip,0,0.6082653
589139,1,test,H_pchip,1,0.9853205
592431,1,test,H_pchip,1,1.0025371
592548,1,test,H_pchip,0,0.33809993
595609,1,test,H_pchip,1,0.8498269
599396,1,test,H_pchip,0,0.33161253
618335,1,test,H_pchip,1,0.92753303
619649,1,test,H_pchip,1,0.9458598
624010,1,test,H_pchip,0,0.3350006
624692,1,test,H_pchip,1,0.67951316
627036,1,test,H_pchip,1,0.8194175
629729,1,test,H_pchip,1,0.71465695
644299,1,test,H_pchip,1,0.7470662
644744,1,test,H_pchip,1,1.2001822
649217,1,test,H_pchip,1,0.67105156
649863,1,test,H_pchip,1,0.739025
655410,1,test,H_pchip,1,0.3698436
660061,1,test,H_pchip,1,0.40419337
661193,1,test,H_pchip,0,0.38456318
672172,1,test,H_pchip,1,0.621771
675660,1,test,H_pchip,0,0.1802055
675907,1,test,H_pchip,0,0.38548955
678681,1,test,H_pchip,1,0.6779014
683148,1,test,H_pchip,1,0.8387774
687290,1,test,H_pchip,0,0.34727728
690734,1,test,H_pchip,0,0.18183345
697961,1,test,H_pchip,1,0.7796975
698579,1,test,H_pchip,1,1.0871975
700550,1,test,H_pchip,1,0.7981269
704059,1,test,H_pchip,0,0.7685532
709192,1,test,H_pchip,0,0.3137967
711782,1,test,H_pchip,1,0.87552416
718140,1,test,H_pchip,0,0.52993405
718508,1,test,H_pchip,1,0.9144678
719050,1,test,H_pchip,0,0.43442717
725470,1,test,H_pchip,0,0.21655941
726612,1,test,H_pchip,1,0.8613876
727266,1,test,H_pchip,1,0.50042737
738172,1,test,H_pchip,0,0.5007639
742847,1,test,H_pchip,0,0.70817095
747710,1,test,H_pchip,0,0.73217046
750827,1,test,H_pchip,0,0.59248143
750881,1,test,H_pchip,0,0.5361043
752967,1,test,H_pchip,1,1.0462924
754586,1,test,H_pchip,1,0.6775262
755156,1,test,H_pchip,1,0.95395786
755294,1,test,H_pchip,1,0.8542109
760561,1,test,H_pchip,0,0.46276516
765027,1,test,H_pchip,1,0.43339157
765473,1,test,H_pchip,1,0.60178995
765954,1,test,H_pchip,0,0.10454422
774678,1,test,H_pchip,1,0.78987074
777118,1,test,H_pchip,1,0.695023
779240,1,test,H_pchip,0,0.73373836
781445,1,test,H_pchip,0,0.3406672
789824,1,test,H_pchip,0,0.20566455
806762,1,test,H_pchip,0,0.38794076
809238,1,test,H_pchip,0,1.0099193
822633,1,test,H_pchip,1,0.35574508
825913,1,test,H_pchip,1,0.6926343
828057,1,test,H_pchip,0,0.20939985
829142,1,test,H_pchip,1,0.87371475
829697,1,test,H_pchip,0,0.48213875
834515,1,test,H_pchip,0,0.6878095
835833,1,test,H_pchip,1,0.87189597
836571,1,test,H_pchip,0,0.367221
841534,1,test,H_pchip,0,0.4969116
847036,1,test,H_pchip,1,0.8502173
848723,1,test,H_pchip,1,0.70269537
851816,1,test,H_pchip,0,0.16216746
854069,1,test,H_pchip,1,0.7015275
856302,1,test,H_pchip,0,0.69075304
859236,1,test,H_pchip,0,0.4931301
866895,1,test,H_pchip,0,0.4340917
867398,1,test,H_pchip,0,0.5429873
868318,1,test,H_pchip,0,0.60124534
875038,1,test,H_pchip,1,1.2295446
877486,1,test,H_pchip,1,0.3747499
880466,1,test,H_pchip,1,0.7554328
889657,1,test,H_pchip,1,0.8478407
894409,1,test,H_pchip,1,0.62660646
899067,1,test,H_pchip,0,0.39094758
900762,1,test,H_pchip,1,0.6652587
941626,1,test,H_pchip,1,0.49593621
943672,1,test,H_pchip,1,1.0035102
947197,1,test,H_pchip,1,0.49586964
951465,1,test,H_pchip,0,0.9399567
951654,1,test,H_pchip,0,0.48478752
952219,1,test,H_pchip,0,0.4049584
954440,1,test,H_pchip,1,0.609101
955669,1,test,H_pchip,0,0.35751715
956387,1,test,H_pchip,1,0.19472829
961563,1,test,H_pchip,0,0.4040252
961819,1,test,H_pchip,0,0.15968859
962660,1,test,H_pchip,1,0.5082303
963985,1,test,H_pchip,1,0.99267447
964462,1,test,H_pchip,0,0.50409263
970464,1,test,H_pchip,1,0.9348602
972111,1,test,H_pchip,0,0.22498924
979369,1,test,H_pchip,1,0.970711
979917,1,test,H_pchip,1,0.4708205
979941,1,test,H_pchip,0,0.57674694
980697,1,test,H_pchip,0,0.6240017
982817,1,test,H_pchip,0,0.16818684
984065,1,test,H_pchip,0,0.17375264
986074,1,test,H_pchip,1,0.9097896
986844,1,test,H_pchip,1,0.5076653
987078,1,test,H_pchip,1,0.44892216
987267,1,test,H_pchip,1,0.8327875
989755,1,test,H_pchip,1,1.0715396
991790,1,test,H_pchip,1,0.8522644
993602,1,test,H_pchip,1,0.5855058
994160,1,test,H_pchip,1,1.1202763
1002373,1,test,H_pchip,1,0.90083313
1005171,1,test,H_pchip,1,0.8704928
1006489,1,test,H_pchip,0,0.67016846
1008354,1,test,H_pchip,0,0.6651818
1009347,1,test,H_pchip,1,0.66231537
1020322,1,test,H_pchip,0,0.42702502
1029192,1,test,H_pchip,1,1.073571
1029373,1,test,H_pchip,1,0.78654474
1030940,1,test,H_pchip,1,0.5716844
1046104,1,test,H_pchip,0,0.7453249
1051850,1,test,H_pchip,0,0.5386543
1054838,1,test,H_pchip,0,0.80972767
1064446,1,test,H_pchip,1,1.4005888
1065288,1,test,H_pchip,0,0.7412629
1066534,1,test,H_pchip,1,0.68572307
1067406,1,test,H_pchip,1,0.565266
1069689,1,test,H_pchip,1,0.7943935
1070472,1,test,H_pchip,0,0.48492253
1073839,1,test,H_pchip,0,0.5576066
1074094,1,test,H_pchip,1,0.42572922
1074306,1,test,H_pchip,1,0.68708503
1074427,1,test,H_pchip,1,0.59971315
1074527,1,test,H_pchip,1,0.5778606
1074753,1,test,H_pchip,0,0.4959724
1075557,1,test,H_pchip,1,1.1083934
1075699,1,test,H_pchip,1,0.4294095
1077703,1,test,H_pchip,1,0.6277204
1078392,1,test,H_pchip,1,0.61141825
1078893,1,test,H_pchip,0,0.5076114
1079527,1,test,H_pchip,1,0.64186645
1080214,1,test,H_pchip,1,0.47443712
1080366,1,test,H_pchip,1,0.9470227
1080979,1,test,H_pchip,1,0.73542786
1081798,1,test,H_pchip,0,0.31619528
1082641,1,test,H_pchip,0,0.04785484
1082739,1,test,H_pchip,1,0.64364284
1084185,1,test,H_pchip,0,0.42594606
1084364,1,test,H_pchip,1,0.41133165
1084497,1,test,H_pchip,1,0.632529
1085496,1,test,H_pchip,1,0.6427304
1085579,1,test,H_pchip,1,0.63052046
1085896,1,test,H_pchip,1,1.2339176
1086657,1,test,H_pchip,1,0.88902307
1086770,1,test,H_pchip,1,1.0515475
1086991,1,test,H_pchip,0,0.36342233
1087295,1,test,H_pchip,1,0.6475555
1089310,1,test,H_pchip,0,0.57322514
1090388,1,test,H_pchip,1,0.8354064
1090438,1,test,H_pchip,1,1.0225122
1091071,1,test,H_pchip,1,1.0644664
1091585,1,test,H_pchip,0,0.5265921
1092068,1,test,H_pchip,0,0.21797886
1093139,1,test,H_pchip,0,0.60990196
1093401,1,test,H_pchip,1,0.8369094
1094060,1,test,H_pchip,1,0.9431406
1094259,1,test,H_pchip,1,0.51478064
1096111,1,test,H_pchip,1,0.8173963
1096858,1,test,H_pchip,1,0.87855506
1097215,1,test,H_pchip,1,0.385866
1097324,1,test,H_pchip,1,0.78625107
1099078,1,test,H_pchip,1,0.6276525
1100516,1,test,H_pchip,0,0.50244874
1100923,1,test,H_pchip,1,0.78252006
1103063,1,test,H_pchip,0,0.6906245
1104405,1,test,H_pchip,1,0.7831831
1104599,1,test,H_pchip,1,0.70524913
1104649,1,test,H_pchip,1,0.9439231
1105176,1,test,H_pchip,1,0.5980329
1105837,1,test,H_pchip,1,0.68067384
1105913,1,test,H_pchip,1,0.7590242
1105922,1,test,H_pchip,1,0.79441226
1106300,1,test,H_pchip,1,0.70600015
1107147,1,test,H_pchip,1,0.9767995
1107631,1,test,H_pchip,1,1.1513042
1109275,1,test,H_pchip,1,0.77257013
1109329,1,test,H_pchip,1,0.7665106
1109526,1,test,H_pchip,1,0.6502386
1109829,1,test,H_pchip,1,0.7529484
1111153,1,test,H_pchip,0,0.40130702
1111157,1,test,H_pchip,0,0.86223185
1111471,1,test,H_pchip,1,0.815596
1112111,1,test,H_pchip,1,0.6739872
1113214,1,test,H_pchip,0,0.5947575
1115227,1,test,H_pchip,1,0.4898253
1115322,1,test,H_pchip,1,0.9944922
1115713,1,test,H_pchip,1,0.64152884
1117370,1,test,H_pchip,1,0.98622775
1117921,1,test,H_pchip,1,0.81465334
1117975,1,test,H_pchip,1,0.8883258
1118291,1,test,H_pchip,0,0.26134753
1118436,1,test,H_pchip,1,1.0396998
1118652,1,test,H_pchip,0,0.22509673
1119012,1,test,H_pchip,1,0.4443297
1119591,1,test,H_pchip,1,0.92869115
1119652,1,test,H_pchip,1,0.8043026
1119930,1,test,H_pchip,1,0.8338311
1120326,1,test,H_pchip,1,0.3972984
1120775,1,test,H_pchip,1,0.5628848
1120955,1,test,H_pchip,0,0.54894793
1121493,1,test,H_pchip,0,0.47682905
1121705,1,test,H_pchip,1,1.2371264
1121926,1,test,H_pchip,1,0.62306046
1122956,1,test,H_pchip,1,0.75000066
1122990,1,test,H_pchip,1,0.7272589
1123350,1,test,H_pchip,1,0.7728512
1123551,1,test,H_pchip,0,0.22061682
1124329,1,test,H_pchip,1,0.798019
1124330,1,test,H_pchip,0,0.6613329
1124561,1,test,H_pchip,0,0.48818594
1125348,1,test,H_pchip,0,0.21294317
1125785,1,test,H_pchip,1,0.47668207
1126146,1,test,H_pchip,0,0.11019188
1126656,1,test,H_pchip,0,0.13525838
1127029,1,test,H_pchip,0,0.5195391
1127560,1,test,H_pchip,1,1.1550757
1129053,1,test,H_pchip,1,0.65129733
1129961,1,test,H_pchip,0,0.31901154
1130161,1,test,H_pchip,1,0.3269024
1131297,1,test,H_pchip,0,1.0211425
1131833,1,test,H_pchip,1,0.785852
1134339,1,test,H_pchip,0,0.20391893
1134855,1,test,H_pchip,0,0.40364403
1134927,1,test,H_pchip,1,0.73620844
1135587,1,test,H_pchip,1,1.0972738
1135796,1,test,H_pchip,1,1.0887556
1136524,1,test,H_pchip,0,0.5138152
1136946,1,test,H_pchip,0,0.28044128
1137506,1,test,H_pchip,0,0.36407396
1137818,1,test,H_pchip,1,0.6744751
1138108,1,test,H_pchip,1,0.7916161
1139233,1,test,H_pchip,1,1.2352054
1139249,1,test,H_pchip,1,0.5183319
1139409,1,test,H_pchip,1,0.87341136
1139795,1,test,H_pchip,0,0.08503711
1142126,1,test,H_pchip,0,0.17594808
1142643,1,test,H_pchip,1,0.6774504
1142753,1,test,H_pchip,1,0.7481667
1143415,1,test,H_pchip,1,0.7580925
1143550,1,test,H_pchip,1,0.85926676
1144210,1,test,H_pchip,1,0.69509065
1144260,1,test,H_pchip,0,0.60435885
1144465,1,test,H_pchip,1,0.96818817
1144580,1,test,H_pchip,1,0.74015784
1144621,1,test,H_pchip,1,0.2766903
1144651,1,test,H_pchip,1,0.49015173
1145207,1,test,H_pchip,0,0.534105
1145385,1,test,H_pchip,0,0.70525426
1146057,1,test,H_pchip,0,0.053905845
1146108,1,test,H_pchip,0,0.33285114
1146318,1,test,H_pchip,1,0.43226764
1146323,1,test,H_pchip,0,0.43526042
1146529,1,test,H_pchip,1,1.1750121
1146584,1,test,H_pchip,1,0.7956173
1146771,1,test,H_pchip,0,0.3771664
1146854,1,test,H_pchip,1,0.72132236
1147012,1,test,H_pchip,0,0.42722875
1147189,1,test,H_pchip,1,0.38162124
1148157,1,test,H_pchip,1,0.9043586
1148437,1,test,H_pchip,0,0.679936
1150400,1,test,H_pchip,1,0.42353743
1151387,1,test,H_pchip,0,0.5401971
1151422,1,test,H_pchip,1,0.8668905
1151627,1,test,H_pchip,1,0.7213707
1151789,1,test,H_pchip,1,0.9969012
1152038,1,test,H_pchip,1,0.5710176
1152061,1,test,H_pchip,1,0.628309
1152979,1,test,H_pchip,1,0.4073035
1153702,1,test,H_pchip,0,0.45989725
1153881,1,test,H_pchip,0,0.37617677
1154576,1,test,H_pchip,1,0.40889484
1155404,1,test,H_pchip,0,0.42248794
1155554,1,test,H_pchip,1,0.7608687
1155802,1,test,H_pchip,1,0.73361915
1157101,1,test,H_pchip,1,0.7595237
1157237,1,test,H_pchip,1,0.87646323
1157440,1,test,H_pchip,0,0.647499
1158961,1,test,H_pchip,1,1.2095371
1206308,1,test,H_pchip,0,0.6256195
1206667,1,test,H_pchip,0,0.7332304
1206997,1,test,H_pchip,1,0.93173766
1207140,1,test,H_pchip,1,0.80898887
1207980,1,test,H_pchip,1,0.57485586
1208561,1,test,H_pchip,1,0.95280194
1209776,1,test,H_pchip,0,0.5713598
1209958,1,test,H_pchip,1,0.34682226
1210100,1,test,H_pchip,0,0.096886694
1210485,1,test,H_pchip,1,0.7565099
1210786,1,test,H_pchip,0,0.18454134
1211029,1,test,H_pchip,1,0.80379677
1211042,1,test,H_pchip,1,0.68432635
1211177,1,test,H_pchip,1,0.65116656
1211297,1,test,H_pchip,1,0.67872554
1211505,1,test,H_pchip,1,0.5858776
1211778,1,test,H_pchip,0,0.45189032
1212217,1,test,H_pchip,1,0.4135912
1212354,1,test,H_pchip,0,0.5364598
1212394,1,test,H_pchip,1,0.30958158
1212451,1,test,H_pchip,0,0.22506255
1212582,1,test,H_pchip,1,0.8541121
1213121,1,test,H_pchip,1,0.28794655
1213130,1,test,H_pchip,1,0.5148852
1213344,1,test,H_pchip,1,0.63221276
1213929,1,test,H_pchip,1,0.7888409
1213974,1,test,H_pchip,0,0.4582635
1214144,1,test,H_pchip,0,0.5576303
1215381,1,test,H_pchip,0,0.70807767
1215388,1,test,H_pchip,0,0.3589415
1215586,1,test,H_pchip,0,0.52957284
1216036,1,test,H_pchip,1,0.6416278
1216045,1,test,H_pchip,1,0.632244
1216223,1,test,H_pchip,1,0.75494283
1216691,1,test,H_pchip,1,0.9309075
1216776,1,test,H_pchip,1,0.55867714
1217051,1,test,H_pchip,1,0.9115149
1217243,1,test,H_pchip,1,0.63360673
1217708,1,test,H_pchip,0,0.28588763
1217769,1,test,H_pchip,1,0.41226697
1218062,1,test,H_pchip,1,0.9356909
1218110,1,test,H_pchip,0,0.53970563
1219634,1,test,H_pchip,1,0.6066619
1219898,1,test,H_pchip,1,0.63413835
1219958,1,test,H_pchip,0,0.34099272
1220095,1,test,H_pchip,0,0.6017115
1220226,1,test,H_pchip,0,0.38040233
1220507,1,test,H_pchip,0,0.48742956
1220572,1,test,H_pchip,0,0.52603626
1220694,1,test,H_pchip,1,1.0147464
1221019,1,test,H_pchip,0,0.42368847
1221892,1,test,H_pchip,1,0.84067005
1222069,1,test,H_pchip,1,1.0571005
1222110,1,test,H_pchip,1,0.51420236
1222424,1,test,H_pchip,1,0.5967386
1222589,1,test,H_pchip,1,0.78683037
1222850,1,test,H_pchip,1,0.5251371
1223193,1,test,H_pchip,0,0.56733626
1223272,1,test,H_pchip,1,0.7679515
1223289,1,test,H_pchip,0,0.6260777
1223754,1,test,H_pchip,0,0.5220157
1224109,1,test,H_pchip,0,0.4102933
1224306,1,test,H_pchip,1,0.6889384
1224683,1,test,H_pchip,1,0.6917972
1224968,1,test,H_pchip,1,0.7431405
1225050,1,test,H_pchip,0,0.26751748
1225262,1,test,H_pchip,1,0.372105
1225323,1,test,H_pchip,1,0.62439835
1225648,1,test,H_pchip,0,0.45663652
1225672,1,test,H_pchip,1,0.8274249
1225716,1,test,H_pchip,0,0.569142
1225945,1,test,H_pchip,0,0.05404657
1226065,1,test,H_pchip,1,0.6516982
1226588,1,test,H_pchip,1,1.0516376
1226641,1,test,H_pchip,1,1.0274359
1226825,1,test,H_pchip,1,0.4958149
1226937,1,test,H_pchip,0,0.39020902
1227061,1,test,H_pchip,1,0.7150146
1227106,1,test,H_pchip,1,0.7695351
1227138,1,test,H_pchip,0,0.32226455
1227504,1,test,H_pchip,1,0.5260039
1228528,1,test,H_pchip,0,0.4755092
1228888,1,test,H_pchip,1,0.5611762
1229368,1,test,H_pchip,0,0.5623031
1229574,1,test,H_pchip,0,0.12807041
1229725,1,test,H_pchip,1,1.1609528
1229860,1,test,H_pchip,1,0.78015083
1230265,1,test,H_pchip,1,0.7755118
1230408,1,test,H_pchip,1,0.6183029
1230712,1,test,H_pchip,0,0.66312045
1230724,1,test,H_pchip,1,0.43948376
1230855,1,test,H_pchip,0,0.22928971
1230993,1,test,H_pchip,0,0.28228047
1231114,1,test,H_pchip,1,0.96860456
1231841,1,test,H_pchip,0,0.3732036
1232099,1,test,H_pchip,0,0.7218354
1232676,1,test,H_pchip,1,0.7317807
1233791,1,test,H_pchip,1,0.6050718
1233962,1,test,H_pchip,0,0.44776392
1233970,1,test,H_pchip,1,0.6613878
1234219,1,test,H_pchip,1,0.5750249
1234306,1,test,H_pchip,1,0.23057917
1234549,1,test,H_pchip,0,0.42792964
1234553,1,test,H_pchip,0,0.28712693
1235265,1,test,H_pchip,1,0.6253212
1235275,1,test,H_pchip,0,0.27638388
1235336,1,test,H_pchip,1,0.5292022
1236071,1,test,H_pchip,1,0.585688
1236410,1,test,H_pchip,0,0.12743658
1236418,1,test,H_pchip,1,0.4983469
1236759,1,test,H_pchip,1,0.99539506
1236938,1,test,H_pchip,1,0.56995404
1237075,1,test,H_pchip,0,0.036653996
1237241,1,test,H_pchip,1,0.48445117
1237496,1,test,H_pchip,1,0.6871077
1237716,1,test,H_pchip,0,0.10911238
1237793,1,test,H_pchip,1,0.6896428
1238174,1,test,H_pchip,1,0.41916633
1238215,1,test,H_pchip,1,0.9484514
1238443,1,test,H_pchip,0,0.3799459
1238550,1,test,H_pchip,1,0.96365833
1238574,1,test,H_pchip,0,0.24827743
1238865,1,test,H_pchip,1,0.50851136
1238923,1,test,H_pchip,0,0.48083207
1239038,1,test,H_pchip,0,0.29798222
1239693,1,test,H_pchip,0,0.752933
1239772,1,test,H_pchip,0,0.29445395
1239841,1,test,H_pchip,1,0.67940885
1239988,1,test,H_pchip,0,0.3704702
1240378,1,test,H_pchip,1,0.65409666
1240423,1,test,H_pchip,1,0.6324441
1240598,1,test,H_pchip,1,0.636172
1241453,1,test,H_pchip,0,0.5915957
1241862,1,test,H_pchip,1,0.87736523
1242372,1,test,H_pchip,1,0.6506466
1242535,1,test,H_pchip,1,1.074124
1242667,1,test,H_pchip,0,0.68382335
1242811,1,test,H_pchip,0,0.5884272
1242831,1,test,H_pchip,0,0.46787378
1243018,1,test,H_pchip,1,0.57523096
1243083,1,test,H_pchip,0,0.727798
1243802,1,test,H_pchip,0,0.71728665
1243942,1,test,H_pchip,1,1.0304241
1243992,1,test,H_pchip,1,0.8009853
1244831,1,test,H_pchip,1,0.65100867
1245228,1,test,H_pchip,0,0.3160544
12246,2,val,H_clock,1,0.47341442
15488,2,val,H_clock,1,0.9224982
16787,2,val,H_clock,0,0.810534
20993,2,val,H_clock,1,0.40445456
28836,2,val,H_clock,1,0.5620709
31619,2,val,H_clock,1,0.58721095
32089,2,val,H_clock,0,0.7166909
33225,2,val,H_clock,1,0.6227006
35136,2,val,H_clock,1,0.81153494
38963,2,val,H_clock,1,0.8217443
43310,2,val,H_clock,1,1.0789952
45419,2,val,H_clock,1,0.64680105
62606,2,val,H_clock,1,0.3766568
64928,2,val,H_clock,1,0.30428922
66226,2,val,H_clock,1,0.9956753
68648,2,val,H_clock,0,1.1187514
86896,2,val,H_clock,0,0.522979
88424,2,val,H_clock,1,0.83298814
93202,2,val,H_clock,0,0.5870005
95626,2,val,H_clock,1,1.1319207
100595,2,val,H_clock,0,0.37374312
112715,2,val,H_clock,1,1.0700727
116182,2,val,H_clock,1,0.36610144
121258,2,val,H_clock,1,0.3705634
121744,2,val,H_clock,1,0.75056577
123208,2,val,H_clock,1,0.75818306
125059,2,val,H_clock,1,0.6590058
129040,2,val,H_clock,1,0.8868066
130832,2,val,H_clock,1,0.7454066
139693,2,val,H_clock,0,0.5086904
140328,2,val,H_clock,0,0.5292188
152430,2,val,H_clock,1,0.5528986
154147,2,val,H_clock,1,1.1438725
156299,2,val,H_clock,1,1.1672571
159617,2,val,H_clock,1,0.9048914
162979,2,val,H_clock,1,1.0597961
163659,2,val,H_clock,1,0.51360875
167183,2,val,H_clock,1,0.88437665
169449,2,val,H_clock,1,1.0968721
169727,2,val,H_clock,0,0.59720415
173162,2,val,H_clock,0,0.48586172
175032,2,val,H_clock,0,0.33932608
181466,2,val,H_clock,0,0.5583173
184874,2,val,H_clock,1,0.7830266
186257,2,val,H_clock,0,0.39766487
190187,2,val,H_clock,0,0.86286426
198213,2,val,H_clock,1,0.6536305
202039,2,val,H_clock,0,0.4133566
203640,2,val,H_clock,1,0.9736086
210361,2,val,H_clock,1,0.6202906
216010,2,val,H_clock,1,0.64798594
217013,2,val,H_clock,0,0.7664566
219309,2,val,H_clock,1,0.69004184
226859,2,val,H_clock,0,0.6042428
227399,2,val,H_clock,0,0.62336326
234696,2,val,H_clock,1,0.39554465
245427,2,val,H_clock,1,0.85570973
248666,2,val,H_clock,1,0.7420649
255374,2,val,H_clock,0,0.29082337
271883,2,val,H_clock,1,0.5914032
274322,2,val,H_clock,1,0.8685878
274345,2,val,H_clock,0,0.23117653
274563,2,val,H_clock,1,0.85088074
277012,2,val,H_clock,1,0.54892015
278134,2,val,H_clock,1,0.8589569
282212,2,val,H_clock,1,0.43935072
285801,2,val,H_clock,1,0.6542862
290944,2,val,H_clock,0,0.23209605
305034,2,val,H_clock,0,0.21181825
306770,2,val,H_clock,0,0.6489788
308426,2,val,H_clock,1,0.41643792
310464,2,val,H_clock,1,0.5788875
310596,2,val,H_clock,0,0.15659073
311547,2,val,H_clock,1,0.21577525
311717,2,val,H_clock,0,0.5270158
312810,2,val,H_clock,1,0.951213
313664,2,val,H_clock,1,0.88485855
319549,2,val,H_clock,1,0.7733083
324095,2,val,H_clock,1,0.8485643
331536,2,val,H_clock,1,0.81908214
332529,2,val,H_clock,1,0.90800315
337613,2,val,H_clock,1,0.73443943
338312,2,val,H_clock,1,0.43631074
345087,2,val,H_clock,1,0.83799535
345832,2,val,H_clock,0,0.5615936
348567,2,val,H_clock,1,0.7848993
348988,2,val,H_clock,1,0.9414137
352441,2,val,H_clock,0,0.31016058
353886,2,val,H_clock,0,0.44340107
355783,2,val,H_clock,0,0.45050782
368436,2,val,H_clock,1,0.82445174
370843,2,val,H_clock,1,0.85353726
383287,2,val,H_clock,0,0.41665077
387760,2,val,H_clock,1,0.6265508
398520,2,val,H_clock,1,0.677552
400416,2,val,H_clock,0,0.42990625
400944,2,val,H_clock,1,0.6659832
402364,2,val,H_clock,0,0.17030689
409952,2,val,H_clock,1,0.97734785
412024,2,val,H_clock,1,0.5449818
413554,2,val,H_clock,1,1.11571
419138,2,val,H_clock,0,0.21456411
421493,2,val,H_clock,0,0.24842367
422674,2,val,H_clock,1,0.66596925
431921,2,val,H_clock,0,0.51805276
432168,2,val,H_clock,1,0.9616742
432540,2,val,H_clock,1,0.555208
432906,2,val,H_clock,1,0.71854573
435436,2,val,H_clock,0,0.69744736
445545,2,val,H_clock,1,0.66989124
448027,2,val,H_clock,0,0.25080702
450155,2,val,H_clock,1,1.1869223
451844,2,val,H_clock,1,1.0529418
463298,2,val,H_clock,1,0.8106278
465401,2,val,H_clock,1,0.7576865
467821,2,val,H_clock,0,0.19229576
468086,2,val,H_clock,1,0.77455604
470865,2,val,H_clock,1,0.5881787
477981,2,val,H_clock,1,0.8939845
482448,2,val,H_clock,0,0.6801415
486901,2,val,H_clock,0,0.49507308
487515,2,val,H_clock,1,0.74873847
490818,2,val,H_clock,1,1.0092201
490962,2,val,H_clock,1,1.0214491
493534,2,val,H_clock,0,0.43331814
506609,2,val,H_clock,1,0.92291796
508572,2,val,H_clock,1,0.82653636
513568,2,val,H_clock,0,0.4784065
518232,2,val,H_clock,1,0.6823031
518961,2,val,H_clock,1,0.846522
520017,2,val,H_clock,0,0.27910236
526518,2,val,H_clock,0,0.28265715
528647,2,val,H_clock,1,0.84776115
531193,2,val,H_clock,0,-0.045473695
531462,2,val,H_clock,1,0.6584266
532148,2,val,H_clock,1,0.9614146
535178,2,val,H_clock,1,0.722515
541544,2,val,H_clock,1,0.5086536
544153,2,val,H_clock,1,0.8414713
545205,2,val,H_clock,0,0.19601595
547533,2,val,H_clock,1,0.91115725
556177,2,val,H_clock,0,0.41564518
563033,2,val,H_clock,0,0.73791164
570135,2,val,H_clock,0,0.54085314
573425,2,val,H_clock,1,0.7043497
578084,2,val,H_clock,0,0.73076266
578406,2,val,H_clock,1,1.0181412
580750,2,val,H_clock,0,0.31646144
581298,2,val,H_clock,1,0.71866065
585465,2,val,H_clock,1,0.5686417
589139,2,val,H_clock,1,1.0042528
593504,2,val,H_clock,1,1.0995398
597579,2,val,H_clock,1,0.9791267
598821,2,val,H_clock,0,0.2707249
612720,2,val,H_clock,1,0.912913
615119,2,val,H_clock,1,0.8057279
619649,2,val,H_clock,1,0.7296527
620975,2,val,H_clock,1,0.56956637
624977,2,val,H_clock,0,0.46926478
627036,2,val,H_clock,1,0.9394033
629729,2,val,H_clock,1,0.70125306
644744,2,val,H_clock,1,1.0862702
651309,2,val,H_clock,0,0.30009383
653987,2,val,H_clock,0,0.15938261
657533,2,val,H_clock,1,0.5070218
660061,2,val,H_clock,1,0.41949284
660533,2,val,H_clock,0,0.4748395
661193,2,val,H_clock,0,0.46239448
673553,2,val,H_clock,1,0.7095617
677928,2,val,H_clock,1,0.8438532
681205,2,val,H_clock,1,0.704722
681852,2,val,H_clock,1,0.47370964
682914,2,val,H_clock,1,0.7474971
686482,2,val,H_clock,1,0.86240536
689380,2,val,H_clock,1,0.30854118
690904,2,val,H_clock,1,0.8824863
695455,2,val,H_clock,0,0.46927744
697961,2,val,H_clock,1,0.7512063
700550,2,val,H_clock,1,0.68517166
704317,2,val,H_clock,0,0.21287319
705906,2,val,H_clock,1,0.854933
707482,2,val,H_clock,1,0.4988929
707873,2,val,H_clock,1,0.4914657
714644,2,val,H_clock,1,1.0898275
715113,2,val,H_clock,1,0.6070563
718140,2,val,H_clock,0,0.47533113
719050,2,val,H_clock,0,0.5248022
719439,2,val,H_clock,1,0.72089475
726126,2,val,H_clock,0,0.11839837
726953,2,val,H_clock,0,0.16808683
738715,2,val,H_clock,0,0.64017504
743380,2,val,H_clock,1,0.5386458
744145,2,val,H_clock,0,0.4311679
745143,2,val,H_clock,0,0.38899443
745489,2,val,H_clock,1,0.5160349
746867,2,val,H_clock,0,0.3427334
747906,2,val,H_clock,0,0.47087544
749268,2,val,H_clock,1,0.90317917
752967,2,val,H_clock,1,1.0113231
752970,2,val,H_clock,0,0.42047542
755914,2,val,H_clock,1,0.8616918
757410,2,val,H_clock,0,0.90867853
765618,2,val,H_clock,1,0.595865
766763,2,val,H_clock,1,0.8214469
767066,2,val,H_clock,1,0.663666
769720,2,val,H_clock,1,0.5346113
770052,2,val,H_clock,0,0.37656483
803606,2,val,H_clock,1,0.7117237
804052,2,val,H_clock,1,0.77230686
806326,2,val,H_clock,0,0.49371943
807529,2,val,H_clock,0,0.74676806
813769,2,val,H_clock,0,0.35211414
820530,2,val,H_clock,1,0.771956
822633,2,val,H_clock,1,0.3199331
827739,2,val,H_clock,0,0.085244656
829943,2,val,H_clock,1,0.765625
833210,2,val,H_clock,1,0.7066377
834130,2,val,H_clock,0,0.2782666
834393,2,val,H_clock,0,0.21441242
834446,2,val,H_clock,1,0.8934938
835833,2,val,H_clock,1,0.9172926
836931,2,val,H_clock,1,0.98487663
844104,2,val,H_clock,1,0.3937192
848723,2,val,H_clock,1,0.5633912
849297,2,val,H_clock,1,0.6505751
853842,2,val,H_clock,1,0.6341632
857171,2,val,H_clock,1,0.5969738
857521,2,val,H_clock,0,0.6333574
857621,2,val,H_clock,1,0.73687303
859236,2,val,H_clock,0,0.48253512
867398,2,val,H_clock,0,0.56586254
867481,2,val,H_clock,0,0.46051458
868318,2,val,H_clock,0,0.30311412
873206,2,val,H_clock,1,0.88671213
875241,2,val,H_clock,1,0.6557161
876098,2,val,H_clock,1,0.26776764
877486,2,val,H_clock,1,0.35982037
880466,2,val,H_clock,1,0.7247902
885222,2,val,H_clock,0,0.57755464
898035,2,val,H_clock,1,0.5551759
899067,2,val,H_clock,0,0.4108786
899206,2,val,H_clock,1,1.137852
899668,2,val,H_clock,1,0.6466866
903654,2,val,H_clock,1,0.6350618
935158,2,val,H_clock,1,0.9215517
953310,2,val,H_clock,1,1.044195
953656,2,val,H_clock,0,0.5849796
957325,2,val,H_clock,1,0.7131371
959771,2,val,H_clock,1,1.0698974
960726,2,val,H_clock,0,0.2189441
961563,2,val,H_clock,0,0.3864224
962643,2,val,H_clock,1,0.5989915
963182,2,val,H_clock,1,0.6552411
963540,2,val,H_clock,1,0.6680972
967064,2,val,H_clock,1,0.40493035
972111,2,val,H_clock,0,0.16328752
975370,2,val,H_clock,0,0.90802026
976220,2,val,H_clock,1,0.97493327
978990,2,val,H_clock,0,0.4691804
982055,2,val,H_clock,0,0.35494497
982477,2,val,H_clock,0,0.36361277
982545,2,val,H_clock,1,0.58405775
983856,2,val,H_clock,1,1.1680092
983916,2,val,H_clock,1,0.39711267
985152,2,val,H_clock,1,0.3841291
987657,2,val,H_clock,1,0.9617897
988590,2,val,H_clock,1,0.74945813
989038,2,val,H_clock,1,0.99286246
990510,2,val,H_clock,1,1.0972657
991790,2,val,H_clock,1,0.7673907
993731,2,val,H_clock,1,0.8390057
994160,2,val,H_clock,1,1.1263082
994960,2,val,H_clock,0,0.36579973
995346,2,val,H_clock,0,0.7460773
1000434,2,val,H_clock,1,0.52015775
1002373,2,val,H_clock,1,0.8762349
1002968,2,val,H_clock,1,1.0537632
1005095,2,val,H_clock,1,0.36049846
1006489,2,val,H_clock,0,0.7205593
1013371,2,val,H_clock,1,0.3350311
1021541,2,val,H_clock,1,0.35044184
1030940,2,val,H_clock,1,0.57591563
1033938,2,val,H_clock,0,0.54937947
1036745,2,val,H_clock,1,0.7461555
1040848,2,val,H_clock,0,0.6907771
1042457,2,val,H_clock,0,0.33608294
1048580,2,val,H_clock,1,0.65282637
1049886,2,val,H_clock,1,1.0461831
1050525,2,val,H_clock,1,0.9157251
1056454,2,val,H_clock,1,0.6076126
1057961,2,val,H_clock,0,0.695685
1058939,2,val,H_clock,1,0.5999464
1058965,2,val,H_clock,1,0.88873017
1061023,2,val,H_clock,1,0.9813621
1065129,2,val,H_clock,1,0.6409222
1068977,2,val,H_clock,0,0.45227414
1069003,2,val,H_clock,0,0.47810832
1071801,2,val,H_clock,0,0.37616336
1073471,2,val,H_clock,1,0.80904716
1073751,2,val,H_clock,1,0.36599144
1073787,2,val,H_clock,1,0.75985235
1074093,2,val,H_clock,1,0.5635198
1075990,2,val,H_clock,0,0.14968571
1076383,2,val,H_clock,1,0.48192072
1077013,2,val,H_clock,1,0.618005
1078392,2,val,H_clock,1,0.5478647
1079219,2,val,H_clock,0,0.06739378
1079586,2,val,H_clock,0,0.33391652
1079656,2,val,H_clock,1,0.37807417
1079923,2,val,H_clock,0,0.17940399
1080470,2,val,H_clock,1,0.0013472438
1081738,2,val,H_clock,1,0.80429715
1082124,2,val,H_clock,1,0.6859071
1084347,2,val,H_clock,0,0.9079494
1085496,2,val,H_clock,1,0.67654556
1087391,2,val,H_clock,0,0.26156375
1087667,2,val,H_clock,1,0.91348
1087796,2,val,H_clock,0,0.30157667
1088918,2,val,H_clock,1,0.69112635
1089436,2,val,H_clock,0,0.6054616
1089796,2,val,H_clock,1,0.9003422
1090438,2,val,H_clock,1,1.1476626
1090543,2,val,H_clock,1,0.5234556
1092437,2,val,H_clock,1,0.79903924
1092848,2,val,H_clock,1,0.46510023
1092889,2,val,H_clock,1,0.813851
1092948,2,val,H_clock,1,0.6696154
1093743,2,val,H_clock,0,0.10552615
1093823,2,val,H_clock,1,0.84268755
1094730,2,val,H_clock,0,0.4559619
1097465,2,val,H_clock,1,0.8100593
1097474,2,val,H_clock,1,0.9461713
1098204,2,val,H_clock,1,0.8880463
1099234,2,val,H_clock,1,0.7671037
1099979,2,val,H_clock,0,0.38600746
1101522,2,val,H_clock,0,0.56512517
1102276,2,val,H_clock,1,0.6832147
1102856,2,val,H_clock,1,0.25789315
1103434,2,val,H_clock,0,0.5531082
1103891,2,val,H_clock,1,0.4482875
1104649,2,val,H_clock,1,0.91249144
1105121,2,val,H_clock,0,0.21408176
1105241,2,val,H_clock,0,0.34738442
1105299,2,val,H_clock,0,0.4727376
1105715,2,val,H_clock,1,0.7168286
1107359,2,val,H_clock,1,0.72637874
1107910,2,val,H_clock,1,0.75878125
1109280,2,val,H_clock,1,0.86690366
1109782,2,val,H_clock,1,0.53507406
1111153,2,val,H_clock,0,0.36520928
1111157,2,val,H_clock,0,0.9129096
1111426,2,val,H_clock,0,0.4972775
1111513,2,val,H_clock,1,1.0285327
1111920,2,val,H_clock,1,0.78113216
1112811,2,val,H_clock,1,1.0404847
1113155,2,val,H_clock,0,0.60077256
1113398,2,val,H_clock,1,0.45996973
1115212,2,val,H_clock,1,0.70507014
1115427,2,val,H_clock,1,0.5798311
1116007,2,val,H_clock,0,0.26766118
1116601,2,val,H_clock,0,0.42076093
1116926,2,val,H_clock,1,0.92192733
1117576,2,val,H_clock,0,0.5779071
1117714,2,val,H_clock,1,0.47513878
1117752,2,val,H_clock,1,0.56306833
1117975,2,val,H_clock,1,0.82323956
1118436,2,val,H_clock,1,1.0115294
1118542,2,val,H_clock,0,0.3953789
1118849,2,val,H_clock,1,0.6587523
1119248,2,val,H_clock,1,1.0687373
1119520,2,val,H_clock,0,0.36523706
1119526,2,val,H_clock,1,0.5248033
1119652,2,val,H_clock,1,0.72705704
1119666,2,val,H_clock,1,0.7933091
1119802,2,val,H_clock,1,0.8448391
1119855,2,val,H_clock,0,0.47972435
1120326,2,val,H_clock,1,0.44022506
1120436,2,val,H_clock,0,0.38284513
1120645,2,val,H_clock,0,0.14032444
1120684,2,val,H_clock,0,0.518666
1120869,2,val,H_clock,0,0.46331006
1121493,2,val,H_clock,0,0.49397922
1121705,2,val,H_clock,1,1.0613924
1121914,2,val,H_clock,1,0.9857266
1122025,2,val,H_clock,1,0.20970154
1122057,2,val,H_clock,0,0.41322988
1122513,2,val,H_clock,1,0.402224
1123015,2,val,H_clock,0,0.4086787
1123071,2,val,H_clock,1,0.6613869
1124095,2,val,H_clock,1,0.6448895
1125442,2,val,H_clock,1,0.8024384
1127285,2,val,H_clock,0,0.59941405
1127560,2,val,H_clock,1,0.9888059
1128117,2,val,H_clock,1,0.9660423
1128350,2,val,H_clock,1,0.4894225
1129711,2,val,H_clock,0,0.5730855
1129961,2,val,H_clock,0,0.38176212
1131906,2,val,H_clock,1,1.0836511
1132251,2,val,H_clock,1,0.5194136
1132255,2,val,H_clock,0,0.55708456
1132760,2,val,H_clock,0,0.64294636
1133011,2,val,H_clock,0,0.73408157
1133607,2,val,H_clock,1,0.8685887
1134095,2,val,H_clock,1,0.69974
1134921,2,val,H_clock,1,0.5566364
1135094,2,val,H_clock,0,0.53833145
1135191,2,val,H_clock,0,0.43550754
1136524,2,val,H_clock,0,0.43862253
1136723,2,val,H_clock,0,0.33294848
1136790,2,val,H_clock,1,0.6609348
1136946,2,val,H_clock,0,0.2886172
1136981,2,val,H_clock,1,1.0442917
1137743,2,val,H_clock,1,0.9401368
1137897,2,val,H_clock,1,0.81710076
1138757,2,val,H_clock,1,0.48829252
1139275,2,val,H_clock,1,0.89115644
1140239,2,val,H_clock,1,0.5468472
1141115,2,val,H_clock,1,1.1834242
1141596,2,val,H_clock,0,0.6672847
1142051,2,val,H_clock,1,0.66291386
1142643,2,val,H_clock,1,0.7157724
1142724,2,val,H_clock,0,0.43747425
1143116,2,val,H_clock,0,0.33536497
1143964,2,val,H_clock,1,0.7419624
1144198,2,val,H_clock,1,0.8138714
1144614,2,val,H_clock,1,0.74059904
1145385,2,val,H_clock,0,0.6745619
1145450,2,val,H_clock,0,0.6245595
1145704,2,val,H_clock,1,0.8853774
1146057,2,val,H_clock,0,0.11383742
1146465,2,val,H_clock,0,0.42367482
1146999,2,val,H_clock,1,0.6030246
1147005,2,val,H_clock,0,0.32770374
1147122,2,val,H_clock,1,0.90638936
1147843,2,val,H_clock,1,1.0312562
1148270,2,val,H_clock,0,0.42330265
1149196,2,val,H_clock,0,0.6483502
1149831,2,val,H_clock,1,0.9833329
1149904,2,val,H_clock,0,0.57796425
1150324,2,val,H_clock,0,0.47248694
1150911,2,val,H_clock,0,0.4051573
1151371,2,val,H_clock,1,1.0839062
1151387,2,val,H_clock,0,0.6149739
1151393,2,val,H_clock,1,0.7937461
1151510,2,val,H_clock,0,0.24875668
1152877,2,val,H_clock,0,0.34493038
1153056,2,val,H_clock,1,0.7123967
1153155,2,val,H_clock,1,0.7346606
1153931,2,val,H_clock,1,0.7721464
1155546,2,val,H_clock,1,0.7050039
1155802,2,val,H_clock,1,0.7389269
1156057,2,val,H_clock,0,0.71711993
1156739,2,val,H_clock,1,0.82669526
1156847,2,val,H_clock,1,0.7401636
1156904,2,val,H_clock,1,0.6211441
1157181,2,val,H_clock,1,1.0401971
1205869,2,val,H_clock,1,0.8271849
1205937,2,val,H_clock,0,0.5137677
1206010,2,val,H_clock,0,0.7712965
1206766,2,val,H_clock,1,0.37919387
1207435,2,val,H_clock,1,0.91590774
1207793,2,val,H_clock,1,0.4050306
1207923,2,val,H_clock,1,1.141242
1208350,2,val,H_clock,1,0.82524
1208880,2,val,H_clock,1,0.5943965
1209469,2,val,H_clock,1,0.8659307
1209502,2,val,H_clock,0,0.25583303
1209699,2,val,H_clock,0,0.8881969
1210123,2,val,H_clock,0,0.53382295
1210315,2,val,H_clock,0,0.20164636
1211177,2,val,H_clock,1,0.6063996
1211297,2,val,H_clock,1,0.7040094
1211321,2,val,H_clock,1,0.65602386
1211878,2,val,H_clock,1,0.86685795
1212103,2,val,H_clock,1,0.59538347
1212313,2,val,H_clock,0,0.39636165
1212354,2,val,H_clock,0,0.5122156
1212394,2,val,H_clock,1,0.3336353
1212797,2,val,H_clock,1,0.8584433
1213174,2,val,H_clock,1,0.42092496
1213716,2,val,H_clock,1,0.99317396
1213929,2,val,H_clock,1,0.7222787
1214506,2,val,H_clock,1,0.8699206
1215252,2,val,H_clock,0,0.22718209
1215332,2,val,H_clock,0,0.14147833
1215381,2,val,H_clock,0,0.74447644
1215388,2,val,H_clock,0,0.29440272
1215420,2,val,H_clock,1,0.4806994
1215443,2,val,H_clock,0,0.44436538
1215869,2,val,H_clock,0,0.5412817
1216904,2,val,H_clock,0,0.032375097
1217080,2,val,H_clock,1,1.0751938
1217218,2,val,H_clock,0,0.31003603
1217635,2,val,H_clock,1,0.71412766
1217769,2,val,H_clock,1,0.6214793
1218335,2,val,H_clock,1,0.89457864
1218829,2,val,H_clock,1,0.8429494
1219765,2,val,H_clock,1,0.88378274
1219935,2,val,H_clock,1,1.1140554
1220475,2,val,H_clock,0,0.22275761
1220500,2,val,H_clock,1,0.84230304
1220605,2,val,H_clock,1,0.9337748
1220959,2,val,H_clock,1,0.6678467
1221268,2,val,H_clock,1,0.47820228
1221554,2,val,H_clock,0,0.6566462
1221883,2,val,H_clock,0,0.32476148
1222037,2,val,H_clock,1,0.60539585
1223272,2,val,H_clock,1,0.84713805
1223459,2,val,H_clock,1,0.8927555
1223585,2,val,H_clock,1,0.60772943
1223773,2,val,H_clock,1,0.9025111
1223866,2,val,H_clock,1,0.56303585
1223969,2,val,H_clock,1,0.78362715
1224121,2,val,H_clock,0,0.26382315
1224698,2,val,H_clock,0,0.57533807
1225046,2,val,H_clock,0,0.6615043
1225751,2,val,H_clock,1,0.6356048
1225914,2,val,H_clock,0,0.28800765
1226824,2,val,H_clock,0,0.49952352
1227195,2,val,H_clock,1,1.1708156
1228020,2,val,H_clock,1,0.8546219
1228509,2,val,H_clock,1,0.96857035
1228820,2,val,H_clock,0,0.29797447
1229766,2,val,H_clock,1,1.2653502
1229837,2,val,H_clock,0,0.30398571
1229860,2,val,H_clock,1,0.7388745
1229920,2,val,H_clock,1,0.7400288
1230241,2,val,H_clock,1,0.8133849
1230259,2,val,H_clock,1,0.60761136
1230724,2,val,H_clock,1,0.51543945
1230781,2,val,H_clock,0,0.07339394
1230810,2,val,H_clock,1,0.6547665
1231114,2,val,H_clock,1,1.0254335
1231343,2,val,H_clock,1,1.0305946
1231638,2,val,H_clock,1,0.8375258
1232033,2,val,H_clock,0,0.37270162
1232188,2,val,H_clock,1,0.7979908
1232333,2,val,H_clock,1,0.8138137
1233203,2,val,H_clock,1,0.82809615
1233777,2,val,H_clock,1,1.0612246
1233962,2,val,H_clock,0,0.43184862
1233970,2,val,H_clock,1,0.64701504
1234198,2,val,H_clock,0,0.043142855
1235172,2,val,H_clock,0,0.681349
1235254,2,val,H_clock,0,0.28059515
1235265,2,val,H_clock,1,0.55012906
1235697,2,val,H_clock,1,0.6345447
1236071,2,val,H_clock,1,0.66083235
1236083,2,val,H_clock,0,0.45353538
1236734,2,val,H_clock,1,0.3068757
1237352,2,val,H_clock,1,0.48614866
1237367,2,val,H_clock,1,0.63082826
1237508,2,val,H_clock,1,0.45111647
1237839,2,val,H_clock,0,0.2562392
1237971,2,val,H_clock,1,0.69504756
1238001,2,val,H_clock,0,0.30144173
1238292,2,val,H_clock,0,0.5607328
1239029,2,val,H_clock,1,0.6751959
1239095,2,val,H_clock,1,0.87714916
1239127,2,val,H_clock,0,0.9043211
1239331,2,val,H_clock,1,0.62703323
1239701,2,val,H_clock,0,0.681465
1239881,2,val,H_clock,1,0.8404336
1240282,2,val,H_clock,0,0.25941885
1240710,2,val,H_clock,1,0.63936985
1241104,2,val,H_clock,0,0.18421373
1241185,2,val,H_clock,0,0.49893165
1242267,2,val,H_clock,1,0.7317166
1242283,2,val,H_clock,0,0.36213765
1243098,2,val,H_clock,1,0.7752335
1243427,2,val,H_clock,1,0.25317684
1243514,2,val,H_clock,1,1.449127
1243942,2,val,H_clock,1,0.92318857
1244606,2,val,H_clock,1,0.7780134
1244680,2,val,H_clock,1,0.6639374
1245566,2,val,H_clock,1,0.33780482
1245696,2,val,H_clock,1,0.65691364
1246095,2,val,H_clock,1,0.66534084
1246508,2,val,H_clock,0,0.21389344
17109,2,test,H_clock,1,0.56428796
22019,2,test,H_clock,0,0.22857612
30603,2,test,H_clock,1,0.62793034
36502,2,test,H_clock,0,0.3250648
42908,2,test,H_clock,1,0.78085023
52327,2,test,H_clock,1,1.1487539
52609,2,test,H_clock,1,0.75741535
54828,2,test,H_clock,1,1.2303205
61867,2,test,H_clock,0,0.3982936
63449,2,test,H_clock,0,0.38529798
65596,2,test,H_clock,0,0.42794454
68483,2,test,H_clock,1,0.67074436
70693,2,test,H_clock,0,0.6263881
74146,2,test,H_clock,0,0.6669958
85978,2,test,H_clock,1,0.514482
86305,2,test,H_clock,1,0.80631506
86310,2,test,H_clock,1,0.6064484
91934,2,test,H_clock,0,0.3630057
93011,2,test,H_clock,0,0.41908306
98629,2,test,H_clock,1,0.3455987
102312,2,test,H_clock,1,0.8436692
105772,2,test,H_clock,1,1.2258306
108509,2,test,H_clock,1,0.5205034
113763,2,test,H_clock,0,0.59724015
121544,2,test,H_clock,1,0.64291096
132583,2,test,H_clock,0,0.35744458
143353,2,test,H_clock,1,0.7421802
144004,2,test,H_clock,0,0.38057053
157463,2,test,H_clock,1,0.72970545
160103,2,test,H_clock,1,0.66851586
160197,2,test,H_clock,1,0.479922
163423,2,test,H_clock,1,0.8439617
164362,2,test,H_clock,1,0.36231333
165324,2,test,H_clock,0,0.27020636
166451,2,test,H_clock,1,0.7959805
167707,2,test,H_clock,1,0.7562996
180001,2,test,H_clock,0,0.21671987
181034,2,test,H_clock,1,0.7993638
182595,2,test,H_clock,0,0.5166542
183219,2,test,H_clock,0,0.7116426
184704,2,test,H_clock,0,0.38314503
190049,2,test,H_clock,1,0.43583047
203461,2,test,H_clock,1,0.56038684
208652,2,test,H_clock,1,0.60907626
216589,2,test,H_clock,1,0.76861715
218529,2,test,H_clock,1,0.92307323
220792,2,test,H_clock,0,0.5126214
223651,2,test,H_clock,1,0.5407891
229959,2,test,H_clock,1,0.97875917
234398,2,test,H_clock,0,0.29757866
234471,2,test,H_clock,0,0.18398497
240229,2,test,H_clock,0,0.30012712
250983,2,test,H_clock,0,0.7513766
252362,2,test,H_clock,0,0.56991136
271298,2,test,H_clock,0,0.5395344
274179,2,test,H_clock,0,1.1054251
275882,2,test,H_clock,1,0.8827226
278098,2,test,H_clock,0,0.47179013
278230,2,test,H_clock,0,0.38545355
278485,2,test,H_clock,0,0.33398533
285173,2,test,H_clock,1,0.61800754
288581,2,test,H_clock,1,0.5615632
293811,2,test,H_clock,0,0.6046589
304034,2,test,H_clock,0,0.1878523
309162,2,test,H_clock,1,1.1785833
309228,2,test,H_clock,1,0.7364409
315569,2,test,H_clock,1,0.8832109
325318,2,test,H_clock,0,0.7783884
327943,2,test,H_clock,1,0.798474
335403,2,test,H_clock,0,0.40200824
345895,2,test,H_clock,1,0.9577824
350707,2,test,H_clock,0,0.47802103
353416,2,test,H_clock,1,0.5342288
354035,2,test,H_clock,1,0.4045089
360745,2,test,H_clock,1,0.79108924
367686,2,test,H_clock,0,0.49150932
369915,2,test,H_clock,1,0.819112
372332,2,test,H_clock,1,0.6500385
374203,2,test,H_clock,0,0.46284005
376880,2,test,H_clock,1,0.8735743
377217,2,test,H_clock,1,0.6028248
383626,2,test,H_clock,1,0.7523223
384429,2,test,H_clock,0,0.55897987
391348,2,test,H_clock,0,0.5432841
398295,2,test,H_clock,0,0.3389753
398592,2,test,H_clock,1,0.8259673
400980,2,test,H_clock,1,0.9470588
403399,2,test,H_clock,0,0.43952537
405843,2,test,H_clock,1,1.1185437
409579,2,test,H_clock,1,0.41638047
410795,2,test,H_clock,1,0.62719953
412716,2,test,H_clock,1,0.97896624
419522,2,test,H_clock,1,0.70052403
432045,2,test,H_clock,0,-0.3093965
432782,2,test,H_clock,0,0.7029809
433303,2,test,H_clock,1,0.7397059
438187,2,test,H_clock,1,0.90450746
442019,2,test,H_clock,0,0.6854497
442797,2,test,H_clock,1,0.813924
442895,2,test,H_clock,1,0.90352523
443207,2,test,H_clock,1,0.8349309
443610,2,test,H_clock,0,0.75781435
445318,2,test,H_clock,0,0.4473113
451415,2,test,H_clock,1,0.5284836
460422,2,test,H_clock,1,0.5560879
460580,2,test,H_clock,1,0.6149178
463375,2,test,H_clock,1,0.75687975
465763,2,test,H_clock,1,0.94167113
468342,2,test,H_clock,1,0.72137135
469078,2,test,H_clock,1,0.56629384
476977,2,test,H_clock,1,0.62960947
477285,2,test,H_clock,1,0.4410137
486523,2,test,H_clock,0,0.4613247
488255,2,test,H_clock,0,0.31795728
490630,2,test,H_clock,1,0.6453602
492132,2,test,H_clock,0,0.4341662
492492,2,test,H_clock,0,0.562766
507011,2,test,H_clock,1,0.5495249
508867,2,test,H_clock,1,0.6596721
511417,2,test,H_clock,1,0.7379202
512053,2,test,H_clock,1,0.8292375
512180,2,test,H_clock,1,0.7778197
515887,2,test,H_clock,1,0.5754333
516493,2,test,H_clock,0,0.5036898
525973,2,test,H_clock,0,0.55144656
529750,2,test,H_clock,0,0.15502292
536935,2,test,H_clock,1,0.51720196
549363,2,test,H_clock,0,0.32688957
552901,2,test,H_clock,1,0.9024403
555492,2,test,H_clock,0,0.48925868
559178,2,test,H_clock,1,0.6683028
565908,2,test,H_clock,0,0.5253606
575773,2,test,H_clock,1,0.8052896
580587,2,test,H_clock,0,0.25231457
581598,2,test,H_clock,1,0.92344284
588986,2,test,H_clock,1,0.9399127
589857,2,test,H_clock,0,0.36581647
591051,2,test,H_clock,1,0.57860523
592121,2,test,H_clock,0,0.59554785
592548,2,test,H_clock,0,0.34012187
595954,2,test,H_clock,1,0.6793705
596445,2,test,H_clock,0,0.36763468
602165,2,test,H_clock,1,0.61993533
604557,2,test,H_clock,1,0.60081804
605762,2,test,H_clock,0,0.2253364
607813,2,test,H_clock,0,0.21900076
610488,2,test,H_clock,0,0.5966987
611309,2,test,H_clock,0,0.5809049
615384,2,test,H_clock,1,0.93412304
617695,2,test,H_clock,0,0.31629902
618335,2,test,H_clock,1,0.8372391
624692,2,test,H_clock,1,0.70995593
626615,2,test,H_clock,0,0.55307126
627587,2,test,H_clock,1,1.0971854
628861,2,test,H_clock,1,0.42602968
644091,2,test,H_clock,1,0.94963807
644443,2,test,H_clock,1,0.97142273
647436,2,test,H_clock,0,0.516318
650259,2,test,H_clock,0,0.4246812
657738,2,test,H_clock,0,0.6469936
660164,2,test,H_clock,1,0.5273186
660433,2,test,H_clock,0,0.6038703
663130,2,test,H_clock,1,0.6610889
663548,2,test,H_clock,1,0.40304884
665050,2,test,H_clock,1,0.44553065
665220,2,test,H_clock,1,0.6545267
671576,2,test,H_clock,0,0.21797326
672172,2,test,H_clock,1,0.7266113
677259,2,test,H_clock,0,0.32797754
681120,2,test,H_clock,1,0.6971803
684963,2,test,H_clock,1,0.81902254
687171,2,test,H_clock,1,0.6403794
690734,2,test,H_clock,0,0.19428357
693326,2,test,H_clock,1,0.7599563
696029,2,test,H_clock,0,0.72743505
699877,2,test,H_clock,0,0.56487364
701498,2,test,H_clock,1,0.7225646
702078,2,test,H_clock,0,0.3433773
702801,2,test,H_clock,0,0.32687625
704059,2,test,H_clock,0,0.78245395
704101,2,test,H_clock,1,0.30289942
709805,2,test,H_clock,1,0.811382
711782,2,test,H_clock,1,0.8600711
711787,2,test,H_clock,1,0.76898587
712016,2,test,H_clock,1,0.72714114
714764,2,test,H_clock,0,0.7671569
715221,2,test,H_clock,1,0.4457137
723474,2,test,H_clock,0,0.18727806
726409,2,test,H_clock,0,0.64302605
726499,2,test,H_clock,0,0.3242606
740043,2,test,H_clock,1,0.7212225
742847,2,test,H_clock,0,0.61636364
743605,2,test,H_clock,1,0.4447106
747584,2,test,H_clock,1,0.69965243
750881,2,test,H_clock,0,0.49001813
751252,2,test,H_clock,0,0.5932185
755294,2,test,H_clock,1,0.82674754
780355,2,test,H_clock,1,0.7394049
789437,2,test,H_clock,1,0.7482776
803706,2,test,H_clock,1,0.54796493
806762,2,test,H_clock,0,0.3482382
808258,2,test,H_clock,0,0.2516509
809234,2,test,H_clock,1,0.70346814
818267,2,test,H_clock,1,0.82272136
829142,2,test,H_clock,1,0.99659467
835463,2,test,H_clock,1,0.75338
839278,2,test,H_clock,1,0.647347
841534,2,test,H_clock,0,0.5689023
841748,2,test,H_clock,1,0.7174092
844964,2,test,H_clock,0,0.6715995
851163,2,test,H_clock,1,0.8435316
851639,2,test,H_clock,1,0.7125956
854069,2,test,H_clock,1,0.6891717
855223,2,test,H_clock,1,0.85249746
857435,2,test,H_clock,1,0.63496846
860381,2,test,H_clock,0,0.18754637
861607,2,test,H_clock,0,0.5158377
872844,2,test,H_clock,1,0.9689349
877831,2,test,H_clock,0,0.29238158
878721,2,test,H_clock,0,0.77349997
882885,2,test,H_clock,1,0.80284035
883112,2,test,H_clock,1,0.86007357
883479,2,test,H_clock,0,0.7152165
885394,2,test,H_clock,1,0.67621875
899469,2,test,H_clock,1,0.8787348
900762,2,test,H_clock,1,0.7193783
900957,2,test,H_clock,1,0.98041004
924232,2,test,H_clock,0,0.3975336
934409,2,test,H_clock,0,0.5462515
941626,2,test,H_clock,1,0.44340506
947197,2,test,H_clock,1,0.59688145
951246,2,test,H_clock,0,0.08438647
954440,2,test,H_clock,1,0.73984253
956387,2,test,H_clock,1,0.22613907
963985,2,test,H_clock,1,0.99937654
966701,2,test,H_clock,0,0.42439157
968655,2,test,H_clock,0,0.2201362
976523,2,test,H_clock,1,0.83332586
977714,2,test,H_clock,1,0.8993641
979369,2,test,H_clock,1,0.9535165
980871,2,test,H_clock,1,0.8913689
981562,2,test,H_clock,0,0.66490775
986260,2,test,H_clock,1,0.7016014
986510,2,test,H_clock,1,0.6612613
989331,2,test,H_clock,1,0.8358878
991197,2,test,H_clock,0,0.5912886
991829,2,test,H_clock,1,0.48920098
993100,2,test,H_clock,1,0.9075505
993602,2,test,H_clock,1,0.7287055
995694,2,test,H_clock,1,0.61705554
996219,2,test,H_clock,0,0.25222498
996551,2,test,H_clock,0,0.45593807
1000725,2,test,H_clock,1,0.5900853
1001535,2,test,H_clock,1,0.6377278
1003409,2,test,H_clock,1,0.71870553
1005121,2,test,H_clock,1,1.0194602
1005171,2,test,H_clock,1,0.92174804
1005619,2,test,H_clock,1,0.6757547
1007363,2,test,H_clock,0,0.63775766
1058429,2,test,H_clock,1,0.81733876
1061584,2,test,H_clock,1,0.4155272
1062066,2,test,H_clock,0,0.57951164
1066534,2,test,H_clock,1,0.6464549
1067041,2,test,H_clock,1,1.1851606
1067177,2,test,H_clock,1,0.548438
1068069,2,test,H_clock,1,0.727136
1068151,2,test,H_clock,0,0.38764396
1068390,2,test,H_clock,1,0.6902894
1068426,2,test,H_clock,1,0.8554615
1068928,2,test,H_clock,0,0.63032615
1069432,2,test,H_clock,1,0.9220289
1069948,2,test,H_clock,1,0.9778962
1070002,2,test,H_clock,1,0.3990249
1070070,2,test,H_clock,1,0.75849396
1070173,2,test,H_clock,1,1.0233276
1071053,2,test,H_clock,0,0.36841932
1071949,2,test,H_clock,1,0.42369294
1072395,2,test,H_clock,1,0.7574435
1073214,2,test,H_clock,1,0.7185668
1073232,2,test,H_clock,0,0.55766565
1073268,2,test,H_clock,1,0.5641281
1073839,2,test,H_clock,0,0.45478928
1074312,2,test,H_clock,0,0.49293482
1074427,2,test,H_clock,1,0.6159079
1074571,2,test,H_clock,1,0.5397367
1074753,2,test,H_clock,0,0.41030484
1075228,2,test,H_clock,1,1.1487452
1075404,2,test,H_clock,1,0.9477644
1075699,2,test,H_clock,1,0.39411405
1077606,2,test,H_clock,1,0.82092184
1079282,2,test,H_clock,1,0.7273384
1081059,2,test,H_clock,1,0.39886147
1081377,2,test,H_clock,0,0.10789579
1081798,2,test,H_clock,0,0.26955536
1082290,2,test,H_clock,0,0.54363215
1082987,2,test,H_clock,0,0.1592175
1084214,2,test,H_clock,1,0.84861976
1084630,2,test,H_clock,1,0.94263285
1085216,2,test,H_clock,0,0.110419095
1086129,2,test,H_clock,1,0.61834645
1086243,2,test,H_clock,1,0.81793314
1086770,2,test,H_clock,1,0.9676591
1086772,2,test,H_clock,1,0.7147488
1087850,2,test,H_clock,0,0.4565939
1089310,2,test,H_clock,0,0.7056872
1089629,2,test,H_clock,0,0.6408507
1091748,2,test,H_clock,1,1.2963643
1093139,2,test,H_clock,0,0.5354363
1093650,2,test,H_clock,1,1.0684812
1094011,2,test,H_clock,1,0.5712885
1094046,2,test,H_clock,1,0.70389646
1094897,2,test,H_clock,1,0.89290476
1095869,2,test,H_clock,1,0.9200829
1095940,2,test,H_clock,1,1.0608823
1096850,2,test,H_clock,1,0.65512145
1096858,2,test,H_clock,1,0.74108595
1098886,2,test,H_clock,1,0.97570574
1103930,2,test,H_clock,1,0.59383714
1104113,2,test,H_clock,1,0.5984624
1104452,2,test,H_clock,1,0.8723376
1104592,2,test,H_clock,1,0.6305275
1105198,2,test,H_clock,0,0.674372
1105837,2,test,H_clock,1,0.7478659
1106300,2,test,H_clock,1,0.592923
1106596,2,test,H_clock,0,0.4489193
1107096,2,test,H_clock,1,0.8133411
1107291,2,test,H_clock,0,0.34470683
1107631,2,test,H_clock,1,1.163008
1108050,2,test,H_clock,1,1.0248871
1109506,2,test,H_clock,1,0.75919956
1109526,2,test,H_clock,1,0.6913197
1109598,2,test,H_clock,1,1.228688
1109983,2,test,H_clock,1,0.7009617
1111098,2,test,H_clock,1,0.86278147
1111860,2,test,H_clock,1,0.80245245
1113294,2,test,H_clock,1,0.8686323
1113365,2,test,H_clock,1,0.6487271
1113808,2,test,H_clock,0,0.2753685
1115713,2,test,H_clock,1,0.7536537
1116144,2,test,H_clock,1,0.9672959
1116479,2,test,H_clock,0,0.4779061
1116580,2,test,H_clock,1,0.7145214
1117063,2,test,H_clock,0,0.44115707
1117243,2,test,H_clock,1,0.7887607
1117669,2,test,H_clock,0,0.30407336
1117701,2,test,H_clock,1,0.86175203
1117869,2,test,H_clock,1,0.9345778
1118191,2,test,H_clock,1,0.7887194
1118291,2,test,H_clock,0,0.25867215
1118398,2,test,H_clock,1,0.50199395
1118511,2,test,H_clock,1,0.6968173
1118641,2,test,H_clock,0,0.08356595
1119092,2,test,H_clock,1,0.4599167
1119930,2,test,H_clock,1,0.90702677
1120836,2,test,H_clock,1,0.8384913
1121365,2,test,H_clock,1,0.88673884
1121559,2,test,H_clock,1,0.99654424
1121672,2,test,H_clock,1,0.5385702
1121736,2,test,H_clock,0,0.51842254
1121795,2,test,H_clock,1,0.6076744
1121927,2,test,H_clock,1,0.7747605
1122004,2,test,H_clock,0,0.15894863
1122185,2,test,H_clock,1,0.76889294
1122658,2,test,H_clock,1,0.5060847
1122760,2,test,H_clock,0,0.385437
1123435,2,test,H_clock,1,0.6932524
1123551,2,test,H_clock,0,0.3373643
1123858,2,test,H_clock,0,0.41745648
1124152,2,test,H_clock,0,0.72863847
1124180,2,test,H_clock,0,0.29173312
1124482,2,test,H_clock,1,0.648844
1126244,2,test,H_clock,0,0.17577589
1126628,2,test,H_clock,1,0.7855309
1126767,2,test,H_clock,0,0.49759
1127029,2,test,H_clock,0,0.51038563
1127812,2,test,H_clock,1,0.49998802
1128467,2,test,H_clock,1,0.6552309
1128811,2,test,H_clock,0,0.6499435
1129353,2,test,H_clock,0,0.4961779
1129383,2,test,H_clock,1,0.5423955
1129401,2,test,H_clock,1,0.44591728
1130020,2,test,H_clock,1,0.8775302
1130043,2,test,H_clock,1,0.7650671
1130495,2,test,H_clock,1,0.20153785
1130530,2,test,H_clock,0,0.61219287
1131124,2,test,H_clock,1,0.69996285
1131656,2,test,H_clock,1,0.9255249
1132058,2,test,H_clock,1,0.59466714
1132465,2,test,H_clock,1,0.7368592
1132886,2,test,H_clock,0,1.0748093
1133211,2,test,H_clock,1,0.15845466
1134193,2,test,H_clock,1,0.7913363
1134339,2,test,H_clock,0,0.3153135
1135004,2,test,H_clock,0,0.37571955
1136675,2,test,H_clock,1,0.7287749
1136878,2,test,H_clock,1,0.69348407
1137456,2,test,H_clock,0,0.87100714
1137818,2,test,H_clock,1,0.56953806
1138670,2,test,H_clock,1,0.56337905
1138681,2,test,H_clock,1,0.5361221
1138864,2,test,H_clock,1,0.4810651
1140316,2,test,H_clock,1,0.8758464
1142126,2,test,H_clock,0,0.331224
1142188,2,test,H_clock,1,0.77282536
1144028,2,test,H_clock,0,0.6755275
1144147,2,test,H_clock,0,0.4058525
1144488,2,test,H_clock,1,0.67891616
1144757,2,test,H_clock,1,0.6937051
1145720,2,test,H_clock,0,0.8250359
1146563,2,test,H_clock,0,0.56053877
1146584,2,test,H_clock,1,0.7997706
1148113,2,test,H_clock,1,0.36566484
1148157,2,test,H_clock,1,0.9717915
1148282,2,test,H_clock,1,0.70582765
1148607,2,test,H_clock,1,0.7845484
1148756,2,test,H_clock,1,0.57029223
1148957,2,test,H_clock,1,0.8846791
1149553,2,test,H_clock,1,0.83909464
1149963,2,test,H_clock,1,0.6155586
1150067,2,test,H_clock,1,0.81356144
1150178,2,test,H_clock,1,0.7739204
1151052,2,test,H_clock,0,0.5330918
1151422,2,test,H_clock,1,0.8813844
1151513,2,test,H_clock,1,0.53594536
1151818,2,test,H_clock,0,0.2688957
1152700,2,test,H_clock,1,0.75701725
1152707,2,test,H_clock,0,0.89769435
1153263,2,test,H_clock,0,0.30808485
1153649,2,test,H_clock,0,0.671238
1153914,2,test,H_clock,1,0.7717072
1154191,2,test,H_clock,1,1.0394958
1154313,2,test,H_clock,1,0.80187947
1154712,2,test,H_clock,1,0.8016296
1155176,2,test,H_clock,1,0.9158647
1155575,2,test,H_clock,1,0.6634723
1156251,2,test,H_clock,1,0.53189075
1156386,2,test,H_clock,1,0.84974223
1156786,2,test,H_clock,1,0.5155992
1156887,2,test,H_clock,1,0.61482716
1158961,2,test,H_clock,1,1.0976908
1205766,2,test,H_clock,1,0.8895032
1205889,2,test,H_clock,1,0.8587733
1206310,2,test,H_clock,1,0.5386505
1207017,2,test,H_clock,1,0.75978726
1207116,2,test,H_clock,1,1.0759494
1207484,2,test,H_clock,0,0.5273554
1207861,2,test,H_clock,1,1.3589797
1207963,2,test,H_clock,1,0.55312556
1208561,2,test,H_clock,1,1.0092864
1208898,2,test,H_clock,1,0.82981944
1209022,2,test,H_clock,1,0.6387954
1209496,2,test,H_clock,0,0.36049795
1210080,2,test,H_clock,0,0.5463212
1210100,2,test,H_clock,0,0.12241554
1210485,2,test,H_clock,1,0.7394274
1210639,2,test,H_clock,1,0.92883706
1210786,2,test,H_clock,0,0.22537652
1210809,2,test,H_clock,1,0.9065255
1211001,2,test,H_clock,1,0.82623273
1211380,2,test,H_clock,1,0.79236114
1212066,2,test,H_clock,0,0.4692924
1212451,2,test,H_clock,0,0.28557003
1212582,2,test,H_clock,1,0.8421601
1213071,2,test,H_clock,1,0.42498475
1213526,2,test,H_clock,1,0.8733665
1214739,2,test,H_clock,0,0.36664614
1214832,2,test,H_clock,0,0.3100534
1215142,2,test,H_clock,0,0.446299
1215607,2,test,H_clock,0,0.49909294
1216041,2,test,H_clock,1,0.5659887
1216045,2,test,H_clock,1,0.4733249
1216704,2,test,H_clock,1,0.6810353
1216776,2,test,H_clock,1,0.5663825
1217243,2,test,H_clock,1,0.6060162
1218194,2,test,H_clock,1,0.5319255
1218554,2,test,H_clock,1,1.0198121
1218673,2,test,H_clock,1,0.7121586
1219597,2,test,H_clock,0,0.52110493
1219877,2,test,H_clock,1,0.669858
1220226,2,test,H_clock,0,0.32453784
1220426,2,test,H_clock,0,0.54024476
1220526,2,test,H_clock,1,0.60580873
1220699,2,test,H_clock,1,0.582049
1220702,2,test,H_clock,0,0.4131037
1220802,2,test,H_clock,1,1.1130581
1220833,2,test,H_clock,1,0.7652259
1220875,2,test,H_clock,0,0.4285347
1221102,2,test,H_clock,0,0.6338605
1221236,2,test,H_clock,1,0.65740144
1221707,2,test,H_clock,0,0.46334946
1222369,2,test,H_clock,0,0.6579664
1222988,2,test,H_clock,1,0.5641985
1223193,2,test,H_clock,0,0.56014407
1223568,2,test,H_clock,1,0.87315387
1223754,2,test,H_clock,0,0.46556264
1224229,2,test,H_clock,1,1.2088628
1224519,2,test,H_clock,1,1.1414332
1224731,2,test,H_clock,1,0.7623903
1225050,2,test,H_clock,0,0.23142314
1225323,2,test,H_clock,1,0.5453047
1225341,2,test,H_clock,1,0.41276702
1225388,2,test,H_clock,0,0.38321117
1225413,2,test,H_clock,1,1.1010506
1225605,2,test,H_clock,0,0.48852825
1226794,2,test,H_clock,0,0.37503114
1226946,2,test,H_clock,1,0.73395133
1227262,2,test,H_clock,1,0.69867706
1227437,2,test,H_clock,1,0.7645507
1227597,2,test,H_clock,0,0.32680696
1227732,2,test,H_clock,1,0.775417
1227755,2,test,H_clock,1,1.0948005
1227765,2,test,H_clock,1,1.108211
1228018,2,test,H_clock,1,0.37747642
1228461,2,test,H_clock,1,0.93815655
1228842,2,test,H_clock,0,0.13792884
1229345,2,test,H_clock,1,0.92712796
1229605,2,test,H_clock,0,0.352206
1230051,2,test,H_clock,1,0.84846467
1230374,2,test,H_clock,1,0.9264014
1230384,2,test,H_clock,0,0.67488766
1230408,2,test,H_clock,1,0.64756507
1230574,2,test,H_clock,0,0.5580828
1230712,2,test,H_clock,0,0.7715842
1230855,2,test,H_clock,0,0.25483853
1231339,2,test,H_clock,0,0.3933615
1232028,2,test,H_clock,0,0.15722793
1233241,2,test,H_clock,0,0.69994324
1233508,2,test,H_clock,1,0.63414645
1233527,2,test,H_clock,1,0.57505095
1233621,2,test,H_clock,0,0.6876961
1233632,2,test,H_clock,1,0.6207314
1233791,2,test,H_clock,1,0.5426811
1234521,2,test,H_clock,0,0.36105686
1235863,2,test,H_clock,1,0.58011305
1235882,2,test,H_clock,0,0.27987593
1235914,2,test,H_clock,0,0.2769103
1235985,2,test,H_clock,1,0.70562005
1236656,2,test,H_clock,0,0.55359477
1237272,2,test,H_clock,1,0.5402612
1237647,2,test,H_clock,0,0.3038676
1238245,2,test,H_clock,1,0.6701461
1238297,2,test,H_clock,0,0.6662138
1238348,2,test,H_clock,0,0.57727283
1238457,2,test,H_clock,1,0.66607684
1238537,2,test,H_clock,0,0.6313456
1238550,2,test,H_clock,1,0.9356058
1238559,2,test,H_clock,1,0.985979
1238835,2,test,H_clock,1,0.8692391
1238864,2,test,H_clock,1,0.8069717
1238867,2,test,H_clock,1,0.47505277
1238917,2,test,H_clock,0,0.28769505
1238960,2,test,H_clock,1,0.903666
1239042,2,test,H_clock,1,0.3687685
1239079,2,test,H_clock,1,0.59433687
1239224,2,test,H_clock,1,0.53626806
1239283,2,test,H_clock,1,0.44344768
1239427,2,test,H_clock,1,0.78484714
1239611,2,test,H_clock,1,0.70549107
1239907,2,test,H_clock,1,0.6521291
1241318,2,test,H_clock,1,0.25927338
1241362,2,test,H_clock,1,0.90222347
1241625,2,test,H_clock,0,0.50301087
1241779,2,test,H_clock,1,0.60977
1242413,2,test,H_clock,1,0.7686352
1242831,2,test,H_clock,0,0.42484945
1243993,2,test,H_clock,0,0.41216147
1244763,2,test,H_clock,0,0.5304814
1244765,2,test,H_clock,0,0.18805653
1245905,2,test,H_clock,1,0.8923047
1245930,2,test,H_clock,0,0.42659637
1246192,2,test,H_clock,1,0.56005126
1246490,2,test,H_clock,1,0.95381534
1246702,2,test,H_clock,1,0.6881362
12246,2,val,H_global,1,0.4209311
15488,2,val,H_global,1,0.922087
16787,2,val,H_global,0,0.7408961
20993,2,val,H_global,1,0.4077507
28836,2,val,H_global,1,0.5322119
31619,2,val,H_global,1,0.52619666
32089,2,val,H_global,0,0.75362813
33225,2,val,H_global,1,0.5697987
35136,2,val,H_global,1,0.80074155
38963,2,val,H_global,1,0.881876
43310,2,val,H_global,1,1.1122328
45419,2,val,H_global,1,0.63548195
62606,2,val,H_global,1,0.41401237
64928,2,val,H_global,1,0.21738246
66226,2,val,H_global,1,1.005924
68648,2,val,H_global,0,1.0959165
86896,2,val,H_global,0,0.51479167
88424,2,val,H_global,1,0.852246
93202,2,val,H_global,0,0.54838127
95626,2,val,H_global,1,1.1300346
100595,2,val,H_global,0,0.3907718
112715,2,val,H_global,1,1.080095
116182,2,val,H_global,1,0.5100772
121258,2,val,H_global,1,0.37666628
121744,2,val,H_global,1,0.7350026
123208,2,val,H_global,1,0.7327214
125059,2,val,H_global,1,0.6496582
129040,2,val,H_global,1,0.8429996
130832,2,val,H_global,1,0.76899654
139693,2,val,H_global,0,0.4551407
140328,2,val,H_global,0,0.5707004
152430,2,val,H_global,1,0.54529464
154147,2,val,H_global,1,1.1501911
156299,2,val,H_global,1,1.1470984
159617,2,val,H_global,1,0.8882491
162979,2,val,H_global,1,0.9799526
163659,2,val,H_global,1,0.5170242
167183,2,val,H_global,1,0.86093587
169449,2,val,H_global,1,1.1175106
169727,2,val,H_global,0,0.5824845
173162,2,val,H_global,0,0.43704623
175032,2,val,H_global,0,0.26294938
181466,2,val,H_global,0,0.55378324
184874,2,val,H_global,1,0.77572286
186257,2,val,H_global,0,0.42243138
190187,2,val,H_global,0,0.84962463
198213,2,val,H_global,1,0.7083303
202039,2,val,H_global,0,0.45760763
203640,2,val,H_global,1,0.9522123
210361,2,val,H_global,1,0.57610756
216010,2,val,H_global,1,0.6589527
217013,2,val,H_global,0,0.6491108
219309,2,val,H_global,1,0.6780625
226859,2,val,H_global,0,0.5826987
227399,2,val,H_global,0,0.5968637
234696,2,val,H_global,1,0.3756807
245427,2,val,H_global,1,0.75407076
248666,2,val,H_global,1,0.707407
255374,2,val,H_global,0,0.19453192
271883,2,val,H_global,1,0.55281425
274322,2,val,H_global,1,0.85196805
274345,2,val,H_global,0,0.1751726
274563,2,val,H_global,1,0.8691812
277012,2,val,H_global,1,0.5644067
278134,2,val,H_global,1,0.8522223
282212,2,val,H_global,1,0.48103654
285801,2,val,H_global,1,0.67053235
290944,2,val,H_global,0,0.18998042
305034,2,val,H_global,0,0.2519105
306770,2,val,H_global,0,0.63699144
308426,2,val,H_global,1,0.3683839
310464,2,val,H_global,1,0.54578674
310596,2,val,H_global,0,0.1576936
311547,2,val,H_global,1,0.1804888
311717,2,val,H_global,0,0.55988
312810,2,val,H_global,1,0.886815
313664,2,val,H_global,1,0.8304931
319549,2,val,H_global,1,0.7868459
324095,2,val,H_global,1,0.86376417
331536,2,val,H_global,1,0.76160693
332529,2,val,H_global,1,0.80379236
337613,2,val,H_global,1,0.72896963
338312,2,val,H_global,1,0.45760798
345087,2,val,H_global,1,0.8387096
345832,2,val,H_global,0,0.6142553
348567,2,val,H_global,1,0.79810643
348988,2,val,H_global,1,0.9511341
352441,2,val,H_global,0,0.3184308
353886,2,val,H_global,0,0.4993943
355783,2,val,H_global,0,0.37867588
368436,2,val,H_global,1,0.7599618
370843,2,val,H_global,1,0.831587
383287,2,val,H_global,0,0.44690642
387760,2,val,H_global,1,0.63917816
398520,2,val,H_global,1,0.6312623
400416,2,val,H_global,0,0.46558052
400944,2,val,H_global,1,0.71885836
402364,2,val,H_global,0,0.20562002
409952,2,val,H_global,1,1.0078969
412024,2,val,H_global,1,0.5311522
413554,2,val,H_global,1,1.1471307
419138,2,val,H_global,0,0.25025052
421493,2,val,H_global,0,0.26462948
422674,2,val,H_global,1,0.6695361
431921,2,val,H_global,0,0.49038917
432168,2,val,H_global,1,0.9710988
432540,2,val,H_global,1,0.5354753
432906,2,val,H_global,1,0.66196305
435436,2,val,H_global,0,0.7234193
445545,2,val,H_global,1,0.6572601
448027,2,val,H_global,0,0.23305374
450155,2,val,H_global,1,1.1102672
451844,2,val,H_global,1,1.0540005
463298,2,val,H_global,1,0.7783766
465401,2,val,H_global,1,0.7640082
467821,2,val,H_global,0,0.24213403
468086,2,val,H_global,1,0.7940221
470865,2,val,H_global,1,0.6799587
477981,2,val,H_global,1,0.9366302
482448,2,val,H_global,0,0.7270865
486901,2,val,H_global,0,0.5047256
487515,2,val,H_global,1,0.6560828
490818,2,val,H_global,1,1.0382175
490962,2,val,H_global,1,1.0189574
493534,2,val,H_global,0,0.48283264
506609,2,val,H_global,1,0.9245827
508572,2,val,H_global,1,0.821402
513568,2,val,H_global,0,0.49990728
518232,2,val,H_global,1,0.6466132
518961,2,val,H_global,1,0.77141124
520017,2,val,H_global,0,0.2760403
526518,2,val,H_global,0,0.3517777
528647,2,val,H_global,1,0.834166
531193,2,val,H_global,0,0.025499225
531462,2,val,H_global,1,0.6448792
532148,2,val,H_global,1,1.009913
535178,2,val,H_global,1,0.6292761
541544,2,val,H_global,1,0.5710691
544153,2,val,H_global,1,0.85868895
545205,2,val,H_global,0,0.30323216
547533,2,val,H_global,1,0.9843883
556177,2,val,H_global,0,0.47698125
563033,2,val,H_global,0,0.71705097
570135,2,val,H_global,0,0.5744357
573425,2,val,H_global,1,0.75612545
578084,2,val,H_global,0,0.68172896
578406,2,val,H_global,1,1.0154322
580750,2,val,H_global,0,0.32060587
581298,2,val,H_global,1,0.5909987
585465,2,val,H_global,1,0.6036408
589139,2,val,H_global,1,0.9625645
593504,2,val,H_global,1,1.0652463
597579,2,val,H_global,1,0.9274118
598821,2,val,H_global,0,0.3021822
612720,2,val,H_global,1,0.8996016
615119,2,val,H_global,1,0.6865973
619649,2,val,H_global,1,0.80134594
620975,2,val,H_global,1,0.5452018
624977,2,val,H_global,0,0.49027264
627036,2,val,H_global,1,0.8665054
629729,2,val,H_global,1,0.687864
644744,2,val,H_global,1,1.0881455
651309,2,val,H_global,0,0.27121404
653987,2,val,H_global,0,0.185608
657533,2,val,H_global,1,0.5618769
660061,2,val,H_global,1,0.41721475
660533,2,val,H_global,0,0.44436988
661193,2,val,H_global,0,0.4185288
673553,2,val,H_global,1,0.63657683
677928,2,val,H_global,1,0.7912345
681205,2,val,H_global,1,0.7410813
681852,2,val,H_global,1,0.46240035
682914,2,val,H_global,1,0.74177706
686482,2,val,H_global,1,0.8021275
689380,2,val,H_global,1,0.30217403
690904,2,val,H_global,1,0.9455267
695455,2,val,H_global,0,0.40640098
697961,2,val,H_global,1,0.75663286
700550,2,val,H_global,1,0.73620725
704317,2,val,H_global,0,0.17972538
705906,2,val,H_global,1,0.90240425
707482,2,val,H_global,1,0.530241
707873,2,val,H_global,1,0.51429164
714644,2,val,H_global,1,1.1153474
715113,2,val,H_global,1,0.5650848
718140,2,val,H_global,0,0.50124156
719050,2,val,H_global,0,0.52598566
719439,2,val,H_global,1,0.8027942
726126,2,val,H_global,0,0.13819069
726953,2,val,H_global,0,0.1753608
738715,2,val,H_global,0,0.5491914
743380,2,val,H_global,1,0.5689767
744145,2,val,H_global,0,0.48706824
745143,2,val,H_global,0,0.42037943
745489,2,val,H_global,1,0.5535687
746867,2,val,H_global,0,0.3338095
747906,2,val,H_global,0,0.5271493
749268,2,val,H_global,1,0.89895004
752967,2,val,H_global,1,1.0175639
752970,2,val,H_global,0,0.32388046
755914,2,val,H_global,1,0.83960813
757410,2,val,H_global,0,0.90002537
765618,2,val,H_global,1,0.62145877
766763,2,val,H_global,1,0.84197557
767066,2,val,H_global,1,0.74095225
769720,2,val,H_global,1,0.57517403
770052,2,val,H_global,0,0.39908117
803606,2,val,H_global,1,0.72046757
804052,2,val,H_global,1,0.74623114
806326,2,val,H_global,0,0.489834
807529,2,val,H_global,0,0.7271268
813769,2,val,H_global,0,0.42308632
820530,2,val,H_global,1,0.8072373
822633,2,val,H_global,1,0.2722324
827739,2,val,H_global,0,0.14019498
829943,2,val,H_global,1,0.779019
833210,2,val,H_global,1,0.7093237
834130,2,val,H_global,0,0.3478591
834393,2,val,H_global,0,0.22704807
834446,2,val,H_global,1,0.85236275
835833,2,val,H_global,1,1.0019182
836931,2,val,H_global,1,0.86016524
844104,2,val,H_global,1,0.3875271
848723,2,val,H_global,1,0.5549418
849297,2,val,H_global,1,0.69516534
853842,2,val,H_global,1,0.7316519
857171,2,val,H_global,1,0.6215094
857521,2,val,H_global,0,0.6340288
857621,2,val,H_global,1,0.7637196
859236,2,val,H_global,0,0.4463589
867398,2,val,H_global,0,0.5750324
867481,2,val,H_global,0,0.5003936
868318,2,val,H_global,0,0.4498229
873206,2,val,H_global,1,0.8639517
875241,2,val,H_global,1,0.6557022
876098,2,val,H_global,1,0.26716688
877486,2,val,H_global,1,0.34876275
880466,2,val,H_global,1,0.76889664
885222,2,val,H_global,0,0.53699493
898035,2,val,H_global,1,0.60876465
899067,2,val,H_global,0,0.41484472
899206,2,val,H_global,1,1.0413398
899668,2,val,H_global,1,0.5946499
903654,2,val,H_global,1,0.63368714
935158,2,val,H_global,1,1.0581328
953310,2,val,H_global,1,1.0431534
953656,2,val,H_global,0,0.6012367
957325,2,val,H_global,1,0.6539629
959771,2,val,H_global,1,1.081395
960726,2,val,H_global,0,0.25630742
961563,2,val,H_global,0,0.34022573
962643,2,val,H_global,1,0.58315694
963182,2,val,H_global,1,0.68945605
963540,2,val,H_global,1,0.6565842
967064,2,val,H_global,1,0.38019723
972111,2,val,H_global,0,0.14650857
975370,2,val,H_global,0,0.9245552
976220,2,val,H_global,1,0.9197911
978990,2,val,H_global,0,0.49368203
982055,2,val,H_global,0,0.36409894
982477,2,val,H_global,0,0.3450351
982545,2,val,H_global,1,0.59021175
983856,2,val,H_global,1,1.1118524
983916,2,val,H_global,1,0.31329355
985152,2,val,H_global,1,0.33474895
987657,2,val,H_global,1,0.9089689
988590,2,val,H_global,1,0.6490165
989038,2,val,H_global,1,0.9957547
990510,2,val,H_global,1,1.0755033
991790,2,val,H_global,1,0.83063054
993731,2,val,H_global,1,0.8498156
994160,2,val,H_global,1,1.1033651
994960,2,val,H_global,0,0.37688944
995346,2,val,H_global,0,0.68098235
1000434,2,val,H_global,1,0.45669132
1002373,2,val,H_global,1,0.8866159
1002968,2,val,H_global,1,1.0918018
1005095,2,val,H_global,1,0.3475823
1006489,2,val,H_global,0,0.67825276
1013371,2,val,H_global,1,0.39700973
1021541,2,val,H_global,1,0.31343383
1030940,2,val,H_global,1,0.579802
1033938,2,val,H_global,0,0.5094515
1036745,2,val,H_global,1,0.8123387
1040848,2,val,H_global,0,0.6383944
1042457,2,val,H_global,0,0.3104956
1048580,2,val,H_global,1,0.67360806
1049886,2,val,H_global,1,1.0752418
1050525,2,val,H_global,1,0.9395683
1056454,2,val,H_global,1,0.5855839
1057961,2,val,H_global,0,0.7135209
1058939,2,val,H_global,1,0.5831669
1058965,2,val,H_global,1,0.8497227
1061023,2,val,H_global,1,0.9574611
1065129,2,val,H_global,1,0.6510191
1068977,2,val,H_global,0,0.40877604
1069003,2,val,H_global,0,0.4725966
1071801,2,val,H_global,0,0.37027982
1073471,2,val,H_global,1,0.79171866
1073751,2,val,H_global,1,0.39864388
1073787,2,val,H_global,1,0.7086258
1074093,2,val,H_global,1,0.6131499
1075990,2,val,H_global,0,0.090248704
1076383,2,val,H_global,1,0.47748607
1077013,2,val,H_global,1,0.5496888
1078392,2,val,H_global,1,0.4815231
1079219,2,val,H_global,0,0.050965905
1079586,2,val,H_global,0,0.32013226
1079656,2,val,H_global,1,0.35049537
1079923,2,val,H_global,0,0.3024167
1080470,2,val,H_global,1,0.07528722
1081738,2,val,H_global,1,0.81037676
1082124,2,val,H_global,1,0.5863435
1084347,2,val,H_global,0,0.9230093
1085496,2,val,H_global,1,0.6412433
1087391,2,val,H_global,0,0.27087215
1087667,2,val,H_global,1,0.8737227
1087796,2,val,H_global,0,0.3432031
1088918,2,val,H_global,1,0.63539034
1089436,2,val,H_global,0,0.5812569
1089796,2,val,H_global,1,0.9459901
1090438,2,val,H_global,1,1.1756322
1090543,2,val,H_global,1,0.49972308
1092437,2,val,H_global,1,0.83544123
1092848,2,val,H_global,1,0.41449845
1092889,2,val,H_global,1,0.7777742
1092948,2,val,H_global,1,0.6343491
1093743,2,val,H_global,0,0.040070474
1093823,2,val,H_global,1,0.78752023
1094730,2,val,H_global,0,0.46072006
1097465,2,val,H_global,1,0.80176824
1097474,2,val,H_global,1,0.9134821
1098204,2,val,H_global,1,0.84572434
1099234,2,val,H_global,1,0.7814513
1099979,2,val,H_global,0,0.39315557
1101522,2,val,H_global,0,0.5621579
1102276,2,val,H_global,1,0.7527731
1102856,2,val,H_global,1,0.29912746
1103434,2,val,H_global,0,0.56809556
1103891,2,val,H_global,1,0.48486358
1104649,2,val,H_global,1,0.95101196
1105121,2,val,H_global,0,0.25453073
1105241,2,val,H_global,0,0.29358464
1105299,2,val,H_global,0,0.4734395
1105715,2,val,H_global,1,0.7262825
1107359,2,val,H_global,1,0.7601437
1107910,2,val,H_global,1,0.72702193
1109280,2,val,H_global,1,0.8864992
1109782,2,val,H_global,1,0.47887012
1111153,2,val,H_global,0,0.45592457
1111157,2,val,H_global,0,0.917892
1111426,2,val,H_global,0,0.4732343
1111513,2,val,H_global,1,1.028733
1111920,2,val,H_global,1,0.7668363
1112811,2,val,H_global,1,1.0222138
1113155,2,val,H_global,0,0.6281241
1113398,2,val,H_global,1,0.53782225
1115212,2,val,H_global,1,0.68739176
1115427,2,val,H_global,1,0.55227345
1116007,2,val,H_global,0,0.26210916
1116601,2,val,H_global,0,0.43897593
1116926,2,val,H_global,1,0.94187593
1117576,2,val,H_global,0,0.6277121
1117714,2,val,H_global,1,0.5309511
1117752,2,val,H_global,1,0.60717076
1117975,2,val,H_global,1,0.8981106
1118436,2,val,H_global,1,0.99151516
1118542,2,val,H_global,0,0.38412404
1118849,2,val,H_global,1,0.60817975
1119248,2,val,H_global,1,1.0483236
1119520,2,val,H_global,0,0.24075797
1119526,2,val,H_global,1,0.5367106
1119652,2,val,H_global,1,0.78472537
1119666,2,val,H_global,1,0.86488765
1119802,2,val,H_global,1,0.86571926
1119855,2,val,H_global,0,0.45181936
1120326,2,val,H_global,1,0.4124906
1120436,2,val,H_global,0,0.44113168
1120645,2,val,H_global,0,0.13226008
1120684,2,val,H_global,0,0.520537
1120869,2,val,H_global,0,0.4679494
1121493,2,val,H_global,0,0.42915404
1121705,2,val,H_global,1,1.0280085
1121914,2,val,H_global,1,1.0160351
1122025,2,val,H_global,1,0.16115311
1122057,2,val,H_global,0,0.44402573
1122513,2,val,H_global,1,0.3772795
1123015,2,val,H_global,0,0.38645372
1123071,2,val,H_global,1,0.6091959
1124095,2,val,H_global,1,0.5897607
1125442,2,val,H_global,1,0.7891977
1127285,2,val,H_global,0,0.5818367
1127560,2,val,H_global,1,0.933269
1128117,2,val,H_global,1,0.9878336
1128350,2,val,H_global,1,0.54538447
1129711,2,val,H_global,0,0.5749408
1129961,2,val,H_global,0,0.37452832
1131906,2,val,H_global,1,1.096319
1132251,2,val,H_global,1,0.5310796
1132255,2,val,H_global,0,0.5635732
1132760,2,val,H_global,0,0.66415966
1133011,2,val,H_global,0,0.7092085
1133607,2,val,H_global,1,0.8799411
1134095,2,val,H_global,1,0.69903064
1134921,2,val,H_global,1,0.49646413
1135094,2,val,H_global,0,0.55278474
1135191,2,val,H_global,0,0.44333553
1136524,2,val,H_global,0,0.48976853
1136723,2,val,H_global,0,0.4076785
1136790,2,val,H_global,1,0.671704
1136946,2,val,H_global,0,0.28240952
1136981,2,val,H_global,1,1.0112693
1137743,2,val,H_global,1,0.8584895
1137897,2,val,H_global,1,0.8054451
1138757,2,val,H_global,1,0.48107982
1139275,2,val,H_global,1,0.8283702
1140239,2,val,H_global,1,0.56583804
1141115,2,val,H_global,1,1.1184889
1141596,2,val,H_global,0,0.5586346
1142051,2,val,H_global,1,0.6681757
1142643,2,val,H_global,1,0.6802797
1142724,2,val,H_global,0,0.42324835
1143116,2,val,H_global,0,0.3130775
1143964,2,val,H_global,1,0.7597238
1144198,2,val,H_global,1,0.8131409
1144614,2,val,H_global,1,0.7540786
1145385,2,val,H_global,0,0.6697843
1145450,2,val,H_global,0,0.61551625
1145704,2,val,H_global,1,0.8842742
1146057,2,val,H_global,0,0.11152291
1146465,2,val,H_global,0,0.43846503
1146999,2,val,H_global,1,0.6743463
1147005,2,val,H_global,0,0.33289295
1147122,2,val,H_global,1,0.862081
1147843,2,val,H_global,1,0.99533796
1148270,2,val,H_global,0,0.5579056
1149196,2,val,H_global,0,0.59281635
1149831,2,val,H_global,1,0.96159256
1149904,2,val,H_global,0,0.5427071
1150324,2,val,H_global,0,0.5202733
1150911,2,val,H_global,0,0.38995653
1151371,2,val,H_global,1,1.0071838
1151387,2,val,H_global,0,0.5938059
1151393,2,val,H_global,1,0.72584164
1151510,2,val,H_global,0,0.27125242
1152877,2,val,H_global,0,0.4303426
1153056,2,val,H_global,1,0.70753556
1153155,2,val,H_global,1,0.71887624
1153931,2,val,H_global,1,0.69236666
1155546,2,val,H_global,1,0.6573091
1155802,2,val,H_global,1,0.72322565
1156057,2,val,H_global,0,0.69178027
1156739,2,val,H_global,1,0.8188491
1156847,2,val,H_global,1,0.6809975
1156904,2,val,H_global,1,0.59555644
1157181,2,val,H_global,1,1.042743
1205869,2,val,H_global,1,0.8239398
1205937,2,val,H_global,0,0.56273776
1206010,2,val,H_global,0,0.8356869
1206766,2,val,H_global,1,0.25568286
1207435,2,val,H_global,1,0.92754513
1207793,2,val,H_global,1,0.41403311
1207923,2,val,H_global,1,1.0439051
1208350,2,val,H_global,1,0.8306458
1208880,2,val,H_global,1,0.5758172
1209469,2,val,H_global,1,0.8004271
1209502,2,val,H_global,0,0.28887004
1209699,2,val,H_global,0,0.8397683
1210123,2,val,H_global,0,0.58181256
1210315,2,val,H_global,0,0.2593855
1211177,2,val,H_global,1,0.64735824
1211297,2,val,H_global,1,0.6721829
1211321,2,val,H_global,1,0.6136985
1211878,2,val,H_global,1,0.8413368
1212103,2,val,H_global,1,0.6294299
1212313,2,val,H_global,0,0.36257347
1212354,2,val,H_global,0,0.5339564
1212394,2,val,H_global,1,0.3097901
1212797,2,val,H_global,1,0.8930054
1213174,2,val,H_global,1,0.48735535
1213716,2,val,H_global,1,1.0059543
1213929,2,val,H_global,1,0.73861355
1214506,2,val,H_global,1,0.8375791
1215252,2,val,H_global,0,0.20689127
1215332,2,val,H_global,0,0.16079244
1215381,2,val,H_global,0,0.71809554
1215388,2,val,H_global,0,0.31874806
1215420,2,val,H_global,1,0.51731104
1215443,2,val,H_global,0,0.44755527
1215869,2,val,H_global,0,0.5767493
1216904,2,val,H_global,0,0.032266617
1217080,2,val,H_global,1,1.079853
1217218,2,val,H_global,0,0.28154883
1217635,2,val,H_global,1,0.7231089
1217769,2,val,H_global,1,0.6499662
1218335,2,val,H_global,1,0.83355504
1218829,2,val,H_global,1,0.7752654
1219765,2,val,H_global,1,0.83909214
1219935,2,val,H_global,1,1.0959535
1220475,2,val,H_global,0,0.18615559
1220500,2,val,H_global,1,0.85258675
1220605,2,val,H_global,1,0.8246116
1220959,2,val,H_global,1,0.64179677
1221268,2,val,H_global,1,0.4703769
1221554,2,val,H_global,0,0.6637368
1221883,2,val,H_global,0,0.29881677
1222037,2,val,H_global,1,0.58364356
1223272,2,val,H_global,1,0.8309618
1223459,2,val,H_global,1,0.9003347
1223585,2,val,H_global,1,0.565674
1223773,2,val,H_global,1,0.9263007
1223866,2,val,H_global,1,0.5741568
1223969,2,val,H_global,1,0.78459823
1224121,2,val,H_global,0,0.22833022
1224698,2,val,H_global,0,0.59798104
1225046,2,val,H_global,0,0.6172609
1225751,2,val,H_global,1,0.6597004
1225914,2,val,H_global,0,0.29264617
1226824,2,val,H_global,0,0.49352998
1227195,2,val,H_global,1,1.160278
1228020,2,val,H_global,1,0.8772689
1228509,2,val,H_global,1,0.9712168
1228820,2,val,H_global,0,0.30519024
1229766,2,val,H_global,1,1.3043131
1229837,2,val,H_global,0,0.24175814
1229860,2,val,H_global,1,0.7457602
1229920,2,val,H_global,1,0.749707
1230241,2,val,H_global,1,0.8168348
1230259,2,val,H_global,1,0.65383935
1230724,2,val,H_global,1,0.49793762
1230781,2,val,H_global,0,0.080189824
1230810,2,val,H_global,1,0.643656
1231114,2,val,H_global,1,1.0213459
1231343,2,val,H_global,1,1.0199779
1231638,2,val,H_global,1,0.77362186
1232033,2,val,H_global,0,0.324179
1232188,2,val,H_global,1,0.7797748
1232333,2,val,H_global,1,0.8673135
1233203,2,val,H_global,1,0.8277724
1233777,2,val,H_global,1,1.0039669
1233962,2,val,H_global,0,0.4602201
1233970,2,val,H_global,1,0.6781767
1234198,2,val,H_global,0,0.047453165
1235172,2,val,H_global,0,0.6312089
1235254,2,val,H_global,0,0.27710676
1235265,2,val,H_global,1,0.55767405
1235697,2,val,H_global,1,0.6026063
1236071,2,val,H_global,1,0.6440142
1236083,2,val,H_global,0,0.40306056
1236734,2,val,H_global,1,0.30652454
1237352,2,val,H_global,1,0.48800814
1237367,2,val,H_global,1,0.71275264
1237508,2,val,H_global,1,0.39892745
1237839,2,val,H_global,0,0.3180785
1237971,2,val,H_global,1,0.6777202
1238001,2,val,H_global,0,0.30450147
1238292,2,val,H_global,0,0.5286448
1239029,2,val,H_global,1,0.59098774
1239095,2,val,H_global,1,0.8700775
1239127,2,val,H_global,0,1.0023992
1239331,2,val,H_global,1,0.5903547
1239701,2,val,H_global,0,0.6583163
1239881,2,val,H_global,1,0.8135949
1240282,2,val,H_global,0,0.26399112
1240710,2,val,H_global,1,0.6380504
1241104,2,val,H_global,0,0.17240453
1241185,2,val,H_global,0,0.52819526
1242267,2,val,H_global,1,0.766091
1242283,2,val,H_global,0,0.384415
1243098,2,val,H_global,1,0.7962699
1243427,2,val,H_global,1,0.21915153
1243514,2,val,H_global,1,1.4477497
1243942,2,val,H_global,1,0.9225155
1244606,2,val,H_global,1,0.7421103
1244680,2,val,H_global,1,0.8010032
1245566,2,val,H_global,1,0.31738362
1245696,2,val,H_global,1,0.6383717
1246095,2,val,H_global,1,0.7162768
1246508,2,val,H_global,0,0.24154517
17109,2,test,H_global,1,0.5686794
22019,2,test,H_global,0,0.20311216
30603,2,test,H_global,1,0.62888676
36502,2,test,H_global,0,0.2990912
42908,2,test,H_global,1,0.82917833
52327,2,test,H_global,1,1.1266348
52609,2,test,H_global,1,0.79497993
54828,2,test,H_global,1,1.1369127
61867,2,test,H_global,0,0.3868655
63449,2,test,H_global,0,0.4700256
65596,2,test,H_global,0,0.490468
68483,2,test,H_global,1,0.6928655
70693,2,test,H_global,0,0.6628869
74146,2,test,H_global,0,0.6784772
85978,2,test,H_global,1,0.51240796
86305,2,test,H_global,1,0.7629994
86310,2,test,H_global,1,0.5980152
91934,2,test,H_global,0,0.39117554
93011,2,test,H_global,0,0.36949742
98629,2,test,H_global,1,0.3497926
102312,2,test,H_global,1,0.8350007
105772,2,test,H_global,1,1.2424841
108509,2,test,H_global,1,0.58252215
113763,2,test,H_global,0,0.5761812
121544,2,test,H_global,1,0.6430995
132583,2,test,H_global,0,0.3785392
143353,2,test,H_global,1,0.67329746
144004,2,test,H_global,0,0.41787183
157463,2,test,H_global,1,0.7127632
160103,2,test,H_global,1,0.68341875
160197,2,test,H_global,1,0.43905854
163423,2,test,H_global,1,0.8945563
164362,2,test,H_global,1,0.45570236
165324,2,test,H_global,0,0.2577002
166451,2,test,H_global,1,0.8573646
167707,2,test,H_global,1,0.7976719
180001,2,test,H_global,0,0.2159121
181034,2,test,H_global,1,0.7834294
182595,2,test,H_global,0,0.4715323
183219,2,test,H_global,0,0.70712656
184704,2,test,H_global,0,0.35218373
190049,2,test,H_global,1,0.4682541
203461,2,test,H_global,1,0.5302558
208652,2,test,H_global,1,0.5301045
216589,2,test,H_global,1,0.6578781
218529,2,test,H_global,1,0.9059426
220792,2,test,H_global,0,0.49376786
223651,2,test,H_global,1,0.5191854
229959,2,test,H_global,1,0.94892216
234398,2,test,H_global,0,0.31421047
234471,2,test,H_global,0,0.14901704
240229,2,test,H_global,0,0.3839893
250983,2,test,H_global,0,0.7801384
252362,2,test,H_global,0,0.5682265
271298,2,test,H_global,0,0.4900517
274179,2,test,H_global,0,1.0690244
275882,2,test,H_global,1,0.8458464
278098,2,test,H_global,0,0.4439125
278230,2,test,H_global,0,0.4047917
278485,2,test,H_global,0,0.32447335
285173,2,test,H_global,1,0.5878649
288581,2,test,H_global,1,0.58057016
293811,2,test,H_global,0,0.5359789
304034,2,test,H_global,0,0.11358875
309162,2,test,H_global,1,1.1741717
309228,2,test,H_global,1,0.71874386
315569,2,test,H_global,1,0.9054078
325318,2,test,H_global,0,0.76167035
327943,2,test,H_global,1,0.7716848
335403,2,test,H_global,0,0.36978555
345895,2,test,H_global,1,1.0129575
350707,2,test,H_global,0,0.5220131
353416,2,test,H_global,1,0.53310835
354035,2,test,H_global,1,0.47582817
360745,2,test,H_global,1,0.78127563
367686,2,test,H_global,0,0.51800275
369915,2,test,H_global,1,0.7368454
372332,2,test,H_global,1,0.68060696
374203,2,test,H_global,0,0.44759333
376880,2,test,H_global,1,0.918815
377217,2,test,H_global,1,0.5868616
383626,2,test,H_global,1,0.7473497
384429,2,test,H_global,0,0.50296205
391348,2,test,H_global,0,0.5721719
398295,2,test,H_global,0,0.2845591
398592,2,test,H_global,1,0.7829973
400980,2,test,H_global,1,0.8607723
403399,2,test,H_global,0,0.4669327
405843,2,test,H_global,1,1.1020737
409579,2,test,H_global,1,0.45347798
410795,2,test,H_global,1,0.65404665
412716,2,test,H_global,1,0.9379598
419522,2,test,H_global,1,0.670719
432045,2,test,H_global,0,-0.2590341
432782,2,test,H_global,0,0.687635
433303,2,test,H_global,1,0.70595443
438187,2,test,H_global,1,0.87476104
442019,2,test,H_global,0,0.5745682
442797,2,test,H_global,1,0.84139276
442895,2,test,H_global,1,0.8922891
443207,2,test,H_global,1,0.83058625
443610,2,test,H_global,0,0.77547276
445318,2,test,H_global,0,0.50474924
451415,2,test,H_global,1,0.5127882
460422,2,test,H_global,1,0.52377045
460580,2,test,H_global,1,0.65501094
463375,2,test,H_global,1,0.8158022
465763,2,test,H_global,1,0.97984695
468342,2,test,H_global,1,0.7285987
469078,2,test,H_global,1,0.6365364
476977,2,test,H_global,1,0.644209
477285,2,test,H_global,1,0.4218744
486523,2,test,H_global,0,0.4547828
488255,2,test,H_global,0,0.3019273
490630,2,test,H_global,1,0.6477018
492132,2,test,H_global,0,0.44264176
492492,2,test,H_global,0,0.6271844
507011,2,test,H_global,1,0.5082259
508867,2,test,H_global,1,0.621397
511417,2,test,H_global,1,0.6877335
512053,2,test,H_global,1,0.89095175
512180,2,test,H_global,1,0.8262147
515887,2,test,H_global,1,0.51216614
516493,2,test,H_global,0,0.60230476
525973,2,test,H_global,0,0.4957399
529750,2,test,H_global,0,0.18996227
536935,2,test,H_global,1,0.5338236
549363,2,test,H_global,0,0.30393067
552901,2,test,H_global,1,0.853385
555492,2,test,H_global,0,0.408351
559178,2,test,H_global,1,0.646125
565908,2,test,H_global,0,0.5358666
575773,2,test,H_global,1,0.8017976
580587,2,test,H_global,0,0.27892044
581598,2,test,H_global,1,0.97518396
588986,2,test,H_global,1,0.8919345
589857,2,test,H_global,0,0.38557962
591051,2,test,H_global,1,0.61319155
592121,2,test,H_global,0,0.6295764
592548,2,test,H_global,0,0.26685995
595954,2,test,H_global,1,0.6496131
596445,2,test,H_global,0,0.4065556
602165,2,test,H_global,1,0.6959254
604557,2,test,H_global,1,0.6317787
605762,2,test,H_global,0,0.23353463
607813,2,test,H_global,0,0.19406801
610488,2,test,H_global,0,0.50430995
611309,2,test,H_global,0,0.59971875
615384,2,test,H_global,1,0.9811294
617695,2,test,H_global,0,0.33297497
618335,2,test,H_global,1,0.77725726
624692,2,test,H_global,1,0.7134297
626615,2,test,H_global,0,0.62400156
627587,2,test,H_global,1,1.0771528
628861,2,test,H_global,1,0.49591896
644091,2,test,H_global,1,0.967663
644443,2,test,H_global,1,0.9221668
647436,2,test,H_global,0,0.52772564
650259,2,test,H_global,0,0.43700463
657738,2,test,H_global,0,0.67784005
660164,2,test,H_global,1,0.53317934
660433,2,test,H_global,0,0.5899091
663130,2,test,H_global,1,0.6741495
663548,2,test,H_global,1,0.46758384
665050,2,test,H_global,1,0.40352434
665220,2,test,H_global,1,0.70294374
671576,2,test,H_global,0,0.22796685
672172,2,test,H_global,1,0.6867535
677259,2,test,H_global,0,0.32981232
681120,2,test,H_global,1,0.6470018
684963,2,test,H_global,1,0.7776908
687171,2,test,H_global,1,0.66943485
690734,2,test,H_global,0,0.2697124
693326,2,test,H_global,1,0.7895028
696029,2,test,H_global,0,0.67797506
699877,2,test,H_global,0,0.53249353
701498,2,test,H_global,1,0.6856346
702078,2,test,H_global,0,0.32857728
702801,2,test,H_global,0,0.3244336
704059,2,test,H_global,0,0.7880883
704101,2,test,H_global,1,0.36853093
709805,2,test,H_global,1,0.79321563
711782,2,test,H_global,1,0.8024828
711787,2,test,H_global,1,0.8272818
712016,2,test,H_global,1,0.8346314
714764,2,test,H_global,0,0.7276024
715221,2,test,H_global,1,0.43728495
723474,2,test,H_global,0,0.1933093
726409,2,test,H_global,0,0.57920104
726499,2,test,H_global,0,0.37165624
740043,2,test,H_global,1,0.7550775
742847,2,test,H_global,0,0.52461
743605,2,test,H_global,1,0.4380362
747584,2,test,H_global,1,0.70726687
750881,2,test,H_global,0,0.49975306
751252,2,test,H_global,0,0.5278307
755294,2,test,H_global,1,0.75345093
780355,2,test,H_global,1,0.728262
789437,2,test,H_global,1,0.7502549
803706,2,test,H_global,1,0.5270659
806762,2,test,H_global,0,0.39850843
808258,2,test,H_global,0,0.25709373
809234,2,test,H_global,1,0.64776576
818267,2,test,H_global,1,0.8402772
829142,2,test,H_global,1,0.9868959
835463,2,test,H_global,1,0.7583193
839278,2,test,H_global,1,0.7364207
841534,2,test,H_global,0,0.54043716
841748,2,test,H_global,1,0.64973295
844964,2,test,H_global,0,0.6859332
851163,2,test,H_global,1,0.8132947
851639,2,test,H_global,1,0.72304976
854069,2,test,H_global,1,0.63321286
855223,2,test,H_global,1,0.84566414
857435,2,test,H_global,1,0.67522514
860381,2,test,H_global,0,0.20453611
861607,2,test,H_global,0,0.51132554
872844,2,test,H_global,1,0.95771813
877831,2,test,H_global,0,0.30642897
878721,2,test,H_global,0,0.70640576
882885,2,test,H_global,1,0.817662
883112,2,test,H_global,1,0.8299951
883479,2,test,H_global,0,0.7828681
885394,2,test,H_global,1,0.6380812
899469,2,test,H_global,1,0.79034686
900762,2,test,H_global,1,0.719366
900957,2,test,H_global,1,0.8908845
924232,2,test,H_global,0,0.3633226
934409,2,test,H_global,0,0.51656663
941626,2,test,H_global,1,0.4676262
947197,2,test,H_global,1,0.59034276
951246,2,test,H_global,0,0.06393105
954440,2,test,H_global,1,0.7641215
956387,2,test,H_global,1,0.23039016
963985,2,test,H_global,1,0.9759959
966701,2,test,H_global,0,0.38803145
968655,2,test,H_global,0,0.22593093
976523,2,test,H_global,1,0.82979155
977714,2,test,H_global,1,0.87650645
979369,2,test,H_global,1,0.9098246
980871,2,test,H_global,1,0.90641284
981562,2,test,H_global,0,0.6038858
986260,2,test,H_global,1,0.62692255
986510,2,test,H_global,1,0.6292375
989331,2,test,H_global,1,0.7934551
991197,2,test,H_global,0,0.6528411
991829,2,test,H_global,1,0.5129056
993100,2,test,H_global,1,0.870135
993602,2,test,H_global,1,0.6670817
995694,2,test,H_global,1,0.5801811
996219,2,test,H_global,0,0.23700899
996551,2,test,H_global,0,0.5359184
1000725,2,test,H_global,1,0.5903377
1001535,2,test,H_global,1,0.6212717
1003409,2,test,H_global,1,0.7192529
1005121,2,test,H_global,1,0.97126234
1005171,2,test,H_global,1,0.8302799
1005619,2,test,H_global,1,0.61577994
1007363,2,test,H_global,0,0.6287975
1058429,2,test,H_global,1,0.841365
1061584,2,test,H_global,1,0.43415642
1062066,2,test,H_global,0,0.5957707
1066534,2,test,H_global,1,0.66179335
1067041,2,test,H_global,1,1.1725997
1067177,2,test,H_global,1,0.53449357
1068069,2,test,H_global,1,0.757651
1068151,2,test,H_global,0,0.36861637
1068390,2,test,H_global,1,0.6610788
1068426,2,test,H_global,1,0.8901124
1068928,2,test,H_global,0,0.62488645
1069432,2,test,H_global,1,0.9363229
1069948,2,test,H_global,1,1.0539353
1070002,2,test,H_global,1,0.44626215
1070070,2,test,H_global,1,0.78903896
1070173,2,test,H_global,1,1.0026149
1071053,2,test,H_global,0,0.44815588
1071949,2,test,H_global,1,0.4419406
1072395,2,test,H_global,1,0.825771
1073214,2,test,H_global,1,0.7905887
1073232,2,test,H_global,0,0.5229865
1073268,2,test,H_global,1,0.55536675
1073839,2,test,H_global,0,0.50607175
1074312,2,test,H_global,0,0.50511193
1074427,2,test,H_global,1,0.67538
1074571,2,test,H_global,1,0.5077629
1074753,2,test,H_global,0,0.41823882
1075228,2,test,H_global,1,1.1817379
1075404,2,test,H_global,1,0.8968576
1075699,2,test,H_global,1,0.38115907
1077606,2,test,H_global,1,0.80644274
1079282,2,test,H_global,1,0.7234463
1081059,2,test,H_global,1,0.43320876
1081377,2,test,H_global,0,0.18055567
1081798,2,test,H_global,0,0.27529842
1082290,2,test,H_global,0,0.59584826
1082987,2,test,H_global,0,0.14392278
1084214,2,test,H_global,1,0.7957449
1084630,2,test,H_global,1,0.86859053
1085216,2,test,H_global,0,0.09486443
1086129,2,test,H_global,1,0.6987555
1086243,2,test,H_global,1,0.862191
1086770,2,test,H_global,1,1.0062351
1086772,2,test,H_global,1,0.7242421
1087850,2,test,H_global,0,0.5269104
1089310,2,test,H_global,0,0.63220257
1089629,2,test,H_global,0,0.62992275
1091748,2,test,H_global,1,1.2971725
1093139,2,test,H_global,0,0.5675747
1093650,2,test,H_global,1,1.0948293
1094011,2,test,H_global,1,0.62834644
1094046,2,test,H_global,1,0.7025819
1094897,2,test,H_global,1,0.850235
1095869,2,test,H_global,1,0.95737284
1095940,2,test,H_global,1,1.0694855
1096850,2,test,H_global,1,0.6413236
1096858,2,test,H_global,1,0.75318
1098886,2,test,H_global,1,0.93150294
1103930,2,test,H_global,1,0.6425134
1104113,2,test,H_global,1,0.6556833
1104452,2,test,H_global,1,0.82370454
1104592,2,test,H_global,1,0.61631775
1105198,2,test,H_global,0,0.6780546
1105837,2,test,H_global,1,0.879648
1106300,2,test,H_global,1,0.62771803
1106596,2,test,H_global,0,0.48984033
1107096,2,test,H_global,1,0.75971574
1107291,2,test,H_global,0,0.29135114
1107631,2,test,H_global,1,1.1312493
1108050,2,test,H_global,1,0.9780086
1109506,2,test,H_global,1,0.81192374
1109526,2,test,H_global,1,0.65200764
1109598,2,test,H_global,1,1.2624711
1109983,2,test,H_global,1,0.7370926
1111098,2,test,H_global,1,0.8421814
1111860,2,test,H_global,1,0.7511394
1113294,2,test,H_global,1,0.89246356
1113365,2,test,H_global,1,0.6215329
1113808,2,test,H_global,0,0.25749665
1115713,2,test,H_global,1,0.72391176
1116144,2,test,H_global,1,0.9670289
1116479,2,test,H_global,0,0.51380247
1116580,2,test,H_global,1,0.7285698
1117063,2,test,H_global,0,0.4405286
1117243,2,test,H_global,1,0.77620214
1117669,2,test,H_global,0,0.32484913
1117701,2,test,H_global,1,0.817773
1117869,2,test,H_global,1,0.7424103
1118191,2,test,H_global,1,0.8064692
1118291,2,test,H_global,0,0.23093387
1118398,2,test,H_global,1,0.5475548
1118511,2,test,H_global,1,0.66899836
1118641,2,test,H_global,0,0.07481259
1119092,2,test,H_global,1,0.4929604
1119930,2,test,H_global,1,0.8633478
1120836,2,test,H_global,1,0.92379653
1121365,2,test,H_global,1,0.89517266
1121559,2,test,H_global,1,0.99104965
1121672,2,test,H_global,1,0.5890963
1121736,2,test,H_global,0,0.51226175
1121795,2,test,H_global,1,0.5888974
1121927,2,test,H_global,1,0.8176843
1122004,2,test,H_global,0,0.21124393
1122185,2,test,H_global,1,0.7098534
1122658,2,test,H_global,1,0.44631702
1122760,2,test,H_global,0,0.39326158
1123435,2,test,H_global,1,0.704444
1123551,2,test,H_global,0,0.40352648
1123858,2,test,H_global,0,0.40687072
1124152,2,test,H_global,0,0.7031634
1124180,2,test,H_global,0,0.1799342
1124482,2,test,H_global,1,0.65078884
1126244,2,test,H_global,0,0.14920416
1126628,2,test,H_global,1,0.78258634
1126767,2,test,H_global,0,0.5353283
1127029,2,test,H_global,0,0.54033035
1127812,2,test,H_global,1,0.5118142
1128467,2,test,H_global,1,0.6816602
1128811,2,test,H_global,0,0.63507277
1129353,2,test,H_global,0,0.50011706
1129383,2,test,H_global,1,0.549191
1129401,2,test,H_global,1,0.45599252
1130020,2,test,H_global,1,0.85110945
1130043,2,test,H_global,1,0.81547964
1130495,2,test,H_global,1,0.18412223
1130530,2,test,H_global,0,0.6063589
1131124,2,test,H_global,1,0.70653605
1131656,2,test,H_global,1,0.88786477
1132058,2,test,H_global,1,0.6015218
1132465,2,test,H_global,1,0.7181474
1132886,2,test,H_global,0,1.0009611
1133211,2,test,H_global,1,0.17726955
1134193,2,test,H_global,1,0.754465
1134339,2,test,H_global,0,0.30108678
1135004,2,test,H_global,0,0.41326448
1136675,2,test,H_global,1,0.75328547
1136878,2,test,H_global,1,0.6481822
1137456,2,test,H_global,0,0.8165884
1137818,2,test,H_global,1,0.55893946
1138670,2,test,H_global,1,0.60016
1138681,2,test,H_global,1,0.54992616
1138864,2,test,H_global,1,0.56303203
1140316,2,test,H_global,1,0.8791869
1142126,2,test,H_global,0,0.3360542
1142188,2,test,H_global,1,0.8000201
1144028,2,test,H_global,0,0.69336486
1144147,2,test,H_global,0,0.48436397
1144488,2,test,H_global,1,0.6664227
1144757,2,test,H_global,1,0.736785
1145720,2,test,H_global,0,0.78126335
1146563,2,test,H_global,0,0.587579
1146584,2,test,H_global,1,0.7800956
1148113,2,test,H_global,1,0.40287775
1148157,2,test,H_global,1,0.9327071
1148282,2,test,H_global,1,0.599341
1148607,2,test,H_global,1,0.7601227
1148756,2,test,H_global,1,0.5996959
1148957,2,test,H_global,1,0.96502244
1149553,2,test,H_global,1,0.85298157
1149963,2,test,H_global,1,0.56010026
1150067,2,test,H_global,1,0.9095181
1150178,2,test,H_global,1,0.7878526
1151052,2,test,H_global,0,0.53142
1151422,2,test,H_global,1,0.91052467
1151513,2,test,H_global,1,0.533394
1151818,2,test,H_global,0,0.22312543
1152700,2,test,H_global,1,0.727457
1152707,2,test,H_global,0,0.82778394
1153263,2,test,H_global,0,0.31129235
1153649,2,test,H_global,0,0.6488832
1153914,2,test,H_global,1,0.74417275
1154191,2,test,H_global,1,0.9662252
1154313,2,test,H_global,1,0.811007
1154712,2,test,H_global,1,0.77486676
1155176,2,test,H_global,1,0.8967658
1155575,2,test,H_global,1,0.62363464
1156251,2,test,H_global,1,0.5061333
1156386,2,test,H_global,1,0.7784096
1156786,2,test,H_global,1,0.42819297
1156887,2,test,H_global,1,0.5830711
1158961,2,test,H_global,1,1.0571167
1205766,2,test,H_global,1,0.82819295
1205889,2,test,H_global,1,0.83851624
1206310,2,test,H_global,1,0.5187087
1207017,2,test,H_global,1,0.7735888
1207116,2,test,H_global,1,1.0798918
1207484,2,test,H_global,0,0.541433
1207861,2,test,H_global,1,1.4522678
1207963,2,test,H_global,1,0.5525726
1208561,2,test,H_global,1,0.95950854
1208898,2,test,H_global,1,0.8578688
1209022,2,test,H_global,1,0.66112804
1209496,2,test,H_global,0,0.332427
1210080,2,test,H_global,0,0.51362175
1210100,2,test,H_global,0,0.11350614
1210485,2,test,H_global,1,0.77879405
1210639,2,test,H_global,1,0.9201838
1210786,2,test,H_global,0,0.22228006
1210809,2,test,H_global,1,0.8812174
1211001,2,test,H_global,1,0.7943506
1211380,2,test,H_global,1,0.77542794
1212066,2,test,H_global,0,0.46043348
1212451,2,test,H_global,0,0.35122
1212582,2,test,H_global,1,0.8474487
1213071,2,test,H_global,1,0.40531492
1213526,2,test,H_global,1,0.8275601
1214739,2,test,H_global,0,0.41347766
1214832,2,test,H_global,0,0.29673237
1215142,2,test,H_global,0,0.39909816
1215607,2,test,H_global,0,0.49589157
1216041,2,test,H_global,1,0.5714832
1216045,2,test,H_global,1,0.60995054
1216704,2,test,H_global,1,0.67343444
1216776,2,test,H_global,1,0.557798
1217243,2,test,H_global,1,0.6314661
1218194,2,test,H_global,1,0.48673975
1218554,2,test,H_global,1,1.0316494
1218673,2,test,H_global,1,0.6617789
1219597,2,test,H_global,0,0.46788454
1219877,2,test,H_global,1,0.6628085
1220226,2,test,H_global,0,0.340182
1220426,2,test,H_global,0,0.53918743
1220526,2,test,H_global,1,0.57899797
1220699,2,test,H_global,1,0.50024
1220702,2,test,H_global,0,0.49269122
1220802,2,test,H_global,1,1.12518
1220833,2,test,H_global,1,0.75262344
1220875,2,test,H_global,0,0.42179528
1221102,2,test,H_global,0,0.6591627
1221236,2,test,H_global,1,0.71849376
1221707,2,test,H_global,0,0.45733085
1222369,2,test,H_global,0,0.68746966
1222988,2,test,H_global,1,0.5800024
1223193,2,test,H_global,0,0.56956524
1223568,2,test,H_global,1,0.8822217
1223754,2,test,H_global,0,0.4688421
1224229,2,test,H_global,1,1.1568346
1224519,2,test,H_global,1,1.099651
1224731,2,test,H_global,1,0.7429518
1225050,2,test,H_global,0,0.21611184
1225323,2,test,H_global,1,0.5260689
1225341,2,test,H_global,1,0.402174
1225388,2,test,H_global,0,0.39049995
1225413,2,test,H_global,1,1.1126448
1225605,2,test,H_global,0,0.46354032
1226794,2,test,H_global,0,0.38021103
1226946,2,test,H_global,1,0.8243647
1227262,2,test,H_global,1,0.7285597
1227437,2,test,H_global,1,0.7880044
1227597,2,test,H_global,0,0.34845752
1227732,2,test,H_global,1,0.7775246
1227755,2,test,H_global,1,1.0184432
1227765,2,test,H_global,1,1.0831037
1228018,2,test,H_global,1,0.35946095
1228461,2,test,H_global,1,0.979548
1228842,2,test,H_global,0,0.12565702
1229345,2,test,H_global,1,0.94028544
1229605,2,test,H_global,0,0.39396116
1230051,2,test,H_global,1,0.7851733
1230374,2,test,H_global,1,0.9970974
1230384,2,test,H_global,0,0.6062549
1230408,2,test,H_global,1,0.6446684
1230574,2,test,H_global,0,0.52754724
1230712,2,test,H_global,0,0.74921465
1230855,2,test,H_global,0,0.2666883
1231339,2,test,H_global,0,0.45637822
1232028,2,test,H_global,0,0.14727467
1233241,2,test,H_global,0,0.7632661
1233508,2,test,H_global,1,0.5430509
1233527,2,test,H_global,1,0.5317083
1233621,2,test,H_global,0,0.7015241
1233632,2,test,H_global,1,0.5881837
1233791,2,test,H_global,1,0.5562278
1234521,2,test,H_global,0,0.33855498
1235863,2,test,H_global,1,0.53878176
1235882,2,test,H_global,0,0.32739946
1235914,2,test,H_global,0,0.23139572
1235985,2,test,H_global,1,0.6940629
1236656,2,test,H_global,0,0.55824906
1237272,2,test,H_global,1,0.54679793
1237647,2,test,H_global,0,0.2804037
1238245,2,test,H_global,1,0.66121435
1238297,2,test,H_global,0,0.6317198
1238348,2,test,H_global,0,0.59489477
1238457,2,test,H_global,1,0.73288244
1238537,2,test,H_global,0,0.584336
1238550,2,test,H_global,1,0.9657421
1238559,2,test,H_global,1,1.026819
1238835,2,test,H_global,1,0.85001767
1238864,2,test,H_global,1,0.7454071
1238867,2,test,H_global,1,0.51041687
1238917,2,test,H_global,0,0.29701197
1238960,2,test,H_global,1,0.8942446
1239042,2,test,H_global,1,0.43677908
1239079,2,test,H_global,1,0.62148887
1239224,2,test,H_global,1,0.57791865
1239283,2,test,H_global,1,0.5127528
1239427,2,test,H_global,1,0.767488
1239611,2,test,H_global,1,0.6898562
1239907,2,test,H_global,1,0.6657133
1241318,2,test,H_global,1,0.23538285
1241362,2,test,H_global,1,0.8793036
1241625,2,test,H_global,0,0.44812536
1241779,2,test,H_global,1,0.56418973
1242413,2,test,H_global,1,0.7989594
1242831,2,test,H_global,0,0.37187007
1243993,2,test,H_global,0,0.4534322
1244763,2,test,H_global,0,0.5529095
1244765,2,test,H_global,0,0.14563596
1245905,2,test,H_global,1,0.85333246
1245930,2,test,H_global,0,0.44172728
1246192,2,test,H_global,1,0.5847412
1246490,2,test,H_global,1,0.9355308
1246702,2,test,H_global,1,0.71469253
12246,2,val,H_linear,1,0.48334485
15488,2,val,H_linear,1,0.9129697
16787,2,val,H_linear,0,0.8568041
20993,2,val,H_linear,1,0.4237556
28836,2,val,H_linear,1,0.5867716
31619,2,val,H_linear,1,0.55331826
32089,2,val,H_linear,0,0.65199137
33225,2,val,H_linear,1,0.5653041
35136,2,val,H_linear,1,0.7962587
38963,2,val,H_linear,1,0.91457945
43310,2,val,H_linear,1,1.0936546
45419,2,val,H_linear,1,0.66477466
62606,2,val,H_linear,1,0.39592308
64928,2,val,H_linear,1,0.2678851
66226,2,val,H_linear,1,0.9885359
68648,2,val,H_linear,0,1.1638155
86896,2,val,H_linear,0,0.51726526
88424,2,val,H_linear,1,0.8483939
93202,2,val,H_linear,0,0.54789114
95626,2,val,H_linear,1,1.1583796
100595,2,val,H_linear,0,0.36705163
112715,2,val,H_linear,1,1.0113733
116182,2,val,H_linear,1,0.34511653
121258,2,val,H_linear,1,0.36729378
121744,2,val,H_linear,1,0.7488293
123208,2,val,H_linear,1,0.76209235
125059,2,val,H_linear,1,0.66296875
129040,2,val,H_linear,1,0.869048
130832,2,val,H_linear,1,0.7174178
139693,2,val,H_linear,0,0.47674403
140328,2,val,H_linear,0,0.5095893
152430,2,val,H_linear,1,0.5578263
154147,2,val,H_linear,1,1.1766844
156299,2,val,H_linear,1,1.138125
159617,2,val,H_linear,1,0.80987936
162979,2,val,H_linear,1,1.071004
163659,2,val,H_linear,1,0.5161425
167183,2,val,H_linear,1,0.82507354
169449,2,val,H_linear,1,1.0800233
169727,2,val,H_linear,0,0.6055944
173162,2,val,H_linear,0,0.4828236
175032,2,val,H_linear,0,0.3602924
181466,2,val,H_linear,0,0.50588477
184874,2,val,H_linear,1,0.7926549
186257,2,val,H_linear,0,0.40817195
190187,2,val,H_linear,0,0.81091434
198213,2,val,H_linear,1,0.6626009
202039,2,val,H_linear,0,0.41346693
203640,2,val,H_linear,1,0.9886686
210361,2,val,H_linear,1,0.6376438
216010,2,val,H_linear,1,0.6062789
217013,2,val,H_linear,0,0.739853
219309,2,val,H_linear,1,0.6463356
226859,2,val,H_linear,0,0.6209336
227399,2,val,H_linear,0,0.62818104
234696,2,val,H_linear,1,0.42080575
245427,2,val,H_linear,1,0.8143385
248666,2,val,H_linear,1,0.7284912
255374,2,val,H_linear,0,0.28570053
271883,2,val,H_linear,1,0.6127237
274322,2,val,H_linear,1,0.8549156
274345,2,val,H_linear,0,0.2233403
274563,2,val,H_linear,1,0.87234235
277012,2,val,H_linear,1,0.50250906
278134,2,val,H_linear,1,0.8411864
282212,2,val,H_linear,1,0.39352047
285801,2,val,H_linear,1,0.6325857
290944,2,val,H_linear,0,0.26093772
305034,2,val,H_linear,0,0.2159177
306770,2,val,H_linear,0,0.5625756
308426,2,val,H_linear,1,0.4399302
310464,2,val,H_linear,1,0.5970609
310596,2,val,H_linear,0,0.14605537
311547,2,val,H_linear,1,0.21044418
311717,2,val,H_linear,0,0.5468863
312810,2,val,H_linear,1,0.9755262
313664,2,val,H_linear,1,0.90582997
319549,2,val,H_linear,1,0.75974774
324095,2,val,H_linear,1,0.854791
331536,2,val,H_linear,1,0.8118343
332529,2,val,H_linear,1,0.93314135
337613,2,val,H_linear,1,0.69883966
338312,2,val,H_linear,1,0.43440706
345087,2,val,H_linear,1,0.8021389
345832,2,val,H_linear,0,0.5792181
348567,2,val,H_linear,1,0.72626346
348988,2,val,H_linear,1,0.9689863
352441,2,val,H_linear,0,0.3341891
353886,2,val,H_linear,0,0.4518745
355783,2,val,H_linear,0,0.45569178
368436,2,val,H_linear,1,0.8014455
370843,2,val,H_linear,1,0.81518435
383287,2,val,H_linear,0,0.43264136
387760,2,val,H_linear,1,0.6235646
398520,2,val,H_linear,1,0.6609983
400416,2,val,H_linear,0,0.4036348
400944,2,val,H_linear,1,0.69597304
402364,2,val,H_linear,0,0.18329227
409952,2,val,H_linear,1,0.9835011
412024,2,val,H_linear,1,0.5628683
413554,2,val,H_linear,1,1.1457098
419138,2,val,H_linear,0,0.21136191
421493,2,val,H_linear,0,0.24896836
422674,2,val,H_linear,1,0.64874166
431921,2,val,H_linear,0,0.4897055
432168,2,val,H_linear,1,0.90354764
432540,2,val,H_linear,1,0.53572696
432906,2,val,H_linear,1,0.67318726
435436,2,val,H_linear,0,0.667624
445545,2,val,H_linear,1,0.67034566
448027,2,val,H_linear,0,0.23485258
450155,2,val,H_linear,1,1.2334592
451844,2,val,H_linear,1,1.0338322
463298,2,val,H_linear,1,0.74787456
465401,2,val,H_linear,1,0.58549017
467821,2,val,H_linear,0,0.21398136
468086,2,val,H_linear,1,0.7542028
470865,2,val,H_linear,1,0.55621827
477981,2,val,H_linear,1,0.9059324
482448,2,val,H_linear,0,0.7101798
486901,2,val,H_linear,0,0.4694779
487515,2,val,H_linear,1,0.7710735
490818,2,val,H_linear,1,1.0024183
490962,2,val,H_linear,1,1.049067
493534,2,val,H_linear,0,0.41834587
506609,2,val,H_linear,1,0.93575174
508572,2,val,H_linear,1,0.83020514
513568,2,val,H_linear,0,0.42167658
518232,2,val,H_linear,1,0.64213073
518961,2,val,H_linear,1,0.8480018
520017,2,val,H_linear,0,0.2754919
526518,2,val,H_linear,0,0.3289262
528647,2,val,H_linear,1,0.8212452
531193,2,val,H_linear,0,-0.032281876
531462,2,val,H_linear,1,0.63967437
532148,2,val,H_linear,1,0.91270506
535178,2,val,H_linear,1,0.6858106
541544,2,val,H_linear,1,0.5046147
544153,2,val,H_linear,1,0.8504692
545205,2,val,H_linear,0,0.22244665
547533,2,val,H_linear,1,0.9234574
556177,2,val,H_linear,0,0.43802595
563033,2,val,H_linear,0,0.6786511
570135,2,val,H_linear,0,0.5373771
573425,2,val,H_linear,1,0.7353231
578084,2,val,H_linear,0,0.7131273
578406,2,val,H_linear,1,1.0337826
580750,2,val,H_linear,0,0.35591754
581298,2,val,H_linear,1,0.66371113
585465,2,val,H_linear,1,0.539148
589139,2,val,H_linear,1,0.97933805
593504,2,val,H_linear,1,1.030647
597579,2,val,H_linear,1,0.9899422
598821,2,val,H_linear,0,0.2876493
612720,2,val,H_linear,1,0.90997386
615119,2,val,H_linear,1,0.7079907
619649,2,val,H_linear,1,0.7246162
620975,2,val,H_linear,1,0.61927557
624977,2,val,H_linear,0,0.48401582
627036,2,val,H_linear,1,0.9104064
629729,2,val,H_linear,1,0.70103407
644744,2,val,H_linear,1,1.0767479
651309,2,val,H_linear,0,0.30140996
653987,2,val,H_linear,0,0.18260929
657533,2,val,H_linear,1,0.5087876
660061,2,val,H_linear,1,0.4374587
660533,2,val,H_linear,0,0.48472136
661193,2,val,H_linear,0,0.45087487
673553,2,val,H_linear,1,0.71444595
677928,2,val,H_linear,1,0.8323646
681205,2,val,H_linear,1,0.7559608
681852,2,val,H_linear,1,0.50172865
682914,2,val,H_linear,1,0.73942125
686482,2,val,H_linear,1,0.82837707
689380,2,val,H_linear,1,0.2856398
690904,2,val,H_linear,1,0.89697945
695455,2,val,H_linear,0,0.46065181
697961,2,val,H_linear,1,0.8053628
700550,2,val,H_linear,1,0.70661116
704317,2,val,H_linear,0,0.2248899
705906,2,val,H_linear,1,0.80996567
707482,2,val,H_linear,1,0.5309061
707873,2,val,H_linear,1,0.52059114
714644,2,val,H_linear,1,1.05649
715113,2,val,H_linear,1,0.6231075
718140,2,val,H_linear,0,0.47513872
719050,2,val,H_linear,0,0.4941656
719439,2,val,H_linear,1,0.7532481
726126,2,val,H_linear,0,0.14965218
726953,2,val,H_linear,0,0.20585367
738715,2,val,H_linear,0,0.6145109
743380,2,val,H_linear,1,0.5341118
744145,2,val,H_linear,0,0.4051348
745143,2,val,H_linear,0,0.3996887
745489,2,val,H_linear,1,0.52508926
746867,2,val,H_linear,0,0.3439032
747906,2,val,H_linear,0,0.45090678
749268,2,val,H_linear,1,0.9027009
752967,2,val,H_linear,1,1.0221205
752970,2,val,H_linear,0,0.37905365
755914,2,val,H_linear,1,0.8782308
757410,2,val,H_linear,0,0.9279714
765618,2,val,H_linear,1,0.5917231
766763,2,val,H_linear,1,0.7765107
767066,2,val,H_linear,1,0.67437893
769720,2,val,H_linear,1,0.55259115
770052,2,val,H_linear,0,0.4124782
803606,2,val,H_linear,1,0.716081
804052,2,val,H_linear,1,0.7710029
806326,2,val,H_linear,0,0.46853384
807529,2,val,H_linear,0,0.74843514
813769,2,val,H_linear,0,0.3805843
820530,2,val,H_linear,1,0.8003837
822633,2,val,H_linear,1,0.2942918
827739,2,val,H_linear,0,0.10671836
829943,2,val,H_linear,1,0.70907485
833210,2,val,H_linear,1,0.6550235
834130,2,val,H_linear,0,0.28039396
834393,2,val,H_linear,0,0.2253133
834446,2,val,H_linear,1,0.912866
835833,2,val,H_linear,1,0.9313809
836931,2,val,H_linear,1,1.0047973
844104,2,val,H_linear,1,0.39128134
848723,2,val,H_linear,1,0.604993
849297,2,val,H_linear,1,0.5999479
853842,2,val,H_linear,1,0.66720617
857171,2,val,H_linear,1,0.5752698
857521,2,val,H_linear,0,0.64843833
857621,2,val,H_linear,1,0.72750455
859236,2,val,H_linear,0,0.48845142
867398,2,val,H_linear,0,0.5924953
867481,2,val,H_linear,0,0.4555624
868318,2,val,H_linear,0,0.3135435
873206,2,val,H_linear,1,0.89226127
875241,2,val,H_linear,1,0.63844097
876098,2,val,H_linear,1,0.2751502
877486,2,val,H_linear,1,0.40195432
880466,2,val,H_linear,1,0.7398775
885222,2,val,H_linear,0,0.53567976
898035,2,val,H_linear,1,0.5482519
899067,2,val,H_linear,0,0.4176501
899206,2,val,H_linear,1,1.1456971
899668,2,val,H_linear,1,0.62643737
903654,2,val,H_linear,1,0.69161516
935158,2,val,H_linear,1,0.8282881
953310,2,val,H_linear,1,1.0627514
953656,2,val,H_linear,0,0.60721236
957325,2,val,H_linear,1,0.717909
959771,2,val,H_linear,1,1.0687554
960726,2,val,H_linear,0,0.21916163
961563,2,val,H_linear,0,0.3610574
962643,2,val,H_linear,1,0.5827957
963182,2,val,H_linear,1,0.6959145
963540,2,val,H_linear,1,0.6064715
967064,2,val,H_linear,1,0.41480803
972111,2,val,H_linear,0,0.14278567
975370,2,val,H_linear,0,0.9030212
976220,2,val,H_linear,1,0.95455384
978990,2,val,H_linear,0,0.4379338
982055,2,val,H_linear,0,0.36361736
982477,2,val,H_linear,0,0.37814432
982545,2,val,H_linear,1,0.5846202
983856,2,val,H_linear,1,1.135047
983916,2,val,H_linear,1,0.36269963
985152,2,val,H_linear,1,0.36505422
987657,2,val,H_linear,1,0.9546975
988590,2,val,H_linear,1,0.8523383
989038,2,val,H_linear,1,0.98988074
990510,2,val,H_linear,1,1.1005335
991790,2,val,H_linear,1,0.77463496
993731,2,val,H_linear,1,0.86585563
994160,2,val,H_linear,1,1.136078
994960,2,val,H_linear,0,0.3862993
995346,2,val,H_linear,0,0.74202675
1000434,2,val,H_linear,1,0.38963988
1002373,2,val,H_linear,1,0.89507145
1002968,2,val,H_linear,1,1.0721655
1005095,2,val,H_linear,1,0.3674169
1006489,2,val,H_linear,0,0.7000468
1013371,2,val,H_linear,1,0.3892304
1021541,2,val,H_linear,1,0.3741849
1030940,2,val,H_linear,1,0.55852187
1033938,2,val,H_linear,0,0.56500214
1036745,2,val,H_linear,1,0.79803425
1040848,2,val,H_linear,0,0.7288451
1042457,2,val,H_linear,0,0.33113724
1048580,2,val,H_linear,1,0.661441
1049886,2,val,H_linear,1,1.0392723
1050525,2,val,H_linear,1,0.93155587
1056454,2,val,H_linear,1,0.6060925
1057961,2,val,H_linear,0,0.7094869
1058939,2,val,H_linear,1,0.5777172
1058965,2,val,H_linear,1,0.8529925
1061023,2,val,H_linear,1,1.0096323
1065129,2,val,H_linear,1,0.63990283
1068977,2,val,H_linear,0,0.41902235
1069003,2,val,H_linear,0,0.48847413
1071801,2,val,H_linear,0,0.37075958
1073471,2,val,H_linear,1,0.80726326
1073751,2,val,H_linear,1,0.35300842
1073787,2,val,H_linear,1,0.7930947
1074093,2,val,H_linear,1,0.5397361
1075990,2,val,H_linear,0,0.15225086
1076383,2,val,H_linear,1,0.48121136
1077013,2,val,H_linear,1,0.6273969
1078392,2,val,H_linear,1,0.5943352
1079219,2,val,H_linear,0,0.09860438
1079586,2,val,H_linear,0,0.31994364
1079656,2,val,H_linear,1,0.37695652
1079923,2,val,H_linear,0,0.22278133
1080470,2,val,H_linear,1,0.020028353
1081738,2,val,H_linear,1,0.8350742
1082124,2,val,H_linear,1,0.5977547
1084347,2,val,H_linear,0,0.91473925
1085496,2,val,H_linear,1,0.63307333
1087391,2,val,H_linear,0,0.30434301
1087667,2,val,H_linear,1,0.81678504
1087796,2,val,H_linear,0,0.29130834
1088918,2,val,H_linear,1,0.6599344
1089436,2,val,H_linear,0,0.60967165
1089796,2,val,H_linear,1,0.9356247
1090438,2,val,H_linear,1,1.0664461
1090543,2,val,H_linear,1,0.5693738
1092437,2,val,H_linear,1,0.8061851
1092848,2,val,H_linear,1,0.48705727
1092889,2,val,H_linear,1,0.81486034
1092948,2,val,H_linear,1,0.6780888
1093743,2,val,H_linear,0,0.09215063
1093823,2,val,H_linear,1,0.806646
1094730,2,val,H_linear,0,0.39009282
1097465,2,val,H_linear,1,0.84452003
1097474,2,val,H_linear,1,0.96240574
1098204,2,val,H_linear,1,0.8553155
1099234,2,val,H_linear,1,0.7849257
1099979,2,val,H_linear,0,0.253065
1101522,2,val,H_linear,0,0.57586545
1102276,2,val,H_linear,1,0.68634117
1102856,2,val,H_linear,1,0.2522708
1103434,2,val,H_linear,0,0.57076097
1103891,2,val,H_linear,1,0.48841992
1104649,2,val,H_linear,1,0.89257884
1105121,2,val,H_linear,0,0.19767928
1105241,2,val,H_linear,0,0.2966262
1105299,2,val,H_linear,0,0.47525382
1105715,2,val,H_linear,1,0.6914976
1107359,2,val,H_linear,1,0.74844927
1107910,2,val,H_linear,1,0.7650186
1109280,2,val,H_linear,1,0.85154146
1109782,2,val,H_linear,1,0.5761543
1111153,2,val,H_linear,0,0.3487775
1111157,2,val,H_linear,0,0.90700155
1111426,2,val,H_linear,0,0.44626117
1111513,2,val,H_linear,1,1.0666623
1111920,2,val,H_linear,1,0.7754544
1112811,2,val,H_linear,1,1.0336466
1113155,2,val,H_linear,0,0.5709659
1113398,2,val,H_linear,1,0.45464316
1115212,2,val,H_linear,1,0.68083227
1115427,2,val,H_linear,1,0.5999701
1116007,2,val,H_linear,0,0.2778955
1116601,2,val,H_linear,0,0.39071035
1116926,2,val,H_linear,1,0.9240675
1117576,2,val,H_linear,0,0.59534353
1117714,2,val,H_linear,1,0.4688571
1117752,2,val,H_linear,1,0.5664499
1117975,2,val,H_linear,1,0.87017584
1118436,2,val,H_linear,1,1.0076909
1118542,2,val,H_linear,0,0.43600506
1118849,2,val,H_linear,1,0.66027594
1119248,2,val,H_linear,1,1.099599
1119520,2,val,H_linear,0,0.38390714
1119526,2,val,H_linear,1,0.54255676
1119652,2,val,H_linear,1,0.7244643
1119666,2,val,H_linear,1,0.81694883
1119802,2,val,H_linear,1,0.8487265
1119855,2,val,H_linear,0,0.47530162
1120326,2,val,H_linear,1,0.43744296
1120436,2,val,H_linear,0,0.35011205
1120645,2,val,H_linear,0,0.14597982
1120684,2,val,H_linear,0,0.4554214
1120869,2,val,H_linear,0,0.5035569
1121493,2,val,H_linear,0,0.48291016
1121705,2,val,H_linear,1,1.0349774
1121914,2,val,H_linear,1,0.9988104
1122025,2,val,H_linear,1,0.20506063
1122057,2,val,H_linear,0,0.40444368
1122513,2,val,H_linear,1,0.41541177
1123015,2,val,H_linear,0,0.41982472
1123071,2,val,H_linear,1,0.6659439
1124095,2,val,H_linear,1,0.6383914
1125442,2,val,H_linear,1,0.78374004
1127285,2,val,H_linear,0,0.60787225
1127560,2,val,H_linear,1,0.99737144
1128117,2,val,H_linear,1,0.9497933
1128350,2,val,H_linear,1,0.47354096
1129711,2,val,H_linear,0,0.5752908
1129961,2,val,H_linear,0,0.39545432
1131906,2,val,H_linear,1,1.0507512
1132251,2,val,H_linear,1,0.5625626
1132255,2,val,H_linear,0,0.55297387
1132760,2,val,H_linear,0,0.69220334
1133011,2,val,H_linear,0,0.76092607
1133607,2,val,H_linear,1,0.84947664
1134095,2,val,H_linear,1,0.6911146
1134921,2,val,H_linear,1,0.55090785
1135094,2,val,H_linear,0,0.552284
1135191,2,val,H_linear,0,0.41918463
1136524,2,val,H_linear,0,0.46182603
1136723,2,val,H_linear,0,0.35968578
1136790,2,val,H_linear,1,0.65960985
1136946,2,val,H_linear,0,0.34315953
1136981,2,val,H_linear,1,1.0613675
1137743,2,val,H_linear,1,0.93126214
1137897,2,val,H_linear,1,0.8283809
1138757,2,val,H_linear,1,0.50856185
1139275,2,val,H_linear,1,0.86952275
1140239,2,val,H_linear,1,0.5768149
1141115,2,val,H_linear,1,1.1595258
1141596,2,val,H_linear,0,0.66292334
1142051,2,val,H_linear,1,0.6601062
1142643,2,val,H_linear,1,0.7213546
1142724,2,val,H_linear,0,0.37301752
1143116,2,val,H_linear,0,0.36883184
1143964,2,val,H_linear,1,0.7543938
1144198,2,val,H_linear,1,0.83539295
1144614,2,val,H_linear,1,0.7201522
1145385,2,val,H_linear,0,0.6918529
1145450,2,val,H_linear,0,0.57451785
1145704,2,val,H_linear,1,0.89132786
1146057,2,val,H_linear,0,0.08925736
1146465,2,val,H_linear,0,0.43607804
1146999,2,val,H_linear,1,0.57898325
1147005,2,val,H_linear,0,0.29563445
1147122,2,val,H_linear,1,0.87881887
1147843,2,val,H_linear,1,1.0467556
1148270,2,val,H_linear,0,0.40411687
1149196,2,val,H_linear,0,0.6627566
1149831,2,val,H_linear,1,0.96990716
1149904,2,val,H_linear,0,0.5388409
1150324,2,val,H_linear,0,0.5121567
1150911,2,val,H_linear,0,0.39427233
1151371,2,val,H_linear,1,1.0915406
1151387,2,val,H_linear,0,0.63162684
1151393,2,val,H_linear,1,0.75548273
1151510,2,val,H_linear,0,0.22808877
1152877,2,val,H_linear,0,0.35201445
1153056,2,val,H_linear,1,0.7245704
1153155,2,val,H_linear,1,0.73140025
1153931,2,val,H_linear,1,0.75508726
1155546,2,val,H_linear,1,0.66309357
1155802,2,val,H_linear,1,0.70879966
1156057,2,val,H_linear,0,0.6458545
1156739,2,val,H_linear,1,0.76956415
1156847,2,val,H_linear,1,0.7718951
1156904,2,val,H_linear,1,0.5992638
1157181,2,val,H_linear,1,1.0552189
1205869,2,val,H_linear,1,0.8419202
1205937,2,val,H_linear,0,0.48377573
1206010,2,val,H_linear,0,0.7844346
1206766,2,val,H_linear,1,0.37609887
1207435,2,val,H_linear,1,0.9207654
1207793,2,val,H_linear,1,0.43330026
1207923,2,val,H_linear,1,1.129444
1208350,2,val,H_linear,1,0.8249482
1208880,2,val,H_linear,1,0.5871959
1209469,2,val,H_linear,1,0.8747322
1209502,2,val,H_linear,0,0.2733248
1209699,2,val,H_linear,0,0.8894453
1210123,2,val,H_linear,0,0.5482393
1210315,2,val,H_linear,0,0.23582047
1211177,2,val,H_linear,1,0.61244106
1211297,2,val,H_linear,1,0.6893952
1211321,2,val,H_linear,1,0.6425889
1211878,2,val,H_linear,1,0.89763796
1212103,2,val,H_linear,1,0.623841
1212313,2,val,H_linear,0,0.3683813
1212354,2,val,H_linear,0,0.5197216
1212394,2,val,H_linear,1,0.31603488
1212797,2,val,H_linear,1,0.87457037
1213174,2,val,H_linear,1,0.45028913
1213716,2,val,H_linear,1,1.0393611
1213929,2,val,H_linear,1,0.75952834
1214506,2,val,H_linear,1,0.83944845
1215252,2,val,H_linear,0,0.22768223
1215332,2,val,H_linear,0,0.12501484
1215381,2,val,H_linear,0,0.77731884
1215388,2,val,H_linear,0,0.34613386
1215420,2,val,H_linear,1,0.45341817
1215443,2,val,H_linear,0,0.46548855
1215869,2,val,H_linear,0,0.55312586
1216904,2,val,H_linear,0,0.045542896
1217080,2,val,H_linear,1,1.0643133
1217218,2,val,H_linear,0,0.28953314
1217635,2,val,H_linear,1,0.68080676
1217769,2,val,H_linear,1,0.5461134
1218335,2,val,H_linear,1,0.87682235
1218829,2,val,H_linear,1,0.8311728
1219765,2,val,H_linear,1,0.8449571
1219935,2,val,H_linear,1,1.1308273
1220475,2,val,H_linear,0,0.27717033
1220500,2,val,H_linear,1,0.82131827
1220605,2,val,H_linear,1,0.922197
1220959,2,val,H_linear,1,0.6347428
1221268,2,val,H_linear,1,0.51193166
1221554,2,val,H_linear,0,0.6564171
1221883,2,val,H_linear,0,0.38157585
1222037,2,val,H_linear,1,0.6317818
1223272,2,val,H_linear,1,0.8680577
1223459,2,val,H_linear,1,0.90410197
1223585,2,val,H_linear,1,0.602207
1223773,2,val,H_linear,1,0.9084308
1223866,2,val,H_linear,1,0.5650216
1223969,2,val,H_linear,1,0.8440559
1224121,2,val,H_linear,0,0.2724149
1224698,2,val,H_linear,0,0.5704177
1225046,2,val,H_linear,0,0.6635094
1225751,2,val,H_linear,1,0.64602274
1225914,2,val,H_linear,0,0.27889475
1226824,2,val,H_linear,0,0.4897732
1227195,2,val,H_linear,1,1.1584568
1228020,2,val,H_linear,1,0.8314438
1228509,2,val,H_linear,1,0.95568013
1228820,2,val,H_linear,0,0.29287195
1229766,2,val,H_linear,1,1.3069401
1229837,2,val,H_linear,0,0.2428506
1229860,2,val,H_linear,1,0.73936164
1229920,2,val,H_linear,1,0.76183814
1230241,2,val,H_linear,1,0.8405987
1230259,2,val,H_linear,1,0.6773847
1230724,2,val,H_linear,1,0.5253254
1230781,2,val,H_linear,0,0.034772873
1230810,2,val,H_linear,1,0.65669805
1231114,2,val,H_linear,1,1.0212774
1231343,2,val,H_linear,1,1.070049
1231638,2,val,H_linear,1,0.8732943
1232033,2,val,H_linear,0,0.40551767
1232188,2,val,H_linear,1,0.7841468
1232333,2,val,H_linear,1,0.8192589
1233203,2,val,H_linear,1,0.8197345
1233777,2,val,H_linear,1,1.0908053
1233962,2,val,H_linear,0,0.44743732
1233970,2,val,H_linear,1,0.64585775
1234198,2,val,H_linear,0,0.043844223
1235172,2,val,H_linear,0,0.67497313
1235254,2,val,H_linear,0,0.30584347
1235265,2,val,H_linear,1,0.591782
1235697,2,val,H_linear,1,0.6609904
1236071,2,val,H_linear,1,0.6566838
1236083,2,val,H_linear,0,0.47274762
1236734,2,val,H_linear,1,0.37537766
1237352,2,val,H_linear,1,0.515409
1237367,2,val,H_linear,1,0.64197433
1237508,2,val,H_linear,1,0.49312788
1237839,2,val,H_linear,0,0.26643983
1237971,2,val,H_linear,1,0.66387933
1238001,2,val,H_linear,0,0.22104493
1238292,2,val,H_linear,0,0.5200212
1239029,2,val,H_linear,1,0.6396691
1239095,2,val,H_linear,1,0.90393233
1239127,2,val,H_linear,0,0.8991159
1239331,2,val,H_linear,1,0.62840956
1239701,2,val,H_linear,0,0.6542818
1239881,2,val,H_linear,1,0.8163627
1240282,2,val,H_linear,0,0.21550155
1240710,2,val,H_linear,1,0.6342749
1241104,2,val,H_linear,0,0.21776325
1241185,2,val,H_linear,0,0.5060662
1242267,2,val,H_linear,1,0.7159723
1242283,2,val,H_linear,0,0.3214068
1243098,2,val,H_linear,1,0.77007383
1243427,2,val,H_linear,1,0.2845358
1243514,2,val,H_linear,1,1.4149926
1243942,2,val,H_linear,1,0.9103585
1244606,2,val,H_linear,1,0.785393
1244680,2,val,H_linear,1,0.6818377
1245566,2,val,H_linear,1,0.34380123
1245696,2,val,H_linear,1,0.67553633
1246095,2,val,H_linear,1,0.6916851
1246508,2,val,H_linear,0,0.20756376
17109,2,test,H_linear,1,0.4616472
22019,2,test,H_linear,0,0.16748631
30603,2,test,H_linear,1,0.6193157
36502,2,test,H_linear,0,0.28885332
42908,2,test,H_linear,1,0.80066866
52327,2,test,H_linear,1,1.1653053
52609,2,test,H_linear,1,0.71105605
54828,2,test,H_linear,1,1.219962
61867,2,test,H_linear,0,0.44245708
63449,2,test,H_linear,0,0.39746624
65596,2,test,H_linear,0,0.48011523
68483,2,test,H_linear,1,0.64474565
70693,2,test,H_linear,0,0.65442914
74146,2,test,H_linear,0,0.6768556
85978,2,test,H_linear,1,0.54052895
86305,2,test,H_linear,1,0.79801035
86310,2,test,H_linear,1,0.6001329
91934,2,test,H_linear,0,0.40473422
93011,2,test,H_linear,0,0.325566
98629,2,test,H_linear,1,0.3766826
102312,2,test,H_linear,1,0.84954274
105772,2,test,H_linear,1,1.2091753
108509,2,test,H_linear,1,0.5050234
113763,2,test,H_linear,0,0.6420709
121544,2,test,H_linear,1,0.6577069
132583,2,test,H_linear,0,0.35889262
143353,2,test,H_linear,1,0.74797356
144004,2,test,H_linear,0,0.35435647
157463,2,test,H_linear,1,0.77324224
160103,2,test,H_linear,1,0.6656231
160197,2,test,H_linear,1,0.4689409
163423,2,test,H_linear,1,0.7813227
164362,2,test,H_linear,1,0.39537174
165324,2,test,H_linear,0,0.267153
166451,2,test,H_linear,1,0.81312317
167707,2,test,H_linear,1,0.75711894
180001,2,test,H_linear,0,0.2266846
181034,2,test,H_linear,1,0.8191615
182595,2,test,H_linear,0,0.50588053
183219,2,test,H_linear,0,0.71423435
184704,2,test,H_linear,0,0.3536137
190049,2,test,H_linear,1,0.41956586
203461,2,test,H_linear,1,0.55155486
208652,2,test,H_linear,1,0.63449776
216589,2,test,H_linear,1,0.7846495
218529,2,test,H_linear,1,0.92223597
220792,2,test,H_linear,0,0.53994745
223651,2,test,H_linear,1,0.55835533
229959,2,test,H_linear,1,1.0035924
234398,2,test,H_linear,0,0.35613137
234471,2,test,H_linear,0,0.20717898
240229,2,test,H_linear,0,0.27569163
250983,2,test,H_linear,0,0.7297986
252362,2,test,H_linear,0,0.55770177
271298,2,test,H_linear,0,0.5606102
274179,2,test,H_linear,0,1.1162891
275882,2,test,H_linear,1,0.82321656
278098,2,test,H_linear,0,0.49400198
278230,2,test,H_linear,0,0.36799157
278485,2,test,H_linear,0,0.36328202
285173,2,test,H_linear,1,0.6493224
288581,2,test,H_linear,1,0.563276
293811,2,test,H_linear,0,0.564366
304034,2,test,H_linear,0,0.18003431
309162,2,test,H_linear,1,1.1371844
309228,2,test,H_linear,1,0.68098795
315569,2,test,H_linear,1,0.9040706
325318,2,test,H_linear,0,0.776132
327943,2,test,H_linear,1,0.7823432
335403,2,test,H_linear,0,0.4991634
345895,2,test,H_linear,1,0.97791505
350707,2,test,H_linear,0,0.4446298
353416,2,test,H_linear,1,0.5453585
354035,2,test,H_linear,1,0.4148224
360745,2,test,H_linear,1,0.9390491
367686,2,test,H_linear,0,0.5083644
369915,2,test,H_linear,1,0.8200929
372332,2,test,H_linear,1,0.6825378
374203,2,test,H_linear,0,0.5047312
376880,2,test,H_linear,1,0.84766376
377217,2,test,H_linear,1,0.6274305
383626,2,test,H_linear,1,0.72188413
384429,2,test,H_linear,0,0.53112936
391348,2,test,H_linear,0,0.5611888
398295,2,test,H_linear,0,0.34663013
398592,2,test,H_linear,1,0.812816
400980,2,test,H_linear,1,0.9116812
403399,2,test,H_linear,0,0.48582998
405843,2,test,H_linear,1,1.1077428
409579,2,test,H_linear,1,0.40595016
410795,2,test,H_linear,1,0.62178445
412716,2,test,H_linear,1,1.0056003
419522,2,test,H_linear,1,0.64890033
432045,2,test,H_linear,0,-0.3065092
432782,2,test,H_linear,0,0.7036062
433303,2,test,H_linear,1,0.7032949
438187,2,test,H_linear,1,0.8617331
442019,2,test,H_linear,0,0.6413331
442797,2,test,H_linear,1,0.7965596
442895,2,test,H_linear,1,0.8925762
443207,2,test,H_linear,1,0.8563051
443610,2,test,H_linear,0,0.73031676
445318,2,test,H_linear,0,0.4522297
451415,2,test,H_linear,1,0.55340654
460422,2,test,H_linear,1,0.56623644
460580,2,test,H_linear,1,0.6039095
463375,2,test,H_linear,1,0.7910675
465763,2,test,H_linear,1,0.94364905
468342,2,test,H_linear,1,0.7232962
469078,2,test,H_linear,1,0.52887446
476977,2,test,H_linear,1,0.6289252
477285,2,test,H_linear,1,0.42388457
486523,2,test,H_linear,0,0.4781385
488255,2,test,H_linear,0,0.28952515
490630,2,test,H_linear,1,0.6465357
492132,2,test,H_linear,0,0.47983667
492492,2,test,H_linear,0,0.3775835
507011,2,test,H_linear,1,0.5189894
508867,2,test,H_linear,1,0.6690036
511417,2,test,H_linear,1,0.71499926
512053,2,test,H_linear,1,0.8550388
512180,2,test,H_linear,1,0.7870171
515887,2,test,H_linear,1,0.59737957
516493,2,test,H_linear,0,0.54882973
525973,2,test,H_linear,0,0.5813402
529750,2,test,H_linear,0,0.1920878
536935,2,test,H_linear,1,0.53864807
549363,2,test,H_linear,0,0.3382894
552901,2,test,H_linear,1,0.87106806
555492,2,test,H_linear,0,0.48298734
559178,2,test,H_linear,1,0.6465058
565908,2,test,H_linear,0,0.5188053
575773,2,test,H_linear,1,0.7813785
580587,2,test,H_linear,0,0.2273511
581598,2,test,H_linear,1,0.886997
588986,2,test,H_linear,1,0.93102944
589857,2,test,H_linear,0,0.35398588
591051,2,test,H_linear,1,0.6160375
592121,2,test,H_linear,0,0.61357343
592548,2,test,H_linear,0,0.3466919
595954,2,test,H_linear,1,0.6786174
596445,2,test,H_linear,0,0.356788
602165,2,test,H_linear,1,0.62401384
604557,2,test,H_linear,1,0.61561596
605762,2,test,H_linear,0,0.19910225
607813,2,test,H_linear,0,0.25745922
610488,2,test,H_linear,0,0.5583193
611309,2,test,H_linear,0,0.5752908
615384,2,test,H_linear,1,0.95890284
617695,2,test,H_linear,0,0.31545398
618335,2,test,H_linear,1,0.8512729
624692,2,test,H_linear,1,0.71042407
626615,2,test,H_linear,0,0.5328689
627587,2,test,H_linear,1,1.0767604
628861,2,test,H_linear,1,0.4103524
644091,2,test,H_linear,1,0.93706
644443,2,test,H_linear,1,0.9407939
647436,2,test,H_linear,0,0.53365666
650259,2,test,H_linear,0,0.34172943
657738,2,test,H_linear,0,0.68887556
660164,2,test,H_linear,1,0.50526774
660433,2,test,H_linear,0,0.59329176
663130,2,test,H_linear,1,0.6759433
663548,2,test,H_linear,1,0.43138936
665050,2,test,H_linear,1,0.4632326
665220,2,test,H_linear,1,0.6118465
671576,2,test,H_linear,0,0.2216177
672172,2,test,H_linear,1,0.6530857
677259,2,test,H_linear,0,0.36341473
681120,2,test,H_linear,1,0.6999835
684963,2,test,H_linear,1,0.84563744
687171,2,test,H_linear,1,0.711438
690734,2,test,H_linear,0,0.20695221
693326,2,test,H_linear,1,0.7567532
696029,2,test,H_linear,0,0.6624505
699877,2,test,H_linear,0,0.5667605
701498,2,test,H_linear,1,0.7719213
702078,2,test,H_linear,0,0.3207029
702801,2,test,H_linear,0,0.3187899
704059,2,test,H_linear,0,0.7832684
704101,2,test,H_linear,1,0.34387425
709805,2,test,H_linear,1,0.7885891
711782,2,test,H_linear,1,0.86948985
711787,2,test,H_linear,1,0.78861797
712016,2,test,H_linear,1,0.7339444
714764,2,test,H_linear,0,0.7208253
715221,2,test,H_linear,1,0.41930345
723474,2,test,H_linear,0,0.19660938
726409,2,test,H_linear,0,0.66216034
726499,2,test,H_linear,0,0.293981
740043,2,test,H_linear,1,0.6815258
742847,2,test,H_linear,0,0.6260832
743605,2,test,H_linear,1,0.4564239
747584,2,test,H_linear,1,0.7135221
750881,2,test,H_linear,0,0.493792
751252,2,test,H_linear,0,0.5563124
755294,2,test,H_linear,1,0.84648454
780355,2,test,H_linear,1,0.7127221
789437,2,test,H_linear,1,0.7649038
803706,2,test,H_linear,1,0.50948495
806762,2,test,H_linear,0,0.33953285
808258,2,test,H_linear,0,0.26149452
809234,2,test,H_linear,1,0.7002863
818267,2,test,H_linear,1,0.82108897
829142,2,test,H_linear,1,0.98274755
835463,2,test,H_linear,1,0.77477473
839278,2,test,H_linear,1,0.6680948
841534,2,test,H_linear,0,0.5593017
841748,2,test,H_linear,1,0.70296305
844964,2,test,H_linear,0,0.62366873
851163,2,test,H_linear,1,0.79965246
851639,2,test,H_linear,1,0.6792089
854069,2,test,H_linear,1,0.6947705
855223,2,test,H_linear,1,0.8792669
857435,2,test,H_linear,1,0.60642177
860381,2,test,H_linear,0,0.18099761
861607,2,test,H_linear,0,0.48789263
872844,2,test,H_linear,1,0.9871421
877831,2,test,H_linear,0,0.29734284
878721,2,test,H_linear,0,0.78146946
882885,2,test,H_linear,1,0.81639713
883112,2,test,H_linear,1,0.8787125
883479,2,test,H_linear,0,0.68022245
885394,2,test,H_linear,1,0.6827785
899469,2,test,H_linear,1,0.8831743
900762,2,test,H_linear,1,0.73446697
900957,2,test,H_linear,1,0.96651006
924232,2,test,H_linear,0,0.39036152
934409,2,test,H_linear,0,0.5507841
941626,2,test,H_linear,1,0.45013642
947197,2,test,H_linear,1,0.4991597
951246,2,test,H_linear,0,0.09371704
954440,2,test,H_linear,1,0.7261201
956387,2,test,H_linear,1,0.24288332
963985,2,test,H_linear,1,1.0000236
966701,2,test,H_linear,0,0.4293253
968655,2,test,H_linear,0,0.1964212
976523,2,test,H_linear,1,0.8441152
977714,2,test,H_linear,1,0.85286796
979369,2,test,H_linear,1,0.94819653
980871,2,test,H_linear,1,0.8595445
981562,2,test,H_linear,0,0.6556717
986260,2,test,H_linear,1,0.71579236
986510,2,test,H_linear,1,0.6582765
989331,2,test,H_linear,1,0.8611206
991197,2,test,H_linear,0,0.6081848
991829,2,test,H_linear,1,0.4704849
993100,2,test,H_linear,1,0.91363287
993602,2,test,H_linear,1,0.72626686
995694,2,test,H_linear,1,0.5963139
996219,2,test,H_linear,0,0.24396339
996551,2,test,H_linear,0,0.4291314
1000725,2,test,H_linear,1,0.5821985
1001535,2,test,H_linear,1,0.6523158
1003409,2,test,H_linear,1,0.6815483
1005121,2,test,H_linear,1,0.9450149
1005171,2,test,H_linear,1,0.95993626
1005619,2,test,H_linear,1,0.6688803
1007363,2,test,H_linear,0,0.6387905
1058429,2,test,H_linear,1,0.85180855
1061584,2,test,H_linear,1,0.40198916
1062066,2,test,H_linear,0,0.5764073
1066534,2,test,H_linear,1,0.65239346
1067041,2,test,H_linear,1,1.3324755
1067177,2,test,H_linear,1,0.54811203
1068069,2,test,H_linear,1,0.75010055
1068151,2,test,H_linear,0,0.4018645
1068390,2,test,H_linear,1,0.7090252
1068426,2,test,H_linear,1,0.8430229
1068928,2,test,H_linear,0,0.6327811
1069432,2,test,H_linear,1,0.9475713
1069948,2,test,H_linear,1,0.9908694
1070002,2,test,H_linear,1,0.4288645
1070070,2,test,H_linear,1,0.7152905
1070173,2,test,H_linear,1,1.0630355
1071053,2,test,H_linear,0,0.37189248
1071949,2,test,H_linear,1,0.4144137
1072395,2,test,H_linear,1,0.78957605
1073214,2,test,H_linear,1,0.7228057
1073232,2,test,H_linear,0,0.5044058
1073268,2,test,H_linear,1,0.60806125
1073839,2,test,H_linear,0,0.4556556
1074312,2,test,H_linear,0,0.4969501
1074427,2,test,H_linear,1,0.6718134
1074571,2,test,H_linear,1,0.5081004
1074753,2,test,H_linear,0,0.4237365
1075228,2,test,H_linear,1,1.1674973
1075404,2,test,H_linear,1,0.9334532
1075699,2,test,H_linear,1,0.42212027
1077606,2,test,H_linear,1,0.8444016
1079282,2,test,H_linear,1,0.72369856
1081059,2,test,H_linear,1,0.385102
1081377,2,test,H_linear,0,0.101605296
1081798,2,test,H_linear,0,0.3233105
1082290,2,test,H_linear,0,0.5453097
1082987,2,test,H_linear,0,0.15243447
1084214,2,test,H_linear,1,0.8495379
1084630,2,test,H_linear,1,0.9213765
1085216,2,test,H_linear,0,0.14095539
1086129,2,test,H_linear,1,0.6458371
1086243,2,test,H_linear,1,0.7958179
1086770,2,test,H_linear,1,0.99948794
1086772,2,test,H_linear,1,0.7253201
1087850,2,test,H_linear,0,0.45525467
1089310,2,test,H_linear,0,0.72318375
1089629,2,test,H_linear,0,0.6207481
1091748,2,test,H_linear,1,1.2781742
1093139,2,test,H_linear,0,0.5882046
1093650,2,test,H_linear,1,1.0822988
1094011,2,test,H_linear,1,0.5909409
1094046,2,test,H_linear,1,0.6892656
1094897,2,test,H_linear,1,0.87848437
1095869,2,test,H_linear,1,0.91326946
1095940,2,test,H_linear,1,1.133828
1096850,2,test,H_linear,1,0.64683884
1096858,2,test,H_linear,1,0.7270392
1098886,2,test,H_linear,1,0.956517
1103930,2,test,H_linear,1,0.6004997
1104113,2,test,H_linear,1,0.4975698
1104452,2,test,H_linear,1,0.8830621
1104592,2,test,H_linear,1,0.7186881
1105198,2,test,H_linear,0,0.6722714
1105837,2,test,H_linear,1,0.7468581
1106300,2,test,H_linear,1,0.6187906
1106596,2,test,H_linear,0,0.46216798
1107096,2,test,H_linear,1,0.79245514
1107291,2,test,H_linear,0,0.341358
1107631,2,test,H_linear,1,1.1965373
1108050,2,test,H_linear,1,1.0411683
1109506,2,test,H_linear,1,0.73879975
1109526,2,test,H_linear,1,0.72283083
1109598,2,test,H_linear,1,1.2229624
1109983,2,test,H_linear,1,0.72048205
1111098,2,test,H_linear,1,0.8728912
1111860,2,test,H_linear,1,0.8027587
1113294,2,test,H_linear,1,0.857686
1113365,2,test,H_linear,1,0.63747644
1113808,2,test,H_linear,0,0.269252
1115713,2,test,H_linear,1,0.64900327
1116144,2,test,H_linear,1,0.996573
1116479,2,test,H_linear,0,0.4556058
1116580,2,test,H_linear,1,0.72275114
1117063,2,test,H_linear,0,0.4881618
1117243,2,test,H_linear,1,0.8061623
1117669,2,test,H_linear,0,0.29744026
1117701,2,test,H_linear,1,0.85552603
1117869,2,test,H_linear,1,0.90529895
1118191,2,test,H_linear,1,0.76572454
1118291,2,test,H_linear,0,0.25254387
1118398,2,test,H_linear,1,0.53135216
1118511,2,test,H_linear,1,0.7097078
1118641,2,test,H_linear,0,0.073156655
1119092,2,test,H_linear,1,0.4598676
1119930,2,test,H_linear,1,0.87277234
1120836,2,test,H_linear,1,0.84860164
1121365,2,test,H_linear,1,0.88272524
1121559,2,test,H_linear,1,0.93590045
1121672,2,test,H_linear,1,0.49746042
1121736,2,test,H_linear,0,0.5502184
1121795,2,test,H_linear,1,0.60047007
1121927,2,test,H_linear,1,0.7685127
1122004,2,test,H_linear,0,0.20613068
1122185,2,test,H_linear,1,0.752187
1122658,2,test,H_linear,1,0.51945704
1122760,2,test,H_linear,0,0.3689594
1123435,2,test,H_linear,1,0.7069662
1123551,2,test,H_linear,0,0.37139276
1123858,2,test,H_linear,0,0.39338908
1124152,2,test,H_linear,0,0.7103492
1124180,2,test,H_linear,0,0.2771599
1124482,2,test,H_linear,1,0.67251873
1126244,2,test,H_linear,0,0.17829657
1126628,2,test,H_linear,1,0.7648485
1126767,2,test,H_linear,0,0.5369616
1127029,2,test,H_linear,0,0.523922
1127812,2,test,H_linear,1,0.53230625
1128467,2,test,H_linear,1,0.68238556
1128811,2,test,H_linear,0,0.67085344
1129353,2,test,H_linear,0,0.49621123
1129383,2,test,H_linear,1,0.5565951
1129401,2,test,H_linear,1,0.4438712
1130020,2,test,H_linear,1,0.8720354
1130043,2,test,H_linear,1,0.76845914
1130495,2,test,H_linear,1,0.24333507
1130530,2,test,H_linear,0,0.61948514
1131124,2,test,H_linear,1,0.70544475
1131656,2,test,H_linear,1,0.9237343
1132058,2,test,H_linear,1,0.56817096
1132465,2,test,H_linear,1,0.77616
1132886,2,test,H_linear,0,1.0521975
1133211,2,test,H_linear,1,0.18252102
1134193,2,test,H_linear,1,0.7889407
1134339,2,test,H_linear,0,0.33186185
1135004,2,test,H_linear,0,0.38018644
1136675,2,test,H_linear,1,0.7021861
1136878,2,test,H_linear,1,0.74610376
1137456,2,test,H_linear,0,0.8369621
1137818,2,test,H_linear,1,0.5841516
1138670,2,test,H_linear,1,0.5545068
1138681,2,test,H_linear,1,0.54218584
1138864,2,test,H_linear,1,0.48454154
1140316,2,test,H_linear,1,0.83491945
1142126,2,test,H_linear,0,0.2848785
1142188,2,test,H_linear,1,0.77974105
1144028,2,test,H_linear,0,0.62006223
1144147,2,test,H_linear,0,0.38293597
1144488,2,test,H_linear,1,0.709197
1144757,2,test,H_linear,1,0.66946024
1145720,2,test,H_linear,0,0.8047881
1146563,2,test,H_linear,0,0.5851716
1146584,2,test,H_linear,1,0.8090893
1148113,2,test,H_linear,1,0.38144305
1148157,2,test,H_linear,1,0.9481677
1148282,2,test,H_linear,1,0.74990577
1148607,2,test,H_linear,1,0.77887565
1148756,2,test,H_linear,1,0.6041662
1148957,2,test,H_linear,1,0.74703217
1149553,2,test,H_linear,1,0.8697375
1149963,2,test,H_linear,1,0.59821576
1150067,2,test,H_linear,1,0.81342375
1150178,2,test,H_linear,1,0.7837477
1151052,2,test,H_linear,0,0.5463764
1151422,2,test,H_linear,1,0.87912583
1151513,2,test,H_linear,1,0.5434654
1151818,2,test,H_linear,0,0.30106652
1152700,2,test,H_linear,1,0.7736516
1152707,2,test,H_linear,0,0.92211115
1153263,2,test,H_linear,0,0.28914914
1153649,2,test,H_linear,0,0.66790104
1153914,2,test,H_linear,1,0.7536518
1154191,2,test,H_linear,1,1.0304883
1154313,2,test,H_linear,1,0.80211294
1154712,2,test,H_linear,1,0.8193923
1155176,2,test,H_linear,1,0.89413095
1155575,2,test,H_linear,1,0.70326155
1156251,2,test,H_linear,1,0.5248653
1156386,2,test,H_linear,1,0.8196463
1156786,2,test,H_linear,1,0.51211995
1156887,2,test,H_linear,1,0.57947
1158961,2,test,H_linear,1,1.0972073
1205766,2,test,H_linear,1,0.87542534
1205889,2,test,H_linear,1,0.8415756
1206310,2,test,H_linear,1,0.55572975
1207017,2,test,H_linear,1,0.80176574
1207116,2,test,H_linear,1,1.0294505
1207484,2,test,H_linear,0,0.45801842
1207861,2,test,H_linear,1,1.3407797
1207963,2,test,H_linear,1,0.5384951
1208561,2,test,H_linear,1,0.98515224
1208898,2,test,H_linear,1,0.88160616
1209022,2,test,H_linear,1,0.6506757
1209496,2,test,H_linear,0,0.34528333
1210080,2,test,H_linear,0,0.53486437
1210100,2,test,H_linear,0,0.0989787
1210485,2,test,H_linear,1,0.7660763
1210639,2,test,H_linear,1,0.9404274
1210786,2,test,H_linear,0,0.25603965
1210809,2,test,H_linear,1,0.978083
1211001,2,test,H_linear,1,0.8428019
1211380,2,test,H_linear,1,0.7833087
1212066,2,test,H_linear,0,0.4997806
1212451,2,test,H_linear,0,0.32138833
1212582,2,test,H_linear,1,0.85659575
1213071,2,test,H_linear,1,0.3915957
1213526,2,test,H_linear,1,0.88074535
1214739,2,test,H_linear,0,0.31886795
1214832,2,test,H_linear,0,0.33503082
1215142,2,test,H_linear,0,0.48547268
1215607,2,test,H_linear,0,0.51009667
1216041,2,test,H_linear,1,0.5603116
1216045,2,test,H_linear,1,0.52434105
1216704,2,test,H_linear,1,0.6605933
1216776,2,test,H_linear,1,0.57505226
1217243,2,test,H_linear,1,0.61873764
1218194,2,test,H_linear,1,0.5619418
1218554,2,test,H_linear,1,1.0701065
1218673,2,test,H_linear,1,0.68264776
1219597,2,test,H_linear,0,0.54306895
1219877,2,test,H_linear,1,0.70861304
1220226,2,test,H_linear,0,0.32592797
1220426,2,test,H_linear,0,0.556611
1220526,2,test,H_linear,1,0.60235965
1220699,2,test,H_linear,1,0.5874013
1220702,2,test,H_linear,0,0.43566865
1220802,2,test,H_linear,1,1.1371694
1220833,2,test,H_linear,1,0.7334518
1220875,2,test,H_linear,0,0.46399364
1221102,2,test,H_linear,0,0.65171707
1221236,2,test,H_linear,1,0.64717424
1221707,2,test,H_linear,0,0.45716292
1222369,2,test,H_linear,0,0.6813524
1222988,2,test,H_linear,1,0.5578641
1223193,2,test,H_linear,0,0.55769974
1223568,2,test,H_linear,1,0.83349156
1223754,2,test,H_linear,0,0.49416316
1224229,2,test,H_linear,1,1.1808414
1224519,2,test,H_linear,1,1.1382668
1224731,2,test,H_linear,1,0.7818401
1225050,2,test,H_linear,0,0.25920284
1225323,2,test,H_linear,1,0.524034
1225341,2,test,H_linear,1,0.42223912
1225388,2,test,H_linear,0,0.4124654
1225413,2,test,H_linear,1,1.1410987
1225605,2,test,H_linear,0,0.48487347
1226794,2,test,H_linear,0,0.38242322
1226946,2,test,H_linear,1,0.7348324
1227262,2,test,H_linear,1,0.71452755
1227437,2,test,H_linear,1,0.7757039
1227597,2,test,H_linear,0,0.31057134
1227732,2,test,H_linear,1,0.80547595
1227755,2,test,H_linear,1,1.0976038
1227765,2,test,H_linear,1,1.1344559
1228018,2,test,H_linear,1,0.4449833
1228461,2,test,H_linear,1,0.9522476
1228842,2,test,H_linear,0,0.17173633
1229345,2,test,H_linear,1,0.91036
1229605,2,test,H_linear,0,0.3563936
1230051,2,test,H_linear,1,0.85504746
1230374,2,test,H_linear,1,0.9817956
1230384,2,test,H_linear,0,0.6971485
1230408,2,test,H_linear,1,0.6543884
1230574,2,test,H_linear,0,0.5913183
1230712,2,test,H_linear,0,0.79054445
1230855,2,test,H_linear,0,0.22998035
1231339,2,test,H_linear,0,0.39466968
1232028,2,test,H_linear,0,0.1431199
1233241,2,test,H_linear,0,0.69996005
1233508,2,test,H_linear,1,0.5986863
1233527,2,test,H_linear,1,0.5876012
1233621,2,test,H_linear,0,0.6794084
1233632,2,test,H_linear,1,0.59795725
1233791,2,test,H_linear,1,0.58766955
1234521,2,test,H_linear,0,0.31439403
1235863,2,test,H_linear,1,0.57813865
1235882,2,test,H_linear,0,0.31013346
1235914,2,test,H_linear,0,0.30901116
1235985,2,test,H_linear,1,0.6977868
1236656,2,test,H_linear,0,0.5302816
1237272,2,test,H_linear,1,0.5577146
1237647,2,test,H_linear,0,0.30148476
1238245,2,test,H_linear,1,0.726011
1238297,2,test,H_linear,0,0.70464724
1238348,2,test,H_linear,0,0.5565508
1238457,2,test,H_linear,1,0.66615826
1238537,2,test,H_linear,0,0.61362207
1238550,2,test,H_linear,1,0.93659467
1238559,2,test,H_linear,1,0.999894
1238835,2,test,H_linear,1,0.8854164
1238864,2,test,H_linear,1,0.7894054
1238867,2,test,H_linear,1,0.48813844
1238917,2,test,H_linear,0,0.27857322
1238960,2,test,H_linear,1,0.915007
1239042,2,test,H_linear,1,0.341079
1239079,2,test,H_linear,1,0.5935243
1239224,2,test,H_linear,1,0.51017314
1239283,2,test,H_linear,1,0.4376469
1239427,2,test,H_linear,1,0.8386575
1239611,2,test,H_linear,1,0.7923676
1239907,2,test,H_linear,1,0.6636041
1241318,2,test,H_linear,1,0.2981036
1241362,2,test,H_linear,1,0.9310384
1241625,2,test,H_linear,0,0.47737187
1241779,2,test,H_linear,1,0.546015
1242413,2,test,H_linear,1,0.7650046
1242831,2,test,H_linear,0,0.4328056
1243993,2,test,H_linear,0,0.44886374
1244763,2,test,H_linear,0,0.5214556
1244765,2,test,H_linear,0,0.17097431
1245905,2,test,H_linear,1,0.8550278
1245930,2,test,H_linear,0,0.46302944
1246192,2,test,H_linear,1,0.52082884
1246490,2,test,H_linear,1,0.95222926
1246702,2,test,H_linear,1,0.6983579
12246,2,val,H_pchip,1,0.48709828
15488,2,val,H_pchip,1,0.91808784
16787,2,val,H_pchip,0,0.8584696
20993,2,val,H_pchip,1,0.41396973
28836,2,val,H_pchip,1,0.57725596
31619,2,val,H_pchip,1,0.5534102
32089,2,val,H_pchip,0,0.65838677
33225,2,val,H_pchip,1,0.5582526
35136,2,val,H_pchip,1,0.8083665
38963,2,val,H_pchip,1,0.9125117
43310,2,val,H_pchip,1,1.0937645
45419,2,val,H_pchip,1,0.66682416
62606,2,val,H_pchip,1,0.39731824
64928,2,val,H_pchip,1,0.2483694
66226,2,val,H_pchip,1,0.99002373
68648,2,val,H_pchip,0,1.129622
86896,2,val,H_pchip,0,0.511374
88424,2,val,H_pchip,1,0.8428426
93202,2,val,H_pchip,0,0.55259943
95626,2,val,H_pchip,1,1.1600087
100595,2,val,H_pchip,0,0.37239167
112715,2,val,H_pchip,1,0.9972769
116182,2,val,H_pchip,1,0.3484239
121258,2,val,H_pchip,1,0.36022386
121744,2,val,H_pchip,1,0.7516997
123208,2,val,H_pchip,1,0.76194173
125059,2,val,H_pchip,1,0.6774803
129040,2,val,H_pchip,1,0.8489723
130832,2,val,H_pchip,1,0.7258495
139693,2,val,H_pchip,0,0.4756654
140328,2,val,H_pchip,0,0.51652956
152430,2,val,H_pchip,1,0.5558138
154147,2,val,H_pchip,1,1.1648089
156299,2,val,H_pchip,1,1.1371999
159617,2,val,H_pchip,1,0.80948293
162979,2,val,H_pchip,1,1.0764284
163659,2,val,H_pchip,1,0.52779335
167183,2,val,H_pchip,1,0.83927107
169449,2,val,H_pchip,1,1.0815028
169727,2,val,H_pchip,0,0.6074283
173162,2,val,H_pchip,0,0.47169352
175032,2,val,H_pchip,0,0.34713966
181466,2,val,H_pchip,0,0.5044662
184874,2,val,H_pchip,1,0.79428744
186257,2,val,H_pchip,0,0.41534197
190187,2,val,H_pchip,0,0.8022917
198213,2,val,H_pchip,1,0.66308194
202039,2,val,H_pchip,0,0.4101565
203640,2,val,H_pchip,1,0.9992626
210361,2,val,H_pchip,1,0.63871014
216010,2,val,H_pchip,1,0.610197
217013,2,val,H_pchip,0,0.7408041
219309,2,val,H_pchip,1,0.6551052
226859,2,val,H_pchip,0,0.6211966
227399,2,val,H_pchip,0,0.63432413
234696,2,val,H_pchip,1,0.4158311
245427,2,val,H_pchip,1,0.8257805
248666,2,val,H_pchip,1,0.7344991
255374,2,val,H_pchip,0,0.2866814
271883,2,val,H_pchip,1,0.5905105
274322,2,val,H_pchip,1,0.8436023
274345,2,val,H_pchip,0,0.2327773
274563,2,val,H_pchip,1,0.8804743
277012,2,val,H_pchip,1,0.5064635
278134,2,val,H_pchip,1,0.85169834
282212,2,val,H_pchip,1,0.3934626
285801,2,val,H_pchip,1,0.64063466
290944,2,val,H_pchip,0,0.25824174
305034,2,val,H_pchip,0,0.20803088
306770,2,val,H_pchip,0,0.57843226
308426,2,val,H_pchip,1,0.45611733
310464,2,val,H_pchip,1,0.58963436
310596,2,val,H_pchip,0,0.15024856
311547,2,val,H_pchip,1,0.23429072
311717,2,val,H_pchip,0,0.55331135
312810,2,val,H_pchip,1,0.9726768
313664,2,val,H_pchip,1,0.91114926
319549,2,val,H_pchip,1,0.76527935
324095,2,val,H_pchip,1,0.86134285
331536,2,val,H_pchip,1,0.8255516
332529,2,val,H_pchip,1,0.9322301
337613,2,val,H_pchip,1,0.68144906
338312,2,val,H_pchip,1,0.44018072
345087,2,val,H_pchip,1,0.8088385
345832,2,val,H_pchip,0,0.5795325
348567,2,val,H_pchip,1,0.71371204
348988,2,val,H_pchip,1,0.96114886
352441,2,val,H_pchip,0,0.3301605
353886,2,val,H_pchip,0,0.45886558
355783,2,val,H_pchip,0,0.46857053
368436,2,val,H_pchip,1,0.80635
370843,2,val,H_pchip,1,0.81155485
383287,2,val,H_pchip,0,0.42873037
387760,2,val,H_pchip,1,0.6296163
398520,2,val,H_pchip,1,0.6582584
400416,2,val,H_pchip,0,0.40337652
400944,2,val,H_pchip,1,0.68839616
402364,2,val,H_pchip,0,0.1887075
409952,2,val,H_pchip,1,0.98552096
412024,2,val,H_pchip,1,0.55943376
413554,2,val,H_pchip,1,1.1538792
419138,2,val,H_pchip,0,0.21103314
421493,2,val,H_pchip,0,0.24936602
422674,2,val,H_pchip,1,0.65062153
431921,2,val,H_pchip,0,0.5018328
432168,2,val,H_pchip,1,0.8903913
432540,2,val,H_pchip,1,0.5274663
432906,2,val,H_pchip,1,0.6789049
435436,2,val,H_pchip,0,0.6794117
445545,2,val,H_pchip,1,0.67252535
448027,2,val,H_pchip,0,0.24004179
450155,2,val,H_pchip,1,1.2368643
451844,2,val,H_pchip,1,1.0258659
463298,2,val,H_pchip,1,0.73607063
465401,2,val,H_pchip,1,0.57461715
467821,2,val,H_pchip,0,0.22273448
468086,2,val,H_pchip,1,0.7431398
470865,2,val,H_pchip,1,0.5621386
477981,2,val,H_pchip,1,0.9050435
482448,2,val,H_pchip,0,0.7107312
486901,2,val,H_pchip,0,0.4648282
487515,2,val,H_pchip,1,0.7839488
490818,2,val,H_pchip,1,1.0044994
490962,2,val,H_pchip,1,1.0497916
493534,2,val,H_pchip,0,0.42717445
506609,2,val,H_pchip,1,0.9033233
508572,2,val,H_pchip,1,0.83583224
513568,2,val,H_pchip,0,0.41418755
518232,2,val,H_pchip,1,0.6313944
518961,2,val,H_pchip,1,0.85004115
520017,2,val,H_pchip,0,0.2815217
526518,2,val,H_pchip,0,0.33184165
528647,2,val,H_pchip,1,0.8012959
531193,2,val,H_pchip,0,-0.03203225
531462,2,val,H_pchip,1,0.6335368
532148,2,val,H_pchip,1,0.91043985
535178,2,val,H_pchip,1,0.68117416
541544,2,val,H_pchip,1,0.51599133
544153,2,val,H_pchip,1,0.8501672
545205,2,val,H_pchip,0,0.2176213
547533,2,val,H_pchip,1,0.92857265
556177,2,val,H_pchip,0,0.44337425
563033,2,val,H_pchip,0,0.68150944
570135,2,val,H_pchip,0,0.5312571
573425,2,val,H_pchip,1,0.72641975
578084,2,val,H_pchip,0,0.7119184
578406,2,val,H_pchip,1,1.0414778
580750,2,val,H_pchip,0,0.36214918
581298,2,val,H_pchip,1,0.6490582
585465,2,val,H_pchip,1,0.546282
589139,2,val,H_pchip,1,0.98244625
593504,2,val,H_pchip,1,1.0309951
597579,2,val,H_pchip,1,0.98103595
598821,2,val,H_pchip,0,0.2773215
612720,2,val,H_pchip,1,0.9155333
615119,2,val,H_pchip,1,0.68100244
619649,2,val,H_pchip,1,0.75464654
620975,2,val,H_pchip,1,0.625175
624977,2,val,H_pchip,0,0.48164165
627036,2,val,H_pchip,1,0.9053143
629729,2,val,H_pchip,1,0.69590425
644744,2,val,H_pchip,1,1.0851184
651309,2,val,H_pchip,0,0.29534718
653987,2,val,H_pchip,0,0.18160236
657533,2,val,H_pchip,1,0.4978565
660061,2,val,H_pchip,1,0.4253614
660533,2,val,H_pchip,0,0.48472175
661193,2,val,H_pchip,0,0.45071134
673553,2,val,H_pchip,1,0.69810873
677928,2,val,H_pchip,1,0.8054052
681205,2,val,H_pchip,1,0.74634916
681852,2,val,H_pchip,1,0.5004985
682914,2,val,H_pchip,1,0.74065745
686482,2,val,H_pchip,1,0.8255466
689380,2,val,H_pchip,1,0.29348996
690904,2,val,H_pchip,1,0.888248
695455,2,val,H_pchip,0,0.4628055
697961,2,val,H_pchip,1,0.80303526
700550,2,val,H_pchip,1,0.70556587
704317,2,val,H_pchip,0,0.23600724
705906,2,val,H_pchip,1,0.8090648
707482,2,val,H_pchip,1,0.5343046
707873,2,val,H_pchip,1,0.5193428
714644,2,val,H_pchip,1,1.0593638
715113,2,val,H_pchip,1,0.61904883
718140,2,val,H_pchip,0,0.47766697
719050,2,val,H_pchip,0,0.48217395
719439,2,val,H_pchip,1,0.75160503
726126,2,val,H_pchip,0,0.16226476
726953,2,val,H_pchip,0,0.20093232
738715,2,val,H_pchip,0,0.6238504
743380,2,val,H_pchip,1,0.5469044
744145,2,val,H_pchip,0,0.40941036
745143,2,val,H_pchip,0,0.39613965
745489,2,val,H_pchip,1,0.5229069
746867,2,val,H_pchip,0,0.33625725
747906,2,val,H_pchip,0,0.44598734
749268,2,val,H_pchip,1,0.91518503
752967,2,val,H_pchip,1,1.0130085
752970,2,val,H_pchip,0,0.38649613
755914,2,val,H_pchip,1,0.879911
757410,2,val,H_pchip,0,0.92559916
765618,2,val,H_pchip,1,0.5955423
766763,2,val,H_pchip,1,0.7817135
767066,2,val,H_pchip,1,0.6779743
769720,2,val,H_pchip,1,0.55379105
770052,2,val,H_pchip,0,0.4127457
803606,2,val,H_pchip,1,0.7177138
804052,2,val,H_pchip,1,0.7693762
806326,2,val,H_pchip,0,0.48323917
807529,2,val,H_pchip,0,0.744254
813769,2,val,H_pchip,0,0.38116997
820530,2,val,H_pchip,1,0.7948214
822633,2,val,H_pchip,1,0.30530798
827739,2,val,H_pchip,0,0.11167741
829943,2,val,H_pchip,1,0.71145576
833210,2,val,H_pchip,1,0.6598019
834130,2,val,H_pchip,0,0.2885255
834393,2,val,H_pchip,0,0.2255623
834446,2,val,H_pchip,1,0.90123004
835833,2,val,H_pchip,1,0.92929924
836931,2,val,H_pchip,1,0.9953953
844104,2,val,H_pchip,1,0.39815292
848723,2,val,H_pchip,1,0.6129505
849297,2,val,H_pchip,1,0.5897193
853842,2,val,H_pchip,1,0.6691816
857171,2,val,H_pchip,1,0.5789922
857521,2,val,H_pchip,0,0.65519476
857621,2,val,H_pchip,1,0.7355662
859236,2,val,H_pchip,0,0.48419803
867398,2,val,H_pchip,0,0.5861771
867481,2,val,H_pchip,0,0.4522484
868318,2,val,H_pchip,0,0.30698165
873206,2,val,H_pchip,1,0.90049314
875241,2,val,H_pchip,1,0.6372994
876098,2,val,H_pchip,1,0.2807543
877486,2,val,H_pchip,1,0.39380753
880466,2,val,H_pchip,1,0.74335533
885222,2,val,H_pchip,0,0.54461485
898035,2,val,H_pchip,1,0.5523846
899067,2,val,H_pchip,0,0.4214437
899206,2,val,H_pchip,1,1.1342678
899668,2,val,H_pchip,1,0.63297063
903654,2,val,H_pchip,1,0.6977062
935158,2,val,H_pchip,1,0.8341129
953310,2,val,H_pchip,1,1.0505508
953656,2,val,H_pchip,0,0.60730475
957325,2,val,H_pchip,1,0.7193711
959771,2,val,H_pchip,1,1.068775
960726,2,val,H_pchip,0,0.21379054
961563,2,val,H_pchip,0,0.36475918
962643,2,val,H_pchip,1,0.5850751
963182,2,val,H_pchip,1,0.70612943
963540,2,val,H_pchip,1,0.6242502
967064,2,val,H_pchip,1,0.42616326
972111,2,val,H_pchip,0,0.14436299
975370,2,val,H_pchip,0,0.8993768
976220,2,val,H_pchip,1,0.9522945
978990,2,val,H_pchip,0,0.4414686
982055,2,val,H_pchip,0,0.3574569
982477,2,val,H_pchip,0,0.3781326
982545,2,val,H_pchip,1,0.5816124
983856,2,val,H_pchip,1,1.1216084
983916,2,val,H_pchip,1,0.36373466
985152,2,val,H_pchip,1,0.36299348
987657,2,val,H_pchip,1,0.94295776
988590,2,val,H_pchip,1,0.8465855
989038,2,val,H_pchip,1,0.99400187
990510,2,val,H_pchip,1,1.1005666
991790,2,val,H_pchip,1,0.7783421
993731,2,val,H_pchip,1,0.85997677
994160,2,val,H_pchip,1,1.1562212
994960,2,val,H_pchip,0,0.38354853
995346,2,val,H_pchip,0,0.7382202
1000434,2,val,H_pchip,1,0.39310542
1002373,2,val,H_pchip,1,0.89776325
1002968,2,val,H_pchip,1,1.0684775
1005095,2,val,H_pchip,1,0.3637998
1006489,2,val,H_pchip,0,0.698957
1013371,2,val,H_pchip,1,0.3874641
1021541,2,val,H_pchip,1,0.37079838
1030940,2,val,H_pchip,1,0.55048686
1033938,2,val,H_pchip,0,0.56454986
1036745,2,val,H_pchip,1,0.79498965
1040848,2,val,H_pchip,0,0.72651845
1042457,2,val,H_pchip,0,0.32940376
1048580,2,val,H_pchip,1,0.6747197
1049886,2,val,H_pchip,1,1.0334797
1050525,2,val,H_pchip,1,0.92946124
1056454,2,val,H_pchip,1,0.61164635
1057961,2,val,H_pchip,0,0.7054414
1058939,2,val,H_pchip,1,0.56624913
1058965,2,val,H_pchip,1,0.86098856
1061023,2,val,H_pchip,1,1.00991
1065129,2,val,H_pchip,1,0.6305652
1068977,2,val,H_pchip,0,0.42919058
1069003,2,val,H_pchip,0,0.4895918
1071801,2,val,H_pchip,0,0.3650477
1073471,2,val,H_pchip,1,0.8085502
1073751,2,val,H_pchip,1,0.3443752
1073787,2,val,H_pchip,1,0.7880447
1074093,2,val,H_pchip,1,0.54515165
1075990,2,val,H_pchip,0,0.13241571
1076383,2,val,H_pchip,1,0.47945264
1077013,2,val,H_pchip,1,0.6355094
1078392,2,val,H_pchip,1,0.5900771
1079219,2,val,H_pchip,0,0.0950982
1079586,2,val,H_pchip,0,0.32114
1079656,2,val,H_pchip,1,0.3903906
1079923,2,val,H_pchip,0,0.22269478
1080470,2,val,H_pchip,1,0.023013711
1081738,2,val,H_pchip,1,0.84258837
1082124,2,val,H_pchip,1,0.5959387
1084347,2,val,H_pchip,0,0.9172818
1085496,2,val,H_pchip,1,0.61689997
1087391,2,val,H_pchip,0,0.30467737
1087667,2,val,H_pchip,1,0.8032675
1087796,2,val,H_pchip,0,0.29421183
1088918,2,val,H_pchip,1,0.6402952
1089436,2,val,H_pchip,0,0.61197704
1089796,2,val,H_pchip,1,0.9313776
1090438,2,val,H_pchip,1,1.0744252
1090543,2,val,H_pchip,1,0.5706821
1092437,2,val,H_pchip,1,0.8055843
1092848,2,val,H_pchip,1,0.4810781
1092889,2,val,H_pchip,1,0.8280732
1092948,2,val,H_pchip,1,0.6826336
1093743,2,val,H_pchip,0,0.080798626
1093823,2,val,H_pchip,1,0.80101156
1094730,2,val,H_pchip,0,0.38962933
1097465,2,val,H_pchip,1,0.84901166
1097474,2,val,H_pchip,1,0.95808846
1098204,2,val,H_pchip,1,0.8660336
1099234,2,val,H_pchip,1,0.7840724
1099979,2,val,H_pchip,0,0.23594353
1101522,2,val,H_pchip,0,0.5742886
1102276,2,val,H_pchip,1,0.6872505
1102856,2,val,H_pchip,1,0.2598186
1103434,2,val,H_pchip,0,0.5708632
1103891,2,val,H_pchip,1,0.493621
1104649,2,val,H_pchip,1,0.89986336
1105121,2,val,H_pchip,0,0.20682937
1105241,2,val,H_pchip,0,0.29108006
1105299,2,val,H_pchip,0,0.48878005
1105715,2,val,H_pchip,1,0.6951864
1107359,2,val,H_pchip,1,0.7485881
1107910,2,val,H_pchip,1,0.7697274
1109280,2,val,H_pchip,1,0.85165215
1109782,2,val,H_pchip,1,0.57128286
1111153,2,val,H_pchip,0,0.34668833
1111157,2,val,H_pchip,0,0.90026236
1111426,2,val,H_pchip,0,0.4390754
1111513,2,val,H_pchip,1,1.0621029
1111920,2,val,H_pchip,1,0.771075
1112811,2,val,H_pchip,1,1.0455565
1113155,2,val,H_pchip,0,0.569509
1113398,2,val,H_pchip,1,0.4580372
1115212,2,val,H_pchip,1,0.6850163
1115427,2,val,H_pchip,1,0.6002698
1116007,2,val,H_pchip,0,0.28281328
1116601,2,val,H_pchip,0,0.38868615
1116926,2,val,H_pchip,1,0.9230777
1117576,2,val,H_pchip,0,0.60550404
1117714,2,val,H_pchip,1,0.4700491
1117752,2,val,H_pchip,1,0.57590735
1117975,2,val,H_pchip,1,0.85780025
1118436,2,val,H_pchip,1,1.006293
1118542,2,val,H_pchip,0,0.43583378
1118849,2,val,H_pchip,1,0.65475214
1119248,2,val,H_pchip,1,1.0961196
1119520,2,val,H_pchip,0,0.38284484
1119526,2,val,H_pchip,1,0.53224784
1119652,2,val,H_pchip,1,0.7259279
1119666,2,val,H_pchip,1,0.8211823
1119802,2,val,H_pchip,1,0.8471167
1119855,2,val,H_pchip,0,0.48017818
1120326,2,val,H_pchip,1,0.44486022
1120436,2,val,H_pchip,0,0.3577982
1120645,2,val,H_pchip,0,0.14847165
1120684,2,val,H_pchip,0,0.45648763
1120869,2,val,H_pchip,0,0.5045814
1121493,2,val,H_pchip,0,0.48275775
1121705,2,val,H_pchip,1,1.0381658
1121914,2,val,H_pchip,1,0.99638593
1122025,2,val,H_pchip,1,0.20637384
1122057,2,val,H_pchip,0,0.4090144
1122513,2,val,H_pchip,1,0.41301578
1123015,2,val,H_pchip,0,0.4229012
1123071,2,val,H_pchip,1,0.6568262
1124095,2,val,H_pchip,1,0.6470202
1125442,2,val,H_pchip,1,0.78201216
1127285,2,val,H_pchip,0,0.60735357
1127560,2,val,H_pchip,1,1.0000994
1128117,2,val,H_pchip,1,0.96257615
1128350,2,val,H_pchip,1,0.46385962
1129711,2,val,H_pchip,0,0.5743693
1129961,2,val,H_pchip,0,0.39736277
1131906,2,val,H_pchip,1,1.0526018
1132251,2,val,H_pchip,1,0.5642443
1132255,2,val,H_pchip,0,0.55667335
1132760,2,val,H_pchip,0,0.699765
1133011,2,val,H_pchip,0,0.76869696
1133607,2,val,H_pchip,1,0.85864806
1134095,2,val,H_pchip,1,0.68396854
1134921,2,val,H_pchip,1,0.5528649
1135094,2,val,H_pchip,0,0.5501524
1135191,2,val,H_pchip,0,0.41781932
1136524,2,val,H_pchip,0,0.45705068
1136723,2,val,H_pchip,0,0.34884858
1136790,2,val,H_pchip,1,0.65936273
1136946,2,val,H_pchip,0,0.35138628
1136981,2,val,H_pchip,1,1.0573096
1137743,2,val,H_pchip,1,0.9310244
1137897,2,val,H_pchip,1,0.82668686
1138757,2,val,H_pchip,1,0.50495255
1139275,2,val,H_pchip,1,0.8760303
1140239,2,val,H_pchip,1,0.58785135
1141115,2,val,H_pchip,1,1.1659575
1141596,2,val,H_pchip,0,0.65160197
1142051,2,val,H_pchip,1,0.66584295
1142643,2,val,H_pchip,1,0.7235258
1142724,2,val,H_pchip,0,0.38011622
1143116,2,val,H_pchip,0,0.36708626
1143964,2,val,H_pchip,1,0.752038
1144198,2,val,H_pchip,1,0.8324678
1144614,2,val,H_pchip,1,0.72344524
1145385,2,val,H_pchip,0,0.6980492
1145450,2,val,H_pchip,0,0.583993
1145704,2,val,H_pchip,1,0.8972859
1146057,2,val,H_pchip,0,0.08733803
1146465,2,val,H_pchip,0,0.44366598
1146999,2,val,H_pchip,1,0.5991409
1147005,2,val,H_pchip,0,0.2893644
1147122,2,val,H_pchip,1,0.8982103
1147843,2,val,H_pchip,1,1.0426295
1148270,2,val,H_pchip,0,0.39871275
1149196,2,val,H_pchip,0,0.6693374
1149831,2,val,H_pchip,1,0.95964396
1149904,2,val,H_pchip,0,0.5348095
1150324,2,val,H_pchip,0,0.510351
1150911,2,val,H_pchip,0,0.39028502
1151371,2,val,H_pchip,1,1.0910064
1151387,2,val,H_pchip,0,0.63532805
1151393,2,val,H_pchip,1,0.7714534
1151510,2,val,H_pchip,0,0.23174247
1152877,2,val,H_pchip,0,0.357063
1153056,2,val,H_pchip,1,0.7224077
1153155,2,val,H_pchip,1,0.7381179
1153931,2,val,H_pchip,1,0.7692685
1155546,2,val,H_pchip,1,0.66067934
1155802,2,val,H_pchip,1,0.71330905
1156057,2,val,H_pchip,0,0.641975
1156739,2,val,H_pchip,1,0.74947745
1156847,2,val,H_pchip,1,0.78106534
1156904,2,val,H_pchip,1,0.60177517
1157181,2,val,H_pchip,1,1.0571448
1205869,2,val,H_pchip,1,0.8424446
1205937,2,val,H_pchip,0,0.45739305
1206010,2,val,H_pchip,0,0.78182715
1206766,2,val,H_pchip,1,0.39146525
1207435,2,val,H_pchip,1,0.9229271
1207793,2,val,H_pchip,1,0.42861497
1207923,2,val,H_pchip,1,1.12165
1208350,2,val,H_pchip,1,0.81444514
1208880,2,val,H_pchip,1,0.5779573
1209469,2,val,H_pchip,1,0.86775213
1209502,2,val,H_pchip,0,0.26924133
1209699,2,val,H_pchip,0,0.8900255
1210123,2,val,H_pchip,0,0.54601485
1210315,2,val,H_pchip,0,0.2292616
1211177,2,val,H_pchip,1,0.60864335
1211297,2,val,H_pchip,1,0.685919
1211321,2,val,H_pchip,1,0.64635926
1211878,2,val,H_pchip,1,0.90264386
1212103,2,val,H_pchip,1,0.63055146
1212313,2,val,H_pchip,0,0.37421274
1212354,2,val,H_pchip,0,0.5311632
1212394,2,val,H_pchip,1,0.33230606
1212797,2,val,H_pchip,1,0.8940018
1213174,2,val,H_pchip,1,0.45522305
1213716,2,val,H_pchip,1,1.028625
1213929,2,val,H_pchip,1,0.76242197
1214506,2,val,H_pchip,1,0.8355461
1215252,2,val,H_pchip,0,0.20893252
1215332,2,val,H_pchip,0,0.13027537
1215381,2,val,H_pchip,0,0.78381246
1215388,2,val,H_pchip,0,0.33805123
1215420,2,val,H_pchip,1,0.45269477
1215443,2,val,H_pchip,0,0.4645463
1215869,2,val,H_pchip,0,0.5756422
1216904,2,val,H_pchip,0,0.044656932
1217080,2,val,H_pchip,1,1.0650034
1217218,2,val,H_pchip,0,0.28555506
1217635,2,val,H_pchip,1,0.6842591
1217769,2,val,H_pchip,1,0.5522811
1218335,2,val,H_pchip,1,0.8778497
1218829,2,val,H_pchip,1,0.83992124
1219765,2,val,H_pchip,1,0.8378159
1219935,2,val,H_pchip,1,1.1412296
1220475,2,val,H_pchip,0,0.27766266
1220500,2,val,H_pchip,1,0.8004102
1220605,2,val,H_pchip,1,0.9257197
1220959,2,val,H_pchip,1,0.6407768
1221268,2,val,H_pchip,1,0.53346765
1221554,2,val,H_pchip,0,0.6527147
1221883,2,val,H_pchip,0,0.3893437
1222037,2,val,H_pchip,1,0.6205256
1223272,2,val,H_pchip,1,0.8718409
1223459,2,val,H_pchip,1,0.9081436
1223585,2,val,H_pchip,1,0.59745914
1223773,2,val,H_pchip,1,0.9134824
1223866,2,val,H_pchip,1,0.56432015
1223969,2,val,H_pchip,1,0.85201895
1224121,2,val,H_pchip,0,0.25565588
1224698,2,val,H_pchip,0,0.5682876
1225046,2,val,H_pchip,0,0.6549201
1225751,2,val,H_pchip,1,0.64196754
1225914,2,val,H_pchip,0,0.28170854
1226824,2,val,H_pchip,0,0.4944969
1227195,2,val,H_pchip,1,1.1560124
1228020,2,val,H_pchip,1,0.83160526
1228509,2,val,H_pchip,1,0.95789474
1228820,2,val,H_pchip,0,0.28814828
1229766,2,val,H_pchip,1,1.3061094
1229837,2,val,H_pchip,0,0.24198127
1229860,2,val,H_pchip,1,0.74994785
1229920,2,val,H_pchip,1,0.7610143
1230241,2,val,H_pchip,1,0.8449975
1230259,2,val,H_pchip,1,0.68288827
1230724,2,val,H_pchip,1,0.52224594
1230781,2,val,H_pchip,0,0.035244644
1230810,2,val,H_pchip,1,0.66656363
1231114,2,val,H_pchip,1,1.0017407
1231343,2,val,H_pchip,1,1.0777214
1231638,2,val,H_pchip,1,0.8807243
1232033,2,val,H_pchip,0,0.40302157
1232188,2,val,H_pchip,1,0.8013979
1232333,2,val,H_pchip,1,0.822819
1233203,2,val,H_pchip,1,0.82120794
1233777,2,val,H_pchip,1,1.0857444
1233962,2,val,H_pchip,0,0.4420167
1233970,2,val,H_pchip,1,0.6432383
1234198,2,val,H_pchip,0,0.049349368
1235172,2,val,H_pchip,0,0.6810362
1235254,2,val,H_pchip,0,0.30441144
1235265,2,val,H_pchip,1,0.6059265
1235697,2,val,H_pchip,1,0.64767075
1236071,2,val,H_pchip,1,0.6552129
1236083,2,val,H_pchip,0,0.4694822
1236734,2,val,H_pchip,1,0.3711021
1237352,2,val,H_pchip,1,0.51738787
1237367,2,val,H_pchip,1,0.6442145
1237508,2,val,H_pchip,1,0.48301566
1237839,2,val,H_pchip,0,0.27434266
1237971,2,val,H_pchip,1,0.66907275
1238001,2,val,H_pchip,0,0.20949161
1238292,2,val,H_pchip,0,0.52735716
1239029,2,val,H_pchip,1,0.6494264
1239095,2,val,H_pchip,1,0.8916731
1239127,2,val,H_pchip,0,0.89205754
1239331,2,val,H_pchip,1,0.6304844
1239701,2,val,H_pchip,0,0.66057116
1239881,2,val,H_pchip,1,0.8068005
1240282,2,val,H_pchip,0,0.22018975
1240710,2,val,H_pchip,1,0.6416215
1241104,2,val,H_pchip,0,0.21952903
1241185,2,val,H_pchip,0,0.5106039
1242267,2,val,H_pchip,1,0.6994417
1242283,2,val,H_pchip,0,0.31559014
1243098,2,val,H_pchip,1,0.76621115
1243427,2,val,H_pchip,1,0.26875004
1243514,2,val,H_pchip,1,1.4211174
1243942,2,val,H_pchip,1,0.89098895
1244606,2,val,H_pchip,1,0.7912643
1244680,2,val,H_pchip,1,0.6851476
1245566,2,val,H_pchip,1,0.35174775
1245696,2,val,H_pchip,1,0.67388463
1246095,2,val,H_pchip,1,0.68024296
1246508,2,val,H_pchip,0,0.20718428
17109,2,test,H_pchip,1,0.46245208
22019,2,test,H_pchip,0,0.1690126
30603,2,test,H_pchip,1,0.6217866
36502,2,test,H_pchip,0,0.29812697
42908,2,test,H_pchip,1,0.79026735
52327,2,test,H_pchip,1,1.1626242
52609,2,test,H_pchip,1,0.7057418
54828,2,test,H_pchip,1,1.2148848
61867,2,test,H_pchip,0,0.43060893
63449,2,test,H_pchip,0,0.39532077
65596,2,test,H_pchip,0,0.47178507
68483,2,test,H_pchip,1,0.651938
70693,2,test,H_pchip,0,0.65512353
74146,2,test,H_pchip,0,0.66824853
85978,2,test,H_pchip,1,0.5380325
86305,2,test,H_pchip,1,0.794327
86310,2,test,H_pchip,1,0.61165774
91934,2,test,H_pchip,0,0.40079245
93011,2,test,H_pchip,0,0.32586738
98629,2,test,H_pchip,1,0.37529936
102312,2,test,H_pchip,1,0.85422814
105772,2,test,H_pchip,1,1.2011024
108509,2,test,H_pchip,1,0.5024655
113763,2,test,H_pchip,0,0.64077055
121544,2,test,H_pchip,1,0.6459512
132583,2,test,H_pchip,0,0.3713961
143353,2,test,H_pchip,1,0.7482233
144004,2,test,H_pchip,0,0.35534626
157463,2,test,H_pchip,1,0.76310885
160103,2,test,H_pchip,1,0.66932267
160197,2,test,H_pchip,1,0.46654052
163423,2,test,H_pchip,1,0.7767778
164362,2,test,H_pchip,1,0.4104536
165324,2,test,H_pchip,0,0.2712439
166451,2,test,H_pchip,1,0.8053643
167707,2,test,H_pchip,1,0.76442903
180001,2,test,H_pchip,0,0.22474042
181034,2,test,H_pchip,1,0.80275637
182595,2,test,H_pchip,0,0.50535744
183219,2,test,H_pchip,0,0.7176782
184704,2,test,H_pchip,0,0.34225017
190049,2,test,H_pchip,1,0.42051023
203461,2,test,H_pchip,1,0.561738
208652,2,test,H_pchip,1,0.64341944
216589,2,test,H_pchip,1,0.7902359
218529,2,test,H_pchip,1,0.91758466
220792,2,test,H_pchip,0,0.5438808
223651,2,test,H_pchip,1,0.55786186
229959,2,test,H_pchip,1,1.0005327
234398,2,test,H_pchip,0,0.36843446
234471,2,test,H_pchip,0,0.21349525
240229,2,test,H_pchip,0,0.29176223
250983,2,test,H_pchip,0,0.73350346
252362,2,test,H_pchip,0,0.55529064
271298,2,test,H_pchip,0,0.56011474
274179,2,test,H_pchip,0,1.1215262
275882,2,test,H_pchip,1,0.8279067
278098,2,test,H_pchip,0,0.48596972
278230,2,test,H_pchip,0,0.37360764
278485,2,test,H_pchip,0,0.37105417
285173,2,test,H_pchip,1,0.64036226
288581,2,test,H_pchip,1,0.5648016
293811,2,test,H_pchip,0,0.5804018
304034,2,test,H_pchip,0,0.18305382
309162,2,test,H_pchip,1,1.1395174
309228,2,test,H_pchip,1,0.67421556
315569,2,test,H_pchip,1,0.9079242
325318,2,test,H_pchip,0,0.7759346
327943,2,test,H_pchip,1,0.77962613
335403,2,test,H_pchip,0,0.49449354
345895,2,test,H_pchip,1,0.98332316
350707,2,test,H_pchip,0,0.4547058
353416,2,test,H_pchip,1,0.54191554
354035,2,test,H_pchip,1,0.38266352
360745,2,test,H_pchip,1,0.93776536
367686,2,test,H_pchip,0,0.50803834
369915,2,test,H_pchip,1,0.82613933
372332,2,test,H_pchip,1,0.68116605
374203,2,test,H_pchip,0,0.51329064
376880,2,test,H_pchip,1,0.84889877
377217,2,test,H_pchip,1,0.61751777
383626,2,test,H_pchip,1,0.7265396
384429,2,test,H_pchip,0,0.52549344
391348,2,test,H_pchip,0,0.5654532
398295,2,test,H_pchip,0,0.3215671
398592,2,test,H_pchip,1,0.81894344
400980,2,test,H_pchip,1,0.9146383
403399,2,test,H_pchip,0,0.4812705
405843,2,test,H_pchip,1,1.114161
409579,2,test,H_pchip,1,0.4060665
410795,2,test,H_pchip,1,0.61702365
412716,2,test,H_pchip,1,1.0050042
419522,2,test,H_pchip,1,0.66218674
432045,2,test,H_pchip,0,-0.30144376
432782,2,test,H_pchip,0,0.7049345
433303,2,test,H_pchip,1,0.7061418
438187,2,test,H_pchip,1,0.85795915
442019,2,test,H_pchip,0,0.6376672
442797,2,test,H_pchip,1,0.77735037
442895,2,test,H_pchip,1,0.8851017
443207,2,test,H_pchip,1,0.84628516
443610,2,test,H_pchip,0,0.73414636
445318,2,test,H_pchip,0,0.45438784
451415,2,test,H_pchip,1,0.5555707
460422,2,test,H_pchip,1,0.559753
460580,2,test,H_pchip,1,0.60311276
463375,2,test,H_pchip,1,0.7947441
465763,2,test,H_pchip,1,0.9592765
468342,2,test,H_pchip,1,0.70313615
469078,2,test,H_pchip,1,0.52342194
476977,2,test,H_pchip,1,0.6336641
477285,2,test,H_pchip,1,0.41575682
486523,2,test,H_pchip,0,0.47139946
488255,2,test,H_pchip,0,0.292019
490630,2,test,H_pchip,1,0.64549875
492132,2,test,H_pchip,0,0.48585916
492492,2,test,H_pchip,0,0.36850378
507011,2,test,H_pchip,1,0.50642335
508867,2,test,H_pchip,1,0.6725109
511417,2,test,H_pchip,1,0.7120442
512053,2,test,H_pchip,1,0.85597223
512180,2,test,H_pchip,1,0.7930659
515887,2,test,H_pchip,1,0.60777783
516493,2,test,H_pchip,0,0.54819494
525973,2,test,H_pchip,0,0.58594525
529750,2,test,H_pchip,0,0.19084868
536935,2,test,H_pchip,1,0.527286
549363,2,test,H_pchip,0,0.34562874
552901,2,test,H_pchip,1,0.89261794
555492,2,test,H_pchip,0,0.49289703
559178,2,test,H_pchip,1,0.65324026
565908,2,test,H_pchip,0,0.51678604
575773,2,test,H_pchip,1,0.7579925
580587,2,test,H_pchip,0,0.22693822
581598,2,test,H_pchip,1,0.89465153
588986,2,test,H_pchip,1,0.9480103
589857,2,test,H_pchip,0,0.3665496
591051,2,test,H_pchip,1,0.6167365
592121,2,test,H_pchip,0,0.60628414
592548,2,test,H_pchip,0,0.35758215
595954,2,test,H_pchip,1,0.67502385
596445,2,test,H_pchip,0,0.3598586
602165,2,test,H_pchip,1,0.6232404
604557,2,test,H_pchip,1,0.6131155
605762,2,test,H_pchip,0,0.21162793
607813,2,test,H_pchip,0,0.25882155
610488,2,test,H_pchip,0,0.5559357
611309,2,test,H_pchip,0,0.5719663
615384,2,test,H_pchip,1,0.9600671
617695,2,test,H_pchip,0,0.31491786
618335,2,test,H_pchip,1,0.85680217
624692,2,test,H_pchip,1,0.70975983
626615,2,test,H_pchip,0,0.5366613
627587,2,test,H_pchip,1,1.0681946
628861,2,test,H_pchip,1,0.41678995
644091,2,test,H_pchip,1,0.94779336
644443,2,test,H_pchip,1,0.9518548
647436,2,test,H_pchip,0,0.5397771
650259,2,test,H_pchip,0,0.34937242
657738,2,test,H_pchip,0,0.6624791
660164,2,test,H_pchip,1,0.5119606
660433,2,test,H_pchip,0,0.5970154
663130,2,test,H_pchip,1,0.67198974
663548,2,test,H_pchip,1,0.43760905
665050,2,test,H_pchip,1,0.47188246
665220,2,test,H_pchip,1,0.62379503
671576,2,test,H_pchip,0,0.22332042
672172,2,test,H_pchip,1,0.6615272
677259,2,test,H_pchip,0,0.3634852
681120,2,test,H_pchip,1,0.6966641
684963,2,test,H_pchip,1,0.84036684
687171,2,test,H_pchip,1,0.7070995
690734,2,test,H_pchip,0,0.22152549
693326,2,test,H_pchip,1,0.7565907
696029,2,test,H_pchip,0,0.6563169
699877,2,test,H_pchip,0,0.5696081
701498,2,test,H_pchip,1,0.769599
702078,2,test,H_pchip,0,0.33806577
702801,2,test,H_pchip,0,0.31323373
704059,2,test,H_pchip,0,0.7770517
704101,2,test,H_pchip,1,0.3412502
709805,2,test,H_pchip,1,0.78018814
711782,2,test,H_pchip,1,0.87516814
711787,2,test,H_pchip,1,0.7869323
712016,2,test,H_pchip,1,0.7373528
714764,2,test,H_pchip,0,0.7221982
715221,2,test,H_pchip,1,0.42051739
723474,2,test,H_pchip,0,0.20197937
726409,2,test,H_pchip,0,0.646444
726499,2,test,H_pchip,0,0.28404602
740043,2,test,H_pchip,1,0.68584394
742847,2,test,H_pchip,0,0.6223442
743605,2,test,H_pchip,1,0.4660706
747584,2,test,H_pchip,1,0.7176255
750881,2,test,H_pchip,0,0.50197953
751252,2,test,H_pchip,0,0.5578248
755294,2,test,H_pchip,1,0.8352963
780355,2,test,H_pchip,1,0.7174649
789437,2,test,H_pchip,1,0.7525167
803706,2,test,H_pchip,1,0.52354825
806762,2,test,H_pchip,0,0.3414518
808258,2,test,H_pchip,0,0.27251762
809234,2,test,H_pchip,1,0.6946779
818267,2,test,H_pchip,1,0.813115
829142,2,test,H_pchip,1,0.98384786
835463,2,test,H_pchip,1,0.77222073
839278,2,test,H_pchip,1,0.65725636
841534,2,test,H_pchip,0,0.5570985
841748,2,test,H_pchip,1,0.70984596
844964,2,test,H_pchip,0,0.6265318
851163,2,test,H_pchip,1,0.79203844
851639,2,test,H_pchip,1,0.6790422
854069,2,test,H_pchip,1,0.6977788
855223,2,test,H_pchip,1,0.86612827
857435,2,test,H_pchip,1,0.60418785
860381,2,test,H_pchip,0,0.18297625
861607,2,test,H_pchip,0,0.48948675
872844,2,test,H_pchip,1,0.97606707
877831,2,test,H_pchip,0,0.30566275
878721,2,test,H_pchip,0,0.7880719
882885,2,test,H_pchip,1,0.8289138
883112,2,test,H_pchip,1,0.88194597
883479,2,test,H_pchip,0,0.6774258
885394,2,test,H_pchip,1,0.68740624
899469,2,test,H_pchip,1,0.8739715
900762,2,test,H_pchip,1,0.728279
900957,2,test,H_pchip,1,0.96806955
924232,2,test,H_pchip,0,0.3946045
934409,2,test,H_pchip,0,0.5450671
941626,2,test,H_pchip,1,0.45066103
947197,2,test,H_pchip,1,0.51485294
951246,2,test,H_pchip,0,0.10417479
954440,2,test,H_pchip,1,0.7253958
956387,2,test,H_pchip,1,0.25387093
963985,2,test,H_pchip,1,0.9963532
966701,2,test,H_pchip,0,0.41313607
968655,2,test,H_pchip,0,0.20974106
976523,2,test,H_pchip,1,0.84057516
977714,2,test,H_pchip,1,0.84613717
979369,2,test,H_pchip,1,0.96183896
980871,2,test,H_pchip,1,0.86396635
981562,2,test,H_pchip,0,0.65641314
986260,2,test,H_pchip,1,0.7096234
986510,2,test,H_pchip,1,0.65551716
989331,2,test,H_pchip,1,0.8582281
991197,2,test,H_pchip,0,0.5914883
991829,2,test,H_pchip,1,0.4745319
993100,2,test,H_pchip,1,0.9147836
993602,2,test,H_pchip,1,0.7267179
995694,2,test,H_pchip,1,0.60070914
996219,2,test,H_pchip,0,0.24326178
996551,2,test,H_pchip,0,0.43359506
1000725,2,test,H_pchip,1,0.5995438
1001535,2,test,H_pchip,1,0.6584508
1003409,2,test,H_pchip,1,0.6959301
1005121,2,test,H_pchip,1,0.9496156
1005171,2,test,H_pchip,1,0.95676935
1005619,2,test,H_pchip,1,0.6669249
1007363,2,test,H_pchip,0,0.6232018
1058429,2,test,H_pchip,1,0.83104324
1061584,2,test,H_pchip,1,0.39260778
1062066,2,test,H_pchip,0,0.5695234
1066534,2,test,H_pchip,1,0.6420232
1067041,2,test,H_pchip,1,1.314563
1067177,2,test,H_pchip,1,0.5463128
1068069,2,test,H_pchip,1,0.7552079
1068151,2,test,H_pchip,0,0.39679134
1068390,2,test,H_pchip,1,0.7205131
1068426,2,test,H_pchip,1,0.83360386
1068928,2,test,H_pchip,0,0.63437206
1069432,2,test,H_pchip,1,0.93858886
1069948,2,test,H_pchip,1,0.99727774
1070002,2,test,H_pchip,1,0.43498054
1070070,2,test,H_pchip,1,0.72403455
1070173,2,test,H_pchip,1,1.0704083
1071053,2,test,H_pchip,0,0.37923026
1071949,2,test,H_pchip,1,0.4206577
1072395,2,test,H_pchip,1,0.79063195
1073214,2,test,H_pchip,1,0.7293566
1073232,2,test,H_pchip,0,0.513926
1073268,2,test,H_pchip,1,0.60743517
1073839,2,test,H_pchip,0,0.46253705
1074312,2,test,H_pchip,0,0.49240214
1074427,2,test,H_pchip,1,0.6645828
1074571,2,test,H_pchip,1,0.5042332
1074753,2,test,H_pchip,0,0.42753887
1075228,2,test,H_pchip,1,1.1702144
1075404,2,test,H_pchip,1,0.9448806
1075699,2,test,H_pchip,1,0.42043948
1077606,2,test,H_pchip,1,0.83001226
1079282,2,test,H_pchip,1,0.72406566
1081059,2,test,H_pchip,1,0.39104015
1081377,2,test,H_pchip,0,0.10441232
1081798,2,test,H_pchip,0,0.32667118
1082290,2,test,H_pchip,0,0.53873163
1082987,2,test,H_pchip,0,0.15633237
1084214,2,test,H_pchip,1,0.84822255
1084630,2,test,H_pchip,1,0.9147723
1085216,2,test,H_pchip,0,0.13177824
1086129,2,test,H_pchip,1,0.6398993
1086243,2,test,H_pchip,1,0.7984659
1086770,2,test,H_pchip,1,0.9942455
1086772,2,test,H_pchip,1,0.71584725
1087850,2,test,H_pchip,0,0.4685213
1089310,2,test,H_pchip,0,0.74078715
1089629,2,test,H_pchip,0,0.6182744
1091748,2,test,H_pchip,1,1.2785213
1093139,2,test,H_pchip,0,0.57246935
1093650,2,test,H_pchip,1,1.0697436
1094011,2,test,H_pchip,1,0.5817118
1094046,2,test,H_pchip,1,0.69571966
1094897,2,test,H_pchip,1,0.87844574
1095869,2,test,H_pchip,1,0.9137666
1095940,2,test,H_pchip,1,1.1315398
1096850,2,test,H_pchip,1,0.6617619
1096858,2,test,H_pchip,1,0.72035736
1098886,2,test,H_pchip,1,0.9485802
1103930,2,test,H_pchip,1,0.60794353
1104113,2,test,H_pchip,1,0.499502
1104452,2,test,H_pchip,1,0.8895254
1104592,2,test,H_pchip,1,0.71897596
1105198,2,test,H_pchip,0,0.674307
1105837,2,test,H_pchip,1,0.73671395
1106300,2,test,H_pchip,1,0.6169496
1106596,2,test,H_pchip,0,0.46477288
1107096,2,test,H_pchip,1,0.7979686
1107291,2,test,H_pchip,0,0.34857672
1107631,2,test,H_pchip,1,1.1837785
1108050,2,test,H_pchip,1,1.0448651
1109506,2,test,H_pchip,1,0.75104547
1109526,2,test,H_pchip,1,0.7192415
1109598,2,test,H_pchip,1,1.219856
1109983,2,test,H_pchip,1,0.7093077
1111098,2,test,H_pchip,1,0.87730765
1111860,2,test,H_pchip,1,0.79471606
1113294,2,test,H_pchip,1,0.8626975
1113365,2,test,H_pchip,1,0.6347324
1113808,2,test,H_pchip,0,0.27490836
1115713,2,test,H_pchip,1,0.63916564
1116144,2,test,H_pchip,1,0.98548913
1116479,2,test,H_pchip,0,0.4630922
1116580,2,test,H_pchip,1,0.71831435
1117063,2,test,H_pchip,0,0.46736187
1117243,2,test,H_pchip,1,0.8017056
1117669,2,test,H_pchip,0,0.29559055
1117701,2,test,H_pchip,1,0.8545254
1117869,2,test,H_pchip,1,0.91251266
1118191,2,test,H_pchip,1,0.7756151
1118291,2,test,H_pchip,0,0.25013682
1118398,2,test,H_pchip,1,0.5349158
1118511,2,test,H_pchip,1,0.7114957
1118641,2,test,H_pchip,0,0.073102415
1119092,2,test,H_pchip,1,0.45817953
1119930,2,test,H_pchip,1,0.8644913
1120836,2,test,H_pchip,1,0.84355915
1121365,2,test,H_pchip,1,0.87166786
1121559,2,test,H_pchip,1,0.94078064
1121672,2,test,H_pchip,1,0.49500734
1121736,2,test,H_pchip,0,0.55586207
1121795,2,test,H_pchip,1,0.60534835
1121927,2,test,H_pchip,1,0.7809149
1122004,2,test,H_pchip,0,0.19137585
1122185,2,test,H_pchip,1,0.7484542
1122658,2,test,H_pchip,1,0.52012384
1122760,2,test,H_pchip,0,0.36210018
1123435,2,test,H_pchip,1,0.70841444
1123551,2,test,H_pchip,0,0.36982602
1123858,2,test,H_pchip,0,0.40655
1124152,2,test,H_pchip,0,0.7090233
1124180,2,test,H_pchip,0,0.2733187
1124482,2,test,H_pchip,1,0.68058515
1126244,2,test,H_pchip,0,0.17462179
1126628,2,test,H_pchip,1,0.7682186
1126767,2,test,H_pchip,0,0.5246236
1127029,2,test,H_pchip,0,0.5204573
1127812,2,test,H_pchip,1,0.53719866
1128467,2,test,H_pchip,1,0.6782657
1128811,2,test,H_pchip,0,0.6730478
1129353,2,test,H_pchip,0,0.5051498
1129383,2,test,H_pchip,1,0.5617441
1129401,2,test,H_pchip,1,0.44934702
1130020,2,test,H_pchip,1,0.8716955
1130043,2,test,H_pchip,1,0.77102095
1130495,2,test,H_pchip,1,0.24444258
1130530,2,test,H_pchip,0,0.6148157
1131124,2,test,H_pchip,1,0.70341146
1131656,2,test,H_pchip,1,0.93790746
1132058,2,test,H_pchip,1,0.5643191
1132465,2,test,H_pchip,1,0.7651328
1132886,2,test,H_pchip,0,1.0421519
1133211,2,test,H_pchip,1,0.190344
1134193,2,test,H_pchip,1,0.7895512
1134339,2,test,H_pchip,0,0.33914724
1135004,2,test,H_pchip,0,0.3817981
1136675,2,test,H_pchip,1,0.7066658
1136878,2,test,H_pchip,1,0.75835836
1137456,2,test,H_pchip,0,0.8642968
1137818,2,test,H_pchip,1,0.57821476
1138670,2,test,H_pchip,1,0.55482095
1138681,2,test,H_pchip,1,0.5415118
1138864,2,test,H_pchip,1,0.4755609
1140316,2,test,H_pchip,1,0.8537917
1142126,2,test,H_pchip,0,0.27579537
1142188,2,test,H_pchip,1,0.7811729
1144028,2,test,H_pchip,0,0.60948485
1144147,2,test,H_pchip,0,0.38696963
1144488,2,test,H_pchip,1,0.70891994
1144757,2,test,H_pchip,1,0.6668071
1145720,2,test,H_pchip,0,0.8008709
1146563,2,test,H_pchip,0,0.59186405
1146584,2,test,H_pchip,1,0.7945282
1148113,2,test,H_pchip,1,0.38018018
1148157,2,test,H_pchip,1,0.92855906
1148282,2,test,H_pchip,1,0.7411428
1148607,2,test,H_pchip,1,0.7689389
1148756,2,test,H_pchip,1,0.599371
1148957,2,test,H_pchip,1,0.74533343
1149553,2,test,H_pchip,1,0.8881407
1149963,2,test,H_pchip,1,0.599085
1150067,2,test,H_pchip,1,0.80211186
1150178,2,test,H_pchip,1,0.7807163
1151052,2,test,H_pchip,0,0.5504476
1151422,2,test,H_pchip,1,0.888358
1151513,2,test,H_pchip,1,0.5575186
1151818,2,test,H_pchip,0,0.30193046
1152700,2,test,H_pchip,1,0.76966286
1152707,2,test,H_pchip,0,0.9258276
1153263,2,test,H_pchip,0,0.29359153
1153649,2,test,H_pchip,0,0.67341155
1153914,2,test,H_pchip,1,0.754445
1154191,2,test,H_pchip,1,1.0275486
1154313,2,test,H_pchip,1,0.82381546
1154712,2,test,H_pchip,1,0.81198925
1155176,2,test,H_pchip,1,0.90703356
1155575,2,test,H_pchip,1,0.7066395
1156251,2,test,H_pchip,1,0.52928406
1156386,2,test,H_pchip,1,0.83308053
1156786,2,test,H_pchip,1,0.5186639
1156887,2,test,H_pchip,1,0.573345
1158961,2,test,H_pchip,1,1.1015118
1205766,2,test,H_pchip,1,0.8778216
1205889,2,test,H_pchip,1,0.8488345
1206310,2,test,H_pchip,1,0.5479008
1207017,2,test,H_pchip,1,0.79608846
1207116,2,test,H_pchip,1,1.0366315
1207484,2,test,H_pchip,0,0.4514938
1207861,2,test,H_pchip,1,1.3529766
1207963,2,test,H_pchip,1,0.54041874
1208561,2,test,H_pchip,1,0.980687
1208898,2,test,H_pchip,1,0.87123084
1209022,2,test,H_pchip,1,0.6605927
1209496,2,test,H_pchip,0,0.34459585
1210080,2,test,H_pchip,0,0.5313657
1210100,2,test,H_pchip,0,0.097973645
1210485,2,test,H_pchip,1,0.7730582
1210639,2,test,H_pchip,1,0.93410933
1210786,2,test,H_pchip,0,0.25476843
1210809,2,test,H_pchip,1,0.96384126
1211001,2,test,H_pchip,1,0.8351164
1211380,2,test,H_pchip,1,0.78284734
1212066,2,test,H_pchip,0,0.50200045
1212451,2,test,H_pchip,0,0.31979188
1212582,2,test,H_pchip,1,0.8658219
1213071,2,test,H_pchip,1,0.3877014
1213526,2,test,H_pchip,1,0.8721367
1214739,2,test,H_pchip,0,0.3237034
1214832,2,test,H_pchip,0,0.33028436
1215142,2,test,H_pchip,0,0.49241453
1215607,2,test,H_pchip,0,0.5063834
1216041,2,test,H_pchip,1,0.56813776
1216045,2,test,H_pchip,1,0.52755076
1216704,2,test,H_pchip,1,0.66595733
1216776,2,test,H_pchip,1,0.5677743
1217243,2,test,H_pchip,1,0.6175928
1218194,2,test,H_pchip,1,0.55056274
1218554,2,test,H_pchip,1,1.0689166
1218673,2,test,H_pchip,1,0.67784333
1219597,2,test,H_pchip,0,0.53637826
1219877,2,test,H_pchip,1,0.7080913
1220226,2,test,H_pchip,0,0.3187762
1220426,2,test,H_pchip,0,0.5472642
1220526,2,test,H_pchip,1,0.6059016
1220699,2,test,H_pchip,1,0.5846737
1220702,2,test,H_pchip,0,0.43694207
1220802,2,test,H_pchip,1,1.1306818
1220833,2,test,H_pchip,1,0.73032564
1220875,2,test,H_pchip,0,0.48341024
1221102,2,test,H_pchip,0,0.6738258
1221236,2,test,H_pchip,1,0.6491035
1221707,2,test,H_pchip,0,0.46194166
1222369,2,test,H_pchip,0,0.6778378
1222988,2,test,H_pchip,1,0.5586926
1223193,2,test,H_pchip,0,0.55750793
1223568,2,test,H_pchip,1,0.83012474
1223754,2,test,H_pchip,0,0.50261945
1224229,2,test,H_pchip,1,1.1948576
1224519,2,test,H_pchip,1,1.1402516
1224731,2,test,H_pchip,1,0.7807283
1225050,2,test,H_pchip,0,0.25565588
1225323,2,test,H_pchip,1,0.52085376
1225341,2,test,H_pchip,1,0.4134063
1225388,2,test,H_pchip,0,0.40134302
1225413,2,test,H_pchip,1,1.151305
1225605,2,test,H_pchip,0,0.4774741
1226794,2,test,H_pchip,0,0.38620946
1226946,2,test,H_pchip,1,0.7373345
1227262,2,test,H_pchip,1,0.7201828
1227437,2,test,H_pchip,1,0.7757393
1227597,2,test,H_pchip,0,0.297458
1227732,2,test,H_pchip,1,0.79960275
1227755,2,test,H_pchip,1,1.1078246
1227765,2,test,H_pchip,1,1.1204349
1228018,2,test,H_pchip,1,0.44567975
1228461,2,test,H_pchip,1,0.9488809
1228842,2,test,H_pchip,0,0.17401427
1229345,2,test,H_pchip,1,0.90925395
1229605,2,test,H_pchip,0,0.35762227
1230051,2,test,H_pchip,1,0.8650352
1230374,2,test,H_pchip,1,0.98449004
1230384,2,test,H_pchip,0,0.69080776
1230408,2,test,H_pchip,1,0.6480913
1230574,2,test,H_pchip,0,0.575704
1230712,2,test,H_pchip,0,0.78468394
1230855,2,test,H_pchip,0,0.23141453
1231339,2,test,H_pchip,0,0.39253718
1232028,2,test,H_pchip,0,0.14889929
1233241,2,test,H_pchip,0,0.7119424
1233508,2,test,H_pchip,1,0.6055563
1233527,2,test,H_pchip,1,0.5969616
1233621,2,test,H_pchip,0,0.69763017
1233632,2,test,H_pchip,1,0.5939756
1233791,2,test,H_pchip,1,0.584513
1234521,2,test,H_pchip,0,0.31747586
1235863,2,test,H_pchip,1,0.57944775
1235882,2,test,H_pchip,0,0.31026313
1235914,2,test,H_pchip,0,0.30747125
1235985,2,test,H_pchip,1,0.6919641
1236656,2,test,H_pchip,0,0.5266675
1237272,2,test,H_pchip,1,0.5710623
1237647,2,test,H_pchip,0,0.31584603
1238245,2,test,H_pchip,1,0.7204187
1238297,2,test,H_pchip,0,0.70504737
1238348,2,test,H_pchip,0,0.5544916
1238457,2,test,H_pchip,1,0.67743087
1238537,2,test,H_pchip,0,0.61741674
1238550,2,test,H_pchip,1,0.922576
1238559,2,test,H_pchip,1,0.987234
1238835,2,test,H_pchip,1,0.8871509
1238864,2,test,H_pchip,1,0.7831117
1238867,2,test,H_pchip,1,0.4891702
1238917,2,test,H_pchip,0,0.28260502
1238960,2,test,H_pchip,1,0.908591
1239042,2,test,H_pchip,1,0.3577846
1239079,2,test,H_pchip,1,0.58229226
1239224,2,test,H_pchip,1,0.5130998
1239283,2,test,H_pchip,1,0.4442804
1239427,2,test,H_pchip,1,0.85004586
1239611,2,test,H_pchip,1,0.8013878
1239907,2,test,H_pchip,1,0.6775532
1241318,2,test,H_pchip,1,0.28822917
1241362,2,test,H_pchip,1,0.9356742
1241625,2,test,H_pchip,0,0.49345744
1241779,2,test,H_pchip,1,0.5504122
1242413,2,test,H_pchip,1,0.75962913
1242831,2,test,H_pchip,0,0.433141
1243993,2,test,H_pchip,0,0.43950188
1244763,2,test,H_pchip,0,0.51512533
1244765,2,test,H_pchip,0,0.16564116
1245905,2,test,H_pchip,1,0.85393584
1245930,2,test,H_pchip,0,0.46477443
1246192,2,test,H_pchip,1,0.51746976
1246490,2,test,H_pchip,1,0.96163386
1246702,2,test,H_pchip,1,0.71647906
