source,variant,arm,repeat,auroc_val,auroc_test,n_features,n_ind_dropped,n_nzv_dropped,n_corr_dropped,noop,seconds
3,all,A0,0,0.7217905405405405,0.7126559251559251,534,0,0,0,False,9.003075122833252
3,all,A0,1,0.755977130977131,0.7565618503118503,534,0,0,0,False,9.236877918243408
3,all,A0,2,0.7386954261954264,0.7581990644490646,534,0,0,0,False,9.048879146575928
3,all,A0,3,0.7454651767151766,0.7300545738045738,534,0,0,0,False,9.112400770187378
3,all,A0,4,0.7464397089397089,0.7405925155925157,534,0,0,0,False,9.013921022415161
3,all,A0,5,0.7228820166320168,0.7354859667359668,534,0,0,0,False,9.13080883026123
3,all,A0,6,0.7214267151767151,0.727027027027027,534,0,0,0,False,9.077273845672607
3,all,A0,7,0.7538201663201662,0.7599922037422038,534,0,0,0,False,9.165167093276978
3,all,A0,8,0.7597193347193346,0.7532744282744283,534,0,0,0,False,9.094725847244263
3,all,A0,9,0.7540410602910603,0.7722453222453223,534,0,0,0,False,10.192537069320679
3,all,A0,10,0.7463617463617463,0.7249350311850311,534,0,0,0,False,9.935601949691772
3,all,A0,11,0.7711798336798337,0.7251559251559251,534,0,0,0,False,9.917449951171875
3,all,A0,12,0.7554963617463617,0.7349792099792098,534,0,0,0,False,9.994094133377075
3,all,A0,13,0.7543009355509356,0.739799896049896,534,0,0,0,False,10.080481052398682
3,all,A0,14,0.7520400207900207,0.7313409563409563,534,0,0,0,False,10.084029912948608
3,all,A0,15,0.7264423076923077,0.7304183991683992,534,0,0,0,False,9.970309972763062
3,all,A0,16,0.7686720374220374,0.7372920997920999,534,0,0,0,False,10.088572978973389
3,all,A0,17,0.7416450103950104,0.7590046777546778,534,0,0,0,False,9.877844095230103
3,all,A0,18,0.7194126819126819,0.7189059251559251,534,0,0,0,False,9.736990928649902
3,all,A0,19,0.7575103950103952,0.7414890852390852,534,0,0,0,False,9.870102167129517
3,all,A0,20,0.7305613305613305,0.7404235966735968,534,0,0,0,False,9.556956052780151
3,all,A0,21,0.7399298336798339,0.7516372141372141,534,0,0,0,False,9.744511842727661
3,all,A0,22,0.7738305613305614,0.7112006237006238,534,0,0,0,False,9.720282793045044
3,all,A0,23,0.7372920997920998,0.7709719334719336,534,0,0,0,False,9.687588214874268
3,all,A0,24,0.7498960498960499,0.7395140332640333,534,0,0,0,False,9.859046936035156
3,all,A0,25,0.751429313929314,0.7522869022869023,534,0,0,0,False,9.686427116394043
3,all,A0,26,0.7513253638253639,0.7522869022869023,534,0,0,0,False,9.692582845687866
3,all,A0,27,0.7515072765072766,0.7600701663201663,534,0,0,0,False,9.811009168624878
3,all,A0,28,0.7548336798336798,0.7691268191268192,534,0,0,0,False,9.848834037780762
3,all,A0,29,0.7401637214137216,0.7672037422037423,534,0,0,0,False,9.628077745437622
3,all,A1,0,0.7122011434511435,0.7164760914760915,400,131,3,0,False,8.889181852340698
3,all,A1,1,0.7567567567567568,0.7572375259875261,400,131,3,0,False,9.024932146072388
3,all,A1,2,0.7348102910602909,0.7474922037422037,400,131,3,0,False,8.80854606628418
3,all,A1,3,0.750818607068607,0.72872920997921,400,131,3,0,False,8.944482803344727
3,all,A1,4,0.7578742203742204,0.7440098752598754,400,131,3,0,False,8.791849136352539
3,all,A1,5,0.7216735966735967,0.7336018711018711,400,131,3,0,False,8.886851072311401
3,all,A1,6,0.7373830561330561,0.7370322245322245,400,131,3,0,False,8.887285947799683
3,all,A1,7,0.7558341995841997,0.7538981288981289,400,131,3,0,False,9.023081064224243
3,all,A1,8,0.7601221413721413,0.7642151767151768,400,131,3,0,False,8.806939125061035
3,all,A1,9,0.748245841995842,0.7595504158004158,400,131,3,0,False,9.648797750473022
3,all,A1,10,0.7508965696465697,0.7227650727650727,400,131,3,0,False,9.463775873184204
3,all,A1,11,0.7663461538461539,0.7273778586278588,400,131,3,0,False,9.663474082946777
3,all,A1,12,0.7553274428274428,0.7310420997920998,400,131,3,0,False,9.493554830551147
3,all,A1,13,0.7540540540540541,0.745335239085239,400,131,3,0,False,9.642189025878906
3,all,A1,14,0.7528716216216217,0.7409563409563409,400,131,3,0,False,9.685495853424072
3,all,A1,15,0.72258316008316,0.7335369022869023,400,131,3,0,False,9.769717931747437
3,all,A1,16,0.7617983367983368,0.7328352390852391,400,131,3,0,False,9.688628911972046
3,all,A1,17,0.7376039501039502,0.759654365904366,400,131,3,0,False,9.558963060379028
3,all,A1,18,0.7196595634095634,0.7238955301455301,400,131,3,0,False,9.633373975753784
3,all,A1,19,0.7516502079002079,0.7408393970893972,400,131,3,0,False,9.594472885131836
3,all,A1,20,0.7317567567567567,0.7333809771309772,400,131,3,0,False,9.529345035552979
3,all,A1,21,0.7390202702702703,0.7534433471933473,400,131,3,0,False,9.542412042617798
3,all,A1,22,0.7735836798336799,0.7133186070686071,400,131,3,0,False,9.516788005828857
3,all,A1,23,0.7357328482328482,0.7642671517671518,400,131,3,0,False,9.499663829803467
3,all,A1,24,0.7568087318087318,0.7392671517671516,400,131,3,0,False,9.602097272872925
3,all,A1,25,0.7455691268191269,0.7541450103950104,400,131,3,0,False,9.661534786224365
3,all,A1,26,0.7499220374220374,0.7469854469854469,400,131,3,0,False,9.617157936096191
3,all,A1,27,0.7437499999999999,0.7599922037422039,400,131,3,0,False,9.206232786178589
3,all,A1,28,0.7622011434511435,0.7729339916839918,400,131,3,0,False,9.36576795578003
3,all,A1,29,0.7500000000000001,0.762616943866944,400,131,3,0,False,9.298675775527954
3,all,A2,0,0.7151767151767152,0.7254287941787942,196,131,3,204,False,4.242115020751953
3,all,A2,1,0.7629807692307692,0.7553014553014552,196,131,3,204,False,4.286478042602539
3,all,A2,2,0.7410083160083161,0.7517411642411644,192,131,3,208,False,4.15500807762146
3,all,A2,3,0.7451533264033264,0.740956340956341,194,131,3,206,False,4.181499242782593
3,all,A2,4,0.7508186070686071,0.7435420997920998,195,131,3,205,False,4.211507797241211
3,all,A2,5,0.7372531185031186,0.7290930353430354,190,131,3,210,False,4.134178876876831
3,all,A2,6,0.7374740124740123,0.7377468814968815,194,131,3,206,False,4.180337905883789
3,all,A2,7,0.7678794178794179,0.7613435550935551,196,131,3,204,False,4.3204450607299805
3,all,A2,8,0.7620712058212058,0.7691138253638252,196,131,3,204,False,4.231971025466919
3,all,A2,9,0.7585239085239084,0.7639942827442827,198,131,3,202,False,4.665485143661499
3,all,A2,10,0.7473752598752599,0.7279755717255718,195,131,3,205,False,4.572260856628418
3,all,A2,11,0.7695036382536383,0.7403196465696466,195,131,3,205,False,4.58932089805603
3,all,A2,12,0.7666450103950105,0.731912681912682,196,131,3,204,False,4.680921792984009
3,all,A2,13,0.7591216216216217,0.7420478170478171,196,131,3,204,False,4.625371217727661
3,all,A2,14,0.7555093555093555,0.7406704781704782,195,131,3,205,False,4.62572717666626
3,all,A2,15,0.7373310810810811,0.7429573804573805,196,131,3,204,False,4.639051914215088
3,all,A2,16,0.7610057172557172,0.7443087318087318,192,131,3,208,False,4.596776008605957
3,all,A2,17,0.745790020790021,0.7692047817047817,197,131,3,203,False,4.582627773284912
3,all,A2,18,0.7293788981288982,0.7186850311850312,193,131,3,207,False,4.506093978881836
3,all,A2,19,0.7425545738045738,0.7481808731808731,194,131,3,206,False,4.609663009643555
3,all,A2,20,0.7367463617463617,0.7335239085239087,191,131,3,209,False,4.396006107330322
3,all,A2,21,0.7465306652806651,0.7513773388773389,191,131,3,209,False,4.442383766174316
3,all,A2,22,0.7677754677754678,0.697804054054054,191,131,3,209,False,4.548127889633179
3,all,A2,23,0.7352520790020791,0.7790800415800415,197,131,3,203,False,4.612053155899048
3,all,A2,24,0.7587058212058212,0.748349792099792,196,131,3,204,False,4.656773805618286
3,all,A2,25,0.7513123700623701,0.7576923076923078,194,131,3,206,False,4.668526887893677
3,all,A2,26,0.7481808731808731,0.7478820166320166,189,131,3,211,False,4.51497483253479
3,all,A2,27,0.7453482328482328,0.7483497920997921,195,131,3,205,False,4.341869115829468
3,all,A2,28,0.761733367983368,0.7661902286902287,195,131,3,205,False,4.537623882293701
3,all,A2,29,0.7452572765072766,0.7585758835758836,196,131,3,204,False,4.479461908340454
3,all,A3_k100,0,0.7329781704781704,0.7156055093555094,100,131,3,0,False,2.6489007472991943
3,all,A3_k100,1,0.7598882536382537,0.7489085239085238,100,131,3,0,False,2.622706890106201
3,all,A3_k100,2,0.7528976091476092,0.7577572765072764,100,131,3,0,False,2.590449333190918
3,all,A3_k100,3,0.7635784823284824,0.747596153846154,100,131,3,0,False,2.646806001663208
3,all,A3_k100,4,0.7674896049896051,0.7506107068607069,100,131,3,0,False,2.6252241134643555
3,all,A3_k100,5,0.739371101871102,0.7353950103950103,100,131,3,0,False,2.593630075454712
3,all,A3_k100,6,0.7461798336798339,0.7236616424116424,100,131,3,0,False,2.661813974380493
3,all,A3_k100,7,0.7726221413721414,0.754989604989605,100,131,3,0,False,2.547545909881592
3,all,A3_k100,8,0.774233367983368,0.762551975051975,100,131,3,0,False,2.6975347995758057
3,all,A3_k100,9,0.7624220374220374,0.7617723492723493,100,131,3,0,False,2.591063976287842
3,all,A3_k100,10,0.7593035343035343,0.7194646569646569,100,131,3,0,False,2.489063262939453
3,all,A3_k100,11,0.7847972972972973,0.7103690228690229,100,131,3,0,False,2.493842840194702
3,all,A3_k100,12,0.7725311850311851,0.7223882536382535,100,131,3,0,False,2.591191053390503
3,all,A3_k100,13,0.778456340956341,0.7383575883575884,100,131,3,0,False,2.539072036743164
3,all,A3_k100,14,0.7844074844074844,0.7366164241164241,100,131,3,0,False,2.664163112640381
3,all,A3_k100,15,0.7386954261954262,0.7452053014553015,100,131,3,0,False,2.5356180667877197
3,all,A3_k100,16,0.7619932432432432,0.7419568607068607,100,131,3,0,False,2.7024669647216797
3,all,A3_k100,17,0.7479209979209979,0.751039501039501,100,131,3,0,False,2.516832113265991
3,all,A3_k100,18,0.750662681912682,0.721764553014553,100,131,3,0,False,2.510852813720703
3,all,A3_k100,19,0.7664760914760915,0.7419698544698545,100,131,3,0,False,2.4527878761291504
3,all,A3_k100,20,0.7484407484407487,0.7440098752598753,100,131,3,0,False,2.442176103591919
3,all,A3_k100,21,0.76381237006237,0.751702182952183,100,131,3,0,False,2.52006196975708
3,all,A3_k100,22,0.7926065488565488,0.7150987525987527,100,131,3,0,False,2.558274984359741
3,all,A3_k100,23,0.7493113305613305,0.7691917879417878,100,131,3,0,False,2.561464786529541
3,all,A3_k100,24,0.7758835758835758,0.7318477130977132,100,131,3,0,False,2.523473024368286
3,all,A3_k100,25,0.7701793139293138,0.7571465696465696,100,131,3,0,False,2.5354740619659424
3,all,A3_k100,26,0.7618373180873181,0.7613175675675676,100,131,3,0,False,2.5940630435943604
3,all,A3_k100,27,0.7581081081081081,0.7597713097713098,100,131,3,0,False,2.3945672512054443
3,all,A3_k100,28,0.7603300415800416,0.7628118503118504,100,131,3,0,False,2.4709479808807373
3,all,A3_k100,29,0.7641632016632016,0.7686330561330561,100,131,3,0,False,2.3991379737854004
3,all,A3_k50,0,0.7308082120582121,0.7248570686070688,50,131,3,0,False,1.367945909500122
3,all,A3_k50,1,0.7540410602910603,0.751754158004158,50,131,3,0,False,1.48940110206604
3,all,A3_k50,2,0.7629677754677755,0.7667359667359668,50,131,3,0,False,1.2884020805358887
3,all,A3_k50,3,0.7648778586278587,0.744412681912682,50,131,3,0,False,1.3224358558654785
3,all,A3_k50,4,0.7765202702702703,0.7371621621621622,50,131,3,0,False,1.2687029838562012
3,all,A3_k50,5,0.7324194386694386,0.7309771309771309,50,131,3,0,False,1.3611350059509277
3,all,A3_k50,6,0.7442827442827444,0.7183471933471934,50,131,3,0,False,1.224184274673462
3,all,A3_k50,7,0.7851091476091475,0.7530925155925154,50,131,3,0,False,1.5340561866760254
3,all,A3_k50,8,0.7828222453222452,0.7443607068607068,50,131,3,0,False,1.4091458320617676
3,all,A3_k50,9,0.7678014553014553,0.7658134095634095,50,131,3,0,False,1.4163546562194824
3,all,A3_k50,10,0.7800805613305613,0.7346543659043658,50,131,3,0,False,1.3425731658935547
3,all,A3_k50,11,0.7909433471933471,0.7256886694386694,50,131,3,0,False,1.3537263870239258
3,all,A3_k50,12,0.7727390852390852,0.7234537422037421,50,131,3,0,False,1.3820719718933105
3,all,A3_k50,13,0.7708809771309773,0.7376039501039502,50,131,3,0,False,1.331974983215332
3,all,A3_k50,14,0.7859667359667359,0.7411382536382537,50,131,3,0,False,1.3395872116088867
3,all,A3_k50,15,0.7547167359667358,0.736837318087318,50,131,3,0,False,1.3586180210113525
3,all,A3_k50,16,0.767489604989605,0.7493113305613306,50,131,3,0,False,1.3610219955444336
3,all,A3_k50,17,0.7575623700623699,0.7608757796257797,50,131,3,0,False,1.3394432067871094
3,all,A3_k50,18,0.7533523908523908,0.7275207900207901,50,131,3,0,False,1.3759150505065918
3,all,A3_k50,19,0.7688279625779626,0.7431133056133056,50,131,3,0,False,1.3018450736999512
3,all,A3_k50,20,0.7449324324324325,0.7301455301455302,50,131,3,0,False,1.3616149425506592
3,all,A3_k50,21,0.7607458419958422,0.743581081081081,50,131,3,0,False,1.3949508666992188
3,all,A3_k50,22,0.7829002079002079,0.7116813929313929,50,131,3,0,False,1.3936002254486084
3,all,A3_k50,23,0.7474922037422037,0.7736226611226611,50,131,3,0,False,1.3520069122314453
3,all,A3_k50,24,0.7707250519750519,0.7439449064449064,50,131,3,0,False,1.3723111152648926
3,all,A3_k50,25,0.7748700623700624,0.7661512474012474,50,131,3,0,False,1.3150320053100586
3,all,A3_k50,26,0.7563669438669438,0.7643840956340957,50,131,3,0,False,1.3396589756011963
3,all,A3_k50,27,0.7578482328482328,0.7588617463617464,50,131,3,0,False,1.2802379131317139
3,all,A3_k50,28,0.7684901247401246,0.7617853430353432,50,131,3,0,False,1.261497974395752
3,all,A3_k50,29,0.7730379417879417,0.7639163201663202,50,131,3,0,False,1.2372491359710693
3,demo,A0,0,0.553618762993763,0.5745387214137214,7,0,0,0,False,0.09649777412414551
3,demo,A0,1,0.540904365904366,0.5745257276507275,7,0,0,0,False,0.09413671493530273
3,demo,A0,2,0.5913461538461537,0.552293399168399,7,0,0,0,False,0.09622812271118164
3,demo,A0,3,0.5782744282744283,0.5711863305613306,7,0,0,0,False,0.10218214988708496
3,demo,A0,4,0.5773908523908524,0.5698999480249479,7,0,0,0,False,0.0982358455657959
3,demo,A0,5,0.5886239604989606,0.5699779106029107,7,0,0,0,False,0.10893797874450684
3,demo,A0,6,0.6093230249480251,0.5473752598752598,7,0,0,0,False,0.09712600708007812
3,demo,A0,7,0.5678599272349273,0.5642736486486486,7,0,0,0,False,0.09172391891479492
3,demo,A0,8,0.5734277546777546,0.556477390852391,7,0,0,0,False,0.09356904029846191
3,demo,A0,9,0.5890202702702703,0.5216670997920999,7,0,0,0,False,0.1195981502532959
3,demo,A0,10,0.5388448544698544,0.5812629937629937,7,0,0,0,False,0.10752415657043457
3,demo,A0,11,0.5497336278586279,0.5638968295218294,7,0,0,0,False,0.11221599578857422
3,demo,A0,12,0.5363760395010395,0.5781185031185031,7,0,0,0,False,0.1252422332763672
3,demo,A0,13,0.5715436590436591,0.5667359667359667,7,0,0,0,False,0.14239287376403809
3,demo,A0,14,0.5499415280665281,0.5519490644490644,7,0,0,0,False,0.1057438850402832
3,demo,A0,15,0.5802754677754677,0.5722453222453221,7,0,0,0,False,0.12313008308410645
3,demo,A0,16,0.5524493243243244,0.5704651767151767,7,0,0,0,False,0.12355995178222656
3,demo,A0,17,0.5446400727650728,0.5243178274428274,7,0,0,0,False,0.11772799491882324
3,demo,A0,18,0.613266632016632,0.5647674116424117,7,0,0,0,False,0.09993910789489746
3,demo,A0,19,0.5567372661122661,0.6142931392931393,7,0,0,0,False,0.10889029502868652
3,demo,A0,20,0.5749025467775468,0.5442892411642412,7,0,0,0,False,0.15578484535217285
3,demo,A0,21,0.5410667879417879,0.5477780665280666,7,0,0,0,False,0.09969615936279297
3,demo,A0,22,0.537227130977131,0.5849597193347194,7,0,0,0,False,0.11378884315490723
3,demo,A0,23,0.5668074324324324,0.5773713617463617,7,0,0,0,False,0.11391401290893555
3,demo,A0,24,0.5600246881496882,0.5342125779625779,7,0,0,0,False,0.12183690071105957
3,demo,A0,25,0.5206275987525988,0.5727780665280664,7,0,0,0,False,0.11660408973693848
3,demo,A0,26,0.524779106029106,0.5634875259875259,7,0,0,0,False,0.11711001396179199
3,demo,A0,27,0.5940553534303535,0.5870841995841993,7,0,0,0,False,0.10634112358093262
3,demo,A0,28,0.5549181392931393,0.5543464137214138,7,0,0,0,False,0.10550284385681152
3,demo,A0,29,0.5846933471933471,0.6023843555093557,7,0,0,0,False,0.12241411209106445
3,demo,A1,0,0.5547882016632016,0.5735252079002079,6,0,1,0,False,0.09707999229431152
3,demo,A1,1,0.5282744282744283,0.5737720893970893,6,0,1,0,False,0.0913081169128418
3,demo,A1,2,0.5913071725571726,0.552410343035343,6,0,1,0,False,0.0955810546875
3,demo,A1,3,0.5782224532224532,0.5713162681912682,6,0,1,0,False,0.09403324127197266
3,demo,A1,4,0.5797037422037422,0.567535083160083,6,0,1,0,False,0.0961909294128418
3,demo,A1,5,0.5876494282744283,0.569795997920998,6,0,1,0,False,0.09598994255065918
3,demo,A1,6,0.6093230249480251,0.5473752598752598,6,0,1,0,False,0.08980488777160645
3,demo,A1,7,0.5679638773388773,0.5644295738045737,6,0,1,0,False,0.09362101554870605
3,demo,A1,8,0.5733887733887734,0.5563214656964658,6,0,1,0,False,0.10028600692749023
3,demo,A1,9,0.5890202702702703,0.5216411122661122,6,0,1,0,False,0.11575698852539062
3,demo,A1,10,0.5388448544698544,0.5812629937629937,6,0,1,0,False,0.11204719543457031
3,demo,A1,11,0.5497336278586279,0.5638968295218294,6,0,1,0,False,0.1326432228088379
3,demo,A1,12,0.5363760395010395,0.5781185031185031,6,0,1,0,False,0.12142372131347656
3,demo,A1,13,0.5715436590436591,0.5667359667359667,6,0,1,0,False,0.13843894004821777
3,demo,A1,14,0.5516696985446985,0.5504677754677754,6,0,1,0,False,0.11302566528320312
3,demo,A1,15,0.5867593555093555,0.5844464656964656,6,0,1,0,False,0.11720919609069824
3,demo,A1,16,0.5524493243243244,0.5704651767151767,6,0,1,0,False,0.12058615684509277
3,demo,A1,17,0.5432497401247401,0.5206535862785863,6,0,1,0,False,0.11079287528991699
3,demo,A1,18,0.612720893970894,0.5628963097713098,6,0,1,0,False,0.12120699882507324
3,demo,A1,19,0.5568412162162163,0.6142671517671519,6,0,1,0,False,0.09724187850952148
3,demo,A1,20,0.5749025467775468,0.5442892411642412,6,0,1,0,False,0.10514211654663086
3,demo,A1,21,0.5410667879417879,0.5477780665280666,6,0,1,0,False,0.1236567497253418
3,demo,A1,22,0.5369022869022869,0.5847778066528067,6,0,1,0,False,0.10498619079589844
3,demo,A1,23,0.5668074324324324,0.5773713617463617,6,0,1,0,False,0.11003589630126953
3,demo,A1,24,0.5589072245322246,0.5342125779625779,6,0,1,0,False,0.11806988716125488
3,demo,A1,25,0.5206275987525988,0.572752079002079,6,0,1,0,False,0.11010384559631348
3,demo,A1,26,0.5245452182952183,0.5618892931392933,6,0,1,0,False,0.10818099975585938
3,demo,A1,27,0.5940033783783785,0.5869802494802493,6,0,1,0,False,0.12116098403930664
3,demo,A1,28,0.5520335239085239,0.5574519230769232,6,0,1,0,False,0.106719970703125
3,demo,A1,29,0.5846933471933471,0.6023843555093557,6,0,1,0,False,0.11104106903076172
3,demo,A2,0,0.5547882016632016,0.5735252079002079,6,0,1,0,False,0.09856390953063965
3,demo,A2,1,0.5282744282744283,0.5737720893970893,6,0,1,0,False,0.09612202644348145
3,demo,A2,2,0.5913071725571726,0.552410343035343,6,0,1,0,False,0.09826302528381348
3,demo,A2,3,0.5782224532224532,0.5713162681912682,6,0,1,0,False,0.09348297119140625
3,demo,A2,4,0.5797037422037422,0.567535083160083,6,0,1,0,False,0.0917508602142334
3,demo,A2,5,0.5876494282744283,0.569795997920998,6,0,1,0,False,0.09535694122314453
3,demo,A2,6,0.6093230249480251,0.5473752598752598,6,0,1,0,False,0.09223794937133789
3,demo,A2,7,0.5679638773388773,0.5644295738045737,6,0,1,0,False,0.0915987491607666
3,demo,A2,8,0.5733887733887734,0.5563214656964658,6,0,1,0,False,0.10495710372924805
3,demo,A2,9,0.5890202702702703,0.5216411122661122,6,0,1,0,False,0.10762524604797363
3,demo,A2,10,0.5388448544698544,0.5812629937629937,6,0,1,0,False,0.12176012992858887
3,demo,A2,11,0.5497336278586279,0.5638968295218294,6,0,1,0,False,0.10201811790466309
3,demo,A2,12,0.5363760395010395,0.5781185031185031,6,0,1,0,False,0.10645771026611328
3,demo,A2,13,0.5715436590436591,0.5667359667359667,6,0,1,0,False,0.10834813117980957
3,demo,A2,14,0.5516696985446985,0.5504677754677754,6,0,1,0,False,0.1115109920501709
3,demo,A2,15,0.5867593555093555,0.5844464656964656,6,0,1,0,False,0.10685896873474121
3,demo,A2,16,0.5524493243243244,0.5704651767151767,6,0,1,0,False,0.11855220794677734
3,demo,A2,17,0.5432497401247401,0.5206535862785863,6,0,1,0,False,0.11024689674377441
3,demo,A2,18,0.612720893970894,0.5628963097713098,6,0,1,0,False,0.11625099182128906
3,demo,A2,19,0.5568412162162163,0.6142671517671519,6,0,1,0,False,0.15458083152770996
3,demo,A2,20,0.5749025467775468,0.5442892411642412,6,0,1,0,False,0.13666892051696777
3,demo,A2,21,0.5410667879417879,0.5477780665280666,6,0,1,0,False,0.1203911304473877
3,demo,A2,22,0.5369022869022869,0.5847778066528067,6,0,1,0,False,0.11927509307861328
3,demo,A2,23,0.5668074324324324,0.5773713617463617,6,0,1,0,False,0.11177396774291992
3,demo,A2,24,0.5589072245322246,0.5342125779625779,6,0,1,0,False,0.10790228843688965
3,demo,A2,25,0.5206275987525988,0.572752079002079,6,0,1,0,False,0.11382293701171875
3,demo,A2,26,0.5245452182952183,0.5618892931392933,6,0,1,0,False,0.11929488182067871
3,demo,A2,27,0.5940033783783785,0.5869802494802493,6,0,1,0,False,0.10383915901184082
3,demo,A2,28,0.5520335239085239,0.5574519230769232,6,0,1,0,False,0.11618900299072266
3,demo,A2,29,0.5846933471933471,0.6023843555093557,6,0,1,0,False,0.12488985061645508
3,demo,A3_k100,0,0.5547882016632016,0.5735252079002079,6,0,1,0,True,0.0
3,demo,A3_k100,1,0.5282744282744283,0.5737720893970893,6,0,1,0,True,0.0
3,demo,A3_k100,2,0.5913071725571726,0.552410343035343,6,0,1,0,True,0.0
3,demo,A3_k100,3,0.5782224532224532,0.5713162681912682,6,0,1,0,True,0.0
3,demo,A3_k100,4,0.5797037422037422,0.567535083160083,6,0,1,0,True,0.0
3,demo,A3_k100,5,0.5876494282744283,0.569795997920998,6,0,1,0,True,0.0
3,demo,A3_k100,6,0.6093230249480251,0.5473752598752598,6,0,1,0,True,0.0
3,demo,A3_k100,7,0.5679638773388773,0.5644295738045737,6,0,1,0,True,0.0
3,demo,A3_k100,8,0.5733887733887734,0.5563214656964658,6,0,1,0,True,0.0
3,demo,A3_k100,9,0.5890202702702703,0.5216411122661122,6,0,1,0,True,0.0
3,demo,A3_k100,10,0.5388448544698544,0.5812629937629937,6,0,1,0,True,0.0
3,demo,A3_k100,11,0.5497336278586279,0.5638968295218294,6,0,1,0,True,0.0
3,demo,A3_k100,12,0.5363760395010395,0.5781185031185031,6,0,1,0,True,0.0
3,demo,A3_k100,13,0.5715436590436591,0.5667359667359667,6,0,1,0,True,0.0
3,demo,A3_k100,14,0.5516696985446985,0.5504677754677754,6,0,1,0,True,0.0
3,demo,A3_k100,15,0.5867593555093555,0.5844464656964656,6,0,1,0,True,0.0
3,demo,A3_k100,16,0.5524493243243244,0.5704651767151767,6,0,1,0,True,0.0
3,demo,A3_k100,17,0.5432497401247401,0.5206535862785863,6,0,1,0,True,0.0
3,demo,A3_k100,18,0.612720893970894,0.5628963097713098,6,0,1,0,True,0.0
3,demo,A3_k100,19,0.5568412162162163,0.6142671517671519,6,0,1,0,True,0.0
3,demo,A3_k100,20,0.5749025467775468,0.5442892411642412,6,0,1,0,True,0.0
3,demo,A3_k100,21,0.5410667879417879,0.5477780665280666,6,0,1,0,True,0.0
3,demo,A3_k100,22,0.5369022869022869,0.5847778066528067,6,0,1,0,True,0.0
3,demo,A3_k100,23,0.5668074324324324,0.5773713617463617,6,0,1,0,True,0.0
3,demo,A3_k100,24,0.5589072245322246,0.5342125779625779,6,0,1,0,True,0.0
3,demo,A3_k100,25,0.5206275987525988,0.572752079002079,6,0,1,0,True,0.0
3,demo,A3_k100,26,0.5245452182952183,0.5618892931392933,6,0,1,0,True,0.0
3,demo,A3_k100,27,0.5940033783783785,0.5869802494802493,6,0,1,0,True,0.0
3,demo,A3_k100,28,0.5520335239085239,0.5574519230769232,6,0,1,0,True,0.0
3,demo,A3_k100,29,0.5846933471933471,0.6023843555093557,6,0,1,0,True,0.0
3,demo,A3_k50,0,0.5547882016632016,0.5735252079002079,6,0,1,0,True,0.0
3,demo,A3_k50,1,0.5282744282744283,0.5737720893970893,6,0,1,0,True,0.0
3,demo,A3_k50,2,0.5913071725571726,0.552410343035343,6,0,1,0,True,0.0
3,demo,A3_k50,3,0.5782224532224532,0.5713162681912682,6,0,1,0,True,0.0
3,demo,A3_k50,4,0.5797037422037422,0.567535083160083,6,0,1,0,True,0.0
3,demo,A3_k50,5,0.5876494282744283,0.569795997920998,6,0,1,0,True,0.0
3,demo,A3_k50,6,0.6093230249480251,0.5473752598752598,6,0,1,0,True,0.0
3,demo,A3_k50,7,0.5679638773388773,0.5644295738045737,6,0,1,0,True,0.0
3,demo,A3_k50,8,0.5733887733887734,0.5563214656964658,6,0,1,0,True,0.0
3,demo,A3_k50,9,0.5890202702702703,0.5216411122661122,6,0,1,0,True,0.0
3,demo,A3_k50,10,0.5388448544698544,0.5812629937629937,6,0,1,0,True,0.0
3,demo,A3_k50,11,0.5497336278586279,0.5638968295218294,6,0,1,0,True,0.0
3,demo,A3_k50,12,0.5363760395010395,0.5781185031185031,6,0,1,0,True,0.0
3,demo,A3_k50,13,0.5715436590436591,0.5667359667359667,6,0,1,0,True,0.0
3,demo,A3_k50,14,0.5516696985446985,0.5504677754677754,6,0,1,0,True,0.0
3,demo,A3_k50,15,0.5867593555093555,0.5844464656964656,6,0,1,0,True,0.0
3,demo,A3_k50,16,0.5524493243243244,0.5704651767151767,6,0,1,0,True,0.0
3,demo,A3_k50,17,0.5432497401247401,0.5206535862785863,6,0,1,0,True,0.0
3,demo,A3_k50,18,0.612720893970894,0.5628963097713098,6,0,1,0,True,0.0
3,demo,A3_k50,19,0.5568412162162163,0.6142671517671519,6,0,1,0,True,0.0
3,demo,A3_k50,20,0.5749025467775468,0.5442892411642412,6,0,1,0,True,0.0
3,demo,A3_k50,21,0.5410667879417879,0.5477780665280666,6,0,1,0,True,0.0
3,demo,A3_k50,22,0.5369022869022869,0.5847778066528067,6,0,1,0,True,0.0
3,demo,A3_k50,23,0.5668074324324324,0.5773713617463617,6,0,1,0,True,0.0
3,demo,A3_k50,24,0.5589072245322246,0.5342125779625779,6,0,1,0,True,0.0
3,demo,A3_k50,25,0.5206275987525988,0.572752079002079,6,0,1,0,True,0.0
3,demo,A3_k50,26,0.5245452182952183,0.5618892931392933,6,0,1,0,True,0.0
3,demo,A3_k50,27,0.5940033783783785,0.5869802494802493,6,0,1,0,True,0.0
3,demo,A3_k50,28,0.5520335239085239,0.5574519230769232,6,0,1,0,True,0.0
3,demo,A3_k50,29,0.5846933471933471,0.6023843555093557,6,0,1,0,True,0.0
3,rec,A0,0,0.7216346153846154,0.7132276507276507,85,0,0,0,False,1.6532199382781982
3,rec,A0,1,0.7545867983367984,0.7489475051975052,85,0,0,0,False,1.689697027206421
3,rec,A0,2,0.7379158004158004,0.7551585239085238,85,0,0,0,False,1.6451530456542969
3,rec,A0,3,0.7556652806652807,0.7532094594594595,85,0,0,0,False,1.6697497367858887
3,rec,A0,4,0.7511954261954261,0.7636564449064449,85,0,0,0,False,1.6648359298706055
3,rec,A0,5,0.7354080041580042,0.7319256756756758,85,0,0,0,False,1.6847319602966309
3,rec,A0,6,0.7396439708939709,0.7070945945945946,85,0,0,0,False,1.6319348812103271
3,rec,A0,7,0.7535602910602911,0.7675285862785863,85,0,0,0,False,1.6640887260437012
3,rec,A0,8,0.7711408523908524,0.7575883575883576,85,0,0,0,False,1.6420800685882568
3,rec,A0,9,0.7582900207900208,0.7673466735966736,85,0,0,0,False,1.8794410228729248
3,rec,A0,10,0.7442697505197505,0.7432172557172556,85,0,0,0,False,1.9023618698120117
3,rec,A0,11,0.7739475051975053,0.7348232848232849,85,0,0,0,False,1.9000942707061768
3,rec,A0,12,0.7675805613305614,0.720439189189189,85,0,0,0,False,1.9412667751312256
3,rec,A0,13,0.7591995841995842,0.7357588357588358,85,0,0,0,False,1.9338908195495605
3,rec,A0,14,0.7431003118503118,0.749558212058212,85,0,0,0,False,1.9304120540618896
3,rec,A0,15,0.742099792099792,0.7341995841995842,85,0,0,0,False,1.9191079139709473
3,rec,A0,16,0.7596803534303534,0.7380847193347193,85,0,0,0,False,1.9063470363616943
3,rec,A0,17,0.744243762993763,0.752143970893971,85,0,0,0,False,1.8659379482269287
3,rec,A0,18,0.726650207900208,0.7246491683991683,85,0,0,0,False,1.9541499614715576
3,rec,A0,19,0.754443866943867,0.753456340956341,85,0,0,0,False,1.9730067253112793
3,rec,A0,20,0.736850311850312,0.7511044698544698,85,0,0,0,False,1.910735845565796
3,rec,A0,21,0.7534823284823284,0.7561590436590436,85,0,0,0,False,1.94956374168396
3,rec,A0,22,0.7807692307692308,0.7157224532224533,85,0,0,0,False,1.9248108863830566
3,rec,A0,23,0.7339007276507278,0.7616943866943867,85,0,0,0,False,1.954582929611206
3,rec,A0,24,0.775662681912682,0.7407094594594594,85,0,0,0,False,1.9808919429779053
3,rec,A0,25,0.7622531185031185,0.7656055093555094,85,0,0,0,False,1.9868988990783691
3,rec,A0,26,0.7533004158004158,0.7613045738045738,85,0,0,0,False,1.9763309955596924
3,rec,A0,27,0.7405925155925156,0.7535602910602911,85,0,0,0,False,1.9389538764953613
3,rec,A0,28,0.7494672557172557,0.7720114345114344,85,0,0,0,False,1.9698660373687744
3,rec,A0,29,0.7539371101871102,0.7665670478170478,85,0,0,0,False,1.8912148475646973
3,rec,A1,0,0.7212967775467776,0.7058341995841995,84,0,1,0,False,1.6155869960784912
3,rec,A1,1,0.7585758835758837,0.7574324324324324,84,0,1,0,False,1.6663379669189453
3,rec,A1,2,0.7367073804573805,0.7626169438669439,84,0,1,0,False,1.6406021118164062
3,rec,A1,3,0.7560940748440748,0.7454132016632017,84,0,1,0,False,1.612396001815796
3,rec,A1,4,0.7593295218295218,0.7518061330561331,84,0,1,0,False,1.6385889053344727
3,rec,A1,5,0.72368762993763,0.7325883575883576,84,0,1,0,False,1.648144006729126
3,rec,A1,6,0.7450233887733888,0.7150077962577962,84,0,1,0,False,1.6236379146575928
3,rec,A1,7,0.7603690228690229,0.7655405405405405,84,0,1,0,False,1.6337618827819824
3,rec,A1,8,0.7722193347193347,0.7637084199584199,84,0,1,0,False,1.632950782775879
3,rec,A1,9,0.7617073804573805,0.7673076923076922,84,0,1,0,False,1.8744049072265625
3,rec,A1,10,0.7409693347193348,0.741008316008316,84,0,1,0,False,1.856269121170044
3,rec,A1,11,0.7795997920997921,0.7361616424116424,84,0,1,0,False,1.8608019351959229
3,rec,A1,12,0.7693217255717256,0.72237525987526,84,0,1,0,False,1.8012919425964355
3,rec,A1,13,0.7667619542619541,0.7372401247401248,84,0,1,0,False,1.8487398624420166
3,rec,A1,14,0.7459849272349273,0.7505847193347194,84,0,1,0,False,1.8931012153625488
3,rec,A1,15,0.7407094594594595,0.7323544698544697,84,0,1,0,False,1.8642728328704834
3,rec,A1,16,0.7502079002079003,0.7468814968814969,84,0,1,0,False,1.8884820938110352
3,rec,A1,17,0.7427624740124741,0.7567177754677756,84,0,1,0,False,1.8489880561828613
3,rec,A1,18,0.7283393970893972,0.7293659043659043,84,0,1,0,False,1.9574511051177979
3,rec,A1,19,0.7525987525987525,0.7579002079002078,84,0,1,0,False,1.9147639274597168
3,rec,A1,20,0.7307172557172557,0.7469464656964657,84,0,1,0,False,1.907541036605835
3,rec,A1,21,0.7584459459459459,0.7548856548856548,84,0,1,0,False,1.9201509952545166
3,rec,A1,22,0.780535343035343,0.7245971933471933,84,0,1,0,False,1.876889944076538
3,rec,A1,23,0.7298596673596673,0.75987525987526,84,0,1,0,False,1.8881568908691406
3,rec,A1,24,0.7814579002079002,0.7400597713097713,84,0,1,0,False,1.9421088695526123
3,rec,A1,25,0.7584069646569647,0.7590436590436591,84,0,1,0,False,1.897535800933838
3,rec,A1,26,0.7520270270270271,0.7704261954261954,84,0,1,0,False,1.8884100914001465
3,rec,A1,27,0.7473492723492724,0.7595504158004158,84,0,1,0,False,1.8298931121826172
3,rec,A1,28,0.7488175675675676,0.769633575883576,84,0,1,0,False,1.8396029472351074
3,rec,A1,29,0.7603040540540542,0.7677494802494802,84,0,1,0,False,1.857893943786621
3,rec,A2,0,0.722700103950104,0.7170997920997921,43,0,1,41,False,0.8364980220794678
3,rec,A2,1,0.7579781704781704,0.7525077962577962,42,0,1,42,False,0.820336103439331
3,rec,A2,2,0.7434381496881497,0.767710498960499,42,0,1,42,False,0.7941708564758301
3,rec,A2,3,0.7557172557172558,0.7459719334719335,42,0,1,42,False,0.7999720573425293
3,rec,A2,4,0.7641242203742203,0.7652546777546777,42,0,1,42,False,0.813478946685791
3,rec,A2,5,0.7334849272349273,0.7395530145530146,40,0,1,44,False,0.8044631481170654
3,rec,A2,6,0.7395400207900207,0.7168918918918918,42,0,1,42,False,0.7941281795501709
3,rec,A2,7,0.7603820166320167,0.7707770270270271,41,0,1,43,False,0.8000812530517578
3,rec,A2,8,0.7721673596673597,0.7603560291060292,42,0,1,42,False,0.7865426540374756
3,rec,A2,9,0.7592775467775468,0.7757926195426197,43,0,1,41,False,0.9867572784423828
3,rec,A2,10,0.7604209979209979,0.7447765072765072,42,0,1,42,False,0.8969900608062744
3,rec,A2,11,0.7743633056133057,0.7491943866943866,43,0,1,41,False,0.9664130210876465
3,rec,A2,12,0.7759745322245324,0.728339397089397,44,0,1,40,False,0.9882769584655762
3,rec,A2,13,0.7675805613305612,0.7400467775467776,44,0,1,40,False,1.0023472309112549
3,rec,A2,14,0.755587318087318,0.7600051975051976,44,0,1,40,False,1.0114691257476807
3,rec,A2,15,0.7386434511434512,0.7325103950103949,42,0,1,42,False,0.9372842311859131
3,rec,A2,16,0.7561720374220374,0.7498830561330561,40,0,1,44,False,0.908726692199707
3,rec,A2,17,0.7467515592515592,0.7608757796257796,42,0,1,42,False,0.9128661155700684
3,rec,A2,18,0.734264553014553,0.7330691268191268,41,0,1,43,False,0.9123468399047852
3,rec,A2,19,0.7573804573804575,0.7532744282744283,42,0,1,42,False,0.9109041690826416
3,rec,A2,20,0.7390592515592516,0.7460888773388774,42,0,1,42,False,0.8722696304321289
3,rec,A2,21,0.7595893970893972,0.7602780665280666,42,0,1,42,False,0.9212369918823242
3,rec,A2,22,0.7767801455301455,0.7173986486486488,42,0,1,42,False,0.9282088279724121
3,rec,A2,23,0.7376039501039501,0.7751169438669439,44,0,1,40,False,0.9814579486846924
3,rec,A2,24,0.7764423076923077,0.744243762993763,42,0,1,42,False,0.9301729202270508
3,rec,A2,25,0.7670218295218296,0.7620841995841996,40,0,1,44,False,0.9012689590454102
3,rec,A2,26,0.7538071725571724,0.7665020790020791,42,0,1,42,False,0.9291970729827881
3,rec,A2,27,0.7491294178794179,0.757016632016632,43,0,1,41,False,0.9485137462615967
3,rec,A2,28,0.7561200623700624,0.7764942827442827,43,0,1,41,False,0.9799249172210693
3,rec,A2,29,0.7538721413721412,0.7762344074844075,42,0,1,42,False,0.9392650127410889
3,rec,A3_k100,0,0.7212967775467776,0.7058341995841995,84,0,1,0,True,0.0
3,rec,A3_k100,1,0.7585758835758837,0.7574324324324324,84,0,1,0,True,0.0
3,rec,A3_k100,2,0.7367073804573805,0.7626169438669439,84,0,1,0,True,0.0
3,rec,A3_k100,3,0.7560940748440748,0.7454132016632017,84,0,1,0,True,0.0
3,rec,A3_k100,4,0.7593295218295218,0.7518061330561331,84,0,1,0,True,0.0
3,rec,A3_k100,5,0.72368762993763,0.7325883575883576,84,0,1,0,True,0.0
3,rec,A3_k100,6,0.7450233887733888,0.7150077962577962,84,0,1,0,True,0.0
3,rec,A3_k100,7,0.7603690228690229,0.7655405405405405,84,0,1,0,True,0.0
3,rec,A3_k100,8,0.7722193347193347,0.7637084199584199,84,0,1,0,True,0.0
3,rec,A3_k100,9,0.7617073804573805,0.7673076923076922,84,0,1,0,True,0.0
3,rec,A3_k100,10,0.7409693347193348,0.741008316008316,84,0,1,0,True,0.0
3,rec,A3_k100,11,0.7795997920997921,0.7361616424116424,84,0,1,0,True,0.0
3,rec,A3_k100,12,0.7693217255717256,0.72237525987526,84,0,1,0,True,0.0
3,rec,A3_k100,13,0.7667619542619541,0.7372401247401248,84,0,1,0,True,0.0
3,rec,A3_k100,14,0.7459849272349273,0.7505847193347194,84,0,1,0,True,0.0
3,rec,A3_k100,15,0.7407094594594595,0.7323544698544697,84,0,1,0,True,0.0
3,rec,A3_k100,16,0.7502079002079003,0.7468814968814969,84,0,1,0,True,0.0
3,rec,A3_k100,17,0.7427624740124741,0.7567177754677756,84,0,1,0,True,0.0
3,rec,A3_k100,18,0.7283393970893972,0.7293659043659043,84,0,1,0,True,0.0
3,rec,A3_k100,19,0.7525987525987525,0.7579002079002078,84,0,1,0,True,0.0
3,rec,A3_k100,20,0.7307172557172557,0.7469464656964657,84,0,1,0,True,0.0
3,rec,A3_k100,21,0.7584459459459459,0.7548856548856548,84,0,1,0,True,0.0
3,rec,A3_k100,22,0.780535343035343,0.7245971933471933,84,0,1,0,True,0.0
3,rec,A3_k100,23,0.7298596673596673,0.75987525987526,84,0,1,0,True,0.0
3,rec,A3_k100,24,0.7814579002079002,0.7400597713097713,84,0,1,0,True,0.0
3,rec,A3_k100,25,0.7584069646569647,0.7590436590436591,84,0,1,0,True,0.0
3,rec,A3_k100,26,0.7520270270270271,0.7704261954261954,84,0,1,0,True,0.0
3,rec,A3_k100,27,0.7473492723492724,0.7595504158004158,84,0,1,0,True,0.0
3,rec,A3_k100,28,0.7488175675675676,0.769633575883576,84,0,1,0,True,0.0
3,rec,A3_k100,29,0.7603040540540542,0.7677494802494802,84,0,1,0,True,0.0
3,rec,A3_k50,0,0.727247920997921,0.7153586278586279,50,0,1,0,False,1.006059169769287
3,rec,A3_k50,1,0.7664501039501039,0.7506107068607069,50,0,1,0,False,1.041750192642212
3,rec,A3_k50,2,0.7527676715176717,0.7724532224532226,50,0,1,0,False,0.9791340827941895
3,rec,A3_k50,3,0.7551585239085239,0.7505977130977132,50,0,1,0,False,1.0424160957336426
3,rec,A3_k50,4,0.762772869022869,0.7658913721413723,50,0,1,0,False,1.0187230110168457
3,rec,A3_k50,5,0.741774948024948,0.7433991683991683,50,0,1,0,False,1.0513122081756592
3,rec,A3_k50,6,0.7508835758835759,0.7135005197505198,50,0,1,0,False,1.0074748992919922
3,rec,A3_k50,7,0.7617073804573805,0.7697245322245322,50,0,1,0,False,1.0184178352355957
3,rec,A3_k50,8,0.7744932432432432,0.7630587318087317,50,0,1,0,False,1.0516307353973389
3,rec,A3_k50,9,0.7562759875259875,0.7712318087318089,50,0,1,0,False,1.197148084640503
3,rec,A3_k50,10,0.7533783783783784,0.7360317047817048,50,0,1,0,False,1.1828911304473877
3,rec,A3_k50,11,0.7882406444906445,0.7392931392931393,50,0,1,0,False,1.227687120437622
3,rec,A3_k50,12,0.7751689189189189,0.7252468814968814,50,0,1,0,False,1.1770150661468506
3,rec,A3_k50,13,0.7686590436590436,0.7489475051975052,50,0,1,0,False,1.1674749851226807
3,rec,A3_k50,14,0.7619542619542621,0.7576143451143451,50,0,1,0,False,1.1145389080047607
3,rec,A3_k50,15,0.75383316008316,0.7492463617463617,50,0,1,0,False,1.1582269668579102
3,rec,A3_k50,16,0.7594724532224533,0.7470504158004158,50,0,1,0,False,1.1830270290374756
3,rec,A3_k50,17,0.7580171517671518,0.7509875259875259,50,0,1,0,False,1.1213281154632568
3,rec,A3_k50,18,0.7424766112266112,0.7338877338877339,50,0,1,0,False,1.2338769435882568
3,rec,A3_k50,19,0.7572375259875259,0.7543269230769232,50,0,1,0,False,1.1928811073303223
3,rec,A3_k50,20,0.7355899168399168,0.7471543659043659,50,0,1,0,False,1.2146809101104736
3,rec,A3_k50,21,0.7525337837837838,0.7575103950103952,50,0,1,0,False,1.1980230808258057
3,rec,A3_k50,22,0.7781964656964658,0.7175155925155925,50,0,1,0,False,1.1746280193328857
3,rec,A3_k50,23,0.7450103950103951,0.7715566528066529,50,0,1,0,False,1.1748180389404297
3,rec,A3_k50,24,0.7854080041580043,0.7415930353430354,50,0,1,0,False,1.1719658374786377
3,rec,A3_k50,25,0.7631496881496882,0.755210498960499,50,0,1,0,False,1.1808059215545654
3,rec,A3_k50,26,0.753235446985447,0.7701923076923076,50,0,1,0,False,1.1962370872497559
3,rec,A3_k50,27,0.7511434511434512,0.7639163201663202,50,0,1,0,False,1.1736681461334229
3,rec,A3_k50,28,0.7568347193347194,0.7702832640332641,50,0,1,0,False,1.1497890949249268
3,rec,A3_k50,29,0.7550545738045737,0.7626429313929315,50,0,1,0,False,1.2279448509216309
3,roll_rec,A0,0,0.6785343035343034,0.701754158004158,127,0,0,0,False,2.7545149326324463
3,roll_rec,A0,1,0.7199714137214137,0.708004158004158,127,0,0,0,False,2.8508739471435547
3,roll_rec,A0,2,0.6917489604989605,0.7245971933471933,127,0,0,0,False,2.7918713092803955
3,roll_rec,A0,3,0.6873830561330561,0.7111746361746362,127,0,0,0,False,2.7747747898101807
3,roll_rec,A0,4,0.7207770270270272,0.7087448024948025,127,0,0,0,False,2.7960379123687744
3,roll_rec,A0,5,0.6938279625779625,0.7045608108108109,127,0,0,0,False,2.7942230701446533
3,roll_rec,A0,6,0.7101091476091476,0.7065358627858627,127,0,0,0,False,2.8045098781585693
3,roll_rec,A0,7,0.7094074844074845,0.7341995841995842,127,0,0,0,False,2.8144288063049316
3,roll_rec,A0,8,0.7352650727650728,0.724129417879418,127,0,0,0,False,2.778536319732666
3,roll_rec,A0,9,0.7094464656964657,0.7272089397089396,127,0,0,0,False,3.1334426403045654
3,roll_rec,A0,10,0.7277806652806653,0.6913201663201664,127,0,0,0,False,3.1494760513305664
3,roll_rec,A0,11,0.7309771309771309,0.6804183991683992,127,0,0,0,False,3.151672124862671
3,roll_rec,A0,12,0.7177754677754679,0.6930743243243244,127,0,0,0,False,3.16884708404541
3,roll_rec,A0,13,0.7219074844074844,0.6961018711018712,127,0,0,0,False,3.1526479721069336
3,roll_rec,A0,14,0.7123050935550936,0.6795608108108109,127,0,0,0,False,3.1441822052001953
3,roll_rec,A0,15,0.6974012474012474,0.6972713097713098,127,0,0,0,False,3.0851080417633057
3,roll_rec,A0,16,0.7260524948024949,0.6986616424116424,127,0,0,0,False,3.054054021835327
3,roll_rec,A0,17,0.7084849272349272,0.7295997920997921,127,0,0,0,False,3.0584890842437744
3,roll_rec,A0,18,0.7000909563409564,0.6924766112266113,127,0,0,0,False,3.0954020023345947
3,roll_rec,A0,19,0.7152806652806654,0.7078092515592516,127,0,0,0,False,3.1045658588409424
3,roll_rec,A0,20,0.7014812889812889,0.7209589397089398,127,0,0,0,False,3.0226519107818604
3,roll_rec,A0,21,0.706198024948025,0.7204911642411641,127,0,0,0,False,3.100799083709717
3,roll_rec,A0,22,0.727247920997921,0.673635654885655,127,0,0,0,False,3.1337268352508545
3,roll_rec,A0,23,0.7065618503118504,0.7170348232848233,127,0,0,0,False,3.0630271434783936
3,roll_rec,A0,24,0.7220504158004157,0.7011564449064449,127,0,0,0,False,3.117008924484253
3,roll_rec,A0,25,0.716606029106029,0.7110966735966735,127,0,0,0,False,3.0802807807922363
3,roll_rec,A0,26,0.7203352390852391,0.7090826403326405,127,0,0,0,False,3.1595330238342285
3,roll_rec,A0,27,0.7098882536382537,0.7177884615384615,127,0,0,0,False,3.0386619567871094
3,roll_rec,A0,28,0.712058212058212,0.735096153846154,127,0,0,0,False,3.1764800548553467
3,roll_rec,A0,29,0.7316138253638254,0.7216735966735965,127,0,0,0,False,3.1231348514556885
3,roll_rec,A1,0,0.6738565488565489,0.7011434511434511,126,0,1,0,False,2.766339063644409
3,roll_rec,A1,1,0.7263253638253638,0.7058991683991684,126,0,1,0,False,2.799107074737549
3,roll_rec,A1,2,0.7065098752598753,0.7227520790020792,126,0,1,0,False,2.788236141204834
3,roll_rec,A1,3,0.6843165280665282,0.7086278586278586,126,0,1,0,False,2.7534689903259277
3,roll_rec,A1,4,0.7216346153846154,0.7039371101871102,126,0,1,0,False,2.7474710941314697
3,roll_rec,A1,5,0.7004807692307693,0.7036512474012474,126,0,1,0,False,2.7688241004943848
3,roll_rec,A1,6,0.7066787941787942,0.7028066528066529,126,0,1,0,False,2.771076202392578
3,roll_rec,A1,7,0.7133705821205821,0.7384225571725572,126,0,1,0,False,2.814751148223877
3,roll_rec,A1,8,0.735369022869023,0.7248050935550936,126,0,1,0,False,2.7593579292297363
3,roll_rec,A1,9,0.7203222453222453,0.7244932432432433,126,0,1,0,False,3.117205858230591
3,roll_rec,A1,10,0.727468814968815,0.7003508316008317,126,0,1,0,False,3.073805809020996
3,roll_rec,A1,11,0.7299116424116424,0.6870192307692309,126,0,1,0,False,3.1191699504852295
3,roll_rec,A1,12,0.7301325363825364,0.6846153846153846,126,0,1,0,False,3.154547929763794
3,roll_rec,A1,13,0.720556133056133,0.7008965696465697,126,0,1,0,False,3.1401219367980957
3,roll_rec,A1,14,0.714968814968815,0.692814449064449,126,0,1,0,False,3.15073299407959
3,roll_rec,A1,15,0.6903066528066529,0.6918269230769232,126,0,1,0,False,3.063323974609375
3,roll_rec,A1,16,0.7195816008316007,0.7061330561330562,126,0,1,0,False,3.101270914077759
3,roll_rec,A1,17,0.7058471933471935,0.7187889812889814,126,0,1,0,False,3.1030142307281494
3,roll_rec,A1,18,0.7108497920997923,0.6955821205821207,126,0,1,0,False,3.0958149433135986
3,roll_rec,A1,19,0.7217515592515592,0.700883575883576,126,0,1,0,False,3.1290690898895264
3,roll_rec,A1,20,0.7062370062370062,0.7253508316008316,126,0,1,0,False,3.0861880779266357
3,roll_rec,A1,21,0.7088357588357589,0.7157874220374221,126,0,1,0,False,3.072634220123291
3,roll_rec,A1,22,0.731094074844075,0.6648908523908524,126,0,1,0,False,3.0689170360565186
3,roll_rec,A1,23,0.7066398128898128,0.7127468814968815,126,0,1,0,False,3.067937135696411
3,roll_rec,A1,24,0.7201923076923077,0.6980119542619543,126,0,1,0,False,3.2012739181518555
3,roll_rec,A1,25,0.7159433471933472,0.7041709979209978,126,0,1,0,False,3.1308400630950928
3,roll_rec,A1,26,0.7208679833679833,0.7205691268191269,126,0,1,0,False,3.1132988929748535
3,roll_rec,A1,27,0.7047427234927235,0.71118762993763,126,0,1,0,False,3.014509916305542
3,roll_rec,A1,28,0.7187110187110187,0.7400207900207899,126,0,1,0,False,3.0604448318481445
3,roll_rec,A1,29,0.7405665280665281,0.7167359667359667,126,0,1,0,False,3.032505989074707
3,roll_rec,A2,0,0.679274948024948,0.6924116424116424,69,0,1,57,False,1.5116541385650635
3,roll_rec,A2,1,0.7237266112266112,0.7085239085239086,69,0,1,57,False,1.5354058742523193
3,roll_rec,A2,2,0.7026507276507277,0.720452182952183,66,0,1,60,False,1.4564638137817383
3,roll_rec,A2,3,0.6931003118503118,0.702572765072765,67,0,1,59,False,1.4598758220672607
3,roll_rec,A2,4,0.7198934511434512,0.7016112266112267,69,0,1,57,False,1.507594108581543
3,roll_rec,A2,5,0.7004028066528066,0.7061460498960499,66,0,1,60,False,1.4533119201660156
3,roll_rec,A2,6,0.7038461538461539,0.7048856548856549,67,0,1,59,False,1.4445271492004395
3,roll_rec,A2,7,0.7163721413721416,0.7360966735966736,69,0,1,57,False,1.5367348194122314
3,roll_rec,A2,8,0.7275207900207901,0.7229989604989605,68,0,1,58,False,1.5237979888916016
3,roll_rec,A2,9,0.7092905405405405,0.7176845114345114,69,0,1,57,False,1.6660609245300293
3,roll_rec,A2,10,0.7256366943866942,0.6978820166320168,68,0,1,58,False,1.713003158569336
3,roll_rec,A2,11,0.7304313929313929,0.6918918918918918,67,0,1,59,False,1.6522960662841797
3,roll_rec,A2,12,0.730808212058212,0.6881886694386695,67,0,1,59,False,1.6594009399414062
3,roll_rec,A2,13,0.7095634095634096,0.6928664241164242,69,0,1,57,False,1.7346861362457275
3,roll_rec,A2,14,0.7054573804573805,0.6806003118503117,68,0,1,58,False,1.7056787014007568
3,roll_rec,A2,15,0.6882406444906444,0.6976871101871103,69,0,1,57,False,1.7172720432281494
3,roll_rec,A2,16,0.7172427234927234,0.7070036382536383,68,0,1,58,False,1.680675983428955
3,roll_rec,A2,17,0.6875,0.7292359667359667,68,0,1,58,False,1.6594600677490234
3,roll_rec,A2,18,0.6975571725571725,0.6878378378378378,66,0,1,60,False,1.6090757846832275
3,roll_rec,A2,19,0.7159823284823286,0.7026377338877339,66,0,1,60,False,1.626133918762207
3,roll_rec,A2,20,0.702143970893971,0.7167879417879419,68,0,1,58,False,1.6870169639587402
3,roll_rec,A2,21,0.7250389812889814,0.7160083160083159,67,0,1,59,False,1.6217758655548096
3,roll_rec,A2,22,0.7205561330561331,0.6651377338877339,67,0,1,59,False,1.647233009338379
3,roll_rec,A2,23,0.7101741164241164,0.7154495841995843,68,0,1,58,False,1.702239990234375
3,roll_rec,A2,24,0.7176715176715177,0.7022609147609149,69,0,1,57,False,1.7179021835327148
3,roll_rec,A2,25,0.727572765072765,0.7237006237006236,69,0,1,57,False,1.734144687652588
3,roll_rec,A2,26,0.721491683991684,0.7257016632016632,64,0,1,62,False,1.58188796043396
3,roll_rec,A2,27,0.7069516632016632,0.718308212058212,67,0,1,59,False,1.555588960647583
3,roll_rec,A2,28,0.7185420997920997,0.7297427234927236,66,0,1,60,False,1.6316800117492676
3,roll_rec,A2,29,0.7271569646569646,0.7258056133056132,69,0,1,57,False,1.6694488525390625
3,roll_rec,A3_k100,0,0.6992333679833679,0.6938279625779626,100,0,1,0,False,2.285061836242676
3,roll_rec,A3_k100,1,0.7248050935550936,0.6976741164241165,100,0,1,0,False,2.264508008956909
3,roll_rec,A3_k100,2,0.704054054054054,0.7335758835758835,100,0,1,0,False,2.2702322006225586
3,roll_rec,A3_k100,3,0.6925025987525987,0.7160602910602911,100,0,1,0,False,2.258246898651123
3,roll_rec,A3_k100,4,0.7268840956340957,0.69747920997921,100,0,1,0,False,2.313051700592041
3,roll_rec,A3_k100,5,0.6985966735966735,0.7070036382536382,100,0,1,0,False,2.3114168643951416
3,roll_rec,A3_k100,6,0.7201533264033264,0.7130197505197506,100,0,1,0,False,2.2468152046203613
3,roll_rec,A3_k100,7,0.7279235966735966,0.737772869022869,100,0,1,0,False,2.35249400138855
3,roll_rec,A3_k100,8,0.7364475051975052,0.7262474012474013,100,0,1,0,False,2.2383382320404053
3,roll_rec,A3_k100,9,0.7279755717255717,0.7186720374220374,100,0,1,0,False,2.497931957244873
3,roll_rec,A3_k100,10,0.7315748440748441,0.6954132016632016,100,0,1,0,False,2.5071637630462646
3,roll_rec,A3_k100,11,0.73256237006237,0.6822505197505199,100,0,1,0,False,2.5072531700134277
3,roll_rec,A3_k100,12,0.7343685031185031,0.6816398128898129,100,0,1,0,False,2.4909980297088623
3,roll_rec,A3_k100,13,0.7218814968814968,0.6998050935550936,100,0,1,0,False,2.534954071044922
3,roll_rec,A3_k100,14,0.7190488565488564,0.680535343035343,100,0,1,0,False,2.4726948738098145
3,roll_rec,A3_k100,15,0.6968814968814969,0.6978560291060291,100,0,1,0,False,2.4788529872894287
3,roll_rec,A3_k100,16,0.7356548856548857,0.7022869022869023,100,0,1,0,False,2.4999101161956787
3,roll_rec,A3_k100,17,0.7070426195426194,0.7245192307692307,100,0,1,0,False,2.47048282623291
3,roll_rec,A3_k100,18,0.7219594594594594,0.6878508316008316,100,0,1,0,False,2.4461510181427
3,roll_rec,A3_k100,19,0.7285083160083159,0.6906185031185031,100,0,1,0,False,2.544128894805908
3,roll_rec,A3_k100,20,0.7206600831600831,0.709927234927235,100,0,1,0,False,2.4846010208129883
3,roll_rec,A3_k100,21,0.7186980249480249,0.7131886694386694,100,0,1,0,False,2.5426340103149414
3,roll_rec,A3_k100,22,0.7370192307692307,0.6747920997920999,100,0,1,0,False,2.4997851848602295
3,roll_rec,A3_k100,23,0.7130197505197505,0.7138123700623701,100,0,1,0,False,2.483665943145752
3,roll_rec,A3_k100,24,0.7272349272349272,0.6995452182952184,100,0,1,0,False,2.474957227706909
3,roll_rec,A3_k100,25,0.7300805613305613,0.7184511434511436,100,0,1,0,False,2.4770309925079346
3,roll_rec,A3_k100,26,0.7202312889812892,0.7128508316008316,100,0,1,0,False,2.4973597526550293
3,roll_rec,A3_k100,27,0.7198804573804574,0.7180483367983368,100,0,1,0,False,2.445091962814331
3,roll_rec,A3_k100,28,0.7226741164241164,0.7404235966735966,100,0,1,0,False,2.500288963317871
3,roll_rec,A3_k100,29,0.7267931392931394,0.7257926195426195,100,0,1,0,False,2.4849560260772705
3,roll_rec,A3_k50,0,0.6949844074844075,0.6966476091476093,50,0,1,0,False,1.1997628211975098
3,roll_rec,A3_k50,1,0.7309121621621621,0.7110966735966736,50,0,1,0,False,1.1575191020965576
3,roll_rec,A3_k50,2,0.7140072765072766,0.724831081081081,50,0,1,0,False,1.1641881465911865
3,roll_rec,A3_k50,3,0.7004677754677755,0.7023258835758834,50,0,1,0,False,1.1769318580627441
3,roll_rec,A3_k50,4,0.7335498960498962,0.6918918918918918,50,0,1,0,False,1.1398589611053467
3,roll_rec,A3_k50,5,0.7170478170478171,0.7093295218295219,50,0,1,0,False,1.1841800212860107
3,roll_rec,A3_k50,6,0.7268321205821207,0.708380977130977,50,0,1,0,False,1.1846251487731934
3,roll_rec,A3_k50,7,0.7298076923076923,0.7274298336798337,50,0,1,0,False,1.1968400478363037
3,roll_rec,A3_k50,8,0.736577442827443,0.7213617463617463,50,0,1,0,False,1.2192299365997314
3,roll_rec,A3_k50,9,0.7495452182952185,0.7316658004158005,50,0,1,0,False,1.3504629135131836
3,roll_rec,A3_k50,10,0.7316658004158004,0.6848232848232849,50,0,1,0,False,1.3337080478668213
3,roll_rec,A3_k50,11,0.7297297297297297,0.6883056133056134,50,0,1,0,False,1.3305048942565918
3,roll_rec,A3_k50,12,0.739046257796258,0.7026247401247401,50,0,1,0,False,1.2554519176483154
3,roll_rec,A3_k50,13,0.7268451143451145,0.6957900207900208,50,0,1,0,False,1.3534579277038574
3,roll_rec,A3_k50,14,0.7253248440748442,0.6871361746361746,50,0,1,0,False,1.2962379455566406
3,roll_rec,A3_k50,15,0.7118113305613305,0.6950363825363826,50,0,1,0,False,1.3137469291687012
3,roll_rec,A3_k50,16,0.741554054054054,0.7021569646569646,50,0,1,0,False,1.3368339538574219
3,roll_rec,A3_k50,17,0.7024168399168398,0.7262084199584199,50,0,1,0,False,1.3125500679016113
3,roll_rec,A3_k50,18,0.7303014553014554,0.6936590436590436,50,0,1,0,False,1.3518750667572021
3,roll_rec,A3_k50,19,0.7295478170478171,0.7012214137214137,50,0,1,0,False,1.3724169731140137
3,roll_rec,A3_k50,20,0.7159303534303534,0.7073674636174636,50,0,1,0,False,1.3183250427246094
3,roll_rec,A3_k50,21,0.7189059251559251,0.7159953222453224,50,0,1,0,False,1.3609750270843506
3,roll_rec,A3_k50,22,0.742268711018711,0.6816528066528067,50,0,1,0,False,1.3211772441864014
3,roll_rec,A3_k50,23,0.7239345114345115,0.7175805613305614,50,0,1,0,False,1.2764899730682373
3,roll_rec,A3_k50,24,0.734654365904366,0.7049896049896051,50,0,1,0,False,1.321488857269287
3,roll_rec,A3_k50,25,0.735914760914761,0.7227260914760915,50,0,1,0,False,1.3444468975067139
3,roll_rec,A3_k50,26,0.7201013513513514,0.7183341995841996,50,0,1,0,False,1.3160889148712158
3,roll_rec,A3_k50,27,0.7183212058212057,0.7222972972972973,50,0,1,0,False,1.297051191329956
3,roll_rec,A3_k50,28,0.7314189189189191,0.7413721413721415,50,0,1,0,False,1.2933659553527832
3,roll_rec,A3_k50,29,0.7314579002079002,0.7217515592515593,50,0,1,0,False,1.3174200057983398
3,roll_win,A0,0,0.6822115384615385,0.6886824324324324,207,0,0,0,False,2.9206268787384033
3,roll_win,A0,1,0.7074324324324324,0.7038461538461539,207,0,0,0,False,2.9868581295013428
3,roll_win,A0,2,0.6959069646569647,0.7144490644490645,207,0,0,0,False,2.924459218978882
3,roll_win,A0,3,0.7025597713097713,0.678183471933472,207,0,0,0,False,2.9427552223205566
3,roll_win,A0,4,0.7139812889812891,0.6824584199584199,207,0,0,0,False,2.931635856628418
3,roll_win,A0,5,0.6832120582120582,0.6806782744282746,207,0,0,0,False,2.9948220252990723
3,roll_win,A0,6,0.681081081081081,0.71381237006237,207,0,0,0,False,2.9313220977783203
3,roll_win,A0,7,0.712772869022869,0.7031444906444908,207,0,0,0,False,3.0003819465637207
3,roll_win,A0,8,0.6955821205821207,0.7087318087318087,207,0,0,0,False,2.97188401222229
3,roll_win,A0,9,0.7228820166320167,0.7258965696465696,207,0,0,0,False,3.294358968734741
3,roll_win,A0,10,0.7242853430353429,0.6799246361746362,207,0,0,0,False,3.2669241428375244
3,roll_win,A0,11,0.7401897089397089,0.6820166320166321,207,0,0,0,False,3.269371747970581
3,roll_win,A0,12,0.6960109147609147,0.6757796257796258,207,0,0,0,False,3.202103853225708
3,roll_win,A0,13,0.7119152806652806,0.708497920997921,207,0,0,0,False,3.2276711463928223
3,roll_win,A0,14,0.6862396049896049,0.6775727650727651,207,0,0,0,False,3.2598049640655518
3,roll_win,A0,15,0.6921127858627859,0.6841606029106029,207,0,0,0,False,3.1778669357299805
3,roll_win,A0,16,0.7061720374220373,0.7164111226611225,207,0,0,0,False,3.2428011894226074
3,roll_win,A0,17,0.6859407484407485,0.719685550935551,207,0,0,0,False,3.2209768295288086
3,roll_win,A0,18,0.7012214137214137,0.6782094594594594,207,0,0,0,False,3.211214065551758
3,roll_win,A0,19,0.7138903326403326,0.6935940748440748,207,0,0,0,False,3.2749950885772705
3,roll_win,A0,20,0.6840176715176716,0.7064059251559253,207,0,0,0,False,3.2384860515594482
3,roll_win,A0,21,0.7179573804573804,0.7008445945945947,207,0,0,0,False,3.265449047088623
3,roll_win,A0,22,0.7067047817047818,0.6592385654885655,207,0,0,0,False,3.2286229133605957
3,roll_win,A0,23,0.6936200623700625,0.7225181912681913,207,0,0,0,False,3.2840640544891357
3,roll_win,A0,24,0.7082120582120581,0.6867593555093555,207,0,0,0,False,3.2134718894958496
3,roll_win,A0,25,0.7187240124740124,0.7045088357588358,207,0,0,0,False,3.30180287361145
3,roll_win,A0,26,0.697752079002079,0.705977130977131,207,0,0,0,False,3.268001079559326
3,roll_win,A0,27,0.705483367983368,0.7156185031185032,207,0,0,0,False,3.063636064529419
3,roll_win,A0,28,0.7149688149688149,0.7112525987525988,207,0,0,0,False,3.183601140975952
3,roll_win,A0,29,0.7132016632016632,0.7061850311850312,207,0,0,0,False,3.1172919273376465
3,roll_win,A1,0,0.6819386694386695,0.6843295218295219,126,80,1,0,False,2.897916793823242
3,roll_win,A1,1,0.7132406444906445,0.6968944906444907,126,80,1,0,False,2.9619879722595215
3,roll_win,A1,2,0.6963747401247402,0.7090826403326403,126,80,1,0,False,2.9611756801605225
3,roll_win,A1,3,0.6824454261954261,0.6930873180873182,126,80,1,0,False,2.8825490474700928
3,roll_win,A1,4,0.7187240124740124,0.6745322245322246,126,80,1,0,False,2.908722162246704
3,roll_win,A1,5,0.6826273388773387,0.6843555093555094,126,80,1,0,False,2.99450421333313
3,roll_win,A1,6,0.6776247401247402,0.7180873180873181,126,80,1,0,False,2.929029941558838
3,roll_win,A1,7,0.7177364864864865,0.7098232848232849,126,80,1,0,False,2.9340670108795166
3,roll_win,A1,8,0.6869932432432433,0.7150987525987527,126,80,1,0,False,2.936506748199463
3,roll_win,A1,9,0.7227910602910603,0.7198284823284823,126,80,1,0,False,3.238717794418335
3,roll_win,A1,10,0.7241943866943867,0.6748570686070686,126,80,1,0,False,3.200132131576538
3,roll_win,A1,11,0.7344854469854469,0.6880977130977131,126,80,1,0,False,3.141188144683838
3,roll_win,A1,12,0.7021309771309772,0.6843295218295218,126,80,1,0,False,3.1747660636901855
3,roll_win,A1,13,0.7170478170478171,0.7013903326403326,126,80,1,0,False,3.2543013095855713
3,roll_win,A1,14,0.6997531185031184,0.6693737006237006,126,80,1,0,False,3.2274937629699707
3,roll_win,A1,15,0.6998830561330561,0.6840696465696465,126,80,1,0,False,3.2222321033477783
3,roll_win,A1,16,0.7022089397089395,0.7086798336798336,126,80,1,0,False,3.260256052017212
3,roll_win,A1,17,0.6795608108108109,0.7076793139293138,126,80,1,0,False,3.162008047103882
3,roll_win,A1,18,0.7079132016632017,0.6883316008316008,126,80,1,0,False,3.1653268337249756
3,roll_win,A1,19,0.7106938669438669,0.6922557172557173,126,80,1,0,False,3.2188711166381836
3,roll_win,A1,20,0.6892021829521829,0.701819126819127,126,80,1,0,False,3.1649529933929443
3,roll_win,A1,21,0.7192697505197505,0.689579002079002,126,80,1,0,False,3.174265146255493
3,roll_win,A1,22,0.7029106029106029,0.6593165280665281,126,80,1,0,False,3.190889835357666
3,roll_win,A1,23,0.7003768191268192,0.7177364864864865,126,80,1,0,False,3.193404197692871
3,roll_win,A1,24,0.7107458419958421,0.6949194386694386,126,80,1,0,False,3.10144305229187
3,roll_win,A1,25,0.7167099792099794,0.6995192307692308,126,80,1,0,False,3.178100109100342
3,roll_win,A1,26,0.6942307692307693,0.7034953222453223,126,80,1,0,False,3.191704750061035
3,roll_win,A1,27,0.6943217255717256,0.7038981288981289,126,80,1,0,False,3.0349349975585938
3,roll_win,A1,28,0.7133186070686071,0.7144490644490644,126,80,1,0,False,3.1203513145446777
3,roll_win,A1,29,0.7206211018711018,0.6993113305613307,126,80,1,0,False,3.0989320278167725
3,roll_win,A2,0,0.6636564449064449,0.6769880457380457,64,80,1,62,False,1.4922831058502197
3,roll_win,A2,1,0.7060940748440748,0.7060291060291061,66,80,1,60,False,1.5676970481872559
3,roll_win,A2,2,0.6987655925155924,0.7098232848232848,65,80,1,61,False,1.5719401836395264
3,roll_win,A2,3,0.6866424116424117,0.6883445945945945,66,80,1,60,False,1.6026480197906494
3,roll_win,A2,4,0.716060291060291,0.6687370062370064,65,80,1,61,False,1.5473990440368652
3,roll_win,A2,5,0.6719854469854472,0.6920997920997922,66,80,1,60,False,1.5773959159851074
3,roll_win,A2,6,0.6840436590436589,0.7117203742203743,67,80,1,59,False,1.521742820739746
3,roll_win,A2,7,0.7181392931392933,0.7015722453222454,66,80,1,60,False,1.5566377639770508
3,roll_win,A2,8,0.6860057172557172,0.7181392931392931,67,80,1,59,False,1.5313220024108887
3,roll_win,A2,9,0.7150597713097714,0.7130587318087318,67,80,1,59,False,1.7398428916931152
3,roll_win,A2,10,0.7215306652806653,0.6741034303534303,66,80,1,60,False,1.7957696914672852
3,roll_win,A2,11,0.7476611226611227,0.6852260914760916,66,80,1,60,False,1.6832900047302246
3,roll_win,A2,12,0.7029755717255718,0.6700363825363825,67,80,1,59,False,1.7489893436431885
3,roll_win,A2,13,0.6977260914760914,0.6965826403326404,66,80,1,60,False,1.7025792598724365
3,roll_win,A2,14,0.6951663201663202,0.6740254677754678,65,80,1,61,False,1.724074125289917
3,roll_win,A2,15,0.698193866943867,0.6786122661122661,67,80,1,59,False,1.676516056060791
3,roll_win,A2,16,0.6996101871101871,0.6934511434511434,64,80,1,62,False,1.655491828918457
3,roll_win,A2,17,0.6778326403326403,0.7160213097713096,67,80,1,59,False,1.7149717807769775
3,roll_win,A2,18,0.6979859667359667,0.686785343035343,67,80,1,59,False,1.6637928485870361
3,roll_win,A2,19,0.7070686070686072,0.6880977130977131,66,80,1,60,False,1.7053587436676025
3,roll_win,A2,20,0.692047817047817,0.6986486486486486,63,80,1,63,False,1.617811918258667
3,roll_win,A2,21,0.7219074844074844,0.6877988565488565,64,80,1,62,False,1.6228783130645752
3,roll_win,A2,22,0.7050805613305614,0.6601221413721414,64,80,1,62,False,1.6644179821014404
3,roll_win,A2,23,0.7001429313929314,0.7174116424116425,67,80,1,59,False,1.6797659397125244
3,roll_win,A2,24,0.7059901247401247,0.6908523908523908,66,80,1,60,False,1.6876060962677002
3,roll_win,A2,25,0.7194256756756756,0.6944386694386695,67,80,1,59,False,1.710392713546753
3,roll_win,A2,26,0.6969464656964657,0.6971283783783784,64,80,1,62,False,1.6688148975372314
3,roll_win,A2,27,0.7008965696465697,0.7018840956340956,66,80,1,60,False,1.588271141052246
3,roll_win,A2,28,0.7050285862785861,0.7178534303534304,67,80,1,59,False,1.6982619762420654
3,roll_win,A2,29,0.7151897089397088,0.7085498960498959,66,80,1,60,False,1.6463370323181152
3,roll_win,A3_k100,0,0.6846803534303535,0.6853430353430354,100,80,1,0,False,2.3279528617858887
3,roll_win,A3_k100,1,0.7228560291060292,0.7092515592515592,100,80,1,0,False,2.4042749404907227
3,roll_win,A3_k100,2,0.7065618503118503,0.7169178794178794,100,80,1,0,False,2.3463621139526367
3,roll_win,A3_k100,3,0.7030405405405404,0.6859277546777547,100,80,1,0,False,2.374717950820923
3,roll_win,A3_k100,4,0.7305093555093555,0.6820296257796258,100,80,1,0,False,2.3353216648101807
3,roll_win,A3_k100,5,0.6832380457380458,0.6778716216216216,100,80,1,0,False,2.3891332149505615
3,roll_win,A3_k100,6,0.6863695426195426,0.7191658004158005,100,80,1,0,False,2.3617970943450928
3,roll_win,A3_k100,7,0.7231029106029107,0.715345634095634,100,80,1,0,False,2.391529083251953
3,roll_win,A3_k100,8,0.7059511434511434,0.7273128898128898,100,80,1,0,False,2.358358144760132
3,roll_win,A3_k100,9,0.7251559251559252,0.718477130977131,100,80,1,0,False,2.5783417224884033
3,roll_win,A3_k100,10,0.7242073804573804,0.6879547817047817,100,80,1,0,False,2.5809972286224365
3,roll_win,A3_k100,11,0.7438279625779625,0.6805223492723492,100,80,1,0,False,2.590165138244629
3,roll_win,A3_k100,12,0.7001039501039502,0.6763643451143452,100,80,1,0,False,2.6042120456695557
3,roll_win,A3_k100,13,0.7231808731808731,0.7092905405405405,100,80,1,0,False,2.6018123626708984
3,roll_win,A3_k100,14,0.7025337837837837,0.678456340956341,100,80,1,0,False,2.566908836364746
3,roll_win,A3_k100,15,0.7045997920997921,0.6915930353430353,100,80,1,0,False,2.569748878479004
3,roll_win,A3_k100,16,0.7107848232848233,0.7032094594594595,100,80,1,0,False,2.616680860519409
3,roll_win,A3_k100,17,0.695997920997921,0.7186850311850312,100,80,1,0,False,2.5803351402282715
3,roll_win,A3_k100,18,0.7088747401247402,0.6864215176715178,100,80,1,0,False,2.5337090492248535
3,roll_win,A3_k100,19,0.724727130977131,0.6938279625779626,100,80,1,0,False,2.515375852584839
3,roll_win,A3_k100,20,0.696543659043659,0.6992983367983368,100,80,1,0,False,2.513446807861328
3,roll_win,A3_k100,21,0.7204132016632014,0.6984147609147611,100,80,1,0,False,2.5373520851135254
3,roll_win,A3_k100,22,0.706626819126819,0.6466735966735967,100,80,1,0,False,2.4840950965881348
3,roll_win,A3_k100,23,0.6965046777546777,0.729547817047817,100,80,1,0,False,2.5757827758789062
3,roll_win,A3_k100,24,0.7076533264033265,0.6837058212058212,100,80,1,0,False,2.5304532051086426
3,roll_win,A3_k100,25,0.7295738045738047,0.6984797297297297,100,80,1,0,False,2.5700249671936035
3,roll_win,A3_k100,26,0.7105119542619542,0.6849272349272351,100,80,1,0,False,2.5552520751953125
3,roll_win,A3_k100,27,0.716008316008316,0.7083809771309771,100,80,1,0,False,2.4731061458587646
3,roll_win,A3_k100,28,0.7141761954261955,0.7069646569646569,100,80,1,0,False,2.62626576423645
3,roll_win,A3_k100,29,0.7266761954261953,0.7147869022869022,100,80,1,0,False,2.4836301803588867
3,roll_win,A3_k50,0,0.6985317047817048,0.6863305613305613,50,80,1,0,False,1.2350387573242188
3,roll_win,A3_k50,1,0.7198154885654886,0.7128768191268191,50,80,1,0,False,1.251025915145874
3,roll_win,A3_k50,2,0.7125259875259876,0.7077572765072765,50,80,1,0,False,1.2307562828063965
3,roll_win,A3_k50,3,0.7084199584199584,0.6827702702702702,50,80,1,0,False,1.1756548881530762
3,roll_win,A3_k50,4,0.7248960498960499,0.6887863825363825,50,80,1,0,False,1.2738001346588135
3,roll_win,A3_k50,5,0.693256237006237,0.679599792099792,50,80,1,0,False,1.2445440292358398
3,roll_win,A3_k50,6,0.6947635135135135,0.7042749480249482,50,80,1,0,False,1.258631944656372
3,roll_win,A3_k50,7,0.7456340956340957,0.7104729729729731,50,80,1,0,False,1.2606289386749268
3,roll_win,A3_k50,8,0.7000909563409564,0.7236356548856548,50,80,1,0,False,1.2624540328979492
3,roll_win,A3_k50,9,0.7258445945945946,0.7127208939708939,50,80,1,0,False,1.397104024887085
3,roll_win,A3_k50,10,0.7377079002079002,0.673960498960499,50,80,1,0,False,1.379591941833496
3,roll_win,A3_k50,11,0.746218814968815,0.6837448024948025,50,80,1,0,False,1.3876168727874756
3,roll_win,A3_k50,12,0.7101871101871102,0.6703222453222454,50,80,1,0,False,1.386296033859253
3,roll_win,A3_k50,13,0.7275597713097713,0.7126689189189189,50,80,1,0,False,1.349073886871338
3,roll_win,A3_k50,14,0.7167359667359667,0.6855899168399169,50,80,1,0,False,1.4433629512786865
3,roll_win,A3_k50,15,0.710849792099792,0.6904885654885655,50,80,1,0,False,1.3736870288848877
3,roll_win,A3_k50,16,0.7168529106029106,0.7035862785862785,50,80,1,0,False,1.4055049419403076
3,roll_win,A3_k50,17,0.7103690228690229,0.7195686070686069,50,80,1,0,False,1.395956039428711
3,roll_win,A3_k50,18,0.7090436590436591,0.6815618503118503,50,80,1,0,False,1.3387157917022705
3,roll_win,A3_k50,19,0.7395919958419959,0.6932952182952182,50,80,1,0,False,1.3877520561218262
3,roll_win,A3_k50,20,0.7001819126819127,0.7008186070686071,50,80,1,0,False,1.342958688735962
3,roll_win,A3_k50,21,0.7221673596673596,0.6915800415800415,50,80,1,0,False,1.2992079257965088
3,roll_win,A3_k50,22,0.7209199584199585,0.644412681912682,50,80,1,0,False,1.3720200061798096
3,roll_win,A3_k50,23,0.7163591476091475,0.7267281704781705,50,80,1,0,False,1.382002830505371
3,roll_win,A3_k50,24,0.715514553014553,0.6914371101871102,50,80,1,0,False,1.3713610172271729
3,roll_win,A3_k50,25,0.732406444906445,0.6912422037422037,50,80,1,0,False,1.335176944732666
3,roll_win,A3_k50,26,0.7143581081081081,0.7030795218295217,50,80,1,0,False,1.352787971496582
3,roll_win,A3_k50,27,0.7133575883575884,0.7085109147609148,50,80,1,0,False,1.3031952381134033
3,roll_win,A3_k50,28,0.7080171517671519,0.7079651767151767,50,80,1,0,False,1.389545202255249
3,roll_win,A3_k50,29,0.7203872141372142,0.7130067567567567,50,80,1,0,False,1.340315818786621
3,win,A0,0,0.7187759875259876,0.7020530145530146,136,0,0,0,False,1.5474200248718262
3,win,A0,1,0.7199714137214137,0.75745841995842,136,0,0,0,False,1.5748639106750488
3,win,A0,2,0.7511564449064448,0.7348622661122661,136,0,0,0,False,1.5534427165985107
3,win,A0,3,0.7399168399168399,0.7326533264033264,136,0,0,0,False,1.5697598457336426
3,win,A0,4,0.7291580041580041,0.7213357588357587,136,0,0,0,False,1.557098388671875
3,win,A0,5,0.7024298336798336,0.7146699584199585,136,0,0,0,False,1.55643892288208
3,win,A0,6,0.7165670478170478,0.7251429313929315,136,0,0,0,False,1.559079885482788
3,win,A0,7,0.746647609147609,0.7507016632016632,136,0,0,0,False,1.5773961544036865
3,win,A0,8,0.7596413721413723,0.7595114345114345,136,0,0,0,False,1.5571961402893066
3,win,A0,9,0.7444386694386695,0.7502988565488564,136,0,0,0,False,1.777015209197998
3,win,A0,10,0.7467125779625781,0.7286512474012474,136,0,0,0,False,1.7533366680145264
3,win,A0,11,0.7750389812889813,0.7258705821205822,136,0,0,0,False,1.7686469554901123
3,win,A0,12,0.741502079002079,0.7387863825363826,136,0,0,0,False,1.8070712089538574
3,win,A0,13,0.7541060291060292,0.7489475051975052,136,0,0,0,False,1.8175461292266846
3,win,A0,14,0.739747920997921,0.7395660083160084,136,0,0,0,False,1.812929630279541
3,win,A0,15,0.7322635135135135,0.7364734927234926,136,0,0,0,False,1.7793159484863281
3,win,A0,16,0.741502079002079,0.733225051975052,136,0,0,0,False,1.819256067276001
3,win,A0,17,0.7425285862785863,0.7656444906444907,136,0,0,0,False,1.7765381336212158
3,win,A0,18,0.71875,0.7200493762993763,136,0,0,0,False,1.79994797706604
3,win,A0,19,0.749558212058212,0.7447245322245324,136,0,0,0,False,1.849729061126709
3,win,A0,20,0.7253508316008315,0.7268191268191269,136,0,0,0,False,1.81781005859375
3,win,A0,21,0.7394360706860708,0.7587837837837839,136,0,0,0,False,1.8059678077697754
3,win,A0,22,0.7599792099792101,0.6804443866943866,136,0,0,0,False,1.8371939659118652
3,win,A0,23,0.7401507276507278,0.7627988565488566,136,0,0,0,False,1.839421033859253
3,win,A0,24,0.7573804573804573,0.7453092515592515,136,0,0,0,False,1.807631015777588
3,win,A0,25,0.7525337837837838,0.7526117463617464,136,0,0,0,False,1.8540451526641846
3,win,A0,26,0.7354080041580042,0.7344724532224531,136,0,0,0,False,1.7952039241790771
3,win,A0,27,0.7554963617463617,0.7355639293139293,136,0,0,0,False,1.9309492111206055
3,win,A0,28,0.7554573804573805,0.7587837837837837,136,0,0,0,False,1.9506878852844238
3,win,A0,29,0.7503508316008316,0.7589137214137214,136,0,0,0,False,1.7983548641204834
3,win,A1,0,0.7138513513513514,0.7047946985446985,82,51,3,0,False,1.4856469631195068
3,win,A1,1,0.7223492723492724,0.7618892931392931,82,51,3,0,False,1.5098762512207031
3,win,A1,2,0.7499220374220374,0.7263773388773388,82,51,3,0,False,1.4847350120544434
3,win,A1,3,0.7431262993762993,0.7315098752598752,82,51,3,0,False,1.4753780364990234
3,win,A1,4,0.7330821205821205,0.7313409563409563,82,51,3,0,False,1.4734814167022705
3,win,A1,5,0.6923596673596675,0.7198154885654886,82,51,3,0,False,1.485759973526001
3,win,A1,6,0.7175675675675677,0.729612785862786,82,51,3,0,False,1.4741671085357666
3,win,A1,7,0.751702182952183,0.7527416839916841,82,51,3,0,False,1.526587724685669
3,win,A1,8,0.7554963617463617,0.7580431392931393,82,51,3,0,False,1.4804458618164062
3,win,A1,9,0.747856029106029,0.749714137214137,82,51,3,0,False,1.8344700336456299
3,win,A1,10,0.7487915800415801,0.7248960498960499,82,51,3,0,False,1.7563142776489258
3,win,A1,11,0.7751299376299376,0.7233238045738045,82,51,3,0,False,1.8034858703613281
3,win,A1,12,0.7392671517671519,0.7393191268191269,82,51,3,0,False,1.7606101036071777
3,win,A1,13,0.7604989604989605,0.7558601871101871,82,51,3,0,False,1.7391040325164795
3,win,A1,14,0.7426845114345114,0.746881496881497,82,51,3,0,False,1.7392570972442627
3,win,A1,15,0.7318477130977131,0.7299376299376301,82,51,3,0,False,1.7281930446624756
3,win,A1,16,0.7440098752598754,0.7316917879417879,82,51,3,0,False,1.750809669494629
3,win,A1,17,0.7316528066528065,0.7739085239085239,82,51,3,0,False,1.7431659698486328
3,win,A1,18,0.7185420997920997,0.7112525987525988,82,51,3,0,False,1.6529967784881592
3,win,A1,19,0.7554703742203741,0.7431003118503119,82,51,3,0,False,1.7042407989501953
3,win,A1,20,0.7201143451143452,0.730704261954262,82,51,3,0,False,1.6687817573547363
3,win,A1,21,0.7409173596673597,0.7520530145530145,82,51,3,0,False,1.6962170600891113
3,win,A1,22,0.7536512474012474,0.6897609147609147,82,51,3,0,False,1.6777052879333496
3,win,A1,23,0.7374999999999999,0.7736226611226611,82,51,3,0,False,1.703042984008789
3,win,A1,24,0.7583809771309771,0.7348362785862785,82,51,3,0,False,1.6973907947540283
3,win,A1,25,0.752910602910603,0.7487396049896051,82,51,3,0,False,1.6709990501403809
3,win,A1,26,0.7440618503118503,0.7339007276507277,82,51,3,0,False,1.698664903640747
3,win,A1,27,0.7529235966735967,0.7421907484407484,82,51,3,0,False,1.6233320236206055
3,win,A1,28,0.7566138253638255,0.7606808731808732,82,51,3,0,False,1.6620252132415771
3,win,A1,29,0.7496231808731809,0.7576663201663202,82,51,3,0,False,1.655160665512085
3,win,A2,0,0.7102910602910603,0.7040800415800416,48,51,3,34,False,0.8908090591430664
3,win,A2,1,0.7275337837837837,0.7646309771309772,48,51,3,34,False,0.8954501152038574
3,win,A2,2,0.7625259875259875,0.7320816008316008,48,51,3,34,False,0.8810837268829346
3,win,A2,3,0.738981288981289,0.7328872141372141,48,51,3,34,False,0.8872179985046387
3,win,A2,4,0.7377338877338877,0.7215306652806652,48,51,3,34,False,0.8896088600158691
3,win,A2,5,0.701429313929314,0.724779106029106,48,51,3,34,False,0.88916015625
3,win,A2,6,0.731522869022869,0.7318347193347193,48,51,3,34,False,0.893744945526123
3,win,A2,7,0.7550025987525988,0.7555483367983369,48,51,3,34,False,0.913459062576294
3,win,A2,8,0.7564968814968814,0.7560420997920998,48,51,3,34,False,0.890592098236084
3,win,A2,9,0.7570296257796257,0.7573804573804575,48,51,3,34,False,1.0301897525787354
3,win,A2,10,0.7448674636174636,0.729664760914761,47,51,3,35,False,0.9371337890625
3,win,A2,11,0.7794048856548856,0.7302754677754677,48,51,3,34,False,1.0061979293823242
3,win,A2,12,0.7350701663201663,0.7415930353430354,48,51,3,34,False,0.9962737560272217
3,win,A2,13,0.7590566528066527,0.7479469854469856,47,51,3,35,False,1.0048351287841797
3,win,A2,14,0.7572115384615385,0.7532484407484408,47,51,3,35,False,1.0251882076263428
3,win,A2,15,0.7266372141372142,0.7375519750519751,48,51,3,34,False,1.0275440216064453
3,win,A2,16,0.7461018711018712,0.7404885654885656,48,51,3,34,False,1.1056220531463623
3,win,A2,17,0.7405665280665281,0.7693477130977131,48,51,3,34,False,1.0155258178710938
3,win,A2,18,0.7217775467775468,0.7252079002079003,48,51,3,34,False,1.0134971141815186
3,win,A2,19,0.7500129937629938,0.7484797297297296,48,51,3,34,False,1.0042729377746582
3,win,A2,20,0.7358367983367983,0.7261954261954262,48,51,3,34,False,1.00701904296875
3,win,A2,21,0.7520400207900209,0.7567307692307693,47,51,3,35,False,0.9570581912994385
3,win,A2,22,0.7599792099792101,0.6929703742203742,47,51,3,35,False,0.9634392261505127
3,win,A2,23,0.7416709979209979,0.7742203742203742,48,51,3,34,False,1.0014300346374512
3,win,A2,24,0.7498700623700625,0.7402546777546778,47,51,3,35,False,0.9655179977416992
3,win,A2,25,0.7548986486486485,0.7534563409563411,48,51,3,34,False,1.0412650108337402
3,win,A2,26,0.7454781704781706,0.7426585239085239,48,51,3,34,False,1.0380380153656006
3,win,A2,27,0.7541969854469854,0.7399948024948027,48,51,3,34,False,1.0069408416748047
3,win,A2,28,0.7594984407484408,0.7635914760914762,48,51,3,34,False,1.1096389293670654
3,win,A2,29,0.7503638253638254,0.7553794178794179,48,51,3,34,False,1.2249000072479248
3,win,A3_k100,0,0.7138513513513514,0.7047946985446985,82,51,3,0,True,0.0
3,win,A3_k100,1,0.7223492723492724,0.7618892931392931,82,51,3,0,True,0.0
3,win,A3_k100,2,0.7499220374220374,0.7263773388773388,82,51,3,0,True,0.0
3,win,A3_k100,3,0.7431262993762993,0.7315098752598752,82,51,3,0,True,0.0
3,win,A3_k100,4,0.7330821205821205,0.7313409563409563,82,51,3,0,True,0.0
3,win,A3_k100,5,0.6923596673596675,0.7198154885654886,82,51,3,0,True,0.0
3,win,A3_k100,6,0.7175675675675677,0.729612785862786,82,51,3,0,True,0.0
3,win,A3_k100,7,0.751702182952183,0.7527416839916841,82,51,3,0,True,0.0
3,win,A3_k100,8,0.7554963617463617,0.7580431392931393,82,51,3,0,True,0.0
3,win,A3_k100,9,0.747856029106029,0.749714137214137,82,51,3,0,True,0.0
3,win,A3_k100,10,0.7487915800415801,0.7248960498960499,82,51,3,0,True,0.0
3,win,A3_k100,11,0.7751299376299376,0.7233238045738045,82,51,3,0,True,0.0
3,win,A3_k100,12,0.7392671517671519,0.7393191268191269,82,51,3,0,True,0.0
3,win,A3_k100,13,0.7604989604989605,0.7558601871101871,82,51,3,0,True,0.0
3,win,A3_k100,14,0.7426845114345114,0.746881496881497,82,51,3,0,True,0.0
3,win,A3_k100,15,0.7318477130977131,0.7299376299376301,82,51,3,0,True,0.0
3,win,A3_k100,16,0.7440098752598754,0.7316917879417879,82,51,3,0,True,0.0
3,win,A3_k100,17,0.7316528066528065,0.7739085239085239,82,51,3,0,True,0.0
3,win,A3_k100,18,0.7185420997920997,0.7112525987525988,82,51,3,0,True,0.0
3,win,A3_k100,19,0.7554703742203741,0.7431003118503119,82,51,3,0,True,0.0
3,win,A3_k100,20,0.7201143451143452,0.730704261954262,82,51,3,0,True,0.0
3,win,A3_k100,21,0.7409173596673597,0.7520530145530145,82,51,3,0,True,0.0
3,win,A3_k100,22,0.7536512474012474,0.6897609147609147,82,51,3,0,True,0.0
3,win,A3_k100,23,0.7374999999999999,0.7736226611226611,82,51,3,0,True,0.0
3,win,A3_k100,24,0.7583809771309771,0.7348362785862785,82,51,3,0,True,0.0
3,win,A3_k100,25,0.752910602910603,0.7487396049896051,82,51,3,0,True,0.0
3,win,A3_k100,26,0.7440618503118503,0.7339007276507277,82,51,3,0,True,0.0
3,win,A3_k100,27,0.7529235966735967,0.7421907484407484,82,51,3,0,True,0.0
3,win,A3_k100,28,0.7566138253638255,0.7606808731808732,82,51,3,0,True,0.0
3,win,A3_k100,29,0.7496231808731809,0.7576663201663202,82,51,3,0,True,0.0
3,win,A3_k50,0,0.7224142411642411,0.7014423076923078,50,51,3,0,False,1.0125548839569092
3,win,A3_k50,1,0.7464527027027028,0.7547297297297297,50,51,3,0,False,0.9646711349487305
3,win,A3_k50,2,0.7520400207900209,0.7279625779625779,50,51,3,0,False,0.969447135925293
3,win,A3_k50,3,0.755925155925156,0.7287811850311849,50,51,3,0,False,0.9857680797576904
3,win,A3_k50,4,0.7412941787941787,0.72247920997921,50,51,3,0,False,0.9685428142547607
3,win,A3_k50,5,0.7067047817047817,0.7221543659043659,50,51,3,0,False,0.9410490989685059
3,win,A3_k50,6,0.7307562370062368,0.7258316008316008,50,51,3,0,False,0.906235933303833
3,win,A3_k50,7,0.7624220374220374,0.7570296257796258,50,51,3,0,False,1.0062119960784912
3,win,A3_k50,8,0.7641372141372142,0.7704002079002079,50,51,3,0,False,0.9980721473693848
3,win,A3_k50,9,0.7675545738045738,0.7525467775467776,50,51,3,0,False,1.0877649784088135
3,win,A3_k50,10,0.7501299376299377,0.7250779625779628,50,51,3,0,False,1.1770720481872559
3,win,A3_k50,11,0.7773648648648649,0.7215566528066528,50,51,3,0,False,1.1002411842346191
3,win,A3_k50,12,0.7494932432432433,0.7287551975051976,50,51,3,0,False,1.11763596534729
3,win,A3_k50,13,0.7571465696465697,0.7527806652806652,50,51,3,0,False,1.2434849739074707
3,win,A3_k50,14,0.7500000000000001,0.7375909563409564,50,51,3,0,False,1.1881542205810547
3,win,A3_k50,15,0.7517411642411642,0.7310680873180873,50,51,3,0,False,1.1781949996948242
3,win,A3_k50,16,0.7486746361746361,0.7370582120582121,50,51,3,0,False,1.1177830696105957
3,win,A3_k50,17,0.7514163201663202,0.7633705821205821,50,51,3,0,False,1.0839920043945312
3,win,A3_k50,18,0.7295997920997921,0.7225571725571726,50,51,3,0,False,1.0240089893341064
3,win,A3_k50,19,0.7520660083160083,0.7355379417879417,50,51,3,0,False,1.1420621871948242
3,win,A3_k50,20,0.7453482328482328,0.7360966735966735,50,51,3,0,False,1.0616681575775146
3,win,A3_k50,21,0.7565618503118503,0.757133575883576,50,51,3,0,False,1.136328935623169
3,win,A3_k50,22,0.7618503118503118,0.6934901247401248,50,51,3,0,False,1.0464839935302734
3,win,A3_k50,23,0.746985446985447,0.7680093555093555,50,51,3,0,False,1.102384328842163
3,win,A3_k50,24,0.7567957380457382,0.7420738045738046,50,51,3,0,False,1.1183531284332275
3,win,A3_k50,25,0.7562110187110187,0.7424896049896049,50,51,3,0,False,1.0251662731170654
3,win,A3_k50,26,0.7505717255717256,0.7445426195426195,50,51,3,0,False,1.115570068359375
3,win,A3_k50,27,0.7536642411642411,0.7428924116424115,50,51,3,0,False,1.3777432441711426
3,win,A3_k50,28,0.7598882536382536,0.7628248440748442,50,51,3,0,False,1.1661138534545898
3,win,A3_k50,29,0.7580691268191269,0.7486226611226612,50,51,3,0,False,1.133409023284912
6,all,A0,0,0.6953646568245477,0.7159509719267949,740,0,0,0,False,12.053038120269775
6,all,A0,1,0.7446454520565254,0.7134764020807447,739,0,0,0,False,12.205972909927368
6,all,A0,2,0.7219741802329256,0.7069898700587579,740,0,0,0,False,12.622121095657349
6,all,A0,3,0.7120969610176273,0.7279342080323483,720,0,0,0,False,12.339112281799316
6,all,A0,4,0.7023250426468419,0.7345049807299454,720,0,0,0,False,12.059595108032227
6,all,A0,5,0.7423288334772445,0.7299138639091886,740,0,0,0,False,11.988204002380371
6,all,A0,6,0.7301349956826653,0.7559758229260999,740,0,0,0,False,12.595117092132568
6,all,A0,7,0.7066634374407683,0.7108860013057304,740,0,0,0,False,12.440365076065063
6,all,A0,8,0.7131289092938526,0.7084219615441315,740,0,0,0,False,12.314693927764893
6,all,A0,9,0.7116546974706738,0.723437861971653,740,0,0,0,False,12.118945837020874
6,all,A0,10,0.6953120064022915,0.7257966008887391,719,0,0,0,False,11.910016059875488
6,all,A0,11,0.716909209611861,0.7298717435713835,740,0,0,0,False,12.166270017623901
6,all,A0,12,0.6926163047827645,0.7184466019417477,740,0,0,0,False,12.032588958740234
6,all,A0,13,0.7092327780468799,0.72852389276162,719,0,0,0,False,12.088753938674927
6,all,A0,14,0.7081481793483984,0.6881831392287765,739,0,0,0,False,12.031591892242432
6,all,A0,15,0.7164880062338099,0.7173198829054609,739,0,0,0,False,11.942905902862549
6,all,A0,16,0.7327675167954847,0.7025251142514162,738,0,0,0,False,11.606312990188599
6,all,A0,17,0.717362003243266,0.7258597813954468,720,0,0,0,False,11.961746215820312
6,all,A0,18,0.7256070593686161,0.7294294800244299,739,0,0,0,False,11.795026063919067
6,all,A0,19,0.7306404397363266,0.6970284101678497,740,0,0,0,False,12.272160053253174
6,all,A0,20,0.7238274750963503,0.7126339953246426,739,0,0,0,False,12.412909984588623
6,all,A0,21,0.7481098498409957,0.7017880083398269,740,0,0,0,False,11.9719717502594
6,all,A0,22,0.7595244613861803,0.7218583493039614,740,0,0,0,False,12.165382146835327
6,all,A0,23,0.708474611966388,0.7433713118379208,739,0,0,0,False,12.179697275161743
6,all,A0,24,0.7363793357622729,0.707905987406019,740,0,0,0,False,12.2533860206604
6,all,A0,25,0.7564917970642124,0.7007455299791505,739,0,0,0,False,12.289544820785522
6,all,A0,26,0.7354526883305603,0.6838868647726554,739,0,0,0,False,12.089480876922607
6,all,A0,27,0.7407387907251016,0.6780953183244529,739,0,0,0,False,12.112126111984253
6,all,A0,28,0.7290398668997324,0.7269654402628309,739,0,0,0,False,11.975436687469482
6,all,A0,29,0.7373481035317904,0.7973801149885222,739,0,0,0,False,12.585283756256104
6,all,A1,0,0.6926689552050208,0.7275130046542974,401,337,2,0,False,11.550445079803467
6,all,A1,1,0.7319251100393825,0.7200577048627932,401,336,2,0,False,11.542957782745361
6,all,A1,2,0.7385485331592361,0.7262599246045953,400,337,3,0,False,11.745372295379639
6,all,A1,3,0.7080007581660805,0.7446454520565255,401,317,2,0,False,11.772274017333984
6,all,A1,4,0.6950592843754607,0.7329149379778027,401,317,2,0,False,11.500667333602905
6,all,A1,5,0.7437398647937156,0.7127392961691554,400,337,3,0,False,11.49216103553772
6,all,A1,6,0.7175620748478404,0.7527325569151064,401,337,2,0,False,11.560640096664429
6,all,A1,7,0.7092959585535876,0.7120969610176273,401,337,2,0,False,11.36284589767456
6,all,A1,8,0.718920455742055,0.6985973927510899,401,337,2,0,False,11.310256958007812
6,all,A1,9,0.7266390076448412,0.7284396520860097,401,337,2,0,False,11.758522033691406
6,all,A1,10,0.6902154455278731,0.7271233915296,401,316,2,0,False,11.57650089263916
6,all,A1,11,0.7153296969441696,0.7312722448034034,400,337,3,0,False,11.937120914459229
6,all,A1,12,0.6893098582650633,0.7201630057073058,401,337,2,0,False,11.627586603164673
6,all,A1,13,0.7171935218920455,0.7228481772423815,401,316,2,0,False,11.668904066085815
6,all,A1,14,0.7192363582755934,0.6812438135753849,400,336,3,0,False,11.599004983901978
6,all,A1,15,0.7113072046837815,0.7286291936061327,401,336,2,0,False,11.726205110549927
6,all,A1,16,0.7434766126824338,0.7081587094328496,401,335,2,0,False,11.239753007888794
6,all,A1,17,0.7189836362487627,0.7364109260156266,401,317,2,0,False,11.5350022315979
6,all,A1,18,0.7421287618726702,0.7182570604216246,401,336,2,0,False,11.371487140655518
6,all,A1,19,0.7343154392098226,0.7001558452498788,401,337,2,0,False,11.789446830749512
6,all,A1,20,0.7383695217235641,0.7141924478234314,401,336,2,0,False,11.853618860244751
6,all,A1,21,0.7430448792199313,0.70255670450477,400,337,3,0,False,11.646894931793213
6,all,A1,22,0.7579660088873912,0.7290503969841838,400,337,3,0,False,11.577926874160767
6,all,A1,23,0.7084114314596803,0.743181770317798,400,336,3,0,False,11.8056960105896
6,all,A1,24,0.7329044078933513,0.7064001853294863,401,337,2,0,False,11.319472074508667
6,all,A1,25,0.7810479540045911,0.6999768338142072,401,336,2,0,False,11.632038116455078
6,all,A1,26,0.7374112840384981,0.693279700103195,401,336,2,0,False,11.508195877075195
6,all,A1,27,0.7366320577891035,0.6757681696607207,401,336,2,0,False,11.415874004364014
6,all,A1,28,0.7258071309731904,0.7418444495924857,400,336,3,0,False,11.918517112731934
6,all,A1,29,0.7369163700692881,0.7836804751174105,401,336,2,0,False,12.066473007202148
6,all,A2,0,0.6904155171324475,0.716677547753933,266,337,2,135,False,7.577276945114136
6,all,A2,1,0.7469831308047091,0.717025040540825,262,336,2,139,False,7.426890134811401
6,all,A2,2,0.7332413705957921,0.7169302697807636,262,337,3,138,False,7.670951843261719
6,all,A2,3,0.7020617905355601,0.7476781163784934,262,317,2,139,False,7.729400157928467
6,all,A2,4,0.695943811469368,0.7386538340037487,260,317,2,141,False,7.395543098449707
6,all,A2,5,0.739991154729061,0.7275867152454563,265,337,3,135,False,7.629648685455322
6,all,A2,6,0.731598677421393,0.7610302634627129,263,337,2,138,False,7.696194887161255
6,all,A2,7,0.706958279805404,0.7131604995472063,263,337,2,138,False,7.448066711425781
6,all,A2,8,0.7181622896615631,0.7007139397257967,262,337,2,139,False,7.5104899406433105
6,all,A2,9,0.7221637217530485,0.7408862119074195,263,337,2,138,False,8.14062213897705
6,all,A2,10,0.6975549143904134,0.7213318450813975,262,316,2,139,False,7.931324243545532
6,all,A2,11,0.7202367162984648,0.7290188067308299,263,337,3,137,False,8.003105640411377
6,all,A2,12,0.695638439020281,0.7300402249226039,266,337,2,135,False,8.022343158721924
6,all,A2,13,0.7274392940631383,0.7325358549375566,263,316,2,138,False,7.988810062408447
6,all,A2,14,0.7044837099593538,0.6749678832424236,261,336,3,139,False,7.852933168411255
6,all,A2,15,0.7162984647136871,0.7282185203125329,264,336,2,137,False,7.589913845062256
6,all,A2,16,0.7388749657772256,0.7085588526419981,265,335,2,136,False,7.416800022125244
6,all,A2,17,0.7114230356127457,0.7307457405808395,263,317,2,138,False,7.479583024978638
6,all,A2,18,0.7327569867110334,0.7286923741128403,265,336,2,136,False,7.3750152587890625
6,all,A2,19,0.7269865004317334,0.6921424509824569,263,337,2,138,False,7.394471883773804
6,all,A2,20,0.7351578459659246,0.7139713160499548,265,336,2,136,False,7.733844995498657
6,all,A2,21,0.7533854221510856,0.6956068487669271,261,337,3,139,False,7.347723007202148
6,all,A2,22,0.7533011814754753,0.7317882189415159,264,337,3,136,False,7.472914934158325
6,all,A2,23,0.704978623928564,0.7413495356232757,260,336,3,140,False,7.488568067550659
6,all,A2,24,0.7393698797464355,0.7031042688962367,263,337,2,138,False,7.585549831390381
6,all,A2,25,0.7669797611776847,0.6991660173114589,263,336,2,138,False,7.46202278137207
6,all,A2,26,0.7457195206705558,0.6930690984141693,265,336,2,136,False,7.497481107711792
6,all,A2,27,0.7175726049322916,0.6819387991491691,266,336,2,135,False,7.858809947967529
6,all,A2,28,0.7342101383653097,0.7231008992692122,261,336,3,139,False,7.3670079708099365
6,all,A2,29,0.7353473874860477,0.7897773940146999,266,336,2,135,False,7.485773801803589
6,all,A3_k100,0,0.701335214708422,0.7223848535265254,100,337,2,0,False,2.967921257019043
6,all,A3_k100,1,0.7539224564581006,0.7178358570435736,100,336,2,0,False,3.0214319229125977
6,all,A3_k100,2,0.7525851357327886,0.7280710991302151,100,337,3,0,False,3.0598559379577637
6,all,A3_k100,3,0.7145925910325801,0.7299349240780911,100,317,2,0,False,3.0037999153137207
6,all,A3_k100,4,0.7137396541920267,0.7261546237600827,100,317,2,0,False,3.038043737411499
6,all,A3_k100,5,0.7586925847145294,0.7357685908640987,100,337,3,0,False,3.029042959213257
6,all,A3_k100,6,0.7334730324537203,0.7424973148284648,100,337,2,0,False,3.1609020233154297
6,all,A3_k100,7,0.7130236084493397,0.6950276941221069,100,337,2,0,False,3.064784049987793
6,all,A3_k100,8,0.7483731019522775,0.7010403723437861,100,337,2,0,False,3.1503632068634033
6,all,A3_k100,9,0.7238380051808017,0.7052629362087484,100,337,2,0,False,3.1780529022216797
6,all,A3_k100,10,0.7154771181264874,0.7255333487774572,100,316,2,0,False,3.0422909259796143
6,all,A3_k100,11,0.7215845671082283,0.7073794831834552,100,337,3,0,False,3.004973888397217
6,all,A3_k100,12,0.7002084956721353,0.7138976054587958,100,337,2,0,False,3.068236827850342
6,all,A3_k100,13,0.7376850662342312,0.71261293515574,100,316,2,0,False,3.1432418823242188
6,all,A3_k100,14,0.7183307710127835,0.6702082850704463,100,336,3,0,False,3.078839063644409
6,all,A3_k100,15,0.7274814144009435,0.7310195227765727,100,336,2,0,False,3.0813357830047607
6,all,A3_k100,16,0.7545437314407262,0.6968178084788239,100,335,2,0,False,3.0098679065704346
6,all,A3_k100,17,0.7394541204220458,0.7193416591201062,100,317,2,0,False,3.2086408138275146
6,all,A3_k100,18,0.7468567697912938,0.7251121453994062,100,336,2,0,False,2.8999440670013428
6,all,A3_k100,19,0.7613356359118,0.6982077796263926,100,337,2,0,False,3.1451709270477295
6,all,A3_k100,20,0.7587031147989807,0.723364151380494,100,336,2,0,False,3.1077678203582764
6,all,A3_k100,21,0.7594402207105702,0.7010509024282375,100,337,3,0,False,2.9740710258483887
6,all,A3_k100,22,0.7691910789124529,0.7170882210475329,100,337,3,0,False,3.0231196880340576
6,all,A3_k100,23,0.7192363582755934,0.7309036918476086,100,336,3,0,False,2.9917612075805664
6,all,A3_k100,24,0.7735505338752816,0.708400901375229,100,337,2,0,False,3.187398910522461
6,all,A3_k100,25,0.7875660762799319,0.7201524756228544,100,336,2,0,False,3.2839457988739014
6,all,A3_k100,26,0.7549859949876798,0.6981235389507825,100,336,2,0,False,3.2657289505004883
6,all,A3_k100,27,0.7364003959311753,0.6736410926015627,100,336,2,0,False,3.094196081161499
6,all,A3_k100,28,0.7594612808794725,0.7267443084893541,100,336,3,0,False,3.0667290687561035
6,all,A3_k100,29,0.7434239622601773,0.7649158646252343,100,336,2,0,False,3.1867480278015137
6,all,A3_k50,0,0.7025777646736727,0.7157930206600258,50,337,2,0,False,1.6915960311889648
6,all,A3_k50,1,0.7633574121264454,0.7087694543310237,50,336,2,0,False,1.6912589073181152
6,all,A3_k50,2,0.7568287597666534,0.7285765431838762,50,337,3,0,False,1.6339268684387207
6,all,A3_k50,3,0.7141713876545289,0.723553692900617,50,317,2,0,False,1.5850391387939453
6,all,A3_k50,4,0.7188783354042498,0.7150348545795338,50,317,2,0,False,1.5600988864898682
6,all,A3_k50,5,0.7565023271486637,0.7216582776993872,50,337,3,0,False,1.67588210105896
6,all,A3_k50,6,0.7473306235916013,0.7304193079628499,50,337,2,0,False,1.712224006652832
6,all,A3_k50,7,0.7002190257565866,0.6887517637891456,50,337,2,0,False,1.7575900554656982
6,all,A3_k50,8,0.7552281869300592,0.6926057746983131,50,337,2,0,False,1.6120047569274902
6,all,A3_k50,9,0.7252069161594675,0.7158667312511846,50,337,2,0,False,1.8179681301116943
6,all,A3_k50,10,0.7098751131984079,0.7126024050712886,50,316,2,0,False,1.679258108139038
6,all,A3_k50,11,0.7241854979676937,0.7053577069688098,50,337,3,0,False,1.7094931602478027
6,all,A3_k50,12,0.7105595686877411,0.7138660152054419,50,337,2,0,False,1.6726799011230469
6,all,A3_k50,13,0.7467725291156835,0.7131289092938524,50,316,2,0,False,1.7138550281524658
6,all,A3_k50,14,0.7209211717877977,0.659530779436851,50,336,3,0,False,1.6989409923553467
6,all,A3_k50,15,0.7253332771728829,0.7373481035317904,50,336,2,0,False,1.6325459480285645
6,all,A3_k50,16,0.7563654360507972,0.7039887959901437,50,335,2,0,False,1.647143840789795
6,all,A3_k50,17,0.7350736052903146,0.7033780510919696,50,317,2,0,False,1.6104750633239746
6,all,A3_k50,18,0.7461301939641556,0.7156982498999642,50,336,2,0,False,1.5288400650024414
6,all,A3_k50,19,0.7644946612471831,0.6930796284986206,50,337,2,0,False,1.6482501029968262
6,all,A3_k50,20,0.7518585599056504,0.7196996819914496,50,336,2,0,False,1.6135218143463135
6,all,A3_k50,21,0.7401069856580251,0.6902575658656782,50,337,3,0,False,1.543665885925293
6,all,A3_k50,22,0.7480571994187394,0.6990080660446897,50,337,3,0,False,1.5815300941467285
6,all,A3_k50,23,0.726849609333867,0.7487205947391699,50,336,3,0,False,1.6060450077056885
6,all,A3_k50,24,0.7618832003032664,0.7016932375797654,50,337,2,0,False,1.5904788970947266
6,all,A3_k50,25,0.7797632837015354,0.7256807699597752,50,336,2,0,False,1.7837741374969482
6,all,A3_k50,26,0.7588189457279448,0.6976496851504749,50,336,2,0,False,1.7521579265594482
6,all,A3_k50,27,0.7399700945601583,0.667691594886591,50,336,2,0,False,1.5242819786071777
6,all,A3_k50,28,0.7489733167660004,0.7018406587620833,50,336,3,0,False,1.6205928325653076
6,all,A3_k50,29,0.7485521133879494,0.7695491017837963,50,336,2,0,False,1.6840710639953613
6,demo,A0,0,0.5198807994440116,0.5803287492365689,7,0,0,0,False,0.11301589012145996
6,demo,A0,1,0.549975780805762,0.5750584419687046,7,0,0,0,False,0.1153559684753418
6,demo,A0,2,0.5467956953014763,0.5690668239159278,7,0,0,0,False,0.13599181175231934
6,demo,A0,3,0.5249563001495272,0.5270991723353621,7,0,0,0,False,0.12097430229187012
6,demo,A0,4,0.5444790767221953,0.5201545816397447,7,0,0,0,False,0.12857890129089355
6,demo,A0,5,0.6314628393319714,0.569456437040625,7,0,0,0,False,0.11396098136901855
6,demo,A0,6,0.5708990586104501,0.5350230608849482,7,0,0,0,False,0.10663986206054688
6,demo,A0,7,0.5492650001053009,0.5553040035381083,7,0,0,0,False,0.1072392463684082
6,demo,A0,8,0.549686203483352,0.5327801528968262,7,0,0,0,False,0.10778427124023438
6,demo,A0,9,0.5329486342480466,0.590321799380831,7,0,0,0,False,0.11286616325378418
6,demo,A0,10,0.5269728113219468,0.5531506012678222,7,0,0,0,False,0.12787294387817383
6,demo,A0,11,0.5185487437609249,0.5611587304930186,7,0,0,0,False,0.11942577362060547
6,demo,A0,12,0.5426784322810267,0.5262093801992291,7,0,0,0,False,0.11322283744812012
6,demo,A0,13,0.5729734852473517,0.5467061895836404,7,0,0,0,False,0.11801791191101074
6,demo,A0,14,0.5400669713371101,0.5518080155002842,7,0,0,0,False,0.12327337265014648
6,demo,A0,15,0.5700513868121223,0.5807288924457175,7,0,0,0,False,0.10741686820983887
6,demo,A0,16,0.5721837289135059,0.5680664658930565,7,0,0,0,False,0.09554195404052734
6,demo,A0,17,0.5308057620622118,0.5783332982330518,7,0,0,0,False,0.10702919960021973
6,demo,A0,18,0.5590474485605375,0.568861487269128,7,0,0,0,False,0.1049189567565918
6,demo,A0,19,0.5593633510940758,0.576043004864899,7,0,0,0,False,0.10505485534667969
6,demo,A0,20,0.5340069077354,0.5325221658277699,7,0,0,0,False,0.12238001823425293
6,demo,A0,21,0.5502127077059158,0.5348756397026304,7,0,0,0,False,0.10977792739868164
6,demo,A0,22,0.529126213592233,0.5726839079249415,7,0,0,0,False,0.10399484634399414
6,demo,A0,23,0.5320377819430112,0.5806867721079123,7,0,0,0,False,0.13318109512329102
6,demo,A0,24,0.52724659351768,0.5625750268517153,7,0,0,0,False,0.12175416946411133
6,demo,A0,25,0.5837404965987827,0.5549301855400881,7,0,0,0,False,0.11650395393371582
6,demo,A0,26,0.5714255628330138,0.5169271107554282,7,0,0,0,False,0.12027692794799805
6,demo,A0,27,0.545737421814123,0.55399827306615,7,0,0,0,False,0.12128686904907227
6,demo,A0,28,0.5355443000652864,0.5353231682918096,7,0,0,0,False,0.11739802360534668
6,demo,A0,29,0.5567834804035128,0.5728155339805825,7,0,0,0,False,0.10717105865478516
6,demo,A1,0,0.5181433355095508,0.5801286776319946,6,0,1,0,False,0.11144685745239258
6,demo,A1,1,0.5499547206368595,0.577238169450119,6,0,1,0,False,0.11637496948242188
6,demo,A1,2,0.5467956953014763,0.5658340879893856,6,0,1,0,False,0.11526107788085938
6,demo,A1,3,0.5249563001495272,0.5270991723353621,6,0,1,0,False,0.11351609230041504
6,demo,A1,4,0.5447423288334773,0.5228713434281743,6,0,1,0,False,0.1304159164428711
6,demo,A1,5,0.6315154897542278,0.5690141734936713,6,0,1,0,False,0.14145994186401367
6,demo,A1,6,0.5708990586104501,0.5350230608849482,6,0,1,0,False,0.10558581352233887
6,demo,A1,7,0.5492650001053009,0.5531137459722426,6,0,1,0,False,0.09871101379394531
6,demo,A1,8,0.5493281806120084,0.5319272160562727,6,0,1,0,False,0.10767269134521484
6,demo,A1,9,0.5342227744666512,0.5902902091274771,6,0,1,0,False,0.10465526580810547
6,demo,A1,10,0.5298369942926942,0.5515921487690332,6,0,1,0,False,0.10517692565917969
6,demo,A1,11,0.5193490301792221,0.5592738453762399,6,0,1,0,False,0.09809994697570801
6,demo,A1,12,0.5422782890718783,0.5262936208748394,6,0,1,0,False,0.12063479423522949
6,demo,A1,13,0.5716151043531369,0.5467061895836404,6,0,1,0,False,0.1101369857788086
6,demo,A1,14,0.5400669713371101,0.5518080155002842,6,0,1,0,False,0.10122203826904297
6,demo,A1,15,0.5687245961712614,0.5793389212981488,6,0,1,0,False,0.11202478408813477
6,demo,A1,16,0.5721837289135059,0.5680664658930565,6,0,1,0,False,0.11386680603027344
6,demo,A1,17,0.5317745298317293,0.5758481983025504,6,0,1,0,False,0.10685014724731445
6,demo,A1,18,0.5579944401154097,0.569588063096266,6,0,1,0,False,0.10575985908508301
6,demo,A1,19,0.5655971610892319,0.5844249520881157,6,0,1,0,False,0.08791685104370117
6,demo,A1,20,0.5303529684308068,0.5313638565381295,6,0,1,0,False,0.10929012298583984
6,demo,A1,21,0.5490333382473727,0.5356443358675735,6,0,1,0,False,0.11052703857421875
6,demo,A1,22,0.5319061558873702,0.5703672893456606,6,0,1,0,False,0.10723090171813965
6,demo,A1,23,0.5255512499210243,0.5760745951182529,6,0,1,0,False,0.13645625114440918
6,demo,A1,24,0.5274887854600594,0.5624276056693975,6,0,1,0,False,0.10796213150024414
6,demo,A1,25,0.5837404965987827,0.5549301855400881,6,0,1,0,False,0.09847497940063477
6,demo,A1,26,0.5714255628330138,0.5169271107554282,6,0,1,0,False,0.1074228286743164
6,demo,A1,27,0.5436419350083187,0.5522502790472379,6,0,1,0,False,0.09811115264892578
6,demo,A1,28,0.5356285407408967,0.5378925088979213,6,0,1,0,False,0.11055612564086914
6,demo,A1,29,0.5567834804035128,0.5728155339805825,6,0,1,0,False,0.10391688346862793
6,demo,A2,0,0.5181433355095508,0.5801286776319946,6,0,1,0,False,0.13529181480407715
6,demo,A2,1,0.5499547206368595,0.577238169450119,6,0,1,0,False,0.10204005241394043
6,demo,A2,2,0.5467956953014763,0.5658340879893856,6,0,1,0,False,0.12124419212341309
6,demo,A2,3,0.5249563001495272,0.5270991723353621,6,0,1,0,False,0.11768293380737305
6,demo,A2,4,0.5447423288334773,0.5228713434281743,6,0,1,0,False,0.10508203506469727
6,demo,A2,5,0.6315154897542278,0.5690141734936713,6,0,1,0,False,0.11644721031188965
6,demo,A2,6,0.5708990586104501,0.5350230608849482,6,0,1,0,False,0.11416006088256836
6,demo,A2,7,0.5492650001053009,0.5531137459722426,6,0,1,0,False,0.11488890647888184
6,demo,A2,8,0.5493281806120084,0.5319272160562727,6,0,1,0,False,0.11573410034179688
6,demo,A2,9,0.5342227744666512,0.5902902091274771,6,0,1,0,False,0.10781693458557129
6,demo,A2,10,0.5298369942926942,0.5515921487690332,6,0,1,0,False,0.10896515846252441
6,demo,A2,11,0.5193490301792221,0.5592738453762399,6,0,1,0,False,0.10600614547729492
6,demo,A2,12,0.5422782890718783,0.5262936208748394,6,0,1,0,False,0.11234211921691895
6,demo,A2,13,0.5716151043531369,0.5467061895836404,6,0,1,0,False,0.10081315040588379
6,demo,A2,14,0.5400669713371101,0.5518080155002842,6,0,1,0,False,0.10433721542358398
6,demo,A2,15,0.5687245961712614,0.5793389212981488,6,0,1,0,False,0.15105891227722168
6,demo,A2,16,0.5721837289135059,0.5680664658930565,6,0,1,0,False,0.10501813888549805
6,demo,A2,17,0.5317745298317293,0.5758481983025504,6,0,1,0,False,0.10583901405334473
6,demo,A2,18,0.5579944401154097,0.569588063096266,6,0,1,0,False,0.12712717056274414
6,demo,A2,19,0.5655971610892319,0.5844249520881157,6,0,1,0,False,0.12525105476379395
6,demo,A2,20,0.5303529684308068,0.5313638565381295,6,0,1,0,False,0.10736918449401855
6,demo,A2,21,0.5490333382473727,0.5356443358675735,6,0,1,0,False,0.11747598648071289
6,demo,A2,22,0.5319061558873702,0.5703672893456606,6,0,1,0,False,0.1125481128692627
6,demo,A2,23,0.5255512499210243,0.5760745951182529,6,0,1,0,False,0.13323497772216797
6,demo,A2,24,0.5274887854600594,0.5624276056693975,6,0,1,0,False,0.10596823692321777
6,demo,A2,25,0.5837404965987827,0.5549301855400881,6,0,1,0,False,0.11404800415039062
6,demo,A2,26,0.5714255628330138,0.5169271107554282,6,0,1,0,False,0.1082921028137207
6,demo,A2,27,0.5436419350083187,0.5522502790472379,6,0,1,0,False,0.09736394882202148
6,demo,A2,28,0.5356285407408967,0.5378925088979213,6,0,1,0,False,0.11772394180297852
6,demo,A2,29,0.5567834804035128,0.5728155339805825,6,0,1,0,False,0.10429620742797852
6,demo,A3_k100,0,0.5181433355095508,0.5801286776319946,6,0,1,0,True,0.0
6,demo,A3_k100,1,0.5499547206368595,0.577238169450119,6,0,1,0,True,0.0
6,demo,A3_k100,2,0.5467956953014763,0.5658340879893856,6,0,1,0,True,0.0
6,demo,A3_k100,3,0.5249563001495272,0.5270991723353621,6,0,1,0,True,0.0
6,demo,A3_k100,4,0.5447423288334773,0.5228713434281743,6,0,1,0,True,0.0
6,demo,A3_k100,5,0.6315154897542278,0.5690141734936713,6,0,1,0,True,0.0
6,demo,A3_k100,6,0.5708990586104501,0.5350230608849482,6,0,1,0,True,0.0
6,demo,A3_k100,7,0.5492650001053009,0.5531137459722426,6,0,1,0,True,0.0
6,demo,A3_k100,8,0.5493281806120084,0.5319272160562727,6,0,1,0,True,0.0
6,demo,A3_k100,9,0.5342227744666512,0.5902902091274771,6,0,1,0,True,0.0
6,demo,A3_k100,10,0.5298369942926942,0.5515921487690332,6,0,1,0,True,0.0
6,demo,A3_k100,11,0.5193490301792221,0.5592738453762399,6,0,1,0,True,0.0
6,demo,A3_k100,12,0.5422782890718783,0.5262936208748394,6,0,1,0,True,0.0
6,demo,A3_k100,13,0.5716151043531369,0.5467061895836404,6,0,1,0,True,0.0
6,demo,A3_k100,14,0.5400669713371101,0.5518080155002842,6,0,1,0,True,0.0
6,demo,A3_k100,15,0.5687245961712614,0.5793389212981488,6,0,1,0,True,0.0
6,demo,A3_k100,16,0.5721837289135059,0.5680664658930565,6,0,1,0,True,0.0
6,demo,A3_k100,17,0.5317745298317293,0.5758481983025504,6,0,1,0,True,0.0
6,demo,A3_k100,18,0.5579944401154097,0.569588063096266,6,0,1,0,True,0.0
6,demo,A3_k100,19,0.5655971610892319,0.5844249520881157,6,0,1,0,True,0.0
6,demo,A3_k100,20,0.5303529684308068,0.5313638565381295,6,0,1,0,True,0.0
6,demo,A3_k100,21,0.5490333382473727,0.5356443358675735,6,0,1,0,True,0.0
6,demo,A3_k100,22,0.5319061558873702,0.5703672893456606,6,0,1,0,True,0.0
6,demo,A3_k100,23,0.5255512499210243,0.5760745951182529,6,0,1,0,True,0.0
6,demo,A3_k100,24,0.5274887854600594,0.5624276056693975,6,0,1,0,True,0.0
6,demo,A3_k100,25,0.5837404965987827,0.5549301855400881,6,0,1,0,True,0.0
6,demo,A3_k100,26,0.5714255628330138,0.5169271107554282,6,0,1,0,True,0.0
6,demo,A3_k100,27,0.5436419350083187,0.5522502790472379,6,0,1,0,True,0.0
6,demo,A3_k100,28,0.5356285407408967,0.5378925088979213,6,0,1,0,True,0.0
6,demo,A3_k100,29,0.5567834804035128,0.5728155339805825,6,0,1,0,True,0.0
6,demo,A3_k50,0,0.5181433355095508,0.5801286776319946,6,0,1,0,True,0.0
6,demo,A3_k50,1,0.5499547206368595,0.577238169450119,6,0,1,0,True,0.0
6,demo,A3_k50,2,0.5467956953014763,0.5658340879893856,6,0,1,0,True,0.0
6,demo,A3_k50,3,0.5249563001495272,0.5270991723353621,6,0,1,0,True,0.0
6,demo,A3_k50,4,0.5447423288334773,0.5228713434281743,6,0,1,0,True,0.0
6,demo,A3_k50,5,0.6315154897542278,0.5690141734936713,6,0,1,0,True,0.0
6,demo,A3_k50,6,0.5708990586104501,0.5350230608849482,6,0,1,0,True,0.0
6,demo,A3_k50,7,0.5492650001053009,0.5531137459722426,6,0,1,0,True,0.0
6,demo,A3_k50,8,0.5493281806120084,0.5319272160562727,6,0,1,0,True,0.0
6,demo,A3_k50,9,0.5342227744666512,0.5902902091274771,6,0,1,0,True,0.0
6,demo,A3_k50,10,0.5298369942926942,0.5515921487690332,6,0,1,0,True,0.0
6,demo,A3_k50,11,0.5193490301792221,0.5592738453762399,6,0,1,0,True,0.0
6,demo,A3_k50,12,0.5422782890718783,0.5262936208748394,6,0,1,0,True,0.0
6,demo,A3_k50,13,0.5716151043531369,0.5467061895836404,6,0,1,0,True,0.0
6,demo,A3_k50,14,0.5400669713371101,0.5518080155002842,6,0,1,0,True,0.0
6,demo,A3_k50,15,0.5687245961712614,0.5793389212981488,6,0,1,0,True,0.0
6,demo,A3_k50,16,0.5721837289135059,0.5680664658930565,6,0,1,0,True,0.0
6,demo,A3_k50,17,0.5317745298317293,0.5758481983025504,6,0,1,0,True,0.0
6,demo,A3_k50,18,0.5579944401154097,0.569588063096266,6,0,1,0,True,0.0
6,demo,A3_k50,19,0.5655971610892319,0.5844249520881157,6,0,1,0,True,0.0
6,demo,A3_k50,20,0.5303529684308068,0.5313638565381295,6,0,1,0,True,0.0
6,demo,A3_k50,21,0.5490333382473727,0.5356443358675735,6,0,1,0,True,0.0
6,demo,A3_k50,22,0.5319061558873702,0.5703672893456606,6,0,1,0,True,0.0
6,demo,A3_k50,23,0.5255512499210243,0.5760745951182529,6,0,1,0,True,0.0
6,demo,A3_k50,24,0.5274887854600594,0.5624276056693975,6,0,1,0,True,0.0
6,demo,A3_k50,25,0.5837404965987827,0.5549301855400881,6,0,1,0,True,0.0
6,demo,A3_k50,26,0.5714255628330138,0.5169271107554282,6,0,1,0,True,0.0
6,demo,A3_k50,27,0.5436419350083187,0.5522502790472379,6,0,1,0,True,0.0
6,demo,A3_k50,28,0.5356285407408967,0.5378925088979213,6,0,1,0,True,0.0
6,demo,A3_k50,29,0.5567834804035128,0.5728155339805825,6,0,1,0,True,0.0
6,rec,A0,0,0.6892782680117094,0.6807488996061748,128,0,0,0,False,2.476408004760742
6,rec,A0,1,0.7125392245645812,0.7117284080618326,127,0,0,0,False,2.481688976287842
6,rec,A0,2,0.6936587831434408,0.6960491123138808,128,0,0,0,False,2.5431838035583496
6,rec,A0,3,0.6861192426763263,0.7217741086283511,128,0,0,0,False,2.554749011993408
6,rec,A0,4,0.6902365056967757,0.7005981087968325,128,0,0,0,False,2.493917942047119
6,rec,A0,5,0.7322410125729208,0.6795800602320831,128,0,0,0,False,2.4406888484954834
6,rec,A0,6,0.7055577785733842,0.7244487500789756,128,0,0,0,False,2.40358304977417
6,rec,A0,7,0.7160668028557589,0.7095065602426132,128,0,0,0,False,2.354264974594116
6,rec,A0,8,0.6918581387022724,0.6785165217025041,128,0,0,0,False,2.54911732673645
6,rec,A0,9,0.7110228924035971,0.6931638691742308,128,0,0,0,False,2.4047129154205322
6,rec,A0,10,0.6723353621296042,0.7180991091548554,127,0,0,0,False,2.2915802001953125
6,rec,A0,11,0.7020828507044627,0.7075900848724807,128,0,0,0,False,2.3667218685150146
6,rec,A0,12,0.6718193879914918,0.7079375776593728,128,0,0,0,False,2.286764144897461
6,rec,A0,13,0.6956700292736349,0.7060632226270454,127,0,0,0,False,2.3233799934387207
6,rec,A0,14,0.6899311332476886,0.6950908746288145,127,0,0,0,False,2.2651641368865967
6,rec,A0,15,0.7138660152054421,0.7346945222500685,127,0,0,0,False,2.6980159282684326
6,rec,A0,16,0.693964155592528,0.6582355790493439,126,0,0,0,False,2.780298948287964
6,rec,A0,17,0.6807699597750774,0.6969546995766905,128,0,0,0,False,2.813509941101074
6,rec,A0,18,0.6914579954931239,0.7067371480319272,127,0,0,0,False,2.3125340938568115
6,rec,A0,19,0.6792325674451909,0.6864772655476697,128,0,0,0,False,2.353612184524536
6,rec,A0,20,0.7196365014847419,0.6867405176589516,127,0,0,0,False,2.332444906234741
6,rec,A0,21,0.7028515468694059,0.6977444559105364,128,0,0,0,False,2.3274760246276855
6,rec,A0,22,0.7348314133479349,0.7090221763578545,128,0,0,0,False,2.351915121078491
6,rec,A0,23,0.714171387654529,0.7167091380072868,127,0,0,0,False,2.316819906234741
6,rec,A0,24,0.7164142956426511,0.7135501126719037,128,0,0,0,False,2.365692377090454
6,rec,A0,25,0.740528189036076,0.7086009729798032,127,0,0,0,False,2.2779791355133057
6,rec,A0,26,0.709653981424931,0.6790219657561654,127,0,0,0,False,2.2573609352111816
6,rec,A0,27,0.7394014699997895,0.6680812080112882,127,0,0,0,False,2.2641968727111816
6,rec,A0,28,0.755638860223659,0.7384116420613693,127,0,0,0,False,2.2851550579071045
6,rec,A0,29,0.6925004738538003,0.7541330581471263,127,0,0,0,False,2.3984079360961914
6,rec,A1,0,0.6790430259250679,0.6748520523134596,84,43,1,0,False,2.3761849403381348
6,rec,A1,1,0.713223680053914,0.713371101236232,84,42,1,0,False,2.378570079803467
6,rec,A1,2,0.6850135838089422,0.6963755449318704,84,43,1,0,False,2.3760738372802734
6,rec,A1,3,0.6971653012657162,0.7227218162289661,84,43,1,0,False,2.4050140380859375
6,rec,A1,4,0.6884674515089612,0.695448897500158,84,43,1,0,False,2.374434232711792
6,rec,A1,5,0.7298085630646758,0.6792536276140935,84,43,1,0,False,2.3230042457580566
6,rec,A1,6,0.7201840658762083,0.734557631152202,84,43,1,0,False,2.3244988918304443
6,rec,A1,7,0.7181517595771116,0.7198997535960239,84,43,1,0,False,2.312713146209717
6,rec,A1,8,0.7094117894825517,0.6847503316976602,84,43,1,0,False,2.356168270111084
6,rec,A1,9,0.7037466040477646,0.6915001158309291,84,43,1,0,False,2.2356460094451904
6,rec,A1,10,0.6783901606890886,0.718657203630773,84,42,1,0,False,2.263918876647949
6,rec,A1,11,0.6805698881705031,0.708095528926142,84,43,1,0,False,2.252336025238037
6,rec,A1,12,0.6641218962576081,0.7067371480319271,84,43,1,0,False,2.1852400302886963
6,rec,A1,13,0.6770212497104227,0.7015879367352527,84,42,1,0,False,2.2545583248138428
6,rec,A1,14,0.6895520502074426,0.6959543415538193,84,42,1,0,False,2.184926986694336
6,rec,A1,15,0.7128761872670218,0.7306825600741318,84,42,1,0,False,2.4677302837371826
6,rec,A1,16,0.6897731819809194,0.659825621801487,84,41,1,0,False,2.266702890396118
6,rec,A1,17,0.689488869700735,0.6833498304656404,84,43,1,0,False,2.3161609172821045
6,rec,A1,18,0.6968178084788239,0.7051471052797844,84,42,1,0,False,2.238662004470825
6,rec,A1,19,0.6905945285681192,0.6864983257165723,84,43,1,0,False,2.338479995727539
6,rec,A1,20,0.7156245393088052,0.6881304888065202,84,42,1,0,False,2.3313040733337402
6,rec,A1,21,0.6995240401828022,0.6992923783248741,84,43,1,0,False,2.34755277633667
6,rec,A1,22,0.7418339195080345,0.7153086367752669,84,43,1,0,False,2.3571879863739014
6,rec,A1,23,0.7195838510624856,0.7164353558115536,84,42,1,0,False,2.3943920135498047
6,rec,A1,24,0.7014299854684833,0.6954910178379631,84,43,1,0,False,2.234628915786743
6,rec,A1,25,0.734641871827812,0.7083061306151676,84,42,1,0,False,2.330580949783325
6,rec,A1,26,0.7152981066908156,0.6736832129393677,84,42,1,0,False,2.307979106903076
6,rec,A1,27,0.7426973864330392,0.6690710359497084,84,42,1,0,False,2.241580009460449
6,rec,A1,28,0.7445717414653665,0.7367268285491649,84,42,1,0,False,2.270129919052124
6,rec,A1,29,0.7014931659751912,0.7592717393593496,84,42,1,0,False,2.3252432346343994
6,rec,A2,0,0.6898574226565297,0.6624792030832088,59,43,1,25,False,1.64638090133667
6,rec,A2,1,0.7279342080323484,0.7043468188614873,59,42,1,25,False,1.6774828433990479
6,rec,A2,2,0.6943327085483226,0.6815597161089232,59,43,1,25,False,1.6890778541564941
6,rec,A2,3,0.6885622222690226,0.7277130762588716,59,43,1,25,False,1.7621989250183105
6,rec,A2,4,0.6923846429248363,0.6982288397952952,59,43,1,25,False,1.75177001953125
6,rec,A2,5,0.7292399385043068,0.6872775519659667,59,43,1,25,False,1.735246181488037
6,rec,A2,6,0.7127077059158015,0.7406229597961376,59,43,1,25,False,1.6202480792999268
6,rec,A2,7,0.7263441652802055,0.7333677316092075,59,43,1,25,False,1.6493761539459229
6,rec,A2,8,0.6954278373312555,0.6934587115388665,59,43,1,25,False,1.6596319675445557
6,rec,A2,9,0.7043257586925847,0.6998504728007918,59,43,1,25,False,1.5651640892028809
6,rec,A2,10,0.6764315649811511,0.7153823473664258,59,42,1,25,False,1.5787501335144043
6,rec,A2,11,0.678211149253417,0.7184781921951015,59,43,1,25,False,1.6074161529541016
6,rec,A2,12,0.6744940294421161,0.717362003243266,60,43,1,24,False,1.6041679382324219
6,rec,A2,13,0.6809805614641029,0.6969862898300445,59,42,1,25,False,1.6022729873657227
6,rec,A2,14,0.6876987553440177,0.6931112187519743,59,42,1,25,False,1.5561878681182861
6,rec,A2,15,0.7286607838594865,0.7374955247141084,59,42,1,25,False,1.6019880771636963
6,rec,A2,16,0.6899416633321399,0.666554345765853,59,41,1,25,False,1.5623281002044678
6,rec,A2,17,0.6775477539329866,0.6897205315586631,59,43,1,25,False,1.5730910301208496
6,rec,A2,18,0.7036834235410568,0.7081376492639471,59,42,1,25,False,1.6528489589691162
6,rec,A2,19,0.683413010972348,0.674904702735716,60,43,1,24,False,1.8544447422027588
6,rec,A2,20,0.7095908009182234,0.6925531242760568,59,42,1,25,False,1.7833518981933594
6,rec,A2,21,0.7043573489459385,0.6935956026367331,59,43,1,25,False,1.8134808540344238
6,rec,A2,22,0.7329781184845103,0.6929006170629488,59,43,1,25,False,1.8397140502929688
6,rec,A2,23,0.7135817029252575,0.7154876482109386,59,42,1,25,False,1.7851829528808594
6,rec,A2,24,0.7071267611566245,0.6944801297306404,59,43,1,25,False,1.5846097469329834
6,rec,A2,25,0.7400964555735738,0.7044205294526463,59,42,1,25,False,1.5968821048736572
6,rec,A2,26,0.7109807720657919,0.6827496156519176,59,42,1,25,False,1.5667638778686523
6,rec,A2,27,0.7358738917086115,0.6645641598045617,59,42,1,25,False,1.5504896640777588
6,rec,A2,28,0.7622938735968662,0.7309984626076701,59,42,1,25,False,1.5554628372192383
6,rec,A2,29,0.684213297390645,0.7451087757723817,60,42,1,24,False,1.6545610427856445
6,rec,A3_k100,0,0.6790430259250679,0.6748520523134596,84,43,1,0,True,0.0
6,rec,A3_k100,1,0.713223680053914,0.713371101236232,84,42,1,0,True,0.0
6,rec,A3_k100,2,0.6850135838089422,0.6963755449318704,84,43,1,0,True,0.0
6,rec,A3_k100,3,0.6971653012657162,0.7227218162289661,84,43,1,0,True,0.0
6,rec,A3_k100,4,0.6884674515089612,0.695448897500158,84,43,1,0,True,0.0
6,rec,A3_k100,5,0.7298085630646758,0.6792536276140935,84,43,1,0,True,0.0
6,rec,A3_k100,6,0.7201840658762083,0.734557631152202,84,43,1,0,True,0.0
6,rec,A3_k100,7,0.7181517595771116,0.7198997535960239,84,43,1,0,True,0.0
6,rec,A3_k100,8,0.7094117894825517,0.6847503316976602,84,43,1,0,True,0.0
6,rec,A3_k100,9,0.7037466040477646,0.6915001158309291,84,43,1,0,True,0.0
6,rec,A3_k100,10,0.6783901606890886,0.718657203630773,84,42,1,0,True,0.0
6,rec,A3_k100,11,0.6805698881705031,0.708095528926142,84,43,1,0,True,0.0
6,rec,A3_k100,12,0.6641218962576081,0.7067371480319271,84,43,1,0,True,0.0
6,rec,A3_k100,13,0.6770212497104227,0.7015879367352527,84,42,1,0,True,0.0
6,rec,A3_k100,14,0.6895520502074426,0.6959543415538193,84,42,1,0,True,0.0
6,rec,A3_k100,15,0.7128761872670218,0.7306825600741318,84,42,1,0,True,0.0
6,rec,A3_k100,16,0.6897731819809194,0.659825621801487,84,41,1,0,True,0.0
6,rec,A3_k100,17,0.689488869700735,0.6833498304656404,84,43,1,0,True,0.0
6,rec,A3_k100,18,0.6968178084788239,0.7051471052797844,84,42,1,0,True,0.0
6,rec,A3_k100,19,0.6905945285681192,0.6864983257165723,84,43,1,0,True,0.0
6,rec,A3_k100,20,0.7156245393088052,0.6881304888065202,84,42,1,0,True,0.0
6,rec,A3_k100,21,0.6995240401828022,0.6992923783248741,84,43,1,0,True,0.0
6,rec,A3_k100,22,0.7418339195080345,0.7153086367752669,84,43,1,0,True,0.0
6,rec,A3_k100,23,0.7195838510624856,0.7164353558115536,84,42,1,0,True,0.0
6,rec,A3_k100,24,0.7014299854684833,0.6954910178379631,84,43,1,0,True,0.0
6,rec,A3_k100,25,0.734641871827812,0.7083061306151676,84,42,1,0,True,0.0
6,rec,A3_k100,26,0.7152981066908156,0.6736832129393677,84,42,1,0,True,0.0
6,rec,A3_k100,27,0.7426973864330392,0.6690710359497084,84,42,1,0,True,0.0
6,rec,A3_k100,28,0.7445717414653665,0.7367268285491649,84,42,1,0,True,0.0
6,rec,A3_k100,29,0.7014931659751912,0.7592717393593496,84,42,1,0,True,0.0
6,rec,A3_k50,0,0.6961228229050397,0.6738727544594908,50,43,1,0,False,1.5541009902954102
6,rec,A3_k50,1,0.7244487500789758,0.710907061474633,50,42,1,0,False,1.457589864730835
6,rec,A3_k50,2,0.7002611460943916,0.6921951014047133,50,43,1,0,False,1.3806488513946533
6,rec,A3_k50,3,0.6921213908135544,0.7042520481014258,50,43,1,0,False,1.4684288501739502
6,rec,A3_k50,4,0.7001874355032327,0.6766000463323716,50,43,1,0,False,1.612212896347046
6,rec,A3_k50,5,0.7442874291851822,0.689299328180612,50,43,1,0,False,1.5034208297729492
6,rec,A3_k50,6,0.7110439525724996,0.723364151380494,50,43,1,0,False,1.4703638553619385
6,rec,A3_k50,7,0.7281237495524714,0.7118547690752481,50,43,1,0,False,1.4941000938415527
6,rec,A3_k50,8,0.7115178063728071,0.6742307773308341,50,43,1,0,False,1.5277159214019775
6,rec,A3_k50,9,0.6978497567550491,0.6951856453888761,50,43,1,0,False,1.4906160831451416
6,rec,A3_k50,10,0.6771581408082893,0.7156561295621591,50,42,1,0,False,1.4107446670532227
6,rec,A3_k50,11,0.6942168776193586,0.7056736095023483,50,43,1,0,False,1.5189540386199951
6,rec,A3_k50,12,0.6864562053787671,0.7204789082408442,50,43,1,0,False,1.397733211517334
6,rec,A3_k50,13,0.7079375776593729,0.7047259019017331,50,42,1,0,False,1.376405954360962
6,rec,A3_k50,14,0.6991870774803615,0.7084219615441317,50,42,1,0,False,1.3476688861846924
6,rec,A3_k50,15,0.7143925194280059,0.7340521870985406,50,42,1,0,False,1.662358045578003
6,rec,A3_k50,16,0.7076743255480908,0.6685024113893394,50,41,1,0,False,1.4599559307098389
6,rec,A3_k50,17,0.7171198113008868,0.6967230377187625,50,43,1,0,False,1.4295141696929932
6,rec,A3_k50,18,0.7103700271676179,0.6999241833919507,50,42,1,0,False,1.350038766860962
6,rec,A3_k50,19,0.7009245414148222,0.6888570646336585,50,43,1,0,False,1.4965362548828125
6,rec,A3_k50,20,0.7243223890655603,0.6996819914495714,50,42,1,0,False,1.5561857223510742
6,rec,A3_k50,21,0.7138554851209906,0.6931743992586821,50,43,1,0,False,1.460014820098877
6,rec,A3_k50,22,0.741286355116568,0.7006507592190889,50,43,1,0,False,1.5129170417785645
6,rec,A3_k50,23,0.715234926184108,0.7107701703767664,50,42,1,0,False,1.5300347805023193
6,rec,A3_k50,24,0.7194048396268138,0.697923467346208,50,43,1,0,False,1.3863327503204346
6,rec,A3_k50,25,0.7539540467114546,0.708095528926142,50,42,1,0,False,1.5387139320373535
6,rec,A3_k50,26,0.7174146536655224,0.6811490428153234,50,42,1,0,False,1.4877879619598389
6,rec,A3_k50,27,0.7452456668702483,0.6691447465408673,50,42,1,0,False,1.4384896755218506
6,rec,A3_k50,28,0.7615672977697281,0.7419286902680959,50,42,1,0,False,1.4366300106048584
6,rec,A3_k50,29,0.713981846134406,0.7552913674367668,50,42,1,0,False,1.5367717742919922
6,roll_rec,A0,0,0.6639428848219363,0.7009456015837248,227,0,0,0,False,3.8979907035827637
6,roll_rec,A0,1,0.7028304867005034,0.6799064928500727,227,0,0,0,False,4.015926122665405
6,roll_rec,A0,2,0.6890150159004276,0.6995029800138998,227,0,0,0,False,3.951587677001953
6,roll_rec,A0,3,0.6990817766358486,0.7027462460248931,207,0,0,0,False,3.924166679382324
6,roll_rec,A0,4,0.6722300612850916,0.7131710296316576,207,0,0,0,False,3.8971760272979736
6,roll_rec,A0,5,0.7109281216435357,0.6941115767748457,227,0,0,0,False,3.9004719257354736
6,roll_rec,A0,6,0.7091906577090747,0.7257966008887391,227,0,0,0,False,3.960947275161743
6,roll_rec,A0,7,0.6859507613251059,0.6819598593180718,227,0,0,0,False,3.9429068565368652
6,roll_rec,A0,8,0.6922161615736158,0.6837815639281428,227,0,0,0,False,3.9031548500061035
6,roll_rec,A0,9,0.6746519807088852,0.695564728429122,227,0,0,0,False,4.0529420375823975
6,roll_rec,A0,10,0.6579302066002569,0.7064738959206451,207,0,0,0,False,3.9316868782043457
6,roll_rec,A0,11,0.6759050607585873,0.7086009729798033,227,0,0,0,False,3.99170184135437
6,roll_rec,A0,12,0.6588147336941643,0.6915317060842827,227,0,0,0,False,4.0674731731414795
6,roll_rec,A0,13,0.6918265484489186,0.7050628646041741,207,0,0,0,False,4.056020021438599
6,roll_rec,A0,14,0.6787481835604321,0.6496009097992965,227,0,0,0,False,4.010541200637817
6,roll_rec,A0,15,0.6847187414443063,0.6933323505254512,227,0,0,0,False,4.133068799972534
6,roll_rec,A0,16,0.7243645094033654,0.6827812059052714,227,0,0,0,False,3.8710780143737793
6,roll_rec,A0,17,0.7046732514794769,0.7131920898005601,207,0,0,0,False,3.944532871246338
6,roll_rec,A0,18,0.7042731082703284,0.7114862161194533,227,0,0,0,False,3.656116008758545
6,roll_rec,A0,19,0.7050628646041742,0.6695554198344671,227,0,0,0,False,3.801032066345215
6,roll_rec,A0,20,0.6880251879620074,0.7029884379672725,227,0,0,0,False,3.8075308799743652
6,roll_rec,A0,21,0.7291767579975992,0.6879093570330435,227,0,0,0,False,3.6831166744232178
6,roll_rec,A0,22,0.7454878588126278,0.6982814902175516,227,0,0,0,False,3.7492270469665527
6,roll_rec,A0,23,0.6880883684687151,0.706537076427353,227,0,0,0,False,3.74377703666687
6,roll_rec,A0,24,0.7221321314996947,0.7023461028157445,227,0,0,0,False,3.8673300743103027
6,roll_rec,A0,25,0.7482151506855086,0.6689341448518418,227,0,0,0,False,3.8706161975860596
6,roll_rec,A0,26,0.7081587094328496,0.6842975380662553,227,0,0,0,False,3.826923131942749
6,roll_rec,A0,27,0.7027673061937958,0.654476338900238,227,0,0,0,False,3.730010747909546
6,roll_rec,A0,28,0.7000505444053661,0.7136132931786113,227,0,0,0,False,3.89628005027771
6,roll_rec,A0,29,0.7034096413453237,0.7668218099109154,227,0,0,0,False,3.969663143157959
6,roll_rec,A1,0,0.6654697470673715,0.7025251142514163,126,100,1,0,False,3.7391738891601562
6,roll_rec,A1,1,0.7056946696712507,0.6850978244845524,126,100,1,0,False,3.7340352535247803
6,roll_rec,A1,2,0.6894467493629298,0.6893940989406735,126,100,1,0,False,3.8010528087615967
6,roll_rec,A1,3,0.6906471789903755,0.714624181285934,126,80,1,0,False,3.7265079021453857
6,roll_rec,A1,4,0.6761893730387718,0.713223680053914,126,80,1,0,False,3.7412753105163574
6,roll_rec,A1,5,0.7222058420908536,0.6795800602320831,126,100,1,0,False,3.7599120140075684
6,roll_rec,A1,6,0.7098751131984078,0.7135606427563549,126,100,1,0,False,3.8796961307525635
6,roll_rec,A1,7,0.693290230187646,0.6844449592485731,126,100,1,0,False,3.761488914489746
6,roll_rec,A1,8,0.6935850725522819,0.6944590695617379,126,100,1,0,False,3.7499091625213623
6,roll_rec,A1,9,0.6813280542509951,0.6997346418718278,126,100,1,0,False,3.811047077178955
6,roll_rec,A1,10,0.6702188151548976,0.7105911589410947,126,80,1,0,False,3.775347948074341
6,roll_rec,A1,11,0.688804414211402,0.7078954573215677,126,100,1,0,False,3.7054989337921143
6,roll_rec,A1,12,0.6525703936145567,0.693890445001369,126,100,1,0,False,3.710206985473633
6,roll_rec,A1,13,0.6893098582650632,0.7036097129498979,126,80,1,0,False,3.75404691696167
6,roll_rec,A1,14,0.6761367226165154,0.6447465408672577,126,100,1,0,False,3.683399200439453
6,roll_rec,A1,15,0.6773582124128636,0.6883726807488997,126,100,1,0,False,3.9256699085235596
6,roll_rec,A1,16,0.7200471747783418,0.6801170945390983,126,100,1,0,False,3.6338648796081543
6,roll_rec,A1,17,0.7016195269886064,0.7037571341322157,126,80,1,0,False,3.8381078243255615
6,roll_rec,A1,18,0.686108712591875,0.7101910157319461,126,100,1,0,False,3.5597338676452637
6,roll_rec,A1,19,0.7069372196365014,0.664953772929259,126,100,1,0,False,3.6446120738983154
6,roll_rec,A1,20,0.6846029105153424,0.7059473916980814,126,100,1,0,False,3.71642804145813
6,roll_rec,A1,21,0.7168565591896048,0.6788113640671398,126,100,1,0,False,3.6300220489501953
6,roll_rec,A1,22,0.7431923004022493,0.6981024787818797,126,100,1,0,False,3.655709981918335
6,roll_rec,A1,23,0.6920266200534928,0.7001347850809764,126,100,1,0,False,3.6752562522888184
6,roll_rec,A1,24,0.7226481056378072,0.6969652296611418,126,100,1,0,False,3.736269235610962
6,roll_rec,A1,25,0.733346671440305,0.6697239011856875,126,100,1,0,False,3.751368999481201
6,roll_rec,A1,26,0.7087589242465725,0.6743255480908956,126,100,1,0,False,3.7399699687957764
6,roll_rec,A1,27,0.7045363603816102,0.6754206768738286,126,100,1,0,False,3.7629740238189697
6,roll_rec,A1,28,0.6942484678727123,0.7153086367752669,126,100,1,0,False,3.719125986099243
6,roll_rec,A1,29,0.707105700987722,0.776372596508224,126,100,1,0,False,3.8120341300964355
6,roll_rec,A2,0,0.6510119411157678,0.697923467346208,89,100,1,37,False,2.6491451263427734
6,roll_rec,A2,1,0.7078533369837627,0.6896257607986016,88,100,1,38,False,2.675121784210205
6,roll_rec,A2,2,0.6802013352147085,0.6874986837394436,88,100,1,38,False,2.644948959350586
6,roll_rec,A2,3,0.6881094286376176,0.7061369332182045,86,80,1,40,False,2.5910120010375977
6,roll_rec,A2,4,0.6658488301076175,0.7106964597856076,88,80,1,38,False,2.5853140354156494
6,roll_rec,A2,5,0.7022408019712317,0.7055788387422868,88,100,1,38,False,2.6241371631622314
6,roll_rec,A2,6,0.7030516184739801,0.712275972453299,87,100,1,39,False,2.5678060054779053
6,roll_rec,A2,7,0.6805593580860518,0.6843396584040604,88,100,1,38,False,2.646904945373535
6,roll_rec,A2,8,0.6936482530589896,0.6852557757513216,88,100,1,38,False,2.642897844314575
6,roll_rec,A2,9,0.687435503232736,0.6958806309626604,88,100,1,38,False,2.6137678623199463
6,roll_rec,A2,10,0.665111724196028,0.6952488258955837,89,80,1,37,False,2.614161968231201
6,roll_rec,A2,11,0.6824126529494767,0.7047469620706358,88,100,1,38,False,2.6322410106658936
6,roll_rec,A2,12,0.6677547753932986,0.6892361476739044,89,100,1,37,False,2.65514874458313
6,roll_rec,A2,13,0.6934903017922205,0.7015879367352525,88,80,1,38,False,2.688957929611206
6,roll_rec,A2,14,0.6758418802518795,0.653528631299623,89,100,1,37,False,2.679865837097168
6,roll_rec,A2,15,0.6784638712802477,0.6860876524229725,89,100,1,37,False,2.9613940715789795
6,roll_rec,A2,16,0.7239643661942169,0.6815070656866669,89,100,1,37,False,2.898451805114746
6,roll_rec,A2,17,0.7031990396562982,0.7061053429648507,88,80,1,38,False,2.8595409393310547
6,roll_rec,A2,18,0.6900259040077501,0.7072531221700399,87,100,1,39,False,2.410421848297119
6,roll_rec,A2,19,0.7133184508139755,0.665301265716151,89,100,1,37,False,2.58870792388916
6,roll_rec,A2,20,0.6825706042162458,0.6907314196659857,89,100,1,37,False,2.64640474319458
6,roll_rec,A2,21,0.7247120021902576,0.6730198176189374,87,100,1,39,False,2.451279878616333
6,roll_rec,A2,22,0.7410231030052862,0.6946380809974095,89,100,1,37,False,2.6036510467529297
6,roll_rec,A2,23,0.6942484678727123,0.7031463892340416,87,100,1,39,False,2.6010849475860596
6,roll_rec,A2,24,0.7130130783648885,0.6944380093928353,87,100,1,39,False,2.5551347732543945
6,roll_rec,A2,25,0.7351789061348271,0.6823178821894151,88,100,1,38,False,2.654534101486206
6,roll_rec,A2,26,0.712233852115494,0.6727355053387528,89,100,1,37,False,2.6088919639587402
6,roll_rec,A2,27,0.7028304867005033,0.6458837899879957,89,100,1,37,False,2.569387912750244
6,roll_rec,A2,28,0.6973232525324854,0.6972811321946802,87,100,1,39,False,2.509267807006836
6,roll_rec,A2,29,0.7244382199945244,0.7733399321862562,89,100,1,37,False,2.700289011001587
6,roll_rec,A3_k100,0,0.674946823073521,0.7220584209085357,100,100,1,0,False,3.0301320552825928
6,roll_rec,A3_k100,1,0.7199734641871828,0.6823389423583177,100,100,1,0,False,3.0610530376434326
6,roll_rec,A3_k100,2,0.6922582819114209,0.6968599288166291,100,100,1,0,False,3.058245897293091
6,roll_rec,A3_k100,3,0.6817387275445949,0.7111281932481098,100,80,1,0,False,3.0605971813201904
6,roll_rec,A3_k100,4,0.6779584272265864,0.6936377229745383,100,80,1,0,False,3.026736259460449
6,roll_rec,A3_k100,5,0.719941873933829,0.6953435966556452,100,100,1,0,False,2.9845001697540283
6,roll_rec,A3_k100,6,0.7219847103173768,0.706389655245035,100,100,1,0,False,3.0549890995025635
6,roll_rec,A3_k100,7,0.6881620790598741,0.6711033422488047,100,100,1,0,False,2.9324097633361816
6,roll_rec,A3_k100,8,0.707600614956932,0.6762420234610282,100,100,1,0,False,2.9583561420440674
6,roll_rec,A3_k100,9,0.6859718214940085,0.699397679169387,100,100,1,0,False,3.056934118270874
6,roll_rec,A3_k100,10,0.677526693764084,0.7102015458163975,100,80,1,0,False,3.074003219604492
6,roll_rec,A3_k100,11,0.7061685234715582,0.6961122928205884,100,100,1,0,False,3.026782989501953
6,roll_rec,A3_k100,12,0.670197754985995,0.6938272644946611,100,100,1,0,False,3.149333953857422
6,roll_rec,A3_k100,13,0.7076006149569319,0.7153718172819745,100,80,1,0,False,3.144692897796631
6,roll_rec,A3_k100,14,0.6787587136448834,0.6452730450898216,100,100,1,0,False,3.1308529376983643
6,roll_rec,A3_k100,15,0.6945433102373482,0.6950803445443632,100,100,1,0,False,3.0994770526885986
6,roll_rec,A3_k100,16,0.7385801234125898,0.6778636564665248,100,100,1,0,False,2.9983110427856445
6,roll_rec,A3_k100,17,0.7132552703072679,0.710412147505423,100,80,1,0,False,2.9579970836639404
6,roll_rec,A3_k100,18,0.7044099993681949,0.7033254006697134,100,100,1,0,False,2.8793981075286865
6,roll_rec,A3_k100,19,0.720742160352126,0.6603205357706969,100,100,1,0,False,2.9084861278533936
6,roll_rec,A3_k100,20,0.6984920919065771,0.6935640123833793,100,100,1,0,False,2.948906898498535
6,roll_rec,A3_k100,21,0.7174673040877788,0.6715666659646611,100,100,1,0,False,2.8620331287384033
6,roll_rec,A3_k100,22,0.7484257523745341,0.7047469620706358,100,100,1,0,False,2.95304799079895
6,roll_rec,A3_k100,23,0.7019459596065961,0.7017774782553756,100,100,1,0,False,2.9015841484069824
6,roll_rec,A3_k100,24,0.7305140787229113,0.6988922351157256,100,100,1,0,False,3.028377056121826
6,roll_rec,A3_k100,25,0.738474822568077,0.659183286649959,100,100,1,0,False,2.9832470417022705
6,roll_rec,A3_k100,26,0.7252911568350777,0.6721247604405787,100,100,1,0,False,3.048409938812256
6,roll_rec,A3_k100,27,0.714740012214898,0.651664806351747,100,100,1,0,False,2.976710081100464
6,roll_rec,A3_k100,28,0.7056104289956404,0.7243118589811091,100,100,1,0,False,2.9625742435455322
6,roll_rec,A3_k100,29,0.7121074911020785,0.7810268938356885,100,100,1,0,False,3.0328879356384277
6,roll_rec,A3_k50,0,0.690699829412632,0.7170671608786302,50,100,1,0,False,1.6240520477294922
6,roll_rec,A3_k50,1,0.7243539793189142,0.6791904471073857,50,100,1,0,False,1.6520037651062012
6,roll_rec,A3_k50,2,0.7021881515489754,0.6980287681907209,50,100,1,0,False,1.627945899963379
6,roll_rec,A3_k50,3,0.690741949750437,0.7105595686877408,50,80,1,0,False,1.633126974105835
6,roll_rec,A3_k50,4,0.6842238274750962,0.7024619337447087,50,80,1,0,False,1.605442762374878
6,roll_rec,A3_k50,5,0.7176779057768043,0.6843396584040604,50,100,1,0,False,1.5761699676513672
6,roll_rec,A3_k50,6,0.7089063454288903,0.7077585662237011,50,100,1,0,False,1.628026008605957
6,roll_rec,A3_k50,7,0.6998610028852431,0.6811385127308722,50,100,1,0,False,1.6542000770568848
6,roll_rec,A3_k50,8,0.7013773350462271,0.6878356464418844,50,100,1,0,False,1.5835139751434326
6,roll_rec,A3_k50,9,0.6863509045342544,0.681096392393067,50,100,1,0,False,1.7873480319976807
6,roll_rec,A3_k50,10,0.6861297727607777,0.7072320620011373,50,80,1,0,False,1.7116591930389404
6,roll_rec,A3_k50,11,0.7071794115788809,0.6917949581955647,50,100,1,0,False,1.653620958328247
6,roll_rec,A3_k50,12,0.672967167196681,0.6906577090748267,50,100,1,0,False,1.7159979343414307
6,roll_rec,A3_k50,13,0.7078954573215677,0.7013983952151297,50,80,1,0,False,1.5503618717193604
6,roll_rec,A3_k50,14,0.6903523366257398,0.649727270812712,50,100,1,0,False,1.5768778324127197
6,roll_rec,A3_k50,15,0.6979866478529158,0.7030621485584314,50,100,1,0,False,1.8097121715545654
6,roll_rec,A3_k50,16,0.728566013099425,0.6835499020702146,50,100,1,0,False,1.7035748958587646
6,roll_rec,A3_k50,17,0.7263968157024618,0.7184044816039425,50,80,1,0,False,1.7679948806762695
6,roll_rec,A3_k50,18,0.7037150137944106,0.6837605037592401,50,100,1,0,False,1.5301761627197266
6,roll_rec,A3_k50,19,0.733272960849146,0.6584567108228209,50,100,1,0,False,1.5547609329223633
6,roll_rec,A3_k50,20,0.7084851420508392,0.6941010466903945,50,100,1,0,False,1.6003589630126953
6,roll_rec,A3_k50,21,0.7441084177495103,0.6785481119558578,50,100,1,0,False,1.517268180847168
6,roll_rec,A3_k50,22,0.7624834151169891,0.7033885811764211,50,100,1,0,False,1.6057231426239014
6,roll_rec,A3_k50,23,0.7000926647431712,0.7057157298401535,50,100,1,0,False,1.4957168102264404
6,roll_rec,A3_k50,24,0.7456668702482994,0.6933218204409999,50,100,1,0,False,1.6328370571136475
6,roll_rec,A3_k50,25,0.7264705262936209,0.6699766232125182,50,100,1,0,False,1.590756893157959
6,roll_rec,A3_k50,26,0.7270286207695386,0.6679443169134216,50,100,1,0,False,1.588857889175415
6,roll_rec,A3_k50,27,0.709917233536213,0.6536865825663922,50,100,1,0,False,1.571120023727417
6,roll_rec,A3_k50,28,0.696396605100773,0.7146978918770929,50,100,1,0,False,1.572383165359497
6,roll_rec,A3_k50,29,0.7401912263336351,0.7742349893646148,50,100,1,0,False,1.63720703125
6,roll_win,A0,0,0.6275667080849989,0.6573247267443084,247,0,0,0,False,4.021631956100464
6,roll_win,A0,1,0.6718667733715225,0.6689025545984879,247,0,0,0,False,4.093396902084351
6,roll_win,A0,2,0.6641271612998336,0.68417117705284,247,0,0,0,False,4.117865085601807
6,roll_win,A0,3,0.6640903060042542,0.6503854010909167,247,0,0,0,False,4.134437322616577
6,roll_win,A0,4,0.6624423477876293,0.676436830023377,247,0,0,0,False,4.003334999084473
6,roll_win,A0,5,0.683865804603753,0.6392340416570141,247,0,0,0,False,3.9829068183898926
6,roll_win,A0,6,0.6825495440473434,0.683981635532717,247,0,0,0,False,4.0763537883758545
6,roll_win,A0,7,0.6549080723627403,0.6626055640966241,247,0,0,0,False,3.9471209049224854
6,roll_win,A0,8,0.649521934165912,0.6278510203651833,247,0,0,0,False,4.130144119262695
6,roll_win,A0,9,0.6661226123033507,0.6768053829791714,247,0,0,0,False,4.286412000656128
6,roll_win,A0,10,0.6427300296948382,0.6666333213992377,247,0,0,0,False,4.075598239898682
6,roll_win,A0,11,0.6166417454667986,0.6676284143798834,247,0,0,0,False,4.214428901672363
6,roll_win,A0,12,0.6173367310405828,0.6467419918707747,247,0,0,0,False,3.9668421745300293
6,roll_win,A0,13,0.6741833919508035,0.655903165343386,247,0,0,0,False,4.04889988899231
6,roll_win,A0,14,0.6536339321441358,0.63404797506476,247,0,0,0,False,3.9780478477478027
6,roll_win,A0,15,0.6520228292230903,0.689794242149822,247,0,0,0,False,3.8000051975250244
6,roll_win,A0,16,0.6578038455868416,0.6445464692626834,247,0,0,0,False,3.7921061515808105
6,roll_win,A0,17,0.6811227176041952,0.6569667038729651,247,0,0,0,False,3.8664348125457764
6,roll_win,A0,18,0.6621211802118653,0.6663226839079249,247,0,0,0,False,3.802067995071411
6,roll_win,A0,19,0.6458100793968368,0.6372070004001433,247,0,0,0,False,4.056541204452515
6,roll_win,A0,20,0.648705852620938,0.6445412042204579,247,0,0,0,False,4.312349081039429
6,roll_win,A0,21,0.6766579617968537,0.6594465387612408,247,0,0,0,False,4.018942832946777
6,roll_win,A0,22,0.677584609228566,0.6856717140871469,247,0,0,0,False,3.881326913833618
6,roll_win,A0,23,0.6489585746477686,0.6610576416822863,247,0,0,0,False,4.135546922683716
6,roll_win,A0,24,0.6853768717225113,0.6122454352083904,247,0,0,0,False,4.02185320854187
6,roll_win,A0,25,0.6959596065960449,0.6433881599730431,247,0,0,0,False,3.9984970092773438
6,roll_win,A0,26,0.6499273424172861,0.6793273382052525,247,0,0,0,False,4.109472036361694
6,roll_win,A0,27,0.6632215740370239,0.6344428532316829,247,0,0,0,False,3.948875904083252
6,roll_win,A0,28,0.6604837520796917,0.6583250847671799,247,0,0,0,False,4.038349151611328
6,roll_win,A0,29,0.6685445317271445,0.7243013288966578,247,0,0,0,False,4.336927890777588
6,roll_win,A1,0,0.6420561042899564,0.6340637701914369,126,120,1,0,False,3.9010610580444336
6,roll_win,A1,1,0.6745414148221469,0.6664701050902428,126,120,1,0,False,4.114099979400635
6,roll_win,A1,2,0.650469641766527,0.6778110060442684,126,120,1,0,False,4.341224908828735
6,roll_win,A1,3,0.6604574268685635,0.6494271634058506,126,120,1,0,False,4.3925909996032715
6,roll_win,A1,4,0.6512172777625678,0.6763209990944127,126,120,1,0,False,4.287424087524414
6,roll_win,A1,5,0.6902154455278732,0.6475001579512667,126,120,1,0,False,4.236144065856934
6,roll_win,A1,6,0.6661542025567044,0.6906050586525703,126,120,1,0,False,4.055613040924072
6,roll_win,A1,7,0.6360802813638565,0.6537181728197461,126,120,1,0,False,3.9818711280822754
6,roll_win,A1,8,0.6391498009814038,0.6424457174146536,126,120,1,0,False,4.167811155319214
6,roll_win,A1,9,0.6862245435208391,0.6600204283638356,126,120,1,0,False,3.8824408054351807
6,roll_win,A1,10,0.6543763030979508,0.6632952846281827,126,120,1,0,False,3.716419219970703
6,roll_win,A1,11,0.6376808542004506,0.6680601478423857,126,120,1,0,False,3.931931257247925
6,roll_win,A1,12,0.6201061432512689,0.6523650569677569,126,120,1,0,False,3.7251362800598145
6,roll_win,A1,13,0.6658225048964893,0.6633374049659879,126,120,1,0,False,3.738340139389038
6,roll_win,A1,14,0.665901480529874,0.6354063559589748,126,120,1,0,False,3.7636401653289795
6,roll_win,A1,15,0.654855421940484,0.6836762630836299,126,120,1,0,False,3.709240198135376
6,roll_win,A1,16,0.6755891582250491,0.6335741212644526,126,120,1,0,False,3.602337121963501
6,roll_win,A1,17,0.6781532337889349,0.6635374765705622,126,120,1,0,False,3.7579851150512695
6,roll_win,A1,18,0.677789945875366,0.6773687424973148,126,120,1,0,False,3.872889757156372
6,roll_win,A1,19,0.6311943221784639,0.650569677568814,126,120,1,0,False,3.8865091800689697
6,roll_win,A1,20,0.6710401617420972,0.644362192784786,126,120,1,0,False,4.005360841751099
6,roll_win,A1,21,0.6895046648274119,0.6753048459448645,126,120,1,0,False,3.8682448863983154
6,roll_win,A1,22,0.6709085356864561,0.6660225765010636,126,120,1,0,False,3.742051124572754
6,roll_win,A1,23,0.644304277320304,0.6500431733462502,126,120,1,0,False,3.844778060913086
6,roll_win,A1,24,0.6769633342459407,0.6326843291283195,126,120,1,0,False,3.8166913986206055
6,roll_win,A1,25,0.6977339258260852,0.6390708253480193,126,120,1,0,False,3.940274953842163
6,roll_win,A1,26,0.6590042752142873,0.6725143735652761,126,120,1,0,False,3.8906021118164062
6,roll_win,A1,27,0.6551555293473453,0.6279773813785987,126,120,1,0,False,3.888859748840332
6,roll_win,A1,28,0.6697712865657183,0.6592306720299896,126,120,1,0,False,3.9121851921081543
6,roll_win,A1,29,0.6754206768738285,0.7182886506749784,126,120,1,0,False,3.999204158782959
6,roll_win,A2,0,0.6156045321483479,0.6440252300823452,85,120,1,41,False,2.9481029510498047
6,roll_win,A2,1,0.6574826780110776,0.6537602931575511,85,120,1,41,False,2.9163269996643066
6,roll_win,A2,2,0.646942063475349,0.6680496177579345,83,120,1,43,False,2.69962477684021
6,roll_win,A2,3,0.6582882294716004,0.6455415622433291,85,120,1,41,False,2.723629951477051
6,roll_win,A2,4,0.6347692858496725,0.6672967167196682,83,120,1,43,False,2.567038059234619
6,roll_win,A2,5,0.6859297011562033,0.6407924941558031,86,120,1,40,False,2.5913078784942627
6,roll_win,A2,6,0.6725249036497273,0.6610471115978349,85,120,1,41,False,2.777829885482788
6,roll_win,A2,7,0.6306151675336437,0.644946612471832,85,120,1,41,False,2.601962089538574
6,roll_win,A2,8,0.6550186382494787,0.6370016637533433,86,120,1,40,False,2.6643409729003906
6,roll_win,A2,9,0.6604153065307583,0.664895857464777,85,120,1,41,False,2.6669578552246094
6,roll_win,A2,10,0.6433828949308174,0.6538392687909357,83,120,1,43,False,2.4738540649414062
6,roll_win,A2,11,0.6288250531769264,0.6641218962576079,84,120,1,42,False,2.593886137008667
6,roll_win,A2,12,0.6337636627845755,0.6527757302613567,86,120,1,40,False,2.540531873703003
6,roll_win,A2,13,0.6499115472906092,0.6591359012699283,85,120,1,41,False,2.6058430671691895
6,roll_win,A2,14,0.6649011225070025,0.624707790156477,84,120,1,42,False,2.5312581062316895
6,roll_win,A2,15,0.6504749068087526,0.6791377966851294,83,120,1,43,False,2.436000108718872
6,roll_win,A2,16,0.6681549186024472,0.657972326938062,86,120,1,40,False,2.4910929203033447
6,roll_win,A2,17,0.6554924920497862,0.6465945706884569,85,120,1,41,False,2.585010051727295
6,roll_win,A2,18,0.6576037739822672,0.6606153781353328,86,120,1,40,False,2.557328939437866
6,roll_win,A2,19,0.6408188193669313,0.6243918876229387,84,120,1,42,False,2.614928960800171
6,roll_win,A2,20,0.6572562811953753,0.6458153444390624,84,120,1,42,False,2.7236859798431396
6,roll_win,A2,21,0.6678021607733294,0.6432723290440789,85,120,1,41,False,2.5985360145568848
6,roll_win,A2,22,0.659693995745846,0.6656013731230125,85,120,1,41,False,2.577660322189331
6,roll_win,A2,23,0.6415559252785208,0.6377335046227071,83,120,1,43,False,2.501692771911621
6,roll_win,A2,24,0.6782058842111914,0.6197428553376999,85,120,1,41,False,2.6960129737854004
6,roll_win,A2,25,0.6792167723185139,0.6318261272455405,85,120,1,41,False,2.6366708278656006
6,roll_win,A2,26,0.656150622327991,0.6733251900680244,85,120,1,41,False,2.6511499881744385
6,roll_win,A2,27,0.6552503001074068,0.624418212834067,85,120,1,41,False,2.6703221797943115
6,roll_win,A2,28,0.6452677800475961,0.6414874797295873,84,120,1,42,False,2.5287511348724365
6,roll_win,A2,29,0.6706610787018512,0.7135501126719037,85,120,1,41,False,2.7974400520324707
6,roll_win,A3_k100,0,0.6418981530231873,0.6473632668534002,100,120,1,0,False,3.071432113647461
6,roll_win,A3_k100,1,0.670066128930354,0.6748415222290083,100,120,1,0,False,3.1436679363250732
6,roll_win,A3_k100,2,0.6776267295663712,0.6716298464713688,100,120,1,0,False,3.097795009613037
6,roll_win,A3_k100,3,0.6618895183539372,0.6494271634058504,100,120,1,0,False,3.195131778717041
6,roll_win,A3_k100,4,0.669497504369985,0.6803434913548007,100,120,1,0,False,3.1022872924804688
6,roll_win,A3_k100,5,0.700808710485858,0.6503011604153066,100,120,1,0,False,3.0235061645507812
6,roll_win,A3_k100,6,0.6896573510519555,0.6912368637196471,100,120,1,0,False,3.180233955383301
6,roll_win,A3_k100,7,0.6430617273550534,0.6641956068487669,100,120,1,0,False,3.284451723098755
6,roll_win,A3_k100,8,0.6334740854621653,0.6204062506581303,100,120,1,0,False,3.3021278381347656
6,roll_win,A3_k100,9,0.6769896594570688,0.6747520165111724,100,120,1,0,False,3.0106570720672607
6,roll_win,A3_k100,10,0.6488322136343533,0.6625107933365626,100,120,1,0,False,3.0988497734069824
6,roll_win,A3_k100,11,0.6359012699281849,0.6714403049512456,100,120,1,0,False,3.106276035308838
6,roll_win,A3_k100,12,0.6335741212644526,0.6491744413790198,100,120,1,0,False,3.002315044403076
6,roll_win,A3_k100,13,0.6918002232377904,0.6539445696354484,100,120,1,0,False,3.063148021697998
6,roll_win,A3_k100,14,0.6668491881304888,0.6305414569424846,100,120,1,0,False,3.0718061923980713
6,roll_win,A3_k100,15,0.6683865804603752,0.6916054166754417,100,120,1,0,False,2.984433889389038
6,roll_win,A3_k100,16,0.6931112187519743,0.638302129183076,100,120,1,0,False,2.924868106842041
6,roll_win,A3_k100,17,0.6844238990796706,0.6503116904997579,100,120,1,0,False,3.113968849182129
6,roll_win,A3_k100,18,0.6740517658951626,0.6748099319756544,100,120,1,0,False,3.0255298614501953
6,roll_win,A3_k100,19,0.6684708211359854,0.6370069287955689,100,120,1,0,False,3.162515163421631
6,roll_win,A3_k100,20,0.673009287534486,0.6441726512646632,100,120,1,0,False,3.3212039470672607
6,roll_win,A3_k100,21,0.6801223595813238,0.6607206789798453,100,120,1,0,False,3.102076292037964
6,roll_win,A3_k100,22,0.6940641913948151,0.6714666301623738,100,120,1,0,False,2.9624969959259033
6,roll_win,A3_k100,23,0.6561611524124424,0.6589200345386771,100,120,1,0,False,3.1284961700439453
6,roll_win,A3_k100,24,0.6979497925573362,0.6288777035991829,100,120,1,0,False,3.089628219604492
6,roll_win,A3_k100,25,0.7008139755280838,0.6430196070172484,100,120,1,0,False,3.183354139328003
6,roll_win,A3_k100,26,0.6646378703957205,0.6644904492134027,100,120,1,0,False,3.073780059814453
6,roll_win,A3_k100,27,0.6765526609523409,0.6488164185076765,100,120,1,0,False,3.0744271278381348
6,roll_win,A3_k100,28,0.6633795253037931,0.659999368194933,100,120,1,0,False,3.0357887744903564
6,roll_win,A3_k100,29,0.6746309205399827,0.7235747530695196,100,120,1,0,False,3.385591745376587
6,roll_win,A3_k50,0,0.6484952509319124,0.6388865488701219,50,120,1,0,False,1.6640069484710693
6,roll_win,A3_k50,1,0.6900732893877809,0.6737990438683319,50,120,1,0,False,1.6108038425445557
6,roll_win,A3_k50,2,0.6687288082050418,0.681154307857549,50,120,1,0,False,1.67128586769104
6,roll_win,A3_k50,3,0.657593243897816,0.6577354000379083,50,120,1,0,False,1.6979992389678955
6,roll_win,A3_k50,4,0.6628846113345829,0.666175262725607,50,120,1,0,False,1.661381721496582
6,roll_win,A3_k50,5,0.7034149063875492,0.632926521070699,50,120,1,0,False,1.5995001792907715
6,roll_win,A3_k50,6,0.6860034117473622,0.6776109344396941,50,120,1,0,False,1.6483738422393799
6,roll_win,A3_k50,7,0.6556978286965861,0.6627371901522651,50,120,1,0,False,1.6354823112487793
6,roll_win,A3_k50,8,0.6529915969926079,0.6419665985721205,50,120,1,0,False,1.6819939613342285
6,roll_win,A3_k50,9,0.679332603247478,0.6672072110018322,50,120,1,0,False,1.7333848476409912
6,roll_win,A3_k50,10,0.6633532000926647,0.6704241518016975,50,120,1,0,False,1.660719871520996
6,roll_win,A3_k50,11,0.6231124823621086,0.6618789882694859,50,120,1,0,False,1.7114999294281006
6,roll_win,A3_k50,12,0.6436198218309711,0.6414927447718131,50,120,1,0,False,1.6502020359039307
6,roll_win,A3_k50,13,0.6896731461786325,0.6656119032074639,50,120,1,0,False,1.6867849826812744
6,roll_win,A3_k50,14,0.6768264431480739,0.6345744792873239,50,120,1,0,False,1.6429293155670166
6,roll_win,A3_k50,15,0.6712139081355432,0.691468525577575,50,120,1,0,False,1.6208438873291016
6,roll_win,A3_k50,16,0.6997925573363099,0.6638954994419055,50,120,1,0,False,1.5574612617492676
6,roll_win,A3_k50,17,0.6952172356422298,0.660262620306215,50,120,1,0,False,1.7385139465332031
6,roll_win,A3_k50,18,0.6899469283743656,0.6665859360192068,50,120,1,0,False,1.5984208583831787
6,roll_win,A3_k50,19,0.672324832045153,0.6365857254175178,50,120,1,0,False,1.6456258296966553
6,roll_win,A3_k50,20,0.6740096455573574,0.6371754101467894,50,120,1,0,False,1.6819519996643066
6,roll_win,A3_k50,21,0.688920245140366,0.6487374428742918,50,120,1,0,False,1.716681957244873
6,roll_win,A3_k50,22,0.6774740433418276,0.6647852915780385,50,120,1,0,False,1.6073088645935059
6,roll_win,A3_k50,23,0.6692026620053493,0.6656750837141714,50,120,1,0,False,1.7208378314971924
6,roll_win,A3_k50,24,0.7042994334814566,0.6332371585620116,50,120,1,0,False,1.6369800567626953
6,roll_win,A3_k50,25,0.6964176652696754,0.6351957542699491,50,120,1,0,False,1.6769609451293945
6,roll_win,A3_k50,26,0.659225406987764,0.6649011225070026,50,120,1,0,False,1.634636640548706
6,roll_win,A3_k50,27,0.6867563127856285,0.6325527030726787,50,120,1,0,False,1.5858440399169922
6,roll_win,A3_k50,28,0.6835183118168607,0.6537760882842281,50,120,1,0,False,1.6194682121276855
6,roll_win,A3_k50,29,0.6754733272960849,0.7137185940231241,50,120,1,0,False,1.803229808807373
6,win,A0,0,0.6449360823873808,0.6733673104058293,159,0,0,0,False,2.4100358486175537
6,win,A0,1,0.6885095718467662,0.697881347008403,159,0,0,0,False,2.454341173171997
6,win,A0,2,0.6805593580860518,0.6967335678032138,159,0,0,0,False,2.639470100402832
6,win,A0,3,0.6698502621991028,0.6782427395067708,159,0,0,0,False,2.856598138809204
6,win,A0,4,0.6812438135753849,0.6558873702167092,159,0,0,0,False,2.857051134109497
6,win,A0,5,0.727197102120759,0.6696186003411748,159,0,0,0,False,2.8432669639587402
6,win,A0,6,0.678795568940463,0.7148663732283131,159,0,0,0,False,2.2785749435424805
6,win,A0,7,0.6906366489059244,0.6949645136153992,159,0,0,0,False,2.2294437885284424
6,win,A0,8,0.6843923088263167,0.6484320704252047,159,0,0,0,False,2.244533061981201
6,win,A0,9,0.6870669502769412,0.6866983973211467,159,0,0,0,False,2.1715950965881348
6,win,A0,10,0.663816523808521,0.7034201714297748,159,0,0,0,False,2.0596439838409424
6,win,A0,11,0.6586357222584925,0.6836867931680812,159,0,0,0,False,2.178584098815918
6,win,A0,12,0.6649748330981614,0.6579933871069645,159,0,0,0,False,2.1046640872955322
6,win,A0,13,0.6742939578375419,0.6680812080112883,159,0,0,0,False,2.107966899871826
6,win,A0,14,0.6757471094918182,0.6688920245140366,159,0,0,0,False,2.072594165802002
6,win,A0,15,0.6941958174504559,0.715466588042036,159,0,0,0,False,2.2143821716308594
6,win,A0,16,0.6857190994671778,0.6676915948865909,159,0,0,0,False,2.1565449237823486
6,win,A0,17,0.6803276962281237,0.6822968220205126,159,0,0,0,False,2.1327710151672363
6,win,A0,18,0.6900890845144578,0.6825074237095381,159,0,0,0,False,2.229172945022583
6,win,A0,19,0.6525072131078491,0.671608786302466,159,0,0,0,False,2.3073208332061768
6,win,A0,20,0.6830971084388097,0.6979129372617568,159,0,0,0,False,2.3329150676727295
6,win,A0,21,0.6943537687172251,0.691005201861719,159,0,0,0,False,2.274588108062744
6,win,A0,22,0.7214160857570078,0.6826969652296611,159,0,0,0,False,2.2454068660736084
6,win,A0,23,0.6968072783943727,0.6908261904260473,159,0,0,0,False,2.261326789855957
6,win,A0,24,0.6850135838089422,0.6627003348566856,159,0,0,0,False,2.1531178951263428
6,win,A0,25,0.7144241096813596,0.6781479687467094,159,0,0,0,False,2.189218044281006
6,win,A0,26,0.6995240401828022,0.6714824252890508,159,0,0,0,False,2.1447858810424805
6,win,A0,27,0.6949329233620454,0.6643324979466335,159,0,0,0,False,2.1268668174743652
6,win,A0,28,0.7152981066908156,0.6961544131583935,159,0,0,0,False,2.155600070953369
6,win,A0,29,0.6849082829644294,0.7433291915001159,159,0,0,0,False,2.2141921520233154
6,win,A1,0,0.6455889476233598,0.6822862919360613,83,74,2,0,False,2.606616973876953
6,win,A1,1,0.693890445001369,0.7020302002822062,83,74,2,0,False,2.630518913269043
6,win,A1,2,0.6819809194869743,0.6937324937345997,82,74,3,0,False,2.30587100982666
6,win,A1,3,0.668986795274098,0.6711981130088663,83,74,2,0,False,2.3275201320648193
6,win,A1,4,0.6973337826169366,0.6711244024177073,83,74,2,0,False,2.1407630443573
6,win,A1,5,0.7084324916285829,0.6573299917865341,82,74,3,0,False,2.115532875061035
6,win,A1,6,0.6800117936945853,0.7239643661942168,83,74,2,0,False,2.1507768630981445
6,win,A1,7,0.6907208895815344,0.7035044121053851,83,74,2,0,False,2.0805158615112305
6,win,A1,8,0.6874986837394437,0.6606996188109429,83,74,2,0,False,2.1544251441955566
6,win,A1,9,0.6981235389507825,0.6778004759598172,83,74,2,0,False,2.0425679683685303
6,win,A1,10,0.6536655223974897,0.6967230377187625,83,74,2,0,False,1.9663739204406738
6,win,A1,11,0.6693869384832467,0.7023566329001958,82,74,3,0,False,2.0566508769989014
6,win,A1,12,0.6653644462228587,0.6689130846829393,83,74,2,0,False,1.9864211082458496
6,win,A1,13,0.6683971105448265,0.6769264789503611,83,74,2,0,False,2.04338002204895
6,win,A1,14,0.6807383695217236,0.6742413074152855,82,74,3,0,False,1.9758141040802002
6,win,A1,15,0.6822020512604511,0.7207316302676747,83,74,2,0,False,2.1044459342956543
6,win,A1,16,0.6778636564665248,0.6596044900280101,83,74,2,0,False,2.099842071533203
6,win,A1,17,0.674978413326875,0.6736832129393677,83,74,2,0,False,2.059832811355591
6,win,A1,18,0.6999557736453046,0.66974496135459,83,74,2,0,False,2.1852290630340576
6,win,A1,19,0.6581513383737339,0.6542236168734072,83,74,2,0,False,2.0217111110687256
6,win,A1,20,0.6797274814144011,0.6989343554535308,83,74,2,0,False,2.003300905227661
6,win,A1,21,0.6864140850409619,0.6924057030937387,82,74,3,0,False,1.963174819946289
6,win,A1,22,0.722679695891161,0.6833708906345428,82,74,3,0,False,1.9226577281951904
6,win,A1,23,0.6907103594970831,0.7153296969441696,82,74,3,0,False,1.9731910228729248
6,win,A1,24,0.6976707453193774,0.6757365794073669,83,74,2,0,False,2.037407875061035
6,win,A1,25,0.7248594233725756,0.6724196028052145,83,74,2,0,False,2.106386184692383
6,win,A1,26,0.7051786955331383,0.6689130846829392,83,74,2,0,False,2.0571372509002686
6,win,A1,27,0.7086641534865109,0.6657540593475559,83,74,2,0,False,2.051362991333008
6,win,A1,28,0.720815870943285,0.6925952446138619,82,74,3,0,False,1.9547820091247559
6,win,A1,29,0.6949434534464966,0.7370848514205084,83,74,2,0,False,2.0233049392700195
6,win,A2,0,0.645136153991955,0.6663858644146325,66,74,2,17,False,1.7129080295562744
6,win,A2,1,0.6882147294821306,0.7001347850809764,65,74,2,18,False,1.7263610363006592
6,win,A2,2,0.6772213213149969,0.6811911631531284,66,74,3,16,False,1.7226028442382812
6,win,A2,3,0.6606996188109429,0.675747109491818,65,74,2,18,False,1.7121520042419434
6,win,A2,4,0.6904471073858012,0.6602152349261842,66,74,2,17,False,1.6507611274719238
6,win,A2,5,0.7140344965566623,0.6587410231030052,65,74,3,17,False,1.6825571060180664
6,win,A2,6,0.6679337868289703,0.7073584230145527,66,74,2,17,False,1.6860971450805664
6,win,A2,7,0.6899627235010425,0.7011246130193964,64,74,2,19,False,1.588057041168213
6,win,A2,8,0.6821178105848409,0.6591622264810564,66,74,2,17,False,1.6622240543365479
6,win,A2,9,0.6786850030537244,0.6911526230440368,64,74,2,19,False,1.5301640033721924
6,win,A2,10,0.6444622285870732,0.6881936693132278,65,74,2,18,False,1.563952922821045
6,win,A2,11,0.6643640881999874,0.6953330665711938,64,74,3,18,False,1.5518338680267334
6,win,A2,12,0.6682602194469601,0.6656803487563969,65,74,2,18,False,1.5766520500183105
6,win,A2,13,0.6748520523134596,0.6808963207884928,64,74,2,19,False,1.5138959884643555
6,win,A2,14,0.6674283427753089,0.6615314954825938,63,74,3,19,False,1.5458059310913086
6,win,A2,15,0.6935640123833793,0.7209422319567003,64,74,2,19,False,1.5601780414581299
6,win,A2,16,0.6923793778826106,0.6693764083987954,64,74,2,19,False,1.5474488735198975
6,win,A2,17,0.6724933133963735,0.6899416633321399,64,74,2,19,False,1.525334119796753
6,win,A2,18,0.7132868605606217,0.6688814944295853,66,74,2,17,False,1.583845853805542
6,win,A2,19,0.6741570667396752,0.6501590042752143,65,74,2,18,False,1.5677077770233154
6,win,A2,20,0.6848661626266244,0.7098224627761515,66,74,2,17,False,1.5772230625152588
6,win,A2,21,0.6899943137543963,0.687782996019628,64,74,3,18,False,1.5075528621673584
6,win,A2,22,0.7289450961396711,0.6860981825074237,64,74,3,18,False,1.4874238967895508
6,win,A2,23,0.69093149127056,0.6998504728007919,65,74,3,17,False,1.5689752101898193
6,win,A2,24,0.6831602889455173,0.6686393024872059,66,74,2,17,False,1.5911369323730469
6,win,A2,25,0.7236379335762273,0.6720405197649685,66,74,2,17,False,1.6429450511932373
6,win,A2,26,0.7037255438788619,0.6697554914390415,65,74,2,18,False,1.6101787090301514
6,win,A2,27,0.7117599983151865,0.6713455341911841,66,74,2,17,False,1.609626054763794
6,win,A2,28,0.7246593517680012,0.6775477539329865,64,74,3,18,False,1.5243639945983887
6,win,A2,29,0.6829075669186866,0.7318619295326748,66,74,2,17,False,1.6105530261993408
6,win,A3_k100,0,0.6455889476233598,0.6822862919360613,83,74,2,0,True,0.0
6,win,A3_k100,1,0.693890445001369,0.7020302002822062,83,74,2,0,True,0.0
6,win,A3_k100,2,0.6819809194869743,0.6937324937345997,82,74,3,0,True,0.0
6,win,A3_k100,3,0.668986795274098,0.6711981130088663,83,74,2,0,True,0.0
6,win,A3_k100,4,0.6973337826169366,0.6711244024177073,83,74,2,0,True,0.0
6,win,A3_k100,5,0.7084324916285829,0.6573299917865341,82,74,3,0,True,0.0
6,win,A3_k100,6,0.6800117936945853,0.7239643661942168,83,74,2,0,True,0.0
6,win,A3_k100,7,0.6907208895815344,0.7035044121053851,83,74,2,0,True,0.0
6,win,A3_k100,8,0.6874986837394437,0.6606996188109429,83,74,2,0,True,0.0
6,win,A3_k100,9,0.6981235389507825,0.6778004759598172,83,74,2,0,True,0.0
6,win,A3_k100,10,0.6536655223974897,0.6967230377187625,83,74,2,0,True,0.0
6,win,A3_k100,11,0.6693869384832467,0.7023566329001958,82,74,3,0,True,0.0
6,win,A3_k100,12,0.6653644462228587,0.6689130846829393,83,74,2,0,True,0.0
6,win,A3_k100,13,0.6683971105448265,0.6769264789503611,83,74,2,0,True,0.0
6,win,A3_k100,14,0.6807383695217236,0.6742413074152855,82,74,3,0,True,0.0
6,win,A3_k100,15,0.6822020512604511,0.7207316302676747,83,74,2,0,True,0.0
6,win,A3_k100,16,0.6778636564665248,0.6596044900280101,83,74,2,0,True,0.0
6,win,A3_k100,17,0.674978413326875,0.6736832129393677,83,74,2,0,True,0.0
6,win,A3_k100,18,0.6999557736453046,0.66974496135459,83,74,2,0,True,0.0
6,win,A3_k100,19,0.6581513383737339,0.6542236168734072,83,74,2,0,True,0.0
6,win,A3_k100,20,0.6797274814144011,0.6989343554535308,83,74,2,0,True,0.0
6,win,A3_k100,21,0.6864140850409619,0.6924057030937387,82,74,3,0,True,0.0
6,win,A3_k100,22,0.722679695891161,0.6833708906345428,82,74,3,0,True,0.0
6,win,A3_k100,23,0.6907103594970831,0.7153296969441696,82,74,3,0,True,0.0
6,win,A3_k100,24,0.6976707453193774,0.6757365794073669,83,74,2,0,True,0.0
6,win,A3_k100,25,0.7248594233725756,0.6724196028052145,83,74,2,0,True,0.0
6,win,A3_k100,26,0.7051786955331383,0.6689130846829392,83,74,2,0,True,0.0
6,win,A3_k100,27,0.7086641534865109,0.6657540593475559,83,74,2,0,True,0.0
6,win,A3_k100,28,0.720815870943285,0.6925952446138619,82,74,3,0,True,0.0
6,win,A3_k100,29,0.6949434534464966,0.7370848514205084,83,74,2,0,True,0.0
6,win,A3_k50,0,0.6507697491733885,0.6767579975991408,50,74,2,0,False,1.324639081954956
6,win,A3_k50,1,0.6971653012657161,0.7091064170334646,50,74,2,0,False,1.3683600425720215
6,win,A3_k50,2,0.6795800602320831,0.7008297706547607,50,74,3,0,False,1.3106200695037842
6,win,A3_k50,3,0.6790588210517448,0.6874355032327358,50,74,2,0,False,1.3060548305511475
6,win,A3_k50,4,0.7034938820209338,0.6793589284586062,50,74,2,0,False,1.291306972503662
6,win,A3_k50,5,0.7328306973021923,0.6682812796158626,50,74,3,0,False,1.2446558475494385
6,win,A3_k50,6,0.6893361834761915,0.7121917317776889,50,74,2,0,False,1.4634058475494385
6,win,A3_k50,7,0.6937956742413075,0.7058420908535687,50,74,2,0,False,1.3805251121520996
6,win,A3_k50,8,0.6917949581955647,0.6549501927005456,50,74,2,0,False,1.298293113708496
6,win,A3_k50,9,0.6879462123286229,0.6887096434513406,50,74,2,0,False,1.4048781394958496
6,win,A3_k50,10,0.6665859360192069,0.6877092854284692,50,74,2,0,False,1.1671171188354492
6,win,A3_k50,11,0.6814122949266053,0.680748899606175,50,74,3,0,False,1.340730905532837
6,win,A3_k50,12,0.6788113640671399,0.6774845734262789,50,74,2,0,False,1.3481659889221191
6,win,A3_k50,13,0.6939852157614304,0.6763473243055409,50,74,2,0,False,1.350538969039917
6,win,A3_k50,14,0.7046311311416719,0.6441042057157299,50,74,3,0,False,1.2699060440063477
6,win,A3_k50,15,0.7114440957816481,0.7137080639386728,50,74,2,0,False,1.3249421119689941
6,win,A3_k50,16,0.6995345702672536,0.6637954636396184,50,74,2,0,False,1.3507368564605713
6,win,A3_k50,17,0.6777267653686584,0.6772739717372532,50,74,2,0,False,1.3560738563537598
6,win,A3_k50,18,0.7323884337552387,0.6628740812501316,50,74,2,0,False,1.2349162101745605
6,win,A3_k50,19,0.6837815639281426,0.6566034159593961,50,74,2,0,False,1.2237792015075684
6,win,A3_k50,20,0.6948908030242402,0.6943853589705788,50,74,2,0,False,1.3466622829437256
6,win,A3_k50,21,0.7066423772718657,0.6823600025272203,50,74,3,0,False,1.3014602661132812
6,win,A3_k50,22,0.7397805530400353,0.6771054903860328,50,74,3,0,False,1.3744151592254639
6,win,A3_k50,23,0.7072847124233936,0.7029147273761136,50,74,3,0,False,1.314427137374878
6,win,A3_k50,24,0.6958701008782091,0.666059431796643,50,74,2,0,False,1.3470439910888672
6,win,A3_k50,25,0.722869237411284,0.6775477539329866,50,74,2,0,False,1.416382074356079
6,win,A3_k50,26,0.7162247541225281,0.6552871554029864,50,74,2,0,False,1.355893611907959
6,win,A3_k50,27,0.7152454562685594,0.6457153086367752,50,74,2,0,False,1.4403860569000244
6,win,A3_k50,28,0.7182360002527219,0.681549186024472,50,74,3,0,False,1.2800209522247314
6,win,A3_k50,29,0.6946591411663121,0.732472674430849,50,74,2,0,False,1.4033846855163574
7,all,A0,0,0.6961290322580644,0.7070967741935484,623,0,0,0,False,0.6312100887298584
7,all,A0,1,0.6632258064516129,0.7212903225806451,623,0,0,0,False,0.681506872177124
7,all,A0,2,0.610967741935484,0.6632258064516129,623,0,0,0,False,0.628472089767456
7,all,A0,3,0.6864516129032258,0.5612903225806452,623,0,0,0,False,0.6302158832550049
7,all,A0,4,0.6161290322580645,0.5554838709677419,623,0,0,0,False,0.569828987121582
7,all,A0,5,0.6845161290322581,0.6574193548387096,623,0,0,0,False,0.6203281879425049
7,all,A0,6,0.6787096774193548,0.5290322580645161,623,0,0,0,False,0.6068282127380371
7,all,A0,7,0.6483870967741936,0.707741935483871,623,0,0,0,False,0.6751129627227783
7,all,A0,8,0.5535483870967741,0.6864516129032258,623,0,0,0,False,0.6228480339050293
7,all,A0,9,0.7258064516129031,0.7116129032258065,623,0,0,0,False,0.6098308563232422
7,all,A0,10,0.5709677419354839,0.6535483870967741,623,0,0,0,False,0.6006770133972168
7,all,A0,11,0.6077419354838709,0.7251612903225807,623,0,0,0,False,0.6381492614746094
7,all,A0,12,0.5716129032258065,0.7212903225806451,623,0,0,0,False,0.6750421524047852
7,all,A0,13,0.6561290322580646,0.6329032258064515,623,0,0,0,False,0.7376370429992676
7,all,A0,14,0.5961290322580645,0.6058064516129033,623,0,0,0,False,0.6811480522155762
7,all,A0,15,0.5490322580645162,0.5464516129032259,623,0,0,0,False,0.5779628753662109
7,all,A0,16,0.7206451612903226,0.6645161290322581,623,0,0,0,False,0.6051688194274902
7,all,A0,17,0.7193548387096773,0.607741935483871,623,0,0,0,False,0.5966598987579346
7,all,A0,18,0.6664516129032259,0.6561290322580645,623,0,0,0,False,0.6114282608032227
7,all,A0,19,0.5896774193548386,0.5735483870967741,623,0,0,0,False,0.6080200672149658
7,all,A0,20,0.7025806451612904,0.6967741935483871,623,0,0,0,False,0.6396009922027588
7,all,A0,21,0.6548387096774193,0.6290322580645161,623,0,0,0,False,0.6368212699890137
7,all,A0,22,0.6303225806451612,0.6625806451612903,623,0,0,0,False,0.6744949817657471
7,all,A0,23,0.48129032258064514,0.7083870967741935,623,0,0,0,False,0.6053750514984131
7,all,A0,24,0.6703225806451613,0.5619354838709678,623,0,0,0,False,0.6136789321899414
7,all,A0,25,0.6051612903225807,0.567741935483871,623,0,0,0,False,0.6539390087127686
7,all,A0,26,0.5625806451612902,0.6954838709677419,623,0,0,0,False,0.6180932521820068
7,all,A0,27,0.5806451612903225,0.563225806451613,623,0,0,0,False,0.6319758892059326
7,all,A0,28,0.6806451612903226,0.5961290322580646,623,0,0,0,False,0.6178579330444336
7,all,A0,29,0.5361290322580645,0.6090322580645162,623,0,0,0,False,0.5000581741333008
7,all,A1,0,0.695483870967742,0.7632258064516129,400,220,3,0,False,0.6282150745391846
7,all,A1,1,0.6258064516129033,0.7251612903225807,402,220,1,0,False,0.580251932144165
7,all,A1,2,0.6393548387096774,0.6303225806451613,402,220,1,0,False,0.5627250671386719
7,all,A1,3,0.6916129032258064,0.5632258064516129,400,220,3,0,False,0.5480408668518066
7,all,A1,4,0.5819354838709677,0.5690322580645162,400,220,3,0,False,0.5266659259796143
7,all,A1,5,0.6999999999999998,0.6896774193548387,400,220,3,0,False,0.5384809970855713
7,all,A1,6,0.6683870967741935,0.5187096774193548,400,220,3,0,False,0.5555670261383057
7,all,A1,7,0.6425806451612903,0.7032258064516129,402,220,1,0,False,0.5731198787689209
7,all,A1,8,0.5548387096774194,0.6838709677419356,402,220,1,0,False,0.535851001739502
7,all,A1,9,0.692258064516129,0.656774193548387,400,220,3,0,False,0.5938348770141602
7,all,A1,10,0.5793548387096774,0.6503225806451612,402,220,1,0,False,0.5513389110565186
7,all,A1,11,0.5787096774193549,0.72,402,220,1,0,False,0.5983090400695801
7,all,A1,12,0.5587096774193548,0.6870967741935484,400,220,3,0,False,0.6327400207519531
7,all,A1,13,0.6483870967741936,0.6535483870967742,400,220,3,0,False,0.6876578330993652
7,all,A1,14,0.6354838709677418,0.6232258064516129,400,220,3,0,False,0.5298709869384766
7,all,A1,15,0.5245161290322581,0.5464516129032257,400,220,3,0,False,0.5294451713562012
7,all,A1,16,0.7290322580645161,0.66,402,220,1,0,False,0.5364599227905273
7,all,A1,17,0.7174193548387097,0.6283870967741936,400,220,3,0,False,0.5362002849578857
7,all,A1,18,0.6619354838709677,0.6361290322580645,402,220,1,0,False,0.5329699516296387
7,all,A1,19,0.555483870967742,0.5767741935483871,400,220,3,0,False,0.5403561592102051
7,all,A1,20,0.6651612903225806,0.6683870967741936,402,220,1,0,False,0.6002891063690186
7,all,A1,21,0.66,0.6619354838709678,402,220,1,0,False,0.5601296424865723
7,all,A1,22,0.6058064516129033,0.6419354838709678,402,220,1,0,False,0.5796570777893066
7,all,A1,23,0.5316129032258065,0.6903225806451613,400,220,3,0,False,0.5354480743408203
7,all,A1,24,0.7083870967741936,0.5587096774193548,402,220,1,0,False,0.5496690273284912
7,all,A1,25,0.6645161290322581,0.5774193548387097,402,220,1,0,False,0.5395960807800293
7,all,A1,26,0.5496774193548387,0.7058064516129032,400,220,3,0,False,0.5447220802307129
7,all,A1,27,0.6335483870967741,0.5787096774193548,402,220,1,0,False,0.5588867664337158
7,all,A1,28,0.6645161290322581,0.5922580645161291,402,220,1,0,False,0.5033061504364014
7,all,A1,29,0.5599999999999999,0.6412903225806451,400,220,3,0,False,0.4773261547088623
7,all,A2,0,0.6651612903225806,0.7496774193548388,232,220,3,168,False,0.330794095993042
7,all,A2,1,0.6316129032258064,0.6858064516129033,231,220,1,171,False,0.35196900367736816
7,all,A2,2,0.669032258064516,0.672258064516129,231,220,1,171,False,0.32937073707580566
7,all,A2,3,0.7154838709677419,0.5374193548387097,233,220,3,167,False,0.34067606925964355
7,all,A2,4,0.6154838709677419,0.5393548387096774,224,220,3,176,False,0.306380033493042
7,all,A2,5,0.6896774193548387,0.6393548387096775,233,220,3,167,False,0.347135066986084
7,all,A2,6,0.6516129032258065,0.4832258064516129,236,220,3,164,False,0.3415648937225342
7,all,A2,7,0.6109677419354838,0.6767741935483871,225,220,1,177,False,0.34139585494995117
7,all,A2,8,0.5509677419354839,0.6619354838709677,234,220,1,168,False,0.34579014778137207
7,all,A2,9,0.7129032258064516,0.6664516129032259,235,220,3,165,False,0.3449060916900635
7,all,A2,10,0.5948387096774193,0.7070967741935483,236,220,1,166,False,0.355938196182251
7,all,A2,11,0.5825806451612903,0.6974193548387098,236,220,1,166,False,0.3696401119232178
7,all,A2,12,0.5993548387096775,0.6774193548387096,228,220,3,172,False,0.3847041130065918
7,all,A2,13,0.6516129032258065,0.6064516129032258,236,220,3,164,False,0.333981990814209
7,all,A2,14,0.5625806451612904,0.6141935483870967,234,220,3,166,False,0.3372509479522705
7,all,A2,15,0.512258064516129,0.5612903225806452,228,220,3,172,False,0.3610570430755615
7,all,A2,16,0.7612903225806452,0.6135483870967742,237,220,1,165,False,0.3337380886077881
7,all,A2,17,0.6793548387096773,0.6058064516129033,237,220,3,163,False,0.332766056060791
7,all,A2,18,0.6445161290322581,0.6354838709677418,239,220,1,163,False,0.4331328868865967
7,all,A2,19,0.6367741935483872,0.6341935483870967,229,220,3,171,False,0.4030020236968994
7,all,A2,20,0.7309677419354839,0.6677419354838711,232,220,1,170,False,0.37221503257751465
7,all,A2,21,0.6858064516129032,0.6587096774193548,237,220,1,165,False,0.3747859001159668
7,all,A2,22,0.6187096774193549,0.62,232,220,1,170,False,0.34392881393432617
7,all,A2,23,0.5116129032258064,0.72,230,220,3,170,False,0.3409252166748047
7,all,A2,24,0.6896774193548387,0.5180645161290323,235,220,1,167,False,0.36414003372192383
7,all,A2,25,0.6245161290322581,0.516774193548387,237,220,1,165,False,0.334597110748291
7,all,A2,26,0.5387096774193548,0.6948387096774193,231,220,3,169,False,0.32606005668640137
7,all,A2,27,0.5948387096774194,0.5412903225806451,238,220,1,164,False,0.3269639015197754
7,all,A2,28,0.6522580645161291,0.6096774193548387,235,220,1,167,False,0.26604795455932617
7,all,A2,29,0.5683870967741935,0.5941935483870968,225,220,3,175,False,0.2792961597442627
7,all,A3_k100,0,0.7754838709677419,0.7387096774193549,100,220,3,0,False,0.2398390769958496
7,all,A3_k100,1,0.7380645161290322,0.7696774193548387,100,220,1,0,False,0.24448895454406738
7,all,A3_k100,2,0.7129032258064515,0.6412903225806452,100,220,1,0,False,0.2268538475036621
7,all,A3_k100,3,0.7522580645161291,0.5561290322580645,100,220,3,0,False,0.22242116928100586
7,all,A3_k100,4,0.7341935483870968,0.616774193548387,100,220,3,0,False,0.22649288177490234
7,all,A3_k100,5,0.7025806451612903,0.6051612903225806,100,220,3,0,False,0.23804688453674316
7,all,A3_k100,6,0.7548387096774193,0.5058064516129033,100,220,3,0,False,0.23800873756408691
7,all,A3_k100,7,0.7496774193548387,0.7458064516129032,100,220,1,0,False,0.2230229377746582
7,all,A3_k100,8,0.5567741935483872,0.5980645161290323,100,220,1,0,False,0.21378421783447266
7,all,A3_k100,9,0.7870967741935484,0.6987096774193549,100,220,3,0,False,0.23480916023254395
7,all,A3_k100,10,0.6503225806451614,0.6296774193548387,100,220,1,0,False,0.23722386360168457
7,all,A3_k100,11,0.692258064516129,0.7464516129032258,100,220,1,0,False,0.22875595092773438
7,all,A3_k100,12,0.66,0.6645161290322581,100,220,3,0,False,0.22404789924621582
7,all,A3_k100,13,0.6851612903225807,0.675483870967742,100,220,3,0,False,0.2100207805633545
7,all,A3_k100,14,0.6729032258064515,0.5851612903225806,100,220,3,0,False,0.21434402465820312
7,all,A3_k100,15,0.5748387096774193,0.5419354838709678,100,220,3,0,False,0.21530890464782715
7,all,A3_k100,16,0.7612903225806452,0.6709677419354839,100,220,1,0,False,0.24382996559143066
7,all,A3_k100,17,0.7445161290322581,0.5832258064516128,100,220,3,0,False,0.20451116561889648
7,all,A3_k100,18,0.7006451612903226,0.6374193548387097,100,220,1,0,False,0.23472905158996582
7,all,A3_k100,19,0.6690322580645162,0.5967741935483871,100,220,3,0,False,0.21684980392456055
7,all,A3_k100,20,0.6870967741935483,0.655483870967742,100,220,1,0,False,0.2226719856262207
7,all,A3_k100,21,0.7464516129032258,0.6729032258064517,100,220,1,0,False,0.2427809238433838
7,all,A3_k100,22,0.6503225806451614,0.7135483870967742,100,220,1,0,False,0.23149585723876953
7,all,A3_k100,23,0.5877419354838709,0.6787096774193548,100,220,3,0,False,0.19104480743408203
7,all,A3_k100,24,0.7819354838709678,0.5419354838709678,100,220,1,0,False,0.20008516311645508
7,all,A3_k100,25,0.7032258064516129,0.6709677419354839,100,220,1,0,False,0.177415132522583
7,all,A3_k100,26,0.6412903225806452,0.7038709677419355,100,220,3,0,False,0.15938401222229004
7,all,A3_k100,27,0.6245161290322581,0.6051612903225807,100,220,1,0,False,0.17402219772338867
7,all,A3_k100,28,0.7470967741935485,0.5948387096774194,100,220,1,0,False,0.16196489334106445
7,all,A3_k100,29,0.5864516129032258,0.6438709677419355,100,220,3,0,False,0.1545579433441162
7,all,A3_k50,0,0.7845161290322581,0.7277419354838709,50,220,3,0,False,0.1602790355682373
7,all,A3_k50,1,0.7612903225806452,0.7174193548387098,50,220,1,0,False,0.17012977600097656
7,all,A3_k50,2,0.7251612903225806,0.6580645161290323,50,220,1,0,False,0.16130304336547852
7,all,A3_k50,3,0.7703225806451612,0.5116129032258064,50,220,3,0,False,0.15029096603393555
7,all,A3_k50,4,0.7412903225806451,0.6187096774193549,50,220,3,0,False,0.1595320701599121
7,all,A3_k50,5,0.7238709677419354,0.5303225806451612,50,220,3,0,False,0.17325377464294434
7,all,A3_k50,6,0.7516129032258063,0.5283870967741936,50,220,3,0,False,0.1796560287475586
7,all,A3_k50,7,0.7058064516129032,0.7367741935483871,50,220,1,0,False,0.1669149398803711
7,all,A3_k50,8,0.5974193548387097,0.5819354838709677,50,220,1,0,False,0.15090274810791016
7,all,A3_k50,9,0.7406451612903227,0.6793548387096774,50,220,3,0,False,0.16834712028503418
7,all,A3_k50,10,0.6522580645161289,0.6251612903225807,50,220,1,0,False,0.16548895835876465
7,all,A3_k50,11,0.6980645161290323,0.7070967741935483,50,220,1,0,False,0.1691911220550537
7,all,A3_k50,12,0.7419354838709676,0.6658064516129032,50,220,3,0,False,0.15644097328186035
7,all,A3_k50,13,0.6767741935483872,0.6845161290322581,50,220,3,0,False,0.14893317222595215
7,all,A3_k50,14,0.6625806451612903,0.6038709677419354,50,220,3,0,False,0.1550283432006836
7,all,A3_k50,15,0.5948387096774194,0.5735483870967741,50,220,3,0,False,0.15111899375915527
7,all,A3_k50,16,0.7619354838709677,0.6464516129032258,50,220,1,0,False,0.21506810188293457
7,all,A3_k50,17,0.8070967741935483,0.6109677419354839,50,220,3,0,False,0.16627812385559082
7,all,A3_k50,18,0.7025806451612903,0.644516129032258,50,220,1,0,False,0.16451811790466309
7,all,A3_k50,19,0.6593548387096774,0.587741935483871,50,220,3,0,False,0.15301299095153809
7,all,A3_k50,20,0.7193548387096774,0.6625806451612903,50,220,1,0,False,0.17373394966125488
7,all,A3_k50,21,0.724516129032258,0.6606451612903226,50,220,1,0,False,0.19771790504455566
7,all,A3_k50,22,0.6767741935483872,0.684516129032258,50,220,1,0,False,0.1645500659942627
7,all,A3_k50,23,0.5954838709677419,0.6845161290322581,50,220,3,0,False,0.13729286193847656
7,all,A3_k50,24,0.7858064516129032,0.5380645161290323,50,220,1,0,False,0.132843017578125
7,all,A3_k50,25,0.7161290322580645,0.6670967741935484,50,220,1,0,False,0.13360595703125
7,all,A3_k50,26,0.6335483870967742,0.7051612903225808,50,220,3,0,False,0.12390589714050293
7,all,A3_k50,27,0.6296774193548387,0.5967741935483871,50,220,1,0,False,0.11776375770568848
7,all,A3_k50,28,0.7367741935483871,0.6199999999999999,50,220,1,0,False,0.11084389686584473
7,all,A3_k50,29,0.6129032258064516,0.6225806451612903,50,220,3,0,False,0.10390496253967285
7,demo,A0,0,0.4593548387096774,0.5106451612903226,7,0,0,0,False,0.07056498527526855
7,demo,A0,1,0.5129032258064516,0.5587096774193548,7,0,0,0,False,0.07929515838623047
7,demo,A0,2,0.5532258064516129,0.545483870967742,7,0,0,0,False,0.09441518783569336
7,demo,A0,3,0.5374193548387096,0.6196774193548388,7,0,0,0,False,0.08183979988098145
7,demo,A0,4,0.5225806451612903,0.4980645161290323,7,0,0,0,False,0.0802760124206543
7,demo,A0,5,0.5725806451612903,0.5596774193548388,7,0,0,0,False,0.07621192932128906
7,demo,A0,6,0.5229032258064517,0.5135483870967741,7,0,0,0,False,0.07033920288085938
7,demo,A0,7,0.5451612903225806,0.5238709677419355,7,0,0,0,False,0.07877087593078613
7,demo,A0,8,0.6048387096774194,0.4767741935483872,7,0,0,0,False,0.08213520050048828
7,demo,A0,9,0.45838709677419354,0.486774193548387,7,0,0,0,False,0.07955670356750488
7,demo,A0,10,0.53,0.5141935483870967,7,0,0,0,False,0.08767294883728027
7,demo,A0,11,0.5380645161290323,0.4919354838709678,7,0,0,0,False,0.07018184661865234
7,demo,A0,12,0.594516129032258,0.51,7,0,0,0,False,0.06682920455932617
7,demo,A0,13,0.5106451612903226,0.5712903225806452,7,0,0,0,False,0.07709598541259766
7,demo,A0,14,0.5938709677419356,0.44483870967741934,7,0,0,0,False,0.0781397819519043
7,demo,A0,15,0.562258064516129,0.5029032258064516,7,0,0,0,False,0.07822370529174805
7,demo,A0,16,0.3896774193548387,0.513225806451613,7,0,0,0,False,0.08154678344726562
7,demo,A0,17,0.5038709677419355,0.5751612903225807,7,0,0,0,False,0.07001590728759766
7,demo,A0,18,0.6016129032258064,0.5096774193548388,7,0,0,0,False,0.07048821449279785
7,demo,A0,19,0.5258064516129033,0.4803225806451613,7,0,0,0,False,0.07997417449951172
7,demo,A0,20,0.5467741935483871,0.6029032258064516,7,0,0,0,False,0.08485913276672363
7,demo,A0,21,0.5293548387096774,0.5635483870967741,7,0,0,0,False,0.07102704048156738
7,demo,A0,22,0.6732258064516129,0.4925806451612904,7,0,0,0,False,0.05830121040344238
7,demo,A0,23,0.48193548387096774,0.5793548387096774,7,0,0,0,False,0.06945919990539551
7,demo,A0,24,0.5183870967741935,0.5374193548387097,7,0,0,0,False,0.08351993560791016
7,demo,A0,25,0.5593548387096774,0.42387096774193556,7,0,0,0,False,0.07196283340454102
7,demo,A0,26,0.552258064516129,0.4248387096774193,7,0,0,0,False,0.07376980781555176
7,demo,A0,27,0.48419354838709683,0.5741935483870967,7,0,0,0,False,0.09231305122375488
7,demo,A0,28,0.6625806451612903,0.43580645161290327,7,0,0,0,False,0.07358312606811523
7,demo,A0,29,0.524516129032258,0.4967741935483871,7,0,0,0,False,0.08032417297363281
7,demo,A1,0,0.4554838709677419,0.5087096774193548,6,0,1,0,False,0.07578015327453613
7,demo,A1,1,0.5129032258064516,0.5587096774193548,6,0,1,0,False,0.07620596885681152
7,demo,A1,2,0.5067741935483872,0.5422580645161291,6,0,1,0,False,0.08582401275634766
7,demo,A1,3,0.5309677419354839,0.6119354838709677,6,0,1,0,False,0.07455325126647949
7,demo,A1,4,0.5219354838709678,0.4941935483870968,6,0,1,0,False,0.09174990653991699
7,demo,A1,5,0.5732258064516129,0.5661290322580645,6,0,1,0,False,0.0917360782623291
7,demo,A1,6,0.5229032258064517,0.5135483870967741,6,0,1,0,False,0.07619285583496094
7,demo,A1,7,0.527741935483871,0.5258064516129033,6,0,1,0,False,0.08353710174560547
7,demo,A1,8,0.5932258064516129,0.4767741935483871,6,0,1,0,False,0.0862119197845459
7,demo,A1,9,0.46225806451612905,0.5112903225806451,6,0,1,0,False,0.07396888732910156
7,demo,A1,10,0.5274193548387096,0.515483870967742,6,0,1,0,False,0.0792236328125
7,demo,A1,11,0.5283870967741935,0.49580645161290327,6,0,1,0,False,0.07546806335449219
7,demo,A1,12,0.5435483870967742,0.5087096774193549,6,0,1,0,False,0.09912776947021484
7,demo,A1,13,0.5106451612903226,0.5816129032258064,6,0,1,0,False,0.08182096481323242
7,demo,A1,14,0.5900000000000001,0.45903225806451614,6,0,1,0,False,0.0826420783996582
7,demo,A1,15,0.5848387096774195,0.5106451612903226,6,0,1,0,False,0.08204078674316406
7,demo,A1,16,0.3658064516129032,0.5112903225806452,6,0,1,0,False,0.07806634902954102
7,demo,A1,17,0.5070967741935484,0.5712903225806452,6,0,1,0,False,0.0771489143371582
7,demo,A1,18,0.5983870967741935,0.5096774193548388,6,0,1,0,False,0.07176399230957031
7,demo,A1,19,0.5258064516129033,0.48677419354838714,6,0,1,0,False,0.07726716995239258
7,demo,A1,20,0.5351612903225806,0.5564516129032259,6,0,1,0,False,0.07596898078918457
7,demo,A1,21,0.5138709677419355,0.5609677419354838,6,0,1,0,False,0.07070684432983398
7,demo,A1,22,0.646774193548387,0.4796774193548387,6,0,1,0,False,0.07943296432495117
7,demo,A1,23,0.48193548387096774,0.5793548387096774,6,0,1,0,False,0.08497309684753418
7,demo,A1,24,0.5125806451612903,0.54,6,0,1,0,False,0.06829619407653809
7,demo,A1,25,0.5612903225806452,0.4283870967741936,6,0,1,0,False,0.06964612007141113
7,demo,A1,26,0.5561290322580645,0.4170967741935484,6,0,1,0,False,0.07813191413879395
7,demo,A1,27,0.4816129032258065,0.5664516129032258,6,0,1,0,False,0.09273886680603027
7,demo,A1,28,0.6612903225806451,0.4474193548387097,6,0,1,0,False,0.08634185791015625
7,demo,A1,29,0.547741935483871,0.4864516129032258,6,0,1,0,False,0.08739304542541504
7,demo,A2,0,0.4554838709677419,0.5087096774193548,6,0,1,0,False,0.07300496101379395
7,demo,A2,1,0.5129032258064516,0.5587096774193548,6,0,1,0,False,0.07197093963623047
7,demo,A2,2,0.5067741935483872,0.5422580645161291,6,0,1,0,False,0.07190203666687012
7,demo,A2,3,0.5309677419354839,0.6119354838709677,6,0,1,0,False,0.07796692848205566
7,demo,A2,4,0.5219354838709678,0.4941935483870968,6,0,1,0,False,0.08634805679321289
7,demo,A2,5,0.5732258064516129,0.5661290322580645,6,0,1,0,False,0.07740592956542969
7,demo,A2,6,0.5229032258064517,0.5135483870967741,6,0,1,0,False,0.08274221420288086
7,demo,A2,7,0.527741935483871,0.5258064516129033,6,0,1,0,False,0.0807790756225586
7,demo,A2,8,0.5932258064516129,0.4767741935483871,6,0,1,0,False,0.06530284881591797
7,demo,A2,9,0.46225806451612905,0.5112903225806451,6,0,1,0,False,0.08501911163330078
7,demo,A2,10,0.5274193548387096,0.515483870967742,6,0,1,0,False,0.0818321704864502
7,demo,A2,11,0.5283870967741935,0.49580645161290327,6,0,1,0,False,0.0826561450958252
7,demo,A2,12,0.5435483870967742,0.5087096774193549,6,0,1,0,False,0.11061525344848633
7,demo,A2,13,0.5106451612903226,0.5816129032258064,6,0,1,0,False,0.07964396476745605
7,demo,A2,14,0.5900000000000001,0.45903225806451614,6,0,1,0,False,0.0800943374633789
7,demo,A2,15,0.5848387096774195,0.5106451612903226,6,0,1,0,False,0.10085725784301758
7,demo,A2,16,0.3658064516129032,0.5112903225806452,6,0,1,0,False,0.07672286033630371
7,demo,A2,17,0.5070967741935484,0.5712903225806452,6,0,1,0,False,0.07457733154296875
7,demo,A2,18,0.5983870967741935,0.5096774193548388,6,0,1,0,False,0.07909035682678223
7,demo,A2,19,0.5258064516129033,0.48677419354838714,6,0,1,0,False,0.07473301887512207
7,demo,A2,20,0.5351612903225806,0.5564516129032259,6,0,1,0,False,0.07464599609375
7,demo,A2,21,0.5138709677419355,0.5609677419354838,6,0,1,0,False,0.0788431167602539
7,demo,A2,22,0.646774193548387,0.4796774193548387,6,0,1,0,False,0.07880020141601562
7,demo,A2,23,0.48193548387096774,0.5793548387096774,6,0,1,0,False,0.07264900207519531
7,demo,A2,24,0.5125806451612903,0.54,6,0,1,0,False,0.08761191368103027
7,demo,A2,25,0.5612903225806452,0.4283870967741936,6,0,1,0,False,0.0756380558013916
7,demo,A2,26,0.5561290322580645,0.4170967741935484,6,0,1,0,False,0.08352398872375488
7,demo,A2,27,0.4816129032258065,0.5664516129032258,6,0,1,0,False,0.0856781005859375
7,demo,A2,28,0.6612903225806451,0.4474193548387097,6,0,1,0,False,0.08754730224609375
7,demo,A2,29,0.547741935483871,0.4864516129032258,6,0,1,0,False,0.08017683029174805
7,demo,A3_k100,0,0.4554838709677419,0.5087096774193548,6,0,1,0,True,0.0
7,demo,A3_k100,1,0.5129032258064516,0.5587096774193548,6,0,1,0,True,0.0
7,demo,A3_k100,2,0.5067741935483872,0.5422580645161291,6,0,1,0,True,0.0
7,demo,A3_k100,3,0.5309677419354839,0.6119354838709677,6,0,1,0,True,0.0
7,demo,A3_k100,4,0.5219354838709678,0.4941935483870968,6,0,1,0,True,0.0
7,demo,A3_k100,5,0.5732258064516129,0.5661290322580645,6,0,1,0,True,0.0
7,demo,A3_k100,6,0.5229032258064517,0.5135483870967741,6,0,1,0,True,0.0
7,demo,A3_k100,7,0.527741935483871,0.5258064516129033,6,0,1,0,True,0.0
7,demo,A3_k100,8,0.5932258064516129,0.4767741935483871,6,0,1,0,True,0.0
7,demo,A3_k100,9,0.46225806451612905,0.5112903225806451,6,0,1,0,True,0.0
7,demo,A3_k100,10,0.5274193548387096,0.515483870967742,6,0,1,0,True,0.0
7,demo,A3_k100,11,0.5283870967741935,0.49580645161290327,6,0,1,0,True,0.0
7,demo,A3_k100,12,0.5435483870967742,0.5087096774193549,6,0,1,0,True,0.0
7,demo,A3_k100,13,0.5106451612903226,0.5816129032258064,6,0,1,0,True,0.0
7,demo,A3_k100,14,0.5900000000000001,0.45903225806451614,6,0,1,0,True,0.0
7,demo,A3_k100,15,0.5848387096774195,0.5106451612903226,6,0,1,0,True,0.0
7,demo,A3_k100,16,0.3658064516129032,0.5112903225806452,6,0,1,0,True,0.0
7,demo,A3_k100,17,0.5070967741935484,0.5712903225806452,6,0,1,0,True,0.0
7,demo,A3_k100,18,0.5983870967741935,0.5096774193548388,6,0,1,0,True,0.0
7,demo,A3_k100,19,0.5258064516129033,0.48677419354838714,6,0,1,0,True,0.0
7,demo,A3_k100,20,0.5351612903225806,0.5564516129032259,6,0,1,0,True,0.0
7,demo,A3_k100,21,0.5138709677419355,0.5609677419354838,6,0,1,0,True,0.0
7,demo,A3_k100,22,0.646774193548387,0.4796774193548387,6,0,1,0,True,0.0
7,demo,A3_k100,23,0.48193548387096774,0.5793548387096774,6,0,1,0,True,0.0
7,demo,A3_k100,24,0.5125806451612903,0.54,6,0,1,0,True,0.0
7,demo,A3_k100,25,0.5612903225806452,0.4283870967741936,6,0,1,0,True,0.0
7,demo,A3_k100,26,0.5561290322580645,0.4170967741935484,6,0,1,0,True,0.0
7,demo,A3_k100,27,0.4816129032258065,0.5664516129032258,6,0,1,0,True,0.0
7,demo,A3_k100,28,0.6612903225806451,0.4474193548387097,6,0,1,0,True,0.0
7,demo,A3_k100,29,0.547741935483871,0.4864516129032258,6,0,1,0,True,0.0
7,demo,A3_k50,0,0.4554838709677419,0.5087096774193548,6,0,1,0,True,0.0
7,demo,A3_k50,1,0.5129032258064516,0.5587096774193548,6,0,1,0,True,0.0
7,demo,A3_k50,2,0.5067741935483872,0.5422580645161291,6,0,1,0,True,0.0
7,demo,A3_k50,3,0.5309677419354839,0.6119354838709677,6,0,1,0,True,0.0
7,demo,A3_k50,4,0.5219354838709678,0.4941935483870968,6,0,1,0,True,0.0
7,demo,A3_k50,5,0.5732258064516129,0.5661290322580645,6,0,1,0,True,0.0
7,demo,A3_k50,6,0.5229032258064517,0.5135483870967741,6,0,1,0,True,0.0
7,demo,A3_k50,7,0.527741935483871,0.5258064516129033,6,0,1,0,True,0.0
7,demo,A3_k50,8,0.5932258064516129,0.4767741935483871,6,0,1,0,True,0.0
7,demo,A3_k50,9,0.46225806451612905,0.5112903225806451,6,0,1,0,True,0.0
7,demo,A3_k50,10,0.5274193548387096,0.515483870967742,6,0,1,0,True,0.0
7,demo,A3_k50,11,0.5283870967741935,0.49580645161290327,6,0,1,0,True,0.0
7,demo,A3_k50,12,0.5435483870967742,0.5087096774193549,6,0,1,0,True,0.0
7,demo,A3_k50,13,0.5106451612903226,0.5816129032258064,6,0,1,0,True,0.0
7,demo,A3_k50,14,0.5900000000000001,0.45903225806451614,6,0,1,0,True,0.0
7,demo,A3_k50,15,0.5848387096774195,0.5106451612903226,6,0,1,0,True,0.0
7,demo,A3_k50,16,0.3658064516129032,0.5112903225806452,6,0,1,0,True,0.0
7,demo,A3_k50,17,0.5070967741935484,0.5712903225806452,6,0,1,0,True,0.0
7,demo,A3_k50,18,0.5983870967741935,0.5096774193548388,6,0,1,0,True,0.0
7,demo,A3_k50,19,0.5258064516129033,0.48677419354838714,6,0,1,0,True,0.0
7,demo,A3_k50,20,0.5351612903225806,0.5564516129032259,6,0,1,0,True,0.0
7,demo,A3_k50,21,0.5138709677419355,0.5609677419354838,6,0,1,0,True,0.0
7,demo,A3_k50,22,0.646774193548387,0.4796774193548387,6,0,1,0,True,0.0
7,demo,A3_k50,23,0.48193548387096774,0.5793548387096774,6,0,1,0,True,0.0
7,demo,A3_k50,24,0.5125806451612903,0.54,6,0,1,0,True,0.0
7,demo,A3_k50,25,0.5612903225806452,0.4283870967741936,6,0,1,0,True,0.0
7,demo,A3_k50,26,0.5561290322580645,0.4170967741935484,6,0,1,0,True,0.0
7,demo,A3_k50,27,0.4816129032258065,0.5664516129032258,6,0,1,0,True,0.0
7,demo,A3_k50,28,0.6612903225806451,0.4474193548387097,6,0,1,0,True,0.0
7,demo,A3_k50,29,0.547741935483871,0.4864516129032258,6,0,1,0,True,0.0
7,rec,A0,0,0.7445161290322582,0.7316129032258066,115,0,0,0,False,0.21660518646240234
7,rec,A0,1,0.6225806451612903,0.7419354838709677,115,0,0,0,False,0.21442294120788574
7,rec,A0,2,0.7077419354838709,0.6548387096774194,115,0,0,0,False,0.19884896278381348
7,rec,A0,3,0.6322580645161291,0.5954838709677419,115,0,0,0,False,0.1887199878692627
7,rec,A0,4,0.7025806451612904,0.6083870967741934,115,0,0,0,False,0.20646405220031738
7,rec,A0,5,0.684516129032258,0.643225806451613,115,0,0,0,False,0.22054123878479004
7,rec,A0,6,0.6290322580645162,0.5774193548387098,115,0,0,0,False,0.20237994194030762
7,rec,A0,7,0.6748387096774193,0.7329032258064516,115,0,0,0,False,0.22272300720214844
7,rec,A0,8,0.5767741935483871,0.6535483870967742,115,0,0,0,False,0.2064352035522461
7,rec,A0,9,0.6761290322580644,0.7006451612903226,115,0,0,0,False,0.22616910934448242
7,rec,A0,10,0.5929032258064517,0.6038709677419355,115,0,0,0,False,0.20078420639038086
7,rec,A0,11,0.6470967741935484,0.7109677419354838,115,0,0,0,False,0.2117612361907959
7,rec,A0,12,0.649032258064516,0.6438709677419354,115,0,0,0,False,0.216170072555542
7,rec,A0,13,0.6296774193548387,0.6838709677419353,115,0,0,0,False,0.20952296257019043
7,rec,A0,14,0.6245161290322581,0.6225806451612903,115,0,0,0,False,0.23099803924560547
7,rec,A0,15,0.564516129032258,0.5574193548387097,115,0,0,0,False,0.26427602767944336
7,rec,A0,16,0.6909677419354837,0.6774193548387096,115,0,0,0,False,0.20079302787780762
7,rec,A0,17,0.7419354838709677,0.596774193548387,115,0,0,0,False,0.21042704582214355
7,rec,A0,18,0.6825806451612902,0.6703225806451613,115,0,0,0,False,0.19466304779052734
7,rec,A0,19,0.5845161290322581,0.5929032258064516,115,0,0,0,False,0.20229792594909668
7,rec,A0,20,0.6941935483870968,0.6683870967741936,115,0,0,0,False,0.20522308349609375
7,rec,A0,21,0.6316129032258065,0.632258064516129,115,0,0,0,False,0.20659995079040527
7,rec,A0,22,0.564516129032258,0.6593548387096774,115,0,0,0,False,0.19031786918640137
7,rec,A0,23,0.5122580645161291,0.7516129032258064,115,0,0,0,False,0.23290014266967773
7,rec,A0,24,0.72,0.5696774193548386,115,0,0,0,False,0.24250006675720215
7,rec,A0,25,0.6916129032258064,0.6445161290322581,115,0,0,0,False,0.2265627384185791
7,rec,A0,26,0.5716129032258064,0.7135483870967742,115,0,0,0,False,0.20282697677612305
7,rec,A0,27,0.5696774193548386,0.5793548387096774,115,0,0,0,False,0.21895432472229004
7,rec,A0,28,0.6851612903225807,0.6309677419354838,115,0,0,0,False,0.22003722190856934
7,rec,A0,29,0.5245161290322581,0.6251612903225805,115,0,0,0,False,0.2179718017578125
7,rec,A1,0,0.7245161290322581,0.7348387096774194,84,30,1,0,False,0.19114279747009277
7,rec,A1,1,0.6419354838709678,0.749032258064516,84,30,1,0,False,0.20211410522460938
7,rec,A1,2,0.7232258064516129,0.6761290322580645,84,30,1,0,False,0.19466423988342285
7,rec,A1,3,0.66,0.5851612903225807,84,30,1,0,False,0.2055802345275879
7,rec,A1,4,0.6670967741935484,0.590967741935484,84,30,1,0,False,0.1939411163330078
7,rec,A1,5,0.7070967741935483,0.664516129032258,84,30,1,0,False,0.20014715194702148
7,rec,A1,6,0.6593548387096774,0.5864516129032258,84,30,1,0,False,0.1937859058380127
7,rec,A1,7,0.6464516129032258,0.7290322580645161,84,30,1,0,False,0.20526623725891113
7,rec,A1,8,0.6245161290322581,0.6541935483870968,84,30,1,0,False,0.2033541202545166
7,rec,A1,9,0.6916129032258065,0.6651612903225806,84,30,1,0,False,0.193098783493042
7,rec,A1,10,0.5683870967741935,0.6316129032258064,84,30,1,0,False,0.19981694221496582
7,rec,A1,11,0.62,0.7187096774193549,84,30,1,0,False,0.18526673316955566
7,rec,A1,12,0.6258064516129032,0.6696774193548387,84,30,1,0,False,0.20698904991149902
7,rec,A1,13,0.6612903225806452,0.7283870967741936,84,30,1,0,False,0.19269609451293945
7,rec,A1,14,0.6245161290322581,0.6083870967741936,84,30,1,0,False,0.22331523895263672
7,rec,A1,15,0.535483870967742,0.5632258064516129,84,30,1,0,False,0.21524405479431152
7,rec,A1,16,0.6935483870967741,0.6503225806451614,84,30,1,0,False,0.1963038444519043
7,rec,A1,17,0.725806451612903,0.5819354838709677,84,30,1,0,False,0.19298100471496582
7,rec,A1,18,0.6496774193548388,0.6587096774193548,84,30,1,0,False,0.2113490104675293
7,rec,A1,19,0.6335483870967742,0.6038709677419355,84,30,1,0,False,0.18296074867248535
7,rec,A1,20,0.6703225806451613,0.6890322580645161,84,30,1,0,False,0.19222497940063477
7,rec,A1,21,0.6419354838709678,0.6245161290322582,84,30,1,0,False,0.20258092880249023
7,rec,A1,22,0.5741935483870967,0.6419354838709678,84,30,1,0,False,0.19281005859375
7,rec,A1,23,0.5406451612903226,0.7516129032258064,84,30,1,0,False,0.195220947265625
7,rec,A1,24,0.7354838709677419,0.567741935483871,84,30,1,0,False,0.20511603355407715
7,rec,A1,25,0.7148387096774194,0.6561290322580645,84,30,1,0,False,0.21452021598815918
7,rec,A1,26,0.5464516129032259,0.7025806451612904,84,30,1,0,False,0.20665192604064941
7,rec,A1,27,0.6025806451612904,0.5845161290322581,84,30,1,0,False,0.22533202171325684
7,rec,A1,28,0.6632258064516129,0.632258064516129,84,30,1,0,False,0.2098689079284668
7,rec,A1,29,0.5490322580645162,0.636774193548387,84,30,1,0,False,0.2012462615966797
7,rec,A2,0,0.72,0.7638709677419355,49,30,1,35,False,0.14242100715637207
7,rec,A2,1,0.6148387096774193,0.6961290322580644,50,30,1,34,False,0.1359238624572754
7,rec,A2,2,0.704516129032258,0.6941935483870968,49,30,1,35,False,0.14934968948364258
7,rec,A2,3,0.6735483870967742,0.5748387096774193,50,30,1,34,False,0.14507317543029785
7,rec,A2,4,0.6703225806451611,0.5780645161290322,49,30,1,35,False,0.14188528060913086
7,rec,A2,5,0.7025806451612903,0.6090322580645161,49,30,1,35,False,0.1463313102722168
7,rec,A2,6,0.6419354838709678,0.5806451612903225,51,30,1,33,False,0.15381097793579102
7,rec,A2,7,0.6496774193548387,0.7070967741935483,49,30,1,35,False,0.14949703216552734
7,rec,A2,8,0.5412903225806451,0.6270967741935483,50,30,1,34,False,0.141387939453125
7,rec,A2,9,0.6890322580645161,0.6606451612903225,50,30,1,34,False,0.14818882942199707
7,rec,A2,10,0.5864516129032258,0.6832258064516129,50,30,1,34,False,0.15506577491760254
7,rec,A2,11,0.6329032258064516,0.7270967741935483,51,30,1,33,False,0.1481647491455078
7,rec,A2,12,0.6116129032258064,0.6522580645161291,50,30,1,34,False,0.15194916725158691
7,rec,A2,13,0.6348387096774193,0.7238709677419355,51,30,1,33,False,0.1578679084777832
7,rec,A2,14,0.5974193548387097,0.6070967741935483,51,30,1,33,False,0.14090776443481445
7,rec,A2,15,0.5580645161290322,0.532258064516129,50,30,1,34,False,0.17830896377563477
7,rec,A2,16,0.6819354838709678,0.6567741935483871,50,30,1,34,False,0.16227984428405762
7,rec,A2,17,0.7587096774193549,0.5529032258064516,51,30,1,33,False,0.16455292701721191
7,rec,A2,18,0.6748387096774193,0.6658064516129032,51,30,1,33,False,0.13788223266601562
7,rec,A2,19,0.6458064516129032,0.6387096774193548,49,30,1,35,False,0.14149713516235352
7,rec,A2,20,0.687741935483871,0.6683870967741935,48,30,1,36,False,0.13684511184692383
7,rec,A2,21,0.6619354838709677,0.6283870967741935,51,30,1,33,False,0.14096784591674805
7,rec,A2,22,0.5509677419354839,0.6477419354838709,49,30,1,35,False,0.14598774909973145
7,rec,A2,23,0.5032258064516129,0.7490322580645161,51,30,1,33,False,0.15658807754516602
7,rec,A2,24,0.7264516129032258,0.5729032258064516,50,30,1,34,False,0.1717817783355713
7,rec,A2,25,0.6903225806451613,0.6709677419354838,51,30,1,33,False,0.14198899269104004
7,rec,A2,26,0.5696774193548387,0.7141935483870967,50,30,1,34,False,0.14525628089904785
7,rec,A2,27,0.6051612903225807,0.5567741935483871,51,30,1,33,False,0.15520215034484863
7,rec,A2,28,0.6787096774193548,0.6445161290322581,49,30,1,35,False,0.16921091079711914
7,rec,A2,29,0.5419354838709678,0.6148387096774194,49,30,1,35,False,0.1465439796447754
7,rec,A3_k100,0,0.7245161290322581,0.7348387096774194,84,30,1,0,True,0.0
7,rec,A3_k100,1,0.6419354838709678,0.749032258064516,84,30,1,0,True,0.0
7,rec,A3_k100,2,0.7232258064516129,0.6761290322580645,84,30,1,0,True,0.0
7,rec,A3_k100,3,0.66,0.5851612903225807,84,30,1,0,True,0.0
7,rec,A3_k100,4,0.6670967741935484,0.590967741935484,84,30,1,0,True,0.0
7,rec,A3_k100,5,0.7070967741935483,0.664516129032258,84,30,1,0,True,0.0
7,rec,A3_k100,6,0.6593548387096774,0.5864516129032258,84,30,1,0,True,0.0
7,rec,A3_k100,7,0.6464516129032258,0.7290322580645161,84,30,1,0,True,0.0
7,rec,A3_k100,8,0.6245161290322581,0.6541935483870968,84,30,1,0,True,0.0
7,rec,A3_k100,9,0.6916129032258065,0.6651612903225806,84,30,1,0,True,0.0
7,rec,A3_k100,10,0.5683870967741935,0.6316129032258064,84,30,1,0,True,0.0
7,rec,A3_k100,11,0.62,0.7187096774193549,84,30,1,0,True,0.0
7,rec,A3_k100,12,0.6258064516129032,0.6696774193548387,84,30,1,0,True,0.0
7,rec,A3_k100,13,0.6612903225806452,0.7283870967741936,84,30,1,0,True,0.0
7,rec,A3_k100,14,0.6245161290322581,0.6083870967741936,84,30,1,0,True,0.0
7,rec,A3_k100,15,0.535483870967742,0.5632258064516129,84,30,1,0,True,0.0
7,rec,A3_k100,16,0.6935483870967741,0.6503225806451614,84,30,1,0,True,0.0
7,rec,A3_k100,17,0.725806451612903,0.5819354838709677,84,30,1,0,True,0.0
7,rec,A3_k100,18,0.6496774193548388,0.6587096774193548,84,30,1,0,True,0.0
7,rec,A3_k100,19,0.6335483870967742,0.6038709677419355,84,30,1,0,True,0.0
7,rec,A3_k100,20,0.6703225806451613,0.6890322580645161,84,30,1,0,True,0.0
7,rec,A3_k100,21,0.6419354838709678,0.6245161290322582,84,30,1,0,True,0.0
7,rec,A3_k100,22,0.5741935483870967,0.6419354838709678,84,30,1,0,True,0.0
7,rec,A3_k100,23,0.5406451612903226,0.7516129032258064,84,30,1,0,True,0.0
7,rec,A3_k100,24,0.7354838709677419,0.567741935483871,84,30,1,0,True,0.0
7,rec,A3_k100,25,0.7148387096774194,0.6561290322580645,84,30,1,0,True,0.0
7,rec,A3_k100,26,0.5464516129032259,0.7025806451612904,84,30,1,0,True,0.0
7,rec,A3_k100,27,0.6025806451612904,0.5845161290322581,84,30,1,0,True,0.0
7,rec,A3_k100,28,0.6632258064516129,0.632258064516129,84,30,1,0,True,0.0
7,rec,A3_k100,29,0.5490322580645162,0.636774193548387,84,30,1,0,True,0.0
7,rec,A3_k50,0,0.7341935483870967,0.7038709677419354,50,30,1,0,False,0.14855480194091797
7,rec,A3_k50,1,0.667741935483871,0.7406451612903227,50,30,1,0,False,0.1532459259033203
7,rec,A3_k50,2,0.7219354838709677,0.6870967741935484,50,30,1,0,False,0.15241432189941406
7,rec,A3_k50,3,0.7477419354838709,0.5458064516129033,50,30,1,0,False,0.1524519920349121
7,rec,A3_k50,4,0.7135483870967742,0.6038709677419355,50,30,1,0,False,0.15206503868103027
7,rec,A3_k50,5,0.6851612903225806,0.5922580645161291,50,30,1,0,False,0.15250587463378906
7,rec,A3_k50,6,0.6929032258064516,0.5825806451612904,50,30,1,0,False,0.1487870216369629
7,rec,A3_k50,7,0.6780645161290322,0.704516129032258,50,30,1,0,False,0.15491199493408203
7,rec,A3_k50,8,0.5987096774193549,0.6245161290322581,50,30,1,0,False,0.16575884819030762
7,rec,A3_k50,9,0.725806451612903,0.652258064516129,50,30,1,0,False,0.15101909637451172
7,rec,A3_k50,10,0.667741935483871,0.5541935483870968,50,30,1,0,False,0.14293384552001953
7,rec,A3_k50,11,0.6812903225806453,0.7309677419354839,50,30,1,0,False,0.17494702339172363
7,rec,A3_k50,12,0.6658064516129032,0.6535483870967741,50,30,1,0,False,0.1385490894317627
7,rec,A3_k50,13,0.687741935483871,0.6664516129032259,50,30,1,0,False,0.15078282356262207
7,rec,A3_k50,14,0.6896774193548387,0.6245161290322581,50,30,1,0,False,0.15325427055358887
7,rec,A3_k50,15,0.6393548387096774,0.5909677419354838,50,30,1,0,False,0.16206908226013184
7,rec,A3_k50,16,0.6870967741935484,0.6354838709677418,50,30,1,0,False,0.14060497283935547
7,rec,A3_k50,17,0.7780645161290323,0.5683870967741935,50,30,1,0,False,0.1354222297668457
7,rec,A3_k50,18,0.6632258064516129,0.6367741935483872,50,30,1,0,False,0.1452620029449463
7,rec,A3_k50,19,0.6729032258064516,0.5812903225806452,50,30,1,0,False,0.15421605110168457
7,rec,A3_k50,20,0.7464516129032257,0.6903225806451614,50,30,1,0,False,0.15097975730895996
7,rec,A3_k50,21,0.7258064516129032,0.635483870967742,50,30,1,0,False,0.14968609809875488
7,rec,A3_k50,22,0.6148387096774193,0.6799999999999999,50,30,1,0,False,0.17490410804748535
7,rec,A3_k50,23,0.552258064516129,0.743225806451613,50,30,1,0,False,0.13773798942565918
7,rec,A3_k50,24,0.7490322580645161,0.5967741935483871,50,30,1,0,False,0.16106390953063965
7,rec,A3_k50,25,0.7787096774193548,0.6083870967741936,50,30,1,0,False,0.1437969207763672
7,rec,A3_k50,26,0.6451612903225807,0.6967741935483871,50,30,1,0,False,0.14438796043395996
7,rec,A3_k50,27,0.6425806451612904,0.5845161290322581,50,30,1,0,False,0.16936898231506348
7,rec,A3_k50,28,0.7174193548387098,0.6406451612903226,50,30,1,0,False,0.16881704330444336
7,rec,A3_k50,29,0.5883870967741935,0.5941935483870968,50,30,1,0,False,0.14879608154296875
7,roll_rec,A0,0,0.5483870967741935,0.7587096774193549,207,0,0,0,False,0.25800275802612305
7,roll_rec,A0,1,0.6638709677419355,0.5541935483870968,207,0,0,0,False,0.2583489418029785
7,roll_rec,A0,2,0.6154838709677419,0.5103225806451612,207,0,0,0,False,0.257702112197876
7,roll_rec,A0,3,0.6329032258064515,0.5348387096774193,207,0,0,0,False,0.25126194953918457
7,roll_rec,A0,4,0.5238709677419355,0.5129032258064516,207,0,0,0,False,0.3365011215209961
7,roll_rec,A0,5,0.6025806451612903,0.6348387096774193,207,0,0,0,False,0.2573418617248535
7,roll_rec,A0,6,0.5729032258064516,0.52,207,0,0,0,False,0.26630496978759766
7,roll_rec,A0,7,0.6348387096774193,0.6232258064516129,207,0,0,0,False,0.3167698383331299
7,roll_rec,A0,8,0.5438709677419354,0.5883870967741935,207,0,0,0,False,0.2548990249633789
7,roll_rec,A0,9,0.5380645161290323,0.6761290322580645,207,0,0,0,False,0.24649381637573242
7,roll_rec,A0,10,0.5380645161290323,0.6774193548387096,207,0,0,0,False,0.26346302032470703
7,roll_rec,A0,11,0.5754838709677419,0.6309677419354839,207,0,0,0,False,0.24314498901367188
7,roll_rec,A0,12,0.5748387096774193,0.6270967741935483,207,0,0,0,False,0.25907301902770996
7,roll_rec,A0,13,0.5625806451612902,0.6187096774193548,207,0,0,0,False,0.2735610008239746
7,roll_rec,A0,14,0.5903225806451613,0.4761290322580645,207,0,0,0,False,0.2523188591003418
7,roll_rec,A0,15,0.5148387096774194,0.49741935483870964,207,0,0,0,False,0.26438093185424805
7,roll_rec,A0,16,0.6458064516129033,0.5696774193548387,207,0,0,0,False,0.2543327808380127
7,roll_rec,A0,17,0.6658064516129032,0.58,207,0,0,0,False,0.24893999099731445
7,roll_rec,A0,18,0.576774193548387,0.6341935483870969,207,0,0,0,False,0.25270795822143555
7,roll_rec,A0,19,0.6154838709677419,0.5154838709677418,207,0,0,0,False,0.25676798820495605
7,roll_rec,A0,20,0.6374193548387097,0.5767741935483871,207,0,0,0,False,0.2469491958618164
7,roll_rec,A0,21,0.6341935483870969,0.552258064516129,207,0,0,0,False,0.2681410312652588
7,roll_rec,A0,22,0.5587096774193548,0.6567741935483871,207,0,0,0,False,0.25556087493896484
7,roll_rec,A0,23,0.5303225806451612,0.6993548387096774,207,0,0,0,False,0.25722503662109375
7,roll_rec,A0,24,0.5587096774193548,0.5129032258064516,207,0,0,0,False,0.2563629150390625
7,roll_rec,A0,25,0.5703225806451613,0.4529032258064516,207,0,0,0,False,0.257540225982666
7,roll_rec,A0,26,0.5148387096774194,0.7148387096774194,207,0,0,0,False,0.264904260635376
7,roll_rec,A0,27,0.5122580645161291,0.5729032258064517,207,0,0,0,False,0.3065450191497803
7,roll_rec,A0,28,0.5561290322580645,0.5729032258064516,207,0,0,0,False,0.2419278621673584
7,roll_rec,A0,29,0.5193548387096774,0.6135483870967743,207,0,0,0,False,0.26503586769104004
7,roll_rec,A1,0,0.5690322580645162,0.7832258064516129,126,80,1,0,False,0.24473977088928223
7,roll_rec,A1,1,0.6180645161290322,0.555483870967742,126,80,1,0,False,0.2523021697998047
7,roll_rec,A1,2,0.5800000000000001,0.524516129032258,126,80,1,0,False,0.2207190990447998
7,roll_rec,A1,3,0.5774193548387097,0.54,126,80,1,0,False,0.2284858226776123
7,roll_rec,A1,4,0.5090322580645161,0.5045161290322581,126,80,1,0,False,0.22515201568603516
7,roll_rec,A1,5,0.6374193548387097,0.604516129032258,126,80,1,0,False,0.24202799797058105
7,roll_rec,A1,6,0.5780645161290323,0.5303225806451612,126,80,1,0,False,0.22484779357910156
7,roll_rec,A1,7,0.635483870967742,0.6606451612903226,126,80,1,0,False,0.26822900772094727
7,roll_rec,A1,8,0.4851612903225806,0.6096774193548387,126,80,1,0,False,0.22745394706726074
7,roll_rec,A1,9,0.5664516129032258,0.6793548387096774,126,80,1,0,False,0.23746395111083984
7,roll_rec,A1,10,0.48580645161290326,0.6787096774193548,126,80,1,0,False,0.23275089263916016
7,roll_rec,A1,11,0.572258064516129,0.6051612903225807,126,80,1,0,False,0.23704004287719727
7,roll_rec,A1,12,0.5548387096774194,0.6316129032258064,126,80,1,0,False,0.2590479850769043
7,roll_rec,A1,13,0.544516129032258,0.6174193548387097,126,80,1,0,False,0.2460777759552002
7,roll_rec,A1,14,0.5954838709677419,0.5380645161290323,126,80,1,0,False,0.2589859962463379
7,roll_rec,A1,15,0.5141935483870967,0.49806451612903224,126,80,1,0,False,0.21993780136108398
7,roll_rec,A1,16,0.6561290322580645,0.5535483870967742,126,80,1,0,False,0.22983336448669434
7,roll_rec,A1,17,0.6258064516129032,0.5929032258064516,126,80,1,0,False,0.2225639820098877
7,roll_rec,A1,18,0.5458064516129032,0.6309677419354839,126,80,1,0,False,0.23928499221801758
7,roll_rec,A1,19,0.5903225806451612,0.5548387096774193,126,80,1,0,False,0.22721314430236816
7,roll_rec,A1,20,0.6329032258064515,0.6025806451612903,126,80,1,0,False,0.23541593551635742
7,roll_rec,A1,21,0.6141935483870967,0.5909677419354838,126,80,1,0,False,0.23372316360473633
7,roll_rec,A1,22,0.5438709677419356,0.6270967741935484,126,80,1,0,False,0.22983884811401367
7,roll_rec,A1,23,0.5258064516129033,0.6819354838709677,126,80,1,0,False,0.24218010902404785
7,roll_rec,A1,24,0.5819354838709678,0.52,126,80,1,0,False,0.24950385093688965
7,roll_rec,A1,25,0.5509677419354839,0.46903225806451615,126,80,1,0,False,0.23847079277038574
7,roll_rec,A1,26,0.5174193548387096,0.7354838709677419,126,80,1,0,False,0.22841477394104004
7,roll_rec,A1,27,0.5174193548387098,0.5580645161290323,126,80,1,0,False,0.22959494590759277
7,roll_rec,A1,28,0.5225806451612903,0.58,126,80,1,0,False,0.24106717109680176
7,roll_rec,A1,29,0.5058064516129033,0.6174193548387096,126,80,1,0,False,0.304779052734375
7,roll_rec,A2,0,0.5380645161290322,0.74,87,80,1,39,False,0.15972399711608887
7,roll_rec,A2,1,0.6025806451612904,0.5896774193548386,87,80,1,39,False,0.17943811416625977
7,roll_rec,A2,2,0.6109677419354838,0.5,86,80,1,40,False,0.19506406784057617
7,roll_rec,A2,3,0.6341935483870967,0.5290322580645161,85,80,1,41,False,0.18369317054748535
7,roll_rec,A2,4,0.5161290322580645,0.5277419354838709,83,80,1,43,False,0.16824603080749512
7,roll_rec,A2,5,0.6296774193548387,0.592258064516129,87,80,1,39,False,0.19544196128845215
7,roll_rec,A2,6,0.5529032258064517,0.4787096774193549,86,80,1,40,False,0.18001317977905273
7,roll_rec,A2,7,0.6419354838709678,0.5929032258064516,86,80,1,40,False,0.18692708015441895
7,roll_rec,A2,8,0.4967741935483871,0.5935483870967743,86,80,1,40,False,0.23097491264343262
7,roll_rec,A2,9,0.5574193548387096,0.6787096774193548,87,80,1,39,False,0.17330002784729004
7,roll_rec,A2,10,0.5058064516129033,0.7051612903225806,89,80,1,37,False,0.2065720558166504
7,roll_rec,A2,11,0.5387096774193548,0.6296774193548387,87,80,1,39,False,0.23575305938720703
7,roll_rec,A2,12,0.5748387096774193,0.5974193548387097,84,80,1,42,False,0.1752152442932129
7,roll_rec,A2,13,0.5303225806451612,0.5954838709677419,86,80,1,40,False,0.18094110488891602
7,roll_rec,A2,14,0.5916129032258065,0.5129032258064516,86,80,1,40,False,0.16134095191955566
7,roll_rec,A2,15,0.5135483870967742,0.49354838709677423,84,80,1,42,False,0.16564512252807617
7,roll_rec,A2,16,0.6374193548387097,0.5806451612903225,88,80,1,38,False,0.17292404174804688
7,roll_rec,A2,17,0.6464516129032258,0.5574193548387097,90,80,1,36,False,0.17875885963439941
7,roll_rec,A2,18,0.56,0.6296774193548387,86,80,1,40,False,0.17061090469360352
7,roll_rec,A2,19,0.6341935483870967,0.5496774193548386,85,80,1,41,False,0.16991686820983887
7,roll_rec,A2,20,0.6735483870967741,0.5793548387096774,88,80,1,38,False,0.17335295677185059
7,roll_rec,A2,21,0.6509677419354838,0.5625806451612904,88,80,1,38,False,0.19431209564208984
7,roll_rec,A2,22,0.5451612903225806,0.6238709677419355,86,80,1,40,False,0.16979193687438965
7,roll_rec,A2,23,0.5161290322580646,0.7103225806451613,84,80,1,42,False,0.18020892143249512
7,roll_rec,A2,24,0.5561290322580645,0.5290322580645161,87,80,1,39,False,0.17557311058044434
7,roll_rec,A2,25,0.5238709677419355,0.42709677419354836,86,80,1,40,False,0.1884450912475586
7,roll_rec,A2,26,0.45612903225806456,0.7180645161290322,83,80,1,43,False,0.17511510848999023
7,roll_rec,A2,27,0.5070967741935484,0.5529032258064516,87,80,1,39,False,0.18310785293579102
7,roll_rec,A2,28,0.5393548387096775,0.5425806451612903,85,80,1,41,False,0.17368030548095703
7,roll_rec,A2,29,0.5470967741935484,0.5896774193548387,85,80,1,41,False,0.19798707962036133
7,roll_rec,A3_k100,0,0.5819354838709676,0.7535483870967742,100,80,1,0,False,0.20033693313598633
7,roll_rec,A3_k100,1,0.7032258064516129,0.5470967741935484,100,80,1,0,False,0.20430207252502441
7,roll_rec,A3_k100,2,0.6864516129032258,0.572258064516129,100,80,1,0,False,0.18941903114318848
7,roll_rec,A3_k100,3,0.6232258064516129,0.5606451612903225,100,80,1,0,False,0.20417308807373047
7,roll_rec,A3_k100,4,0.5187096774193549,0.4787096774193548,100,80,1,0,False,0.17715883255004883
7,roll_rec,A3_k100,5,0.6967741935483871,0.5858064516129032,100,80,1,0,False,0.22087502479553223
7,roll_rec,A3_k100,6,0.5935483870967742,0.4645161290322581,100,80,1,0,False,0.19907808303833008
7,roll_rec,A3_k100,7,0.6703225806451614,0.6335483870967742,100,80,1,0,False,0.1818852424621582
7,roll_rec,A3_k100,8,0.5316129032258065,0.6387096774193548,100,80,1,0,False,0.1899099349975586
7,roll_rec,A3_k100,9,0.6516129032258065,0.6619354838709677,100,80,1,0,False,0.21536898612976074
7,roll_rec,A3_k100,10,0.5864516129032259,0.6451612903225806,100,80,1,0,False,0.2153642177581787
7,roll_rec,A3_k100,11,0.596774193548387,0.6283870967741935,100,80,1,0,False,0.22845196723937988
7,roll_rec,A3_k100,12,0.6509677419354839,0.5967741935483871,100,80,1,0,False,0.2237701416015625
7,roll_rec,A3_k100,13,0.6238709677419353,0.6058064516129033,100,80,1,0,False,0.20301318168640137
7,roll_rec,A3_k100,14,0.6174193548387097,0.5032258064516129,100,80,1,0,False,0.23583316802978516
7,roll_rec,A3_k100,15,0.5638709677419356,0.5264516129032258,100,80,1,0,False,0.17827391624450684
7,roll_rec,A3_k100,16,0.6483870967741936,0.6038709677419355,100,80,1,0,False,0.18995213508605957
7,roll_rec,A3_k100,17,0.7083870967741935,0.5948387096774195,100,80,1,0,False,0.1837160587310791
7,roll_rec,A3_k100,18,0.5954838709677419,0.6058064516129033,100,80,1,0,False,0.18288516998291016
7,roll_rec,A3_k100,19,0.6470967741935484,0.4909677419354838,100,80,1,0,False,0.19965004920959473
7,roll_rec,A3_k100,20,0.6903225806451612,0.6193548387096773,100,80,1,0,False,0.19462227821350098
7,roll_rec,A3_k100,21,0.66,0.5599999999999999,100,80,1,0,False,0.18177223205566406
7,roll_rec,A3_k100,22,0.6290322580645161,0.6619354838709677,100,80,1,0,False,0.19748520851135254
7,roll_rec,A3_k100,23,0.5716129032258063,0.6277419354838709,100,80,1,0,False,0.19170570373535156
7,roll_rec,A3_k100,24,0.6541935483870968,0.5767741935483871,100,80,1,0,False,0.20203185081481934
7,roll_rec,A3_k100,25,0.6141935483870967,0.5419354838709678,100,80,1,0,False,0.19039201736450195
7,roll_rec,A3_k100,26,0.5393548387096775,0.7006451612903226,100,80,1,0,False,0.20450496673583984
7,roll_rec,A3_k100,27,0.5638709677419356,0.5412903225806451,100,80,1,0,False,0.206010103225708
7,roll_rec,A3_k100,28,0.5690322580645162,0.5206451612903226,100,80,1,0,False,0.21762299537658691
7,roll_rec,A3_k100,29,0.6464516129032258,0.6180645161290323,100,80,1,0,False,0.18636298179626465
7,roll_rec,A3_k50,0,0.6916129032258065,0.7296774193548388,50,80,1,0,False,0.15783071517944336
7,roll_rec,A3_k50,1,0.7516129032258064,0.5729032258064516,50,80,1,0,False,0.14505600929260254
7,roll_rec,A3_k50,2,0.7129032258064516,0.5548387096774193,50,80,1,0,False,0.12672924995422363
7,roll_rec,A3_k50,3,0.6625806451612903,0.5354838709677419,50,80,1,0,False,0.14557719230651855
7,roll_rec,A3_k50,4,0.6729032258064517,0.527741935483871,50,80,1,0,False,0.14586997032165527
7,roll_rec,A3_k50,5,0.6838709677419355,0.5941935483870967,50,80,1,0,False,0.16175270080566406
7,roll_rec,A3_k50,6,0.6245161290322581,0.5135483870967741,50,80,1,0,False,0.15718483924865723
7,roll_rec,A3_k50,7,0.7258064516129032,0.6141935483870968,50,80,1,0,False,0.12555813789367676
7,roll_rec,A3_k50,8,0.5445161290322581,0.6651612903225805,50,80,1,0,False,0.14766287803649902
7,roll_rec,A3_k50,9,0.629032258064516,0.6793548387096775,50,80,1,0,False,0.15846896171569824
7,roll_rec,A3_k50,10,0.6341935483870969,0.623225806451613,50,80,1,0,False,0.16508126258850098
7,roll_rec,A3_k50,11,0.6148387096774193,0.6709677419354839,50,80,1,0,False,0.17356395721435547
7,roll_rec,A3_k50,12,0.6283870967741936,0.5877419354838711,50,80,1,0,False,0.1357870101928711
7,roll_rec,A3_k50,13,0.64,0.6716129032258065,50,80,1,0,False,0.14000487327575684
7,roll_rec,A3_k50,14,0.5851612903225807,0.48064516129032264,50,80,1,0,False,0.17107200622558594
7,roll_rec,A3_k50,15,0.5896774193548386,0.5296774193548387,50,80,1,0,False,0.12683486938476562
7,roll_rec,A3_k50,16,0.6432258064516129,0.5690322580645162,50,80,1,0,False,0.13874101638793945
7,roll_rec,A3_k50,17,0.7283870967741936,0.6516129032258063,50,80,1,0,False,0.12510204315185547
7,roll_rec,A3_k50,18,0.5935483870967742,0.6122580645161291,50,80,1,0,False,0.14950299263000488
7,roll_rec,A3_k50,19,0.6941935483870968,0.5258064516129033,50,80,1,0,False,0.14795804023742676
7,roll_rec,A3_k50,20,0.7032258064516128,0.6206451612903225,50,80,1,0,False,0.13785600662231445
7,roll_rec,A3_k50,21,0.6896774193548386,0.575483870967742,50,80,1,0,False,0.14891791343688965
7,roll_rec,A3_k50,22,0.6425806451612903,0.6658064516129032,50,80,1,0,False,0.14694905281066895
7,roll_rec,A3_k50,23,0.6064516129032258,0.6419354838709678,50,80,1,0,False,0.1478269100189209
7,roll_rec,A3_k50,24,0.6735483870967742,0.5451612903225806,50,80,1,0,False,0.16918396949768066
7,roll_rec,A3_k50,25,0.6599999999999999,0.5341935483870968,50,80,1,0,False,0.1427450180053711
7,roll_rec,A3_k50,26,0.5819354838709677,0.7232258064516129,50,80,1,0,False,0.13885784149169922
7,roll_rec,A3_k50,27,0.6141935483870968,0.5567741935483871,50,80,1,0,False,0.21684694290161133
7,roll_rec,A3_k50,28,0.6193548387096773,0.5083870967741936,50,80,1,0,False,0.14063405990600586
7,roll_rec,A3_k50,29,0.6432258064516129,0.5987096774193549,50,80,1,0,False,0.1427478790283203
7,roll_win,A0,0,0.6464516129032258,0.5851612903225806,207,0,0,0,False,0.24612784385681152
7,roll_win,A0,1,0.6425806451612903,0.6490322580645161,207,0,0,0,False,0.25716137886047363
7,roll_win,A0,2,0.5980645161290323,0.6529032258064515,207,0,0,0,False,0.23139595985412598
7,roll_win,A0,3,0.6567741935483871,0.6154838709677419,207,0,0,0,False,0.23955297470092773
7,roll_win,A0,4,0.5974193548387097,0.5748387096774193,207,0,0,0,False,0.22688698768615723
7,roll_win,A0,5,0.5954838709677419,0.5729032258064516,207,0,0,0,False,0.24322891235351562
7,roll_win,A0,6,0.6387096774193549,0.5258064516129032,207,0,0,0,False,0.24994206428527832
7,roll_win,A0,7,0.6580645161290322,0.6509677419354839,207,0,0,0,False,0.25525498390197754
7,roll_win,A0,8,0.5619354838709678,0.6341935483870967,207,0,0,0,False,0.26390600204467773
7,roll_win,A0,9,0.5961290322580646,0.6329032258064516,207,0,0,0,False,0.260195255279541
7,roll_win,A0,10,0.52,0.7167741935483871,207,0,0,0,False,0.23403286933898926
7,roll_win,A0,11,0.5574193548387096,0.6767741935483871,207,0,0,0,False,0.23690319061279297
7,roll_win,A0,12,0.56,0.6341935483870967,207,0,0,0,False,0.22398805618286133
7,roll_win,A0,13,0.6541935483870968,0.49870967741935485,207,0,0,0,False,0.32218003273010254
7,roll_win,A0,14,0.5483870967741935,0.5645161290322581,207,0,0,0,False,0.27340102195739746
7,roll_win,A0,15,0.472258064516129,0.46,207,0,0,0,False,0.2268509864807129
7,roll_win,A0,16,0.675483870967742,0.5722580645161289,207,0,0,0,False,0.23088479042053223
7,roll_win,A0,17,0.627741935483871,0.5883870967741935,207,0,0,0,False,0.22490882873535156
7,roll_win,A0,18,0.5464516129032257,0.5161290322580645,207,0,0,0,False,0.21913599967956543
7,roll_win,A0,19,0.6574193548387096,0.6270967741935484,207,0,0,0,False,0.2310037612915039
7,roll_win,A0,20,0.6432258064516129,0.6451612903225806,207,0,0,0,False,0.2368149757385254
7,roll_win,A0,21,0.5870967741935484,0.6393548387096775,207,0,0,0,False,0.23470616340637207
7,roll_win,A0,22,0.6058064516129033,0.62,207,0,0,0,False,0.23426580429077148
7,roll_win,A0,23,0.41225806451612906,0.7270967741935485,207,0,0,0,False,0.2310791015625
7,roll_win,A0,24,0.6458064516129032,0.5877419354838709,207,0,0,0,False,0.24154019355773926
7,roll_win,A0,25,0.6212903225806451,0.5993548387096774,207,0,0,0,False,0.24460697174072266
7,roll_win,A0,26,0.5187096774193548,0.7135483870967743,207,0,0,0,False,0.23210597038269043
7,roll_win,A0,27,0.5851612903225807,0.5245161290322581,207,0,0,0,False,0.24657416343688965
7,roll_win,A0,28,0.7509677419354838,0.4748387096774194,207,0,0,0,False,0.24257802963256836
7,roll_win,A0,29,0.5264516129032258,0.6064516129032258,207,0,0,0,False,0.22378897666931152
7,roll_win,A1,0,0.6529032258064515,0.6245161290322581,126,80,1,0,False,0.2150578498840332
7,roll_win,A1,1,0.6245161290322581,0.6283870967741935,126,80,1,0,False,0.22455811500549316
7,roll_win,A1,2,0.6058064516129033,0.6425806451612902,126,80,1,0,False,0.22565460205078125
7,roll_win,A1,3,0.6612903225806452,0.6212903225806452,126,80,1,0,False,0.21171188354492188
7,roll_win,A1,4,0.5832258064516129,0.5587096774193548,126,80,1,0,False,0.20389914512634277
7,roll_win,A1,5,0.587741935483871,0.5651612903225806,126,80,1,0,False,0.21551895141601562
7,roll_win,A1,6,0.62,0.47483870967741937,126,80,1,0,False,0.2235729694366455
7,roll_win,A1,7,0.6567741935483871,0.6399999999999999,126,80,1,0,False,0.27271080017089844
7,roll_win,A1,8,0.56,0.6270967741935485,126,80,1,0,False,0.22115612030029297
7,roll_win,A1,9,0.652258064516129,0.6380645161290324,126,80,1,0,False,0.23489689826965332
7,roll_win,A1,10,0.535483870967742,0.712258064516129,126,80,1,0,False,0.2118217945098877
7,roll_win,A1,11,0.5554838709677419,0.6696774193548387,126,80,1,0,False,0.21519112586975098
7,roll_win,A1,12,0.5529032258064517,0.6419354838709678,126,80,1,0,False,0.21811413764953613
7,roll_win,A1,13,0.6393548387096775,0.4690322580645161,126,80,1,0,False,0.2600870132446289
7,roll_win,A1,14,0.5477419354838711,0.5967741935483871,126,80,1,0,False,0.20092010498046875
7,roll_win,A1,15,0.4838709677419355,0.4529032258064516,126,80,1,0,False,0.20306992530822754
7,roll_win,A1,16,0.6509677419354839,0.5664516129032258,126,80,1,0,False,0.20671772956848145
7,roll_win,A1,17,0.6116129032258064,0.6148387096774194,126,80,1,0,False,0.20004987716674805
7,roll_win,A1,18,0.5516129032258064,0.5296774193548387,126,80,1,0,False,0.20563387870788574
7,roll_win,A1,19,0.6361290322580645,0.6206451612903227,126,80,1,0,False,0.213881254196167
7,roll_win,A1,20,0.6367741935483872,0.6587096774193548,126,80,1,0,False,0.21835970878601074
7,roll_win,A1,21,0.6225806451612903,0.6341935483870969,126,80,1,0,False,0.23714590072631836
7,roll_win,A1,22,0.5961290322580645,0.5941935483870968,126,80,1,0,False,0.21546411514282227
7,roll_win,A1,23,0.4541935483870968,0.713548387096774,126,80,1,0,False,0.22168302536010742
7,roll_win,A1,24,0.6509677419354839,0.5503225806451614,126,80,1,0,False,0.21190404891967773
7,roll_win,A1,25,0.5961290322580646,0.6470967741935484,126,80,1,0,False,0.22308707237243652
7,roll_win,A1,26,0.5103225806451612,0.7206451612903226,126,80,1,0,False,0.23231220245361328
7,roll_win,A1,27,0.5961290322580645,0.5406451612903226,126,80,1,0,False,0.24577713012695312
7,roll_win,A1,28,0.707741935483871,0.46709677419354834,126,80,1,0,False,0.2161860466003418
7,roll_win,A1,29,0.516774193548387,0.6277419354838709,126,80,1,0,False,0.211989164352417
7,roll_win,A2,0,0.5974193548387098,0.5696774193548387,78,80,1,48,False,0.15471696853637695
7,roll_win,A2,1,0.6522580645161291,0.5561290322580645,77,80,1,49,False,0.1742420196533203
7,roll_win,A2,2,0.5554838709677419,0.5864516129032259,78,80,1,48,False,0.17141985893249512
7,roll_win,A2,3,0.5980645161290322,0.5638709677419356,80,80,1,46,False,0.17185497283935547
7,roll_win,A2,4,0.5941935483870968,0.56,77,80,1,49,False,0.17657804489135742
7,roll_win,A2,5,0.6058064516129033,0.6064516129032258,79,80,1,47,False,0.17074799537658691
7,roll_win,A2,6,0.6174193548387098,0.48258064516129034,79,80,1,47,False,0.181959867477417
7,roll_win,A2,7,0.6096774193548388,0.6077419354838709,79,80,1,47,False,0.17829179763793945
7,roll_win,A2,8,0.5735483870967741,0.5896774193548386,80,80,1,46,False,0.17736005783081055
7,roll_win,A2,9,0.6096774193548387,0.5116129032258064,80,80,1,46,False,0.18134808540344238
7,roll_win,A2,10,0.5309677419354839,0.7245161290322581,81,80,1,45,False,0.15427494049072266
7,roll_win,A2,11,0.5548387096774193,0.6703225806451614,77,80,1,49,False,0.15334486961364746
7,roll_win,A2,12,0.5096774193548387,0.6399999999999999,80,80,1,46,False,0.15625286102294922
7,roll_win,A2,13,0.5967741935483871,0.48,78,80,1,48,False,0.240797758102417
7,roll_win,A2,14,0.5567741935483871,0.5580645161290323,77,80,1,49,False,0.17195892333984375
7,roll_win,A2,15,0.46774193548387094,0.48193548387096774,76,80,1,50,False,0.19895291328430176
7,roll_win,A2,16,0.655483870967742,0.5922580645161291,80,80,1,46,False,0.16132783889770508
7,roll_win,A2,17,0.5548387096774193,0.6051612903225806,76,80,1,50,False,0.15217208862304688
7,roll_win,A2,18,0.572258064516129,0.5283870967741935,80,80,1,46,False,0.16126394271850586
7,roll_win,A2,19,0.6361290322580645,0.5761290322580646,78,80,1,48,False,0.16210293769836426
7,roll_win,A2,20,0.616774193548387,0.6709677419354838,79,80,1,47,False,0.16953086853027344
7,roll_win,A2,21,0.6193548387096773,0.6238709677419354,78,80,1,48,False,0.1625967025756836
7,roll_win,A2,22,0.6129032258064516,0.612258064516129,80,80,1,46,False,0.1700119972229004
7,roll_win,A2,23,0.444516129032258,0.7019354838709677,77,80,1,49,False,0.170363187789917
7,roll_win,A2,24,0.6290322580645161,0.5412903225806451,77,80,1,49,False,0.16666698455810547
7,roll_win,A2,25,0.627741935483871,0.5709677419354839,79,80,1,47,False,0.1520838737487793
7,roll_win,A2,26,0.4845161290322581,0.6780645161290323,80,80,1,46,False,0.16867709159851074
7,roll_win,A2,27,0.5535483870967741,0.5251612903225806,78,80,1,48,False,0.15822196006774902
7,roll_win,A2,28,0.6877419354838709,0.47548387096774186,80,80,1,46,False,0.15448379516601562
7,roll_win,A2,29,0.5316129032258065,0.5961290322580646,78,80,1,48,False,0.16573619842529297
7,roll_win,A3_k100,0,0.7219354838709677,0.6361290322580645,100,80,1,0,False,0.17918109893798828
7,roll_win,A3_k100,1,0.6993548387096775,0.6522580645161291,100,80,1,0,False,0.22525691986083984
7,roll_win,A3_k100,2,0.6883870967741935,0.6238709677419355,100,80,1,0,False,0.2107701301574707
7,roll_win,A3_k100,3,0.6774193548387097,0.5941935483870968,100,80,1,0,False,0.18955326080322266
7,roll_win,A3_k100,4,0.6903225806451613,0.5516129032258065,100,80,1,0,False,0.17499113082885742
7,roll_win,A3_k100,5,0.6877419354838709,0.615483870967742,100,80,1,0,False,0.16603493690490723
7,roll_win,A3_k100,6,0.6593548387096774,0.5793548387096774,100,80,1,0,False,0.1862201690673828
7,roll_win,A3_k100,7,0.6993548387096775,0.6567741935483872,100,80,1,0,False,0.18341588973999023
7,roll_win,A3_k100,8,0.5896774193548387,0.6019354838709677,100,80,1,0,False,0.2017359733581543
7,roll_win,A3_k100,9,0.7006451612903225,0.6051612903225807,100,80,1,0,False,0.1861128807067871
7,roll_win,A3_k100,10,0.6148387096774193,0.6490322580645161,100,80,1,0,False,0.18152594566345215
7,roll_win,A3_k100,11,0.567741935483871,0.6748387096774193,100,80,1,0,False,0.1840970516204834
7,roll_win,A3_k100,12,0.6619354838709678,0.5632258064516129,100,80,1,0,False,0.1944892406463623
7,roll_win,A3_k100,13,0.6509677419354839,0.516774193548387,100,80,1,0,False,0.20479679107666016
7,roll_win,A3_k100,14,0.5593548387096774,0.5664516129032258,100,80,1,0,False,0.19871282577514648
7,roll_win,A3_k100,15,0.5290322580645161,0.4787096774193549,100,80,1,0,False,0.16657710075378418
7,roll_win,A3_k100,16,0.7058064516129031,0.5535483870967742,100,80,1,0,False,0.18222308158874512
7,roll_win,A3_k100,17,0.6748387096774193,0.6251612903225806,100,80,1,0,False,0.18152689933776855
7,roll_win,A3_k100,18,0.5819354838709677,0.46064516129032257,100,80,1,0,False,0.18172812461853027
7,roll_win,A3_k100,19,0.7083870967741935,0.5903225806451612,100,80,1,0,False,0.17059993743896484
7,roll_win,A3_k100,20,0.6825806451612904,0.6464516129032258,100,80,1,0,False,0.1814577579498291
7,roll_win,A3_k100,21,0.6729032258064517,0.6103225806451613,100,80,1,0,False,0.19124078750610352
7,roll_win,A3_k100,22,0.5806451612903225,0.5980645161290323,100,80,1,0,False,0.1880021095275879
7,roll_win,A3_k100,23,0.49741935483870964,0.7516129032258064,100,80,1,0,False,0.18546009063720703
7,roll_win,A3_k100,24,0.6941935483870967,0.5438709677419354,100,80,1,0,False,0.19794988632202148
7,roll_win,A3_k100,25,0.6470967741935484,0.5993548387096774,100,80,1,0,False,0.1853189468383789
7,roll_win,A3_k100,26,0.5987096774193548,0.7490322580645162,100,80,1,0,False,0.2191019058227539
7,roll_win,A3_k100,27,0.616774193548387,0.5748387096774192,100,80,1,0,False,0.18580985069274902
7,roll_win,A3_k100,28,0.7929032258064515,0.4774193548387097,100,80,1,0,False,0.18486499786376953
7,roll_win,A3_k100,29,0.604516129032258,0.636774193548387,100,80,1,0,False,0.15053796768188477
7,roll_win,A3_k50,0,0.7451612903225806,0.623225806451613,50,80,1,0,False,0.144331693649292
7,roll_win,A3_k50,1,0.7012903225806452,0.623225806451613,50,80,1,0,False,0.15690398216247559
7,roll_win,A3_k50,2,0.7238709677419355,0.5916129032258065,50,80,1,0,False,0.16019773483276367
7,roll_win,A3_k50,3,0.7064516129032258,0.5870967741935484,50,80,1,0,False,0.1481921672821045
7,roll_win,A3_k50,4,0.6883870967741935,0.5212903225806451,50,80,1,0,False,0.13405299186706543
7,roll_win,A3_k50,5,0.6722580645161289,0.5909677419354838,50,80,1,0,False,0.12929701805114746
7,roll_win,A3_k50,6,0.7,0.5412903225806451,50,80,1,0,False,0.14376020431518555
7,roll_win,A3_k50,7,0.7141935483870968,0.6122580645161291,50,80,1,0,False,0.14144396781921387
7,roll_win,A3_k50,8,0.6051612903225806,0.616774193548387,50,80,1,0,False,0.1479811668395996
7,roll_win,A3_k50,9,0.7348387096774194,0.5683870967741935,50,80,1,0,False,0.1304609775543213
7,roll_win,A3_k50,10,0.5664516129032258,0.6406451612903226,50,80,1,0,False,0.1389000415802002
7,roll_win,A3_k50,11,0.6051612903225806,0.6670967741935484,50,80,1,0,False,0.14891982078552246
7,roll_win,A3_k50,12,0.735483870967742,0.5948387096774194,50,80,1,0,False,0.14455795288085938
7,roll_win,A3_k50,13,0.6825806451612904,0.5251612903225806,50,80,1,0,False,0.21420574188232422
7,roll_win,A3_k50,14,0.5761290322580644,0.509032258064516,50,80,1,0,False,0.15995097160339355
7,roll_win,A3_k50,15,0.5896774193548387,0.5483870967741935,50,80,1,0,False,0.12385797500610352
7,roll_win,A3_k50,16,0.6974193548387096,0.5199999999999999,50,80,1,0,False,0.13818597793579102
7,roll_win,A3_k50,17,0.7432258064516128,0.6348387096774194,50,80,1,0,False,0.15358805656433105
7,roll_win,A3_k50,18,0.5754838709677419,0.4890322580645161,50,80,1,0,False,0.13783717155456543
7,roll_win,A3_k50,19,0.7251612903225806,0.6006451612903225,50,80,1,0,False,0.14755916595458984
7,roll_win,A3_k50,20,0.6883870967741936,0.6587096774193548,50,80,1,0,False,0.15035223960876465
7,roll_win,A3_k50,21,0.7335483870967742,0.6103225806451612,50,80,1,0,False,0.1381528377532959
7,roll_win,A3_k50,22,0.6174193548387097,0.6238709677419354,50,80,1,0,False,0.1418468952178955
7,roll_win,A3_k50,23,0.5154838709677418,0.7541935483870967,50,80,1,0,False,0.16366100311279297
7,roll_win,A3_k50,24,0.7090322580645161,0.5335483870967742,50,80,1,0,False,0.18592524528503418
7,roll_win,A3_k50,25,0.6361290322580646,0.5896774193548387,50,80,1,0,False,0.12807798385620117
7,roll_win,A3_k50,26,0.5987096774193549,0.727741935483871,50,80,1,0,False,0.1591780185699463
7,roll_win,A3_k50,27,0.6090322580645161,0.5483870967741935,50,80,1,0,False,0.1567070484161377
7,roll_win,A3_k50,28,0.7541935483870967,0.45806451612903226,50,80,1,0,False,0.15437698364257812
7,roll_win,A3_k50,29,0.5858064516129032,0.5761290322580646,50,80,1,0,False,0.11142516136169434
7,win,A0,0,0.7303225806451614,0.7619354838709677,115,0,0,0,False,0.19027304649353027
7,win,A0,1,0.6896774193548387,0.6741935483870968,115,0,0,0,False,0.1994950771331787
7,win,A0,2,0.6903225806451613,0.6909677419354839,115,0,0,0,False,0.18613386154174805
7,win,A0,3,0.7251612903225807,0.6174193548387096,115,0,0,0,False,0.1847679615020752
7,win,A0,4,0.707741935483871,0.5541935483870968,115,0,0,0,False,0.1768791675567627
7,win,A0,5,0.6696774193548387,0.6838709677419355,115,0,0,0,False,0.19843077659606934
7,win,A0,6,0.6522580645161291,0.6032258064516128,115,0,0,0,False,0.19513487815856934
7,win,A0,7,0.6961290322580644,0.7658064516129033,115,0,0,0,False,0.21060514450073242
7,win,A0,8,0.5509677419354839,0.675483870967742,115,0,0,0,False,0.18913006782531738
7,win,A0,9,0.7019354838709677,0.667741935483871,115,0,0,0,False,0.19927406311035156
7,win,A0,10,0.6083870967741936,0.6070967741935483,115,0,0,0,False,0.1822798252105713
7,win,A0,11,0.64,0.6735483870967742,115,0,0,0,False,0.20700597763061523
7,win,A0,12,0.5961290322580645,0.6445161290322581,115,0,0,0,False,0.18019390106201172
7,win,A0,13,0.7232258064516129,0.6606451612903226,115,0,0,0,False,0.19987702369689941
7,win,A0,14,0.5793548387096773,0.607741935483871,115,0,0,0,False,0.1835472583770752
7,win,A0,15,0.5406451612903226,0.5819354838709677,115,0,0,0,False,0.16776204109191895
7,win,A0,16,0.7290322580645162,0.7148387096774194,115,0,0,0,False,0.18349504470825195
7,win,A0,17,0.6929032258064516,0.5858064516129032,115,0,0,0,False,0.18678879737854004
7,win,A0,18,0.6748387096774192,0.6051612903225807,115,0,0,0,False,0.17127418518066406
7,win,A0,19,0.6148387096774194,0.5470967741935484,115,0,0,0,False,0.1713390350341797
7,win,A0,20,0.6987096774193549,0.6535483870967742,115,0,0,0,False,0.18467998504638672
7,win,A0,21,0.7038709677419355,0.6909677419354838,115,0,0,0,False,0.1876227855682373
7,win,A0,22,0.6548387096774193,0.6393548387096774,115,0,0,0,False,0.18627405166625977
7,win,A0,23,0.5283870967741935,0.7309677419354839,115,0,0,0,False,0.19211173057556152
7,win,A0,24,0.7406451612903227,0.5264516129032258,115,0,0,0,False,0.17410588264465332
7,win,A0,25,0.6006451612903226,0.7361290322580646,115,0,0,0,False,0.18755388259887695
7,win,A0,26,0.5941935483870968,0.6696774193548387,115,0,0,0,False,0.17290186882019043
7,win,A0,27,0.6012903225806452,0.5903225806451613,115,0,0,0,False,0.2053840160369873
7,win,A0,28,0.692258064516129,0.5283870967741935,115,0,0,0,False,0.20927691459655762
7,win,A0,29,0.5341935483870968,0.6225806451612903,115,0,0,0,False,0.1899700164794922
7,win,A1,0,0.7625806451612903,0.7283870967741936,82,30,3,0,False,0.17941713333129883
7,win,A1,1,0.68,0.6941935483870968,84,30,1,0,False,0.16968488693237305
7,win,A1,2,0.7141935483870968,0.6541935483870966,84,30,1,0,False,0.18676495552062988
7,win,A1,3,0.6993548387096774,0.612258064516129,82,30,3,0,False,0.1750319004058838
7,win,A1,4,0.6799999999999999,0.5438709677419354,82,30,3,0,False,0.17943072319030762
7,win,A1,5,0.6451612903225806,0.6470967741935485,82,30,3,0,False,0.17443084716796875
7,win,A1,6,0.6735483870967742,0.598709677419355,82,30,3,0,False,0.1744382381439209
7,win,A1,7,0.6987096774193547,0.7329032258064516,84,30,1,0,False,0.20254111289978027
7,win,A1,8,0.552258064516129,0.684516129032258,84,30,1,0,False,0.17334985733032227
7,win,A1,9,0.6890322580645161,0.692258064516129,82,30,3,0,False,0.17995119094848633
7,win,A1,10,0.6012903225806452,0.5967741935483871,84,30,1,0,False,0.17226386070251465
7,win,A1,11,0.6548387096774193,0.7238709677419355,84,30,1,0,False,0.1814560890197754
7,win,A1,12,0.636774193548387,0.6296774193548387,82,30,3,0,False,0.17219924926757812
7,win,A1,13,0.7432258064516128,0.72,82,30,3,0,False,0.19335293769836426
7,win,A1,14,0.5748387096774193,0.6064516129032258,82,30,3,0,False,0.16600799560546875
7,win,A1,15,0.5341935483870969,0.5858064516129032,82,30,3,0,False,0.16166019439697266
7,win,A1,16,0.7335483870967742,0.7258064516129032,84,30,1,0,False,0.17044687271118164
7,win,A1,17,0.7232258064516129,0.6329032258064515,82,30,3,0,False,0.16638898849487305
7,win,A1,18,0.6670967741935484,0.6225806451612904,84,30,1,0,False,0.16896510124206543
7,win,A1,19,0.6154838709677419,0.5767741935483871,82,30,3,0,False,0.17621660232543945
7,win,A1,20,0.6961290322580644,0.6774193548387097,84,30,1,0,False,0.17185282707214355
7,win,A1,21,0.6948387096774192,0.6851612903225807,84,30,1,0,False,0.19957780838012695
7,win,A1,22,0.669032258064516,0.6096774193548388,84,30,1,0,False,0.17444801330566406
7,win,A1,23,0.5541935483870968,0.7277419354838709,82,30,3,0,False,0.17696309089660645
7,win,A1,24,0.72,0.5458064516129032,84,30,1,0,False,0.22797298431396484
7,win,A1,25,0.5683870967741935,0.7090322580645162,84,30,1,0,False,0.17789125442504883
7,win,A1,26,0.6135483870967742,0.6890322580645162,82,30,3,0,False,0.1827869415283203
7,win,A1,27,0.5974193548387097,0.6,84,30,1,0,False,0.19033598899841309
7,win,A1,28,0.6954838709677419,0.5303225806451614,84,30,1,0,False,0.18600773811340332
7,win,A1,29,0.5470967741935483,0.6316129032258065,82,30,3,0,False,0.17508888244628906
7,win,A2,0,0.72,0.7470967741935484,47,30,3,35,False,0.12054109573364258
7,win,A2,1,0.7219354838709678,0.6503225806451614,50,30,1,34,False,0.1370410919189453
7,win,A2,2,0.6929032258064517,0.6316129032258064,50,30,1,34,False,0.13666200637817383
7,win,A2,3,0.664516129032258,0.6129032258064516,49,30,3,33,False,0.12671709060668945
7,win,A2,4,0.6393548387096775,0.5541935483870969,46,30,3,36,False,0.1265089511871338
7,win,A2,5,0.68,0.6535483870967742,47,30,3,35,False,0.12965011596679688
7,win,A2,6,0.6561290322580645,0.5967741935483871,50,30,3,32,False,0.14085793495178223
7,win,A2,7,0.6767741935483871,0.7412903225806452,47,30,1,37,False,0.13251113891601562
7,win,A2,8,0.5690322580645161,0.6580645161290324,49,30,1,35,False,0.16083097457885742
7,win,A2,9,0.6890322580645161,0.5993548387096774,48,30,3,34,False,0.1307997703552246
7,win,A2,10,0.6541935483870968,0.6148387096774193,48,30,1,36,False,0.12671899795532227
7,win,A2,11,0.6406451612903227,0.6974193548387096,51,30,1,33,False,0.15303301811218262
7,win,A2,12,0.6670967741935484,0.6064516129032258,48,30,3,34,False,0.13959884643554688
7,win,A2,13,0.7638709677419354,0.6329032258064516,50,30,3,32,False,0.14421296119689941
7,win,A2,14,0.5593548387096774,0.6316129032258064,50,30,3,32,False,0.12209272384643555
7,win,A2,15,0.5238709677419355,0.5683870967741935,49,30,3,33,False,0.1289529800415039
7,win,A2,16,0.7058064516129033,0.6845161290322581,51,30,1,33,False,0.1370527744293213
7,win,A2,17,0.7322580645161291,0.5935483870967742,50,30,3,32,False,0.13219714164733887
7,win,A2,18,0.6606451612903226,0.6000000000000001,52,30,1,32,False,0.13384604454040527
7,win,A2,19,0.6503225806451612,0.5548387096774193,47,30,3,35,False,0.1310122013092041
7,win,A2,20,0.6696774193548387,0.6793548387096774,48,30,1,36,False,0.12433791160583496
7,win,A2,21,0.7000000000000001,0.6761290322580645,51,30,1,33,False,0.16469383239746094
7,win,A2,22,0.6232258064516129,0.6283870967741936,50,30,1,34,False,0.13817071914672852
7,win,A2,23,0.5438709677419356,0.7225806451612904,50,30,3,32,False,0.13482379913330078
7,win,A2,24,0.7219354838709677,0.5729032258064516,51,30,1,33,False,0.14676189422607422
7,win,A2,25,0.5974193548387097,0.6954838709677419,51,30,1,33,False,0.1339261531829834
7,win,A2,26,0.616774193548387,0.6929032258064516,49,30,3,33,False,0.13594484329223633
7,win,A2,27,0.5974193548387097,0.5800000000000001,51,30,1,33,False,0.14780592918395996
7,win,A2,28,0.7058064516129032,0.5425806451612903,51,30,1,33,False,0.1373910903930664
7,win,A2,29,0.5116129032258065,0.6309677419354839,48,30,3,34,False,0.11791586875915527
7,win,A3_k100,0,0.7625806451612903,0.7283870967741936,82,30,3,0,True,0.0
7,win,A3_k100,1,0.68,0.6941935483870968,84,30,1,0,True,0.0
7,win,A3_k100,2,0.7141935483870968,0.6541935483870966,84,30,1,0,True,0.0
7,win,A3_k100,3,0.6993548387096774,0.612258064516129,82,30,3,0,True,0.0
7,win,A3_k100,4,0.6799999999999999,0.5438709677419354,82,30,3,0,True,0.0
7,win,A3_k100,5,0.6451612903225806,0.6470967741935485,82,30,3,0,True,0.0
7,win,A3_k100,6,0.6735483870967742,0.598709677419355,82,30,3,0,True,0.0
7,win,A3_k100,7,0.6987096774193547,0.7329032258064516,84,30,1,0,True,0.0
7,win,A3_k100,8,0.552258064516129,0.684516129032258,84,30,1,0,True,0.0
7,win,A3_k100,9,0.6890322580645161,0.692258064516129,82,30,3,0,True,0.0
7,win,A3_k100,10,0.6012903225806452,0.5967741935483871,84,30,1,0,True,0.0
7,win,A3_k100,11,0.6548387096774193,0.7238709677419355,84,30,1,0,True,0.0
7,win,A3_k100,12,0.636774193548387,0.6296774193548387,82,30,3,0,True,0.0
7,win,A3_k100,13,0.7432258064516128,0.72,82,30,3,0,True,0.0
7,win,A3_k100,14,0.5748387096774193,0.6064516129032258,82,30,3,0,True,0.0
7,win,A3_k100,15,0.5341935483870969,0.5858064516129032,82,30,3,0,True,0.0
7,win,A3_k100,16,0.7335483870967742,0.7258064516129032,84,30,1,0,True,0.0
7,win,A3_k100,17,0.7232258064516129,0.6329032258064515,82,30,3,0,True,0.0
7,win,A3_k100,18,0.6670967741935484,0.6225806451612904,84,30,1,0,True,0.0
7,win,A3_k100,19,0.6154838709677419,0.5767741935483871,82,30,3,0,True,0.0
7,win,A3_k100,20,0.6961290322580644,0.6774193548387097,84,30,1,0,True,0.0
7,win,A3_k100,21,0.6948387096774192,0.6851612903225807,84,30,1,0,True,0.0
7,win,A3_k100,22,0.669032258064516,0.6096774193548388,84,30,1,0,True,0.0
7,win,A3_k100,23,0.5541935483870968,0.7277419354838709,82,30,3,0,True,0.0
7,win,A3_k100,24,0.72,0.5458064516129032,84,30,1,0,True,0.0
7,win,A3_k100,25,0.5683870967741935,0.7090322580645162,84,30,1,0,True,0.0
7,win,A3_k100,26,0.6135483870967742,0.6890322580645162,82,30,3,0,True,0.0
7,win,A3_k100,27,0.5974193548387097,0.6,84,30,1,0,True,0.0
7,win,A3_k100,28,0.6954838709677419,0.5303225806451614,84,30,1,0,True,0.0
7,win,A3_k100,29,0.5470967741935483,0.6316129032258065,82,30,3,0,True,0.0
7,win,A3_k50,0,0.7290322580645161,0.7077419354838709,50,30,3,0,False,0.13590598106384277
7,win,A3_k50,1,0.7619354838709678,0.6651612903225806,50,30,1,0,False,0.14593100547790527
7,win,A3_k50,2,0.7032258064516129,0.6748387096774193,50,30,1,0,False,0.1570277214050293
7,win,A3_k50,3,0.7387096774193548,0.5870967741935484,50,30,3,0,False,0.14223194122314453
7,win,A3_k50,4,0.7167741935483871,0.5741935483870968,50,30,3,0,False,0.15091419219970703
7,win,A3_k50,5,0.6916129032258064,0.6793548387096774,50,30,3,0,False,0.13237619400024414
7,win,A3_k50,6,0.7290322580645161,0.5509677419354838,50,30,3,0,False,0.1432509422302246
7,win,A3_k50,7,0.7103225806451613,0.7625806451612903,50,30,1,0,False,0.15030479431152344
7,win,A3_k50,8,0.6258064516129033,0.5412903225806451,50,30,1,0,False,0.15652728080749512
7,win,A3_k50,9,0.7251612903225807,0.6870967741935484,50,30,3,0,False,0.13283514976501465
7,win,A3_k50,10,0.704516129032258,0.6148387096774193,50,30,1,0,False,0.1596202850341797
7,win,A3_k50,11,0.7038709677419355,0.7432258064516128,50,30,1,0,False,0.12557506561279297
7,win,A3_k50,12,0.7,0.6129032258064516,50,30,3,0,False,0.1442430019378662
7,win,A3_k50,13,0.7716129032258064,0.64,50,30,3,0,False,0.13598275184631348
7,win,A3_k50,14,0.623225806451613,0.6193548387096776,50,30,3,0,False,0.14673709869384766
7,win,A3_k50,15,0.5858064516129031,0.5658064516129031,50,30,3,0,False,0.15668797492980957
7,win,A3_k50,16,0.7548387096774194,0.6838709677419355,50,30,1,0,False,0.13721799850463867
7,win,A3_k50,17,0.7651612903225806,0.603225806451613,50,30,3,0,False,0.12693095207214355
7,win,A3_k50,18,0.6593548387096775,0.6161290322580645,50,30,1,0,False,0.1290600299835205
7,win,A3_k50,19,0.72,0.5664516129032258,50,30,3,0,False,0.1361980438232422
7,win,A3_k50,20,0.7316129032258065,0.6838709677419355,50,30,1,0,False,0.13859295845031738
7,win,A3_k50,21,0.76,0.6664516129032259,50,30,1,0,False,0.1581430435180664
7,win,A3_k50,22,0.68,0.6483870967741935,50,30,1,0,False,0.1535170078277588
7,win,A3_k50,23,0.5516129032258065,0.7470967741935483,50,30,3,0,False,0.14159798622131348
7,win,A3_k50,24,0.7419354838709676,0.5464516129032259,50,30,1,0,False,0.16409802436828613
7,win,A3_k50,25,0.7303225806451613,0.7419354838709676,50,30,1,0,False,0.13593173027038574
7,win,A3_k50,26,0.6309677419354839,0.643225806451613,50,30,3,0,False,0.13630318641662598
7,win,A3_k50,27,0.6729032258064516,0.6225806451612903,50,30,1,0,False,0.14243388175964355
7,win,A3_k50,28,0.7529032258064516,0.5870967741935484,50,30,1,0,False,0.12714600563049316
7,win,A3_k50,29,0.5554838709677419,0.6193548387096773,50,30,3,0,False,0.15737009048461914
