arm,alloc,user,y,p_class1
BASE_x_P40,0,1685,1,0.6619846052063829
BASE_x_P40,0,16787,0,0.5624519441367387
BASE_x_P40,0,19126,1,0.7875156283981657
BASE_x_P40,0,19450,0,0.5435805950894796
BASE_x_P40,0,28836,1,0.6950918143599172
BASE_x_P40,0,30502,1,0.6890958427466022
BASE_x_P40,0,33225,1,0.47086892690588783
BASE_x_P40,0,34146,1,0.5021829312232035
BASE_x_P40,0,34428,0,0.5528541239140442
BASE_x_P40,0,42331,1,0.7942561760108484
BASE_x_P40,0,42450,1,0.738441693962179
BASE_x_P40,0,42908,1,0.7445228514618595
BASE_x_P40,0,43628,1,0.8720793549639219
BASE_x_P40,0,56380,1,0.6653729482198846
BASE_x_P40,0,60519,1,0.6891347131175894
BASE_x_P40,0,70147,0,0.6940137900800392
BASE_x_P40,0,71731,1,0.7164189160403533
BASE_x_P40,0,72256,1,0.7053512695894685
BASE_x_P40,0,75558,1,0.4980265652316739
BASE_x_P40,0,78778,0,0.16456382520708776
BASE_x_P40,0,80412,1,0.5406596595118397
BASE_x_P40,0,86179,1,0.7022430212451924
BASE_x_P40,0,86305,1,0.6135346109315631
BASE_x_P40,0,86310,1,0.644331376319727
BASE_x_P40,0,99452,0,0.25810143039095546
BASE_x_P40,0,100693,1,0.6487754622750194
BASE_x_P40,0,105892,1,0.39436687591521136
BASE_x_P40,0,108335,0,0.27444569405596136
BASE_x_P40,0,120088,1,0.6168158599778241
BASE_x_P40,0,121258,1,0.748754514786216
BASE_x_P40,0,121544,1,0.68684908459874
BASE_x_P40,0,121744,1,0.7089113622179757
BASE_x_P40,0,138237,1,0.6809907831706442
BASE_x_P40,0,141681,1,0.7961798463874792
BASE_x_P40,0,144639,1,0.6396610049127288
BASE_x_P40,0,156299,1,0.7432069358904382
BASE_x_P40,0,156996,1,0.7166206492595955
BASE_x_P40,0,160524,0,0.37408710130379397
BASE_x_P40,0,174525,1,0.3138655312077188
BASE_x_P40,0,177730,1,0.4910999159089463
BASE_x_P40,0,179049,0,0.20335626668529783
BASE_x_P40,0,183219,0,0.6437531310769369
BASE_x_P40,0,184161,1,0.7380013262242043
BASE_x_P40,0,199745,0,0.5037530311672314
BASE_x_P40,0,200858,1,0.3765487995044397
BASE_x_P40,0,205829,1,0.8300006140336467
BASE_x_P40,0,207626,1,0.36198223231032606
BASE_x_P40,0,208120,0,0.6402584547146958
BASE_x_P40,0,210257,0,0.32479103042998025
BASE_x_P40,0,226106,1,0.774711084826456
BASE_x_P40,0,226610,1,0.6850801825408636
BASE_x_P40,0,247900,1,0.3587706130387985
BASE_x_P40,0,255650,1,0.7018999465371968
BASE_x_P40,0,266656,1,0.2813961550578234
BASE_x_P40,0,271131,1,0.6003774394418868
BASE_x_P40,0,273824,1,0.8019467860452296
BASE_x_P40,0,274268,1,0.7053430909340643
BASE_x_P40,0,278688,0,0.38073344002863807
BASE_x_P40,0,280634,1,0.5643339989606373
BASE_x_P40,0,284088,0,0.6652252555885693
BASE_x_P40,0,286403,1,0.6673561527750774
BASE_x_P40,0,290974,0,0.48154418060059484
BASE_x_P40,0,293205,0,0.47405038517637377
BASE_x_P40,0,298058,1,0.5459561390246632
BASE_x_P40,0,300174,0,0.4212141310338452
BASE_x_P40,0,301917,1,0.6373430426300553
BASE_x_P40,0,308684,1,0.37106495765640646
BASE_x_P40,0,309228,1,0.821417850262061
BASE_x_P40,0,311717,0,0.36307761467120814
BASE_x_P40,0,315660,1,0.7147284323511448
BASE_x_P40,0,317182,1,0.6683705857203138
BASE_x_P40,0,320374,0,0.38825007601785183
BASE_x_P40,0,323320,0,0.5113803160520403
BASE_x_P40,0,324095,1,0.8037877674988866
BASE_x_P40,0,328714,1,0.6655209614970462
BASE_x_P40,0,329983,1,0.7661681235116576
BASE_x_P40,0,330603,1,0.7583801547608531
BASE_x_P40,0,331536,1,0.7870584896805058
BASE_x_P40,0,333052,0,0.6593789657749255
BASE_x_P40,0,334461,1,0.28191559338668676
BASE_x_P40,0,335240,0,0.51304789923959
BASE_x_P40,0,345347,1,0.5679225499366375
BASE_x_P40,0,348496,1,0.6161804719172468
BASE_x_P40,0,355419,1,0.5495864080351773
BASE_x_P40,0,359014,0,0.6984896119407284
BASE_x_P40,0,359330,0,0.15874814849783556
BASE_x_P40,0,361397,1,0.5799034550853905
BASE_x_P40,0,361916,1,0.7123524661861788
BASE_x_P40,0,366159,1,0.588229373197748
BASE_x_P40,0,366344,0,0.6569751978815168
BASE_x_P40,0,367930,1,0.547418559985093
BASE_x_P40,0,374662,1,0.6112245811404161
BASE_x_P40,0,383626,1,0.7201239751269926
BASE_x_P40,0,388622,1,0.6582364327286158
BASE_x_P40,0,391348,0,0.7133158017376544
BASE_x_P40,0,402720,1,0.7655712385449217
BASE_x_P40,0,410795,1,0.6955751702259545
BASE_x_P40,0,413554,1,0.6609506185301178
BASE_x_P40,0,415824,1,0.3869688756682141
BASE_x_P40,0,418425,0,0.21289478693534797
BASE_x_P40,0,419629,1,0.8336111562566293
BASE_x_P40,0,427380,1,0.6464285399365362
BASE_x_P40,0,430595,1,0.7332347858375151
BASE_x_P40,0,436619,0,0.42497118241571763
BASE_x_P40,0,445545,1,0.6313568743354397
BASE_x_P40,0,457179,1,0.9319542307746321
BASE_x_P40,0,463375,1,0.8448879933493592
BASE_x_P40,0,465489,0,0.34550420981444846
BASE_x_P40,0,471955,1,0.5528952283000045
BASE_x_P40,0,478525,0,0.3192896577117797
BASE_x_P40,0,479849,0,0.39063249458101695
BASE_x_P40,0,479859,0,0.1933894740685444
BASE_x_P40,0,480021,0,0.5705676295712342
BASE_x_P40,0,481454,0,0.22774689281620336
BASE_x_P40,0,486341,0,0.16450747212060648
BASE_x_P40,0,486901,0,0.6436244987472003
BASE_x_P40,0,490630,1,0.34838153083270584
BASE_x_P40,0,490818,1,0.6531173253529812
BASE_x_P40,0,498363,1,0.8553707697225735
BASE_x_P40,0,508572,1,0.5508775310038225
BASE_x_P40,0,510306,0,0.17415166336476934
BASE_x_P40,0,511018,0,0.799598179675439
BASE_x_P40,0,513568,0,0.22535698118678604
BASE_x_P40,0,524155,0,0.7189999048442869
BASE_x_P40,0,526137,0,0.8191344692739484
BASE_x_P40,0,531193,0,0.24216458781463576
BASE_x_P40,0,531815,0,0.5135606734227628
BASE_x_P40,0,534077,1,0.6545814875159256
BASE_x_P40,0,536736,1,0.4592616246112945
BASE_x_P40,0,544153,1,0.7847590360134032
BASE_x_P40,0,548749,1,0.6967065476395962
BASE_x_P40,0,552900,1,0.7491375321309031
BASE_x_P40,0,552901,1,0.5413198894948278
BASE_x_P40,0,553161,0,0.9382922601284858
BASE_x_P40,0,554960,0,0.31349876346766037
BASE_x_P40,0,560123,1,0.89748305118161
BASE_x_P40,0,565232,1,0.6846161838047321
BASE_x_P40,0,565908,0,0.5591918641603177
BASE_x_P40,0,566012,1,0.7194768648422898
BASE_x_P40,0,569789,0,0.33942671611101183
BASE_x_P40,0,573425,1,0.6223668987357867
BASE_x_P40,0,575730,0,0.6031981206182557
BASE_x_P40,0,577067,1,0.6994082443079421
BASE_x_P40,0,580587,0,0.3100387426751597
BASE_x_P40,0,584433,0,0.2298833710272609
BASE_x_P40,0,585465,1,0.6420898094865592
BASE_x_P40,0,589139,1,0.806425773103155
BASE_x_P40,0,596051,1,0.6106826334782189
BASE_x_P40,0,596437,0,0.7535184053856314
BASE_x_P40,0,599359,1,0.7744815644482835
BASE_x_P40,0,606159,1,0.568522745867183
BASE_x_P40,0,608537,1,0.5422161938369203
BASE_x_P40,0,612686,0,0.5786096556962717
BASE_x_P40,0,616172,1,0.6680810866782079
BASE_x_P40,0,625501,0,0.4622191558131801
BASE_x_P40,0,627006,1,0.895271606637141
BASE_x_P40,0,627556,1,0.7954074227384502
BASE_x_P40,0,628661,1,0.8021728559656114
BASE_x_P40,0,639645,0,0.6396097727327036
BASE_x_P40,0,646867,1,0.7239501110913428
BASE_x_P40,0,648107,1,0.745985759963051
BASE_x_P40,0,648709,0,0.49266018420610874
BASE_x_P40,0,649449,0,0.3558112892027807
BASE_x_P40,0,654746,1,0.7777921316320462
BASE_x_P40,0,660164,1,0.4717179520175845
BASE_x_P40,0,663130,1,0.5043960019646954
BASE_x_P40,0,663406,1,0.4378400976145936
BASE_x_P40,0,670955,1,0.7611306307707065
BASE_x_P40,0,673553,1,0.7814372425248327
BASE_x_P40,0,675907,0,0.43745588817436265
BASE_x_P40,0,677917,1,0.6756732716736622
BASE_x_P40,0,677928,1,0.5242930942435085
BASE_x_P40,0,682565,1,0.2894067798924668
BASE_x_P40,0,690734,0,0.42596723417714827
BASE_x_P40,0,690987,1,0.5560330513415517
BASE_x_P40,0,692458,1,0.52524088427195
BASE_x_P40,0,695588,1,0.6661078634733851
BASE_x_P40,0,697830,0,0.42706152846715084
BASE_x_P40,0,702078,0,0.6039348507011922
BASE_x_P40,0,704317,0,0.5503991613459958
BASE_x_P40,0,706141,1,0.4767560220714943
BASE_x_P40,0,708388,1,0.7489381771715325
BASE_x_P40,0,709192,0,0.5111077831517647
BASE_x_P40,0,709722,1,0.4803259320285502
BASE_x_P40,0,711711,1,0.8185671441009069
BASE_x_P40,0,711782,1,0.7339785369935506
BASE_x_P40,0,714764,0,0.6187114596423438
BASE_x_P40,0,714952,1,0.43234154840571715
BASE_x_P40,0,719050,0,0.32456027625399025
BASE_x_P40,0,719225,1,0.7466571325331768
BASE_x_P40,0,723474,0,0.5531949160344398
BASE_x_P40,0,725470,0,0.6220972092023049
BASE_x_P40,0,738078,0,0.49012679589219116
BASE_x_P40,0,741884,0,0.7382527211108428
BASE_x_P40,0,742551,0,0.6111435660280686
BASE_x_P40,0,744145,0,0.581380232977833
BASE_x_P40,0,744767,0,0.42135500888511657
BASE_x_P40,0,750881,0,0.5396025092215637
BASE_x_P40,0,752970,0,0.6504463564157398
BASE_x_P40,0,755356,0,0.44724957832934925
BASE_x_P40,0,762014,0,0.6070841974223833
BASE_x_P40,0,767773,0,0.45717997485843276
BASE_x_P40,0,768313,1,0.696303937173839
BASE_x_P40,0,769720,1,0.8812855916926108
BASE_x_P40,0,772900,0,0.5447308967739639
BASE_x_P40,0,776444,1,0.842000893591146
BASE_x_P40,0,777118,1,0.6908875248705411
BASE_x_P40,0,778111,1,0.2922661910593669
BASE_x_P40,0,779406,0,0.3012507099390219
BASE_x_P40,0,783140,1,0.5190815904501938
BASE_x_P40,0,784920,1,0.8727743458962844
BASE_x_P40,0,786776,0,0.5330270704657211
BASE_x_P40,0,789093,0,0.633068186404154
BASE_x_P40,0,806762,0,0.2818913505284636
BASE_x_P40,0,808258,0,0.5489534940693039
BASE_x_P40,0,809234,1,0.7893743892529428
BASE_x_P40,0,810874,0,0.49572647278938325
BASE_x_P40,0,820729,1,0.6348988032904086
BASE_x_P40,0,822027,0,0.7061182603897449
BASE_x_P40,0,822463,1,0.26888782307582654
BASE_x_P40,0,831454,0,0.10767567421877124
BASE_x_P40,0,835159,1,0.773906058509573
BASE_x_P40,0,839451,0,0.3977763515601265
BASE_x_P40,0,858119,0,0.6442572259381609
BASE_x_P40,0,859236,0,0.29116099242561405
BASE_x_P40,0,866317,1,0.893203951967593
BASE_x_P40,0,869519,1,0.33792651348922353
BASE_x_P40,0,873012,1,0.4941272257360155
BASE_x_P40,0,877831,0,0.7785478467617613
BASE_x_P40,0,884569,1,0.6053498198371351
BASE_x_P40,0,889657,1,0.4649132337005883
BASE_x_P40,0,900534,1,0.7393615583879245
BASE_x_P40,0,900750,1,0.7252907423347071
BASE_x_P40,0,903654,1,0.6489100393238398
BASE_x_P40,0,944315,0,0.6356404874738336
BASE_x_P40,0,951654,0,0.5194930490299801
BASE_x_P40,0,952219,0,0.38861840488798827
BASE_x_P40,0,953656,0,0.5473862433510766
BASE_x_P40,0,954477,1,0.5948954240843406
BASE_x_P40,0,955669,0,0.3553544496969064
BASE_x_P40,0,955753,1,0.7321578221659477
BASE_x_P40,0,957325,1,0.5627770773647295
BASE_x_P40,0,959155,0,0.6323376449642919
BASE_x_P40,0,962643,1,0.5118556850882405
BASE_x_P40,0,963985,1,0.6470109340493666
BASE_x_P40,0,969827,0,0.24476276352273746
BASE_x_P40,0,972950,1,0.7559789285778399
BASE_x_P40,0,976523,1,0.3461104083271793
BASE_x_P40,0,982253,1,0.7201707093859611
BASE_x_P40,0,982817,0,0.19361718516175255
BASE_x_P40,0,984065,0,0.2773042474257845
BASE_x_P40,0,985152,1,0.47378452571649887
BASE_x_P40,0,989331,1,0.5195395356541255
BASE_x_P40,0,990528,0,0.54342513175744
BASE_x_P40,0,994044,1,0.49446662491739984
BASE_x_P40,0,994160,1,0.7902654051056182
BASE_x_P40,0,995496,1,0.6367929829882456
BASE_x_P40,0,996219,0,0.5865052011543012
BASE_x_P40,0,996860,0,0.5047495748928252
BASE_x_P40,0,998151,1,0.5131621494981166
BASE_x_P40,0,998708,1,0.6343621275745575
BASE_x_P40,0,1001502,0,0.5378657318280679
BASE_x_P40,0,1001535,1,0.5586930622715727
BASE_x_P40,0,1003409,1,0.6082632002533093
BASE_x_P40,0,1005171,1,0.8040981079750306
BASE_x_P40,0,1005401,1,0.6635573780463437
BASE_x_P40,0,1005619,1,0.37002605439145114
BASE_x_P40,0,1006944,1,0.7227246508667738
BASE_x_P40,0,1012321,1,0.4519981231362466
BASE_x_P40,0,1017249,1,0.38844039321361534
BASE_x_P40,0,1043429,1,0.675605200425089
BASE_x_P40,0,1046104,0,0.8315782582812024
BASE_x_P40,0,1048580,1,0.7835057423668331
BASE_x_P40,0,1049831,0,0.43135174862273323
BASE_x_P40,0,1050525,1,0.6009791428561008
BASE_x_P40,0,1053386,0,0.446940026254566
BASE_x_P40,0,1054567,0,0.4607404450135826
BASE_x_P40,0,1057686,0,0.41971889631933357
BASE_x_P40,0,1058429,1,0.5742212912116262
BASE_x_P40,0,1063812,0,0.4946115912956548
BASE_x_P40,0,1066129,1,0.9043956351947635
BASE_x_P40,0,1066734,1,0.6534724475166764
BASE_x_P40,0,1067828,1,0.7486619768874897
BASE_x_P40,0,1069003,0,0.5952717853192301
BASE_x_P40,0,1069689,1,0.4606911992134243
BASE_x_P40,0,1071527,1,0.6486711475442697
BASE_x_P40,0,1072194,1,0.6586046486691269
BASE_x_P40,0,1073214,1,0.4385097442777333
BASE_x_P40,0,1073787,1,0.422493522441194
BASE_x_P40,0,1074093,1,0.35125234279673434
BASE_x_P40,0,1074163,1,0.5869046640199134
BASE_x_P40,0,1074275,1,0.6958896516480298
BASE_x_P40,0,1074306,1,0.6718654710439641
BASE_x_P40,0,1075816,1,0.7568304408478926
BASE_x_P40,0,1077606,1,0.7663813448790942
BASE_x_P40,0,1079219,0,0.12459960766005715
BASE_x_P40,0,1079656,1,0.5295862523918043
BASE_x_P40,0,1079923,0,0.28737008523108787
BASE_x_P40,0,1080366,1,0.845814020362072
BASE_x_P40,0,1080459,1,0.919702111435369
BASE_x_P40,0,1081059,1,0.5840678430102958
BASE_x_P40,0,1081383,0,0.7291461320816471
BASE_x_P40,0,1082739,1,0.49543696496566925
BASE_x_P40,0,1084267,1,0.7845116520283101
BASE_x_P40,0,1084497,1,0.43788088511136125
BASE_x_P40,0,1085709,1,0.5189869191794172
BASE_x_P40,0,1086243,1,0.7782202377217746
BASE_x_P40,0,1086991,0,0.5531890755498692
BASE_x_P40,0,1087391,0,0.26773277602334344
BASE_x_P40,0,1089172,1,0.6060840810855644
BASE_x_P40,0,1090438,1,0.8002561544521163
BASE_x_P40,0,1090543,1,0.4911564453936013
BASE_x_P40,0,1091014,1,0.48756691044215145
BASE_x_P40,0,1091583,1,0.7154979255066459
BASE_x_P40,0,1092848,1,0.5289443703216733
BASE_x_P40,0,1093401,1,0.857461456337493
BASE_x_P40,0,1094456,1,0.48491205135064114
BASE_x_P40,0,1094730,0,0.18222788896554107
BASE_x_P40,0,1095404,1,0.7530640244812231
BASE_x_P40,0,1097324,1,0.43159368326259245
BASE_x_P40,0,1097843,0,0.4780804815001535
BASE_x_P40,0,1098849,1,0.6812493889894765
BASE_x_P40,0,1099078,1,0.6419900622340831
BASE_x_P40,0,1101406,0,0.27779965038196097
BASE_x_P40,0,1102276,1,0.5249256447093432
BASE_x_P40,0,1102389,1,0.9106583327102584
BASE_x_P40,0,1102856,1,0.3412922639595484
BASE_x_P40,0,1102873,1,0.6702543412148434
BASE_x_P40,0,1104038,1,0.8846468851423953
BASE_x_P40,0,1104198,1,0.5309740168769931
BASE_x_P40,0,1104592,1,0.6911857001929591
BASE_x_P40,0,1105837,1,0.6571208592718034
BASE_x_P40,0,1106300,1,0.5758337667522418
BASE_x_P40,0,1106784,1,0.5000207059250235
BASE_x_P40,0,1107575,0,0.5441493663697203
BASE_x_P40,0,1107631,1,0.6175664617550349
BASE_x_P40,0,1109280,1,0.7805580326683317
BASE_x_P40,0,1109598,1,0.8191983434488032
BASE_x_P40,0,1110598,0,0.3991965787610322
BASE_x_P40,0,1111123,1,0.3953245799157785
BASE_x_P40,0,1112333,1,0.7493695151602919
BASE_x_P40,0,1112425,1,0.46049955276666765
BASE_x_P40,0,1112671,1,0.5577381095377913
BASE_x_P40,0,1112684,0,0.4056471726859449
BASE_x_P40,0,1112999,0,0.14394598409386156
BASE_x_P40,0,1113155,0,0.4223321465194776
BASE_x_P40,0,1113808,0,0.30689160238058233
BASE_x_P40,0,1114105,0,0.7737575603327747
BASE_x_P40,0,1114679,1,0.44845337440835675
BASE_x_P40,0,1115212,1,0.5862428155896681
BASE_x_P40,0,1115227,1,0.8888793628621269
BASE_x_P40,0,1115247,0,0.6319840265129103
BASE_x_P40,0,1115342,0,0.46923575316282645
BASE_x_P40,0,1116507,1,0.7288025255864388
BASE_x_P40,0,1116601,0,0.2771963528622995
BASE_x_P40,0,1117267,1,0.7900645192197447
BASE_x_P40,0,1118542,0,0.23924361993550558
BASE_x_P40,0,1119067,1,0.6897322012831469
BASE_x_P40,0,1119591,1,0.8318261289484014
BASE_x_P40,0,1120775,1,0.432408567432643
BASE_x_P40,0,1121443,0,0.4386269793186203
BASE_x_P40,0,1121623,1,0.6235677279712111
BASE_x_P40,0,1121672,1,0.4848692829398786
BASE_x_P40,0,1121926,1,0.6061070027386092
BASE_x_P40,0,1122760,0,0.25827040665093115
BASE_x_P40,0,1123500,1,0.579829942603281
BASE_x_P40,0,1123559,0,0.46473085068946374
BASE_x_P40,0,1123910,1,0.674612604035562
BASE_x_P40,0,1124180,0,0.367088808104204
BASE_x_P40,0,1124561,0,0.7500342639888982
BASE_x_P40,0,1124658,0,0.47351418249563015
BASE_x_P40,0,1125073,1,0.6376835062229924
BASE_x_P40,0,1125442,1,0.8630093047363755
BASE_x_P40,0,1125468,1,0.8258563470112308
BASE_x_P40,0,1125785,1,0.6041452144966155
BASE_x_P40,0,1125964,1,0.6552788080599712
BASE_x_P40,0,1126244,0,0.43804855246085134
BASE_x_P40,0,1126443,0,0.5136207234319896
BASE_x_P40,0,1127029,0,0.7590247344413943
BASE_x_P40,0,1127233,0,0.616860323480224
BASE_x_P40,0,1127285,0,0.8294552370403074
BASE_x_P40,0,1127560,1,0.909846084128025
BASE_x_P40,0,1128027,1,0.6539709760854159
BASE_x_P40,0,1128117,1,0.7541881502295225
BASE_x_P40,0,1128350,1,0.6902248059727313
BASE_x_P40,0,1129253,1,0.1890707463187859
BASE_x_P40,0,1129383,1,0.5246771204168347
BASE_x_P40,0,1129695,1,0.5174867741009586
BASE_x_P40,0,1129961,0,0.1838839551180573
BASE_x_P40,0,1130530,0,0.6661328772602674
BASE_x_P40,0,1130533,1,0.6093654719563196
BASE_x_P40,0,1130623,0,0.37008164462232473
BASE_x_P40,0,1131355,1,0.4869917249483537
BASE_x_P40,0,1132251,1,0.6586500593366514
BASE_x_P40,0,1132286,0,0.7199187010586866
BASE_x_P40,0,1132874,1,0.8756316335797232
BASE_x_P40,0,1133607,1,0.8308468180770388
BASE_x_P40,0,1133778,1,0.8620871025709138
BASE_x_P40,0,1134518,0,0.4665068890725361
BASE_x_P40,0,1134921,1,0.8485542761406676
BASE_x_P40,0,1134927,1,0.7271852772996422
BASE_x_P40,0,1135001,1,0.5218334189492366
BASE_x_P40,0,1135191,0,0.20317588494856337
BASE_x_P40,0,1135626,1,0.5298134578876784
BASE_x_P40,0,1136569,0,0.2799170363955425
BASE_x_P40,0,1136878,1,0.6519141075638031
BASE_x_P40,0,1136925,0,0.6835194332437409
BASE_x_P40,0,1136946,0,0.19534963631448324
BASE_x_P40,0,1136981,1,0.7116440975148458
BASE_x_P40,0,1137818,1,0.19098833817519875
BASE_x_P40,0,1138374,0,0.2923570792100072
BASE_x_P40,0,1138681,1,0.6561211106770333
BASE_x_P40,0,1139209,0,0.18806314644963526
BASE_x_P40,0,1139275,1,0.743089990698817
BASE_x_P40,0,1139688,1,0.7002370213802033
BASE_x_P40,0,1139774,0,0.7814432649482067
BASE_x_P40,0,1139795,0,0.7634324754436911
BASE_x_P40,0,1142591,0,0.749996903815021
BASE_x_P40,0,1143113,1,0.6668493668151007
BASE_x_P40,0,1144147,0,0.556655987945718
BASE_x_P40,0,1144198,1,0.6600467093098156
BASE_x_P40,0,1144465,1,0.8988363364917664
BASE_x_P40,0,1145207,0,0.48020461529210984
BASE_x_P40,0,1146057,0,0.2399199884237137
BASE_x_P40,0,1146208,0,0.5814705692104388
BASE_x_P40,0,1146369,1,0.9063096669930821
BASE_x_P40,0,1147189,1,0.42801468370667095
BASE_x_P40,0,1147877,1,0.5635419091580025
BASE_x_P40,0,1148116,1,0.7623033274441194
BASE_x_P40,0,1148548,1,0.8599688789932313
BASE_x_P40,0,1149201,1,0.3008074862836668
BASE_x_P40,0,1150067,1,0.7052400638748564
BASE_x_P40,0,1150178,1,0.4817599413536179
BASE_x_P40,0,1151371,1,0.6140315372683629
BASE_x_P40,0,1151583,1,0.20389140890094787
BASE_x_P40,0,1152038,1,0.4486075427143516
BASE_x_P40,0,1152707,0,0.7362536038850503
BASE_x_P40,0,1152739,0,0.5325379371924124
BASE_x_P40,0,1153155,1,0.538139039914814
BASE_x_P40,0,1153244,1,0.342602207313237
BASE_x_P40,0,1154055,1,0.8046187959234469
BASE_x_P40,0,1155460,1,0.554226228380285
BASE_x_P40,0,1155554,1,0.6792936071351936
BASE_x_P40,0,1156261,1,0.4335021311633578
BASE_x_P40,0,1156634,1,0.8050269657065608
BASE_x_P40,0,1156847,1,0.5333608339893154
BASE_x_P40,0,1206184,1,0.4065075348346601
BASE_x_P40,0,1206257,1,0.7281681440472413
BASE_x_P40,0,1206751,1,0.7596266297784332
BASE_x_P40,0,1206811,1,0.47942088077157863
BASE_x_P40,0,1206867,1,0.729575203956767
BASE_x_P40,0,1207207,1,0.5059765089190074
BASE_x_P40,0,1208078,0,0.6173872934049373
BASE_x_P40,0,1208476,1,0.8333766093337108
BASE_x_P40,0,1208561,1,0.7207168896226928
BASE_x_P40,0,1209069,1,0.640780866279553
BASE_x_P40,0,1209473,1,0.3287790987686385
BASE_x_P40,0,1209531,0,0.13580847975941995
BASE_x_P40,0,1209908,0,0.7652362956589046
BASE_x_P40,0,1210055,0,0.43203451854664715
BASE_x_P40,0,1210080,0,0.6139587537650989
BASE_x_P40,0,1212290,1,0.8298432416175899
BASE_x_P40,0,1212582,1,0.682323421697351
BASE_x_P40,0,1212738,1,0.7324605663366357
BASE_x_P40,0,1213041,1,0.8547833389449075
BASE_x_P40,0,1213071,1,0.37524020361818244
BASE_x_P40,0,1213667,0,0.37380634211416874
BASE_x_P40,0,1214248,1,0.9029234531625532
BASE_x_P40,0,1215252,0,0.4084552469271216
BASE_x_P40,0,1215452,0,0.422563616428223
BASE_x_P40,0,1215586,0,0.5893046737519333
BASE_x_P40,0,1217110,1,0.5816575263550109
BASE_x_P40,0,1217724,0,0.5669617958119793
BASE_x_P40,0,1217757,1,0.5747081639846892
BASE_x_P40,0,1218110,0,0.5105856057152074
BASE_x_P40,0,1218980,0,0.4973757864122741
BASE_x_P40,0,1219802,1,0.747476663687489
BASE_x_P40,0,1220156,0,0.4152738953035496
BASE_x_P40,0,1220269,0,0.31720155562423336
BASE_x_P40,0,1220796,1,0.6404651109786654
BASE_x_P40,0,1220900,1,0.671609090232125
BASE_x_P40,0,1221603,1,0.6544860930312566
BASE_x_P40,0,1221685,1,0.7822704018467558
BASE_x_P40,0,1221764,1,0.8110233073320349
BASE_x_P40,0,1222037,1,0.8363111342514488
BASE_x_P40,0,1222048,1,0.7887689031839428
BASE_x_P40,0,1222069,1,0.7776818486048895
BASE_x_P40,0,1222115,0,0.5003415122949927
BASE_x_P40,0,1222124,1,0.7894682244141147
BASE_x_P40,0,1222410,0,0.3098872103961471
BASE_x_P40,0,1223017,1,0.43263636455997256
BASE_x_P40,0,1223272,1,0.5453514738313486
BASE_x_P40,0,1224094,0,0.20001642166862776
BASE_x_P40,0,1224536,1,0.5386490055855266
BASE_x_P40,0,1225262,1,0.6911708175809302
BASE_x_P40,0,1225309,1,0.6094588304130784
BASE_x_P40,0,1225334,0,0.48177012538402664
BASE_x_P40,0,1225413,1,0.8007506728487488
BASE_x_P40,0,1225553,1,0.5541539427934269
BASE_x_P40,0,1225716,0,0.6294912948636199
BASE_x_P40,0,1225843,0,0.23406619670052436
BASE_x_P40,0,1225945,0,0.40985291505126326
BASE_x_P40,0,1226065,1,0.5710671326410344
BASE_x_P40,0,1226708,1,0.7380765017874715
BASE_x_P40,0,1226825,1,0.657014226339268
BASE_x_P40,0,1227138,0,0.21750242239844347
BASE_x_P40,0,1227755,1,0.7697735465679071
BASE_x_P40,0,1228267,1,0.5766322791463407
BASE_x_P40,0,1228453,1,0.7255758390522774
BASE_x_P40,0,1228747,1,0.7506679094122773
BASE_x_P40,0,1228820,0,0.3312228263846503
BASE_x_P40,0,1229345,1,0.8924124753596105
BASE_x_P40,0,1229976,1,0.29510553046014126
BASE_x_P40,0,1230265,1,0.568947103184298
BASE_x_P40,0,1230721,1,0.5136081816572734
BASE_x_P40,0,1230724,1,0.4975099225079599
BASE_x_P40,0,1231353,1,0.7749875722089263
BASE_x_P40,0,1231734,1,0.7117883872592504
BASE_x_P40,0,1231841,0,0.4667498589990747
BASE_x_P40,0,1232099,0,0.570811054685514
BASE_x_P40,0,1233084,1,0.5714367265350221
BASE_x_P40,0,1233147,1,0.6409053777802367
BASE_x_P40,0,1233618,0,0.6376515249011162
BASE_x_P40,0,1233777,1,0.7009971784856206
BASE_x_P40,0,1234410,0,0.2047669662851888
BASE_x_P40,0,1234413,1,0.2906303830477846
BASE_x_P40,0,1234672,0,0.5859598453494153
BASE_x_P40,0,1235697,1,0.7591940720870981
BASE_x_P40,0,1236071,1,0.6365351619714704
BASE_x_P40,0,1236191,1,0.6920362910892678
BASE_x_P40,0,1236410,0,0.1740617674587457
BASE_x_P40,0,1237123,0,0.4084029547362746
BASE_x_P40,0,1237184,0,0.5910566628778227
BASE_x_P40,0,1237496,1,0.5877423958944409
BASE_x_P40,0,1237508,1,0.5147344906565472
BASE_x_P40,0,1237793,1,0.4414171148435104
BASE_x_P40,0,1237971,1,0.7148692570550075
BASE_x_P40,0,1238001,0,0.5806596589430422
BASE_x_P40,0,1238292,0,0.6971280691207495
BASE_x_P40,0,1238406,0,0.37257598698629385
BASE_x_P40,0,1238413,1,0.7867102760972355
BASE_x_P40,0,1238443,0,0.7525607857419796
BASE_x_P40,0,1238501,0,0.35605642568228396
BASE_x_P40,0,1238523,1,0.6274026377741233
BASE_x_P40,0,1238553,1,0.48076957897076833
BASE_x_P40,0,1238636,1,0.7410614597765575
BASE_x_P40,0,1238817,0,0.7302222218672292
BASE_x_P40,0,1238964,1,0.5260756020979592
BASE_x_P40,0,1239079,1,0.5403223154666899
BASE_x_P40,0,1239094,1,0.6585141615304559
BASE_x_P40,0,1239224,1,0.35953607187835934
BASE_x_P40,0,1239458,0,0.5880180048394821
BASE_x_P40,0,1239936,0,0.5514804820119406
BASE_x_P40,0,1240378,1,0.8207800601085963
BASE_x_P40,0,1240433,1,0.6121024829171448
BASE_x_P40,0,1241090,0,0.33970668984388264
BASE_x_P40,0,1241104,0,0.5314313090726
BASE_x_P40,0,1241937,0,0.5871717350479079
BASE_x_P40,0,1241954,1,0.5874045006942149
BASE_x_P40,0,1242009,1,0.6189818104776026
BASE_x_P40,0,1242021,1,0.7009579657589272
BASE_x_P40,0,1242267,1,0.8140072783805998
BASE_x_P40,0,1242424,1,0.6520617065769059
BASE_x_P40,0,1242536,1,0.7629141954221992
BASE_x_P40,0,1242725,1,0.4186105029497111
BASE_x_P40,0,1242729,1,0.6353175952332508
BASE_x_P40,0,1242755,0,0.5002671114100541
BASE_x_P40,0,1242831,0,0.488305970739307
BASE_x_P40,0,1243295,1,0.4455337898874861
BASE_x_P40,0,1243442,0,0.5485292687094598
BASE_x_P40,0,1243523,0,0.44121073224826224
BASE_x_P40,0,1244763,0,0.35489606163191856
BASE_x_P40,0,1245846,1,0.6238745306791419
BASE_x_P40,1,1922,1,0.46865142764846657
BASE_x_P40,1,12246,1,0.4598648342074213
BASE_x_P40,1,16787,0,0.5284177700549477
BASE_x_P40,1,19126,1,0.790275291058079
BASE_x_P40,1,34428,0,0.5139234590890491
BASE_x_P40,1,42331,1,0.7779219740367153
BASE_x_P40,1,44366,1,0.8306558955417352
BASE_x_P40,1,47250,1,0.8210712023838691
BASE_x_P40,1,48545,0,0.30171872118245135
BASE_x_P40,1,54142,1,0.7362450522697281
BASE_x_P40,1,61752,1,0.8484909238487798
BASE_x_P40,1,62606,1,0.31835739641708016
BASE_x_P40,1,66226,1,0.7249965564275646
BASE_x_P40,1,66381,1,0.6944717071830737
BASE_x_P40,1,68648,0,0.8293655934503712
BASE_x_P40,1,70147,0,0.7208947944234044
BASE_x_P40,1,72035,0,0.7789306019617905
BASE_x_P40,1,73899,1,0.8343700217193435
BASE_x_P40,1,88483,1,0.694036832585994
BASE_x_P40,1,96757,1,0.20909671536732546
BASE_x_P40,1,97998,0,0.12802483870234296
BASE_x_P40,1,102708,1,0.6860597134607564
BASE_x_P40,1,105271,1,0.7334678838333193
BASE_x_P40,1,114318,1,0.3371518806558742
BASE_x_P40,1,120088,1,0.553314851942725
BASE_x_P40,1,127579,0,0.2766512043718627
BASE_x_P40,1,129407,1,0.4517069048965674
BASE_x_P40,1,131155,1,0.32420402369996915
BASE_x_P40,1,136645,1,0.7015680310855223
BASE_x_P40,1,139145,1,0.8691627457361162
BASE_x_P40,1,141620,1,0.7520454537973379
BASE_x_P40,1,147228,1,0.6634343843584815
BASE_x_P40,1,156299,1,0.7574709452588277
BASE_x_P40,1,156996,1,0.8236997876485833
BASE_x_P40,1,157449,1,0.7307747322835726
BASE_x_P40,1,157463,1,0.6481559170172256
BASE_x_P40,1,161593,1,0.7763873180387422
BASE_x_P40,1,163659,1,0.31661617498998124
BASE_x_P40,1,167183,1,0.5887164770676836
BASE_x_P40,1,169457,0,0.43007271531697305
BASE_x_P40,1,171896,1,0.7889981849155232
BASE_x_P40,1,172578,1,0.8988079053091909
BASE_x_P40,1,181466,0,0.190821774430384
BASE_x_P40,1,184874,1,0.6831596007211925
BASE_x_P40,1,186379,1,0.515913786795998
BASE_x_P40,1,190049,1,0.4526285181433321
BASE_x_P40,1,190176,0,0.6847950181965382
BASE_x_P40,1,190187,0,0.5790839063740322
BASE_x_P40,1,191335,0,0.6174788212649222
BASE_x_P40,1,200131,1,0.8559969455558274
BASE_x_P40,1,200858,1,0.34278649944715384
BASE_x_P40,1,203461,1,0.46908546576455223
BASE_x_P40,1,208652,1,0.5361338193877325
BASE_x_P40,1,216287,0,0.6053523263644889
BASE_x_P40,1,218529,1,0.6497910973339583
BASE_x_P40,1,223651,1,0.5368308920002053
BASE_x_P40,1,228543,1,0.549103323410903
BASE_x_P40,1,238407,0,0.3522453143644764
BASE_x_P40,1,258335,0,0.34299924160702155
BASE_x_P40,1,278134,1,0.6231279627314358
BASE_x_P40,1,278836,1,0.42362968047108646
BASE_x_P40,1,280705,0,0.3851836293745085
BASE_x_P40,1,284088,0,0.7837591791289722
BASE_x_P40,1,290944,0,0.5425532664170644
BASE_x_P40,1,293205,0,0.571133481123153
BASE_x_P40,1,295284,0,0.5357132383759882
BASE_x_P40,1,298058,1,0.6916101109148299
BASE_x_P40,1,312434,1,0.6061013881333671
BASE_x_P40,1,312810,1,0.7019841335667931
BASE_x_P40,1,318640,1,0.7629452915665996
BASE_x_P40,1,319549,1,0.6346804566105304
BASE_x_P40,1,320867,1,0.6727744658164362
BASE_x_P40,1,321989,1,0.6356350191237709
BASE_x_P40,1,323320,0,0.37227352445081335
BASE_x_P40,1,323939,0,0.46225494547003015
BASE_x_P40,1,335240,0,0.43685256931785593
BASE_x_P40,1,335955,1,0.5208555481690947
BASE_x_P40,1,338312,1,0.4923783519322364
BASE_x_P40,1,348589,1,0.7519723233791501
BASE_x_P40,1,351101,1,0.33519611909394925
BASE_x_P40,1,353336,1,0.4725845170885766
BASE_x_P40,1,358239,1,0.7762234068567239
BASE_x_P40,1,360745,1,0.5741726442764555
BASE_x_P40,1,374203,0,0.6305360393998835
BASE_x_P40,1,375294,1,0.6410985313288267
BASE_x_P40,1,380225,1,0.7906423552534868
BASE_x_P40,1,402720,1,0.8618741823532643
BASE_x_P40,1,405843,1,0.8483065638523611
BASE_x_P40,1,408105,0,0.7988328520054244
BASE_x_P40,1,419138,0,0.5127942508109701
BASE_x_P40,1,433303,1,0.7569033639270583
BASE_x_P40,1,433686,1,0.7043954750428667
BASE_x_P40,1,442797,1,0.644259703372503
BASE_x_P40,1,443207,1,0.4413700603974725
BASE_x_P40,1,443610,0,0.8246790230211783
BASE_x_P40,1,444203,0,0.48040137206179767
BASE_x_P40,1,445545,1,0.43497742090439734
BASE_x_P40,1,450155,1,0.6178503901149821
BASE_x_P40,1,451844,1,0.4417403374089304
BASE_x_P40,1,460422,1,0.2756680772627793
BASE_x_P40,1,460580,1,0.5301806623335493
BASE_x_P40,1,461946,1,0.7276636860058454
BASE_x_P40,1,463375,1,0.802080153256203
BASE_x_P40,1,465489,0,0.300848718981273
BASE_x_P40,1,466437,1,0.7686193635684372
BASE_x_P40,1,468086,1,0.6137685563578505
BASE_x_P40,1,468548,1,0.2759178870999721
BASE_x_P40,1,474601,1,0.6235476634444741
BASE_x_P40,1,477779,1,0.7442268653753694
BASE_x_P40,1,479811,0,0.2750080309954595
BASE_x_P40,1,480021,0,0.6893874932555939
BASE_x_P40,1,480598,1,0.577941788946294
BASE_x_P40,1,484238,1,0.14191481991023605
BASE_x_P40,1,486892,0,0.6230072049381786
BASE_x_P40,1,488934,0,0.36655180951316735
BASE_x_P40,1,498363,1,0.9113258945566283
BASE_x_P40,1,507011,1,0.26150165496761163
BASE_x_P40,1,510372,1,0.5354383937672934
BASE_x_P40,1,511018,0,0.7190912426247726
BASE_x_P40,1,512053,1,0.6820999030576546
BASE_x_P40,1,517848,1,0.7381627908818635
BASE_x_P40,1,520621,1,0.539287674267504
BASE_x_P40,1,525300,1,0.5705092148419711
BASE_x_P40,1,532533,1,0.6014861443523727
BASE_x_P40,1,537472,1,0.5329980004163827
BASE_x_P40,1,544153,1,0.8285481979405941
BASE_x_P40,1,544425,0,0.36508723535954696
BASE_x_P40,1,544864,1,0.5112851955023217
BASE_x_P40,1,550892,1,0.6878661364262717
BASE_x_P40,1,552901,1,0.4964019012018382
BASE_x_P40,1,554960,0,0.30011767816378276
BASE_x_P40,1,555492,0,0.48232474262390596
BASE_x_P40,1,559178,1,0.7157851553206317
BASE_x_P40,1,566285,1,0.8839903751350962
BASE_x_P40,1,567847,1,0.7619619721615045
BASE_x_P40,1,569789,0,0.21982930179191343
BASE_x_P40,1,573425,1,0.5849468077054446
BASE_x_P40,1,586109,0,0.7163792481466922
BASE_x_P40,1,589139,1,0.7467103429984221
BASE_x_P40,1,592431,1,0.859706153951793
BASE_x_P40,1,592548,0,0.6341283524804634
BASE_x_P40,1,595609,1,0.7957938836288782
BASE_x_P40,1,599396,0,0.6979025223358997
BASE_x_P40,1,618335,1,0.6920953952820742
BASE_x_P40,1,619649,1,0.775431207040581
BASE_x_P40,1,624010,0,0.20562159428427051
BASE_x_P40,1,624692,1,0.3604403158065238
BASE_x_P40,1,627036,1,0.8245977123117565
BASE_x_P40,1,629729,1,0.3682266061651726
BASE_x_P40,1,644299,1,0.6822300920674753
BASE_x_P40,1,644744,1,0.8893618812220322
BASE_x_P40,1,649217,1,0.8443766420942631
BASE_x_P40,1,649863,1,0.373687807172867
BASE_x_P40,1,655410,1,0.7182486629068611
BASE_x_P40,1,660061,1,0.49753099854222554
BASE_x_P40,1,661193,0,0.6256520154395789
BASE_x_P40,1,672172,1,0.8666040908815381
BASE_x_P40,1,675660,0,0.4154987884046593
BASE_x_P40,1,675907,0,0.47311798848064085
BASE_x_P40,1,678681,1,0.33934279343002866
BASE_x_P40,1,683148,1,0.6418924452076915
BASE_x_P40,1,687290,0,0.8476952560930896
BASE_x_P40,1,690734,0,0.4410126344010139
BASE_x_P40,1,697961,1,0.9002552179974821
BASE_x_P40,1,698579,1,0.9137936545120653
BASE_x_P40,1,700550,1,0.622309413758839
BASE_x_P40,1,704059,0,0.6633773324130088
BASE_x_P40,1,709192,0,0.5398246781504029
BASE_x_P40,1,711782,1,0.6945307543761747
BASE_x_P40,1,718140,0,0.36322625307100265
BASE_x_P40,1,718508,1,0.8225821453997948
BASE_x_P40,1,719050,0,0.17217690228926144
BASE_x_P40,1,725470,0,0.48022280573594317
BASE_x_P40,1,726612,1,0.8280819569110323
BASE_x_P40,1,727266,1,0.6370299907812538
BASE_x_P40,1,738172,0,0.47582128354755154
BASE_x_P40,1,742847,0,0.36237310881898244
BASE_x_P40,1,747710,0,0.7283512876592549
BASE_x_P40,1,750827,0,0.648420134462646
BASE_x_P40,1,750881,0,0.6346122867130505
BASE_x_P40,1,752967,1,0.8621859849560937
BASE_x_P40,1,754586,1,0.7391578309539907
BASE_x_P40,1,755156,1,0.583617569554855
BASE_x_P40,1,755294,1,0.6078850227059115
BASE_x_P40,1,760561,0,0.4605197258954358
BASE_x_P40,1,765027,1,0.4721982741772578
BASE_x_P40,1,765473,1,0.618268002792729
BASE_x_P40,1,765954,0,0.3654293381977286
BASE_x_P40,1,774678,1,0.5230809390442771
BASE_x_P40,1,777118,1,0.7678741264186495
BASE_x_P40,1,779240,0,0.5613801365878667
BASE_x_P40,1,781445,0,0.23000965750060892
BASE_x_P40,1,789824,0,0.3137438144098477
BASE_x_P40,1,806762,0,0.2513916347483029
BASE_x_P40,1,809238,0,0.7847420218917682
BASE_x_P40,1,822633,1,0.3518310121705009
BASE_x_P40,1,825913,1,0.5161207036006507
BASE_x_P40,1,828057,0,0.46788226093810326
BASE_x_P40,1,829142,1,0.8908097603121553
BASE_x_P40,1,829697,0,0.16162166594213404
BASE_x_P40,1,834515,0,0.6122426669476152
BASE_x_P40,1,835833,1,0.7759867834928248
BASE_x_P40,1,836571,0,0.4363493728059213
BASE_x_P40,1,841534,0,0.23982200544229568
BASE_x_P40,1,847036,1,0.6829096484685284
BASE_x_P40,1,848723,1,0.46836373853593904
BASE_x_P40,1,851816,0,0.42828918025405033
BASE_x_P40,1,854069,1,0.48402755016495097
BASE_x_P40,1,856302,0,0.6315068383981325
BASE_x_P40,1,859236,0,0.46197850641189603
BASE_x_P40,1,866895,0,0.49557467759034873
BASE_x_P40,1,867398,0,0.7100114221667211
BASE_x_P40,1,868318,0,0.6880151853505768
BASE_x_P40,1,875038,1,0.6601117959053459
BASE_x_P40,1,877486,1,0.4488755915758583
BASE_x_P40,1,880466,1,0.6612356521446108
BASE_x_P40,1,889657,1,0.46355070446845376
BASE_x_P40,1,894409,1,0.7541090473232275
BASE_x_P40,1,899067,0,0.09221534605119748
BASE_x_P40,1,900762,1,0.6602824695522291
BASE_x_P40,1,941626,1,0.4262819648489496
BASE_x_P40,1,943672,1,0.5636533634189105
BASE_x_P40,1,947197,1,0.1776786111482574
BASE_x_P40,1,951465,0,0.7007288927629989
BASE_x_P40,1,951654,0,0.562655720730605
BASE_x_P40,1,952219,0,0.4942513651828125
BASE_x_P40,1,954440,1,0.22747377040636724
BASE_x_P40,1,955669,0,0.3332145172377993
BASE_x_P40,1,956387,1,0.39145827542494793
BASE_x_P40,1,961563,0,0.258437718167221
BASE_x_P40,1,961819,0,0.6272078149031488
BASE_x_P40,1,962660,1,0.758754719196167
BASE_x_P40,1,963985,1,0.7455108748054715
BASE_x_P40,1,964462,0,0.4842837645232463
BASE_x_P40,1,970464,1,0.6140122220808145
BASE_x_P40,1,972111,0,0.5449541256704762
BASE_x_P40,1,979369,1,0.7363720953357419
BASE_x_P40,1,979917,1,0.5357427470436176
BASE_x_P40,1,979941,0,0.6274647741330851
BASE_x_P40,1,980697,0,0.655988259319153
BASE_x_P40,1,982817,0,0.0800930943814246
BASE_x_P40,1,984065,0,0.20934566069706104
BASE_x_P40,1,986074,1,0.8586873776465338
BASE_x_P40,1,986844,1,0.4786493521770584
BASE_x_P40,1,987078,1,0.7193519844272468
BASE_x_P40,1,987267,1,0.7757260407843607
BASE_x_P40,1,989755,1,0.8972384142530871
BASE_x_P40,1,991790,1,0.8170242015708353
BASE_x_P40,1,993602,1,0.37974843753417586
BASE_x_P40,1,994160,1,0.8651628189322436
BASE_x_P40,1,1002373,1,0.8277676618293981
BASE_x_P40,1,1005171,1,0.7703513146902692
BASE_x_P40,1,1006489,0,0.26903150939669235
BASE_x_P40,1,1008354,0,0.5177050000977212
BASE_x_P40,1,1009347,1,0.6750811108810858
BASE_x_P40,1,1020322,0,0.4486363247986699
BASE_x_P40,1,1029192,1,0.8695968425812345
BASE_x_P40,1,1029373,1,0.6275220211473918
BASE_x_P40,1,1030940,1,0.3887182554184199
BASE_x_P40,1,1046104,0,0.8389670951124246
BASE_x_P40,1,1051850,0,0.8018589272335432
BASE_x_P40,1,1054838,0,0.5109137104586808
BASE_x_P40,1,1064446,1,0.8711445195580303
BASE_x_P40,1,1065288,0,0.46808102699176457
BASE_x_P40,1,1066534,1,0.27060013906899166
BASE_x_P40,1,1067406,1,0.38574863536744686
BASE_x_P40,1,1069689,1,0.4593504228740663
BASE_x_P40,1,1070472,0,0.3324248662335232
BASE_x_P40,1,1073839,0,0.45997878028431055
BASE_x_P40,1,1074094,1,0.29973873020167063
BASE_x_P40,1,1074306,1,0.7296819068794709
BASE_x_P40,1,1074427,1,0.4321111215213084
BASE_x_P40,1,1074527,1,0.3322216279692114
BASE_x_P40,1,1074753,0,0.4523901902543195
BASE_x_P40,1,1075557,1,0.7486285407347627
BASE_x_P40,1,1075699,1,0.3620164646242416
BASE_x_P40,1,1077703,1,0.5379474627092563
BASE_x_P40,1,1078392,1,0.25738983208770344
BASE_x_P40,1,1078893,0,0.4375326639090245
BASE_x_P40,1,1079527,1,0.4489465992759043
BASE_x_P40,1,1080214,1,0.4291296076519735
BASE_x_P40,1,1080366,1,0.8338571518391276
BASE_x_P40,1,1080979,1,0.7850647601332978
BASE_x_P40,1,1081798,0,0.41776844967969123
BASE_x_P40,1,1082641,0,0.3115923614522122
BASE_x_P40,1,1082739,1,0.4884437747761153
BASE_x_P40,1,1084185,0,0.8007502503592874
BASE_x_P40,1,1084364,1,0.5648455790850917
BASE_x_P40,1,1084497,1,0.40906169455486885
BASE_x_P40,1,1085496,1,0.5788476950379766
BASE_x_P40,1,1085579,1,0.7882005580026423
BASE_x_P40,1,1085896,1,0.7572094451457602
BASE_x_P40,1,1086657,1,0.8925860322638693
BASE_x_P40,1,1086770,1,0.8467688479413177
BASE_x_P40,1,1086991,0,0.49066264878928045
BASE_x_P40,1,1087295,1,0.2608597703947815
BASE_x_P40,1,1089310,0,0.701940215115966
BASE_x_P40,1,1090388,1,0.8869818000479448
BASE_x_P40,1,1090438,1,0.6790533847953859
BASE_x_P40,1,1091071,1,0.8915313641872719
BASE_x_P40,1,1091585,0,0.5750343845465997
BASE_x_P40,1,1092068,0,0.48250188936253385
BASE_x_P40,1,1093139,0,0.5862161788680781
BASE_x_P40,1,1093401,1,0.8149198024618375
BASE_x_P40,1,1094060,1,0.7081442885108917
BASE_x_P40,1,1094259,1,0.5410761105054422
BASE_x_P40,1,1096111,1,0.7573087475304431
BASE_x_P40,1,1096858,1,0.7911640995688625
BASE_x_P40,1,1097215,1,0.42294001094935996
BASE_x_P40,1,1097324,1,0.5113405679575337
BASE_x_P40,1,1099078,1,0.7328836668994593
BASE_x_P40,1,1100516,0,0.3990810775609529
BASE_x_P40,1,1100923,1,0.7019146371688718
BASE_x_P40,1,1103063,0,0.6013019076446698
BASE_x_P40,1,1104405,1,0.8417468061324231
BASE_x_P40,1,1104599,1,0.48378003933175007
BASE_x_P40,1,1104649,1,0.7361861724768788
BASE_x_P40,1,1105176,1,0.5919485914401931
BASE_x_P40,1,1105837,1,0.5876985274784811
BASE_x_P40,1,1105913,1,0.8010900713386588
BASE_x_P40,1,1105922,1,0.7357012632407631
BASE_x_P40,1,1106300,1,0.6042640970320372
BASE_x_P40,1,1107147,1,0.6619295218772315
BASE_x_P40,1,1107631,1,0.5977040700576023
BASE_x_P40,1,1109275,1,0.8838669708254799
BASE_x_P40,1,1109329,1,0.8363243688932159
BASE_x_P40,1,1109526,1,0.665241502187419
BASE_x_P40,1,1109829,1,0.7893914260814547
BASE_x_P40,1,1111153,0,0.5753899053624604
BASE_x_P40,1,1111157,0,0.8292215697630441
BASE_x_P40,1,1111471,1,0.5733688025877393
BASE_x_P40,1,1112111,1,0.6597825783369288
BASE_x_P40,1,1113214,0,0.6600275078459741
BASE_x_P40,1,1115227,1,0.8974423432707093
BASE_x_P40,1,1115322,1,0.7816427818480263
BASE_x_P40,1,1115713,1,0.5879606894916977
BASE_x_P40,1,1117370,1,0.8742107189082217
BASE_x_P40,1,1117921,1,0.9452123246169666
BASE_x_P40,1,1117975,1,0.8950086768295006
BASE_x_P40,1,1118291,0,0.531387713231211
BASE_x_P40,1,1118436,1,0.8050684849429302
BASE_x_P40,1,1118652,0,0.10336748501380075
BASE_x_P40,1,1119012,1,0.6637182568287227
BASE_x_P40,1,1119591,1,0.8323865854579432
BASE_x_P40,1,1119652,1,0.7950061819494972
BASE_x_P40,1,1119930,1,0.8292863304544688
BASE_x_P40,1,1120326,1,0.21376953333010568
BASE_x_P40,1,1120775,1,0.3250026181708464
BASE_x_P40,1,1120955,0,0.7295399277761254
BASE_x_P40,1,1121493,0,0.1608301583230666
BASE_x_P40,1,1121705,1,0.8570725817172955
BASE_x_P40,1,1121926,1,0.537240514782739
BASE_x_P40,1,1122956,1,0.6831471644213342
BASE_x_P40,1,1122990,1,0.27292264480586764
BASE_x_P40,1,1123350,1,0.8297802528563082
BASE_x_P40,1,1123551,0,0.389976837201116
BASE_x_P40,1,1124329,1,0.5601047229040604
BASE_x_P40,1,1124330,0,0.8241683754470601
BASE_x_P40,1,1124561,0,0.7429573285070823
BASE_x_P40,1,1125348,0,0.4104425626470069
BASE_x_P40,1,1125785,1,0.6567495566968031
BASE_x_P40,1,1126146,0,0.19986768690800713
BASE_x_P40,1,1126656,0,0.4330578486478755
BASE_x_P40,1,1127029,0,0.788862720890762
BASE_x_P40,1,1127560,1,0.9136857178763931
BASE_x_P40,1,1129053,1,0.6754822508912364
BASE_x_P40,1,1129961,0,0.14492794876476178
BASE_x_P40,1,1130161,1,0.12450257163527176
BASE_x_P40,1,1131297,0,0.6686014496346226
BASE_x_P40,1,1131833,1,0.45366265029688013
BASE_x_P40,1,1134339,0,0.2894516967603283
BASE_x_P40,1,1134855,0,0.13965388000541687
BASE_x_P40,1,1134927,1,0.791147970192124
BASE_x_P40,1,1135587,1,0.8933154653813069
BASE_x_P40,1,1135796,1,0.7879160647134195
BASE_x_P40,1,1136524,0,0.6945412445093707
BASE_x_P40,1,1136946,0,0.17167993238173154
BASE_x_P40,1,1137506,0,0.6087859352825087
BASE_x_P40,1,1137818,1,0.2234396476554986
BASE_x_P40,1,1138108,1,0.5983574240016558
BASE_x_P40,1,1139233,1,0.8533952883470434
BASE_x_P40,1,1139249,1,0.22315321446261982
BASE_x_P40,1,1139409,1,0.8215390621112805
BASE_x_P40,1,1139795,0,0.7008961407107352
BASE_x_P40,1,1142126,0,0.27634555604546185
BASE_x_P40,1,1142643,1,0.6103274272832391
BASE_x_P40,1,1142753,1,0.7624730835867376
BASE_x_P40,1,1143415,1,0.5925735349386895
BASE_x_P40,1,1143550,1,0.8072222298379601
BASE_x_P40,1,1144210,1,0.7099441647132657
BASE_x_P40,1,1144260,0,0.7388039275874156
BASE_x_P40,1,1144465,1,0.8576146950425467
BASE_x_P40,1,1144580,1,0.3841504935889426
BASE_x_P40,1,1144621,1,0.37783229953416686
BASE_x_P40,1,1144651,1,0.6901808424334419
BASE_x_P40,1,1145207,0,0.35328476852074814
BASE_x_P40,1,1145385,0,0.6552852132122101
BASE_x_P40,1,1146057,0,0.2644174640640666
BASE_x_P40,1,1146108,0,0.3306908912673542
BASE_x_P40,1,1146318,1,0.6380108571536429
BASE_x_P40,1,1146323,0,0.4404946838751993
BASE_x_P40,1,1146529,1,0.8181428990453951
BASE_x_P40,1,1146584,1,0.6865780551887195
BASE_x_P40,1,1146771,0,0.29666152683524244
BASE_x_P40,1,1146854,1,0.5525952586572617
BASE_x_P40,1,1147012,0,0.5474861306453636
BASE_x_P40,1,1147189,1,0.5100134335255533
BASE_x_P40,1,1148157,1,0.863277055506513
BASE_x_P40,1,1148437,0,0.640090881627406
BASE_x_P40,1,1150400,1,0.5007127251637696
BASE_x_P40,1,1151387,0,0.5698080407294228
BASE_x_P40,1,1151422,1,0.7657503142055191
BASE_x_P40,1,1151627,1,0.4727845635431471
BASE_x_P40,1,1151789,1,0.6257866851776758
BASE_x_P40,1,1152038,1,0.4844572323758522
BASE_x_P40,1,1152061,1,0.36670158469758724
BASE_x_P40,1,1152979,1,0.31601210983842526
BASE_x_P40,1,1153702,0,0.3945298237191384
BASE_x_P40,1,1153881,0,0.5663116857341118
BASE_x_P40,1,1154576,1,0.4339655647107164
BASE_x_P40,1,1155404,0,0.26956124321665503
BASE_x_P40,1,1155554,1,0.555150813227971
BASE_x_P40,1,1155802,1,0.5624945181521307
BASE_x_P40,1,1157101,1,0.7996407455573913
BASE_x_P40,1,1157237,1,0.7156877051038529
BASE_x_P40,1,1157440,0,0.5422216010156435
BASE_x_P40,1,1158961,1,0.8453161230989725
BASE_x_P40,1,1206308,0,0.4203138610816557
BASE_x_P40,1,1206667,0,0.749558705367517
BASE_x_P40,1,1206997,1,0.7617068607031964
BASE_x_P40,1,1207140,1,0.8625832792503019
BASE_x_P40,1,1207980,1,0.7198460101368953
BASE_x_P40,1,1208561,1,0.6929506257505001
BASE_x_P40,1,1209776,0,0.31642247384327155
BASE_x_P40,1,1209958,1,0.4051757804645645
BASE_x_P40,1,1210100,0,0.22132086791275232
BASE_x_P40,1,1210485,1,0.7031790582735324
BASE_x_P40,1,1210786,0,0.3651440620079238
BASE_x_P40,1,1211029,1,0.8889815092704145
BASE_x_P40,1,1211042,1,0.6656733334179284
BASE_x_P40,1,1211177,1,0.6653239588693073
BASE_x_P40,1,1211297,1,0.538611220728302
BASE_x_P40,1,1211505,1,0.6446772727661589
BASE_x_P40,1,1211778,0,0.309454913182609
BASE_x_P40,1,1212217,1,0.3972401108273773
BASE_x_P40,1,1212354,0,0.44095376202889547
BASE_x_P40,1,1212394,1,0.19151284549253458
BASE_x_P40,1,1212451,0,0.5342629940526052
BASE_x_P40,1,1212582,1,0.7072412231656646
BASE_x_P40,1,1213121,1,0.2379060350908442
BASE_x_P40,1,1213130,1,0.4254226520922854
BASE_x_P40,1,1213344,1,0.29834800112996
BASE_x_P40,1,1213929,1,0.7639486828514825
BASE_x_P40,1,1213974,0,0.7877809836051006
BASE_x_P40,1,1214144,0,0.6632088509394256
BASE_x_P40,1,1215381,0,0.7983897016715992
BASE_x_P40,1,1215388,0,0.089941410019182
BASE_x_P40,1,1215586,0,0.6564617985890934
BASE_x_P40,1,1216036,1,0.659706373899978
BASE_x_P40,1,1216045,1,0.7804565189114279
BASE_x_P40,1,1216223,1,0.7853310707642435
BASE_x_P40,1,1216691,1,0.7871648970326739
BASE_x_P40,1,1216776,1,0.3498319822123287
BASE_x_P40,1,1217051,1,0.6537536555742061
BASE_x_P40,1,1217243,1,0.7129752668346008
BASE_x_P40,1,1217708,0,0.43513674268484487
BASE_x_P40,1,1217769,1,0.5776514785110244
BASE_x_P40,1,1218062,1,0.8334089122028413
BASE_x_P40,1,1218110,0,0.5238424486579373
BASE_x_P40,1,1219634,1,0.812147831656854
BASE_x_P40,1,1219898,1,0.2890025730664077
BASE_x_P40,1,1219958,0,0.4080809657006328
BASE_x_P40,1,1220095,0,0.6692827353251367
BASE_x_P40,1,1220226,0,0.38281779660136506
BASE_x_P40,1,1220507,0,0.7150617939295728
BASE_x_P40,1,1220572,0,0.6728305019784442
BASE_x_P40,1,1220694,1,0.45457491410590073
BASE_x_P40,1,1221019,0,0.553779666866373
BASE_x_P40,1,1221892,1,0.7279794146027043
BASE_x_P40,1,1222069,1,0.8029396522260954
BASE_x_P40,1,1222110,1,0.8950325586967253
BASE_x_P40,1,1222424,1,0.5458556334242419
BASE_x_P40,1,1222589,1,0.7470724764077251
BASE_x_P40,1,1222850,1,0.7661638618858675
BASE_x_P40,1,1223193,0,0.5316392109081229
BASE_x_P40,1,1223272,1,0.49115397757378854
BASE_x_P40,1,1223289,0,0.29654131830894737
BASE_x_P40,1,1223754,0,0.7528268983969649
BASE_x_P40,1,1224109,0,0.5481948050128741
BASE_x_P40,1,1224306,1,0.9371817116278035
BASE_x_P40,1,1224683,1,0.6939439418012121
BASE_x_P40,1,1224968,1,0.5869956951904767
BASE_x_P40,1,1225050,0,0.1627359031705017
BASE_x_P40,1,1225262,1,0.8373884496474079
BASE_x_P40,1,1225323,1,0.6522049955949099
BASE_x_P40,1,1225648,0,0.7692245708623421
BASE_x_P40,1,1225672,1,0.782624654354262
BASE_x_P40,1,1225716,0,0.6672199635420075
BASE_x_P40,1,1225945,0,0.5770335673715169
BASE_x_P40,1,1226065,1,0.5381510732558451
BASE_x_P40,1,1226588,1,0.7893492041213181
BASE_x_P40,1,1226641,1,0.8709184389289351
BASE_x_P40,1,1226825,1,0.6449963928265251
BASE_x_P40,1,1226937,0,0.528871153659003
BASE_x_P40,1,1227061,1,0.22590702141258057
BASE_x_P40,1,1227106,1,0.7251512760016547
BASE_x_P40,1,1227138,0,0.37290350527148275
BASE_x_P40,1,1227504,1,0.8387816676488761
BASE_x_P40,1,1228528,0,0.3484273100847566
BASE_x_P40,1,1228888,1,0.57187894249042
BASE_x_P40,1,1229368,0,0.46204016524329106
BASE_x_P40,1,1229574,0,0.346090822193845
BASE_x_P40,1,1229725,1,0.8676600517800126
BASE_x_P40,1,1229860,1,0.7438517968197067
BASE_x_P40,1,1230265,1,0.684601836579325
BASE_x_P40,1,1230408,1,0.720349393118557
BASE_x_P40,1,1230712,0,0.5901988168945812
BASE_x_P40,1,1230724,1,0.578067489358808
BASE_x_P40,1,1230855,0,0.42724552284666556
BASE_x_P40,1,1230993,0,0.4118292909247561
BASE_x_P40,1,1231114,1,0.9081409800834783
BASE_x_P40,1,1231841,0,0.39059227631037996
BASE_x_P40,1,1232099,0,0.592162095251837
BASE_x_P40,1,1232676,1,0.6631147953790186
BASE_x_P40,1,1233791,1,0.322926823299158
BASE_x_P40,1,1233962,0,0.3906246187659028
BASE_x_P40,1,1233970,1,0.4455504936797188
BASE_x_P40,1,1234219,1,0.5164431576398627
BASE_x_P40,1,1234306,1,0.17242403619445482
BASE_x_P40,1,1234549,0,0.5094526712591947
BASE_x_P40,1,1234553,0,0.7508513567436884
BASE_x_P40,1,1235265,1,0.25840363272435835
BASE_x_P40,1,1235275,0,0.5394852422665005
BASE_x_P40,1,1235336,1,0.7702937412306119
BASE_x_P40,1,1236071,1,0.6149772244856071
BASE_x_P40,1,1236410,0,0.2075968117245993
BASE_x_P40,1,1236418,1,0.333765377455233
BASE_x_P40,1,1236759,1,0.8156087878875566
BASE_x_P40,1,1236938,1,0.8445213698492116
BASE_x_P40,1,1237075,0,0.28813505778763365
BASE_x_P40,1,1237241,1,0.5934362707363704
BASE_x_P40,1,1237496,1,0.636809625102248
BASE_x_P40,1,1237716,0,0.3223864324661781
BASE_x_P40,1,1237793,1,0.4827485524336691
BASE_x_P40,1,1238174,1,0.6235273528167461
BASE_x_P40,1,1238215,1,0.8460743465745856
BASE_x_P40,1,1238443,0,0.8039887892021211
BASE_x_P40,1,1238550,1,0.8090051638969388
BASE_x_P40,1,1238574,0,0.7066498461975128
BASE_x_P40,1,1238865,1,0.20312227915925882
BASE_x_P40,1,1238923,0,0.7822951409666743
BASE_x_P40,1,1239038,0,0.3177786399408792
BASE_x_P40,1,1239693,0,0.5186414396594913
BASE_x_P40,1,1239772,0,0.35656804534322944
BASE_x_P40,1,1239841,1,0.8673044913425147
BASE_x_P40,1,1239988,0,0.5524582244596522
BASE_x_P40,1,1240378,1,0.8515803526981172
BASE_x_P40,1,1240423,1,0.8657664735921492
BASE_x_P40,1,1240598,1,0.7396352224346804
BASE_x_P40,1,1241453,0,0.36463980000372503
BASE_x_P40,1,1241862,1,0.6371752611222717
BASE_x_P40,1,1242372,1,0.727041314700668
BASE_x_P40,1,1242535,1,0.7884681907066424
BASE_x_P40,1,1242667,0,0.373956517865788
BASE_x_P40,1,1242811,0,0.49727084558833895
BASE_x_P40,1,1242831,0,0.42106511633134963
BASE_x_P40,1,1243018,1,0.4327954263329202
BASE_x_P40,1,1243083,0,0.6038215492816817
BASE_x_P40,1,1243802,0,0.8414292881291943
BASE_x_P40,1,1243942,1,0.8038725626227469
BASE_x_P40,1,1243992,1,0.6190723686876638
BASE_x_P40,1,1244831,1,0.18240006390497382
BASE_x_P40,1,1245228,0,0.4550649890506111
BASE_x_P40,2,17109,1,0.40395793539614866
BASE_x_P40,2,22019,0,0.201741938108904
BASE_x_P40,2,30603,1,0.6646181478931886
BASE_x_P40,2,36502,0,0.36922053064985916
BASE_x_P40,2,42908,1,0.7348464786614575
BASE_x_P40,2,52327,1,0.8881356844199171
BASE_x_P40,2,52609,1,0.5440633862086551
BASE_x_P40,2,54828,1,0.811102172532917
BASE_x_P40,2,61867,0,0.3837833565617908
BASE_x_P40,2,63449,0,0.4724423795423319
BASE_x_P40,2,65596,0,0.46939415922270933
BASE_x_P40,2,68483,1,0.6289343951840128
BASE_x_P40,2,70693,0,0.8410299789094985
BASE_x_P40,2,74146,0,0.694124717694805
BASE_x_P40,2,85978,1,0.653600476219101
BASE_x_P40,2,86305,1,0.49535276302812603
BASE_x_P40,2,86310,1,0.5710316454327574
BASE_x_P40,2,91934,0,0.41360299131637324
BASE_x_P40,2,93011,0,0.6121304553736765
BASE_x_P40,2,98629,1,0.20438282232243768
BASE_x_P40,2,102312,1,0.7896437187815496
BASE_x_P40,2,105772,1,0.8152552204321932
BASE_x_P40,2,108509,1,0.5740735146539669
BASE_x_P40,2,113763,0,0.7116711102073476
BASE_x_P40,2,121544,1,0.6691628251664588
BASE_x_P40,2,132583,0,0.5882941072860084
BASE_x_P40,2,143353,1,0.63311195456357
BASE_x_P40,2,144004,0,0.5960730676229171
BASE_x_P40,2,157463,1,0.6743950789818269
BASE_x_P40,2,160103,1,0.7026107467850277
BASE_x_P40,2,160197,1,0.4751150593796939
BASE_x_P40,2,163423,1,0.8829356813766007
BASE_x_P40,2,164362,1,0.5583004818491395
BASE_x_P40,2,165324,0,0.6714487921800041
BASE_x_P40,2,166451,1,0.48464713833108614
BASE_x_P40,2,167707,1,0.6411244749775211
BASE_x_P40,2,180001,0,0.15881234812601594
BASE_x_P40,2,181034,1,0.8016813902461931
BASE_x_P40,2,182595,0,0.6399415543546578
BASE_x_P40,2,183219,0,0.6448584644988706
BASE_x_P40,2,184704,0,0.5126370049547567
BASE_x_P40,2,190049,1,0.48831981696087473
BASE_x_P40,2,203461,1,0.5371962705688519
BASE_x_P40,2,208652,1,0.4411973535199079
BASE_x_P40,2,216589,1,0.5719129807697596
BASE_x_P40,2,218529,1,0.5626634117338856
BASE_x_P40,2,220792,0,0.5835381808407027
BASE_x_P40,2,223651,1,0.586788645758156
BASE_x_P40,2,229959,1,0.7217769083315448
BASE_x_P40,2,234398,0,0.4714931980972083
BASE_x_P40,2,234471,0,0.24883480215856008
BASE_x_P40,2,240229,0,0.3041715484878995
BASE_x_P40,2,250983,0,0.8137237885907359
BASE_x_P40,2,252362,0,0.6739565761308519
BASE_x_P40,2,271298,0,0.7218019027712144
BASE_x_P40,2,274179,0,0.655904749425865
BASE_x_P40,2,275882,1,0.8205767649057039
BASE_x_P40,2,278098,0,0.31149404763232186
BASE_x_P40,2,278230,0,0.3104518787615648
BASE_x_P40,2,278485,0,0.21106447518758803
BASE_x_P40,2,285173,1,0.7057612217174319
BASE_x_P40,2,288581,1,0.6455258974018903
BASE_x_P40,2,293811,0,0.55786583825895
BASE_x_P40,2,304034,0,0.23300548581431657
BASE_x_P40,2,309162,1,0.5712330309935255
BASE_x_P40,2,309228,1,0.8218653650041956
BASE_x_P40,2,315569,1,0.8487496980674927
BASE_x_P40,2,325318,0,0.49470581848621215
BASE_x_P40,2,327943,1,0.7124196701736955
BASE_x_P40,2,335403,0,0.6183136481906889
BASE_x_P40,2,345895,1,0.8892279289654154
BASE_x_P40,2,350707,0,0.5000742808875593
BASE_x_P40,2,353416,1,0.6447430173284937
BASE_x_P40,2,354035,1,0.6997752289414982
BASE_x_P40,2,360745,1,0.6180229272598632
BASE_x_P40,2,367686,0,0.7216967851420513
BASE_x_P40,2,369915,1,0.5840488577926749
BASE_x_P40,2,372332,1,0.8234513182772564
BASE_x_P40,2,374203,0,0.6209679899403407
BASE_x_P40,2,376880,1,0.4477787897605492
BASE_x_P40,2,377217,1,0.5020709868074159
BASE_x_P40,2,383626,1,0.7302075237862945
BASE_x_P40,2,384429,0,0.613890812044792
BASE_x_P40,2,391348,0,0.7330371803684779
BASE_x_P40,2,398295,0,0.31705807171000094
BASE_x_P40,2,398592,1,0.6146624151976525
BASE_x_P40,2,400980,1,0.8501828966961088
BASE_x_P40,2,403399,0,0.49070968946953675
BASE_x_P40,2,405843,1,0.8862758551059069
BASE_x_P40,2,409579,1,0.4499069044714111
BASE_x_P40,2,410795,1,0.7533212725159398
BASE_x_P40,2,412716,1,0.8569814995166412
BASE_x_P40,2,419522,1,0.6762746991822334
BASE_x_P40,2,432045,0,0.2124325036931587
BASE_x_P40,2,432782,0,0.6761403370032736
BASE_x_P40,2,433303,1,0.7668783995591814
BASE_x_P40,2,438187,1,0.5532400433405278
BASE_x_P40,2,442019,0,0.6437271957396276
BASE_x_P40,2,442797,1,0.5693998319482191
BASE_x_P40,2,442895,1,0.8872134728841513
BASE_x_P40,2,443207,1,0.4745979346567683
BASE_x_P40,2,443610,0,0.8346787890845074
BASE_x_P40,2,445318,0,0.6468897018379945
BASE_x_P40,2,451415,1,0.5272348210325114
BASE_x_P40,2,460422,1,0.3041734269458037
BASE_x_P40,2,460580,1,0.6108537975771732
BASE_x_P40,2,463375,1,0.8590544508955977
BASE_x_P40,2,465763,1,0.8900116979917665
BASE_x_P40,2,468342,1,0.6785329551176749
BASE_x_P40,2,469078,1,0.33770064170123526
BASE_x_P40,2,476977,1,0.7037548761257852
BASE_x_P40,2,477285,1,0.4476538738377285
BASE_x_P40,2,486523,0,0.5642448544984034
BASE_x_P40,2,488255,0,0.3310009770696976
BASE_x_P40,2,490630,1,0.41426754214626366
BASE_x_P40,2,492132,0,0.7272262436801242
BASE_x_P40,2,492492,0,0.5117253385654648
BASE_x_P40,2,507011,1,0.39118261565249696
BASE_x_P40,2,508867,1,0.49263488637117275
BASE_x_P40,2,511417,1,0.3540338303072946
BASE_x_P40,2,512053,1,0.7565160036248268
BASE_x_P40,2,512180,1,0.8383140653075567
BASE_x_P40,2,515887,1,0.6316537290140016
BASE_x_P40,2,516493,0,0.5281248922046953
BASE_x_P40,2,525973,0,0.6698588680132057
BASE_x_P40,2,529750,0,0.5167434701581916
BASE_x_P40,2,536935,1,0.5982707724257588
BASE_x_P40,2,549363,0,0.14224936962257126
BASE_x_P40,2,552901,1,0.5988635364627705
BASE_x_P40,2,555492,0,0.41212491428675163
BASE_x_P40,2,559178,1,0.6384450454353681
BASE_x_P40,2,565908,0,0.5930558230683981
BASE_x_P40,2,575773,1,0.686576485688105
BASE_x_P40,2,580587,0,0.3857180483037124
BASE_x_P40,2,581598,1,0.8886419208201226
BASE_x_P40,2,588986,1,0.6271106471632824
BASE_x_P40,2,589857,0,0.40264434461906634
BASE_x_P40,2,591051,1,0.7060715340784073
BASE_x_P40,2,592121,0,0.35140440511684956
BASE_x_P40,2,592548,0,0.5749918702684815
BASE_x_P40,2,595954,1,0.5576560080326348
BASE_x_P40,2,596445,0,0.6623585694576257
BASE_x_P40,2,602165,1,0.4351630471865222
BASE_x_P40,2,604557,1,0.4960199605417141
BASE_x_P40,2,605762,0,0.2936921777845567
BASE_x_P40,2,607813,0,0.6464564290298089
BASE_x_P40,2,610488,0,0.32950384308630304
BASE_x_P40,2,611309,0,0.6184982744004259
BASE_x_P40,2,615384,1,0.5884622387908268
BASE_x_P40,2,617695,0,0.4444167560470793
BASE_x_P40,2,618335,1,0.7070629416550333
BASE_x_P40,2,624692,1,0.46604131142339567
BASE_x_P40,2,626615,0,0.266511668922267
BASE_x_P40,2,627587,1,0.8296618735894996
BASE_x_P40,2,628861,1,0.6122720330262621
BASE_x_P40,2,644091,1,0.629734260401908
BASE_x_P40,2,644443,1,0.7132153165360039
BASE_x_P40,2,647436,0,0.43190394716787595
BASE_x_P40,2,650259,0,0.5328480758298236
BASE_x_P40,2,657738,0,0.671226407732138
BASE_x_P40,2,660164,1,0.4684394884279659
BASE_x_P40,2,660433,0,0.44831508882858556
BASE_x_P40,2,663130,1,0.49923295681268903
BASE_x_P40,2,663548,1,0.5029969735917413
BASE_x_P40,2,665050,1,0.6349955241463772
BASE_x_P40,2,665220,1,0.6101246869188227
BASE_x_P40,2,671576,0,0.29743565089035867
BASE_x_P40,2,672172,1,0.8412105568342837
BASE_x_P40,2,677259,0,0.20390446618429547
BASE_x_P40,2,681120,1,0.5386908419634838
BASE_x_P40,2,684963,1,0.8330435042159621
BASE_x_P40,2,687171,1,0.5000066561251487
BASE_x_P40,2,690734,0,0.3301587144613402
BASE_x_P40,2,693326,1,0.7676994375574486
BASE_x_P40,2,696029,0,0.5135603817150395
BASE_x_P40,2,699877,0,0.5744769099094829
BASE_x_P40,2,701498,1,0.6868722130008997
BASE_x_P40,2,702078,0,0.523433738649352
BASE_x_P40,2,702801,0,0.3495534508621143
BASE_x_P40,2,704059,0,0.6920901912091082
BASE_x_P40,2,704101,1,0.7114300113682124
BASE_x_P40,2,709805,1,0.8739594144615371
BASE_x_P40,2,711782,1,0.8202721326219821
BASE_x_P40,2,711787,1,0.6024763213375506
BASE_x_P40,2,712016,1,0.7649734378954608
BASE_x_P40,2,714764,0,0.6422973550808461
BASE_x_P40,2,715221,1,0.5309918506506344
BASE_x_P40,2,723474,0,0.571855320415779
BASE_x_P40,2,726409,0,0.628500260891015
BASE_x_P40,2,726499,0,0.6698360093173386
BASE_x_P40,2,740043,1,0.8279288626382869
BASE_x_P40,2,742847,0,0.3732104981908632
BASE_x_P40,2,743605,1,0.5650651641841756
BASE_x_P40,2,747584,1,0.6954117630621507
BASE_x_P40,2,750881,0,0.6351381426383291
BASE_x_P40,2,751252,0,0.6750757246859012
BASE_x_P40,2,755294,1,0.6091574248758215
BASE_x_P40,2,780355,1,0.7538860252187202
BASE_x_P40,2,789437,1,0.8545823325155729
BASE_x_P40,2,803706,1,0.5169193580870626
BASE_x_P40,2,806762,0,0.27921844133944135
BASE_x_P40,2,808258,0,0.41265724884285576
BASE_x_P40,2,809234,1,0.8262568905416822
BASE_x_P40,2,818267,1,0.706351525919577
BASE_x_P40,2,829142,1,0.876476521018964
BASE_x_P40,2,835463,1,0.732402859041105
BASE_x_P40,2,839278,1,0.6589933204786403
BASE_x_P40,2,841534,0,0.30883258492893995
BASE_x_P40,2,841748,1,0.6432046485132595
BASE_x_P40,2,844964,0,0.4250122984655581
BASE_x_P40,2,851163,1,0.5720906978480587
BASE_x_P40,2,851639,1,0.6613997546150643
BASE_x_P40,2,854069,1,0.44250600448511407
BASE_x_P40,2,855223,1,0.5314031031195973
BASE_x_P40,2,857435,1,0.44387275066836496
BASE_x_P40,2,860381,0,0.2893472234232207
BASE_x_P40,2,861607,0,0.44930701273483464
BASE_x_P40,2,872844,1,0.6980726095628969
BASE_x_P40,2,877831,0,0.6811142296384795
BASE_x_P40,2,878721,0,0.7255330835261228
BASE_x_P40,2,882885,1,0.746230222306904
BASE_x_P40,2,883112,1,0.7153443977280115
BASE_x_P40,2,883479,0,0.6046650283059969
BASE_x_P40,2,885394,1,0.4604129137743682
BASE_x_P40,2,899469,1,0.6930070365388111
BASE_x_P40,2,900762,1,0.7426515605469237
BASE_x_P40,2,900957,1,0.7837225867177503
BASE_x_P40,2,924232,0,0.6414004850409942
BASE_x_P40,2,934409,0,0.5501679222627688
BASE_x_P40,2,941626,1,0.389900569494338
BASE_x_P40,2,947197,1,0.1967137582779291
BASE_x_P40,2,951246,0,0.2748807753734462
BASE_x_P40,2,954440,1,0.28434250034571007
BASE_x_P40,2,956387,1,0.32070457130277374
BASE_x_P40,2,963985,1,0.7750321254800978
BASE_x_P40,2,966701,0,0.7689415509120736
BASE_x_P40,2,968655,0,0.270492344319588
BASE_x_P40,2,976523,1,0.3255748133309904
BASE_x_P40,2,977714,1,0.7334396259486262
BASE_x_P40,2,979369,1,0.7564495412640792
BASE_x_P40,2,980871,1,0.4254944687749536
BASE_x_P40,2,981562,0,0.23159967676792992
BASE_x_P40,2,986260,1,0.5592148795765027
BASE_x_P40,2,986510,1,0.2789319402107726
BASE_x_P40,2,989331,1,0.6019045052416963
BASE_x_P40,2,991197,0,0.7689008651543944
BASE_x_P40,2,991829,1,0.6452373590200179
BASE_x_P40,2,993100,1,0.7765791249167284
BASE_x_P40,2,993602,1,0.29581303781251406
BASE_x_P40,2,995694,1,0.2912767630259841
BASE_x_P40,2,996219,0,0.5274367412593296
BASE_x_P40,2,996551,0,0.5685398554916145
BASE_x_P40,2,1000725,1,0.7325166035931318
BASE_x_P40,2,1001535,1,0.5203822098088339
BASE_x_P40,2,1003409,1,0.6960718661386616
BASE_x_P40,2,1005121,1,0.6589519756446353
BASE_x_P40,2,1005171,1,0.7579233024115216
BASE_x_P40,2,1005619,1,0.33033529715070875
BASE_x_P40,2,1007363,0,0.6886398028187207
BASE_x_P40,2,1058429,1,0.5831420846240986
BASE_x_P40,2,1061584,1,0.2832972399452938
BASE_x_P40,2,1062066,0,0.5432748903604597
BASE_x_P40,2,1066534,1,0.318052767231908
BASE_x_P40,2,1067041,1,0.8453438521175467
BASE_x_P40,2,1067177,1,0.6196284385543146
BASE_x_P40,2,1068069,1,0.5146629429608558
BASE_x_P40,2,1068151,0,0.3938044264622473
BASE_x_P40,2,1068390,1,0.762182989111121
BASE_x_P40,2,1068426,1,0.5414628661732239
BASE_x_P40,2,1068928,0,0.44056360800949057
BASE_x_P40,2,1069432,1,0.8166789248979068
BASE_x_P40,2,1069948,1,0.8423221083276438
BASE_x_P40,2,1070002,1,0.31714203275629305
BASE_x_P40,2,1070070,1,0.7854199352644244
BASE_x_P40,2,1070173,1,0.8186603128000481
BASE_x_P40,2,1071053,0,0.265126016993419
BASE_x_P40,2,1071949,1,0.6739479316414095
BASE_x_P40,2,1072395,1,0.6101465842392956
BASE_x_P40,2,1073214,1,0.5217898016784797
BASE_x_P40,2,1073232,0,0.6071026008859087
BASE_x_P40,2,1073268,1,0.3359474524654064
BASE_x_P40,2,1073839,0,0.33281176087753095
BASE_x_P40,2,1074312,0,0.44170741725511137
BASE_x_P40,2,1074427,1,0.5207304906517354
BASE_x_P40,2,1074571,1,0.6947162344763447
BASE_x_P40,2,1074753,0,0.491777810792053
BASE_x_P40,2,1075228,1,0.8102585071421938
BASE_x_P40,2,1075404,1,0.842414034570535
BASE_x_P40,2,1075699,1,0.509739458528734
BASE_x_P40,2,1077606,1,0.6528462822046615
BASE_x_P40,2,1079282,1,0.7760546203341261
BASE_x_P40,2,1081059,1,0.5476321521476233
BASE_x_P40,2,1081377,0,0.3027209509835009
BASE_x_P40,2,1081798,0,0.4677899257446144
BASE_x_P40,2,1082290,0,0.3900904640659642
BASE_x_P40,2,1082987,0,0.3360317927985795
BASE_x_P40,2,1084214,1,0.6984013300527142
BASE_x_P40,2,1084630,1,0.6868875605805776
BASE_x_P40,2,1085216,0,0.5805809182331998
BASE_x_P40,2,1086129,1,0.5902014410005542
BASE_x_P40,2,1086243,1,0.7901292502345556
BASE_x_P40,2,1086770,1,0.8725018259559125
BASE_x_P40,2,1086772,1,0.7263905089183089
BASE_x_P40,2,1087850,0,0.5262580385333915
BASE_x_P40,2,1089310,0,0.541999645848627
BASE_x_P40,2,1089629,0,0.6912559065863502
BASE_x_P40,2,1091748,1,0.644979101774445
BASE_x_P40,2,1093139,0,0.5589308835471382
BASE_x_P40,2,1093650,1,0.7893040807083237
BASE_x_P40,2,1094011,1,0.6101552744363087
BASE_x_P40,2,1094046,1,0.6069105785748533
BASE_x_P40,2,1094897,1,0.7463846743602538
BASE_x_P40,2,1095869,1,0.7258365745775553
BASE_x_P40,2,1095940,1,0.8875716195841722
BASE_x_P40,2,1096850,1,0.7775864596108797
BASE_x_P40,2,1096858,1,0.7870553900077905
BASE_x_P40,2,1098886,1,0.6800621154280599
BASE_x_P40,2,1103930,1,0.8810012896350977
BASE_x_P40,2,1104113,1,0.5878712280775433
BASE_x_P40,2,1104452,1,0.6761451569631741
BASE_x_P40,2,1104592,1,0.6398889210135202
BASE_x_P40,2,1105198,0,0.25645125849798256
BASE_x_P40,2,1105837,1,0.6073278761378175
BASE_x_P40,2,1106300,1,0.5270168513573517
BASE_x_P40,2,1106596,0,0.5291353240546514
BASE_x_P40,2,1107096,1,0.6423921658107211
BASE_x_P40,2,1107291,0,0.33216601413349006
BASE_x_P40,2,1107631,1,0.6660580652561954
BASE_x_P40,2,1108050,1,0.8326991903592651
BASE_x_P40,2,1109506,1,0.901712543029178
BASE_x_P40,2,1109526,1,0.653890254824373
BASE_x_P40,2,1109598,1,0.8317270874506544
BASE_x_P40,2,1109983,1,0.882023282606042
BASE_x_P40,2,1111098,1,0.39093519763908985
BASE_x_P40,2,1111860,1,0.6234181386845071
BASE_x_P40,2,1113294,1,0.739909846216926
BASE_x_P40,2,1113365,1,0.5881425025014572
BASE_x_P40,2,1113808,0,0.39278200239454975
BASE_x_P40,2,1115713,1,0.5603211651647341
BASE_x_P40,2,1116144,1,0.7205232704143326
BASE_x_P40,2,1116479,0,0.6437360868502037
BASE_x_P40,2,1116580,1,0.5258941152795785
BASE_x_P40,2,1117063,0,0.4016204848873211
BASE_x_P40,2,1117243,1,0.7251527746385507
BASE_x_P40,2,1117669,0,0.5689269135186832
BASE_x_P40,2,1117701,1,0.7153209044555965
BASE_x_P40,2,1117869,1,0.7156809253892367
BASE_x_P40,2,1118191,1,0.7727060020563644
BASE_x_P40,2,1118291,0,0.5522062267855078
BASE_x_P40,2,1118398,1,0.6808195693108238
BASE_x_P40,2,1118511,1,0.6054298012122044
BASE_x_P40,2,1118641,0,0.11576411645723116
BASE_x_P40,2,1119092,1,0.4737002816791987
BASE_x_P40,2,1119930,1,0.8339829878714496
BASE_x_P40,2,1120836,1,0.8485955851882784
BASE_x_P40,2,1121365,1,0.7497211155786461
BASE_x_P40,2,1121559,1,0.8147584321141121
BASE_x_P40,2,1121672,1,0.5015796420854227
BASE_x_P40,2,1121736,0,0.7551238480175673
BASE_x_P40,2,1121795,1,0.6526529606593803
BASE_x_P40,2,1121927,1,0.8902810903675161
BASE_x_P40,2,1122004,0,0.1874181375378432
BASE_x_P40,2,1122185,1,0.6606265502125952
BASE_x_P40,2,1122658,1,0.5946292759895877
BASE_x_P40,2,1122760,0,0.23552440995611323
BASE_x_P40,2,1123435,1,0.5218862362462648
BASE_x_P40,2,1123551,0,0.4332497157412027
BASE_x_P40,2,1123858,0,0.8046228730260124
BASE_x_P40,2,1124152,0,0.7818683870355635
BASE_x_P40,2,1124180,0,0.41971225115182625
BASE_x_P40,2,1124482,1,0.6563823782271657
BASE_x_P40,2,1126244,0,0.365397888478752
BASE_x_P40,2,1126628,1,0.8202150080085583
BASE_x_P40,2,1126767,0,0.4830363784673058
BASE_x_P40,2,1127029,0,0.6605919661364011
BASE_x_P40,2,1127812,1,0.5385593616364032
BASE_x_P40,2,1128467,1,0.6990982909226947
BASE_x_P40,2,1128811,0,0.5500076227349884
BASE_x_P40,2,1129353,0,0.6691397870527512
BASE_x_P40,2,1129383,1,0.46051816625636144
BASE_x_P40,2,1129401,1,0.47808571676765055
BASE_x_P40,2,1130020,1,0.7279696012423341
BASE_x_P40,2,1130043,1,0.5228963062473061
BASE_x_P40,2,1130495,1,0.23785440066257435
BASE_x_P40,2,1130530,0,0.6900436407182647
BASE_x_P40,2,1131124,1,0.783801442321787
BASE_x_P40,2,1131656,1,0.8079973285846589
BASE_x_P40,2,1132058,1,0.24488402230895803
BASE_x_P40,2,1132465,1,0.7029033917738219
BASE_x_P40,2,1132886,0,0.62964059494969
BASE_x_P40,2,1133211,1,0.3643464286261715
BASE_x_P40,2,1134193,1,0.8013844799701636
BASE_x_P40,2,1134339,0,0.3974827504686359
BASE_x_P40,2,1135004,0,0.6634405429157333
BASE_x_P40,2,1136675,1,0.5789194171788158
BASE_x_P40,2,1136878,1,0.6472401070363567
BASE_x_P40,2,1137456,0,0.9499445106230324
BASE_x_P40,2,1137818,1,0.2503029411240092
BASE_x_P40,2,1138670,1,0.8751669198481349
BASE_x_P40,2,1138681,1,0.5818530697668287
BASE_x_P40,2,1138864,1,0.5036992917594556
BASE_x_P40,2,1140316,1,0.8181450240410763
BASE_x_P40,2,1142126,0,0.36895747127639145
BASE_x_P40,2,1142188,1,0.6070001879145382
BASE_x_P40,2,1144028,0,0.44922223502961633
BASE_x_P40,2,1144147,0,0.6160679176084269
BASE_x_P40,2,1144488,1,0.7343478909971719
BASE_x_P40,2,1144757,1,0.7520989371852655
BASE_x_P40,2,1145720,0,0.771980383827161
BASE_x_P40,2,1146563,0,0.7252866663831954
BASE_x_P40,2,1146584,1,0.6441264427462893
BASE_x_P40,2,1148113,1,0.3516206094985512
BASE_x_P40,2,1148157,1,0.8302953554366235
BASE_x_P40,2,1148282,1,0.7754600154819721
BASE_x_P40,2,1148607,1,0.6346897052288046
BASE_x_P40,2,1148756,1,0.6742284917716685
BASE_x_P40,2,1148957,1,0.7438823492020855
BASE_x_P40,2,1149553,1,0.8192598261309757
BASE_x_P40,2,1149963,1,0.28950303744012884
BASE_x_P40,2,1150067,1,0.731924187758699
BASE_x_P40,2,1150178,1,0.4644182861916724
BASE_x_P40,2,1151052,0,0.5152242631324258
BASE_x_P40,2,1151422,1,0.786403565168018
BASE_x_P40,2,1151513,1,0.5218336750407951
BASE_x_P40,2,1151818,0,0.33031061582866494
BASE_x_P40,2,1152700,1,0.5317794816291304
BASE_x_P40,2,1152707,0,0.7446758738280728
BASE_x_P40,2,1153263,0,0.663078494717845
BASE_x_P40,2,1153649,0,0.7548199424873994
BASE_x_P40,2,1153914,1,0.7109479101579619
BASE_x_P40,2,1154191,1,0.6896712083559602
BASE_x_P40,2,1154313,1,0.4917708855038701
BASE_x_P40,2,1154712,1,0.7672141632545307
BASE_x_P40,2,1155176,1,0.6719704614465676
BASE_x_P40,2,1155575,1,0.7473371628536207
BASE_x_P40,2,1156251,1,0.24695451580876587
BASE_x_P40,2,1156386,1,0.6418146386986847
BASE_x_P40,2,1156786,1,0.2973561074621251
BASE_x_P40,2,1156887,1,0.5731784900841167
BASE_x_P40,2,1158961,1,0.7987117506010952
BASE_x_P40,2,1205766,1,0.6917404399466495
BASE_x_P40,2,1205889,1,0.7524965317506339
BASE_x_P40,2,1206310,1,0.3878033215011189
BASE_x_P40,2,1207017,1,0.8357634794172403
BASE_x_P40,2,1207116,1,0.7741119273163761
BASE_x_P40,2,1207484,0,0.5680368858588851
BASE_x_P40,2,1207861,1,0.8565046112979101
BASE_x_P40,2,1207963,1,0.4234529725387751
BASE_x_P40,2,1208561,1,0.7759564686913805
BASE_x_P40,2,1208898,1,0.5105452182969809
BASE_x_P40,2,1209022,1,0.6616053137422342
BASE_x_P40,2,1209496,0,0.5094085950412082
BASE_x_P40,2,1210080,0,0.6250972443217129
BASE_x_P40,2,1210100,0,0.24448563924383357
BASE_x_P40,2,1210485,1,0.6676059318468465
BASE_x_P40,2,1210639,1,0.8841303219499266
BASE_x_P40,2,1210786,0,0.46119086345360666
BASE_x_P40,2,1210809,1,0.7805656401950058
BASE_x_P40,2,1211001,1,0.7696171057305115
BASE_x_P40,2,1211380,1,0.32297363410683166
BASE_x_P40,2,1212066,0,0.4424563260997381
BASE_x_P40,2,1212451,0,0.4868435325117295
BASE_x_P40,2,1212582,1,0.7297372157378449
BASE_x_P40,2,1213071,1,0.45076695116889864
BASE_x_P40,2,1213526,1,0.837846969467931
BASE_x_P40,2,1214739,0,0.501968064901276
BASE_x_P40,2,1214832,0,0.4072908745124233
BASE_x_P40,2,1215142,0,0.4478876061670974
BASE_x_P40,2,1215607,0,0.22788496055097454
BASE_x_P40,2,1216041,1,0.679101302001161
BASE_x_P40,2,1216045,1,0.773383123043218
BASE_x_P40,2,1216704,1,0.706475415322035
BASE_x_P40,2,1216776,1,0.3795389971484381
BASE_x_P40,2,1217243,1,0.5998069959584742
BASE_x_P40,2,1218194,1,0.48264812895139153
BASE_x_P40,2,1218554,1,0.8871913753006031
BASE_x_P40,2,1218673,1,0.3208089944305001
BASE_x_P40,2,1219597,0,0.6112937954470578
BASE_x_P40,2,1219877,1,0.7528729261115812
BASE_x_P40,2,1220226,0,0.37331570183851087
BASE_x_P40,2,1220426,0,0.4811488988366439
BASE_x_P40,2,1220526,1,0.7785372200664523
BASE_x_P40,2,1220699,1,0.6770409555784904
BASE_x_P40,2,1220702,0,0.4525945849295134
BASE_x_P40,2,1220802,1,0.7871360908990596
BASE_x_P40,2,1220833,1,0.7504013291016837
BASE_x_P40,2,1220875,0,0.361241932725068
BASE_x_P40,2,1221102,0,0.8729521503468551
BASE_x_P40,2,1221236,1,0.6185333210075645
BASE_x_P40,2,1221707,0,0.3943284320445095
BASE_x_P40,2,1222369,0,0.858942327958252
BASE_x_P40,2,1222988,1,0.7418141673909336
BASE_x_P40,2,1223193,0,0.6715629314749103
BASE_x_P40,2,1223568,1,0.722881751243079
BASE_x_P40,2,1223754,0,0.6982276832514551
BASE_x_P40,2,1224229,1,0.8913957677247296
BASE_x_P40,2,1224519,1,0.6507417338620293
BASE_x_P40,2,1224731,1,0.7575333377041302
BASE_x_P40,2,1225050,0,0.32338984719448716
BASE_x_P40,2,1225323,1,0.5943302446343944
BASE_x_P40,2,1225341,1,0.5167504173720439
BASE_x_P40,2,1225388,0,0.6708923199659956
BASE_x_P40,2,1225413,1,0.8345023885183521
BASE_x_P40,2,1225605,0,0.7335656614997142
BASE_x_P40,2,1226794,0,0.2956610826191447
BASE_x_P40,2,1226946,1,0.9438170290823936
BASE_x_P40,2,1227262,1,0.725869983360125
BASE_x_P40,2,1227437,1,0.783040792274043
BASE_x_P40,2,1227597,0,0.4879412999233081
BASE_x_P40,2,1227732,1,0.41947679972767793
BASE_x_P40,2,1227755,1,0.8157457234221285
BASE_x_P40,2,1227765,1,0.8092253784706135
BASE_x_P40,2,1228018,1,0.5046614879162759
BASE_x_P40,2,1228461,1,0.9533678105677833
BASE_x_P40,2,1228842,0,0.278546115075395
BASE_x_P40,2,1229345,1,0.8661490780404614
BASE_x_P40,2,1229605,0,0.4834325129652466
BASE_x_P40,2,1230051,1,0.6861360068800884
BASE_x_P40,2,1230374,1,0.8859908105080799
BASE_x_P40,2,1230384,0,0.5548465919114982
BASE_x_P40,2,1230408,1,0.6932975491265302
BASE_x_P40,2,1230574,0,0.6197631831467606
BASE_x_P40,2,1230712,0,0.6017368489238484
BASE_x_P40,2,1230855,0,0.36901040950723507
BASE_x_P40,2,1231339,0,0.46226364894220917
BASE_x_P40,2,1232028,0,0.14860399635443847
BASE_x_P40,2,1233241,0,0.6200108136730791
BASE_x_P40,2,1233508,1,0.6057137358627117
BASE_x_P40,2,1233527,1,0.6306859262122013
BASE_x_P40,2,1233621,0,0.753231491798134
BASE_x_P40,2,1233632,1,0.4326454820391612
BASE_x_P40,2,1233791,1,0.3669146640448248
BASE_x_P40,2,1234521,0,0.49321844445756374
BASE_x_P40,2,1235863,1,0.6028474868853344
BASE_x_P40,2,1235882,0,0.5984531651010482
BASE_x_P40,2,1235914,0,0.24744497773642185
BASE_x_P40,2,1235985,1,0.5145492545663275
BASE_x_P40,2,1236656,0,0.4576804653691029
BASE_x_P40,2,1237272,1,0.4126669943697342
BASE_x_P40,2,1237647,0,0.4429121434653353
BASE_x_P40,2,1238245,1,0.7141326184724057
BASE_x_P40,2,1238297,0,0.39624248257162903
BASE_x_P40,2,1238348,0,0.707300963967483
BASE_x_P40,2,1238457,1,0.6846160738558291
BASE_x_P40,2,1238537,0,0.5153676371480016
BASE_x_P40,2,1238550,1,0.8008768251889228
BASE_x_P40,2,1238559,1,0.7808082029858237
BASE_x_P40,2,1238835,1,0.7454571632718328
BASE_x_P40,2,1238864,1,0.589035603205414
BASE_x_P40,2,1238867,1,0.7687421885787573
BASE_x_P40,2,1238917,0,0.4044119877130029
BASE_x_P40,2,1238960,1,0.7320352736399979
BASE_x_P40,2,1239042,1,0.47953804503472325
BASE_x_P40,2,1239079,1,0.6091056162918528
BASE_x_P40,2,1239224,1,0.4533062315464395
BASE_x_P40,2,1239283,1,0.46796381307915075
BASE_x_P40,2,1239427,1,0.8106752881208179
BASE_x_P40,2,1239611,1,0.5588830271636173
BASE_x_P40,2,1239907,1,0.6800403288418092
BASE_x_P40,2,1241318,1,0.2591662969327011
BASE_x_P40,2,1241362,1,0.7994246015026657
BASE_x_P40,2,1241625,0,0.5781336605209259
BASE_x_P40,2,1241779,1,0.4892931859568612
BASE_x_P40,2,1242413,1,0.5362412067126726
BASE_x_P40,2,1242831,0,0.4250855413498511
BASE_x_P40,2,1243993,0,0.390173063080698
BASE_x_P40,2,1244763,0,0.4656827488787939
BASE_x_P40,2,1244765,0,0.5711553639193879
BASE_x_P40,2,1245905,1,0.48605275278070836
BASE_x_P40,2,1245930,0,0.411882410028431
BASE_x_P40,2,1246192,1,0.5098350148022841
BASE_x_P40,2,1246490,1,0.7638704731575158
BASE_x_P40,2,1246702,1,0.44692161092548477
BASE_x_P40,3,12246,1,0.5202355764263757
BASE_x_P40,3,20593,1,0.6575336601653377
BASE_x_P40,3,26806,1,0.7544367170568836
BASE_x_P40,3,30603,1,0.7145436261177559
BASE_x_P40,3,32577,0,0.4086444005102466
BASE_x_P40,3,33170,0,0.38678982136826734
BASE_x_P40,3,42450,1,0.626216982620355
BASE_x_P40,3,42858,0,0.4980633582275908
BASE_x_P40,3,52327,1,0.7852360649463597
BASE_x_P40,3,54828,1,0.8631135801628147
BASE_x_P40,3,57517,1,0.8641331871177974
BASE_x_P40,3,58630,1,0.5787620871117051
BASE_x_P40,3,66226,1,0.7434471894438118
BASE_x_P40,3,68483,1,0.5434675609869621
BASE_x_P40,3,75558,1,0.5609847759742138
BASE_x_P40,3,77870,1,0.46234667098909443
BASE_x_P40,3,78778,0,0.2815687602917088
BASE_x_P40,3,86840,1,0.6038378044284489
BASE_x_P40,3,86896,0,0.8584744055264218
BASE_x_P40,3,87973,1,0.7610018503116828
BASE_x_P40,3,88483,1,0.7049367723222123
BASE_x_P40,3,89841,1,0.4674220006482176
BASE_x_P40,3,89847,1,0.6216327767121882
BASE_x_P40,3,89850,1,0.5730259893780356
BASE_x_P40,3,93011,0,0.5998832266852746
BASE_x_P40,3,93380,0,0.4959484196400424
BASE_x_P40,3,95626,1,0.752553957289204
BASE_x_P40,3,102640,1,0.5851879358022896
BASE_x_P40,3,108335,0,0.33650203613808627
BASE_x_P40,3,129407,1,0.5347326458667396
BASE_x_P40,3,130251,0,0.3335052724703945
BASE_x_P40,3,130832,1,0.879993579397339
BASE_x_P40,3,136645,1,0.6345203236801418
BASE_x_P40,3,139145,1,0.8585757597140494
BASE_x_P40,3,139693,0,0.4166145177884485
BASE_x_P40,3,140328,0,0.7665496228705804
BASE_x_P40,3,141620,1,0.6210211003825161
BASE_x_P40,3,144260,0,0.8003019990358345
BASE_x_P40,3,144639,1,0.6522100915725234
BASE_x_P40,3,146346,1,0.415818784868206
BASE_x_P40,3,149880,1,0.6344651746139178
BASE_x_P40,3,153637,1,0.42634134785584665
BASE_x_P40,3,154041,1,0.6834103030773232
BASE_x_P40,3,154147,1,0.8267237264770028
BASE_x_P40,3,160524,0,0.2704489741962181
BASE_x_P40,3,162979,1,0.8202840357449577
BASE_x_P40,3,167707,1,0.5434234156278145
BASE_x_P40,3,169727,0,0.7754402370113379
BASE_x_P40,3,173162,0,0.47592774446318464
BASE_x_P40,3,180368,1,0.6115119734566715
BASE_x_P40,3,183492,1,0.7582623532552003
BASE_x_P40,3,184874,1,0.583243830657404
BASE_x_P40,3,185004,1,0.4297797293221259
BASE_x_P40,3,185627,1,0.6906646299947667
BASE_x_P40,3,189685,0,0.5127125008153977
BASE_x_P40,3,191245,1,0.9049658652075497
BASE_x_P40,3,193149,0,0.7527155851000649
BASE_x_P40,3,197089,0,0.4900812452582287
BASE_x_P40,3,203461,1,0.5776921846058564
BASE_x_P40,3,220792,0,0.506398338578401
BASE_x_P40,3,226106,1,0.8288149638301732
BASE_x_P40,3,226859,0,0.7128109453238664
BASE_x_P40,3,236298,0,0.5206210754983706
BASE_x_P40,3,240229,0,0.2527783648327077
BASE_x_P40,3,248666,1,0.5339602048858745
BASE_x_P40,3,253611,0,0.2635973703347014
BASE_x_P40,3,269426,1,0.7498277212256295
BASE_x_P40,3,270408,1,0.4605392298049096
BASE_x_P40,3,271883,1,0.5765009258368822
BASE_x_P40,3,273148,1,0.8677069562871712
BASE_x_P40,3,273824,1,0.6586671025769575
BASE_x_P40,3,274345,0,0.19794476081983883
BASE_x_P40,3,280634,1,0.49271805079702424
BASE_x_P40,3,280650,1,0.9205047043894753
BASE_x_P40,3,282212,1,0.4023723735917331
BASE_x_P40,3,292872,0,0.26146355692291956
BASE_x_P40,3,297709,0,0.3650858599505525
BASE_x_P40,3,298955,0,0.8118608699608398
BASE_x_P40,3,300174,0,0.4334853644811439
BASE_x_P40,3,306454,0,0.4401384007941575
BASE_x_P40,3,306770,0,0.711114309789541
BASE_x_P40,3,314907,1,0.815444640974559
BASE_x_P40,3,315569,1,0.8985708490038455
BASE_x_P40,3,315683,0,0.3206792098292801
BASE_x_P40,3,316099,0,0.3204265656737654
BASE_x_P40,3,319311,0,0.34748946953442506
BASE_x_P40,3,319661,1,0.5791289613711134
BASE_x_P40,3,323399,0,0.2483517637985427
BASE_x_P40,3,324095,1,0.8427361317604415
BASE_x_P40,3,328655,0,0.5474406545431778
BASE_x_P40,3,330889,1,0.8364833269762073
BASE_x_P40,3,331198,1,0.6444302740342849
BASE_x_P40,3,331536,1,0.7548051683494783
BASE_x_P40,3,334461,1,0.20703370896842394
BASE_x_P40,3,335955,1,0.4279795188665502
BASE_x_P40,3,337710,1,0.5081445623057896
BASE_x_P40,3,338273,1,0.5062078721972827
BASE_x_P40,3,338312,1,0.5687554404513271
BASE_x_P40,3,338690,1,0.7572254917325929
BASE_x_P40,3,338963,1,0.5546340121378014
BASE_x_P40,3,339319,1,0.8474806392100389
BASE_x_P40,3,345648,0,0.4350137206410472
BASE_x_P40,3,348496,1,0.6838118210425961
BASE_x_P40,3,349134,1,0.8698334793612287
BASE_x_P40,3,352191,1,0.768826311866121
BASE_x_P40,3,352302,0,0.7762039985702348
BASE_x_P40,3,353336,1,0.44642948209494143
BASE_x_P40,3,353886,0,0.6708623305589964
BASE_x_P40,3,354035,1,0.6882041157342134
BASE_x_P40,3,360521,0,0.5122309595492598
BASE_x_P40,3,360745,1,0.6492291944189386
BASE_x_P40,3,361916,1,0.7142469951154713
BASE_x_P40,3,364440,0,0.5133783235742324
BASE_x_P40,3,366159,1,0.6106291739183884
BASE_x_P40,3,368436,1,0.4442932724243909
BASE_x_P40,3,376917,1,0.6197411824026541
BASE_x_P40,3,378289,0,0.8599768752981112
BASE_x_P40,3,380225,1,0.8541114012794666
BASE_x_P40,3,397908,0,0.22921732009391216
BASE_x_P40,3,400944,1,0.8090167693540709
BASE_x_P40,3,409579,1,0.46157992880154103
BASE_x_P40,3,414906,0,0.19537608532511874
BASE_x_P40,3,416249,1,0.6066954740133051
BASE_x_P40,3,419522,1,0.6729525759859301
BASE_x_P40,3,422674,1,0.43824628527268206
BASE_x_P40,3,423853,1,0.8249265993588708
BASE_x_P40,3,427380,1,0.7831780378928372
BASE_x_P40,3,436295,1,0.7976388991489484
BASE_x_P40,3,438848,1,0.8933717404034377
BASE_x_P40,3,442019,0,0.5920325009977008
BASE_x_P40,3,443084,0,0.30850150646690017
BASE_x_P40,3,451844,1,0.4812256292064722
BASE_x_P40,3,457179,1,0.883851043990201
BASE_x_P40,3,467821,0,0.30975413083456194
BASE_x_P40,3,469865,1,0.7379396828282218
BASE_x_P40,3,475893,0,0.3189171722843216
BASE_x_P40,3,477981,1,0.7669688094236531
BASE_x_P40,3,479371,0,0.5220873028922395
BASE_x_P40,3,479811,0,0.30986952267385126
BASE_x_P40,3,480021,0,0.6957076907771809
BASE_x_P40,3,480598,1,0.5890319732816931
BASE_x_P40,3,480708,1,0.9063532471868824
BASE_x_P40,3,481454,0,0.2230762006051932
BASE_x_P40,3,487515,1,0.7896760488781115
BASE_x_P40,3,498363,1,0.8370434143523126
BASE_x_P40,3,517250,1,0.4554116847732708
BASE_x_P40,3,519298,1,0.5785403210383212
BASE_x_P40,3,523694,0,0.3529223243342476
BASE_x_P40,3,526137,0,0.7378620751040029
BASE_x_P40,3,529816,1,0.5352102349554104
BASE_x_P40,3,531462,1,0.5534103048428953
BASE_x_P40,3,532019,1,0.805079117156814
BASE_x_P40,3,532148,1,0.6127018616336396
BASE_x_P40,3,544864,1,0.4794255642695556
BASE_x_P40,3,552900,1,0.939353478163984
BASE_x_P40,3,556177,0,0.3595849105406115
BASE_x_P40,3,559178,1,0.6206670610317938
BASE_x_P40,3,559210,0,0.329156926423208
BASE_x_P40,3,571812,1,0.8786521749509574
BASE_x_P40,3,572241,0,0.5848511874868795
BASE_x_P40,3,575322,1,0.5954699884951327
BASE_x_P40,3,578406,1,0.6133404234432774
BASE_x_P40,3,581598,1,0.8460927954695712
BASE_x_P40,3,586714,1,0.5304653017645965
BASE_x_P40,3,589233,1,0.8048085424283028
BASE_x_P40,3,591051,1,0.6339425733985771
BASE_x_P40,3,592121,0,0.44348367284553286
BASE_x_P40,3,595099,0,0.6528994694135716
BASE_x_P40,3,596445,0,0.7188229576408746
BASE_x_P40,3,602794,1,0.600842682596589
BASE_x_P40,3,608388,1,0.5343214580539339
BASE_x_P40,3,620021,0,0.4516262120006521
BASE_x_P40,3,621152,0,0.2246741193403357
BASE_x_P40,3,623782,1,0.8145807260266895
BASE_x_P40,3,624977,0,0.7158973064979536
BASE_x_P40,3,627036,1,0.718375398411686
BASE_x_P40,3,628861,1,0.647245703975053
BASE_x_P40,3,629290,0,0.36887235013546615
BASE_x_P40,3,642558,1,0.4490881799530742
BASE_x_P40,3,644443,1,0.7899686063812706
BASE_x_P40,3,644744,1,0.8948156030849096
BASE_x_P40,3,646425,1,0.3916943561986471
BASE_x_P40,3,649313,1,0.5867988981044261
BASE_x_P40,3,652129,1,0.9200631205463472
BASE_x_P40,3,653268,1,0.58311196901432
BASE_x_P40,3,661211,0,0.4634059194044455
BASE_x_P40,3,665656,1,0.718443031352497
BASE_x_P40,3,673553,1,0.7230892553211258
BASE_x_P40,3,673667,1,0.44334893415076915
BASE_x_P40,3,675008,1,0.6381954609587378
BASE_x_P40,3,675401,1,0.6809500913076092
BASE_x_P40,3,677928,1,0.4941530460516136
BASE_x_P40,3,678199,0,0.34675306704037195
BASE_x_P40,3,684963,1,0.8516720062748984
BASE_x_P40,3,688573,0,0.5207766923120576
BASE_x_P40,3,689380,1,0.43330894206303516
BASE_x_P40,3,692458,1,0.4870915497571773
BASE_x_P40,3,692799,1,0.8572108004952419
BASE_x_P40,3,696774,1,0.817479749341117
BASE_x_P40,3,697830,0,0.4069732346463206
BASE_x_P40,3,697961,1,0.8122344826328565
BASE_x_P40,3,699877,0,0.4366306764401411
BASE_x_P40,3,703629,1,0.8869130754753036
BASE_x_P40,3,705906,1,0.8212574833037439
BASE_x_P40,3,706141,1,0.3990214304470285
BASE_x_P40,3,707069,1,0.8360868487971652
BASE_x_P40,3,709722,1,0.46318122651403065
BASE_x_P40,3,709815,1,0.836087039471025
BASE_x_P40,3,714764,0,0.6182708311996774
BASE_x_P40,3,715113,1,0.7768827766652601
BASE_x_P40,3,715221,1,0.5378049628137092
BASE_x_P40,3,718508,1,0.8231245141529208
BASE_x_P40,3,718614,0,0.30724706888978326
BASE_x_P40,3,719188,1,0.705149576104632
BASE_x_P40,3,723474,0,0.5016615103530395
BASE_x_P40,3,728929,1,0.39869582357140226
BASE_x_P40,3,739674,0,0.3594339344835744
BASE_x_P40,3,742847,0,0.3874411381993999
BASE_x_P40,3,743318,0,0.32496338340250874
BASE_x_P40,3,744145,0,0.624463598974969
BASE_x_P40,3,747710,0,0.7888629415166066
BASE_x_P40,3,748105,0,0.4533523637286113
BASE_x_P40,3,751827,1,0.6836725160170295
BASE_x_P40,3,752967,1,0.8901280640018397
BASE_x_P40,3,752970,0,0.565462831078919
BASE_x_P40,3,757383,0,0.4298194062126533
BASE_x_P40,3,757410,0,0.7901052582795532
BASE_x_P40,3,759242,1,0.7625695295658818
BASE_x_P40,3,760356,1,0.4126678971652991
BASE_x_P40,3,761089,0,0.41231898478613244
BASE_x_P40,3,761233,1,0.5973214482370485
BASE_x_P40,3,761534,1,0.7274681837889969
BASE_x_P40,3,763094,1,0.39008191819474336
BASE_x_P40,3,765019,0,0.5194924970620501
BASE_x_P40,3,765027,1,0.4144397714685205
BASE_x_P40,3,779186,1,0.7456030266686356
BASE_x_P40,3,781445,0,0.33152350927702984
BASE_x_P40,3,789824,0,0.2514682924377899
BASE_x_P40,3,790696,0,0.6170592945782122
BASE_x_P40,3,797407,0,0.370708533858164
BASE_x_P40,3,805599,1,0.6561311158143194
BASE_x_P40,3,809234,1,0.7961612868434064
BASE_x_P40,3,809238,0,0.7846837672172424
BASE_x_P40,3,810874,0,0.47880965498640976
BASE_x_P40,3,813871,1,0.7220856003639174
BASE_x_P40,3,816834,0,0.16484094128423496
BASE_x_P40,3,817995,1,0.6886151827074048
BASE_x_P40,3,820729,1,0.7036046395237946
BASE_x_P40,3,824734,1,0.45402338884726534
BASE_x_P40,3,826631,0,0.34140248010278446
BASE_x_P40,3,829142,1,0.8596940848190762
BASE_x_P40,3,829951,1,0.5759415301134276
BASE_x_P40,3,830573,0,0.2763352733934883
BASE_x_P40,3,831720,0,0.4742398932160943
BASE_x_P40,3,834393,0,0.39636450435798387
BASE_x_P40,3,834446,1,0.8089944324830303
BASE_x_P40,3,834515,0,0.6593102843776605
BASE_x_P40,3,841534,0,0.2825045894766345
BASE_x_P40,3,850702,1,0.8058242621099029
BASE_x_P40,3,851146,1,0.8646510496884708
BASE_x_P40,3,853842,1,0.6057559031923436
BASE_x_P40,3,855223,1,0.5107024529190243
BASE_x_P40,3,860519,0,0.3485860535021211
BASE_x_P40,3,862030,1,0.5770245209295239
BASE_x_P40,3,865733,1,0.35090571382330266
BASE_x_P40,3,865987,0,0.5709679677409623
BASE_x_P40,3,868318,0,0.7305496013640459
BASE_x_P40,3,870983,1,0.14577652405066255
BASE_x_P40,3,872844,1,0.7133285769876296
BASE_x_P40,3,873012,1,0.461982531185928
BASE_x_P40,3,873206,1,0.48741035986786785
BASE_x_P40,3,875241,1,0.6981615294879978
BASE_x_P40,3,878491,1,0.5337784683064986
BASE_x_P40,3,883112,1,0.7812673281640703
BASE_x_P40,3,883804,1,0.41696990474959555
BASE_x_P40,3,885394,1,0.4567105487512112
BASE_x_P40,3,899067,0,0.20878361302283677
BASE_x_P40,3,899206,1,0.8294032291426197
BASE_x_P40,3,941626,1,0.3568230077472638
BASE_x_P40,3,944315,0,0.5262751390525688
BASE_x_P40,3,951246,0,0.2475498693288768
BASE_x_P40,3,951306,1,0.710562141441136
BASE_x_P40,3,951654,0,0.4210140316738976
BASE_x_P40,3,951846,0,0.36364293099656764
BASE_x_P40,3,954370,1,0.71865413974303
BASE_x_P40,3,961819,0,0.5702595106976748
BASE_x_P40,3,963197,1,0.5886411709942238
BASE_x_P40,3,964462,0,0.46338207231248996
BASE_x_P40,3,967105,1,0.6935252215471877
BASE_x_P40,3,975490,1,0.5848009673951939
BASE_x_P40,3,976220,1,0.8346100569181688
BASE_x_P40,3,981562,0,0.34421182243384585
BASE_x_P40,3,982817,0,0.15960477831979597
BASE_x_P40,3,986510,1,0.34607817511710054
BASE_x_P40,3,987267,1,0.668069816126017
BASE_x_P40,3,987661,1,0.47713543847033973
BASE_x_P40,3,988546,0,0.13003211490540698
BASE_x_P40,3,993602,1,0.3233618501462792
BASE_x_P40,3,995694,1,0.27885234583333973
BASE_x_P40,3,1000434,1,0.7692279775529238
BASE_x_P40,3,1005121,1,0.6105631033226798
BASE_x_P40,3,1008354,0,0.5616062388956806
BASE_x_P40,3,1033938,0,0.5719685332647991
BASE_x_P40,3,1042457,0,0.2325424874224173
BASE_x_P40,3,1048580,1,0.8026531661268259
BASE_x_P40,3,1053386,0,0.4415308678910935
BASE_x_P40,3,1057961,0,0.6286237096194442
BASE_x_P40,3,1063771,0,0.5113651773755152
BASE_x_P40,3,1065288,0,0.4515064482620514
BASE_x_P40,3,1067946,0,0.32852921259399465
BASE_x_P40,3,1068977,0,0.43320069600824135
BASE_x_P40,3,1069003,0,0.5607532622801314
BASE_x_P40,3,1069432,1,0.8084286452649462
BASE_x_P40,3,1070002,1,0.4111130568662057
BASE_x_P40,3,1070777,1,0.7227345999798545
BASE_x_P40,3,1071049,1,0.5349059033282209
BASE_x_P40,3,1072194,1,0.660057269614778
BASE_x_P40,3,1074094,1,0.3754179142157241
BASE_x_P40,3,1074306,1,0.6918193474774244
BASE_x_P40,3,1074579,0,0.4940329863256691
BASE_x_P40,3,1076383,1,0.4467377391900573
BASE_x_P40,3,1077856,1,0.7415924450548235
BASE_x_P40,3,1078976,1,0.47614484423868897
BASE_x_P40,3,1080459,1,0.8517222897541512
BASE_x_P40,3,1080892,1,0.4118642460679612
BASE_x_P40,3,1081397,1,0.7059892717494778
BASE_x_P40,3,1083201,1,0.7401321842574995
BASE_x_P40,3,1084214,1,0.5994624277681259
BASE_x_P40,3,1085896,1,0.7566355642027242
BASE_x_P40,3,1087295,1,0.32635680905346204
BASE_x_P40,3,1088707,1,0.8285600034042544
BASE_x_P40,3,1089436,0,0.6837077729110199
BASE_x_P40,3,1089629,0,0.7291528626062022
BASE_x_P40,3,1090438,1,0.6442651956220071
BASE_x_P40,3,1090932,1,0.7032098436004063
BASE_x_P40,3,1091111,1,0.5466119386535166
BASE_x_P40,3,1092068,0,0.528790179148444
BASE_x_P40,3,1092267,0,0.2388812672742483
BASE_x_P40,3,1092954,1,0.698005676078074
BASE_x_P40,3,1094030,1,0.7356362327298877
BASE_x_P40,3,1094456,1,0.27150213070527474
BASE_x_P40,3,1095881,1,0.8016462111136381
BASE_x_P40,3,1096276,0,0.5247451902448311
BASE_x_P40,3,1096850,1,0.6442006695578845
BASE_x_P40,3,1098043,0,0.7628954010369664
BASE_x_P40,3,1101522,0,0.4864577939700256
BASE_x_P40,3,1102389,1,0.8197628754516342
BASE_x_P40,3,1103891,1,0.5737979171960151
BASE_x_P40,3,1104219,1,0.28206363384254934
BASE_x_P40,3,1104438,1,0.6883746990255655
BASE_x_P40,3,1104599,1,0.5209467242416295
BASE_x_P40,3,1104803,0,0.2729275132241427
BASE_x_P40,3,1105078,1,0.5789094427732301
BASE_x_P40,3,1105416,1,0.6197589798835353
BASE_x_P40,3,1105688,1,0.8177863873835353
BASE_x_P40,3,1105733,1,0.4655462168250955
BASE_x_P40,3,1106632,0,0.23122059312437138
BASE_x_P40,3,1107147,1,0.6716061402689709
BASE_x_P40,3,1109280,1,0.6860426926667025
BASE_x_P40,3,1109829,1,0.7457918260184679
BASE_x_P40,3,1111123,1,0.36584308790681774
BASE_x_P40,3,1111426,0,0.686913778614687
BASE_x_P40,3,1111513,1,0.8425113867209538
BASE_x_P40,3,1111831,0,0.7016555104390894
BASE_x_P40,3,1112333,1,0.7360933627465325
BASE_x_P40,3,1112876,1,0.6182183578314696
BASE_x_P40,3,1113294,1,0.7018606016670745
BASE_x_P40,3,1113536,0,0.4489777401962575
BASE_x_P40,3,1113756,1,0.5705046229683457
BASE_x_P40,3,1114319,0,0.4223422747196542
BASE_x_P40,3,1115322,1,0.8634624776646511
BASE_x_P40,3,1116440,0,0.31348879348208825
BASE_x_P40,3,1116580,1,0.5382100276587102
BASE_x_P40,3,1117370,1,0.8326059749068893
BASE_x_P40,3,1117882,0,0.34494089628737806
BASE_x_P40,3,1117951,1,0.6087640505682256
BASE_x_P40,3,1118511,1,0.5336109021367504
BASE_x_P40,3,1119492,1,0.5356620623812179
BASE_x_P40,3,1119520,0,0.47962780605640437
BASE_x_P40,3,1120326,1,0.23589417732830742
BASE_x_P40,3,1120684,0,0.31528847119690206
BASE_x_P40,3,1121623,1,0.7500105625935852
BASE_x_P40,3,1122185,1,0.4356315747648873
BASE_x_P40,3,1122626,1,0.8905861102213379
BASE_x_P40,3,1122658,1,0.5611429350204589
BASE_x_P40,3,1122760,0,0.21764452797788825
BASE_x_P40,3,1123205,0,0.6013534433644708
BASE_x_P40,3,1123222,1,0.5566129676641921
BASE_x_P40,3,1123572,0,0.3844293806165291
BASE_x_P40,3,1124329,1,0.5683187373589349
BASE_x_P40,3,1124491,1,0.6482859456965234
BASE_x_P40,3,1124658,0,0.4552764095085993
BASE_x_P40,3,1124806,1,0.36668065756716567
BASE_x_P40,3,1125163,1,0.47935281387906387
BASE_x_P40,3,1125189,0,0.3371592789627409
BASE_x_P40,3,1125964,1,0.651153543708343
BASE_x_P40,3,1126637,0,0.7429109548775817
BASE_x_P40,3,1127029,0,0.7087116598130971
BASE_x_P40,3,1127560,1,0.8664356513297347
BASE_x_P40,3,1128027,1,0.5824237731691789
BASE_x_P40,3,1128065,0,0.4889346030545999
BASE_x_P40,3,1128946,1,0.3673553802945191
BASE_x_P40,3,1128952,0,0.5326558455526142
BASE_x_P40,3,1129131,0,0.13203447539008256
BASE_x_P40,3,1129401,1,0.5291804847445098
BASE_x_P40,3,1129826,1,0.7189541959142024
BASE_x_P40,3,1130697,1,0.779427226937781
BASE_x_P40,3,1131818,1,0.6095911859403942
BASE_x_P40,3,1132205,1,0.8244679364847118
BASE_x_P40,3,1132255,0,0.6031033002166267
BASE_x_P40,3,1132465,1,0.6602164148646747
BASE_x_P40,3,1132760,0,0.6611029696066686
BASE_x_P40,3,1133467,1,0.6443563508796316
BASE_x_P40,3,1133778,1,0.8902703943470743
BASE_x_P40,3,1134347,0,0.3773243820012492
BASE_x_P40,3,1134479,1,0.8185708465876833
BASE_x_P40,3,1136005,0,0.35706985209698905
BASE_x_P40,3,1136524,0,0.6920536940993037
BASE_x_P40,3,1136723,0,0.27325172282563376
BASE_x_P40,3,1137456,0,0.8766011539320389
BASE_x_P40,3,1137589,1,0.501089210522755
BASE_x_P40,3,1137968,0,0.3880984731375073
BASE_x_P40,3,1138091,1,0.5258915217974612
BASE_x_P40,3,1141785,0,0.16852979150601402
BASE_x_P40,3,1142514,0,0.47449505666798236
BASE_x_P40,3,1142584,0,0.40095382187961476
BASE_x_P40,3,1143112,1,0.7863960407073042
BASE_x_P40,3,1144147,0,0.5603081242614227
BASE_x_P40,3,1144322,1,0.8257165766040631
BASE_x_P40,3,1145284,1,0.8165338811160322
BASE_x_P40,3,1145450,0,0.4176342226967639
BASE_x_P40,3,1145704,1,0.7663992369405287
BASE_x_P40,3,1145863,1,0.8308309189144648
BASE_x_P40,3,1146369,1,0.9497749687372641
BASE_x_P40,3,1146398,1,0.5994519677951016
BASE_x_P40,3,1146484,0,0.7344176493153894
BASE_x_P40,3,1146999,1,0.818646053474585
BASE_x_P40,3,1147189,1,0.3622370340014281
BASE_x_P40,3,1147390,0,0.21377410715066159
BASE_x_P40,3,1147843,1,0.9271466768586554
BASE_x_P40,3,1147877,1,0.5133890776574871
BASE_x_P40,3,1148116,1,0.7379138887018598
BASE_x_P40,3,1148270,0,0.41626220288336463
BASE_x_P40,3,1148359,1,0.828216932764234
BASE_x_P40,3,1148648,1,0.7261931768350012
BASE_x_P40,3,1149200,1,0.3778196126896678
BASE_x_P40,3,1151454,0,0.648670354270471
BASE_x_P40,3,1151830,0,0.7672078884959653
BASE_x_P40,3,1152877,0,0.3670850156844508
BASE_x_P40,3,1153399,1,0.6210637462379749
BASE_x_P40,3,1153462,1,0.45593410958920944
BASE_x_P40,3,1153702,0,0.3606407132969656
BASE_x_P40,3,1154277,1,0.5252146038055148
BASE_x_P40,3,1154712,1,0.7536262851030598
BASE_x_P40,3,1155460,1,0.604588393000974
BASE_x_P40,3,1156261,1,0.382152128946929
BASE_x_P40,3,1156386,1,0.5510977349577584
BASE_x_P40,3,1158961,1,0.8053462995669135
BASE_x_P40,3,1206335,0,0.459110112136515
BASE_x_P40,3,1206743,0,0.4644252983966062
BASE_x_P40,3,1206997,1,0.7351338636918632
BASE_x_P40,3,1207017,1,0.7998730639679471
BASE_x_P40,3,1207116,1,0.8429931767086688
BASE_x_P40,3,1207140,1,0.7526044568392972
BASE_x_P40,3,1207571,1,0.7845455152208648
BASE_x_P40,3,1207980,1,0.6932270825999676
BASE_x_P40,3,1208613,0,0.4621360883706415
BASE_x_P40,3,1209229,0,0.337245594833427
BASE_x_P40,3,1209502,0,0.3683280465249594
BASE_x_P40,3,1210100,0,0.2918788951612949
BASE_x_P40,3,1210786,0,0.4118926824464163
BASE_x_P40,3,1210915,0,0.5389797141776866
BASE_x_P40,3,1211104,1,0.6747815036936123
BASE_x_P40,3,1211177,1,0.668943114158726
BASE_x_P40,3,1211293,1,0.635520466518683
BASE_x_P40,3,1211895,1,0.7279935272265082
BASE_x_P40,3,1212290,1,0.8239228528707239
BASE_x_P40,3,1213071,1,0.3835599841363391
BASE_x_P40,3,1213344,1,0.2921710816820402
BASE_x_P40,3,1213506,0,0.702262344525639
BASE_x_P40,3,1213716,1,0.8247201260989984
BASE_x_P40,3,1213967,1,0.3080641613639041
BASE_x_P40,3,1213974,0,0.678987861481959
BASE_x_P40,3,1214861,1,0.9230597755546555
BASE_x_P40,3,1215142,0,0.40369734730321527
BASE_x_P40,3,1215187,1,0.31929611110081924
BASE_x_P40,3,1215381,0,0.7042610693342826
BASE_x_P40,3,1216041,1,0.6381183732393532
BASE_x_P40,3,1216076,1,0.6855412207147039
BASE_x_P40,3,1216223,1,0.8160264928217312
BASE_x_P40,3,1216421,1,0.5201041701407995
BASE_x_P40,3,1216718,1,0.4502266950876841
BASE_x_P40,3,1216841,0,0.5840526161357917
BASE_x_P40,3,1217080,1,0.882112720841882
BASE_x_P40,3,1217110,1,0.5986627084686363
BASE_x_P40,3,1217635,1,0.5081783188900171
BASE_x_P40,3,1217948,1,0.4961332635804376
BASE_x_P40,3,1219254,0,0.42438423701904826
BASE_x_P40,3,1219303,1,0.5868608056278419
BASE_x_P40,3,1219337,1,0.33592649318431994
BASE_x_P40,3,1219597,0,0.44116000153177615
BASE_x_P40,3,1219765,1,0.7178264822632171
BASE_x_P40,3,1219802,1,0.701513206007284
BASE_x_P40,3,1219853,1,0.4638763467071049
BASE_x_P40,3,1219897,1,0.8951362563760376
BASE_x_P40,3,1219935,1,0.8498208872525777
BASE_x_P40,3,1220500,1,0.7341539640206279
BASE_x_P40,3,1220515,0,0.29938176345217044
BASE_x_P40,3,1220527,0,0.5546839178738556
BASE_x_P40,3,1220699,1,0.5829217264748905
BASE_x_P40,3,1221554,0,0.741972978777397
BASE_x_P40,3,1221707,0,0.5398248417350904
BASE_x_P40,3,1221883,0,0.4123875448533162
BASE_x_P40,3,1222192,1,0.5386461297715116
BASE_x_P40,3,1223568,1,0.5748350008317038
BASE_x_P40,3,1223585,1,0.6091093478332383
BASE_x_P40,3,1223773,1,0.6773023738329751
BASE_x_P40,3,1223866,1,0.6384673057584759
BASE_x_P40,3,1224547,1,0.4706734827878281
BASE_x_P40,3,1225086,0,0.5012981624265119
BASE_x_P40,3,1225267,0,0.31015598254769766
BASE_x_P40,3,1225500,0,0.7242744418731827
BASE_x_P40,3,1225672,1,0.7530751937017286
BASE_x_P40,3,1225914,0,0.3298322748452536
BASE_x_P40,3,1226824,0,0.21761795456763494
BASE_x_P40,3,1228207,1,0.5193613707427934
BASE_x_P40,3,1228461,1,0.9475975665431412
BASE_x_P40,3,1229379,1,0.583095550026956
BASE_x_P40,3,1229837,0,0.48548744844301167
BASE_x_P40,3,1229920,1,0.7145310050572132
BASE_x_P40,3,1229976,1,0.31828752374860675
BASE_x_P40,3,1230374,1,0.811199659458226
BASE_x_P40,3,1230422,1,0.26092663935703103
BASE_x_P40,3,1232028,0,0.22718868045007526
BASE_x_P40,3,1232188,1,0.6338156785970956
BASE_x_P40,3,1232273,1,0.7232440153815358
BASE_x_P40,3,1233026,1,0.7034508338243781
BASE_x_P40,3,1233054,1,0.5338388467667201
BASE_x_P40,3,1233178,1,0.811804335032759
BASE_x_P40,3,1233508,1,0.5766716364134836
BASE_x_P40,3,1233632,1,0.5273807694641318
BASE_x_P40,3,1233863,1,0.545813824834092
BASE_x_P40,3,1235254,0,0.2251841956140835
BASE_x_P40,3,1235590,1,0.5017051763013312
BASE_x_P40,3,1235777,1,0.5339862322773032
BASE_x_P40,3,1236063,0,0.8046783254071922
BASE_x_P40,3,1236187,0,0.5013976138561835
BASE_x_P40,3,1236548,0,0.7627912406754532
BASE_x_P40,3,1237123,0,0.4854235599637702
BASE_x_P40,3,1237587,0,0.4915154127901972
BASE_x_P40,3,1237630,1,0.7056864141973702
BASE_x_P40,3,1237793,1,0.4753736586603651
BASE_x_P40,3,1237822,1,0.8493990898724113
BASE_x_P40,3,1238264,1,0.529383858183328
BASE_x_P40,3,1238287,0,0.7815056830824344
BASE_x_P40,3,1238406,0,0.3036455823833952
BASE_x_P40,3,1238457,1,0.6561756699157846
BASE_x_P40,3,1238559,1,0.8581282878966787
BASE_x_P40,3,1238817,0,0.7736437920534541
BASE_x_P40,3,1238917,0,0.3964548487920698
BASE_x_P40,3,1238964,1,0.5580581271167682
BASE_x_P40,3,1239034,0,0.8155219693048608
BASE_x_P40,3,1239474,1,0.3916090721002395
BASE_x_P40,3,1241090,0,0.3942127672570807
BASE_x_P40,3,1242267,1,0.7415765087856204
BASE_x_P40,3,1242372,1,0.7336123034924892
BASE_x_P40,3,1242645,0,0.5432028429026928
BASE_x_P40,3,1243514,1,0.7104394849879648
BASE_x_P40,3,1243823,1,0.2551324893060675
BASE_x_P40,3,1244446,1,0.5598737865485094
BASE_x_P40,3,1244606,1,0.5445830913616144
BASE_x_P40,3,1244765,0,0.41473206493236814
BASE_x_P40,3,1245566,1,0.5839592306983729
BASE_x_P40,4,15488,1,0.7236355624131405
BASE_x_P40,4,22854,1,0.363516772809838
BASE_x_P40,4,33645,0,0.3642979054863199
BASE_x_P40,4,34428,0,0.5240231863471321
BASE_x_P40,4,36502,0,0.25501023377142473
BASE_x_P40,4,41002,1,0.640885987278319
BASE_x_P40,4,50696,1,0.5294123711419466
BASE_x_P40,4,52327,1,0.8636025481114573
BASE_x_P40,4,52433,1,0.7359946200477552
BASE_x_P40,4,56524,0,0.7732418181241794
BASE_x_P40,4,57517,1,0.8285666350723488
BASE_x_P40,4,61752,1,0.7554475548670667
BASE_x_P40,4,64928,1,0.5643079660905835
BASE_x_P40,4,66709,0,0.5718381199090645
BASE_x_P40,4,71731,1,0.6386304794075667
BASE_x_P40,4,72035,0,0.778126537893727
BASE_x_P40,4,88483,1,0.6504638675152326
BASE_x_P40,4,89850,1,0.5026567781651518
BASE_x_P40,4,90339,0,0.7960535725338828
BASE_x_P40,4,95082,1,0.840689322979582
BASE_x_P40,4,96825,1,0.5009413303135775
BASE_x_P40,4,99452,0,0.2862401427591044
BASE_x_P40,4,100851,1,0.5729965459455375
BASE_x_P40,4,101554,1,0.6376423881725194
BASE_x_P40,4,101559,1,0.7362976096019568
BASE_x_P40,4,112047,1,0.6570804185197267
BASE_x_P40,4,126620,0,0.47661589281691924
BASE_x_P40,4,138685,1,0.8290874833298999
BASE_x_P40,4,144703,1,0.7696313478417193
BASE_x_P40,4,154670,1,0.7588662594542405
BASE_x_P40,4,157463,1,0.6349574394153149
BASE_x_P40,4,166451,1,0.5183441245363304
BASE_x_P40,4,167707,1,0.5141974419239385
BASE_x_P40,4,167963,1,0.7616228504831085
BASE_x_P40,4,168739,0,0.52540077741589
BASE_x_P40,4,171896,1,0.8096929608651522
BASE_x_P40,4,173162,0,0.5152138471528751
BASE_x_P40,4,174626,1,0.6555390115176349
BASE_x_P40,4,184874,1,0.6311280511369053
BASE_x_P40,4,184909,0,0.5096332261413798
BASE_x_P40,4,185627,1,0.783644216895842
BASE_x_P40,4,186699,1,0.8956556620454408
BASE_x_P40,4,197089,0,0.4999409225097791
BASE_x_P40,4,199037,1,0.6014813978112258
BASE_x_P40,4,210257,0,0.31663920300956977
BASE_x_P40,4,216287,0,0.5047343688831708
BASE_x_P40,4,223585,1,0.626761853520033
BASE_x_P40,4,227399,0,0.47979637908947
BASE_x_P40,4,230824,1,0.7264555101763205
BASE_x_P40,4,234696,1,0.562359523506368
BASE_x_P40,4,237953,1,0.6957673364686037
BASE_x_P40,4,238407,0,0.35275540989419546
BASE_x_P40,4,243108,1,0.7175270412813178
BASE_x_P40,4,248666,1,0.6576839216111868
BASE_x_P40,4,253611,0,0.33860724662183617
BASE_x_P40,4,258335,0,0.45201659484903656
BASE_x_P40,4,266656,1,0.32859080222092063
BASE_x_P40,4,270608,0,0.4291480220923563
BASE_x_P40,4,271131,1,0.6715031214854803
BASE_x_P40,4,273824,1,0.6418070316305343
BASE_x_P40,4,281433,1,0.8092500199458362
BASE_x_P40,4,297071,1,0.5650825311333721
BASE_x_P40,4,297187,0,0.5563880467857671
BASE_x_P40,4,298561,1,0.6629042173820274
BASE_x_P40,4,300925,1,0.4896039674490141
BASE_x_P40,4,304753,1,0.6755254382937008
BASE_x_P40,4,305034,0,0.16976512365443416
BASE_x_P40,4,308426,1,0.7168165999170004
BASE_x_P40,4,309228,1,0.8414923387690182
BASE_x_P40,4,312582,1,0.7379473154336728
BASE_x_P40,4,318640,1,0.7454523037400405
BASE_x_P40,4,323320,0,0.46638483000100117
BASE_x_P40,4,327943,1,0.752571741653172
BASE_x_P40,4,330603,1,0.7645710116698479
BASE_x_P40,4,332529,1,0.4249850962329713
BASE_x_P40,4,334140,1,0.5951799699405788
BASE_x_P40,4,335955,1,0.5314400656774171
BASE_x_P40,4,339225,0,0.12059478107695533
BASE_x_P40,4,345832,0,0.5090791379300343
BASE_x_P40,4,347257,1,0.5614394859585435
BASE_x_P40,4,348589,1,0.7353665172308957
BASE_x_P40,4,359330,0,0.11603627352145951
BASE_x_P40,4,361916,1,0.6964634452385394
BASE_x_P40,4,366082,1,0.6836822332294461
BASE_x_P40,4,367686,0,0.8046849578648211
BASE_x_P40,4,367930,1,0.592865722084344
BASE_x_P40,4,375005,0,0.6451942111329225
BASE_x_P40,4,378412,1,0.5681473440866623
BASE_x_P40,4,380225,1,0.7741204143671504
BASE_x_P40,4,391348,0,0.6656158807464323
BASE_x_P40,4,397648,1,0.7130183953203796
BASE_x_P40,4,398295,0,0.28171275225799924
BASE_x_P40,4,398520,1,0.7887378547346312
BASE_x_P40,4,399013,1,0.7053286915465178
BASE_x_P40,4,400416,0,0.4146710505529773
BASE_x_P40,4,402051,0,0.44368991871648783
BASE_x_P40,4,406676,1,0.48039037636294935
BASE_x_P40,4,408105,0,0.691374404425781
BASE_x_P40,4,408486,1,0.8766658090347519
BASE_x_P40,4,413865,1,0.7314200339351227
BASE_x_P40,4,417265,0,0.2467158321511459
BASE_x_P40,4,420351,1,0.47987608981670404
BASE_x_P40,4,421437,0,0.22401697381652336
BASE_x_P40,4,422674,1,0.521419609905087
BASE_x_P40,4,424946,0,0.2894059436029968
BASE_x_P40,4,431921,0,0.47145319047557366
BASE_x_P40,4,432540,1,0.36442507234244653
BASE_x_P40,4,433233,1,0.4430666530273981
BASE_x_P40,4,435249,1,0.7859276522261827
BASE_x_P40,4,439090,1,0.2346599067596918
BASE_x_P40,4,444030,1,0.5772957620922199
BASE_x_P40,4,448329,1,0.6361037163262335
BASE_x_P40,4,455395,1,0.8387316296272769
BASE_x_P40,4,456869,1,0.4983313138265991
BASE_x_P40,4,457834,1,0.8218992572590232
BASE_x_P40,4,460422,1,0.36718662524589796
BASE_x_P40,4,461519,1,0.6081423327083391
BASE_x_P40,4,466437,1,0.7927398861053662
BASE_x_P40,4,474221,0,0.7303669731819372
BASE_x_P40,4,476977,1,0.6639998811348283
BASE_x_P40,4,477779,1,0.7040098364281171
BASE_x_P40,4,480598,1,0.5318723907146333
BASE_x_P40,4,486892,0,0.43347928259773655
BASE_x_P40,4,487378,0,0.46145887969913224
BASE_x_P40,4,494011,1,0.5121398346832866
BASE_x_P40,4,496270,1,0.5964002511830783
BASE_x_P40,4,502585,0,0.48497937713284367
BASE_x_P40,4,508867,1,0.4353004357532226
BASE_x_P40,4,513568,0,0.341631620512561
BASE_x_P40,4,513966,0,0.6333632111154236
BASE_x_P40,4,517250,1,0.4516478354029523
BASE_x_P40,4,523694,0,0.2599435372675687
BASE_x_P40,4,524155,0,0.767345059317696
BASE_x_P40,4,531104,1,0.8441404238509997
BASE_x_P40,4,531193,0,0.2759304066454865
BASE_x_P40,4,542282,1,0.569646609922872
BASE_x_P40,4,550892,1,0.6893202674316714
BASE_x_P40,4,554960,0,0.3652261121789843
BASE_x_P40,4,556177,0,0.40326573986136166
BASE_x_P40,4,563033,0,0.7108979312101598
BASE_x_P40,4,567390,0,0.6909942097546403
BASE_x_P40,4,570049,1,0.7008688239700814
BASE_x_P40,4,571812,1,0.864201558892035
BASE_x_P40,4,573425,1,0.5190453684796481
BASE_x_P40,4,575773,1,0.6719976800337422
BASE_x_P40,4,586109,0,0.7000022631271706
BASE_x_P40,4,592121,0,0.36821267316455386
BASE_x_P40,4,592548,0,0.604905937976717
BASE_x_P40,4,593504,1,0.8024520061142181
BASE_x_P40,4,596841,1,0.8225150240663068
BASE_x_P40,4,597579,1,0.5431509944174054
BASE_x_P40,4,599359,1,0.7989157622531099
BASE_x_P40,4,605762,0,0.3240358032790656
BASE_x_P40,4,611309,0,0.6635138364425182
BASE_x_P40,4,612154,0,0.2223298599186997
BASE_x_P40,4,613228,0,0.4305801858777314
BASE_x_P40,4,613523,0,0.3907428186311536
BASE_x_P40,4,615384,1,0.5604846566544739
BASE_x_P40,4,615631,1,0.5523541093936276
BASE_x_P40,4,623491,0,0.26948706197125594
BASE_x_P40,4,624010,0,0.28868722150004855
BASE_x_P40,4,628861,1,0.6600737906496991
BASE_x_P40,4,642558,1,0.4710508113823809
BASE_x_P40,4,648107,1,0.702429417097475
BASE_x_P40,4,649217,1,0.7983230356423292
BASE_x_P40,4,651758,1,0.4050243117083047
BASE_x_P40,4,656138,1,0.6347390337214006
BASE_x_P40,4,661193,0,0.6626781680620307
BASE_x_P40,4,663130,1,0.44714340032829175
BASE_x_P40,4,665050,1,0.529239656417193
BASE_x_P40,4,669723,1,0.6245413954827826
BASE_x_P40,4,671576,0,0.3688837996088554
BASE_x_P40,4,671705,1,0.398950924004397
BASE_x_P40,4,675115,1,0.7901834072298353
BASE_x_P40,4,675660,0,0.35087693750092297
BASE_x_P40,4,680266,0,0.44409152587068523
BASE_x_P40,4,681852,1,0.5100991779277234
BASE_x_P40,4,683148,1,0.631799873557057
BASE_x_P40,4,689380,1,0.400545509946764
BASE_x_P40,4,692458,1,0.5596879148234327
BASE_x_P40,4,695588,1,0.63988422160346
BASE_x_P40,4,697446,0,0.3922114402341395
BASE_x_P40,4,704317,0,0.5853553921981627
BASE_x_P40,4,706908,0,0.596888115429808
BASE_x_P40,4,707482,1,0.753215772034585
BASE_x_P40,4,711245,1,0.8032053881597004
BASE_x_P40,4,711727,1,0.47935539064917215
BASE_x_P40,4,713883,1,0.4129129330811612
BASE_x_P40,4,715113,1,0.6621354729278776
BASE_x_P40,4,719050,0,0.30860003574859296
BASE_x_P40,4,719225,1,0.7979303442198339
BASE_x_P40,4,723474,0,0.5548240542942727
BASE_x_P40,4,727266,1,0.5993937887099843
BASE_x_P40,4,734224,0,0.49517952470175736
BASE_x_P40,4,747568,1,0.4218209209868278
BASE_x_P40,4,747710,0,0.7086058030242823
BASE_x_P40,4,748105,0,0.5246980493560122
BASE_x_P40,4,750827,0,0.6862155187690349
BASE_x_P40,4,755156,1,0.5527715240715094
BASE_x_P40,4,755914,1,0.7468741831794757
BASE_x_P40,4,757383,0,0.4390357255055827
BASE_x_P40,4,759548,1,0.8968785058146577
BASE_x_P40,4,761233,1,0.5120599088757988
BASE_x_P40,4,764119,1,0.24368265585427365
BASE_x_P40,4,765954,0,0.3766355478319035
BASE_x_P40,4,766763,1,0.6460612363381882
BASE_x_P40,4,767066,1,0.5661642793477683
BASE_x_P40,4,777118,1,0.726127310948862
BASE_x_P40,4,778073,1,0.3723536027189806
BASE_x_P40,4,783735,1,0.4840270872174438
BASE_x_P40,4,783814,0,0.6411259883029254
BASE_x_P40,4,784920,1,0.8531032728043368
BASE_x_P40,4,789093,0,0.6955917545034106
BASE_x_P40,4,794054,0,0.3655341525783127
BASE_x_P40,4,807819,1,0.6538862874300798
BASE_x_P40,4,813769,0,0.49399226298630267
BASE_x_P40,4,828427,0,0.3523297199033681
BASE_x_P40,4,840916,0,0.28078192387540823
BASE_x_P40,4,841534,0,0.2384884362089774
BASE_x_P40,4,848998,0,0.7171090594500191
BASE_x_P40,4,854069,1,0.5794483690957741
BASE_x_P40,4,865733,1,0.32606641525368496
BASE_x_P40,4,866317,1,0.8415402714575528
BASE_x_P40,4,868368,1,0.4917015020634974
BASE_x_P40,4,882948,1,0.5158551485538139
BASE_x_P40,4,883804,1,0.5314171421946391
BASE_x_P40,4,888443,0,0.19761723446818025
BASE_x_P40,4,894357,0,0.44765542581336965
BASE_x_P40,4,894409,1,0.7082073248955295
BASE_x_P40,4,896596,1,0.7190251738980235
BASE_x_P40,4,900750,1,0.7698808255735446
BASE_x_P40,4,924232,0,0.6159855527106166
BASE_x_P40,4,934409,0,0.6011220436830178
BASE_x_P40,4,940103,0,0.3890078914356188
BASE_x_P40,4,941393,0,0.4785366263733637
BASE_x_P40,4,944965,1,0.7891422617783915
BASE_x_P40,4,951465,0,0.6837256464932931
BASE_x_P40,4,951654,0,0.4995325662221415
BASE_x_P40,4,952824,1,0.5943304086738688
BASE_x_P40,4,953656,0,0.6748891090702647
BASE_x_P40,4,954440,1,0.42872374115192
BASE_x_P40,4,955753,1,0.6653384669186935
BASE_x_P40,4,959155,0,0.5582071592445702
BASE_x_P40,4,959229,1,0.6412826085407769
BASE_x_P40,4,962660,1,0.731086916322862
BASE_x_P40,4,966701,0,0.717848395410131
BASE_x_P40,4,967064,1,0.4436530404181243
BASE_x_P40,4,972697,0,0.3378220558535345
BASE_x_P40,4,972950,1,0.8358332098033321
BASE_x_P40,4,975086,1,0.6494722705317452
BASE_x_P40,4,977714,1,0.7944198307691552
BASE_x_P40,4,982055,0,0.5732315249111813
BASE_x_P40,4,983856,1,0.8366493711007184
BASE_x_P40,4,987078,1,0.7456394331910928
BASE_x_P40,4,987657,1,0.4442372880128206
BASE_x_P40,4,987661,1,0.4341402456485178
BASE_x_P40,4,987997,1,0.5975053115059609
BASE_x_P40,4,988590,1,0.377450487053459
BASE_x_P40,4,990392,1,0.442775236766893
BASE_x_P40,4,991060,1,0.9097329716501759
BASE_x_P40,4,991829,1,0.6181236512843473
BASE_x_P40,4,992457,1,0.6633589040976038
BASE_x_P40,4,994889,0,0.6319251402794436
BASE_x_P40,4,994895,1,0.87819971800905
BASE_x_P40,4,995382,0,0.34827057301856956
BASE_x_P40,4,997176,0,0.16278991155124964
BASE_x_P40,4,997827,1,0.87943122848496
BASE_x_P40,4,1000449,1,0.7400325680405843
BASE_x_P40,4,1002249,1,0.9161878941721617
BASE_x_P40,4,1005171,1,0.7463973303520984
BASE_x_P40,4,1006489,0,0.32211333517624297
BASE_x_P40,4,1007601,1,0.565054806613256
BASE_x_P40,4,1012321,1,0.49645342578878127
BASE_x_P40,4,1027441,1,0.5586205430302208
BASE_x_P40,4,1029373,1,0.6176415530093574
BASE_x_P40,4,1040848,0,0.5360740801515612
BASE_x_P40,4,1049886,1,0.8513226562894114
BASE_x_P40,4,1058939,1,0.42383566933369116
BASE_x_P40,4,1060429,0,0.2958609061821663
BASE_x_P40,4,1061350,0,0.37316819934959006
BASE_x_P40,4,1064130,1,0.715797084086494
BASE_x_P40,4,1065288,0,0.500367694163908
BASE_x_P40,4,1066534,1,0.33672756635716566
BASE_x_P40,4,1067011,1,0.5290036066073612
BASE_x_P40,4,1067406,1,0.46322384274347445
BASE_x_P40,4,1067592,1,0.6195821222070418
BASE_x_P40,4,1072850,1,0.7814825511477274
BASE_x_P40,4,1074618,1,0.5843972349466953
BASE_x_P40,4,1075228,1,0.7494435239444103
BASE_x_P40,4,1077187,1,0.7857067245081969
BASE_x_P40,4,1077371,0,0.28233785767087494
BASE_x_P40,4,1078604,1,0.6632808566870281
BASE_x_P40,4,1078893,0,0.47163202159913153
BASE_x_P40,4,1082987,0,0.4061392381806714
BASE_x_P40,4,1084267,1,0.6879942136772493
BASE_x_P40,4,1086129,1,0.5764805824179597
BASE_x_P40,4,1086243,1,0.7341931880586418
BASE_x_P40,4,1086530,1,0.7647841216479092
BASE_x_P40,4,1086850,0,0.5269104771742343
BASE_x_P40,4,1087295,1,0.34566085109151123
BASE_x_P40,4,1087796,0,0.5560285375480593
BASE_x_P40,4,1087797,1,0.8695675896440893
BASE_x_P40,4,1088105,1,0.6025991636212523
BASE_x_P40,4,1088555,0,0.3719492492140341
BASE_x_P40,4,1090388,1,0.9007613807991358
BASE_x_P40,4,1091343,0,0.4934616588662967
BASE_x_P40,4,1091748,1,0.641037584364135
BASE_x_P40,4,1092848,1,0.662386142792512
BASE_x_P40,4,1094060,1,0.6812361302623614
BASE_x_P40,4,1094259,1,0.5133961831036207
BASE_x_P40,4,1094919,1,0.7681539147359939
BASE_x_P40,4,1095404,1,0.7038439047576638
BASE_x_P40,4,1095476,1,0.3782414789471998
BASE_x_P40,4,1095940,1,0.8664309010451086
BASE_x_P40,4,1097324,1,0.4958636040531157
BASE_x_P40,4,1098075,1,0.6597707027165882
BASE_x_P40,4,1098420,0,0.298248113436475
BASE_x_P40,4,1098886,1,0.7047530965793369
BASE_x_P40,4,1099178,1,0.8215496953762161
BASE_x_P40,4,1101157,1,0.7668332950663719
BASE_x_P40,4,1101522,0,0.4561948097526085
BASE_x_P40,4,1102856,1,0.31544920421502515
BASE_x_P40,4,1102873,1,0.6938368693931507
BASE_x_P40,4,1104405,1,0.8222036936455801
BASE_x_P40,4,1104438,1,0.6318363022885686
BASE_x_P40,4,1104592,1,0.6412937579795586
BASE_x_P40,4,1104798,0,0.5342991832733547
BASE_x_P40,4,1105176,1,0.4996560905505872
BASE_x_P40,4,1105198,0,0.36127584274212377
BASE_x_P40,4,1105241,0,0.4344835457845035
BASE_x_P40,4,1105431,1,0.6667041792400361
BASE_x_P40,4,1105614,0,0.1463980096904997
BASE_x_P40,4,1105837,1,0.5826599413988395
BASE_x_P40,4,1105904,0,0.6916251484242916
BASE_x_P40,4,1107291,0,0.4086051116071332
BASE_x_P40,4,1108050,1,0.8002619142205389
BASE_x_P40,4,1109275,1,0.8509225640445177
BASE_x_P40,4,1109411,0,0.71988279101801
BASE_x_P40,4,1109765,1,0.6304384715533549
BASE_x_P40,4,1110962,0,0.45073305925099405
BASE_x_P40,4,1111123,1,0.35369103707798194
BASE_x_P40,4,1112876,1,0.5964892914831232
BASE_x_P40,4,1113155,0,0.3965851182240278
BASE_x_P40,4,1113237,1,0.8391974516351831
BASE_x_P40,4,1113606,1,0.8511720360596797
BASE_x_P40,4,1113857,0,0.6323547031233869
BASE_x_P40,4,1114319,0,0.4803446796062294
BASE_x_P40,4,1114801,0,0.7363617248248753
BASE_x_P40,4,1115212,1,0.6242033725556136
BASE_x_P40,4,1115247,0,0.7212398541751263
BASE_x_P40,4,1115322,1,0.8153491466854638
BASE_x_P40,4,1116440,0,0.30199340789448204
BASE_x_P40,4,1116790,0,0.836414494255297
BASE_x_P40,4,1116860,1,0.8100568817868674
BASE_x_P40,4,1116926,1,0.7593390753897644
BASE_x_P40,4,1117063,0,0.4847711331437247
BASE_x_P40,4,1117243,1,0.7065418421926524
BASE_x_P40,4,1117701,1,0.6766441507087508
BASE_x_P40,4,1117951,1,0.53038034491716
BASE_x_P40,4,1118436,1,0.8801429156436137
BASE_x_P40,4,1118511,1,0.5927607968602618
BASE_x_P40,4,1119654,1,0.800798397585193
BASE_x_P40,4,1120325,1,0.7616516451441953
BASE_x_P40,4,1120645,0,0.41171743894127083
BASE_x_P40,4,1120692,1,0.7915614359733313
BASE_x_P40,4,1121493,0,0.2436760296482043
BASE_x_P40,4,1121559,1,0.751274113539189
BASE_x_P40,4,1122034,1,0.838210682627037
BASE_x_P40,4,1122057,0,0.2339107543526604
BASE_x_P40,4,1122513,1,0.3827663528934554
BASE_x_P40,4,1122760,0,0.21286057715557008
BASE_x_P40,4,1122888,1,0.7074243103221808
BASE_x_P40,4,1123015,0,0.7762845131890046
BASE_x_P40,4,1123435,1,0.5523536979014602
BASE_x_P40,4,1123536,0,0.39446924617950274
BASE_x_P40,4,1123551,0,0.2883798157833263
BASE_x_P40,4,1123876,0,0.2125024624519727
BASE_x_P40,4,1124034,1,0.38102604069871016
BASE_x_P40,4,1124180,0,0.3707313448391283
BASE_x_P40,4,1124193,0,0.4952305390219833
BASE_x_P40,4,1124330,0,0.617533725393795
BASE_x_P40,4,1125189,0,0.2785224323333906
BASE_x_P40,4,1125355,1,0.8283637510483076
BASE_x_P40,4,1125442,1,0.9099923979543582
BASE_x_P40,4,1125471,1,0.643561167274284
BASE_x_P40,4,1125785,1,0.6703020462106756
BASE_x_P40,4,1126146,0,0.3173295086437337
BASE_x_P40,4,1126628,1,0.8195656252403939
BASE_x_P40,4,1127812,1,0.5629471464004111
BASE_x_P40,4,1129029,0,0.2726386693387796
BASE_x_P40,4,1129131,0,0.1369553249677613
BASE_x_P40,4,1129979,1,0.6792359392503183
BASE_x_P40,4,1130530,0,0.6740646234058417
BASE_x_P40,4,1130756,1,0.8153154510852437
BASE_x_P40,4,1132760,0,0.6581021236208552
BASE_x_P40,4,1133607,1,0.8831047378787446
BASE_x_P40,4,1134347,0,0.43685931734668443
BASE_x_P40,4,1134518,0,0.4014976312550527
BASE_x_P40,4,1134643,1,0.774923008694513
BASE_x_P40,4,1134921,1,0.82912341168614
BASE_x_P40,4,1134927,1,0.6999021476963331
BASE_x_P40,4,1136675,1,0.5183842886006504
BASE_x_P40,4,1136790,1,0.5189022631268226
BASE_x_P40,4,1136917,1,0.6881429437006712
BASE_x_P40,4,1137818,1,0.18041855483716543
BASE_x_P40,4,1138321,1,0.7617291961521552
BASE_x_P40,4,1139409,1,0.8871147930931196
BASE_x_P40,4,1139884,1,0.4080454636889242
BASE_x_P40,4,1140316,1,0.8294797472517287
BASE_x_P40,4,1142514,0,0.5326348741511123
BASE_x_P40,4,1142632,0,0.7201487809589894
BASE_x_P40,4,1142753,1,0.7988669583211474
BASE_x_P40,4,1142803,1,0.810801095848118
BASE_x_P40,4,1143657,1,0.4855510443526424
BASE_x_P40,4,1144147,0,0.525079078586949
BASE_x_P40,4,1144322,1,0.862117780854115
BASE_x_P40,4,1144488,1,0.7730622285368871
BASE_x_P40,4,1145207,0,0.49076621481110194
BASE_x_P40,4,1145284,1,0.8286606246679193
BASE_x_P40,4,1146369,1,0.9445429367605302
BASE_x_P40,4,1146584,1,0.8385951727269617
BASE_x_P40,4,1146616,0,0.45883196724060155
BASE_x_P40,4,1146697,1,0.7427301470810549
BASE_x_P40,4,1146848,1,0.5480654874745969
BASE_x_P40,4,1147012,0,0.6317606594411989
BASE_x_P40,4,1147171,0,0.4844349274436597
BASE_x_P40,4,1147302,0,0.4433282160077689
BASE_x_P40,4,1148113,1,0.3436953498586081
BASE_x_P40,4,1148116,1,0.7900337814958104
BASE_x_P40,4,1148359,1,0.7264576456503035
BASE_x_P40,4,1149501,0,0.5675287940211529
BASE_x_P40,4,1149712,0,0.528093806925219
BASE_x_P40,4,1149910,1,0.6636688942152449
BASE_x_P40,4,1149946,1,0.5610726636500312
BASE_x_P40,4,1150217,1,0.6900796679303146
BASE_x_P40,4,1150295,1,0.957883561271622
BASE_x_P40,4,1151052,0,0.407094468013503
BASE_x_P40,4,1151583,1,0.2531947658681863
BASE_x_P40,4,1151827,1,0.8188776680641712
BASE_x_P40,4,1151929,1,0.7529886350313485
BASE_x_P40,4,1152408,0,0.457528512372214
BASE_x_P40,4,1152708,1,0.5837558668967732
BASE_x_P40,4,1152732,1,0.3408366064119783
BASE_x_P40,4,1152739,0,0.44935838572429637
BASE_x_P40,4,1152979,1,0.2890780812277324
BASE_x_P40,4,1153773,1,0.7196798913452414
BASE_x_P40,4,1156634,1,0.8073099696455247
BASE_x_P40,4,1156690,0,0.324239503418309
BASE_x_P40,4,1156786,1,0.37367916167727017
BASE_x_P40,4,1157000,1,0.766091189278637
BASE_x_P40,4,1157181,1,0.7191538026021195
BASE_x_P40,4,1157238,0,0.5421385787774712
BASE_x_P40,4,1206184,1,0.30328705079489604
BASE_x_P40,4,1206667,0,0.6653763853227936
BASE_x_P40,4,1206714,1,0.7283570127726763
BASE_x_P40,4,1206867,1,0.7232224410888031
BASE_x_P40,4,1207140,1,0.8099715787202633
BASE_x_P40,4,1207181,0,0.8215040879281476
BASE_x_P40,4,1207585,0,0.18155520141735562
BASE_x_P40,4,1207861,1,0.8621476484469908
BASE_x_P40,4,1208794,1,0.5268189659837066
BASE_x_P40,4,1208880,1,0.7294551713833762
BASE_x_P40,4,1209022,1,0.5839273352602862
BASE_x_P40,4,1209229,0,0.26483860559183037
BASE_x_P40,4,1209502,0,0.37643925177979876
BASE_x_P40,4,1210024,0,0.4903130231386254
BASE_x_P40,4,1210457,1,0.8730668609770297
BASE_x_P40,4,1211001,1,0.782583086688533
BASE_x_P40,4,1211029,1,0.8709114537193579
BASE_x_P40,4,1211505,1,0.6661184687173065
BASE_x_P40,4,1212403,1,0.8366082946320872
BASE_x_P40,4,1212501,0,0.6687151582909477
BASE_x_P40,4,1213059,1,0.6676938145904343
BASE_x_P40,4,1213071,1,0.4674729956431332
BASE_x_P40,4,1213263,1,0.8145898179178823
BASE_x_P40,4,1214345,1,0.7225781019849472
BASE_x_P40,4,1214832,0,0.4482281684056325
BASE_x_P40,4,1215252,0,0.44709244455961494
BASE_x_P40,4,1215388,0,0.1154126591534464
BASE_x_P40,4,1215443,0,0.4743707224656727
BASE_x_P40,4,1215797,1,0.7080698658164466
BASE_x_P40,4,1216025,0,0.8048984099372154
BASE_x_P40,4,1216293,1,0.4246715205734176
BASE_x_P40,4,1216691,1,0.74580173887294
BASE_x_P40,4,1216704,1,0.7750678040580407
BASE_x_P40,4,1217110,1,0.6253207176464768
BASE_x_P40,4,1217519,1,0.5817798175340896
BASE_x_P40,4,1217635,1,0.735369054997159
BASE_x_P40,4,1218059,1,0.8099960792180307
BASE_x_P40,4,1218421,1,0.5578614968944565
BASE_x_P40,4,1219099,0,0.6366577265323388
BASE_x_P40,4,1219254,0,0.46459324888404396
BASE_x_P40,4,1219597,0,0.45363179148207794
BASE_x_P40,4,1219897,1,0.8568433258927672
BASE_x_P40,4,1220426,0,0.5120761523936901
BASE_x_P40,4,1220796,1,0.6151999907146024
BASE_x_P40,4,1220875,0,0.3788161305889497
BASE_x_P40,4,1220940,1,0.770369158808918
BASE_x_P40,4,1221341,1,0.6623903422763777
BASE_x_P40,4,1221603,1,0.6563608346394445
BASE_x_P40,4,1221892,1,0.7506416488472263
BASE_x_P40,4,1222069,1,0.8342341766073652
BASE_x_P40,4,1222110,1,0.9308564686344721
BASE_x_P40,4,1223289,0,0.24076920201022708
BASE_x_P40,4,1223328,1,0.3599723066269505
BASE_x_P40,4,1223568,1,0.727469357478687
BASE_x_P40,4,1223585,1,0.6438283753457502
BASE_x_P40,4,1223681,1,0.5095194649443487
BASE_x_P40,4,1223796,1,0.6804077772180286
BASE_x_P40,4,1224094,0,0.26729444335630836
BASE_x_P40,4,1224536,1,0.628503381974042
BASE_x_P40,4,1225309,1,0.7261843042167294
BASE_x_P40,4,1225500,0,0.6959143073498372
BASE_x_P40,4,1225605,0,0.5878145201056292
BASE_x_P40,4,1225648,0,0.722297756071592
BASE_x_P40,4,1226588,1,0.7365695126668753
BASE_x_P40,4,1226981,0,0.37093477745702796
BASE_x_P40,4,1227061,1,0.3098662643360892
BASE_x_P40,4,1227192,1,0.5854008346382843
BASE_x_P40,4,1227765,1,0.774753974968788
BASE_x_P40,4,1228018,1,0.561234408909517
BASE_x_P40,4,1228461,1,0.9632860125929769
BASE_x_P40,4,1228888,1,0.4648430191523652
BASE_x_P40,4,1229806,0,0.36106597553900466
BASE_x_P40,4,1229837,0,0.43606064966433883
BASE_x_P40,4,1230051,1,0.7626934972779488
BASE_x_P40,4,1230259,1,0.5214770223118245
BASE_x_P40,4,1230810,1,0.3872751411582058
BASE_x_P40,4,1231250,1,0.5881159232983558
BASE_x_P40,4,1231276,1,0.6355687797582987
BASE_x_P40,4,1232099,0,0.5615649973879655
BASE_x_P40,4,1232127,1,0.7489656584579076
BASE_x_P40,4,1232188,1,0.7193483763086888
BASE_x_P40,4,1232296,1,0.6313374174951779
BASE_x_P40,4,1232478,1,0.7853378130652418
BASE_x_P40,4,1233140,1,0.3688517783335365
BASE_x_P40,4,1233643,1,0.5391830453313448
BASE_x_P40,4,1234219,1,0.4926520123318081
BASE_x_P40,4,1235217,0,0.5832591773895449
BASE_x_P40,4,1235236,1,0.4733333115145104
BASE_x_P40,4,1235597,1,0.5568140800907796
BASE_x_P40,4,1235891,1,0.7021354049251862
BASE_x_P40,4,1236083,0,0.5318834902149766
BASE_x_P40,4,1237033,1,0.4567825045346627
BASE_x_P40,4,1237390,1,0.656315995117991
BASE_x_P40,4,1237491,1,0.888307105604315
BASE_x_P40,4,1237647,0,0.4004875588954638
BASE_x_P40,4,1237842,1,0.7267019566772517
BASE_x_P40,4,1238174,1,0.668314673191198
BASE_x_P40,4,1238215,1,0.8208371629400846
BASE_x_P40,4,1238348,0,0.6852472642348705
BASE_x_P40,4,1238443,0,0.6655017076421155
BASE_x_P40,4,1238583,0,0.5442879934798108
BASE_x_P40,4,1238867,1,0.6940454665732286
BASE_x_P40,4,1239212,0,0.23206528294633152
BASE_x_P40,4,1239224,1,0.4021586657292773
BASE_x_P40,4,1239597,1,0.5597243989041111
BASE_x_P40,4,1240131,1,0.7994296308029925
BASE_x_P40,4,1240588,1,0.7674188726930486
BASE_x_P40,4,1240769,0,0.5759482560335201
BASE_x_P40,4,1241104,0,0.5680196690097735
BASE_x_P40,4,1241185,0,0.17912577596384596
BASE_x_P40,4,1241289,0,0.3427172021252926
BASE_x_P40,4,1241453,0,0.5064349558849718
BASE_x_P40,4,1242135,0,0.4159937156767606
BASE_x_P40,4,1242501,1,0.5850662625792991
BASE_x_P40,4,1242667,0,0.36750044405039684
BASE_x_P40,4,1243686,1,0.47446344372835125
BASE_x_P40,4,1243802,0,0.7889577272413482
BASE_x_P40,4,1243992,1,0.5540498379157487
BASE_x_P40,4,1244163,0,0.7475807291363945
BASE_x_P40,4,1244606,1,0.6048823341995534
BASE_x_P40,4,1244831,1,0.30787402041415657
BASE_x_P40,5,1122,0,0.6679373141256778
BASE_x_P40,5,13412,1,0.562812938215052
BASE_x_P40,5,16787,0,0.5461533618365205
BASE_x_P40,5,18871,0,0.4570511185369876
BASE_x_P40,5,26806,1,0.7784711979623644
BASE_x_P40,5,32577,0,0.5090259420973476
BASE_x_P40,5,43310,1,0.8466314006529556
BASE_x_P40,5,48545,0,0.3080460857376148
BASE_x_P40,5,52609,1,0.48300455261782027
BASE_x_P40,5,68648,0,0.8187640938811696
BASE_x_P40,5,72256,1,0.7336488496213146
BASE_x_P40,5,79057,1,0.7552104287931859
BASE_x_P40,5,87339,1,0.5775150664781274
BASE_x_P40,5,88424,1,0.8096180475888617
BASE_x_P40,5,91249,1,0.4342452746511639
BASE_x_P40,5,93002,1,0.8423519462416306
BASE_x_P40,5,98629,1,0.39317863376846207
BASE_x_P40,5,101232,1,0.5526605880177955
BASE_x_P40,5,102640,1,0.52786081318752
BASE_x_P40,5,109213,1,0.4486836703998922
BASE_x_P40,5,112047,1,0.6356882146571579
BASE_x_P40,5,112715,1,0.8397841802299544
BASE_x_P40,5,120088,1,0.6318970519759564
BASE_x_P40,5,124990,0,0.3523350772157694
BASE_x_P40,5,131092,1,0.765648238239597
BASE_x_P40,5,147982,1,0.6304609205573553
BASE_x_P40,5,153929,1,0.6885499873573069
BASE_x_P40,5,154041,1,0.7625820621903968
BASE_x_P40,5,154147,1,0.8667333087976219
BASE_x_P40,5,156299,1,0.7012870848346496
BASE_x_P40,5,157463,1,0.5760460413604608
BASE_x_P40,5,157774,1,0.4982277228808835
BASE_x_P40,5,160499,1,0.7454553624364735
BASE_x_P40,5,160524,0,0.3931041585246522
BASE_x_P40,5,164291,1,0.5133326238449449
BASE_x_P40,5,167963,1,0.7107281482838417
BASE_x_P40,5,169449,1,0.7832090880811815
BASE_x_P40,5,174626,1,0.6647549806003272
BASE_x_P40,5,181034,1,0.7218383982287713
BASE_x_P40,5,183219,0,0.6834047554863157
BASE_x_P40,5,184161,1,0.7689826992393514
BASE_x_P40,5,184874,1,0.6566871061321252
BASE_x_P40,5,189685,0,0.4521813793011328
BASE_x_P40,5,190003,1,0.82501190206576
BASE_x_P40,5,190176,0,0.5899951369211064
BASE_x_P40,5,193149,0,0.6832278308632733
BASE_x_P40,5,200131,1,0.8241051115042783
BASE_x_P40,5,202831,1,0.7330516307981587
BASE_x_P40,5,203211,0,0.36429747473445545
BASE_x_P40,5,203640,1,0.7129434679965344
BASE_x_P40,5,207468,1,0.8560078795873864
BASE_x_P40,5,208652,1,0.4425074564923617
BASE_x_P40,5,229959,1,0.6558027747740917
BASE_x_P40,5,230010,1,0.8721724467892039
BASE_x_P40,5,232490,0,0.3834787704282819
BASE_x_P40,5,233916,0,0.592765932482003
BASE_x_P40,5,234471,0,0.2065620379833808
BASE_x_P40,5,236299,1,0.6730425829782029
BASE_x_P40,5,240229,0,0.325611952597005
BASE_x_P40,5,240314,1,0.3628109931570183
BASE_x_P40,5,243108,1,0.7243052398904672
BASE_x_P40,5,250983,0,0.7234470027523924
BASE_x_P40,5,270408,1,0.5866626481292154
BASE_x_P40,5,271883,1,0.6381288932727159
BASE_x_P40,5,273148,1,0.8464444607490667
BASE_x_P40,5,278009,1,0.492538393855164
BASE_x_P40,5,278134,1,0.7181998753414505
BASE_x_P40,5,280650,1,0.9305511835558714
BASE_x_P40,5,284088,0,0.7863960591756376
BASE_x_P40,5,285801,1,0.5221632329438186
BASE_x_P40,5,293922,0,0.5538894901085566
BASE_x_P40,5,297313,0,0.32030446985973543
BASE_x_P40,5,297709,0,0.31288420976403136
BASE_x_P40,5,298058,1,0.6064794019131012
BASE_x_P40,5,298955,0,0.6843093211246832
BASE_x_P40,5,299567,0,0.3776871621284689
BASE_x_P40,5,299698,1,0.8615607339612236
BASE_x_P40,5,300925,1,0.6083586358376887
BASE_x_P40,5,302506,1,0.5531461334145199
BASE_x_P40,5,304034,0,0.2610918002484573
BASE_x_P40,5,305034,0,0.19909660899309434
BASE_x_P40,5,306770,0,0.8181979227680695
BASE_x_P40,5,312810,1,0.7591575767249209
BASE_x_P40,5,319311,0,0.3272440680882752
BASE_x_P40,5,323939,0,0.39467016795718074
BASE_x_P40,5,327943,1,0.7106798350424601
BASE_x_P40,5,330889,1,0.8458338233527793
BASE_x_P40,5,331198,1,0.6285359491916747
BASE_x_P40,5,337613,1,0.8428342779038293
BASE_x_P40,5,338963,1,0.46024886139504473
BASE_x_P40,5,339319,1,0.8735470434329012
BASE_x_P40,5,353886,0,0.6559604292134489
BASE_x_P40,5,355783,0,0.3679329622795471
BASE_x_P40,5,361397,1,0.5220459207106647
BASE_x_P40,5,361443,1,0.8119022478073127
BASE_x_P40,5,364502,1,0.4238653772619943
BASE_x_P40,5,379648,0,0.2620301493580935
BASE_x_P40,5,392913,1,0.684643222152163
BASE_x_P40,5,396655,0,0.6026277167028573
BASE_x_P40,5,399013,1,0.6860908159534774
BASE_x_P40,5,408105,0,0.7961265358258012
BASE_x_P40,5,413111,1,0.6951089065529227
BASE_x_P40,5,414906,0,0.18135009664027787
BASE_x_P40,5,424946,0,0.20144291814490642
BASE_x_P40,5,427909,0,0.6515525365135353
BASE_x_P40,5,433233,1,0.44588023801782056
BASE_x_P40,5,436295,1,0.8346868230116086
BASE_x_P40,5,438536,0,0.5692954984142942
BASE_x_P40,5,438848,1,0.8445898196269779
BASE_x_P40,5,439090,1,0.2954106606896609
BASE_x_P40,5,442019,0,0.5543179036403236
BASE_x_P40,5,445318,0,0.5692687364640086
BASE_x_P40,5,445993,1,0.8293582717264435
BASE_x_P40,5,458943,0,0.12135250890015428
BASE_x_P40,5,460422,1,0.3836221460748167
BASE_x_P40,5,461519,1,0.5878255414327153
BASE_x_P40,5,465292,1,0.8344741859822711
BASE_x_P40,5,465401,1,0.5647064403834787
BASE_x_P40,5,468548,1,0.2971224672598589
BASE_x_P40,5,469812,0,0.6134122786359443
BASE_x_P40,5,469865,1,0.6837955028416244
BASE_x_P40,5,471227,0,0.5483553472365762
BASE_x_P40,5,474601,1,0.5687966536954384
BASE_x_P40,5,480021,0,0.7228809743725685
BASE_x_P40,5,486892,0,0.6466319906149701
BASE_x_P40,5,488255,0,0.39137683470080203
BASE_x_P40,5,489167,1,0.6598389793320245
BASE_x_P40,5,493415,1,0.6596620584583301
BASE_x_P40,5,496270,1,0.5502728118374614
BASE_x_P40,5,498774,1,0.7453107935487787
BASE_x_P40,5,504132,1,0.8735453926648564
BASE_x_P40,5,507011,1,0.48213190535663963
BASE_x_P40,5,511018,0,0.7212705984205852
BASE_x_P40,5,512180,1,0.6820719054870097
BASE_x_P40,5,513568,0,0.25722722821005944
BASE_x_P40,5,517848,1,0.7088193850871618
BASE_x_P40,5,520017,0,0.29769447459106585
BASE_x_P40,5,530038,1,0.7452733757242964
BASE_x_P40,5,531462,1,0.5836477029478369
BASE_x_P40,5,534835,1,0.31360689163021965
BASE_x_P40,5,535178,1,0.7306356149335268
BASE_x_P40,5,536935,1,0.5679058347903506
BASE_x_P40,5,539648,0,0.3878422670219006
BASE_x_P40,5,546258,1,0.8464444216778659
BASE_x_P40,5,547939,1,0.7315388627679356
BASE_x_P40,5,555492,0,0.373592721969352
BASE_x_P40,5,556177,0,0.4806020041004471
BASE_x_P40,5,559178,1,0.6757923491513267
BASE_x_P40,5,559210,0,0.27123025462529154
BASE_x_P40,5,563033,0,0.7039553069578421
BASE_x_P40,5,564394,0,0.31157189001638913
BASE_x_P40,5,565908,0,0.6881764580828735
BASE_x_P40,5,568516,0,0.34929700244460427
BASE_x_P40,5,573425,1,0.5339018194534502
BASE_x_P40,5,573710,1,0.6720425942498186
BASE_x_P40,5,575322,1,0.6691558725802372
BASE_x_P40,5,577067,1,0.7636711933974092
BASE_x_P40,5,578084,0,0.42563098772775154
BASE_x_P40,5,580750,0,0.12916843519395052
BASE_x_P40,5,581598,1,0.9029555382803457
BASE_x_P40,5,584321,1,0.6254425611136216
BASE_x_P40,5,589139,1,0.8117425103033297
BASE_x_P40,5,592121,0,0.38491203733197665
BASE_x_P40,5,595099,0,0.6193693236492641
BASE_x_P40,5,595954,1,0.5267825131428031
BASE_x_P40,5,597579,1,0.49932517087157147
BASE_x_P40,5,598657,1,0.7860514413579287
BASE_x_P40,5,605762,0,0.2682825288532574
BASE_x_P40,5,607482,1,0.7973057773247005
BASE_x_P40,5,614612,1,0.3715285411914826
BASE_x_P40,5,615248,0,0.5024301049339834
BASE_x_P40,5,624010,0,0.17445271339819654
BASE_x_P40,5,625501,0,0.48570523720131503
BASE_x_P40,5,627587,1,0.8017043991482612
BASE_x_P40,5,646127,1,0.801662290843258
BASE_x_P40,5,655410,1,0.7100764359900308
BASE_x_P40,5,657533,1,0.664517672884097
BASE_x_P40,5,661211,0,0.48080639330173974
BASE_x_P40,5,663130,1,0.48207518298430335
BASE_x_P40,5,671325,0,0.1988772273176625
BASE_x_P40,5,677383,0,0.5358584634982647
BASE_x_P40,5,681205,1,0.582242679731232
BASE_x_P40,5,684963,1,0.7880174091478372
BASE_x_P40,5,685328,0,0.7297614396312505
BASE_x_P40,5,687171,1,0.5559347881041399
BASE_x_P40,5,693326,1,0.8576428234154736
BASE_x_P40,5,701498,1,0.6156519542978846
BASE_x_P40,5,703834,1,0.8273842061839488
BASE_x_P40,5,707069,1,0.864678940699485
BASE_x_P40,5,708388,1,0.7638507525220721
BASE_x_P40,5,709722,1,0.5131634062181758
BASE_x_P40,5,711099,1,0.5643588635188955
BASE_x_P40,5,715221,1,0.526463764144972
BASE_x_P40,5,723474,0,0.5143325915171656
BASE_x_P40,5,723511,1,0.4044848877406376
BASE_x_P40,5,734424,1,0.7573683096921975
BASE_x_P40,5,739116,1,0.3323913530357021
BASE_x_P40,5,742551,0,0.644248910905519
BASE_x_P40,5,743318,0,0.3243465062353905
BASE_x_P40,5,747710,0,0.7139532433024033
BASE_x_P40,5,751252,0,0.6903351491136582
BASE_x_P40,5,752597,0,0.38562171189510236
BASE_x_P40,5,752967,1,0.8430740540734084
BASE_x_P40,5,763994,1,0.6070437197483992
BASE_x_P40,5,764119,1,0.31858669849935145
BASE_x_P40,5,769720,1,0.8739756642936055
BASE_x_P40,5,770052,0,0.6372592044751018
BASE_x_P40,5,774678,1,0.5022311454096949
BASE_x_P40,5,774766,0,0.4883580126911196
BASE_x_P40,5,776324,1,0.5870428452230406
BASE_x_P40,5,779240,0,0.5940188252433374
BASE_x_P40,5,780355,1,0.654865714004332
BASE_x_P40,5,789824,0,0.2874014441670081
BASE_x_P40,5,791392,1,0.6718336510978528
BASE_x_P40,5,792243,0,0.6464755501377439
BASE_x_P40,5,797407,0,0.40248138895826535
BASE_x_P40,5,806762,0,0.24408295793670048
BASE_x_P40,5,813972,1,0.5753820797502898
BASE_x_P40,5,817995,1,0.7074731989258433
BASE_x_P40,5,823325,0,0.6551906497846878
BASE_x_P40,5,834393,0,0.4262448090199639
BASE_x_P40,5,834515,0,0.6998373245025342
BASE_x_P40,5,835833,1,0.7399289703689622
BASE_x_P40,5,845803,1,0.41377044222880743
BASE_x_P40,5,848723,1,0.4493909335125688
BASE_x_P40,5,850702,1,0.6930106964692936
BASE_x_P40,5,851146,1,0.8008317718072449
BASE_x_P40,5,851816,0,0.35642448818303485
BASE_x_P40,5,858697,1,0.6922877153788426
BASE_x_P40,5,860360,1,0.6754140817501512
BASE_x_P40,5,862990,0,0.2647377522911917
BASE_x_P40,5,865987,0,0.44583989937527746
BASE_x_P40,5,870328,0,0.4688652635661895
BASE_x_P40,5,870371,1,0.756447428474243
BASE_x_P40,5,872844,1,0.7466543877614303
BASE_x_P40,5,878721,0,0.6333475586561501
BASE_x_P40,5,880844,1,0.8182060937692703
BASE_x_P40,5,883229,0,0.584549736335415
BASE_x_P40,5,885836,1,0.5393013636417058
BASE_x_P40,5,899206,1,0.8684106920517856
BASE_x_P40,5,900750,1,0.6735685434714743
BASE_x_P40,5,900957,1,0.7253937274935613
BASE_x_P40,5,947559,1,0.7200353396892036
BASE_x_P40,5,950405,1,0.6336133161942805
BASE_x_P40,5,951465,0,0.6422647027788958
BASE_x_P40,5,952219,0,0.45424575113222454
BASE_x_P40,5,954370,1,0.6351071074555646
BASE_x_P40,5,959771,1,0.8983945627419953
BASE_x_P40,5,962643,1,0.4976734124337429
BASE_x_P40,5,977714,1,0.8068715366862591
BASE_x_P40,5,981610,0,0.4642716948835644
BASE_x_P40,5,981736,0,0.5184521133696987
BASE_x_P40,5,981850,1,0.6816654572862249
BASE_x_P40,5,982545,1,0.5444292202500922
BASE_x_P40,5,982817,0,0.2006698794444873
BASE_x_P40,5,984065,0,0.26133344166688166
BASE_x_P40,5,984395,1,0.44642098195505026
BASE_x_P40,5,990510,1,0.8928433726149759
BASE_x_P40,5,993712,0,0.28226759190909023
BASE_x_P40,5,996551,0,0.5443872474203826
BASE_x_P40,5,996860,0,0.5807751351760861
BASE_x_P40,5,999001,1,0.5304942469943309
BASE_x_P40,5,1002906,0,0.7085167710856705
BASE_x_P40,5,1005741,1,0.8451167729296284
BASE_x_P40,5,1006489,0,0.31100659328626545
BASE_x_P40,5,1007757,1,0.40870604913748615
BASE_x_P40,5,1012220,1,0.4976875417186875
BASE_x_P40,5,1017249,1,0.36494962235211154
BASE_x_P40,5,1048580,1,0.7167591747173476
BASE_x_P40,5,1060429,0,0.3892923656477095
BASE_x_P40,5,1061350,0,0.4984352695686023
BASE_x_P40,5,1065613,0,0.48475593450769305
BASE_x_P40,5,1066534,1,0.36767598686876807
BASE_x_P40,5,1067406,1,0.38804653875595596
BASE_x_P40,5,1067946,0,0.27283562594080873
BASE_x_P40,5,1068069,1,0.5779809340135361
BASE_x_P40,5,1068589,1,0.6464357825733663
BASE_x_P40,5,1072271,1,0.6129364601183478
BASE_x_P40,5,1073751,1,0.5236476329811127
BASE_x_P40,5,1073839,0,0.3508120216655335
BASE_x_P40,5,1074188,1,0.3001237260735662
BASE_x_P40,5,1074275,1,0.701805756448156
BASE_x_P40,5,1074753,0,0.4267027015807968
BASE_x_P40,5,1077703,1,0.5510187376232553
BASE_x_P40,5,1078976,1,0.38171761701154566
BASE_x_P40,5,1079901,1,0.5966572552942513
BASE_x_P40,5,1081059,1,0.6202437084719442
BASE_x_P40,5,1083772,1,0.5665060082386745
BASE_x_P40,5,1084347,0,0.5630303657821658
BASE_x_P40,5,1085496,1,0.580874215260402
BASE_x_P40,5,1086129,1,0.5919565177347773
BASE_x_P40,5,1086530,1,0.8776103188140653
BASE_x_P40,5,1086772,1,0.800959642819387
BASE_x_P40,5,1086991,0,0.4670196715458498
BASE_x_P40,5,1088555,0,0.2852385012501554
BASE_x_P40,5,1089436,0,0.7165819611018348
BASE_x_P40,5,1090932,1,0.6331937969465162
BASE_x_P40,5,1091014,1,0.3737951990188136
BASE_x_P40,5,1091585,0,0.4762012780882904
BASE_x_P40,5,1091670,1,0.8150963771765061
BASE_x_P40,5,1092408,1,0.5329157814173439
BASE_x_P40,5,1092655,1,0.7909652352644255
BASE_x_P40,5,1092948,1,0.5195153241197401
BASE_x_P40,5,1092954,1,0.6998813972787478
BASE_x_P40,5,1092970,0,0.5425164486040142
BASE_x_P40,5,1093200,0,0.28787670961006745
BASE_x_P40,5,1093650,1,0.726199510976559
BASE_x_P40,5,1093992,0,0.5067371885758034
BASE_x_P40,5,1094046,1,0.6456183052510093
BASE_x_P40,5,1094456,1,0.30368105731187767
BASE_x_P40,5,1094897,1,0.6281208162895598
BASE_x_P40,5,1095773,1,0.834233217361891
BASE_x_P40,5,1095881,1,0.6885515379124874
BASE_x_P40,5,1096586,0,0.2111718005770159
BASE_x_P40,5,1098420,0,0.2722286883501795
BASE_x_P40,5,1098855,1,0.7436245252028604
BASE_x_P40,5,1099078,1,0.6808383791541446
BASE_x_P40,5,1099234,1,0.8178455957346792
BASE_x_P40,5,1099756,1,0.41485896190998234
BASE_x_P40,5,1101157,1,0.8106915597048383
BASE_x_P40,5,1101644,1,0.3854907124514748
BASE_x_P40,5,1103054,0,0.28116460020001127
BASE_x_P40,5,1103628,0,0.2934493186875361
BASE_x_P40,5,1104470,1,0.7219103296462493
BASE_x_P40,5,1105299,0,0.5258150102886485
BASE_x_P40,5,1106596,0,0.49610109044989736
BASE_x_P40,5,1106632,0,0.26517687563397024
BASE_x_P40,5,1107631,1,0.6416821391996439
BASE_x_P40,5,1108929,1,0.6027245449712955
BASE_x_P40,5,1108956,0,0.5764178587009713
BASE_x_P40,5,1109275,1,0.8968612736733967
BASE_x_P40,5,1109280,1,0.7003295924805458
BASE_x_P40,5,1109612,1,0.8780814424685395
BASE_x_P40,5,1109771,0,0.33671276189163996
BASE_x_P40,5,1109829,1,0.7981181506929328
BASE_x_P40,5,1110598,0,0.4551339011651407
BASE_x_P40,5,1111920,1,0.39848742551581134
BASE_x_P40,5,1112111,1,0.6454666966963066
BASE_x_P40,5,1112999,0,0.14780003493760954
BASE_x_P40,5,1113133,0,0.31430529400424584
BASE_x_P40,5,1113398,1,0.6567375715946773
BASE_x_P40,5,1113536,0,0.4074293476412737
BASE_x_P40,5,1113857,0,0.6793054971391191
BASE_x_P40,5,1114801,0,0.7921384559212629
BASE_x_P40,5,1115112,0,0.34897342287619465
BASE_x_P40,5,1115144,0,0.47245182132081726
BASE_x_P40,5,1116007,0,0.8096057396448874
BASE_x_P40,5,1116385,1,0.6641132227493831
BASE_x_P40,5,1117063,0,0.4661943679206965
BASE_x_P40,5,1117869,1,0.7166806579911217
BASE_x_P40,5,1118291,0,0.5338465339729401
BASE_x_P40,5,1118652,0,0.12986186621074697
BASE_x_P40,5,1118943,1,0.5687942894971547
BASE_x_P40,5,1119929,0,0.838231061032277
BASE_x_P40,5,1120325,1,0.7957632391422519
BASE_x_P40,5,1121623,1,0.6887862187103707
BASE_x_P40,5,1121926,1,0.5765386546283197
BASE_x_P40,5,1121927,1,0.8831242108898594
BASE_x_P40,5,1122004,0,0.2117399328957003
BASE_x_P40,5,1122034,1,0.7840267059182299
BASE_x_P40,5,1122148,0,0.39480886862057674
BASE_x_P40,5,1122185,1,0.5174950270020032
BASE_x_P40,5,1122658,1,0.6185811095371117
BASE_x_P40,5,1122659,1,0.799229922552713
BASE_x_P40,5,1122888,1,0.5864513577169201
BASE_x_P40,5,1123205,0,0.6068022989080007
BASE_x_P40,5,1123350,1,0.8147221925049978
BASE_x_P40,5,1123435,1,0.55665079450958
BASE_x_P40,5,1123559,0,0.4454743852446461
BASE_x_P40,5,1124477,1,0.4582690066705586
BASE_x_P40,5,1124806,1,0.22574268791353203
BASE_x_P40,5,1125468,1,0.7540976160875398
BASE_x_P40,5,1125748,1,0.6576771216819082
BASE_x_P40,5,1126656,0,0.4279125408886977
BASE_x_P40,5,1128027,1,0.6062948226166318
BASE_x_P40,5,1128042,1,0.40342291900328087
BASE_x_P40,5,1128467,1,0.6434146834137827
BASE_x_P40,5,1129711,0,0.4501067557002372
BASE_x_P40,5,1129979,1,0.7079911949651329
BASE_x_P40,5,1130161,1,0.18785234197132328
BASE_x_P40,5,1130530,0,0.6701670984722871
BASE_x_P40,5,1132010,0,0.2992273437073806
BASE_x_P40,5,1132205,1,0.7475717875667708
BASE_x_P40,5,1132465,1,0.6792035571731716
BASE_x_P40,5,1132536,0,0.6625111217616403
BASE_x_P40,5,1132889,1,0.659281588092506
BASE_x_P40,5,1133011,0,0.5903768887675673
BASE_x_P40,5,1133778,1,0.9166592313539672
BASE_x_P40,5,1136279,0,0.5587914076295202
BASE_x_P40,5,1136946,0,0.2865320381012934
BASE_x_P40,5,1137555,1,0.7171059847668354
BASE_x_P40,5,1138091,1,0.5233717355375664
BASE_x_P40,5,1138321,1,0.688992334257331
BASE_x_P40,5,1138757,1,0.4559525923628139
BASE_x_P40,5,1142126,0,0.4064113838931687
BASE_x_P40,5,1142206,1,0.8693403291617545
BASE_x_P40,5,1142753,1,0.8001221236882374
BASE_x_P40,5,1142989,1,0.572284921673912
BASE_x_P40,5,1143869,0,0.43990332962658213
BASE_x_P40,5,1143964,1,0.5768686936790517
BASE_x_P40,5,1144260,0,0.7142743675172423
BASE_x_P40,5,1144336,1,0.7677786185008705
BASE_x_P40,5,1144580,1,0.504259053646969
BASE_x_P40,5,1144614,1,0.4526716819970972
BASE_x_P40,5,1145815,1,0.5722415667072837
BASE_x_P40,5,1145969,1,0.7942620936931154
BASE_x_P40,5,1146318,1,0.5902275984601805
BASE_x_P40,5,1146697,1,0.7607325588025121
BASE_x_P40,5,1146999,1,0.8154833016102991
BASE_x_P40,5,1147005,0,0.38565227716906525
BASE_x_P40,5,1147010,1,0.5738067196812194
BASE_x_P40,5,1147201,1,0.6854226712537457
BASE_x_P40,5,1147525,1,0.7832839209109511
BASE_x_P40,5,1147707,1,0.7297859739118221
BASE_x_P40,5,1148756,1,0.557487531476641
BASE_x_P40,5,1149906,0,0.6486911305095882
BASE_x_P40,5,1150401,0,0.3957356843650814
BASE_x_P40,5,1151371,1,0.5450532358508957
BASE_x_P40,5,1151422,1,0.8308288098031101
BASE_x_P40,5,1152038,1,0.4076194808185462
BASE_x_P40,5,1152408,0,0.48766505469467014
BASE_x_P40,5,1152629,1,0.4742124758077219
BASE_x_P40,5,1152732,1,0.319958824034326
BASE_x_P40,5,1152877,0,0.37898050393182425
BASE_x_P40,5,1154652,0,0.28607268100705974
BASE_x_P40,5,1155638,1,0.8158291987989277
BASE_x_P40,5,1156057,0,0.36693047852688293
BASE_x_P40,5,1156251,1,0.2776291320530369
BASE_x_P40,5,1156261,1,0.34863277210635324
BASE_x_P40,5,1156386,1,0.5811359717749172
BASE_x_P40,5,1156634,1,0.7912770713617033
BASE_x_P40,5,1156887,1,0.5489039693530965
BASE_x_P40,5,1157000,1,0.7445316984143928
BASE_x_P40,5,1157101,1,0.7947743079687879
BASE_x_P40,5,1205869,1,0.5658815720913073
BASE_x_P40,5,1205937,0,0.2852350872624155
BASE_x_P40,5,1206184,1,0.33356947580039487
BASE_x_P40,5,1206334,0,0.22490475078665584
BASE_x_P40,5,1206759,0,0.313993168963837
BASE_x_P40,5,1206766,1,0.5061933246955362
BASE_x_P40,5,1207535,1,0.39131469381329753
BASE_x_P40,5,1207571,1,0.7458614887103352
BASE_x_P40,5,1208182,0,0.47089026630070774
BASE_x_P40,5,1208561,1,0.6471637760740389
BASE_x_P40,5,1209069,1,0.48113551826999745
BASE_x_P40,5,1209182,1,0.6480583497543425
BASE_x_P40,5,1209531,0,0.17061749656557765
BASE_x_P40,5,1209776,0,0.34924031465874295
BASE_x_P40,5,1209908,0,0.7680858671788328
BASE_x_P40,5,1209975,1,0.47884494191055355
BASE_x_P40,5,1210024,0,0.549641541183598
BASE_x_P40,5,1210100,0,0.26299259032410066
BASE_x_P40,5,1210663,1,0.5877518363940395
BASE_x_P40,5,1210765,1,0.7177310938504207
BASE_x_P40,5,1210809,1,0.7607808238803441
BASE_x_P40,5,1210816,1,0.7347968366082288
BASE_x_P40,5,1211321,1,0.5172192921834805
BASE_x_P40,5,1211380,1,0.32220209091189583
BASE_x_P40,5,1211505,1,0.6357657892407853
BASE_x_P40,5,1211778,0,0.2225169121339343
BASE_x_P40,5,1212601,1,0.40916611551378546
BASE_x_P40,5,1212705,1,0.5568486874161002
BASE_x_P40,5,1212738,1,0.7921998425058238
BASE_x_P40,5,1213016,1,0.6069083332497706
BASE_x_P40,5,1213041,1,0.7270361837680451
BASE_x_P40,5,1213071,1,0.4003160496094966
BASE_x_P40,5,1213526,1,0.759232850186202
BASE_x_P40,5,1214345,1,0.791214850197465
BASE_x_P40,5,1214456,0,0.7067038288663164
BASE_x_P40,5,1214659,1,0.6575494468885396
BASE_x_P40,5,1215921,1,0.42258483818693704
BASE_x_P40,5,1216247,1,0.7071147760548274
BASE_x_P40,5,1216776,1,0.4001469868686319
BASE_x_P40,5,1217218,0,0.3115440878929129
BASE_x_P40,5,1217240,0,0.2816151604074551
BASE_x_P40,5,1217415,1,0.6510695841791779
BASE_x_P40,5,1217519,1,0.5954572652414556
BASE_x_P40,5,1218010,1,0.5548394194906946
BASE_x_P40,5,1218288,1,0.45927130165266383
BASE_x_P40,5,1218335,1,0.6095136932360671
BASE_x_P40,5,1218726,1,0.5040869395971957
BASE_x_P40,5,1219099,0,0.6112852569318783
BASE_x_P40,5,1219620,0,0.46477424677969476
BASE_x_P40,5,1219853,1,0.373592425255989
BASE_x_P40,5,1219950,1,0.5520579897709124
BASE_x_P40,5,1220209,0,0.32505317715698695
BASE_x_P40,5,1220226,0,0.25233470014105935
BASE_x_P40,5,1220605,1,0.4826873554490721
BASE_x_P40,5,1220694,1,0.4287236432856233
BASE_x_P40,5,1220796,1,0.6425465239569519
BASE_x_P40,5,1220871,0,0.4953791025757615
BASE_x_P40,5,1220940,1,0.7334474593367257
BASE_x_P40,5,1221128,1,0.7711155214662294
BASE_x_P40,5,1221682,1,0.8642591423303433
BASE_x_P40,5,1221892,1,0.6526703777333982
BASE_x_P40,5,1222069,1,0.8526027406747899
BASE_x_P40,5,1222424,1,0.4875070781519398
BASE_x_P40,5,1222642,0,0.5565766219032223
BASE_x_P40,5,1222907,1,0.7099264272373219
BASE_x_P40,5,1223289,0,0.21208168000257102
BASE_x_P40,5,1223459,1,0.8266263806793763
BASE_x_P40,5,1224137,1,0.6892384418624842
BASE_x_P40,5,1224488,1,0.7705101182567098
BASE_x_P40,5,1224536,1,0.5271453585957319
BASE_x_P40,5,1224547,1,0.41231135791705215
BASE_x_P40,5,1224698,0,0.29995701859393814
BASE_x_P40,5,1224968,1,0.45772377038469664
BASE_x_P40,5,1225388,0,0.6477367938039658
BASE_x_P40,5,1225605,0,0.5879999425303043
BASE_x_P40,5,1225751,1,0.5706664183882516
BASE_x_P40,5,1225914,0,0.3101370547837434
BASE_x_P40,5,1227192,1,0.5898781150099538
BASE_x_P40,5,1228588,1,0.5434221504575006
BASE_x_P40,5,1228820,0,0.3414155308394758
BASE_x_P40,5,1228842,0,0.2158766410520056
BASE_x_P40,5,1229147,0,0.4380007577492907
BASE_x_P40,5,1229368,0,0.414404145508711
BASE_x_P40,5,1230581,0,0.5930694939399231
BASE_x_P40,5,1231535,1,0.49755607327812434
BASE_x_P40,5,1231778,0,0.29677368560229916
BASE_x_P40,5,1231979,1,0.5879010453037327
BASE_x_P40,5,1232273,1,0.6500015159429856
BASE_x_P40,5,1233032,1,0.7053843582501526
BASE_x_P40,5,1233158,0,0.3304098047369233
BASE_x_P40,5,1233508,1,0.5636934759054482
BASE_x_P40,5,1233618,0,0.5519094482588112
BASE_x_P40,5,1233791,1,0.3925438913967491
BASE_x_P40,5,1234275,1,0.5837137876343341
BASE_x_P40,5,1234348,1,0.794764471013514
BASE_x_P40,5,1234553,0,0.7290699559736034
BASE_x_P40,5,1234804,1,0.555658703939827
BASE_x_P40,5,1234875,1,0.8709567570329371
BASE_x_P40,5,1235058,1,0.6122265064371475
BASE_x_P40,5,1235697,1,0.7310200835171133
BASE_x_P40,5,1235777,1,0.506716294561671
BASE_x_P40,5,1236418,1,0.3321486359307035
BASE_x_P40,5,1236905,0,0.9028236061670752
BASE_x_P40,5,1236938,1,0.7397607655800269
BASE_x_P40,5,1237033,1,0.484622084920049
BASE_x_P40,5,1237390,1,0.612286798788297
BASE_x_P40,5,1237647,0,0.32561600458919904
BASE_x_P40,5,1237971,1,0.6999178232658686
BASE_x_P40,5,1238156,1,0.6595013671481129
BASE_x_P40,5,1238245,1,0.8031319939438122
BASE_x_P40,5,1238348,0,0.6268637804494673
BASE_x_P40,5,1238464,1,0.7468155444820634
BASE_x_P40,5,1238497,1,0.42643549111985407
BASE_x_P40,5,1238523,1,0.6519417857793384
BASE_x_P40,5,1238603,0,0.4633837499564162
BASE_x_P40,5,1238664,1,0.7609240304907985
BASE_x_P40,5,1238865,1,0.27909183794146286
BASE_x_P40,5,1238964,1,0.49524865412564545
BASE_x_P40,5,1239034,0,0.7715966738906609
BASE_x_P40,5,1239135,1,0.4958784870064585
BASE_x_P40,5,1239212,0,0.22627546846564392
BASE_x_P40,5,1239597,1,0.5510978936708155
BASE_x_P40,5,1240282,0,0.4593962597574239
BASE_x_P40,5,1240598,1,0.6927317879551805
BASE_x_P40,5,1241018,1,0.6427442425917854
BASE_x_P40,5,1241104,0,0.5037968893512325
BASE_x_P40,5,1241185,0,0.26023220055614066
BASE_x_P40,5,1241362,1,0.6500771191813586
BASE_x_P40,5,1242413,1,0.5222786083012049
BASE_x_P40,5,1242451,1,0.8612138780366396
BASE_x_P40,5,1242508,1,0.7436435895289298
BASE_x_P40,5,1242535,1,0.7620538088026976
BASE_x_P40,5,1243018,1,0.4967197789609867
BASE_x_P40,5,1243442,0,0.553829599378894
BASE_x_P40,5,1243992,1,0.606698873330785
BASE_x_P40,5,1244363,0,0.22288409392396985
BASE_x_P40,5,1245905,1,0.5346306728449128
BASE_x_P40,5,1245961,0,0.46093033013970264
BASE_x_P40,5,1246508,0,0.3693665236299843
BASE_x_P40,6,15488,1,0.8230071828323718
BASE_x_P40,6,16787,0,0.5500373212236785
BASE_x_P40,6,17109,1,0.36085469349424726
BASE_x_P40,6,22019,0,0.18073768425709205
BASE_x_P40,6,22177,1,0.43699566878154417
BASE_x_P40,6,34035,1,0.8417811346505107
BASE_x_P40,6,43628,1,0.8821855007374175
BASE_x_P40,6,47652,1,0.8761214474435951
BASE_x_P40,6,48545,0,0.3068205787112906
BASE_x_P40,6,49258,1,0.6555834916674411
BASE_x_P40,6,70147,0,0.6972026080561419
BASE_x_P40,6,71731,1,0.5559773109516679
BASE_x_P40,6,78018,1,0.8786764229575778
BASE_x_P40,6,79057,1,0.727196564025838
BASE_x_P40,6,90339,0,0.7660652790834753
BASE_x_P40,6,91934,0,0.4951045144693299
BASE_x_P40,6,93002,1,0.8536460013106536
BASE_x_P40,6,98629,1,0.25348829446851995
BASE_x_P40,6,100595,0,0.19618402486078915
BASE_x_P40,6,104529,0,0.45215760792438753
BASE_x_P40,6,123208,1,0.49844483046859445
BASE_x_P40,6,128956,1,0.8494561201590964
BASE_x_P40,6,129407,1,0.5002162724770028
BASE_x_P40,6,130131,0,0.48327006242559234
BASE_x_P40,6,143454,0,0.6748980592194874
BASE_x_P40,6,144004,0,0.6246667913145594
BASE_x_P40,6,144639,1,0.6436235108991839
BASE_x_P40,6,144703,1,0.6874108150483318
BASE_x_P40,6,145109,1,0.5540186108394574
BASE_x_P40,6,146346,1,0.4652767156939435
BASE_x_P40,6,149880,1,0.7251898551374749
BASE_x_P40,6,153929,1,0.694604974976133
BASE_x_P40,6,154041,1,0.5957819930008934
BASE_x_P40,6,154147,1,0.7860069171551539
BASE_x_P40,6,157449,1,0.693080969035325
BASE_x_P40,6,159617,1,0.7270653896246827
BASE_x_P40,6,162979,1,0.7452482701224582
BASE_x_P40,6,165400,0,0.3517089655841999
BASE_x_P40,6,166451,1,0.4192461370692795
BASE_x_P40,6,179192,0,0.5491102444690216
BASE_x_P40,6,183492,1,0.7574133375959928
BASE_x_P40,6,186379,1,0.5823451567468638
BASE_x_P40,6,190187,0,0.5593044118982725
BASE_x_P40,6,192873,1,0.5865153888983698
BASE_x_P40,6,199177,0,0.4381324097035244
BASE_x_P40,6,207626,1,0.49030948242846334
BASE_x_P40,6,223954,1,0.7201357122226075
BASE_x_P40,6,226859,0,0.6724750476097324
BASE_x_P40,6,234247,0,0.5457992295225058
BASE_x_P40,6,238407,0,0.37650923613922704
BASE_x_P40,6,252362,0,0.6289957910582565
BASE_x_P40,6,255374,0,0.09506244482075699
BASE_x_P40,6,269426,1,0.8039669040869643
BASE_x_P40,6,271883,1,0.629805149705481
BASE_x_P40,6,272914,1,0.24182859075006077
BASE_x_P40,6,273824,1,0.7810415799681585
BASE_x_P40,6,280452,0,0.4411063726016246
BASE_x_P40,6,285801,1,0.46722755982555386
BASE_x_P40,6,289992,1,0.8637078131197167
BASE_x_P40,6,292872,0,0.33947022302973684
BASE_x_P40,6,297709,0,0.2380198910561849
BASE_x_P40,6,298252,0,0.11075284261735055
BASE_x_P40,6,313664,1,0.668713165015664
BASE_x_P40,6,314907,1,0.7743655081195076
BASE_x_P40,6,315660,1,0.7179999714493159
BASE_x_P40,6,323320,0,0.43563271346212773
BASE_x_P40,6,324095,1,0.7294647353069883
BASE_x_P40,6,327943,1,0.8069820340330078
BASE_x_P40,6,328655,0,0.5727147684113103
BASE_x_P40,6,328714,1,0.6820290458443503
BASE_x_P40,6,329983,1,0.7228149578921425
BASE_x_P40,6,332529,1,0.3177637072760801
BASE_x_P40,6,342377,1,0.7425342388092789
BASE_x_P40,6,348567,1,0.7092061780141349
BASE_x_P40,6,352441,0,0.38923680075015454
BASE_x_P40,6,353416,1,0.5533778535783053
BASE_x_P40,6,358239,1,0.8104645916381138
BASE_x_P40,6,359330,0,0.1278474856994948
BASE_x_P40,6,360745,1,0.559956222828881
BASE_x_P40,6,360986,1,0.5388551253609766
BASE_x_P40,6,364228,1,0.7283373583289976
BASE_x_P40,6,366159,1,0.6813786186405818
BASE_x_P40,6,369626,1,0.6650619741621528
BASE_x_P40,6,376917,1,0.5988732582827837
BASE_x_P40,6,378412,1,0.6183682409404507
BASE_x_P40,6,380225,1,0.8451323311367606
BASE_x_P40,6,384429,0,0.6915736257057583
BASE_x_P40,6,385866,1,0.6171084230112573
BASE_x_P40,6,392913,1,0.815614742710324
BASE_x_P40,6,397648,1,0.8029681161457616
BASE_x_P40,6,398295,0,0.4290691508561453
BASE_x_P40,6,402349,0,0.3387018018627831
BASE_x_P40,6,403399,0,0.6198386610142539
BASE_x_P40,6,408486,1,0.7992370226850879
BASE_x_P40,6,409579,1,0.459811719407253
BASE_x_P40,6,418425,0,0.20353768811441433
BASE_x_P40,6,432540,1,0.4775394143289368
BASE_x_P40,6,432782,0,0.7404437047676606
BASE_x_P40,6,438187,1,0.5882509956279193
BASE_x_P40,6,451424,1,0.6580188643748873
BASE_x_P40,6,451844,1,0.5023138870424407
BASE_x_P40,6,455395,1,0.8131048670653859
BASE_x_P40,6,463375,1,0.8957957312650932
BASE_x_P40,6,470865,1,0.7081174780853526
BASE_x_P40,6,471363,1,0.47983254123438834
BASE_x_P40,6,474221,0,0.7831540431889032
BASE_x_P40,6,474709,1,0.7368875510686891
BASE_x_P40,6,479371,0,0.5329253915000315
BASE_x_P40,6,479811,0,0.3305346056193697
BASE_x_P40,6,479859,0,0.2268461821608076
BASE_x_P40,6,480708,1,0.8456792699817861
BASE_x_P40,6,481454,0,0.25394461417671993
BASE_x_P40,6,485608,1,0.769116485327813
BASE_x_P40,6,486523,0,0.5422449596365801
BASE_x_P40,6,486901,0,0.6144204229243203
BASE_x_P40,6,487378,0,0.4907269858633658
BASE_x_P40,6,492492,0,0.47814432683878577
BASE_x_P40,6,498363,1,0.8660807152366459
BASE_x_P40,6,501583,1,0.24211185645663238
BASE_x_P40,6,502585,0,0.4073789279538476
BASE_x_P40,6,504525,0,0.4771730353508887
BASE_x_P40,6,507793,0,0.6924309287220767
BASE_x_P40,6,508867,1,0.5481790921130498
BASE_x_P40,6,510372,1,0.4328681158739743
BASE_x_P40,6,520621,1,0.6081909649873201
BASE_x_P40,6,525300,1,0.6128271624033206
BASE_x_P40,6,530038,1,0.7136755319824164
BASE_x_P40,6,531815,0,0.5269651251171279
BASE_x_P40,6,532148,1,0.6393720605145414
BASE_x_P40,6,533901,1,0.858741757356789
BASE_x_P40,6,534077,1,0.6106037485199302
BASE_x_P40,6,534835,1,0.23598697986301548
BASE_x_P40,6,535178,1,0.688553868254401
BASE_x_P40,6,536216,1,0.8759756459341514
BASE_x_P40,6,544425,0,0.3279345802938857
BASE_x_P40,6,546258,1,0.7221346673078882
BASE_x_P40,6,550471,1,0.6639783340714659
BASE_x_P40,6,555492,0,0.40493339272508294
BASE_x_P40,6,563271,1,0.6454682595916051
BASE_x_P40,6,568516,0,0.4135069298150779
BASE_x_P40,6,570975,0,0.14389855384042893
BASE_x_P40,6,580750,0,0.15904671396447484
BASE_x_P40,6,586109,0,0.7061891499940692
BASE_x_P40,6,586695,1,0.6706795034509302
BASE_x_P40,6,589233,1,0.7688353387427347
BASE_x_P40,6,592431,1,0.82643879512934
BASE_x_P40,6,595768,0,0.21277392275263302
BASE_x_P40,6,598890,1,0.5043565938617849
BASE_x_P40,6,599396,0,0.7338918164348052
BASE_x_P40,6,600647,1,0.6719758764061821
BASE_x_P40,6,610488,0,0.41057047512952266
BASE_x_P40,6,613228,0,0.48997385694329415
BASE_x_P40,6,618335,1,0.7454764930426573
BASE_x_P40,6,625366,1,0.8547063141901496
BASE_x_P40,6,639645,0,0.6269125155756621
BASE_x_P40,6,643183,1,0.5370282444576123
BASE_x_P40,6,643981,1,0.8383585666841323
BASE_x_P40,6,648747,0,0.29956995316909163
BASE_x_P40,6,649449,0,0.46631406162815503
BASE_x_P40,6,657533,1,0.7269921772926072
BASE_x_P40,6,658602,1,0.6251410071912926
BASE_x_P40,6,660938,1,0.6289134747627263
BASE_x_P40,6,661211,0,0.45225620195339644
BASE_x_P40,6,677383,0,0.5096180338959446
BASE_x_P40,6,681205,1,0.620461244711011
BASE_x_P40,6,682303,1,0.7125350534133417
BASE_x_P40,6,684963,1,0.8485681570639518
BASE_x_P40,6,692458,1,0.5091700780700136
BASE_x_P40,6,693326,1,0.833313442010891
BASE_x_P40,6,695588,1,0.7211986775646789
BASE_x_P40,6,699703,1,0.7442043250895475
BASE_x_P40,6,705906,1,0.8445024464291552
BASE_x_P40,6,706141,1,0.5079372028230744
BASE_x_P40,6,709192,0,0.5353397207977578
BASE_x_P40,6,709805,1,0.8155037899091182
BASE_x_P40,6,709815,1,0.7573990186768055
BASE_x_P40,6,711099,1,0.5255977130112524
BASE_x_P40,6,712016,1,0.8147354535638769
BASE_x_P40,6,714644,1,0.8213867050575131
BASE_x_P40,6,723511,1,0.3945534787554732
BASE_x_P40,6,727266,1,0.6685449695881387
BASE_x_P40,6,737577,1,0.6884816942055348
BASE_x_P40,6,739530,1,0.6908025165621554
BASE_x_P40,6,741884,0,0.7855596467986821
BASE_x_P40,6,743605,1,0.6043340620858136
BASE_x_P40,6,744971,0,0.34022551871363943
BASE_x_P40,6,745143,0,0.5021586850378619
BASE_x_P40,6,746564,0,0.41583351866488044
BASE_x_P40,6,746867,0,0.6231422746352644
BASE_x_P40,6,748105,0,0.6094270356087655
BASE_x_P40,6,754586,1,0.6601284381908827
BASE_x_P40,6,755156,1,0.569549620201331
BASE_x_P40,6,757383,0,0.5033276215543502
BASE_x_P40,6,765618,1,0.4957356723880581
BASE_x_P40,6,781445,0,0.2972978012219723
BASE_x_P40,6,783025,1,0.8384741899467804
BASE_x_P40,6,790696,0,0.6133705745418829
BASE_x_P40,6,793601,0,0.6309623796779121
BASE_x_P40,6,802480,0,0.7485652615068679
BASE_x_P40,6,807819,1,0.6083735047740096
BASE_x_P40,6,809272,0,0.298354295998567
BASE_x_P40,6,813871,1,0.7465789657461864
BASE_x_P40,6,813972,1,0.4897019753388222
BASE_x_P40,6,817197,0,0.27430585096552085
BASE_x_P40,6,818099,0,0.5046078389807875
BASE_x_P40,6,820530,1,0.672157262930575
BASE_x_P40,6,828057,0,0.4450585906203819
BASE_x_P40,6,829142,1,0.8490176563993284
BASE_x_P40,6,833210,1,0.7528761874253012
BASE_x_P40,6,834393,0,0.4299753121961325
BASE_x_P40,6,834446,1,0.7777486026257638
BASE_x_P40,6,835463,1,0.6931319099284751
BASE_x_P40,6,839451,0,0.4171361550376067
BASE_x_P40,6,844104,1,0.21039366573098392
BASE_x_P40,6,847036,1,0.7605209985776316
BASE_x_P40,6,851163,1,0.6434844374339341
BASE_x_P40,6,853023,1,0.6781822149228992
BASE_x_P40,6,857435,1,0.39237728883571277
BASE_x_P40,6,857621,1,0.8510441587710419
BASE_x_P40,6,866895,0,0.603174816632314
BASE_x_P40,6,870328,0,0.4799699926167791
BASE_x_P40,6,872844,1,0.7139259380723559
BASE_x_P40,6,873012,1,0.5227461923218928
BASE_x_P40,6,875241,1,0.5639452489854065
BASE_x_P40,6,885157,1,0.7881649130219425
BASE_x_P40,6,885394,1,0.6228698702317353
BASE_x_P40,6,888443,0,0.10546682696546687
BASE_x_P40,6,896596,1,0.677156822546883
BASE_x_P40,6,898035,1,0.5108451053312127
BASE_x_P40,6,900534,1,0.6440515551882542
BASE_x_P40,6,944965,1,0.8285944656231551
BASE_x_P40,6,947197,1,0.1892650369287064
BASE_x_P40,6,951846,0,0.37410748554639794
BASE_x_P40,6,952824,1,0.6388906968900219
BASE_x_P40,6,953310,1,0.5759778340013817
BASE_x_P40,6,961563,0,0.3639535714323354
BASE_x_P40,6,964462,0,0.5691845459611161
BASE_x_P40,6,967064,1,0.498354793176661
BASE_x_P40,6,976508,0,0.4565157127737581
BASE_x_P40,6,978575,1,0.7325245080352424
BASE_x_P40,6,981610,0,0.5323151485513589
BASE_x_P40,6,982545,1,0.5192321908704344
BASE_x_P40,6,987657,1,0.4350650428327857
BASE_x_P40,6,988546,0,0.15729017764101275
BASE_x_P40,6,991972,1,0.5854977698648678
BASE_x_P40,6,1000434,1,0.7922929279662899
BASE_x_P40,6,1001502,0,0.3799934892377109
BASE_x_P40,6,1001607,1,0.6748100946010935
BASE_x_P40,6,1002906,0,0.7089353242900845
BASE_x_P40,6,1005095,1,0.569758896392792
BASE_x_P40,6,1005166,1,0.5964663158546021
BASE_x_P40,6,1023383,0,0.6180182539098534
BASE_x_P40,6,1040848,0,0.564823182776721
BASE_x_P40,6,1054838,0,0.6441368633772463
BASE_x_P40,6,1059579,1,0.7087510716988461
BASE_x_P40,6,1062066,0,0.5528180571252054
BASE_x_P40,6,1062410,1,0.6841384436124546
BASE_x_P40,6,1064271,1,0.8854635937327596
BASE_x_P40,6,1065129,1,0.5560864187276515
BASE_x_P40,6,1066534,1,0.28107784905732575
BASE_x_P40,6,1067828,1,0.7720299308962636
BASE_x_P40,6,1070472,0,0.4236637270292466
BASE_x_P40,6,1071053,0,0.2873221210639484
BASE_x_P40,6,1071408,1,0.7009045304787301
BASE_x_P40,6,1072194,1,0.6603668843508903
BASE_x_P40,6,1073471,1,0.8036808125805899
BASE_x_P40,6,1073787,1,0.5039301096883311
BASE_x_P40,6,1074188,1,0.3808940681776427
BASE_x_P40,6,1074312,0,0.5633870142214046
BASE_x_P40,6,1074892,0,0.737536297816085
BASE_x_P40,6,1075447,1,0.6422679620566463
BASE_x_P40,6,1075699,1,0.4495963682857833
BASE_x_P40,6,1077606,1,0.7484959939737083
BASE_x_P40,6,1078835,1,0.33308544199900053
BASE_x_P40,6,1079219,0,0.1978045583340274
BASE_x_P40,6,1080470,1,0.48031342290649676
BASE_x_P40,6,1080872,0,0.5033717355713153
BASE_x_P40,6,1081798,0,0.6019329914117036
BASE_x_P40,6,1081799,0,0.7331050286017754
BASE_x_P40,6,1082261,1,0.8230942954240799
BASE_x_P40,6,1082847,1,0.7018750026290256
BASE_x_P40,6,1083772,1,0.5712052304785482
BASE_x_P40,6,1084251,1,0.4913544106974434
BASE_x_P40,6,1084347,0,0.5785236863658159
BASE_x_P40,6,1085496,1,0.5429631920187119
BASE_x_P40,6,1085527,1,0.7323795106745014
BASE_x_P40,6,1086158,0,0.27853681562406385
BASE_x_P40,6,1086657,1,0.8537323988788229
BASE_x_P40,6,1087850,0,0.6676735803728594
BASE_x_P40,6,1089172,1,0.6922683244568597
BASE_x_P40,6,1090560,1,0.3728483645881668
BASE_x_P40,6,1090932,1,0.6589203146122727
BASE_x_P40,6,1091111,1,0.5537368555724518
BASE_x_P40,6,1092732,0,0.5744826516570294
BASE_x_P40,6,1092848,1,0.5812027727087807
BASE_x_P40,6,1093401,1,0.8597009373789991
BASE_x_P40,6,1093743,0,0.30458666151268493
BASE_x_P40,6,1094274,1,0.8826996360958003
BASE_x_P40,6,1094441,0,0.7195668133604598
BASE_x_P40,6,1094522,1,0.7666549751942486
BASE_x_P40,6,1094558,1,0.6025240311120914
BASE_x_P40,6,1097465,1,0.7283501172661073
BASE_x_P40,6,1098043,0,0.7579026771149883
BASE_x_P40,6,1098075,1,0.6849661640923976
BASE_x_P40,6,1101157,1,0.8701832724148102
BASE_x_P40,6,1101907,1,0.734278437705813
BASE_x_P40,6,1103001,0,0.4429463958606771
BASE_x_P40,6,1103298,0,0.6356006323874737
BASE_x_P40,6,1103434,0,0.463689689956629
BASE_x_P40,6,1103930,1,0.8064150865080683
BASE_x_P40,6,1104012,1,0.7465902483084954
BASE_x_P40,6,1105241,0,0.4596448272648732
BASE_x_P40,6,1105320,1,0.7056565268775503
BASE_x_P40,6,1106738,1,0.6123170109178239
BASE_x_P40,6,1106799,1,0.5478575521592148
BASE_x_P40,6,1107096,1,0.775431430350967
BASE_x_P40,6,1107575,0,0.5639478017880551
BASE_x_P40,6,1109280,1,0.754758926964687
BASE_x_P40,6,1109765,1,0.6352619926102652
BASE_x_P40,6,1111471,1,0.6981285158323223
BASE_x_P40,6,1111513,1,0.7894947871085607
BASE_x_P40,6,1111860,1,0.7053316454506059
BASE_x_P40,6,1112567,1,0.5375264664275019
BASE_x_P40,6,1112876,1,0.6535898800857954
BASE_x_P40,6,1113294,1,0.8241388813440403
BASE_x_P40,6,1114801,0,0.7778200255312686
BASE_x_P40,6,1117451,0,0.2420862611458254
BASE_x_P40,6,1117714,1,0.5175946370441635
BASE_x_P40,6,1117882,0,0.4378009887421312
BASE_x_P40,6,1117951,1,0.6597198189771928
BASE_x_P40,6,1118542,0,0.22129460369069773
BASE_x_P40,6,1118773,0,0.30474701021646067
BASE_x_P40,6,1119526,1,0.3562543821830364
BASE_x_P40,6,1119666,1,0.8428683278596911
BASE_x_P40,6,1120391,0,0.6078003986271103
BASE_x_P40,6,1120436,0,0.5583536330447154
BASE_x_P40,6,1120684,0,0.3568949708243456
BASE_x_P40,6,1120775,1,0.4435811750143088
BASE_x_P40,6,1121705,1,0.8385804930161689
BASE_x_P40,6,1121736,0,0.669329241684091
BASE_x_P40,6,1121927,1,0.8558354091794443
BASE_x_P40,6,1122023,0,0.5249148713774567
BASE_x_P40,6,1122204,0,0.38053759025743455
BASE_x_P40,6,1122453,1,0.34754680986574654
BASE_x_P40,6,1122888,1,0.6663661089344104
BASE_x_P40,6,1123103,1,0.7155698695779523
BASE_x_P40,6,1123383,1,0.5748336744841744
BASE_x_P40,6,1123484,0,0.39232957039684485
BASE_x_P40,6,1124152,0,0.8253575788094687
BASE_x_P40,6,1124329,1,0.5931582829148712
BASE_x_P40,6,1124477,1,0.36837364415274576
BASE_x_P40,6,1124482,1,0.6169246451445407
BASE_x_P40,6,1124561,0,0.700301279521248
BASE_x_P40,6,1125073,1,0.665081001817789
BASE_x_P40,6,1125095,0,0.8264963142469351
BASE_x_P40,6,1125163,1,0.39702976835472553
BASE_x_P40,6,1125348,0,0.43450250509870036
BASE_x_P40,6,1125964,1,0.7054863450381019
BASE_x_P40,6,1127703,1,0.2811048060258547
BASE_x_P40,6,1127790,1,0.4843117653386059
BASE_x_P40,6,1127812,1,0.5410936153384049
BASE_x_P40,6,1128042,1,0.357883495355507
BASE_x_P40,6,1128373,0,0.5043351370476136
BASE_x_P40,6,1129029,0,0.3673613346139324
BASE_x_P40,6,1129253,1,0.29228119211595827
BASE_x_P40,6,1130043,1,0.5233705641519584
BASE_x_P40,6,1130161,1,0.21797228052093273
BASE_x_P40,6,1130408,1,0.797304323544913
BASE_x_P40,6,1130697,1,0.891572829240966
BASE_x_P40,6,1131288,0,0.49919842697722033
BASE_x_P40,6,1131818,1,0.7055529639656118
BASE_x_P40,6,1132205,1,0.8182475331037786
BASE_x_P40,6,1132251,1,0.6295376096051438
BASE_x_P40,6,1132465,1,0.6170041045637759
BASE_x_P40,6,1134518,0,0.5063043508359573
BASE_x_P40,6,1135587,1,0.6813324267467347
BASE_x_P40,6,1136675,1,0.6203976217790191
BASE_x_P40,6,1137147,1,0.5864388528088219
BASE_x_P40,6,1137555,1,0.7013606655244047
BASE_x_P40,6,1137589,1,0.4925219788853793
BASE_x_P40,6,1137818,1,0.17239109100708164
BASE_x_P40,6,1138321,1,0.751786237346217
BASE_x_P40,6,1138361,1,0.7295006526439458
BASE_x_P40,6,1138599,1,0.570301699898061
BASE_x_P40,6,1139049,0,0.3441441719079465
BASE_x_P40,6,1139688,1,0.7794020341746097
BASE_x_P40,6,1141785,0,0.18660881700881746
BASE_x_P40,6,1142514,0,0.6307418982696232
BASE_x_P40,6,1142591,0,0.7943285831538502
BASE_x_P40,6,1142643,1,0.7327302877750753
BASE_x_P40,6,1143257,1,0.36750090062924634
BASE_x_P40,6,1143657,1,0.3385523547235965
BASE_x_P40,6,1143964,1,0.5246290971009967
BASE_x_P40,6,1144488,1,0.7060054240570375
BASE_x_P40,6,1144508,1,0.6940606874224349
BASE_x_P40,6,1144734,1,0.5532456968022834
BASE_x_P40,6,1146116,0,0.5772197057924138
BASE_x_P40,6,1146208,0,0.5788643573477955
BASE_x_P40,6,1146369,1,0.9095546491255387
BASE_x_P40,6,1146465,0,0.6697818135481134
BASE_x_P40,6,1146488,0,0.6138733501835825
BASE_x_P40,6,1146584,1,0.6811366721622175
BASE_x_P40,6,1146724,1,0.7837010472459148
BASE_x_P40,6,1146999,1,0.810663725891914
BASE_x_P40,6,1147012,0,0.6008071981870224
BASE_x_P40,6,1147838,0,0.5968741425274309
BASE_x_P40,6,1148376,1,0.5607844272247232
BASE_x_P40,6,1148437,0,0.6051414529278794
BASE_x_P40,6,1149201,1,0.28019208526447736
BASE_x_P40,6,1149825,1,0.5445326660041787
BASE_x_P40,6,1149831,1,0.8030459048228614
BASE_x_P40,6,1149946,1,0.5230720458026515
BASE_x_P40,6,1150067,1,0.7585823526522927
BASE_x_P40,6,1150911,0,0.5938870035569817
BASE_x_P40,6,1151486,1,0.7461392021915468
BASE_x_P40,6,1151510,0,0.3282471434765958
BASE_x_P40,6,1152410,1,0.27736680491145643
BASE_x_P40,6,1152629,1,0.5666835336630318
BASE_x_P40,6,1154191,1,0.6727085568727736
BASE_x_P40,6,1154313,1,0.5108937592076495
BASE_x_P40,6,1154492,1,0.5013079102095181
BASE_x_P40,6,1155186,1,0.6588044121063039
BASE_x_P40,6,1155546,1,0.5264647752636161
BASE_x_P40,6,1155575,1,0.6658431746087549
BASE_x_P40,6,1155880,1,0.785052917115943
BASE_x_P40,6,1156904,1,0.44724285837000854
BASE_x_P40,6,1157142,1,0.5263237149735162
BASE_x_P40,6,1157440,0,0.5656572824070476
BASE_x_P40,6,1206010,0,0.6397538355915815
BASE_x_P40,6,1206667,0,0.7045026164834745
BASE_x_P40,6,1206743,0,0.48101440363359166
BASE_x_P40,6,1207535,1,0.3313224875214824
BASE_x_P40,6,1207793,1,0.4664509023495612
BASE_x_P40,6,1208243,1,0.7139086381536286
BASE_x_P40,6,1208308,1,0.572185973639489
BASE_x_P40,6,1208350,1,0.9060185490583446
BASE_x_P40,6,1208476,1,0.882278048089516
BASE_x_P40,6,1208880,1,0.7774979380196351
BASE_x_P40,6,1208898,1,0.5669463523478175
BASE_x_P40,6,1209034,1,0.4493402183343271
BASE_x_P40,6,1209496,0,0.5770681480703783
BASE_x_P40,6,1209502,0,0.49773342941261234
BASE_x_P40,6,1210408,0,0.5783696007373234
BASE_x_P40,6,1210432,0,0.38276042181130443
BASE_x_P40,6,1210436,0,0.2879564589937534
BASE_x_P40,6,1210765,1,0.7542073727207488
BASE_x_P40,6,1210809,1,0.7759957329581727
BASE_x_P40,6,1210880,1,0.33347497242418456
BASE_x_P40,6,1212278,0,0.6575195849292069
BASE_x_P40,6,1212354,0,0.5620214990527533
BASE_x_P40,6,1212403,1,0.8263328679429442
BASE_x_P40,6,1212690,0,0.6266549080354553
BASE_x_P40,6,1213589,1,0.6739500812240111
BASE_x_P40,6,1214506,1,0.691253481739786
BASE_x_P40,6,1214560,1,0.6516670602520996
BASE_x_P40,6,1215084,0,0.5487682045418945
BASE_x_P40,6,1215586,0,0.604332860689473
BASE_x_P40,6,1216041,1,0.7167326266046642
BASE_x_P40,6,1216076,1,0.6866572291035574
BASE_x_P40,6,1216188,0,0.27962175539214007
BASE_x_P40,6,1216776,1,0.3996504087805091
BASE_x_P40,6,1216904,0,0.23408432906871027
BASE_x_P40,6,1217080,1,0.9119983913621883
BASE_x_P40,6,1217167,0,0.2305023407412495
BASE_x_P40,6,1217240,0,0.2945289890059329
BASE_x_P40,6,1217415,1,0.6670796213163246
BASE_x_P40,6,1217519,1,0.5169567980245574
BASE_x_P40,6,1217573,1,0.8211138914537212
BASE_x_P40,6,1217757,1,0.5557065594607213
BASE_x_P40,6,1218010,1,0.5423135932598201
BASE_x_P40,6,1218062,1,0.8121582738737193
BASE_x_P40,6,1218288,1,0.4328218037482662
BASE_x_P40,6,1219099,0,0.5943062208685082
BASE_x_P40,6,1219897,1,0.7982926696980778
BASE_x_P40,6,1220426,0,0.46658345138716206
BASE_x_P40,6,1220507,0,0.6531258199629127
BASE_x_P40,6,1220515,0,0.4006480487965664
BASE_x_P40,6,1220526,1,0.6540098500615227
BASE_x_P40,6,1220527,0,0.5789603859050702
BASE_x_P40,6,1220900,1,0.6418999381059698
BASE_x_P40,6,1221355,1,0.8117987216732145
BASE_x_P40,6,1221707,0,0.39416482566328026
BASE_x_P40,6,1221883,0,0.3443443156218377
BASE_x_P40,6,1222410,0,0.27906492165236085
BASE_x_P40,6,1222850,1,0.6756895385478263
BASE_x_P40,6,1222907,1,0.7040608188960994
BASE_x_P40,6,1223272,1,0.49371656355823795
BASE_x_P40,6,1224087,0,0.3867177578387983
BASE_x_P40,6,1224094,0,0.19917409347183868
BASE_x_P40,6,1224229,1,0.8121715517263286
BASE_x_P40,6,1224488,1,0.7469530573974521
BASE_x_P40,6,1225046,0,0.3717142760249959
BASE_x_P40,6,1225309,1,0.6600746187035809
BASE_x_P40,6,1225413,1,0.6899159586550833
BASE_x_P40,6,1225493,0,0.2905347257760485
BASE_x_P40,6,1225500,0,0.7194501132739384
BASE_x_P40,6,1225716,0,0.6618941726277935
BASE_x_P40,6,1225758,1,0.7761173301393484
BASE_x_P40,6,1226664,1,0.28380000539150463
BASE_x_P40,6,1226981,0,0.47028714397988103
BASE_x_P40,6,1227231,1,0.5929431734388849
BASE_x_P40,6,1227437,1,0.742140370246135
BASE_x_P40,6,1227545,1,0.6739804251370514
BASE_x_P40,6,1227900,1,0.580077223312426
BASE_x_P40,6,1229368,0,0.4411760882684147
BASE_x_P40,6,1229725,1,0.8791225418545922
BASE_x_P40,6,1229837,0,0.5760436464677475
BASE_x_P40,6,1229920,1,0.8106510826055796
BASE_x_P40,6,1229991,0,0.6517866392628595
BASE_x_P40,6,1230370,0,0.34853794375807984
BASE_x_P40,6,1230810,1,0.32280280570758424
BASE_x_P40,6,1231250,1,0.6142183069025807
BASE_x_P40,6,1231276,1,0.6556825093853442
BASE_x_P40,6,1231638,1,0.8288297800426584
BASE_x_P40,6,1231901,1,0.7748037107969161
BASE_x_P40,6,1232028,0,0.20770006755025444
BASE_x_P40,6,1232099,0,0.5479315541286041
BASE_x_P40,6,1232188,1,0.5810651330364704
BASE_x_P40,6,1232333,1,0.6992758743698397
BASE_x_P40,6,1232335,1,0.7992348265037071
BASE_x_P40,6,1233032,1,0.7081439918998559
BASE_x_P40,6,1233095,1,0.7247448206256977
BASE_x_P40,6,1233178,1,0.7858697652204214
BASE_x_P40,6,1233777,1,0.6866297874923849
BASE_x_P40,6,1233791,1,0.3613820514347526
BASE_x_P40,6,1233962,0,0.5737136559113128
BASE_x_P40,6,1234219,1,0.4454246734199825
BASE_x_P40,6,1234306,1,0.26959405878282977
BASE_x_P40,6,1234521,0,0.5493664042413174
BASE_x_P40,6,1234862,0,0.5917737251681586
BASE_x_P40,6,1234914,1,0.6682128757218798
BASE_x_P40,6,1235039,1,0.789803774326094
BASE_x_P40,6,1235236,1,0.4534652601661137
BASE_x_P40,6,1235597,1,0.5565813410526189
BASE_x_P40,6,1235762,1,0.6273001220585707
BASE_x_P40,6,1236548,0,0.7723374044355242
BASE_x_P40,6,1236996,1,0.6207385982686701
BASE_x_P40,6,1237971,1,0.5693568255677857
BASE_x_P40,6,1238245,1,0.7151909367328494
BASE_x_P40,6,1238264,1,0.5015573519699771
BASE_x_P40,6,1238287,0,0.6785405368766804
BASE_x_P40,6,1238348,0,0.5860803120373477
BASE_x_P40,6,1238523,1,0.6249918697196438
BASE_x_P40,6,1238636,1,0.7743040754016012
BASE_x_P40,6,1238783,0,0.5850387650346449
BASE_x_P40,6,1238817,0,0.7499079222163658
BASE_x_P40,6,1238835,1,0.6647524947150416
BASE_x_P40,6,1238917,0,0.38934078717275533
BASE_x_P40,6,1238938,0,0.3517378466048082
BASE_x_P40,6,1238999,1,0.5565396930930302
BASE_x_P40,6,1239042,1,0.6263369009722484
BASE_x_P40,6,1239095,1,0.6995110604836507
BASE_x_P40,6,1239331,1,0.6124158173037025
BASE_x_P40,6,1239597,1,0.6023941372539646
BASE_x_P40,6,1239907,1,0.6458383806192751
BASE_x_P40,6,1240131,1,0.7608315095610402
BASE_x_P40,6,1240588,1,0.7557184870090051
BASE_x_P40,6,1240598,1,0.6570631215487233
BASE_x_P40,6,1240769,0,0.5492748451154494
BASE_x_P40,6,1241362,1,0.6200852030474701
BASE_x_P40,6,1241841,1,0.5383793768946031
BASE_x_P40,6,1242167,0,0.6858430900771245
BASE_x_P40,6,1242283,0,0.5433703121522627
BASE_x_P40,6,1242535,1,0.6869658126572058
BASE_x_P40,6,1242831,0,0.5554850357540194
BASE_x_P40,6,1243045,0,0.6382019919854635
BASE_x_P40,6,1243459,0,0.2623171247352695
BASE_x_P40,6,1243686,1,0.5517331589209461
BASE_x_P40,6,1243823,1,0.278619116750381
BASE_x_P40,6,1244363,0,0.19601238555721953
BASE_x_P40,6,1244606,1,0.57072356839836
BASE_x_P40,6,1245961,0,0.4822911076427442
BASE_x_P40,6,1246249,1,0.6352629566608631
BASE_x_P40,7,1122,0,0.6454618525025393
BASE_x_P40,7,13629,1,0.4114569522260492
BASE_x_P40,7,22854,1,0.3083506111573186
BASE_x_P40,7,28836,1,0.6189956473703057
BASE_x_P40,7,34035,1,0.8167320059888104
BASE_x_P40,7,35136,1,0.7548056638198339
BASE_x_P40,7,36502,0,0.4402399764541886
BASE_x_P40,7,41002,1,0.6367948707021569
BASE_x_P40,7,43310,1,0.9002990114637938
BASE_x_P40,7,60519,1,0.8544636977484835
BASE_x_P40,7,60769,1,0.7404411660649758
BASE_x_P40,7,63449,0,0.5380187112718882
BASE_x_P40,7,74146,0,0.7314068917625434
BASE_x_P40,7,89847,1,0.6332934902139497
BASE_x_P40,7,90722,1,0.7520700564848367
BASE_x_P40,7,95082,1,0.8695357090341528
BASE_x_P40,7,105772,1,0.754065561063767
BASE_x_P40,7,108335,0,0.24814996110099652
BASE_x_P40,7,112715,1,0.8376329881250725
BASE_x_P40,7,127579,0,0.22924553793916025
BASE_x_P40,7,131155,1,0.37958628955163803
BASE_x_P40,7,141620,1,0.6416922236744551
BASE_x_P40,7,157449,1,0.7649045536424868
BASE_x_P40,7,160103,1,0.690324910208492
BASE_x_P40,7,169727,0,0.7899353058730222
BASE_x_P40,7,171833,1,0.8326461300958709
BASE_x_P40,7,176133,1,0.6918557999245902
BASE_x_P40,7,177730,1,0.6473962742821981
BASE_x_P40,7,178838,1,0.49924618186823677
BASE_x_P40,7,180209,0,0.37050443922511533
BASE_x_P40,7,180368,1,0.6171783489984547
BASE_x_P40,7,182595,0,0.5367512465196663
BASE_x_P40,7,183204,0,0.5162868606554508
BASE_x_P40,7,184161,1,0.7967813794885672
BASE_x_P40,7,184704,0,0.5595511818686341
BASE_x_P40,7,184936,1,0.6609840112621828
BASE_x_P40,7,186257,0,0.3354404672589226
BASE_x_P40,7,188271,1,0.7779593383124166
BASE_x_P40,7,189685,0,0.46006462041103996
BASE_x_P40,7,202039,0,0.6429128620021397
BASE_x_P40,7,202748,1,0.7960943670721522
BASE_x_P40,7,205829,1,0.8266417462234743
BASE_x_P40,7,206005,0,0.24325558552194665
BASE_x_P40,7,211001,0,0.3628134119658027
BASE_x_P40,7,214273,1,0.8347229541457137
BASE_x_P40,7,215052,0,0.18784392092210317
BASE_x_P40,7,223954,1,0.7830028661640642
BASE_x_P40,7,226610,1,0.6850861319286932
BASE_x_P40,7,237953,1,0.6594149001171499
BASE_x_P40,7,250983,0,0.777572809211883
BASE_x_P40,7,253611,0,0.2747061156975324
BASE_x_P40,7,269426,1,0.7793418950284341
BASE_x_P40,7,271131,1,0.5544277514438387
BASE_x_P40,7,274179,0,0.7062184284438289
BASE_x_P40,7,274322,1,0.6073394817337081
BASE_x_P40,7,274932,1,0.6309222002776089
BASE_x_P40,7,275744,1,0.24809743207345847
BASE_x_P40,7,278009,1,0.35883807293506825
BASE_x_P40,7,278485,0,0.19654589312820303
BASE_x_P40,7,278688,0,0.4849043915464169
BASE_x_P40,7,279972,0,0.5864421229408662
BASE_x_P40,7,280650,1,0.9108763398837296
BASE_x_P40,7,281433,1,0.8092408289917641
BASE_x_P40,7,285173,1,0.7566396700606215
BASE_x_P40,7,286230,1,0.8167862251276019
BASE_x_P40,7,286403,1,0.7255742565724219
BASE_x_P40,7,290974,0,0.5367588310867583
BASE_x_P40,7,295284,0,0.45108498879656694
BASE_x_P40,7,297071,1,0.5531150261764601
BASE_x_P40,7,298252,0,0.1484652719052063
BASE_x_P40,7,298955,0,0.6697279632008677
BASE_x_P40,7,303683,0,0.28650819937208305
BASE_x_P40,7,306630,0,0.5968776227655813
BASE_x_P40,7,308485,0,0.5165724989365764
BASE_x_P40,7,309228,1,0.8577071255777621
BASE_x_P40,7,314668,1,0.5049587686836269
BASE_x_P40,7,315569,1,0.8700419868271909
BASE_x_P40,7,316099,0,0.44168552630629376
BASE_x_P40,7,319549,1,0.6358247668326942
BASE_x_P40,7,320374,0,0.40536927418584634
BASE_x_P40,7,321989,1,0.7204198935286966
BASE_x_P40,7,331561,0,0.6813301559631594
BASE_x_P40,7,332959,0,0.44995031569874677
BASE_x_P40,7,338273,1,0.5641550566656603
BASE_x_P40,7,341743,1,0.8289600316357191
BASE_x_P40,7,361916,1,0.6733651538345007
BASE_x_P40,7,369915,1,0.6921040613810395
BASE_x_P40,7,370843,1,0.7079146984077592
BASE_x_P40,7,376880,1,0.48129387180711786
BASE_x_P40,7,387760,1,0.6313708130950063
BASE_x_P40,7,397850,0,0.6524414821016977
BASE_x_P40,7,397908,0,0.3486014739792514
BASE_x_P40,7,398007,1,0.5864605204983147
BASE_x_P40,7,398520,1,0.9080029723491938
BASE_x_P40,7,400980,1,0.9215730858846258
BASE_x_P40,7,402051,0,0.3521505717803139
BASE_x_P40,7,408105,0,0.7110722485361858
BASE_x_P40,7,413865,1,0.7108966177641649
BASE_x_P40,7,416249,1,0.5863417363215996
BASE_x_P40,7,419522,1,0.7056999897692791
BASE_x_P40,7,419629,1,0.865911991824762
BASE_x_P40,7,421437,0,0.3057414682963552
BASE_x_P40,7,432906,1,0.745530982873402
BASE_x_P40,7,439090,1,0.24957480138569907
BASE_x_P40,7,440161,1,0.6987143620629365
BASE_x_P40,7,451600,1,0.5044506142008952
BASE_x_P40,7,457179,1,0.8520824307375041
BASE_x_P40,7,460580,1,0.5950114336539313
BASE_x_P40,7,469078,1,0.39585227405912204
BASE_x_P40,7,469812,0,0.5723956562467076
BASE_x_P40,7,470865,1,0.7307325222487923
BASE_x_P40,7,471227,0,0.49543871044715126
BASE_x_P40,7,471363,1,0.4576714549532693
BASE_x_P40,7,474221,0,0.7099069591121947
BASE_x_P40,7,474709,1,0.7610796831916702
BASE_x_P40,7,485608,1,0.8122883720928132
BASE_x_P40,7,486892,0,0.5347426478200054
BASE_x_P40,7,490630,1,0.36806337178543186
BASE_x_P40,7,490818,1,0.6595058065256235
BASE_x_P40,7,490962,1,0.8491610026824082
BASE_x_P40,7,493092,1,0.4703801618129628
BASE_x_P40,7,493415,1,0.7057883987549216
BASE_x_P40,7,498774,1,0.7280792569571269
BASE_x_P40,7,502077,1,0.5345706386215239
BASE_x_P40,7,502585,0,0.3204623711702776
BASE_x_P40,7,504525,0,0.44443124011357726
BASE_x_P40,7,506609,1,0.7138520371804299
BASE_x_P40,7,508449,0,0.43055743989652767
BASE_x_P40,7,510372,1,0.4424810745787617
BASE_x_P40,7,512180,1,0.7657321924375259
BASE_x_P40,7,527314,1,0.8396290697811924
BASE_x_P40,7,531815,0,0.5688993726890914
BASE_x_P40,7,532148,1,0.5712448072951398
BASE_x_P40,7,532533,1,0.6964650051503104
BASE_x_P40,7,533901,1,0.7772239398427335
BASE_x_P40,7,536867,0,0.38658802950921783
BASE_x_P40,7,544864,1,0.43096038304030626
BASE_x_P40,7,545205,0,0.3475366997854412
BASE_x_P40,7,546258,1,0.830272457226881
BASE_x_P40,7,550892,1,0.7304070231135971
BASE_x_P40,7,553161,0,0.8620574482966338
BASE_x_P40,7,554960,0,0.43505446610356946
BASE_x_P40,7,570135,0,0.48586592746127993
BASE_x_P40,7,579106,1,0.6107559906347472
BASE_x_P40,7,581598,1,0.8504198887856744
BASE_x_P40,7,586714,1,0.6354800781838578
BASE_x_P40,7,596841,1,0.7338333628358494
BASE_x_P40,7,597579,1,0.5269605442013564
BASE_x_P40,7,600546,1,0.5347680855720401
BASE_x_P40,7,602165,1,0.4606946561423772
BASE_x_P40,7,603431,1,0.6000289214281124
BASE_x_P40,7,608068,1,0.4248893465249759
BASE_x_P40,7,608537,1,0.5026336859676223
BASE_x_P40,7,644443,1,0.7864354805452856
BASE_x_P40,7,648709,0,0.39157301595310406
BASE_x_P40,7,652279,0,0.33014019876329503
BASE_x_P40,7,653268,1,0.616974042724395
BASE_x_P40,7,656122,1,0.4039902298934949
BASE_x_P40,7,656138,1,0.6725043608206762
BASE_x_P40,7,660533,0,0.5205632260995732
BASE_x_P40,7,663548,1,0.5855378580377181
BASE_x_P40,7,671705,1,0.40421237152688383
BASE_x_P40,7,675115,1,0.7680620696753967
BASE_x_P40,7,677683,1,0.16651897281415992
BASE_x_P40,7,682303,1,0.6749440117339308
BASE_x_P40,7,682914,1,0.6865868126377476
BASE_x_P40,7,687171,1,0.4963556513015264
BASE_x_P40,7,690019,0,0.5899817399365945
BASE_x_P40,7,693326,1,0.7464201656061685
BASE_x_P40,7,697961,1,0.8672300528360211
BASE_x_P40,7,698579,1,0.8414505888304508
BASE_x_P40,7,699877,0,0.5274945273768877
BASE_x_P40,7,700550,1,0.6056854786540592
BASE_x_P40,7,703048,0,0.7703527704787099
BASE_x_P40,7,708388,1,0.6588331866867668
BASE_x_P40,7,713883,1,0.3184106411589557
BASE_x_P40,7,719188,1,0.7353971696461926
BASE_x_P40,7,719786,0,0.3649616605947601
BASE_x_P40,7,728929,1,0.5049533671229673
BASE_x_P40,7,731117,1,0.6374556061401
BASE_x_P40,7,738172,0,0.47494579167416995
BASE_x_P40,7,740484,0,0.490801737706391
BASE_x_P40,7,743121,1,0.6859072799575161
BASE_x_P40,7,743852,1,0.5442863428871724
BASE_x_P40,7,749211,0,0.45561178315729506
BASE_x_P40,7,750881,0,0.6023672504312066
BASE_x_P40,7,760356,1,0.38212549339822777
BASE_x_P40,7,761089,0,0.41523662125260236
BASE_x_P40,7,763893,0,0.4028948451530317
BASE_x_P40,7,767236,0,0.6455878803316515
BASE_x_P40,7,771927,1,0.8685000770431985
BASE_x_P40,7,777118,1,0.652892304138394
BASE_x_P40,7,780355,1,0.7074755428205554
BASE_x_P40,7,782509,1,0.5308475823004358
BASE_x_P40,7,783025,1,0.7612126436189877
BASE_x_P40,7,783835,0,0.499964678549305
BASE_x_P40,7,803606,1,0.7178549899177509
BASE_x_P40,7,806887,0,0.5691398933733397
BASE_x_P40,7,809238,0,0.7484860320313474
BASE_x_P40,7,811782,0,0.5702862022603871
BASE_x_P40,7,818099,0,0.5748853513587565
BASE_x_P40,7,818267,1,0.7262101031738425
BASE_x_P40,7,820530,1,0.6272084975583715
BASE_x_P40,7,823546,0,0.7012582021265517
BASE_x_P40,7,826631,0,0.32281023413338794
BASE_x_P40,7,829951,1,0.5439425833999197
BASE_x_P40,7,831720,0,0.5148520645904849
BASE_x_P40,7,835135,1,0.7201031693945827
BASE_x_P40,7,835716,0,0.5420769683930089
BASE_x_P40,7,836931,1,0.6094930300791253
BASE_x_P40,7,848998,0,0.6749900923974269
BASE_x_P40,7,851639,1,0.6822386883230156
BASE_x_P40,7,853023,1,0.6981830581938009
BASE_x_P40,7,858119,0,0.5751828089866868
BASE_x_P40,7,859109,1,0.7637339581815052
BASE_x_P40,7,859236,0,0.38163600683750754
BASE_x_P40,7,860381,0,0.43549506313025
BASE_x_P40,7,868368,1,0.45816870266886395
BASE_x_P40,7,869519,1,0.3238344372137828
BASE_x_P40,7,870739,1,0.7635933970161549
BASE_x_P40,7,885157,1,0.6656836991708941
BASE_x_P40,7,888443,0,0.1297628865567776
BASE_x_P40,7,899067,0,0.22590069165984766
BASE_x_P40,7,900957,1,0.8330282525280517
BASE_x_P40,7,941393,0,0.49955850662581397
BASE_x_P40,7,944315,0,0.6337926390896148
BASE_x_P40,7,951246,0,0.2952184772310572
BASE_x_P40,7,951659,1,0.8472173990994949
BASE_x_P40,7,951846,0,0.3566591180395659
BASE_x_P40,7,958048,1,0.7014934216690049
BASE_x_P40,7,959771,1,0.9199475791839653
BASE_x_P40,7,963182,1,0.6351509557444374
BASE_x_P40,7,963985,1,0.7498979969562497
BASE_x_P40,7,966701,0,0.6686267315595933
BASE_x_P40,7,970382,1,0.8748862666376498
BASE_x_P40,7,970464,1,0.6878562893324464
BASE_x_P40,7,972111,0,0.565856148838965
BASE_x_P40,7,976220,1,0.7349062599788805
BASE_x_P40,7,976735,1,0.3853326315650803
BASE_x_P40,7,977714,1,0.7611681948368333
BASE_x_P40,7,984395,1,0.3767768772135486
BASE_x_P40,7,984568,1,0.41126918413483404
BASE_x_P40,7,986829,1,0.5972384995376357
BASE_x_P40,7,990528,0,0.48595649097154386
BASE_x_P40,7,991060,1,0.8626840510535686
BASE_x_P40,7,991197,0,0.8235304573583656
BASE_x_P40,7,994895,1,0.8106830291865345
BASE_x_P40,7,996219,0,0.5317464485743254
BASE_x_P40,7,999836,1,0.7860816411549204
BASE_x_P40,7,1002439,1,0.6947370834799307
BASE_x_P40,7,1002906,0,0.6444035721603911
BASE_x_P40,7,1007013,1,0.5640556468926439
BASE_x_P40,7,1007757,1,0.29340903435574656
BASE_x_P40,7,1021541,1,0.4545047228266018
BASE_x_P40,7,1029192,1,0.8284523166929995
BASE_x_P40,7,1029373,1,0.5718910423387732
BASE_x_P40,7,1048580,1,0.7176747143474469
BASE_x_P40,7,1054838,0,0.6382362846037921
BASE_x_P40,7,1061350,0,0.4152823669144203
BASE_x_P40,7,1067406,1,0.5097034790648245
BASE_x_P40,7,1067518,1,0.592099573000072
BASE_x_P40,7,1068119,1,0.5329258544042981
BASE_x_P40,7,1069003,0,0.4891861215710895
BASE_x_P40,7,1071049,1,0.45741247129083745
BASE_x_P40,7,1071527,1,0.6321255020005867
BASE_x_P40,7,1071949,1,0.703795726431284
BASE_x_P40,7,1072850,1,0.8270564907265145
BASE_x_P40,7,1073232,0,0.5833951877427805
BASE_x_P40,7,1073751,1,0.6252740389345692
BASE_x_P40,7,1074306,1,0.669752574323658
BASE_x_P40,7,1074618,1,0.5501752713268657
BASE_x_P40,7,1076650,1,0.7236339272369967
BASE_x_P40,7,1076995,0,0.44354272376170834
BASE_x_P40,7,1077371,0,0.3494337586878735
BASE_x_P40,7,1077703,1,0.6667347942038365
BASE_x_P40,7,1078893,0,0.480103019701543
BASE_x_P40,7,1079527,1,0.48767981572160446
BASE_x_P40,7,1079540,0,0.4188733264649854
BASE_x_P40,7,1082670,1,0.7790942697852007
BASE_x_P40,7,1082847,1,0.6978872604752077
BASE_x_P40,7,1084267,1,0.7608897651440575
BASE_x_P40,7,1084630,1,0.7603426298773812
BASE_x_P40,7,1085697,0,0.6052302095224773
BASE_x_P40,7,1086158,0,0.4499172064407103
BASE_x_P40,7,1086528,0,0.44671438160564925
BASE_x_P40,7,1091111,1,0.5801404862069115
BASE_x_P40,7,1092848,1,0.5386659194048032
BASE_x_P40,7,1092889,1,0.747041180584755
BASE_x_P40,7,1093742,1,0.6637798736162652
BASE_x_P40,7,1093743,0,0.23780922892070047
BASE_x_P40,7,1094030,1,0.7134341907895922
BASE_x_P40,7,1095404,1,0.7783023411836341
BASE_x_P40,7,1095415,1,0.7088858629275612
BASE_x_P40,7,1096586,0,0.30316076238949957
BASE_x_P40,7,1097316,1,0.6055857129812384
BASE_x_P40,7,1098043,0,0.7403270110407969
BASE_x_P40,7,1099159,1,0.7864713042637689
BASE_x_P40,7,1099234,1,0.7105873699342746
BASE_x_P40,7,1099660,1,0.6559410387036987
BASE_x_P40,7,1100624,1,0.6594241750420572
BASE_x_P40,7,1101062,0,0.6568312680729066
BASE_x_P40,7,1102060,1,0.9102295354044889
BASE_x_P40,7,1102314,1,0.7503516490270482
BASE_x_P40,7,1104438,1,0.6309944000208237
BASE_x_P40,7,1105241,0,0.49298494036346435
BASE_x_P40,7,1105431,1,0.6874088305323302
BASE_x_P40,7,1105510,1,0.7895488215552556
BASE_x_P40,7,1105913,1,0.7500207580519647
BASE_x_P40,7,1106738,1,0.6821344612840329
BASE_x_P40,7,1106784,1,0.49957548882861175
BASE_x_P40,7,1108706,1,0.665780403852675
BASE_x_P40,7,1109829,1,0.7775777408253484
BASE_x_P40,7,1109983,1,0.885155032837463
BASE_x_P40,7,1111098,1,0.42593986808320755
BASE_x_P40,7,1112111,1,0.5654621881055008
BASE_x_P40,7,1112238,1,0.45763984267119134
BASE_x_P40,7,1112425,1,0.5520361058282366
BASE_x_P40,7,1113294,1,0.7626995920387664
BASE_x_P40,7,1113606,1,0.8548705302227196
BASE_x_P40,7,1114319,0,0.46044152207849876
BASE_x_P40,7,1115212,1,0.556687033218667
BASE_x_P40,7,1115316,1,0.7833962371379009
BASE_x_P40,7,1115713,1,0.5613843385180752
BASE_x_P40,7,1116479,0,0.7264918529952397
BASE_x_P40,7,1116516,0,0.6050884841436881
BASE_x_P40,7,1116926,1,0.7761620894776726
BASE_x_P40,7,1117243,1,0.8162341901583743
BASE_x_P40,7,1117869,1,0.676762817240568
BASE_x_P40,7,1118436,1,0.8688434717123963
BASE_x_P40,7,1118652,0,0.17077903850662213
BASE_x_P40,7,1118773,0,0.35328953714452743
BASE_x_P40,7,1118849,1,0.7075210330114122
BASE_x_P40,7,1119067,1,0.6462908729950745
BASE_x_P40,7,1119508,0,0.6598296610065292
BASE_x_P40,7,1119526,1,0.43814333811639644
BASE_x_P40,7,1119905,1,0.5887914164398582
BASE_x_P40,7,1120775,1,0.3574905789620118
BASE_x_P40,7,1120836,1,0.8707421747255344
BASE_x_P40,7,1121493,0,0.21935447593831894
BASE_x_P40,7,1121914,1,0.7627151384720208
BASE_x_P40,7,1121926,1,0.5748009614002748
BASE_x_P40,7,1122185,1,0.4456740390684398
BASE_x_P40,7,1122760,0,0.2685877172056125
BASE_x_P40,7,1123015,0,0.7095730291913894
BASE_x_P40,7,1123435,1,0.5190518991036397
BASE_x_P40,7,1123484,0,0.4746751477982526
BASE_x_P40,7,1123500,1,0.5976206896957612
BASE_x_P40,7,1123989,1,0.41815735386518404
BASE_x_P40,7,1124095,1,0.5159547195667253
BASE_x_P40,7,1124468,1,0.5610242157396095
BASE_x_P40,7,1124484,0,0.18277749732379264
BASE_x_P40,7,1124495,1,0.5594516420036538
BASE_x_P40,7,1125163,1,0.48350309152821586
BASE_x_P40,7,1125189,0,0.4568331140173976
BASE_x_P40,7,1125442,1,0.8564808321996727
BASE_x_P40,7,1125899,1,0.5575513855398269
BASE_x_P40,7,1126146,0,0.24153807904499824
BASE_x_P40,7,1126637,0,0.7254850495810118
BASE_x_P40,7,1127233,0,0.5885644287338085
BASE_x_P40,7,1127820,1,0.7539956042850305
BASE_x_P40,7,1128028,1,0.5507331574108012
BASE_x_P40,7,1128467,1,0.5104853307842522
BASE_x_P40,7,1129979,1,0.6751390291721391
BASE_x_P40,7,1130043,1,0.6063618323241587
BASE_x_P40,7,1130697,1,0.7958148149383482
BASE_x_P40,7,1131386,1,0.48159846442289395
BASE_x_P40,7,1131831,1,0.7842710234768298
BASE_x_P40,7,1132286,0,0.6598992187981125
BASE_x_P40,7,1132536,0,0.6827197026507396
BASE_x_P40,7,1132874,1,0.8772177903898374
BASE_x_P40,7,1133028,1,0.45228069168726415
BASE_x_P40,7,1133211,1,0.36786803304272303
BASE_x_P40,7,1133467,1,0.7474673855386598
BASE_x_P40,7,1133778,1,0.9199614669724864
BASE_x_P40,7,1134855,0,0.2538413382951647
BASE_x_P40,7,1135004,0,0.6460050728607979
BASE_x_P40,7,1135241,0,0.6408232606974876
BASE_x_P40,7,1135626,1,0.6386651601275833
BASE_x_P40,7,1136569,0,0.27475923955616766
BASE_x_P40,7,1136675,1,0.3928367675952466
BASE_x_P40,7,1136723,0,0.25065196627432046
BASE_x_P40,7,1136946,0,0.23414779068025265
BASE_x_P40,7,1137897,1,0.6486232526469985
BASE_x_P40,7,1137968,0,0.4017267965867326
BASE_x_P40,7,1138321,1,0.7524113873450983
BASE_x_P40,7,1139249,1,0.267473083133928
BASE_x_P40,7,1139587,1,0.7657454602273647
BASE_x_P40,7,1139688,1,0.6336823027167077
BASE_x_P40,7,1141311,0,0.7056499065714038
BASE_x_P40,7,1142031,1,0.639311790560491
BASE_x_P40,7,1142051,1,0.611245839739698
BASE_x_P40,7,1142355,0,0.42069323386305674
BASE_x_P40,7,1142724,0,0.4972526726861844
BASE_x_P40,7,1143113,1,0.6591566778945424
BASE_x_P40,7,1143550,1,0.7848307804702267
BASE_x_P40,7,1144028,0,0.5387623745396849
BASE_x_P40,7,1144792,0,0.4400364111558235
BASE_x_P40,7,1146108,0,0.2756424331474106
BASE_x_P40,7,1146488,0,0.5810861153328658
BASE_x_P40,7,1147525,1,0.7635398537163496
BASE_x_P40,7,1149201,1,0.23668079198847447
BASE_x_P40,7,1149825,1,0.44390009228678395
BASE_x_P40,7,1150400,1,0.36254928386920826
BASE_x_P40,7,1150490,1,0.6458477195578007
BASE_x_P40,7,1151486,1,0.7086792383143187
BASE_x_P40,7,1153399,1,0.6799215607946578
BASE_x_P40,7,1153516,0,0.29655387600882993
BASE_x_P40,7,1153690,1,0.8880906242994763
BASE_x_P40,7,1153779,1,0.4242750610125951
BASE_x_P40,7,1154492,1,0.451133349994892
BASE_x_P40,7,1154576,1,0.34866114979565976
BASE_x_P40,7,1154652,0,0.3809040936853293
BASE_x_P40,7,1154693,0,0.7729788274585339
BASE_x_P40,7,1156023,1,0.42587736989263375
BASE_x_P40,7,1156904,1,0.3694164284664457
BASE_x_P40,7,1157238,0,0.57267691553194
BASE_x_P40,7,1157284,0,0.45586170579934654
BASE_x_P40,7,1157440,0,0.5652717960733523
BASE_x_P40,7,1205937,0,0.22098404724174153
BASE_x_P40,7,1206184,1,0.3364640808086645
BASE_x_P40,7,1206310,1,0.34594974542806156
BASE_x_P40,7,1206411,1,0.794038272688276
BASE_x_P40,7,1206652,1,0.8246071796037083
BASE_x_P40,7,1207434,1,0.5048875161022306
BASE_x_P40,7,1207435,1,0.7537932218517868
BASE_x_P40,7,1208422,1,0.5173623312028702
BASE_x_P40,7,1209699,0,0.5236326190597521
BASE_x_P40,7,1209935,0,0.19301157777540254
BASE_x_P40,7,1210639,1,0.8150062464920808
BASE_x_P40,7,1210663,1,0.5952020996041187
BASE_x_P40,7,1210781,0,0.6707640756679447
BASE_x_P40,7,1211001,1,0.8510304789864833
BASE_x_P40,7,1211297,1,0.5146878289052692
BASE_x_P40,7,1211380,1,0.32716454947098017
BASE_x_P40,7,1211740,1,0.6960098049201838
BASE_x_P40,7,1211895,1,0.6654198642965288
BASE_x_P40,7,1212278,0,0.6253656120327773
BASE_x_P40,7,1212394,1,0.40783268675610523
BASE_x_P40,7,1212601,1,0.3118167665815727
BASE_x_P40,7,1213121,1,0.20855894863683078
BASE_x_P40,7,1213344,1,0.38871638088042004
BASE_x_P40,7,1213526,1,0.7834625285480591
BASE_x_P40,7,1213631,0,0.6336690993475431
BASE_x_P40,7,1213667,0,0.30851629363775684
BASE_x_P40,7,1213716,1,0.7948204206482012
BASE_x_P40,7,1214063,1,0.44461493647556405
BASE_x_P40,7,1214739,0,0.4229588250193163
BASE_x_P40,7,1214861,1,0.9470632899600446
BASE_x_P40,7,1215420,1,0.5875689737422941
BASE_x_P40,7,1215452,0,0.419021376785044
BASE_x_P40,7,1216045,1,0.7657226879768168
BASE_x_P40,7,1216076,1,0.5654328410970022
BASE_x_P40,7,1216293,1,0.588105564098843
BASE_x_P40,7,1217051,1,0.6204467357042419
BASE_x_P40,7,1217415,1,0.7022343652524756
BASE_x_P40,7,1217724,0,0.484083647666816
BASE_x_P40,7,1218288,1,0.42338863722944775
BASE_x_P40,7,1218335,1,0.6197779173425819
BASE_x_P40,7,1218726,1,0.5116043683325541
BASE_x_P40,7,1219301,0,0.6467858613625143
BASE_x_P40,7,1219597,0,0.36789238976266014
BASE_x_P40,7,1219620,0,0.4176961400305761
BASE_x_P40,7,1219751,1,0.5987638978125167
BASE_x_P40,7,1219802,1,0.7091033052326887
BASE_x_P40,7,1219935,1,0.8829441455912398
BASE_x_P40,7,1220156,0,0.3977461879789687
BASE_x_P40,7,1220206,0,0.1966270710647997
BASE_x_P40,7,1220507,0,0.6385450423023105
BASE_x_P40,7,1220832,0,0.6391409348986151
BASE_x_P40,7,1220833,1,0.7459857225367125
BASE_x_P40,7,1220959,1,0.685882101810664
BASE_x_P40,7,1220988,0,0.203865683186793
BASE_x_P40,7,1221019,0,0.5905313945724796
BASE_x_P40,7,1221268,1,0.5635952491517486
BASE_x_P40,7,1221554,0,0.7128516911297662
BASE_x_P40,7,1221640,0,0.4467005820080561
BASE_x_P40,7,1221883,0,0.33771525540486136
BASE_x_P40,7,1222069,1,0.808712628194792
BASE_x_P40,7,1222711,1,0.41090012507482143
BASE_x_P40,7,1222907,1,0.8016702911510595
BASE_x_P40,7,1222988,1,0.7734071814324028
BASE_x_P40,7,1223383,1,0.7237478767524101
BASE_x_P40,7,1224094,0,0.2519094279598489
BASE_x_P40,7,1224519,1,0.6636252849989716
BASE_x_P40,7,1224568,1,0.5456047822053185
BASE_x_P40,7,1224767,0,0.5103632427997717
BASE_x_P40,7,1225050,0,0.37628322427795785
BASE_x_P40,7,1225262,1,0.7659409965222465
BASE_x_P40,7,1225388,0,0.6873291700314508
BASE_x_P40,7,1225493,0,0.35110180317025835
BASE_x_P40,7,1225635,1,0.8325486144811427
BASE_x_P40,7,1225672,1,0.7097925384528065
BASE_x_P40,7,1225914,0,0.4876178687163604
BASE_x_P40,7,1226794,0,0.32116358970952896
BASE_x_P40,7,1227138,0,0.33606186297246315
BASE_x_P40,7,1227195,1,0.8670097820559701
BASE_x_P40,7,1227414,0,0.6880470444626458
BASE_x_P40,7,1227597,0,0.3634006733943624
BASE_x_P40,7,1227900,1,0.5197253804149301
BASE_x_P40,7,1228050,0,0.2099344167754618
BASE_x_P40,7,1228824,1,0.532595880799951
BASE_x_P40,7,1230384,0,0.5998003529662865
BASE_x_P40,7,1230574,0,0.6660657196404898
BASE_x_P40,7,1231114,1,0.8563811768888462
BASE_x_P40,7,1231250,1,0.657456809884664
BASE_x_P40,7,1231638,1,0.8407656042940254
BASE_x_P40,7,1232028,0,0.20695369814368675
BASE_x_P40,7,1232062,0,0.28418706163800755
BASE_x_P40,7,1232273,1,0.7211852150836243
BASE_x_P40,7,1232478,1,0.7889289617951312
BASE_x_P40,7,1233084,1,0.6588690645753869
BASE_x_P40,7,1233203,1,0.6197202358265761
BASE_x_P40,7,1233618,0,0.6067843107706095
BASE_x_P40,7,1233777,1,0.7222513778945613
BASE_x_P40,7,1233783,1,0.8548778730666843
BASE_x_P40,7,1233879,0,0.4837099299680255
BASE_x_P40,7,1234275,1,0.5438661471368881
BASE_x_P40,7,1234413,1,0.34617443292652433
BASE_x_P40,7,1234461,1,0.7445250089417377
BASE_x_P40,7,1234703,1,0.6991795118789333
BASE_x_P40,7,1234862,0,0.5121976149537578
BASE_x_P40,7,1234875,1,0.8543840677292632
BASE_x_P40,7,1235217,0,0.5387172114947123
BASE_x_P40,7,1235650,0,0.6610997166258602
BASE_x_P40,7,1235714,1,0.6182914001617431
BASE_x_P40,7,1236063,0,0.7589981628130543
BASE_x_P40,7,1236656,0,0.5504038539865806
BASE_x_P40,7,1236751,1,0.5657219044134157
BASE_x_P40,7,1237033,1,0.5321557378486045
BASE_x_P40,7,1237241,1,0.5827057698957464
BASE_x_P40,7,1237352,1,0.2855939486550083
BASE_x_P40,7,1237491,1,0.8617481793502126
BASE_x_P40,7,1237508,1,0.4413344639068337
BASE_x_P40,7,1237716,0,0.36366669443558874
BASE_x_P40,7,1237822,1,0.8619355419927718
BASE_x_P40,7,1237832,1,0.6658913870658029
BASE_x_P40,7,1237956,0,0.2805786797465825
BASE_x_P40,7,1238001,0,0.6768166093603065
BASE_x_P40,7,1238156,1,0.6907586832558721
BASE_x_P40,7,1238174,1,0.5628498706220397
BASE_x_P40,7,1238497,1,0.4420035085763315
BASE_x_P40,7,1238501,0,0.4231452785262047
BASE_x_P40,7,1238523,1,0.6971347705827218
BASE_x_P40,7,1238835,1,0.8389271946247864
BASE_x_P40,7,1238999,1,0.4611434736788894
BASE_x_P40,7,1239099,0,0.6579444465871953
BASE_x_P40,7,1239148,0,0.3406915847964613
BASE_x_P40,7,1239693,0,0.4819535979136483
BASE_x_P40,7,1239701,0,0.6402916322174574
BASE_x_P40,7,1239881,1,0.6260980215219675
BASE_x_P40,7,1239936,0,0.5321037373054494
BASE_x_P40,7,1240143,1,0.6328389365347069
BASE_x_P40,7,1240282,0,0.5030858103202934
BASE_x_P40,7,1240423,1,0.750954084625383
BASE_x_P40,7,1240598,1,0.7193509963498446
BASE_x_P40,7,1240710,1,0.5274936710905422
BASE_x_P40,7,1240769,0,0.6586979050375555
BASE_x_P40,7,1240926,1,0.8405792223937452
BASE_x_P40,7,1241018,1,0.6482210892876793
BASE_x_P40,7,1241090,0,0.30086569898093846
BASE_x_P40,7,1241318,1,0.32020306882034105
BASE_x_P40,7,1241625,0,0.6215772858495918
BASE_x_P40,7,1241779,1,0.5505196044458507
BASE_x_P40,7,1241954,1,0.6220471269403522
BASE_x_P40,7,1242264,0,0.50831322280294
BASE_x_P40,7,1242424,1,0.7392047953879785
BASE_x_P40,7,1242755,0,0.575303362949256
BASE_x_P40,7,1242835,1,0.659454558134284
BASE_x_P40,7,1243018,1,0.43422728792276927
BASE_x_P40,7,1243427,1,0.3267786417742043
BASE_x_P40,7,1243582,0,0.30111579199311866
BASE_x_P40,7,1243802,0,0.7589046084528652
BASE_x_P40,7,1246490,1,0.77944026355222
BASE_x_P40,8,4993,1,0.6111084584287942
BASE_x_P40,8,13412,1,0.5770633869475268
BASE_x_P40,8,28836,1,0.5746972275601191
BASE_x_P40,8,31934,1,0.476760649681753
BASE_x_P40,8,34146,1,0.4778571800255464
BASE_x_P40,8,34233,0,0.39199398568348137
BASE_x_P40,8,36502,0,0.3724366703993455
BASE_x_P40,8,42331,1,0.8410070299855683
BASE_x_P40,8,42858,0,0.44891594168532584
BASE_x_P40,8,47652,1,0.8940720988006136
BASE_x_P40,8,48545,0,0.2486735525099924
BASE_x_P40,8,52327,1,0.819295403104256
BASE_x_P40,8,52433,1,0.7042415003507143
BASE_x_P40,8,56635,0,0.5104778810094305
BASE_x_P40,8,58630,1,0.593254745592537
BASE_x_P40,8,60519,1,0.7811057745435991
BASE_x_P40,8,61752,1,0.8399109368126547
BASE_x_P40,8,66226,1,0.7508241692899431
BASE_x_P40,8,70147,0,0.6157891561795943
BASE_x_P40,8,75558,1,0.5407112098035893
BASE_x_P40,8,86310,1,0.6260148912789285
BASE_x_P40,8,86840,1,0.6201332773611136
BASE_x_P40,8,90722,1,0.811095255142654
BASE_x_P40,8,91249,1,0.36308630643789797
BASE_x_P40,8,95082,1,0.8831703567023469
BASE_x_P40,8,99452,0,0.3011173464148563
BASE_x_P40,8,112047,1,0.6934795878539279
BASE_x_P40,8,121204,0,0.7203503382761072
BASE_x_P40,8,121744,1,0.696775459606527
BASE_x_P40,8,128956,1,0.88870727707186
BASE_x_P40,8,136645,1,0.693154081580556
BASE_x_P40,8,143353,1,0.6929786623026746
BASE_x_P40,8,143454,0,0.7364532919295731
BASE_x_P40,8,144703,1,0.7128972285628603
BASE_x_P40,8,147982,1,0.5036628985356905
BASE_x_P40,8,160197,1,0.38054404153084986
BASE_x_P40,8,160524,0,0.34861881951681867
BASE_x_P40,8,164362,1,0.5727468822278063
BASE_x_P40,8,167183,1,0.5630606899519729
BASE_x_P40,8,171896,1,0.7215112232012701
BASE_x_P40,8,172578,1,0.7816957967605195
BASE_x_P40,8,174626,1,0.6784771105064457
BASE_x_P40,8,177730,1,0.5647198644591923
BASE_x_P40,8,180933,1,0.4545848076826249
BASE_x_P40,8,184874,1,0.6337213818506112
BASE_x_P40,8,188271,1,0.771020888218877
BASE_x_P40,8,193149,0,0.8205301771886134
BASE_x_P40,8,196058,1,0.7161076897757797
BASE_x_P40,8,199037,1,0.5132509597521537
BASE_x_P40,8,199177,0,0.404086347405794
BASE_x_P40,8,203211,0,0.3746926468956034
BASE_x_P40,8,219309,1,0.5705861028885206
BASE_x_P40,8,223585,1,0.5777160830233347
BASE_x_P40,8,232490,0,0.3618507130908675
BASE_x_P40,8,240229,0,0.3405318949631566
BASE_x_P40,8,270608,0,0.5327128370086538
BASE_x_P40,8,272772,1,0.750601513347586
BASE_x_P40,8,273148,1,0.8709789843797208
BASE_x_P40,8,273826,1,0.6193585063473972
BASE_x_P40,8,274179,0,0.6836113293886945
BASE_x_P40,8,274345,0,0.19038625344847063
BASE_x_P40,8,275744,1,0.358968660033555
BASE_x_P40,8,278485,0,0.22665015994187712
BASE_x_P40,8,289992,1,0.894255799105523
BASE_x_P40,8,292872,0,0.4086095092930791
BASE_x_P40,8,293922,0,0.6323037446384447
BASE_x_P40,8,297187,0,0.5751284487575276
BASE_x_P40,8,297709,0,0.27979532224274206
BASE_x_P40,8,298252,0,0.06338995183180643
BASE_x_P40,8,298561,1,0.713103268671222
BASE_x_P40,8,304753,1,0.749920321781305
BASE_x_P40,8,310464,1,0.4769494043625047
BASE_x_P40,8,316099,0,0.4127112284189048
BASE_x_P40,8,319549,1,0.6016890177726236
BASE_x_P40,8,320374,0,0.431131100018721
BASE_x_P40,8,323320,0,0.4422902835726356
BASE_x_P40,8,323797,0,0.4829109385447729
BASE_x_P40,8,330071,0,0.6270897784430803
BASE_x_P40,8,332959,0,0.41043372719339566
BASE_x_P40,8,334461,1,0.33263203667704744
BASE_x_P40,8,336907,0,0.5605632115242702
BASE_x_P40,8,337710,1,0.45053879007748887
BASE_x_P40,8,339319,1,0.8635048201662086
BASE_x_P40,8,348988,1,0.8018837372361399
BASE_x_P40,8,358239,1,0.7828401555355687
BASE_x_P40,8,359014,0,0.7090838353347984
BASE_x_P40,8,360745,1,0.6059930527444777
BASE_x_P40,8,366082,1,0.7047049262369653
BASE_x_P40,8,366344,0,0.6151092100865976
BASE_x_P40,8,367930,1,0.4935990389151311
BASE_x_P40,8,383626,1,0.7836057208620957
BASE_x_P40,8,384429,0,0.5193128889736864
BASE_x_P40,8,400416,0,0.571063336519612
BASE_x_P40,8,402051,0,0.394705546164118
BASE_x_P40,8,402349,0,0.37778652260352497
BASE_x_P40,8,402720,1,0.7381100013184149
BASE_x_P40,8,403399,0,0.5007596353730392
BASE_x_P40,8,406676,1,0.547319730393244
BASE_x_P40,8,409579,1,0.5282246598710296
BASE_x_P40,8,409952,1,0.9071776942471853
BASE_x_P40,8,415824,1,0.3619903679265539
BASE_x_P40,8,419138,0,0.359747751279832
BASE_x_P40,8,420633,1,0.6681899727838727
BASE_x_P40,8,421437,0,0.2849785552175301
BASE_x_P40,8,435249,1,0.8460468094932417
BASE_x_P40,8,437766,0,0.42272611401595017
BASE_x_P40,8,438536,0,0.6407895117332302
BASE_x_P40,8,448027,0,0.5444816290112753
BASE_x_P40,8,451600,1,0.46050017999449766
BASE_x_P40,8,457179,1,0.8946266813535694
BASE_x_P40,8,464118,0,0.5407728413461887
BASE_x_P40,8,471955,1,0.6343907051478915
BASE_x_P40,8,475921,0,0.5490607260053035
BASE_x_P40,8,480708,1,0.8091953927669564
BASE_x_P40,8,487515,1,0.8473841014373579
BASE_x_P40,8,490630,1,0.4163229684792518
BASE_x_P40,8,508244,0,0.18003696225170224
BASE_x_P40,8,510372,1,0.40039349265540375
BASE_x_P40,8,513568,0,0.33251967595711845
BASE_x_P40,8,525262,0,0.6246439472909888
BASE_x_P40,8,525973,0,0.664840948519019
BASE_x_P40,8,527314,1,0.8199542335340853
BASE_x_P40,8,528647,1,0.8647963209626675
BASE_x_P40,8,536216,1,0.7944258932907576
BASE_x_P40,8,544864,1,0.43452361488125996
BASE_x_P40,8,548749,1,0.7149076039673821
BASE_x_P40,8,550393,1,0.7006011800750465
BASE_x_P40,8,550790,0,0.41977563724754696
BASE_x_P40,8,550892,1,0.7263860499430078
BASE_x_P40,8,553161,0,0.8817377402845701
BASE_x_P40,8,558899,1,0.7557862690913215
BASE_x_P40,8,564394,0,0.2637483361509933
BASE_x_P40,8,565908,0,0.6158299077515785
BASE_x_P40,8,568516,0,0.2932025420309362
BASE_x_P40,8,573710,1,0.6866650937316697
BASE_x_P40,8,575730,0,0.3875559011516643
BASE_x_P40,8,581414,1,0.22927950673682207
BASE_x_P40,8,588986,1,0.6099744810357571
BASE_x_P40,8,589233,1,0.7032039869050035
BASE_x_P40,8,589857,0,0.3150307962377277
BASE_x_P40,8,595099,0,0.6119884556267434
BASE_x_P40,8,596051,1,0.6251621258984091
BASE_x_P40,8,596437,0,0.6806053208787861
BASE_x_P40,8,597579,1,0.5755350834309589
BASE_x_P40,8,598165,1,0.45396180917540013
BASE_x_P40,8,612720,1,0.7581041640333693
BASE_x_P40,8,614481,0,0.35232117033912663
BASE_x_P40,8,616172,1,0.7024377641535972
BASE_x_P40,8,620021,0,0.40075723414842457
BASE_x_P40,8,624692,1,0.454069625180523
BASE_x_P40,8,627556,1,0.8171897680389881
BASE_x_P40,8,631543,1,0.7591977973631954
BASE_x_P40,8,642558,1,0.5221269893930945
BASE_x_P40,8,644299,1,0.6539239304030174
BASE_x_P40,8,646425,1,0.3547433365070475
BASE_x_P40,8,646867,1,0.7094067943161307
BASE_x_P40,8,648107,1,0.7662761008649152
BASE_x_P40,8,654746,1,0.8155694475803494
BASE_x_P40,8,655410,1,0.6683073674675306
BASE_x_P40,8,661193,0,0.7170925427360685
BASE_x_P40,8,665656,1,0.7451354322783833
BASE_x_P40,8,671576,0,0.29295362569718203
BASE_x_P40,8,673052,1,0.7209707415513467
BASE_x_P40,8,675008,1,0.7159021415496949
BASE_x_P40,8,675907,0,0.4921786743323635
BASE_x_P40,8,678199,0,0.34751404483010895
BASE_x_P40,8,680963,0,0.7567313168154313
BASE_x_P40,8,686482,1,0.7609504627640284
BASE_x_P40,8,700550,1,0.5915605955292799
BASE_x_P40,8,700558,1,0.7558546853073054
BASE_x_P40,8,702801,0,0.41789520166847455
BASE_x_P40,8,703048,0,0.7855191759476612
BASE_x_P40,8,710774,1,0.15875064496951855
BASE_x_P40,8,711637,1,0.8181066949412729
BASE_x_P40,8,711727,1,0.5830789330733723
BASE_x_P40,8,713883,1,0.27722111615146544
BASE_x_P40,8,714764,0,0.6575580998749325
BASE_x_P40,8,715113,1,0.7184791404739083
BASE_x_P40,8,718508,1,0.7349245104350498
BASE_x_P40,8,725514,0,0.46280370981942065
BASE_x_P40,8,726499,0,0.6796838423308361
BASE_x_P40,8,726953,0,0.4548205718525885
BASE_x_P40,8,732388,1,0.3435724327212251
BASE_x_P40,8,739674,0,0.4299366883477794
BASE_x_P40,8,743121,1,0.7641662336573735
BASE_x_P40,8,743318,0,0.337382757410239
BASE_x_P40,8,743380,1,0.4891514020189479
BASE_x_P40,8,746564,0,0.45146077921708655
BASE_x_P40,8,746959,1,0.6901837231544025
BASE_x_P40,8,749211,0,0.478315902148562
BASE_x_P40,8,751827,1,0.8256438073023308
BASE_x_P40,8,752597,0,0.4070637530945626
BASE_x_P40,8,763893,0,0.4392343390292831
BASE_x_P40,8,767066,1,0.5967061338560253
BASE_x_P40,8,781627,1,0.3287468732788526
BASE_x_P40,8,783735,1,0.5429960013516069
BASE_x_P40,8,789093,0,0.5426908302385374
BASE_x_P40,8,789824,0,0.29848419672072973
BASE_x_P40,8,803087,0,0.4817128077821469
BASE_x_P40,8,803189,0,0.29224017729559937
BASE_x_P40,8,804052,1,0.7980383094179857
BASE_x_P40,8,806762,0,0.21131506170639938
BASE_x_P40,8,816834,0,0.2739806281188204
BASE_x_P40,8,817995,1,0.7564375668600914
BASE_x_P40,8,820393,1,0.4953692320556546
BASE_x_P40,8,822633,1,0.2622114216028662
BASE_x_P40,8,831454,0,0.2103249646118973
BASE_x_P40,8,841748,1,0.6311595361000034
BASE_x_P40,8,847929,0,0.550325690305189
BASE_x_P40,8,849472,1,0.8395060247486082
BASE_x_P40,8,857521,0,0.3399347483261328
BASE_x_P40,8,859236,0,0.2662041254281318
BASE_x_P40,8,859553,1,0.6057673291695571
BASE_x_P40,8,866317,1,0.8590821674237243
BASE_x_P40,8,866862,0,0.5219199882378419
BASE_x_P40,8,869519,1,0.30973102720956136
BASE_x_P40,8,870371,1,0.6774874018469255
BASE_x_P40,8,878721,0,0.6553708918680005
BASE_x_P40,8,882885,1,0.7144642632647973
BASE_x_P40,8,884569,1,0.633067281260524
BASE_x_P40,8,894409,1,0.6986521743418553
BASE_x_P40,8,896596,1,0.6493276224904048
BASE_x_P40,8,899067,0,0.1625875905527683
BASE_x_P40,8,900957,1,0.8267316351455685
BASE_x_P40,8,929375,1,0.5968759895006741
BASE_x_P40,8,935158,1,0.8023539654446084
BASE_x_P40,8,947168,1,0.7027472628963952
BASE_x_P40,8,951465,0,0.5891782210671402
BASE_x_P40,8,952219,0,0.4453215434981898
BASE_x_P40,8,952566,1,0.5697407355069122
BASE_x_P40,8,952824,1,0.724504229569707
BASE_x_P40,8,953299,1,0.4154837485416558
BASE_x_P40,8,953656,0,0.7512123461453042
BASE_x_P40,8,954370,1,0.7680099953867442
BASE_x_P40,8,958048,1,0.6072158010880627
BASE_x_P40,8,958416,1,0.7356860823588098
BASE_x_P40,8,959155,0,0.5346854992771697
BASE_x_P40,8,961819,0,0.6493577423917267
BASE_x_P40,8,963540,1,0.6164947498814094
BASE_x_P40,8,967064,1,0.5451064877414737
BASE_x_P40,8,967439,0,0.8198702653465609
BASE_x_P40,8,970464,1,0.7652650965514871
BASE_x_P40,8,975370,0,0.58598028051818
BASE_x_P40,8,975490,1,0.7020888197973854
BASE_x_P40,8,980697,0,0.6682281956767661
BASE_x_P40,8,982477,0,0.30799764191695955
BASE_x_P40,8,984568,1,0.30189937815079
BASE_x_P40,8,986271,0,0.28279327840443075
BASE_x_P40,8,991060,1,0.8781140008058352
BASE_x_P40,8,993731,1,0.7983483084664134
BASE_x_P40,8,995496,1,0.6795014480801949
BASE_x_P40,8,1000434,1,0.6905434989569649
BASE_x_P40,8,1002373,1,0.7966041949103679
BASE_x_P40,8,1002391,0,0.2186382607559523
BASE_x_P40,8,1005401,1,0.6582436068808499
BASE_x_P40,8,1006451,0,0.7531539392705142
BASE_x_P40,8,1013371,1,0.4576721421104441
BASE_x_P40,8,1043319,0,0.454963230677002
BASE_x_P40,8,1048580,1,0.7448028864218181
BASE_x_P40,8,1058965,1,0.5882655325075344
BASE_x_P40,8,1063771,0,0.5747740072828919
BASE_x_P40,8,1064130,1,0.7380334245494536
BASE_x_P40,8,1064271,1,0.8284435466962482
BASE_x_P40,8,1066734,1,0.7103531712726137
BASE_x_P40,8,1068069,1,0.6438812275824896
BASE_x_P40,8,1068151,0,0.41534351324925545
BASE_x_P40,8,1073471,1,0.8110666856930329
BASE_x_P40,8,1073787,1,0.3733566936225903
BASE_x_P40,8,1074133,1,0.5690739660098434
BASE_x_P40,8,1074312,0,0.5036664793370993
BASE_x_P40,8,1074579,0,0.39743296486313995
BASE_x_P40,8,1075228,1,0.7325987575048771
BASE_x_P40,8,1075404,1,0.8133386765883343
BASE_x_P40,8,1075557,1,0.669912245831987
BASE_x_P40,8,1075699,1,0.35615795928520533
BASE_x_P40,8,1076995,0,0.46505062525127455
BASE_x_P40,8,1077013,1,0.5154865812223569
BASE_x_P40,8,1077187,1,0.8065965513219225
BASE_x_P40,8,1078392,1,0.27428725250022007
BASE_x_P40,8,1080366,1,0.8009395648208764
BASE_x_P40,8,1080609,0,0.4874495592548264
BASE_x_P40,8,1082670,1,0.7528995286535936
BASE_x_P40,8,1084267,1,0.7900426187687922
BASE_x_P40,8,1084373,1,0.6688022690218474
BASE_x_P40,8,1086129,1,0.6269226567056669
BASE_x_P40,8,1087796,0,0.5729393898399687
BASE_x_P40,8,1089175,1,0.8212006313240673
BASE_x_P40,8,1089310,0,0.5724836558794819
BASE_x_P40,8,1090560,1,0.5171089838027322
BASE_x_P40,8,1092437,1,0.7568273887567751
BASE_x_P40,8,1092889,1,0.807569957587913
BASE_x_P40,8,1092948,1,0.488979091551784
BASE_x_P40,8,1093742,1,0.7695175394159882
BASE_x_P40,8,1093825,1,0.9034867007259342
BASE_x_P40,8,1094441,0,0.7341798989246919
BASE_x_P40,8,1094522,1,0.758366596335714
BASE_x_P40,8,1094558,1,0.6243348451481849
BASE_x_P40,8,1095940,1,0.8838321307725454
BASE_x_P40,8,1096111,1,0.7094780886930308
BASE_x_P40,8,1096586,0,0.2577044575705216
BASE_x_P40,8,1096858,1,0.7975222781005364
BASE_x_P40,8,1098420,0,0.2487315639802756
BASE_x_P40,8,1099234,1,0.6744713144663358
BASE_x_P40,8,1100516,0,0.3382032454304493
BASE_x_P40,8,1102873,1,0.6659358195469695
BASE_x_P40,8,1103063,0,0.5453297430187849
BASE_x_P40,8,1103930,1,0.8405559531853235
BASE_x_P40,8,1104012,1,0.8397957734366208
BASE_x_P40,8,1104038,1,0.895114956104098
BASE_x_P40,8,1104113,1,0.6386008986066208
BASE_x_P40,8,1104405,1,0.7789296179246474
BASE_x_P40,8,1105614,0,0.16062347836397137
BASE_x_P40,8,1105715,1,0.4968917711472873
BASE_x_P40,8,1106213,0,0.6376978576316032
BASE_x_P40,8,1106596,0,0.5861611417900296
BASE_x_P40,8,1106632,0,0.32369501730186345
BASE_x_P40,8,1107056,1,0.44346114121945496
BASE_x_P40,8,1107575,0,0.5513043956484261
BASE_x_P40,8,1108050,1,0.7663835549115697
BASE_x_P40,8,1109030,1,0.8214582214287902
BASE_x_P40,8,1109275,1,0.8865985617547639
BASE_x_P40,8,1109280,1,0.7675517551641355
BASE_x_P40,8,1109411,0,0.6716489999069987
BASE_x_P40,8,1109506,1,0.7941939837068541
BASE_x_P40,8,1109765,1,0.6401349063737789
BASE_x_P40,8,1110061,1,0.7802873626306861
BASE_x_P40,8,1111123,1,0.37511952911573976
BASE_x_P40,8,1111153,0,0.6013680368502802
BASE_x_P40,8,1112238,1,0.398855348627712
BASE_x_P40,8,1112306,1,0.5824678009846508
BASE_x_P40,8,1112461,0,0.6208192401573595
BASE_x_P40,8,1113098,1,0.565652917871283
BASE_x_P40,8,1113133,0,0.3260002324575277
BASE_x_P40,8,1113536,0,0.3397930646278914
BASE_x_P40,8,1113857,0,0.6840041233578069
BASE_x_P40,8,1114993,0,0.5794505825920878
BASE_x_P40,8,1115212,1,0.554843252906449
BASE_x_P40,8,1115227,1,0.9059721791022171
BASE_x_P40,8,1116298,1,0.8972793551087181
BASE_x_P40,8,1117370,1,0.8283537111005862
BASE_x_P40,8,1117576,0,0.6709471094003443
BASE_x_P40,8,1117869,1,0.7282416846173906
BASE_x_P40,8,1119647,1,0.5777006313385733
BASE_x_P40,8,1119855,0,0.19583510272967358
BASE_x_P40,8,1120705,1,0.9001892908053164
BASE_x_P40,8,1120775,1,0.43500722824304444
BASE_x_P40,8,1121795,1,0.6347415385062601
BASE_x_P40,8,1121914,1,0.7128978793757256
BASE_x_P40,8,1122034,1,0.7632960525915304
BASE_x_P40,8,1123103,1,0.730416698227961
BASE_x_P40,8,1123551,0,0.39264366093130365
BASE_x_P40,8,1123876,0,0.23518646021231823
BASE_x_P40,8,1124180,0,0.35828283693778873
BASE_x_P40,8,1124193,0,0.28165805700829605
BASE_x_P40,8,1124330,0,0.7784212592833089
BASE_x_P40,8,1124468,1,0.5883576889924256
BASE_x_P40,8,1124477,1,0.5193810264774882
BASE_x_P40,8,1125143,1,0.25195252201046947
BASE_x_P40,8,1125355,1,0.8023651176181076
BASE_x_P40,8,1125471,1,0.5743019736832924
BASE_x_P40,8,1126443,0,0.4951079218957774
BASE_x_P40,8,1127285,0,0.8139521939440081
BASE_x_P40,8,1127703,1,0.3159878428823164
BASE_x_P40,8,1128042,1,0.38671830089743736
BASE_x_P40,8,1128340,1,0.4556596208845745
BASE_x_P40,8,1128952,0,0.5410153555694961
BASE_x_P40,8,1129401,1,0.5243052652078485
BASE_x_P40,8,1129711,0,0.535003332677042
BASE_x_P40,8,1129961,0,0.28727721010285195
BASE_x_P40,8,1130408,1,0.7258933882235
BASE_x_P40,8,1130747,1,0.8360748738452858
BASE_x_P40,8,1132061,1,0.2754979509009719
BASE_x_P40,8,1132205,1,0.7586532223421668
BASE_x_P40,8,1133607,1,0.8519045970645994
BASE_x_P40,8,1134193,1,0.77428178965717
BASE_x_P40,8,1134855,0,0.19258427317239057
BASE_x_P40,8,1135094,0,0.2669123607727756
BASE_x_P40,8,1135156,1,0.66956107020497
BASE_x_P40,8,1135626,1,0.5751499797009081
BASE_x_P40,8,1136790,1,0.43531251435094226
BASE_x_P40,8,1136925,0,0.6111212359026656
BASE_x_P40,8,1136946,0,0.2500261338321151
BASE_x_P40,8,1137147,1,0.5156381447260764
BASE_x_P40,8,1137818,1,0.185219784988623
BASE_x_P40,8,1139212,1,0.5823144391424072
BASE_x_P40,8,1140316,1,0.870318106299687
BASE_x_P40,8,1141311,0,0.6975402861970005
BASE_x_P40,8,1142206,1,0.8073255692443335
BASE_x_P40,8,1143112,1,0.8713531454934993
BASE_x_P40,8,1143116,0,0.18426398049456882
BASE_x_P40,8,1143869,0,0.48092478022907703
BASE_x_P40,8,1144028,0,0.5548339218795266
BASE_x_P40,8,1144147,0,0.5593221044549257
BASE_x_P40,8,1144260,0,0.7058402045764183
BASE_x_P40,8,1144336,1,0.7377917251310332
BASE_x_P40,8,1144580,1,0.34136438321627727
BASE_x_P40,8,1144734,1,0.5491819180320225
BASE_x_P40,8,1145959,1,0.7860215526881177
BASE_x_P40,8,1146529,1,0.7763904853456438
BASE_x_P40,8,1147010,1,0.6506743391458787
BASE_x_P40,8,1147390,0,0.20818515682379382
BASE_x_P40,8,1148110,0,0.7956646192708551
BASE_x_P40,8,1148113,1,0.3925446904983053
BASE_x_P40,8,1148116,1,0.6765026833968654
BASE_x_P40,8,1148282,1,0.789595608524653
BASE_x_P40,8,1149102,1,0.5231070397705437
BASE_x_P40,8,1149201,1,0.23062407746446048
BASE_x_P40,8,1149501,0,0.6298451080971365
BASE_x_P40,8,1150217,1,0.7026305003906027
BASE_x_P40,8,1151002,1,0.36659990638508
BASE_x_P40,8,1151513,1,0.5712190319641455
BASE_x_P40,8,1151603,1,0.4000328196248856
BASE_x_P40,8,1151994,1,0.7661879687719032
BASE_x_P40,8,1152408,0,0.5628375226750628
BASE_x_P40,8,1152825,0,0.7984453068603201
BASE_x_P40,8,1152931,1,0.3295513490041479
BASE_x_P40,8,1152961,1,0.5009084194704208
BASE_x_P40,8,1153023,1,0.6613128120485138
BASE_x_P40,8,1153155,1,0.5295362202672155
BASE_x_P40,8,1153244,1,0.290769084660197
BASE_x_P40,8,1153516,0,0.20523909998856044
BASE_x_P40,8,1153690,1,0.9081615568816466
BASE_x_P40,8,1153773,1,0.800488057709146
BASE_x_P40,8,1154175,1,0.47192985702175205
BASE_x_P40,8,1154191,1,0.7208248187708276
BASE_x_P40,8,1154265,0,0.4851917942379905
BASE_x_P40,8,1154288,1,0.7396639950667169
BASE_x_P40,8,1154652,0,0.3271625948847449
BASE_x_P40,8,1154833,1,0.6139884421084472
BASE_x_P40,8,1155186,1,0.5750385820117822
BASE_x_P40,8,1156023,1,0.33328988215487615
BASE_x_P40,8,1156786,1,0.3767840041153672
BASE_x_P40,8,1157000,1,0.7072325202378651
BASE_x_P40,8,1157440,0,0.5250835808844784
BASE_x_P40,8,1205766,1,0.8017051185079986
BASE_x_P40,8,1206310,1,0.44608828927540906
BASE_x_P40,8,1207393,1,0.6869697114456378
BASE_x_P40,8,1207484,0,0.5142134637105521
BASE_x_P40,8,1207793,1,0.4373876896518166
BASE_x_P40,8,1207980,1,0.7847940849817551
BASE_x_P40,8,1208257,0,0.609410311637248
BASE_x_P40,8,1208422,1,0.5403368292124753
BASE_x_P40,8,1208898,1,0.5924979865529633
BASE_x_P40,8,1209429,1,0.5152023005845128
BASE_x_P40,8,1209469,1,0.7627514884919485
BASE_x_P40,8,1209958,1,0.4619314486521261
BASE_x_P40,8,1210809,1,0.768584866776197
BASE_x_P40,8,1211001,1,0.7366770948077748
BASE_x_P40,8,1211104,1,0.6893610443881981
BASE_x_P40,8,1211177,1,0.6105240220027743
BASE_x_P40,8,1211297,1,0.5986439991317517
BASE_x_P40,8,1211345,1,0.6776577481434779
BASE_x_P40,8,1212336,1,0.807980327965175
BASE_x_P40,8,1212354,0,0.42510683978168
BASE_x_P40,8,1212394,1,0.31219577033225865
BASE_x_P40,8,1212451,0,0.4658589340583228
BASE_x_P40,8,1212690,0,0.6408000916124398
BASE_x_P40,8,1212738,1,0.805763395943241
BASE_x_P40,8,1212865,1,0.66209961245404
BASE_x_P40,8,1213130,1,0.37789038690987226
BASE_x_P40,8,1213974,0,0.716667458473468
BASE_x_P40,8,1213978,0,0.3251407182916355
BASE_x_P40,8,1214506,1,0.6624880434070414
BASE_x_P40,8,1214597,1,0.19248568579820977
BASE_x_P40,8,1214861,1,0.9310709770251916
BASE_x_P40,8,1215132,0,0.2528343581024382
BASE_x_P40,8,1215142,0,0.42448183728311295
BASE_x_P40,8,1215252,0,0.36106795482224685
BASE_x_P40,8,1215921,1,0.45800020198151764
BASE_x_P40,8,1216188,0,0.38198402780260293
BASE_x_P40,8,1217243,1,0.6403869019140022
BASE_x_P40,8,1217757,1,0.4500784135398822
BASE_x_P40,8,1217948,1,0.48211466594000973
BASE_x_P40,8,1218110,0,0.380145370462763
BASE_x_P40,8,1218477,1,0.20950355607678187
BASE_x_P40,8,1218980,0,0.4684157446930671
BASE_x_P40,8,1219301,0,0.6478499664873071
BASE_x_P40,8,1219890,1,0.8412459182375852
BASE_x_P40,8,1219958,0,0.33954253083893066
BASE_x_P40,8,1220156,0,0.4365002641298197
BASE_x_P40,8,1220386,0,0.243087208103702
BASE_x_P40,8,1220459,0,0.6238127993801847
BASE_x_P40,8,1220605,1,0.4877335636686126
BASE_x_P40,8,1220638,1,0.7185198937516425
BASE_x_P40,8,1220887,1,0.7052373465458374
BASE_x_P40,8,1221171,1,0.8370888044870007
BASE_x_P40,8,1221605,1,0.7005903888130857
BASE_x_P40,8,1221682,1,0.7881256535540987
BASE_x_P40,8,1221707,0,0.4449579354574289
BASE_x_P40,8,1222037,1,0.798382613709536
BASE_x_P40,8,1222336,0,0.4225956843458573
BASE_x_P40,8,1222424,1,0.5908451167650584
BASE_x_P40,8,1222642,0,0.5197149989276294
BASE_x_P40,8,1223017,1,0.5010323403021093
BASE_x_P40,8,1223193,0,0.6275530909580608
BASE_x_P40,8,1223272,1,0.5456792575026198
BASE_x_P40,8,1223681,1,0.5524371051155084
BASE_x_P40,8,1224109,0,0.43520151451225714
BASE_x_P40,8,1224371,1,0.2337752466262048
BASE_x_P40,8,1225046,0,0.23961965272171842
BASE_x_P40,8,1225334,0,0.1845025093739295
BASE_x_P40,8,1226138,1,0.7467847491595956
BASE_x_P40,8,1226825,1,0.667367617308127
BASE_x_P40,8,1227106,1,0.6933356545389764
BASE_x_P40,8,1227437,1,0.7414874166693997
BASE_x_P40,8,1227504,1,0.8020447185536753
BASE_x_P40,8,1228461,1,0.9492853469385651
BASE_x_P40,8,1228747,1,0.8320274335338965
BASE_x_P40,8,1229345,1,0.853118786355342
BASE_x_P40,8,1229605,0,0.47970224426543495
BASE_x_P40,8,1229725,1,0.8818068515366878
BASE_x_P40,8,1229837,0,0.49322028373976323
BASE_x_P40,8,1230721,1,0.31994512724181795
BASE_x_P40,8,1230781,0,0.21825783573725377
BASE_x_P40,8,1230993,0,0.20354273312574644
BASE_x_P40,8,1231100,0,0.5666616649902697
BASE_x_P40,8,1231979,1,0.7050150406567575
BASE_x_P40,8,1232033,0,0.5746890639491182
BASE_x_P40,8,1232062,0,0.3255235490461132
BASE_x_P40,8,1232338,1,0.4170056611152744
BASE_x_P40,8,1233095,1,0.7161527626385229
BASE_x_P40,8,1233494,1,0.84118867204847
BASE_x_P40,8,1233621,0,0.7706333534377892
BASE_x_P40,8,1233643,1,0.5496347199110034
BASE_x_P40,8,1233791,1,0.31889888899636726
BASE_x_P40,8,1234219,1,0.5015410693597961
BASE_x_P40,8,1234804,1,0.487933575138632
BASE_x_P40,8,1235172,0,0.6282395893695757
BASE_x_P40,8,1235236,1,0.5407895019616709
BASE_x_P40,8,1235265,1,0.29886978262045094
BASE_x_P40,8,1235336,1,0.7164020564712621
BASE_x_P40,8,1235500,1,0.7351413116496947
BASE_x_P40,8,1235891,1,0.6273805447660085
BASE_x_P40,8,1235985,1,0.6180911184388568
BASE_x_P40,8,1236656,0,0.49951366237933953
BASE_x_P40,8,1236862,0,0.3242468189811097
BASE_x_P40,8,1236996,1,0.6303723523729042
BASE_x_P40,8,1237093,0,0.6160102767662701
BASE_x_P40,8,1237241,1,0.6302547931342005
BASE_x_P40,8,1237508,1,0.4711733263532969
BASE_x_P40,8,1237822,1,0.7609935000394483
BASE_x_P40,8,1238174,1,0.49635022135412193
BASE_x_P40,8,1238287,0,0.7176026578448165
BASE_x_P40,8,1238521,1,0.508758757318112
BASE_x_P40,8,1238574,0,0.7855016685458479
BASE_x_P40,8,1238594,0,0.7039417132637612
BASE_x_P40,8,1238960,1,0.8027761517492837
BASE_x_P40,8,1239095,1,0.7543797201090573
BASE_x_P40,8,1239148,0,0.3245510509465127
BASE_x_P40,8,1239283,1,0.5753133476770375
BASE_x_P40,8,1239609,1,0.7107853787823031
BASE_x_P40,8,1240143,1,0.6621784353209311
BASE_x_P40,8,1240769,0,0.5937367078128449
BASE_x_P40,8,1241628,0,0.4793399540754581
BASE_x_P40,8,1241650,1,0.6675144247720791
BASE_x_P40,8,1241779,1,0.5594907013100721
BASE_x_P40,8,1241937,0,0.5506535123224408
BASE_x_P40,8,1242167,0,0.7385494730298522
BASE_x_P40,8,1242413,1,0.48796252042572674
BASE_x_P40,8,1242673,1,0.6415277889221686
BASE_x_P40,8,1242725,1,0.31631174824461944
BASE_x_P40,8,1242835,1,0.6212867269752406
BASE_x_P40,8,1243178,1,0.3822810186526964
BASE_x_P40,8,1243465,0,0.2052792765874011
BASE_x_P40,8,1243686,1,0.6389463997043603
BASE_x_P40,8,1243992,1,0.5980458794925797
BASE_x_P40,8,1244363,0,0.17150415058854307
BASE_x_P40,8,1244765,0,0.49625064056131735
BASE_x_P40,8,1245089,1,0.5187365634132998
BASE_x_P40,8,1245566,1,0.4971547850848244
BASE_x_P40,8,1245961,0,0.4766176084320697
BASE_x_P40,8,1246192,1,0.5610397106964214
BASE_x_P40,8,1246847,1,0.5839823193965783
BASE_x_P40,9,22854,1,0.37625254487583804
BASE_x_P40,9,31619,1,0.4845797806782342
BASE_x_P40,9,33368,1,0.6614976608152449
BASE_x_P40,9,34428,0,0.6193534677033632
BASE_x_P40,9,42450,1,0.6357749846378306
BASE_x_P40,9,42727,1,0.6746797519257446
BASE_x_P40,9,42908,1,0.7225318886677361
BASE_x_P40,9,51391,0,0.70822334029559
BASE_x_P40,9,54388,0,0.41253997461257447
BASE_x_P40,9,54735,0,0.5756637698712271
BASE_x_P40,9,56524,0,0.7651158324505621
BASE_x_P40,9,57684,1,0.4000542888690722
BASE_x_P40,9,59792,0,0.3440827753000524
BASE_x_P40,9,60346,1,0.5806575487700845
BASE_x_P40,9,63449,0,0.5350651567049969
BASE_x_P40,9,70693,0,0.8192751881118997
BASE_x_P40,9,71535,1,0.7920760264930484
BASE_x_P40,9,80412,1,0.5987851558547598
BASE_x_P40,9,89847,1,0.6803328329950569
BASE_x_P40,9,90769,1,0.41687461524790764
BASE_x_P40,9,96454,1,0.6631112930805686
BASE_x_P40,9,102708,1,0.6694699089316744
BASE_x_P40,9,109213,1,0.6315331926895457
BASE_x_P40,9,111090,1,0.3440912817644017
BASE_x_P40,9,114318,1,0.3667088070313085
BASE_x_P40,9,125059,1,0.6478278937482191
BASE_x_P40,9,130131,0,0.3598665235983523
BASE_x_P40,9,153929,1,0.6364034471595075
BASE_x_P40,9,156299,1,0.7514989324815906
BASE_x_P40,9,160606,0,0.2895537548072371
BASE_x_P40,9,166451,1,0.46565290403644743
BASE_x_P40,9,167183,1,0.5122568570601905
BASE_x_P40,9,171833,1,0.8420729543320833
BASE_x_P40,9,179049,0,0.20922546656275198
BASE_x_P40,9,183204,0,0.415496319744334
BASE_x_P40,9,184704,0,0.5798583465959226
BASE_x_P40,9,185768,1,0.7681859705285271
BASE_x_P40,9,186257,0,0.2657574442460511
BASE_x_P40,9,203461,1,0.5412863473761171
BASE_x_P40,9,211001,0,0.380862709178166
BASE_x_P40,9,213739,0,0.58736625424052
BASE_x_P40,9,214271,1,0.25253347193224485
BASE_x_P40,9,223651,1,0.5404238432080813
BASE_x_P40,9,226106,1,0.8596963488059832
BASE_x_P40,9,229959,1,0.6772950633777355
BASE_x_P40,9,234471,0,0.17616369293413459
BASE_x_P40,9,234531,1,0.42754491672961537
BASE_x_P40,9,245344,0,0.4892424222816442
BASE_x_P40,9,278134,1,0.6549088543611855
BASE_x_P40,9,280650,1,0.9248648344642576
BASE_x_P40,9,286403,1,0.6426239835079383
BASE_x_P40,9,286411,1,0.7289952380578629
BASE_x_P40,9,290944,0,0.46328402233725113
BASE_x_P40,9,295284,0,0.34851217661837686
BASE_x_P40,9,300174,0,0.39976586283214965
BASE_x_P40,9,300313,0,0.27371683104750183
BASE_x_P40,9,301917,1,0.6397969975602985
BASE_x_P40,9,302506,1,0.6518395294062036
BASE_x_P40,9,308684,1,0.33001030538084064
BASE_x_P40,9,310596,0,0.5941259618045257
BASE_x_P40,9,312434,1,0.6911447004939345
BASE_x_P40,9,312582,1,0.8092021616802768
BASE_x_P40,9,314668,1,0.5996767095494071
BASE_x_P40,9,319703,1,0.6049865135879385
BASE_x_P40,9,343044,1,0.7106268304484006
BASE_x_P40,9,345361,1,0.6589058858149432
BASE_x_P40,9,345832,0,0.5293036359282602
BASE_x_P40,9,348496,1,0.6250083266091532
BASE_x_P40,9,351126,1,0.4639196125238945
BASE_x_P40,9,359014,0,0.6679622934335125
BASE_x_P40,9,360745,1,0.5570638292564074
BASE_x_P40,9,361397,1,0.5496076275027618
BASE_x_P40,9,364502,1,0.32724806071190593
BASE_x_P40,9,369818,1,0.7087155956879881
BASE_x_P40,9,378412,1,0.5170768660848577
BASE_x_P40,9,380225,1,0.8558034151469706
BASE_x_P40,9,382552,1,0.5831249664887695
BASE_x_P40,9,400980,1,0.9262411831634054
BASE_x_P40,9,402051,0,0.47532040065711567
BASE_x_P40,9,402720,1,0.7987384651057409
BASE_x_P40,9,412807,0,0.48338952441056415
BASE_x_P40,9,414906,0,0.21419345859654015
BASE_x_P40,9,419260,1,0.61972145037717
BASE_x_P40,9,419522,1,0.7179306415030918
BASE_x_P40,9,427380,1,0.7603479638884048
BASE_x_P40,9,432045,0,0.34609136860990547
BASE_x_P40,9,432540,1,0.3269886506935527
BASE_x_P40,9,437766,0,0.44272911648116414
BASE_x_P40,9,438848,1,0.8653860621850794
BASE_x_P40,9,443578,0,0.3818797258713878
BASE_x_P40,9,444203,0,0.33356129287375536
BASE_x_P40,9,444684,1,0.6213908545632632
BASE_x_P40,9,445318,0,0.6917127648762286
BASE_x_P40,9,448027,0,0.4780978492620775
BASE_x_P40,9,451600,1,0.393192619810939
BASE_x_P40,9,452974,0,0.4919757782901985
BASE_x_P40,9,454642,1,0.46453166144109753
BASE_x_P40,9,455395,1,0.7924473564139173
BASE_x_P40,9,461519,1,0.6846773221437659
BASE_x_P40,9,463375,1,0.8236223661253956
BASE_x_P40,9,465763,1,0.8482252296597832
BASE_x_P40,9,468086,1,0.5357923616380841
BASE_x_P40,9,470865,1,0.6689012836908133
BASE_x_P40,9,471363,1,0.4057743140634669
BASE_x_P40,9,474709,1,0.8154171739319004
BASE_x_P40,9,475893,0,0.3418126745454155
BASE_x_P40,9,480598,1,0.5430265540805936
BASE_x_P40,9,485608,1,0.8531960037052018
BASE_x_P40,9,486341,0,0.11014645912274601
BASE_x_P40,9,486523,0,0.45475859785388406
BASE_x_P40,9,487515,1,0.7717309878289542
BASE_x_P40,9,488665,0,0.4075852225490866
BASE_x_P40,9,492132,0,0.7433514147352485
BASE_x_P40,9,493092,1,0.4879861175336625
BASE_x_P40,9,493415,1,0.7248772780849664
BASE_x_P40,9,503441,0,0.5118687019809999
BASE_x_P40,9,508800,0,0.17386737463605775
BASE_x_P40,9,512180,1,0.7388742866832204
BASE_x_P40,9,513398,0,0.33772412562249243
BASE_x_P40,9,513966,0,0.5453777244150064
BASE_x_P40,9,517848,1,0.8074087184772126
BASE_x_P40,9,518232,1,0.8316383754466508
BASE_x_P40,9,525973,0,0.5636045157202509
BASE_x_P40,9,529499,0,0.6277676477015232
BASE_x_P40,9,529750,0,0.4614702502679397
BASE_x_P40,9,529816,1,0.4849814309962765
BASE_x_P40,9,529885,0,0.6342854281223032
BASE_x_P40,9,531462,1,0.5726523632261761
BASE_x_P40,9,532533,1,0.6636225845899314
BASE_x_P40,9,534048,1,0.8144667066148042
BASE_x_P40,9,534835,1,0.2870584581712312
BASE_x_P40,9,537472,1,0.45197416367888194
BASE_x_P40,9,542311,1,0.8863304760878807
BASE_x_P40,9,544864,1,0.4730653406116309
BASE_x_P40,9,550393,1,0.6081163628293144
BASE_x_P40,9,553161,0,0.8486596811994558
BASE_x_P40,9,556177,0,0.3651509870470613
BASE_x_P40,9,559178,1,0.7184091370510601
BASE_x_P40,9,564394,0,0.27126719916749786
BASE_x_P40,9,565908,0,0.6592749671475668
BASE_x_P40,9,572241,0,0.6360115241616134
BASE_x_P40,9,573425,1,0.6312371048858406
BASE_x_P40,9,574836,0,0.6982926535905178
BASE_x_P40,9,575088,1,0.5670468816735695
BASE_x_P40,9,575730,0,0.3970729881560247
BASE_x_P40,9,577668,1,0.19236430096901547
BASE_x_P40,9,581598,1,0.903797359384162
BASE_x_P40,9,583338,1,0.3264955683470657
BASE_x_P40,9,584321,1,0.5623473369154897
BASE_x_P40,9,586695,1,0.5337282245784468
BASE_x_P40,9,595768,0,0.25682731761480615
BASE_x_P40,9,600546,1,0.5178610706008228
BASE_x_P40,9,624010,0,0.21299800961574245
BASE_x_P40,9,624692,1,0.4219255172036519
BASE_x_P40,9,627036,1,0.7682461356813117
BASE_x_P40,9,644299,1,0.703345670261224
BASE_x_P40,9,648709,0,0.5325867765578568
BASE_x_P40,9,649449,0,0.3526194597482613
BASE_x_P40,9,652279,0,0.33744626829702623
BASE_x_P40,9,656138,1,0.6947883251974366
BASE_x_P40,9,660061,1,0.4392184483193976
BASE_x_P40,9,661193,0,0.71065454492433
BASE_x_P40,9,670244,1,0.41406913779254995
BASE_x_P40,9,670955,1,0.7688087446108455
BASE_x_P40,9,672172,1,0.8816205796711482
BASE_x_P40,9,677259,0,0.24929363268412755
BASE_x_P40,9,677917,1,0.6260184938136686
BASE_x_P40,9,681205,1,0.6149093642035457
BASE_x_P40,9,684963,1,0.833155519812102
BASE_x_P40,9,685328,0,0.6992039103148129
BASE_x_P40,9,690019,0,0.5934598272662592
BASE_x_P40,9,695455,0,0.42428540170581824
BASE_x_P40,9,701836,1,0.6834714509542842
BASE_x_P40,9,703834,1,0.7846077952327374
BASE_x_P40,9,704101,1,0.8365637063920346
BASE_x_P40,9,707482,1,0.733475220629051
BASE_x_P40,9,709815,1,0.679426492181119
BASE_x_P40,9,711245,1,0.8054210382130533
BASE_x_P40,9,711711,1,0.8082137083849844
BASE_x_P40,9,713284,0,0.32578977467311776
BASE_x_P40,9,713883,1,0.30152096337906836
BASE_x_P40,9,715113,1,0.7734406389100941
BASE_x_P40,9,718508,1,0.7566388085320389
BASE_x_P40,9,719050,0,0.28425352799859815
BASE_x_P40,9,725514,0,0.5095683410722067
BASE_x_P40,9,737577,1,0.6876686762723782
BASE_x_P40,9,738078,0,0.38725902791192196
BASE_x_P40,9,743380,1,0.37498704253224807
BASE_x_P40,9,747710,0,0.7606744028354333
BASE_x_P40,9,748105,0,0.46343325873488334
BASE_x_P40,9,751827,1,0.7950890151935747
BASE_x_P40,9,753994,0,0.25385854516730616
BASE_x_P40,9,761233,1,0.529366816112177
BASE_x_P40,9,763994,1,0.6744724400099072
BASE_x_P40,9,770052,0,0.4374751255986434
BASE_x_P40,9,778073,1,0.3773662707797314
BASE_x_P40,9,780355,1,0.767567059589979
BASE_x_P40,9,783735,1,0.46611371187421796
BASE_x_P40,9,783835,0,0.4188169135373359
BASE_x_P40,9,789437,1,0.8856008972179974
BASE_x_P40,9,803087,0,0.6331920330203705
BASE_x_P40,9,803189,0,0.3501504763165588
BASE_x_P40,9,804052,1,0.8440909667322407
BASE_x_P40,9,804945,1,0.7437414055336631
BASE_x_P40,9,806326,0,0.6208192298331727
BASE_x_P40,9,813972,1,0.6043783010273949
BASE_x_P40,9,817197,0,0.19135922955806148
BASE_x_P40,9,822463,1,0.3295326556265414
BASE_x_P40,9,827739,0,0.08249540193321742
BASE_x_P40,9,840916,0,0.2219736999870344
BASE_x_P40,9,844104,1,0.19357636720506669
BASE_x_P40,9,848998,0,0.6158128910448379
BASE_x_P40,9,856302,0,0.5711734509687453
BASE_x_P40,9,864000,0,0.3294212965494437
BASE_x_P40,9,882885,1,0.7527056166559071
BASE_x_P40,9,885222,0,0.6573078424966451
BASE_x_P40,9,894409,1,0.7641802926493176
BASE_x_P40,9,899067,0,0.11407319010828061
BASE_x_P40,9,899668,1,0.5614394164002792
BASE_x_P40,9,929375,1,0.5074974360306944
BASE_x_P40,9,934409,0,0.6213814902082544
BASE_x_P40,9,935158,1,0.813801854672002
BASE_x_P40,9,940103,0,0.3571527328098169
BASE_x_P40,9,951306,1,0.6986920527046475
BASE_x_P40,9,951654,0,0.4329828719042901
BASE_x_P40,9,953310,1,0.6513854821789461
BASE_x_P40,9,956387,1,0.27036469180863265
BASE_x_P40,9,957325,1,0.5682751453751358
BASE_x_P40,9,963182,1,0.6473802848253705
BASE_x_P40,9,967439,0,0.800009170690266
BASE_x_P40,9,968652,1,0.7144720063377547
BASE_x_P40,9,969827,0,0.2828186895664741
BASE_x_P40,9,975728,0,0.7774051602453754
BASE_x_P40,9,976508,0,0.5207309391103796
BASE_x_P40,9,976696,0,0.316785560710278
BASE_x_P40,9,979369,1,0.6990250767534453
BASE_x_P40,9,980697,0,0.6512247469446834
BASE_x_P40,9,981610,0,0.5497669191225412
BASE_x_P40,9,982545,1,0.38827397346768805
BASE_x_P40,9,984612,1,0.7159814207401616
BASE_x_P40,9,987997,1,0.5964152759592386
BASE_x_P40,9,989038,1,0.6863005291762743
BASE_x_P40,9,990392,1,0.5121030843912152
BASE_x_P40,9,990510,1,0.8530890713462501
BASE_x_P40,9,990528,0,0.4745727455496287
BASE_x_P40,9,991197,0,0.8043032135243686
BASE_x_P40,9,991972,1,0.6331081127353945
BASE_x_P40,9,997827,1,0.8804191892637957
BASE_x_P40,9,1000176,1,0.3952219803042149
BASE_x_P40,9,1000945,1,0.6802032982724225
BASE_x_P40,9,1001607,1,0.7507947846073648
BASE_x_P40,9,1002439,1,0.690214370816287
BASE_x_P40,9,1005619,1,0.27069752538068015
BASE_x_P40,9,1006451,0,0.7321551516505225
BASE_x_P40,9,1006489,0,0.3211669767181708
BASE_x_P40,9,1006944,1,0.5174345870534718
BASE_x_P40,9,1007601,1,0.561553594514648
BASE_x_P40,9,1017249,1,0.35062639393238115
BASE_x_P40,9,1029192,1,0.8266605383452676
BASE_x_P40,9,1039937,0,0.41021564217274503
BASE_x_P40,9,1039960,1,0.6068577859859347
BASE_x_P40,9,1048580,1,0.8033959847925948
BASE_x_P40,9,1050525,1,0.5144882355523868
BASE_x_P40,9,1053685,1,0.5270543237756886
BASE_x_P40,9,1056454,1,0.6828902871358024
BASE_x_P40,9,1057686,0,0.41196470930969353
BASE_x_P40,9,1058762,1,0.3753742784522951
BASE_x_P40,9,1067177,1,0.650994989095374
BASE_x_P40,9,1068151,0,0.4290471905619703
BASE_x_P40,9,1068426,1,0.6455989435567318
BASE_x_P40,9,1068928,0,0.42088197910803316
BASE_x_P40,9,1070070,1,0.853514576149887
BASE_x_P40,9,1071514,1,0.7717044818343072
BASE_x_P40,9,1071925,1,0.939620999379256
BASE_x_P40,9,1072271,1,0.5574604208126093
BASE_x_P40,9,1074427,1,0.5612473603445267
BASE_x_P40,9,1074585,1,0.5148769368574004
BASE_x_P40,9,1075990,0,0.23948681406761096
BASE_x_P40,9,1077013,1,0.5028147363692402
BASE_x_P40,9,1077371,0,0.34164709416038014
BASE_x_P40,9,1077856,1,0.783897576896712
BASE_x_P40,9,1078817,1,0.6493232244952845
BASE_x_P40,9,1078893,0,0.5130505287933722
BASE_x_P40,9,1079527,1,0.43073788285066195
BASE_x_P40,9,1080214,1,0.4365594361901834
BASE_x_P40,9,1080564,1,0.5221726143823082
BASE_x_P40,9,1081893,1,0.32587213157991607
BASE_x_P40,9,1081915,0,0.5092016347960678
BASE_x_P40,9,1082641,0,0.27358566365469533
BASE_x_P40,9,1084251,1,0.6389855926489837
BASE_x_P40,9,1084364,1,0.4487434901415391
BASE_x_P40,9,1086770,1,0.8044519046021682
BASE_x_P40,9,1086772,1,0.7313736633011
BASE_x_P40,9,1088707,1,0.729081882113953
BASE_x_P40,9,1089172,1,0.6456265092178832
BASE_x_P40,9,1091748,1,0.6374381693406125
BASE_x_P40,9,1091984,1,0.5938860719230655
BASE_x_P40,9,1093743,0,0.2177647186715311
BASE_x_P40,9,1094046,1,0.6324764295835735
BASE_x_P40,9,1094274,1,0.9061968167687908
BASE_x_P40,9,1094456,1,0.4143892383278729
BASE_x_P40,9,1095415,1,0.8367862548432871
BASE_x_P40,9,1097215,1,0.4133771185641627
BASE_x_P40,9,1098420,0,0.36566804051295504
BASE_x_P40,9,1098855,1,0.64469729108113
BASE_x_P40,9,1099159,1,0.7491236801967434
BASE_x_P40,9,1099756,1,0.48986374802406624
BASE_x_P40,9,1099979,0,0.727569795668412
BASE_x_P40,9,1100923,1,0.7782151521967545
BASE_x_P40,9,1101406,0,0.2545845357374519
BASE_x_P40,9,1102314,1,0.764702278165621
BASE_x_P40,9,1103001,0,0.2987758812592799
BASE_x_P40,9,1103054,0,0.26540150215545294
BASE_x_P40,9,1104113,1,0.6869105494758354
BASE_x_P40,9,1104470,1,0.7657997561325466
BASE_x_P40,9,1105198,0,0.31830685341919185
BASE_x_P40,9,1105320,1,0.6905350123363836
BASE_x_P40,9,1105345,0,0.7140881054638109
BASE_x_P40,9,1105715,1,0.4283816382068208
BASE_x_P40,9,1105733,1,0.45161329277593376
BASE_x_P40,9,1106632,0,0.2751658419865348
BASE_x_P40,9,1106784,1,0.5485153871754905
BASE_x_P40,9,1106968,1,0.9151842725239985
BASE_x_P40,9,1107056,1,0.46955752517749155
BASE_x_P40,9,1107147,1,0.7080104620942567
BASE_x_P40,9,1107575,0,0.5630760580972903
BASE_x_P40,9,1107741,1,0.7024789688223179
BASE_x_P40,9,1108706,1,0.6807158674407102
BASE_x_P40,9,1109411,0,0.6151992328708357
BASE_x_P40,9,1109598,1,0.8559438839980231
BASE_x_P40,9,1109612,1,0.9323950163580497
BASE_x_P40,9,1109765,1,0.5975745546362838
BASE_x_P40,9,1109782,1,0.7118609795951986
BASE_x_P40,9,1111123,1,0.2821302604718885
BASE_x_P40,9,1112567,1,0.500432571548329
BASE_x_P40,9,1112999,0,0.11915529222828875
BASE_x_P40,9,1113808,0,0.27978665847388234
BASE_x_P40,9,1114993,0,0.6125584554054513
BASE_x_P40,9,1115316,1,0.8050110146802985
BASE_x_P40,9,1116007,0,0.736342217108561
BASE_x_P40,9,1116363,0,0.33534825350553943
BASE_x_P40,9,1117243,1,0.724699994216746
BASE_x_P40,9,1117714,1,0.5660632295366295
BASE_x_P40,9,1117951,1,0.5315412473039608
BASE_x_P40,9,1118191,1,0.7857589959430381
BASE_x_P40,9,1118641,0,0.05592324644934872
BASE_x_P40,9,1119012,1,0.6387739547184552
BASE_x_P40,9,1119591,1,0.8686105347949337
BASE_x_P40,9,1119660,1,0.8402398906328243
BASE_x_P40,9,1119929,0,0.8684116381939261
BASE_x_P40,9,1120120,0,0.3462186409067432
BASE_x_P40,9,1120684,0,0.23692159267347154
BASE_x_P40,9,1120692,1,0.792574240735433
BASE_x_P40,9,1121559,1,0.7250041504726796
BASE_x_P40,9,1121795,1,0.5919896390682944
BASE_x_P40,9,1121926,1,0.6125025779025977
BASE_x_P40,9,1122888,1,0.7497109769806045
BASE_x_P40,9,1123205,0,0.5276866136078698
BASE_x_P40,9,1123500,1,0.50120085659009
BASE_x_P40,9,1123858,0,0.8252746093046223
BASE_x_P40,9,1124180,0,0.3646939262815168
BASE_x_P40,9,1124329,1,0.5284230566616361
BASE_x_P40,9,1124330,0,0.7076335618260456
BASE_x_P40,9,1124477,1,0.5642293930076172
BASE_x_P40,9,1124484,0,0.1687916343820383
BASE_x_P40,9,1125468,1,0.8140862387238685
BASE_x_P40,9,1125748,1,0.7173323656037484
BASE_x_P40,9,1125899,1,0.4615316321431637
BASE_x_P40,9,1126092,1,0.911175290584342
BASE_x_P40,9,1126232,0,0.24589819452384284
BASE_x_P40,9,1126244,0,0.31248123950043427
BASE_x_P40,9,1126637,0,0.7528751926390117
BASE_x_P40,9,1127812,1,0.5114716489287794
BASE_x_P40,9,1128811,0,0.5826944331143725
BASE_x_P40,9,1128830,0,0.8931975234037353
BASE_x_P40,9,1128946,1,0.3888325298966528
BASE_x_P40,9,1129383,1,0.5724462119767381
BASE_x_P40,9,1129401,1,0.44525134356546153
BASE_x_P40,9,1132010,0,0.34381731172242347
BASE_x_P40,9,1132251,1,0.7000696362327293
BASE_x_P40,9,1132886,0,0.6540919742839293
BASE_x_P40,9,1133021,1,0.31858990204252013
BASE_x_P40,9,1133467,1,0.6769968949733454
BASE_x_P40,9,1134855,0,0.23132482948362
BASE_x_P40,9,1135703,1,0.725765138151911
BASE_x_P40,9,1135868,0,0.7576320577204
BASE_x_P40,9,1136310,1,0.5190243565081424
BASE_x_P40,9,1136569,0,0.25709871145425345
BASE_x_P40,9,1136723,0,0.24346371266811478
BASE_x_P40,9,1137743,1,0.7688062606351952
BASE_x_P40,9,1138316,1,0.655195039717086
BASE_x_P40,9,1138670,1,0.8230950709080445
BASE_x_P40,9,1138681,1,0.6578245304075024
BASE_x_P40,9,1138757,1,0.31977838073228015
BASE_x_P40,9,1139212,1,0.5566942578593003
BASE_x_P40,9,1139372,0,0.6003064224298168
BASE_x_P40,9,1139409,1,0.8621974405713858
BASE_x_P40,9,1144322,1,0.8369476805584749
BASE_x_P40,9,1144734,1,0.6395460944392684
BASE_x_P40,9,1145715,0,0.36952065367674813
BASE_x_P40,9,1145972,0,0.59729460679221
BASE_x_P40,9,1146057,0,0.2464042963355035
BASE_x_P40,9,1146116,0,0.3897270328198439
BASE_x_P40,9,1146210,1,0.6122878801595759
BASE_x_P40,9,1146584,1,0.6509948232860805
BASE_x_P40,9,1146989,0,0.29292485263035956
BASE_x_P40,9,1147005,0,0.3100655189507063
BASE_x_P40,9,1147122,1,0.6761926990863146
BASE_x_P40,9,1147225,0,0.5092427799464975
BASE_x_P40,9,1147525,1,0.7805078424201141
BASE_x_P40,9,1147944,0,0.2061520757542087
BASE_x_P40,9,1148359,1,0.7837298380061353
BASE_x_P40,9,1148804,1,0.6689419507657113
BASE_x_P40,9,1149501,0,0.6816777580545273
BASE_x_P40,9,1149825,1,0.443066326813443
BASE_x_P40,9,1149904,0,0.19220334276504755
BASE_x_P40,9,1150400,1,0.502710457331342
BASE_x_P40,9,1151569,1,0.7272665424733618
BASE_x_P40,9,1152380,1,0.4480256191949026
BASE_x_P40,9,1152739,0,0.5014544938842831
BASE_x_P40,9,1153155,1,0.5646625463047309
BASE_x_P40,9,1153158,1,0.7785496172627157
BASE_x_P40,9,1154055,1,0.7477380739317738
BASE_x_P40,9,1154191,1,0.7177680283873632
BASE_x_P40,9,1154265,0,0.4653230068134772
BASE_x_P40,9,1155519,1,0.47540024886066456
BASE_x_P40,9,1155554,1,0.567835883351305
BASE_x_P40,9,1156634,1,0.8626001617675056
BASE_x_P40,9,1156786,1,0.31247718439618716
BASE_x_P40,9,1156887,1,0.5492735524421896
BASE_x_P40,9,1156904,1,0.43716142625540927
BASE_x_P40,9,1157181,1,0.8043429654557318
BASE_x_P40,9,1157238,0,0.5809335971619813
BASE_x_P40,9,1157284,0,0.5931492407920852
BASE_x_P40,9,1206310,1,0.4443797781502582
BASE_x_P40,9,1206652,1,0.7892345987196133
BASE_x_P40,9,1206714,1,0.6232242474072731
BASE_x_P40,9,1206862,1,0.7873372337255878
BASE_x_P40,9,1207017,1,0.8418144281046245
BASE_x_P40,9,1207384,1,0.479043553119382
BASE_x_P40,9,1207571,1,0.7217474929603414
BASE_x_P40,9,1207585,0,0.23591134497782043
BASE_x_P40,9,1207665,1,0.6384434032721952
BASE_x_P40,9,1207861,1,0.878284893119035
BASE_x_P40,9,1207980,1,0.7908261421668675
BASE_x_P40,9,1208243,1,0.6988679388033789
BASE_x_P40,9,1208257,0,0.5199104979466871
BASE_x_P40,9,1208293,0,0.5704090752018782
BASE_x_P40,9,1209229,0,0.2654484142371212
BASE_x_P40,9,1209406,0,0.34270613448138226
BASE_x_P40,9,1209429,1,0.55829630561877
BASE_x_P40,9,1209531,0,0.13859213369872378
BASE_x_P40,9,1210080,0,0.7384940353435789
BASE_x_P40,9,1210100,0,0.2763897756730728
BASE_x_P40,9,1210432,0,0.2890399688359403
BASE_x_P40,9,1211740,1,0.686509994322636
BASE_x_P40,9,1212164,1,0.5448759509819289
BASE_x_P40,9,1212403,1,0.7548324724660926
BASE_x_P40,9,1212451,0,0.5188053826472661
BASE_x_P40,9,1212705,1,0.5361406263727028
BASE_x_P40,9,1212738,1,0.7957229626893872
BASE_x_P40,9,1215187,1,0.2566726346607705
BASE_x_P40,9,1215793,1,0.3779152379275387
BASE_x_P40,9,1215797,1,0.7479371276278884
BASE_x_P40,9,1215921,1,0.3667101741251049
BASE_x_P40,9,1216045,1,0.6573196364787506
BASE_x_P40,9,1216223,1,0.790761219807363
BASE_x_P40,9,1216421,1,0.4926505367475279
BASE_x_P40,9,1217240,0,0.3030287343423379
BASE_x_P40,9,1217573,1,0.8585369874665403
BASE_x_P40,9,1218235,1,0.6190917764056674
BASE_x_P40,9,1218335,1,0.6473177381896307
BASE_x_P40,9,1218673,1,0.4348437632826913
BASE_x_P40,9,1218821,1,0.5230725556563303
BASE_x_P40,9,1219254,0,0.3443751885938369
BASE_x_P40,9,1219337,1,0.3373484193244587
BASE_x_P40,9,1219877,1,0.6892549126792957
BASE_x_P40,9,1219938,0,0.9198105889690447
BASE_x_P40,9,1219949,0,0.5902938406386626
BASE_x_P40,9,1219958,0,0.3851546913992759
BASE_x_P40,9,1220037,1,0.4595133591088475
BASE_x_P40,9,1220386,0,0.26713080832737035
BASE_x_P40,9,1220552,1,0.7366049401374137
BASE_x_P40,9,1220699,1,0.5096354473678759
BASE_x_P40,9,1221268,1,0.6124551762130359
BASE_x_P40,9,1221289,1,0.880009893907759
BASE_x_P40,9,1221341,1,0.7440908278362203
BASE_x_P40,9,1221707,0,0.5058893997720084
BASE_x_P40,9,1221883,0,0.5745439327079797
BASE_x_P40,9,1221901,1,0.22546496262875462
BASE_x_P40,9,1222069,1,0.778476393638999
BASE_x_P40,9,1223272,1,0.539656075698717
BASE_x_P40,9,1223383,1,0.6972289850663652
BASE_x_P40,9,1223796,1,0.670490498305777
BASE_x_P40,9,1224087,0,0.3653624758188976
BASE_x_P40,9,1224343,1,0.5295535279835515
BASE_x_P40,9,1224488,1,0.6581883525088835
BASE_x_P40,9,1224767,0,0.5980537974911532
BASE_x_P40,9,1225050,0,0.3013047743186194
BASE_x_P40,9,1225671,1,0.821995671595867
BASE_x_P40,9,1225672,1,0.7041663936146122
BASE_x_P40,9,1225716,0,0.5922067902069487
BASE_x_P40,9,1225945,0,0.5687919528221319
BASE_x_P40,9,1226435,1,0.5558860293318996
BASE_x_P40,9,1226708,1,0.7586681772815826
BASE_x_P40,9,1226794,0,0.2646723335037453
BASE_x_P40,9,1227192,1,0.5650822349150654
BASE_x_P40,9,1227545,1,0.6302082574047378
BASE_x_P40,9,1228020,1,0.8159636953363315
BASE_x_P40,9,1228207,1,0.4822659509867267
BASE_x_P40,9,1229991,0,0.6410974057018874
BASE_x_P40,9,1230051,1,0.6921021516692539
BASE_x_P40,9,1230265,1,0.7250187115673803
BASE_x_P40,9,1230689,0,0.5036860692938503
BASE_x_P40,9,1231353,1,0.8159785627620444
BASE_x_P40,9,1231963,0,0.43002488956067586
BASE_x_P40,9,1232006,1,0.8282716405947691
BASE_x_P40,9,1232028,0,0.16059946665029665
BASE_x_P40,9,1232062,0,0.3082544893641985
BASE_x_P40,9,1232188,1,0.6880197402666292
BASE_x_P40,9,1232296,1,0.6803466437166059
BASE_x_P40,9,1232478,1,0.788427784365452
BASE_x_P40,9,1232676,1,0.7459029877805109
BASE_x_P40,9,1233095,1,0.7878238237010354
BASE_x_P40,9,1233140,1,0.28686727785600524
BASE_x_P40,9,1233369,0,0.6604507509896913
BASE_x_P40,9,1233543,1,0.2874345051225009
BASE_x_P40,9,1233777,1,0.7294118195282698
BASE_x_P40,9,1234275,1,0.5764604177600683
BASE_x_P40,9,1234306,1,0.18407218288356827
BASE_x_P40,9,1234431,1,0.7426963901189539
BASE_x_P40,9,1234461,1,0.6910732030460582
BASE_x_P40,9,1234472,1,0.6417440937974405
BASE_x_P40,9,1234521,0,0.4790233193511131
BASE_x_P40,9,1234875,1,0.8174393265981373
BASE_x_P40,9,1235265,1,0.2792726073349906
BASE_x_P40,9,1235650,0,0.5764845110463029
BASE_x_P40,9,1235697,1,0.7381918905466847
BASE_x_P40,9,1235863,1,0.5913908933357865
BASE_x_P40,9,1235891,1,0.5931609248837968
BASE_x_P40,9,1236862,0,0.4056647366851689
BASE_x_P40,9,1236996,1,0.6779656847455514
BASE_x_P40,9,1237075,0,0.37209859507711684
BASE_x_P40,9,1237182,1,0.4916816391378631
BASE_x_P40,9,1237491,1,0.8723500775745666
BASE_x_P40,9,1237716,0,0.3249484252688111
BASE_x_P40,9,1238156,1,0.7072430954766229
BASE_x_P40,9,1238501,0,0.469528703641682
BASE_x_P40,9,1238553,1,0.39889278985870624
BASE_x_P40,9,1238583,0,0.6082049356572646
BASE_x_P40,9,1238664,1,0.7527993248086429
BASE_x_P40,9,1238668,1,0.7045247847179538
BASE_x_P40,9,1238923,0,0.7736923871758367
BASE_x_P40,9,1238938,0,0.3342780620647298
BASE_x_P40,9,1239029,1,0.9266595553879077
BASE_x_P40,9,1239042,1,0.515424937707767
BASE_x_P40,9,1239079,1,0.602380655454715
BASE_x_P40,9,1239095,1,0.8015349279405085
BASE_x_P40,9,1239458,0,0.651284182894747
BASE_x_P40,9,1239693,0,0.5107419585598009
BASE_x_P40,9,1240588,1,0.8577259018913448
BASE_x_P40,9,1240705,1,0.6713645111387134
BASE_x_P40,9,1240953,0,0.27007059317077126
BASE_x_P40,9,1241090,0,0.3874285087384973
BASE_x_P40,9,1241625,0,0.6894991925611
BASE_x_P40,9,1242536,1,0.8408254215311802
BASE_x_P40,9,1242673,1,0.825495386787258
BASE_x_P40,9,1242811,0,0.4718175391544693
BASE_x_P40,9,1243018,1,0.541790766624623
BASE_x_P40,9,1243098,1,0.7801347637687719
BASE_x_P40,9,1243942,1,0.8537391474176126
BASE_x_P40,9,1244363,0,0.21353298180970323
BASE_x_P40,9,1244680,1,0.7488633956533093
