alloc,arm,feature,gini,is_curve,is_p40
0,C40,d_ch3000_mean,0.03553388640284538,False,True
0,C40,d_ch3000_median,0.012144923210144043,False,False
0,C40,d_ch3000_sd,0.02015579864382744,False,True
0,C40,d_ch3000_vmin,0.050675809383392334,False,False
0,C40,d_ch3000_vmax,0.01894400082528591,False,False
0,C40,d_ch3000_n,0.012694313190877438,False,False
0,C40,d_ch3000_cov_h,0.011894851922988892,False,False
0,C40,d_ch3000_hours,0.0017567676259204745,False,False
0,C40,d_ch3001_mean,0.008907976560294628,False,True
0,C40,d_ch3001_median,0.00400651665404439,False,False
0,C40,d_ch3001_sd,0.014820908196270466,False,True
0,C40,d_ch3001_vmin,0.005331123247742653,False,False
0,C40,d_ch3001_vmax,0.010623783804476261,False,False
0,C40,d_ch3001_n,0.008236169815063477,False,False
0,C40,d_ch3001_cov_h,0.007961086928844452,False,False
0,C40,d_ch3001_hours,0.0021000655833631754,False,False
0,C40,d_ch3002_mean,0.008714527823030949,False,True
0,C40,d_ch3002_median,0.005671206396073103,False,False
0,C40,d_ch3002_sd,0.010756378062069416,False,True
0,C40,d_ch3002_vmin,0.004652953241020441,False,False
0,C40,d_ch3002_vmax,0.006240639835596085,False,False
0,C40,d_ch3002_n,0.00185396708548069,False,False
0,C40,d_ch3002_cov_h,0.001986415358260274,False,False
0,C40,d_ch3002_hours,0.001969932811334729,False,False
0,C40,d_gap_3000_3001_mean,0.010895591229200363,False,True
0,C40,d_gap_3000_3002_mean,0.013587875291705132,False,True
0,C40,d_gap_3000_3001_sd,0.015556960366666317,False,True
0,C40,d_gap_3000_3002_sd,0.011091234162449837,False,True
0,C40,d_is_weekend,0.0017811448778957129,False,False
0,C40,cosinor_M,0.016892611980438232,True,False
0,C40,cosinor_A1,0.016571247950196266,True,False
0,C40,cosinor_A2,0.018017299473285675,True,False
0,C40,cosinor_A3,0.0187215693295002,True,False
0,C40,cosinor_acro_h,0.014439607970416546,True,False
0,C40,cosinor_resid_sd,0.01678864099085331,True,True
0,C40,curve_night_mean,0.02288019098341465,True,True
0,C40,curve_morning_slope,0.01872038096189499,True,False
0,C40,curve_day_night_contrast,0.014878054149448872,True,False
0,C40,curve_range,0.018917761743068695,True,False
0,C40,curve_entropy,0.019166026264429092,True,False
0,C40,hour_h0,0.017691105604171753,True,False
0,C40,hour_h1,0.015412203967571259,True,False
0,C40,hour_h2,0.016181590035557747,True,False
0,C40,hour_h3,0.0214727483689785,True,False
0,C40,hour_h4,0.021925514563918114,True,False
0,C40,hour_h5,0.02053707465529442,True,False
0,C40,hour_h6,0.022746160626411438,True,False
0,C40,hour_h7,0.02702496573328972,True,False
0,C40,hour_h8,0.022787444293498993,True,False
0,C40,hour_h9,0.020879646763205528,True,False
0,C40,hour_h10,0.022569911554455757,True,False
0,C40,hour_h11,0.020295431837439537,True,False
0,C40,hour_h12,0.019073206931352615,True,False
0,C40,hour_h13,0.019295204430818558,True,False
0,C40,hour_h14,0.019277501851320267,True,False
0,C40,hour_h15,0.020896295085549355,True,False
0,C40,hour_h16,0.02123328484594822,True,False
0,C40,hour_h17,0.020525656640529633,True,False
0,C40,hour_h18,0.01891355589032173,True,False
0,C40,hour_h19,0.019365668296813965,True,False
0,C40,hour_h20,0.018786288797855377,True,False
0,C40,hour_h21,0.01948598399758339,True,False
0,C40,hour_h22,0.018905390053987503,True,False
0,C40,hour_h23,0.018177969381213188,True,False
0,C40_resid,d_ch3000_mean,0.029526829719543457,False,True
0,C40_resid,d_ch3000_median,0.013290077447891235,False,False
0,C40_resid,d_ch3000_sd,0.019631780683994293,False,True
0,C40_resid,d_ch3000_vmin,0.05065912753343582,False,False
0,C40_resid,d_ch3000_vmax,0.018734073266386986,False,False
0,C40_resid,d_ch3000_n,0.011150998994708061,False,False
0,C40_resid,d_ch3000_cov_h,0.010791107080876827,False,False
0,C40_resid,d_ch3000_hours,0.0017289540264755487,False,False
0,C40_resid,d_ch3001_mean,0.008669261820614338,False,True
0,C40_resid,d_ch3001_median,0.004228449426591396,False,False
0,C40_resid,d_ch3001_sd,0.014281967654824257,False,True
0,C40_resid,d_ch3001_vmin,0.00550581980496645,False,False
0,C40_resid,d_ch3001_vmax,0.010212093591690063,False,False
0,C40_resid,d_ch3001_n,0.008060391992330551,False,False
0,C40_resid,d_ch3001_cov_h,0.007994084618985653,False,False
0,C40_resid,d_ch3001_hours,0.0021010511554777622,False,False
0,C40_resid,d_ch3002_mean,0.008456496521830559,False,True
0,C40_resid,d_ch3002_median,0.005509823560714722,False,False
0,C40_resid,d_ch3002_sd,0.010843993164598942,False,True
0,C40_resid,d_ch3002_vmin,0.004487134516239166,False,False
0,C40_resid,d_ch3002_vmax,0.005926524288952351,False,False
0,C40_resid,d_ch3002_n,0.0019802353344857693,False,False
0,C40_resid,d_ch3002_cov_h,0.0019449872197583318,False,False
0,C40_resid,d_ch3002_hours,0.00199194997549057,False,False
0,C40_resid,d_gap_3000_3001_mean,0.011353438720107079,False,True
0,C40_resid,d_gap_3000_3002_mean,0.013788091018795967,False,True
0,C40_resid,d_gap_3000_3001_sd,0.015450120903551579,False,True
0,C40_resid,d_gap_3000_3002_sd,0.010869954712688923,False,True
0,C40_resid,d_is_weekend,0.001845626044087112,False,False
0,C40_resid,cosinor_M,0.017391737550497055,True,False
0,C40_resid,cosinor_A1,0.015020805411040783,True,False
0,C40_resid,cosinor_A2,0.015309658832848072,True,False
0,C40_resid,cosinor_A3,0.016105681657791138,True,False
0,C40_resid,cosinor_acro_h,0.019841188564896584,True,False
0,C40_resid,cosinor_resid_sd,0.016756577417254448,True,True
0,C40_resid,curve_night_mean,0.03219654783606529,True,True
0,C40_resid,curve_morning_slope,0.01876273937523365,True,False
0,C40_resid,curve_day_night_contrast,0.015057865530252457,True,False
0,C40_resid,curve_range,0.018802586942911148,True,False
0,C40_resid,curve_entropy,0.02049705944955349,True,False
0,C40_resid,hour_h0,0.018138106912374496,True,False
0,C40_resid,hour_h1,0.01642768643796444,True,False
0,C40_resid,hour_h2,0.015822555869817734,True,False
0,C40_resid,hour_h3,0.02019975148141384,True,False
0,C40_resid,hour_h4,0.021520720794796944,True,False
0,C40_resid,hour_h5,0.01997571624815464,True,False
0,C40_resid,hour_h6,0.023140858858823776,True,False
0,C40_resid,hour_h7,0.02597297914326191,True,False
0,C40_resid,hour_h8,0.02247236855328083,True,False
0,C40_resid,hour_h9,0.020905785262584686,True,False
0,C40_resid,hour_h10,0.022664610296487808,True,False
0,C40_resid,hour_h11,0.01969696208834648,True,False
0,C40_resid,hour_h12,0.019370973110198975,True,False
0,C40_resid,hour_h13,0.01973378099501133,True,False
0,C40_resid,hour_h14,0.01993020810186863,True,False
0,C40_resid,hour_h15,0.021141227334737778,True,False
0,C40_resid,hour_h16,0.021697264164686203,True,False
0,C40_resid,hour_h17,0.020346594974398613,True,False
0,C40_resid,hour_h18,0.018604204058647156,True,False
0,C40_resid,hour_h19,0.018877005204558372,True,False
0,C40_resid,hour_h20,0.01840543933212757,True,False
0,C40_resid,hour_h21,0.019847305491566658,True,False
0,C40_resid,hour_h22,0.019107701256871223,True,False
0,C40_resid,hour_h23,0.019243301823735237,True,False
0,BASE_x_P40,rec__ch3000_observed_days,0.0006184256635606289,False,False
0,BASE_x_P40,rec__ch3000_adequate_days,0.0009630205458961427,False,False
0,BASE_x_P40,rec__ch3000_events,0.0026536965742707253,False,False
0,BASE_x_P40,rec__ch3000_span_days,0.0011712295236065984,False,False
0,BASE_x_P40,rec__ch3000_mean_cov_h,0.0005255364230833948,False,False
0,BASE_x_P40,rec__ch3000_mean_hours,0.000790843740105629,False,False
0,BASE_x_P40,rec__ch3000_events_per_day,0.001532869995571673,False,False
0,BASE_x_P40,rec__ch3000_mean_of_daily_mean,0.0035441583022475243,False,True
0,BASE_x_P40,rec__ch3000_sd_of_daily_mean,0.008979514241218567,False,True
0,BASE_x_P40,rec__ch3000_mean_of_daily_sd,0.0013363062171265483,False,True
0,BASE_x_P40,rec__ch3000_median_of_daily_median,0.0023262659087777138,False,False
0,BASE_x_P40,rec__ch3000_p25_of_daily_median,0.002251435536891222,False,False
0,BASE_x_P40,rec__ch3000_p75_of_daily_median,0.00031089308322407305,False,False
0,BASE_x_P40,rec__ch3000_iqr_of_daily_median,0.0006643038359470665,False,False
0,BASE_x_P40,rec__ch3000_min_of_daily_min,0.001334857428446412,False,False
0,BASE_x_P40,rec__ch3000_max_of_daily_max,0.0020768041722476482,False,False
0,BASE_x_P40,rec__ch3000_range_of_daily_extremes,0.00449011055752635,False,False
0,BASE_x_P40,rec__ch3000_weekday_mean,0.03282695636153221,False,True
0,BASE_x_P40,rec__ch3000_weekend_mean,0.0007293043308891356,False,True
0,BASE_x_P40,rec__ch3000_weekend_minus_weekday,0.01222804095596075,False,False
0,BASE_x_P40,rec__ch3001_observed_days,0.0009266995475627482,False,False
0,BASE_x_P40,rec__ch3001_adequate_days,0.0007476181490346789,False,False
0,BASE_x_P40,rec__ch3001_events,0.001370041980408132,False,False
0,BASE_x_P40,rec__ch3001_span_days,0.000887312984559685,False,False
0,BASE_x_P40,rec__ch3001_mean_cov_h,0.000594977056607604,False,False
0,BASE_x_P40,rec__ch3001_mean_hours,0.00039177993312478065,False,False
0,BASE_x_P40,rec__ch3001_events_per_day,0.0006786160520277917,False,False
0,BASE_x_P40,rec__ch3001_mean_of_daily_mean,0.00010113149619428441,False,True
0,BASE_x_P40,rec__ch3001_sd_of_daily_mean,0.002018535044044256,False,True
0,BASE_x_P40,rec__ch3001_mean_of_daily_sd,0.010669107548892498,False,True
0,BASE_x_P40,rec__ch3001_median_of_daily_median,7.557026401627809e-05,False,False
0,BASE_x_P40,rec__ch3001_p25_of_daily_median,0.0,False,False
0,BASE_x_P40,rec__ch3001_p75_of_daily_median,9.968734229914844e-05,False,False
0,BASE_x_P40,rec__ch3001_iqr_of_daily_median,0.0004023844958283007,False,False
0,BASE_x_P40,rec__ch3001_min_of_daily_min,0.0021953932009637356,False,False
0,BASE_x_P40,rec__ch3001_max_of_daily_max,0.001914291293360293,False,False
0,BASE_x_P40,rec__ch3001_range_of_daily_extremes,0.0028728567995131016,False,False
0,BASE_x_P40,rec__ch3001_weekday_mean,0.0004817766312044114,False,True
0,BASE_x_P40,rec__ch3001_weekend_mean,0.00038845586823299527,False,True
0,BASE_x_P40,rec__ch3001_weekend_minus_weekday,0.0032086879946291447,False,False
0,BASE_x_P40,rec__ch3002_observed_days,0.0009222808293998241,False,False
0,BASE_x_P40,rec__ch3002_adequate_days,0.0007912971777841449,False,False
0,BASE_x_P40,rec__ch3002_events,0.0009510661475360394,False,False
0,BASE_x_P40,rec__ch3002_span_days,0.0009441939764656126,False,False
0,BASE_x_P40,rec__ch3002_mean_cov_h,0.00031528351246379316,False,False
0,BASE_x_P40,rec__ch3002_mean_hours,0.0010181089164689183,False,False
0,BASE_x_P40,rec__ch3002_events_per_day,0.0009055314585566521,False,False
0,BASE_x_P40,rec__ch3002_mean_of_daily_mean,0.0006559155881404877,False,True
0,BASE_x_P40,rec__ch3002_sd_of_daily_mean,0.005364535842090845,False,True
0,BASE_x_P40,rec__ch3002_mean_of_daily_sd,0.008355281315743923,False,True
0,BASE_x_P40,rec__ch3002_median_of_daily_median,4.2431232477400275e-19,False,False
0,BASE_x_P40,rec__ch3002_p25_of_daily_median,0.0003455994592513889,False,False
0,BASE_x_P40,rec__ch3002_p75_of_daily_median,0.0003152643912471831,False,False
0,BASE_x_P40,rec__ch3002_iqr_of_daily_median,0.0009406016324646771,False,False
0,BASE_x_P40,rec__ch3002_min_of_daily_min,0.0016162317479029298,False,False
0,BASE_x_P40,rec__ch3002_max_of_daily_max,0.0019976035691797733,False,False
0,BASE_x_P40,rec__ch3002_range_of_daily_extremes,0.0016820275923237205,False,False
0,BASE_x_P40,rec__ch3002_weekday_mean,0.00037978909676894546,False,True
0,BASE_x_P40,rec__ch3002_weekend_mean,0.0003945317002944648,False,True
0,BASE_x_P40,rec__ch3002_weekend_minus_weekday,0.0046640983782708645,False,False
0,BASE_x_P40,rec__overall_events,0.0008791631553322077,False,False
0,BASE_x_P40,rec__overall_days,0.0003355291555635631,False,False
0,BASE_x_P40,rec__overall_span_days,0.0008395034237764776,False,False
0,BASE_x_P40,rec__overall_adequate_channel_days,0.0005184683832339942,False,False
0,BASE_x_P40,rec__ch3000_minus_ch3001_mean,0.010961647145450115,False,True
0,BASE_x_P40,rec__ch3000_minus_ch3002_mean,0.015574108809232712,False,True
0,BASE_x_P40,rec__ch3000_tod_night,0.0006573638529516757,False,False
0,BASE_x_P40,rec__ch3000_tod_morning,0.015324539504945278,False,False
0,BASE_x_P40,rec__ch3000_tod_afternoon,0.00408304063603282,False,False
0,BASE_x_P40,rec__ch3000_tod_evening,0.0013573776232078671,False,False
0,BASE_x_P40,rec__ch3001_tod_night,0.018289390951395035,False,False
0,BASE_x_P40,rec__ch3001_tod_morning,0.0020406011026352644,False,False
0,BASE_x_P40,rec__ch3001_tod_afternoon,0.0017248440999537706,False,False
0,BASE_x_P40,rec__ch3001_tod_evening,0.0007468193070963025,False,False
0,BASE_x_P40,rec__ch3002_tod_night,0.004879963584244251,False,False
0,BASE_x_P40,rec__ch3002_tod_morning,0.0005532630020752549,False,False
0,BASE_x_P40,rec__ch3002_tod_afternoon,0.0005671993712894619,False,False
0,BASE_x_P40,rec__ch3002_tod_evening,0.00111597147770226,False,False
0,BASE_x_P40,win__ch3000_observed_days,0.0,False,False
0,BASE_x_P40,win__ch3000_adequate_days,0.0001055355096468702,False,False
0,BASE_x_P40,win__ch3000_events,0.000964365724939853,False,False
0,BASE_x_P40,win__ch3000_mean_cov_h,0.00031021522590890527,False,False
0,BASE_x_P40,win__ch3000_mean_hours,0.0007069829734973609,False,False
0,BASE_x_P40,win__ch3000_events_per_day,0.0007447283715009689,False,False
0,BASE_x_P40,win__ch3000_mean_of_daily_mean,0.0006201331270858645,False,True
0,BASE_x_P40,win__ch3000_sd_of_daily_mean,0.008770189248025417,False,True
0,BASE_x_P40,win__ch3000_mean_of_daily_sd,0.000979304313659668,False,True
0,BASE_x_P40,win__ch3000_median_of_daily_median,0.0001745243789628148,False,False
0,BASE_x_P40,win__ch3000_p25_of_daily_median,0.00016876080189831555,False,False
0,BASE_x_P40,win__ch3000_p75_of_daily_median,0.0005944467848166823,False,False
0,BASE_x_P40,win__ch3000_iqr_of_daily_median,0.0009326774161309004,False,False
0,BASE_x_P40,win__ch3000_min_of_daily_min,0.002356060314923525,False,False
0,BASE_x_P40,win__ch3000_max_of_daily_max,0.0010680066188797355,False,False
0,BASE_x_P40,win__ch3000_range_of_daily_extremes,0.002831438323482871,False,False
0,BASE_x_P40,win__ch3000_weekday_mean,0.009876968339085579,False,True
0,BASE_x_P40,win__ch3000_weekend_mean,0.0008284957730211318,False,True
0,BASE_x_P40,win__ch3000_weekend_minus_weekday,0.00860019214451313,False,False
0,BASE_x_P40,win__ch3001_observed_days,0.00129237852524966,False,False
0,BASE_x_P40,win__ch3001_adequate_days,0.0008211213862523437,False,False
0,BASE_x_P40,win__ch3001_events,0.000820196873974055,False,False
0,BASE_x_P40,win__ch3001_span_days,2.891783333325293e-05,False,False
0,BASE_x_P40,win__ch3001_mean_cov_h,0.0017821687506511807,False,False
0,BASE_x_P40,win__ch3001_mean_hours,0.0006493324181064963,False,False
0,BASE_x_P40,win__ch3001_events_per_day,0.001028947881422937,False,False
0,BASE_x_P40,win__ch3001_mean_of_daily_mean,0.0002872450277209282,False,True
0,BASE_x_P40,win__ch3001_sd_of_daily_mean,0.0026179244741797447,False,True
0,BASE_x_P40,win__ch3001_mean_of_daily_sd,0.004562012851238251,False,True
0,BASE_x_P40,win__ch3001_median_of_daily_median,0.00018873292719945312,False,False
0,BASE_x_P40,win__ch3001_p25_of_daily_median,0.0002406992862233892,False,False
0,BASE_x_P40,win__ch3001_p75_of_daily_median,7.393363921437413e-05,False,False
0,BASE_x_P40,win__ch3001_iqr_of_daily_median,0.0006373158539645374,False,False
0,BASE_x_P40,win__ch3001_min_of_daily_min,0.001684214104898274,False,False
0,BASE_x_P40,win__ch3001_max_of_daily_max,0.0014151431387290359,False,False
0,BASE_x_P40,win__ch3001_range_of_daily_extremes,0.0027522738091647625,False,False
0,BASE_x_P40,win__ch3001_weekday_mean,0.00015835626982152462,False,True
0,BASE_x_P40,win__ch3001_weekend_mean,0.00017931101319845766,False,True
0,BASE_x_P40,win__ch3001_weekend_minus_weekday,0.0019580151420086622,False,False
0,BASE_x_P40,win__ch3002_observed_days,0.0007583756232634187,False,False
0,BASE_x_P40,win__ch3002_adequate_days,0.0002925934677477926,False,False
0,BASE_x_P40,win__ch3002_events,0.0009531317045912147,False,False
0,BASE_x_P40,win__ch3002_span_days,0.0005649435333907604,False,False
0,BASE_x_P40,win__ch3002_mean_cov_h,0.0003780756378546357,False,False
0,BASE_x_P40,win__ch3002_mean_hours,0.0005107358447276056,False,False
0,BASE_x_P40,win__ch3002_events_per_day,0.00040730167529545724,False,False
0,BASE_x_P40,win__ch3002_mean_of_daily_mean,0.0007347554783336818,False,True
0,BASE_x_P40,win__ch3002_sd_of_daily_mean,0.007034995127469301,False,True
0,BASE_x_P40,win__ch3002_mean_of_daily_sd,0.0015961856115609407,False,True
0,BASE_x_P40,win__ch3002_median_of_daily_median,0.0001395160797983408,False,False
0,BASE_x_P40,win__ch3002_p25_of_daily_median,1.1881870705110487e-05,False,False
0,BASE_x_P40,win__ch3002_p75_of_daily_median,0.00025929248658940196,False,False
0,BASE_x_P40,win__ch3002_iqr_of_daily_median,0.0015740703092887998,False,False
0,BASE_x_P40,win__ch3002_min_of_daily_min,0.0021658488549292088,False,False
0,BASE_x_P40,win__ch3002_max_of_daily_max,0.0008668418740853667,False,False
0,BASE_x_P40,win__ch3002_range_of_daily_extremes,0.0028961054049432278,False,False
0,BASE_x_P40,win__ch3002_weekday_mean,0.00016089885320980102,False,True
0,BASE_x_P40,win__ch3002_weekend_mean,0.0007353817927651107,False,True
0,BASE_x_P40,win__ch3002_weekend_minus_weekday,0.00384140620008111,False,False
0,BASE_x_P40,win__overall_events,0.0010118494974449277,False,False
0,BASE_x_P40,win__overall_days,0.00016825497732497752,False,False
0,BASE_x_P40,win__overall_adequate_channel_days,0.0007584413979202509,False,False
0,BASE_x_P40,win__ch3000_minus_ch3001_mean,0.009643134661018848,False,True
0,BASE_x_P40,win__ch3000_minus_ch3002_mean,0.010305758565664291,False,True
0,BASE_x_P40,win__ch3000_tod_night,0.0011306487722322345,False,False
0,BASE_x_P40,win__ch3000_tod_morning,0.008930675685405731,False,False
0,BASE_x_P40,win__ch3000_tod_afternoon,0.0034050799440592527,False,False
0,BASE_x_P40,win__ch3000_tod_evening,0.0010832370026037097,False,False
0,BASE_x_P40,win__ch3001_tod_night,0.0023534067440778017,False,False
0,BASE_x_P40,win__ch3001_tod_morning,0.0014591250801458955,False,False
0,BASE_x_P40,win__ch3001_tod_afternoon,0.0009548866655677557,False,False
0,BASE_x_P40,win__ch3001_tod_evening,0.0007975950138643384,False,False
0,BASE_x_P40,win__ch3002_tod_night,0.0008021892863325775,False,False
0,BASE_x_P40,win__ch3002_tod_morning,0.0016365032643079758,False,False
0,BASE_x_P40,win__ch3002_tod_afternoon,0.0009957202710211277,False,False
0,BASE_x_P40,win__ch3002_tod_evening,0.0005168620846234262,False,False
0,BASE_x_P40,roll_rec__ch3000_daily_hours_w30_max,0.000701057375408709,False,False
0,BASE_x_P40,roll_rec__ch3000_daily_hours_w30_mean,0.0012964644702151418,False,True
0,BASE_x_P40,roll_rec__ch3000_daily_hours_w30_min,0.0021420696284621954,False,False
0,BASE_x_P40,roll_rec__ch3000_daily_hours_w30_sd,0.0015885247848927975,False,True
0,BASE_x_P40,roll_rec__ch3000_daily_hours_w30_slope,0.0017117891693487763,False,False
0,BASE_x_P40,roll_rec__ch3000_daily_hours_w7_max,0.0001829934772104025,False,False
0,BASE_x_P40,roll_rec__ch3000_daily_hours_w7_mean,0.0009747918229550123,False,True
0,BASE_x_P40,roll_rec__ch3000_daily_hours_w7_min,0.0016136558260768652,False,False
0,BASE_x_P40,roll_rec__ch3000_daily_hours_w7_sd,0.0015963175101205707,False,True
0,BASE_x_P40,roll_rec__ch3000_daily_hours_w7_slope,0.0015677281189709902,False,False
0,BASE_x_P40,roll_rec__ch3000_daily_mean_w30_max,0.002048787660896778,False,False
0,BASE_x_P40,roll_rec__ch3000_daily_mean_w30_mean,0.0016095011960715055,False,True
0,BASE_x_P40,roll_rec__ch3000_daily_mean_w30_min,0.0011278670281171799,False,False
0,BASE_x_P40,roll_rec__ch3000_daily_mean_w30_sd,0.001435525598935783,False,True
0,BASE_x_P40,roll_rec__ch3000_daily_mean_w30_slope,0.0010828651720657945,False,False
0,BASE_x_P40,roll_rec__ch3000_daily_mean_w7_max,0.002359374426305294,False,False
0,BASE_x_P40,roll_rec__ch3000_daily_mean_w7_mean,0.0023184260353446007,False,True
0,BASE_x_P40,roll_rec__ch3000_daily_mean_w7_min,0.0008386604604311287,False,False
0,BASE_x_P40,roll_rec__ch3000_daily_mean_w7_sd,0.002518810797482729,False,True
0,BASE_x_P40,roll_rec__ch3000_daily_mean_w7_slope,0.0012271597515791655,False,False
0,BASE_x_P40,roll_rec__ch3000_daily_median_w30_max,0.0010440711630508304,False,False
0,BASE_x_P40,roll_rec__ch3000_daily_median_w30_mean,0.0004752474487759173,False,True
0,BASE_x_P40,roll_rec__ch3000_daily_median_w30_min,0.0009662361699156463,False,False
0,BASE_x_P40,roll_rec__ch3000_daily_median_w30_sd,0.0017890561139211059,False,True
0,BASE_x_P40,roll_rec__ch3000_daily_median_w30_slope,0.0014211982488632202,False,False
0,BASE_x_P40,roll_rec__ch3000_daily_median_w7_max,0.001992880366742611,False,False
0,BASE_x_P40,roll_rec__ch3000_daily_median_w7_mean,0.0018284078687429428,False,True
0,BASE_x_P40,roll_rec__ch3000_daily_median_w7_min,0.0003726888680830598,False,False
0,BASE_x_P40,roll_rec__ch3000_daily_median_w7_sd,0.0017337229801341891,False,True
0,BASE_x_P40,roll_rec__ch3000_daily_median_w7_slope,0.001416628248989582,False,False
0,BASE_x_P40,roll_rec__ch3000_daily_sd_w30_max,0.0011794049059972167,False,False
0,BASE_x_P40,roll_rec__ch3000_daily_sd_w30_mean,0.0004925498506054282,False,True
0,BASE_x_P40,roll_rec__ch3000_daily_sd_w30_min,0.0024041947908699512,False,False
0,BASE_x_P40,roll_rec__ch3000_daily_sd_w30_sd,0.002367576817050576,False,True
0,BASE_x_P40,roll_rec__ch3000_daily_sd_w30_slope,0.002765781246125698,False,False
0,BASE_x_P40,roll_rec__ch3000_daily_sd_w7_max,0.0011322030331939459,False,False
0,BASE_x_P40,roll_rec__ch3000_daily_sd_w7_mean,0.0016283097211271524,False,True
0,BASE_x_P40,roll_rec__ch3000_daily_sd_w7_min,0.002496955916285515,False,False
0,BASE_x_P40,roll_rec__ch3000_daily_sd_w7_sd,0.004132499452680349,False,True
0,BASE_x_P40,roll_rec__ch3000_daily_sd_w7_slope,0.001883272547274828,False,False
0,BASE_x_P40,roll_rec__ch3001_daily_hours_w30_max,0.0012874896638095379,False,False
0,BASE_x_P40,roll_rec__ch3001_daily_hours_w30_mean,0.0008943132706917822,False,True
0,BASE_x_P40,roll_rec__ch3001_daily_hours_w30_min,0.001770285191014409,False,False
0,BASE_x_P40,roll_rec__ch3001_daily_hours_w30_sd,0.0010730944341048598,False,True
0,BASE_x_P40,roll_rec__ch3001_daily_hours_w30_slope,0.002053649630397558,False,False
0,BASE_x_P40,roll_rec__ch3001_daily_hours_w7_max,0.0008872823091223836,False,False
0,BASE_x_P40,roll_rec__ch3001_daily_hours_w7_mean,0.0009132931008934975,False,True
0,BASE_x_P40,roll_rec__ch3001_daily_hours_w7_min,0.0013666549930348992,False,False
0,BASE_x_P40,roll_rec__ch3001_daily_hours_w7_sd,0.0020386159885674715,False,True
0,BASE_x_P40,roll_rec__ch3001_daily_hours_w7_slope,0.00256507215090096,False,False
0,BASE_x_P40,roll_rec__ch3001_daily_mean_w30_max,0.00045064944424666464,False,False
0,BASE_x_P40,roll_rec__ch3001_daily_mean_w30_mean,0.0,False,True
0,BASE_x_P40,roll_rec__ch3001_daily_mean_w30_min,0.0009397862595506012,False,False
0,BASE_x_P40,roll_rec__ch3001_daily_mean_w30_sd,0.0014663278125226498,False,True
0,BASE_x_P40,roll_rec__ch3001_daily_mean_w30_slope,0.0009357089875265956,False,False
0,BASE_x_P40,roll_rec__ch3001_daily_mean_w7_max,0.0009451574296690524,False,False
0,BASE_x_P40,roll_rec__ch3001_daily_mean_w7_mean,0.00022038581664673984,False,True
0,BASE_x_P40,roll_rec__ch3001_daily_mean_w7_min,0.0004728428029920906,False,False
0,BASE_x_P40,roll_rec__ch3001_daily_mean_w7_sd,0.0003640357463154942,False,True
0,BASE_x_P40,roll_rec__ch3001_daily_mean_w7_slope,0.0010717028053477407,False,False
0,BASE_x_P40,roll_rec__ch3001_daily_median_w30_max,0.0003530257090460509,False,False
0,BASE_x_P40,roll_rec__ch3001_daily_median_w30_mean,0.00019168539438396692,False,True
0,BASE_x_P40,roll_rec__ch3001_daily_median_w30_min,0.00035467592533677816,False,False
0,BASE_x_P40,roll_rec__ch3001_daily_median_w30_sd,0.0014550068881362677,False,True
0,BASE_x_P40,roll_rec__ch3001_daily_median_w30_slope,0.0010227726306766272,False,False
0,BASE_x_P40,roll_rec__ch3001_daily_median_w7_max,0.0008476875373162329,False,False
0,BASE_x_P40,roll_rec__ch3001_daily_median_w7_mean,0.0002990542561747134,False,True
0,BASE_x_P40,roll_rec__ch3001_daily_median_w7_min,0.0007347569335252047,False,False
0,BASE_x_P40,roll_rec__ch3001_daily_median_w7_sd,0.0013950290158390999,False,True
0,BASE_x_P40,roll_rec__ch3001_daily_median_w7_slope,0.001186382956802845,False,False
0,BASE_x_P40,roll_rec__ch3001_daily_sd_w30_max,0.004688294604420662,False,False
0,BASE_x_P40,roll_rec__ch3001_daily_sd_w30_mean,0.007028352469205856,False,True
0,BASE_x_P40,roll_rec__ch3001_daily_sd_w30_min,0.0021345021668821573,False,False
0,BASE_x_P40,roll_rec__ch3001_daily_sd_w30_sd,0.0021228680852800608,False,True
0,BASE_x_P40,roll_rec__ch3001_daily_sd_w30_slope,0.0018140270840376616,False,False
0,BASE_x_P40,roll_rec__ch3001_daily_sd_w7_max,0.014646642841398716,False,False
0,BASE_x_P40,roll_rec__ch3001_daily_sd_w7_mean,0.004320445470511913,False,True
0,BASE_x_P40,roll_rec__ch3001_daily_sd_w7_min,0.0019234676146879792,False,False
0,BASE_x_P40,roll_rec__ch3001_daily_sd_w7_sd,0.005610805936157703,False,True
0,BASE_x_P40,roll_rec__ch3001_daily_sd_w7_slope,0.0018618928734213114,False,False
0,BASE_x_P40,roll_rec__ch3002_daily_hours_w30_max,0.0022049315739423037,False,False
0,BASE_x_P40,roll_rec__ch3002_daily_hours_w30_mean,0.0005828578141517937,False,True
0,BASE_x_P40,roll_rec__ch3002_daily_hours_w30_min,0.0010161882964894176,False,False
0,BASE_x_P40,roll_rec__ch3002_daily_hours_w30_sd,0.0018059369176626205,False,True
0,BASE_x_P40,roll_rec__ch3002_daily_hours_w30_slope,0.00219635758548975,False,False
0,BASE_x_P40,roll_rec__ch3002_daily_hours_w7_max,0.0008659368613734841,False,False
0,BASE_x_P40,roll_rec__ch3002_daily_hours_w7_mean,0.0007923321099951863,False,True
0,BASE_x_P40,roll_rec__ch3002_daily_hours_w7_min,0.0010965726105496287,False,False
0,BASE_x_P40,roll_rec__ch3002_daily_hours_w7_sd,0.0026334545109421015,False,True
0,BASE_x_P40,roll_rec__ch3002_daily_hours_w7_slope,0.0019020390463992953,False,False
0,BASE_x_P40,roll_rec__ch3002_daily_mean_w30_max,0.0005703213973902166,False,False
0,BASE_x_P40,roll_rec__ch3002_daily_mean_w30_mean,0.0001734278630465269,False,True
0,BASE_x_P40,roll_rec__ch3002_daily_mean_w30_min,0.0008541312417946756,False,False
0,BASE_x_P40,roll_rec__ch3002_daily_mean_w30_sd,0.001320200739428401,False,True
0,BASE_x_P40,roll_rec__ch3002_daily_mean_w30_slope,0.001191936549730599,False,False
0,BASE_x_P40,roll_rec__ch3002_daily_mean_w7_max,0.0007238941034302115,False,False
0,BASE_x_P40,roll_rec__ch3002_daily_mean_w7_mean,0.0003302298719063401,False,True
0,BASE_x_P40,roll_rec__ch3002_daily_mean_w7_min,0.0013603564584627748,False,False
0,BASE_x_P40,roll_rec__ch3002_daily_mean_w7_sd,0.0019008404342457652,False,True
0,BASE_x_P40,roll_rec__ch3002_daily_mean_w7_slope,0.001684358692727983,False,False
0,BASE_x_P40,roll_rec__ch3002_daily_median_w30_max,0.00047633718349970877,False,False
0,BASE_x_P40,roll_rec__ch3002_daily_median_w30_mean,0.00032641319558024406,False,True
0,BASE_x_P40,roll_rec__ch3002_daily_median_w30_min,0.000516519183292985,False,False
0,BASE_x_P40,roll_rec__ch3002_daily_median_w30_sd,0.0009446506737731397,False,True
0,BASE_x_P40,roll_rec__ch3002_daily_median_w30_slope,0.0009864155435934663,False,False
0,BASE_x_P40,roll_rec__ch3002_daily_median_w7_max,0.0008495512302033603,False,False
0,BASE_x_P40,roll_rec__ch3002_daily_median_w7_mean,0.0003644615935627371,False,True
0,BASE_x_P40,roll_rec__ch3002_daily_median_w7_min,0.0011396496556699276,False,False
0,BASE_x_P40,roll_rec__ch3002_daily_median_w7_sd,0.0013979350915178657,False,True
0,BASE_x_P40,roll_rec__ch3002_daily_median_w7_slope,0.0015498775755986571,False,False
0,BASE_x_P40,roll_rec__ch3002_daily_sd_w30_max,0.0019826788920909166,False,False
0,BASE_x_P40,roll_rec__ch3002_daily_sd_w30_mean,0.003133237361907959,False,True
0,BASE_x_P40,roll_rec__ch3002_daily_sd_w30_min,0.0016482544597238302,False,False
0,BASE_x_P40,roll_rec__ch3002_daily_sd_w30_sd,0.0017290615942329168,False,True
0,BASE_x_P40,roll_rec__ch3002_daily_sd_w30_slope,0.0023017299827188253,False,False
0,BASE_x_P40,roll_rec__ch3002_daily_sd_w7_max,0.0050935642793774605,False,False
0,BASE_x_P40,roll_rec__ch3002_daily_sd_w7_mean,0.004976463969796896,False,True
0,BASE_x_P40,roll_rec__ch3002_daily_sd_w7_min,0.00198750919662416,False,False
0,BASE_x_P40,roll_rec__ch3002_daily_sd_w7_sd,0.001574245747178793,False,True
0,BASE_x_P40,roll_rec__ch3002_daily_sd_w7_slope,0.002181791001930833,False,False
0,BASE_x_P40,roll_win__ch3000_daily_hours_w30_max,0.000772185914684087,False,False
0,BASE_x_P40,roll_win__ch3000_daily_hours_w30_mean,0.001089257188141346,False,True
0,BASE_x_P40,roll_win__ch3000_daily_hours_w30_min,0.0016668405150994658,False,False
0,BASE_x_P40,roll_win__ch3000_daily_hours_w30_sd,0.002056046621873975,False,True
0,BASE_x_P40,roll_win__ch3000_daily_hours_w30_slope,0.0031973915174603462,False,False
0,BASE_x_P40,roll_win__ch3000_daily_hours_w7_max,0.00031329834018833935,False,False
0,BASE_x_P40,roll_win__ch3000_daily_hours_w7_mean,0.000707258761394769,False,True
0,BASE_x_P40,roll_win__ch3000_daily_hours_w7_min,0.002212855499237776,False,False
0,BASE_x_P40,roll_win__ch3000_daily_hours_w7_sd,0.002441343618556857,False,True
0,BASE_x_P40,roll_win__ch3000_daily_hours_w7_slope,0.0029947806615382433,False,False
0,BASE_x_P40,roll_win__ch3000_daily_mean_w30_max,0.0006360900006256998,False,False
0,BASE_x_P40,roll_win__ch3000_daily_mean_w30_mean,0.00042971436050720513,False,True
0,BASE_x_P40,roll_win__ch3000_daily_mean_w30_min,0.0007029555854387581,False,False
0,BASE_x_P40,roll_win__ch3000_daily_mean_w30_sd,0.002511716214939952,False,True
0,BASE_x_P40,roll_win__ch3000_daily_mean_w30_slope,0.002877324353903532,False,False
0,BASE_x_P40,roll_win__ch3000_daily_mean_w7_max,0.0009607942774891853,False,False
0,BASE_x_P40,roll_win__ch3000_daily_mean_w7_mean,0.00035247273626737297,False,True
0,BASE_x_P40,roll_win__ch3000_daily_mean_w7_min,0.0009900146396830678,False,False
0,BASE_x_P40,roll_win__ch3000_daily_mean_w7_sd,0.001378169865347445,False,True
0,BASE_x_P40,roll_win__ch3000_daily_mean_w7_slope,0.002175157191231847,False,False
0,BASE_x_P40,roll_win__ch3000_daily_median_w30_max,0.0006663460517302155,False,False
0,BASE_x_P40,roll_win__ch3000_daily_median_w30_mean,0.00031223753467202187,False,True
0,BASE_x_P40,roll_win__ch3000_daily_median_w30_min,0.00044091910240240395,False,False
0,BASE_x_P40,roll_win__ch3000_daily_median_w30_sd,0.0021659054327756166,False,True
0,BASE_x_P40,roll_win__ch3000_daily_median_w30_slope,0.002116845455020666,False,False
0,BASE_x_P40,roll_win__ch3000_daily_median_w7_max,0.0007930873543955386,False,False
0,BASE_x_P40,roll_win__ch3000_daily_median_w7_mean,0.00028509332332760096,False,True
0,BASE_x_P40,roll_win__ch3000_daily_median_w7_min,0.00021944398758932948,False,False
0,BASE_x_P40,roll_win__ch3000_daily_median_w7_sd,0.0015431764768436551,False,True
0,BASE_x_P40,roll_win__ch3000_daily_median_w7_slope,0.0026460946537554264,False,False
0,BASE_x_P40,roll_win__ch3000_daily_sd_w30_max,0.0015277770580723882,False,False
0,BASE_x_P40,roll_win__ch3000_daily_sd_w30_mean,0.0014796974137425423,False,True
0,BASE_x_P40,roll_win__ch3000_daily_sd_w30_min,0.001427422626875341,False,False
0,BASE_x_P40,roll_win__ch3000_daily_sd_w30_sd,0.002760017989203334,False,True
0,BASE_x_P40,roll_win__ch3000_daily_sd_w30_slope,0.0029181409627199173,False,False
0,BASE_x_P40,roll_win__ch3000_daily_sd_w7_max,0.0007855487638153136,False,False
0,BASE_x_P40,roll_win__ch3000_daily_sd_w7_mean,0.0009196199825964868,False,True
0,BASE_x_P40,roll_win__ch3000_daily_sd_w7_min,0.003064969787374139,False,False
0,BASE_x_P40,roll_win__ch3000_daily_sd_w7_sd,0.0023382985964417458,False,True
0,BASE_x_P40,roll_win__ch3000_daily_sd_w7_slope,0.003955435007810593,False,False
0,BASE_x_P40,roll_win__ch3001_daily_hours_w30_max,0.0013557689962908626,False,False
0,BASE_x_P40,roll_win__ch3001_daily_hours_w30_mean,0.0007921996875666082,False,True
0,BASE_x_P40,roll_win__ch3001_daily_hours_w30_min,0.0011511205229908228,False,False
0,BASE_x_P40,roll_win__ch3001_daily_hours_w30_sd,0.0013184157432988286,False,True
0,BASE_x_P40,roll_win__ch3001_daily_hours_w30_slope,0.0015229391865432262,False,False
0,BASE_x_P40,roll_win__ch3001_daily_hours_w7_max,0.0017720210598781705,False,False
0,BASE_x_P40,roll_win__ch3001_daily_hours_w7_mean,0.0006641141953878105,False,True
0,BASE_x_P40,roll_win__ch3001_daily_hours_w7_min,0.0012013835366815329,False,False
0,BASE_x_P40,roll_win__ch3001_daily_hours_w7_sd,0.003794959047809243,False,True
0,BASE_x_P40,roll_win__ch3001_daily_hours_w7_slope,0.0016798980068415403,False,False
0,BASE_x_P40,roll_win__ch3001_daily_mean_w30_max,0.0006168951513245702,False,False
0,BASE_x_P40,roll_win__ch3001_daily_mean_w30_mean,0.00019782160234171897,False,True
0,BASE_x_P40,roll_win__ch3001_daily_mean_w30_min,0.0006886596675030887,False,False
0,BASE_x_P40,roll_win__ch3001_daily_mean_w30_sd,0.002413099864497781,False,True
0,BASE_x_P40,roll_win__ch3001_daily_mean_w30_slope,0.0025290786288678646,False,False
0,BASE_x_P40,roll_win__ch3001_daily_mean_w7_max,0.0007993465405888855,False,False
0,BASE_x_P40,roll_win__ch3001_daily_mean_w7_mean,0.00012198195327073336,False,True
0,BASE_x_P40,roll_win__ch3001_daily_mean_w7_min,0.0009316784562543035,False,False
0,BASE_x_P40,roll_win__ch3001_daily_mean_w7_sd,0.0021733141038566828,False,True
0,BASE_x_P40,roll_win__ch3001_daily_mean_w7_slope,0.0017869322327896953,False,False
0,BASE_x_P40,roll_win__ch3001_daily_median_w30_max,0.0005917725502513349,False,False
0,BASE_x_P40,roll_win__ch3001_daily_median_w30_mean,0.0004716777184512466,False,True
0,BASE_x_P40,roll_win__ch3001_daily_median_w30_min,0.00029218115378171206,False,False
0,BASE_x_P40,roll_win__ch3001_daily_median_w30_sd,0.0017480191309005022,False,True
0,BASE_x_P40,roll_win__ch3001_daily_median_w30_slope,0.0020464754197746515,False,False
0,BASE_x_P40,roll_win__ch3001_daily_median_w7_max,0.0005951447528786957,False,False
0,BASE_x_P40,roll_win__ch3001_daily_median_w7_mean,0.0001739797880873084,False,True
0,BASE_x_P40,roll_win__ch3001_daily_median_w7_min,0.0008572256192564964,False,False
0,BASE_x_P40,roll_win__ch3001_daily_median_w7_sd,0.0019262185087427497,False,True
0,BASE_x_P40,roll_win__ch3001_daily_median_w7_slope,0.002563928486779332,False,False
0,BASE_x_P40,roll_win__ch3001_daily_sd_w30_max,0.00410014484077692,False,False
0,BASE_x_P40,roll_win__ch3001_daily_sd_w30_mean,0.009955580346286297,False,True
0,BASE_x_P40,roll_win__ch3001_daily_sd_w30_min,0.0022369835060089827,False,False
0,BASE_x_P40,roll_win__ch3001_daily_sd_w30_sd,0.002113556722179055,False,True
0,BASE_x_P40,roll_win__ch3001_daily_sd_w30_slope,0.001900514937005937,False,False
0,BASE_x_P40,roll_win__ch3001_daily_sd_w7_max,0.0022646659053862095,False,False
0,BASE_x_P40,roll_win__ch3001_daily_sd_w7_mean,0.0038338936865329742,False,True
0,BASE_x_P40,roll_win__ch3001_daily_sd_w7_min,0.0028172293677926064,False,False
0,BASE_x_P40,roll_win__ch3001_daily_sd_w7_sd,0.0026354840956628323,False,True
0,BASE_x_P40,roll_win__ch3001_daily_sd_w7_slope,0.0024085738696157932,False,False
0,BASE_x_P40,roll_win__ch3002_daily_hours_w30_max,0.0011339759221300483,False,False
0,BASE_x_P40,roll_win__ch3002_daily_hours_w30_mean,0.0007570619345642626,False,True
0,BASE_x_P40,roll_win__ch3002_daily_hours_w30_min,0.0012583715142682195,False,False
0,BASE_x_P40,roll_win__ch3002_daily_hours_w30_sd,0.0009788386523723602,False,True
0,BASE_x_P40,roll_win__ch3002_daily_hours_w30_slope,0.0018422583816573024,False,False
0,BASE_x_P40,roll_win__ch3002_daily_hours_w7_max,0.001648699282668531,False,False
0,BASE_x_P40,roll_win__ch3002_daily_hours_w7_mean,0.0008304018410854042,False,True
0,BASE_x_P40,roll_win__ch3002_daily_hours_w7_min,0.0011370889842510223,False,False
0,BASE_x_P40,roll_win__ch3002_daily_hours_w7_sd,0.003924809396266937,False,True
0,BASE_x_P40,roll_win__ch3002_daily_hours_w7_slope,0.002271834993734956,False,False
0,BASE_x_P40,roll_win__ch3002_daily_mean_w30_max,0.0004242515133228153,False,False
0,BASE_x_P40,roll_win__ch3002_daily_mean_w30_mean,0.00031372212106361985,False,True
0,BASE_x_P40,roll_win__ch3002_daily_mean_w30_min,0.000322992040310055,False,False
0,BASE_x_P40,roll_win__ch3002_daily_mean_w30_sd,0.0016634523635730147,False,True
0,BASE_x_P40,roll_win__ch3002_daily_mean_w30_slope,0.0017015726771205664,False,False
0,BASE_x_P40,roll_win__ch3002_daily_mean_w7_max,0.0003615802270360291,False,False
0,BASE_x_P40,roll_win__ch3002_daily_mean_w7_mean,0.0002891440235543996,False,True
0,BASE_x_P40,roll_win__ch3002_daily_mean_w7_min,0.000797154672909528,False,False
0,BASE_x_P40,roll_win__ch3002_daily_mean_w7_sd,0.0021440531127154827,False,True
0,BASE_x_P40,roll_win__ch3002_daily_mean_w7_slope,0.0025303461588919163,False,False
0,BASE_x_P40,roll_win__ch3002_daily_median_w30_max,0.0005880302633158863,False,False
0,BASE_x_P40,roll_win__ch3002_daily_median_w30_mean,0.00023498552036471665,False,True
0,BASE_x_P40,roll_win__ch3002_daily_median_w30_min,0.0004479730559978634,False,False
0,BASE_x_P40,roll_win__ch3002_daily_median_w30_sd,0.002287203213199973,False,True
0,BASE_x_P40,roll_win__ch3002_daily_median_w30_slope,0.001569169806316495,False,False
0,BASE_x_P40,roll_win__ch3002_daily_median_w7_max,0.000617923797108233,False,False
0,BASE_x_P40,roll_win__ch3002_daily_median_w7_mean,0.00018213101429864764,False,True
0,BASE_x_P40,roll_win__ch3002_daily_median_w7_min,0.0016337939305230975,False,False
0,BASE_x_P40,roll_win__ch3002_daily_median_w7_sd,0.002156163565814495,False,True
0,BASE_x_P40,roll_win__ch3002_daily_median_w7_slope,0.0014094742946326733,False,False
0,BASE_x_P40,roll_win__ch3002_daily_sd_w30_max,0.001988375559449196,False,False
0,BASE_x_P40,roll_win__ch3002_daily_sd_w30_mean,0.001759535982273519,False,True
0,BASE_x_P40,roll_win__ch3002_daily_sd_w30_min,0.0016918388428166509,False,False
0,BASE_x_P40,roll_win__ch3002_daily_sd_w30_sd,0.00245991931296885,False,True
0,BASE_x_P40,roll_win__ch3002_daily_sd_w30_slope,0.0019863590132445097,False,False
0,BASE_x_P40,roll_win__ch3002_daily_sd_w7_max,0.0014617012348026037,False,False
0,BASE_x_P40,roll_win__ch3002_daily_sd_w7_mean,0.0014924700371921062,False,True
0,BASE_x_P40,roll_win__ch3002_daily_sd_w7_min,0.00236141006462276,False,False
0,BASE_x_P40,roll_win__ch3002_daily_sd_w7_sd,0.0028501427732408047,False,True
0,BASE_x_P40,roll_win__ch3002_daily_sd_w7_slope,0.0031286580488085747,False,False
0,BASE_x_P40,cosinor_M_mean,0.0029639825224876404,False,True
0,BASE_x_P40,cosinor_A1_mean,0.003151307115331292,False,True
0,BASE_x_P40,cosinor_A2_mean,0.0007842940976843238,False,True
0,BASE_x_P40,cosinor_A3_mean,0.002693326212465763,False,True
0,BASE_x_P40,cosinor_acro_h_mean,0.004494688007980585,False,True
0,BASE_x_P40,cosinor_resid_sd_mean,0.010674887336790562,False,True
0,BASE_x_P40,curve_night_mean_mean,0.0005635538836941123,False,True
0,BASE_x_P40,curve_morning_slope_mean,0.0028857768047600985,False,True
0,BASE_x_P40,curve_day_night_contrast_mean,0.0010603509144857526,False,True
0,BASE_x_P40,curve_range_mean,0.0013261106796562672,False,True
0,BASE_x_P40,curve_entropy_mean,0.0019827671349048615,False,True
0,BASE_x_P40,hour_h0_mean,0.0013193399645388126,False,True
0,BASE_x_P40,hour_h1_mean,0.001120107714086771,False,True
0,BASE_x_P40,hour_h2_mean,0.0017487448640167713,False,True
0,BASE_x_P40,hour_h3_mean,0.0028888757806271315,False,True
0,BASE_x_P40,hour_h4_mean,0.005865730345249176,False,True
0,BASE_x_P40,hour_h5_mean,0.0034137072507292032,False,True
0,BASE_x_P40,hour_h6_mean,0.0020789559930562973,False,True
0,BASE_x_P40,hour_h7_mean,0.003501223400235176,False,True
0,BASE_x_P40,hour_h8_mean,0.005339100491255522,False,True
0,BASE_x_P40,hour_h9_mean,0.005191830452531576,False,True
0,BASE_x_P40,hour_h10_mean,0.005985056981444359,False,True
0,BASE_x_P40,hour_h11_mean,0.003968652803450823,False,True
0,BASE_x_P40,hour_h12_mean,0.002952445996925235,False,True
0,BASE_x_P40,hour_h13_mean,0.002865071874111891,False,True
0,BASE_x_P40,hour_h14_mean,0.0038741768803447485,False,True
0,BASE_x_P40,hour_h15_mean,0.0031967784743756056,False,True
0,BASE_x_P40,hour_h16_mean,0.004276714287698269,False,True
0,BASE_x_P40,hour_h17_mean,0.0028995841275900602,False,True
0,BASE_x_P40,hour_h18_mean,0.0014535258524119854,False,True
0,BASE_x_P40,hour_h19_mean,0.0011119416449218988,False,True
0,BASE_x_P40,hour_h20_mean,0.0017454237677156925,False,True
0,BASE_x_P40,hour_h21_mean,0.0017484419513493776,False,True
0,BASE_x_P40,hour_h22_mean,0.0013084200909361243,False,True
0,BASE_x_P40,hour_h23_mean,0.0006034288671799004,False,True
0,BASE_x_P40,cosinor_M_sd,0.0014991887146607041,False,True
0,BASE_x_P40,cosinor_A1_sd,0.0029857612680643797,False,True
0,BASE_x_P40,cosinor_A2_sd,0.002286917297169566,False,True
0,BASE_x_P40,cosinor_A3_sd,0.0010049978736788034,False,True
0,BASE_x_P40,cosinor_acro_h_sd,0.0031265285797417164,False,True
0,BASE_x_P40,cosinor_resid_sd_sd,0.0018898964626714587,False,True
0,BASE_x_P40,curve_night_mean_sd,0.0024731887970119715,False,True
0,BASE_x_P40,curve_morning_slope_sd,0.0028849896043539047,False,True
0,BASE_x_P40,curve_day_night_contrast_sd,0.01650472916662693,False,True
0,BASE_x_P40,curve_range_sd,0.0046167634427547455,False,True
0,BASE_x_P40,curve_entropy_sd,0.003533498849719763,False,True
0,BASE_x_P40,hour_h0_sd,0.0017809976125136018,False,True
0,BASE_x_P40,hour_h1_sd,0.0015297186328098178,False,True
0,BASE_x_P40,hour_h2_sd,0.0016241756966337562,False,True
0,BASE_x_P40,hour_h3_sd,0.0011772677535191178,False,True
0,BASE_x_P40,hour_h4_sd,0.002452196553349495,False,True
0,BASE_x_P40,hour_h5_sd,0.0021959792356938124,False,True
0,BASE_x_P40,hour_h6_sd,0.002051972085610032,False,True
0,BASE_x_P40,hour_h7_sd,0.0031145322136580944,False,True
0,BASE_x_P40,hour_h8_sd,0.0035465839318931103,False,True
0,BASE_x_P40,hour_h9_sd,0.002638996345922351,False,True
0,BASE_x_P40,hour_h10_sd,0.0025363070890307426,False,True
0,BASE_x_P40,hour_h11_sd,0.0024324236437678337,False,True
0,BASE_x_P40,hour_h12_sd,0.00303635629825294,False,True
0,BASE_x_P40,hour_h13_sd,0.0009403691510669887,False,True
0,BASE_x_P40,hour_h14_sd,0.0024230866692960262,False,True
0,BASE_x_P40,hour_h15_sd,0.002382470527663827,False,True
0,BASE_x_P40,hour_h16_sd,0.0014113190118223429,False,True
0,BASE_x_P40,hour_h17_sd,0.002521761227399111,False,True
0,BASE_x_P40,hour_h18_sd,0.003950600512325764,False,True
0,BASE_x_P40,hour_h19_sd,0.0050175669603049755,False,True
0,BASE_x_P40,hour_h20_sd,0.0057219224981963634,False,True
0,BASE_x_P40,hour_h21_sd,0.004263181705027819,False,True
0,BASE_x_P40,hour_h22_sd,0.0029181239660829306,False,True
0,BASE_x_P40,hour_h23_sd,0.002402933081611991,False,True
0,BASE_x_P40,curve_night_mean_wd,0.0018198536708950996,False,True
0,BASE_x_P40,curve_morning_slope_wd,0.0014654552796855569,False,True
0,BASE_x_P40,curve_day_night_contrast_wd,0.0014683697372674942,False,True
0,BASE_x_P40,curve_range_wd,0.0016063069924712181,False,True
0,BASE_x_P40,curve_entropy_wd,0.0011478407541289926,False,True
0,BASE_x_P40,curve_night_mean_we,0.0009033441310748458,False,True
0,BASE_x_P40,curve_morning_slope_we,0.0021896311081945896,False,True
0,BASE_x_P40,curve_day_night_contrast_we,0.0016241982812061906,False,True
0,BASE_x_P40,curve_range_we,0.001431250013411045,False,True
0,BASE_x_P40,curve_entropy_we,0.0020825043320655823,False,True
0,BASE_x_P40,curve_night_mean_wd_diff,0.00475281709805131,False,True
0,BASE_x_P40,curve_morning_slope_wd_diff,0.0018150012474507093,False,True
0,BASE_x_P40,curve_day_night_contrast_wd_diff,0.0015760032692924142,False,True
0,BASE_x_P40,curve_range_wd_diff,0.004011818207800388,False,True
0,BASE_x_P40,curve_entropy_wd_diff,0.002661586506292224,False,True
0,BASE_x_P40,demo__age_group=Elderly,0.0029905226547271013,False,False
0,BASE_x_P40,demo__age_group=Middle Ager,0.00037989355041645467,False,False
0,BASE_x_P40,demo__age_group=Young Adults,0.00016853211855050176,False,False
0,BASE_x_P40,demo__bmi_grp=normal,0.0008881362155079842,False,False
0,BASE_x_P40,demo__bmi_grp=obese,6.262996612349525e-05,False,False
0,BASE_x_P40,demo__bmi_grp=overweight,0.0009490459342487156,False,False
1,C40,d_ch3000_mean,0.03693833202123642,False,True
1,C40,d_ch3000_median,0.02596791833639145,False,False
1,C40,d_ch3000_sd,0.01882936991751194,False,True
1,C40,d_ch3000_vmin,0.05648725479841232,False,False
1,C40,d_ch3000_vmax,0.01854752190411091,False,False
1,C40,d_ch3000_n,0.012341748923063278,False,False
1,C40,d_ch3000_cov_h,0.01111347135156393,False,False
1,C40,d_ch3000_hours,0.001670663827098906,False,False
1,C40,d_ch3001_mean,0.008353011682629585,False,True
1,C40,d_ch3001_median,0.003997346851974726,False,False
1,C40,d_ch3001_sd,0.01490074209868908,False,True
1,C40,d_ch3001_vmin,0.0052252658642828465,False,False
1,C40,d_ch3001_vmax,0.009807540103793144,False,False
1,C40,d_ch3001_n,0.007557532284408808,False,False
1,C40,d_ch3001_cov_h,0.007794717792421579,False,False
1,C40,d_ch3001_hours,0.002086654072627425,False,False
1,C40,d_ch3002_mean,0.008149081841111183,False,True
1,C40,d_ch3002_median,0.0051466720178723335,False,False
1,C40,d_ch3002_sd,0.010893948376178741,False,True
1,C40,d_ch3002_vmin,0.004162177909165621,False,False
1,C40,d_ch3002_vmax,0.006270401179790497,False,False
1,C40,d_ch3002_n,0.0018604402430355549,False,False
1,C40,d_ch3002_cov_h,0.002169687068089843,False,False
1,C40,d_ch3002_hours,0.0019736725371330976,False,False
1,C40,d_gap_3000_3001_mean,0.01168757863342762,False,True
1,C40,d_gap_3000_3002_mean,0.012068255804479122,False,True
1,C40,d_gap_3000_3001_sd,0.013522643595933914,False,True
1,C40,d_gap_3000_3002_sd,0.010747330263257027,False,True
1,C40,d_is_weekend,0.0018248639535158873,False,False
1,C40,cosinor_M,0.016657710075378418,True,False
1,C40,cosinor_A1,0.01564898155629635,True,False
1,C40,cosinor_A2,0.017413457855582237,True,False
1,C40,cosinor_A3,0.018238143995404243,True,False
1,C40,cosinor_acro_h,0.013658576644957066,True,False
1,C40,cosinor_resid_sd,0.015012550167739391,True,True
1,C40,curve_night_mean,0.019546443596482277,True,True
1,C40,curve_morning_slope,0.01786312460899353,True,False
1,C40,curve_day_night_contrast,0.014281164854764938,True,False
1,C40,curve_range,0.01850907877087593,True,False
1,C40,curve_entropy,0.017931779846549034,True,False
1,C40,hour_h0,0.016543520614504814,True,False
1,C40,hour_h1,0.015181067399680614,True,False
1,C40,hour_h2,0.015334033407270908,True,False
1,C40,hour_h3,0.018129609525203705,True,False
1,C40,hour_h4,0.025877108797430992,True,False
1,C40,hour_h5,0.021369773894548416,True,False
1,C40,hour_h6,0.02321648597717285,True,False
1,C40,hour_h7,0.024554362520575523,True,False
1,C40,hour_h8,0.023896215483546257,True,False
1,C40,hour_h9,0.020741591230034828,True,False
1,C40,hour_h10,0.021944589912891388,True,False
1,C40,hour_h11,0.022495867684483528,True,False
1,C40,hour_h12,0.019437151029706,True,False
1,C40,hour_h13,0.019918564707040787,True,False
1,C40,hour_h14,0.019947320222854614,True,False
1,C40,hour_h15,0.021304266527295113,True,False
1,C40,hour_h16,0.021303243935108185,True,False
1,C40,hour_h17,0.018944064155220985,True,False
1,C40,hour_h18,0.018704432994127274,True,False
1,C40,hour_h19,0.01982472650706768,True,False
1,C40,hour_h20,0.01900714449584484,True,False
1,C40,hour_h21,0.01861777901649475,True,False
1,C40,hour_h22,0.018391260877251625,True,False
1,C40,hour_h23,0.018458953127264977,True,False
1,C40_resid,d_ch3000_mean,0.037920575588941574,False,True
1,C40_resid,d_ch3000_median,0.025932561606168747,False,False
1,C40_resid,d_ch3000_sd,0.018151698634028435,False,True
1,C40_resid,d_ch3000_vmin,0.05526469275355339,False,False
1,C40_resid,d_ch3000_vmax,0.01838712953031063,False,False
1,C40_resid,d_ch3000_n,0.010727823711931705,False,False
1,C40_resid,d_ch3000_cov_h,0.010035873390734196,False,False
1,C40_resid,d_ch3000_hours,0.001766399247571826,False,False
1,C40_resid,d_ch3001_mean,0.008500762283802032,False,True
1,C40_resid,d_ch3001_median,0.004153262358158827,False,False
1,C40_resid,d_ch3001_sd,0.014495264738798141,False,True
1,C40_resid,d_ch3001_vmin,0.004968256689608097,False,False
1,C40_resid,d_ch3001_vmax,0.009542712941765785,False,False
1,C40_resid,d_ch3001_n,0.0072485944256186485,False,False
1,C40_resid,d_ch3001_cov_h,0.007594154216349125,False,False
1,C40_resid,d_ch3001_hours,0.0022430680692195892,False,False
1,C40_resid,d_ch3002_mean,0.008213014341890812,False,True
1,C40_resid,d_ch3002_median,0.005442076828330755,False,False
1,C40_resid,d_ch3002_sd,0.010345171205699444,False,True
1,C40_resid,d_ch3002_vmin,0.004108992870897055,False,False
1,C40_resid,d_ch3002_vmax,0.006068563088774681,False,False
1,C40_resid,d_ch3002_n,0.0020989221520721912,False,False
1,C40_resid,d_ch3002_cov_h,0.0020007432904094458,False,False
1,C40_resid,d_ch3002_hours,0.0019777819979935884,False,False
1,C40_resid,d_gap_3000_3001_mean,0.011506663635373116,False,True
1,C40_resid,d_gap_3000_3002_mean,0.011934696696698666,False,True
1,C40_resid,d_gap_3000_3001_sd,0.01320541650056839,False,True
1,C40_resid,d_gap_3000_3002_sd,0.010632220655679703,False,True
1,C40_resid,d_is_weekend,0.0017960219411179423,False,False
1,C40_resid,cosinor_M,0.017268288880586624,True,False
1,C40_resid,cosinor_A1,0.014234395697712898,True,False
1,C40_resid,cosinor_A2,0.014481882564723492,True,False
1,C40_resid,cosinor_A3,0.01557642687112093,True,False
1,C40_resid,cosinor_acro_h,0.019301043823361397,True,False
1,C40_resid,cosinor_resid_sd,0.015558113344013691,True,True
1,C40_resid,curve_night_mean,0.02495335042476654,True,True
1,C40_resid,curve_morning_slope,0.017753882333636284,True,False
1,C40_resid,curve_day_night_contrast,0.014091993682086468,True,False
1,C40_resid,curve_range,0.018352583050727844,True,False
1,C40_resid,curve_entropy,0.01994209922850132,True,False
1,C40_resid,hour_h0,0.017211968079209328,True,False
1,C40_resid,hour_h1,0.015451343730092049,True,False
1,C40_resid,hour_h2,0.014764727093279362,True,False
1,C40_resid,hour_h3,0.018410591408610344,True,False
1,C40_resid,hour_h4,0.022858602926135063,True,False
1,C40_resid,hour_h5,0.02041478268802166,True,False
1,C40_resid,hour_h6,0.023680415004491806,True,False
1,C40_resid,hour_h7,0.025166694074869156,True,False
1,C40_resid,hour_h8,0.023272491991519928,True,False
1,C40_resid,hour_h9,0.020445680245757103,True,False
1,C40_resid,hour_h10,0.02252018451690674,True,False
1,C40_resid,hour_h11,0.022434551268815994,True,False
1,C40_resid,hour_h12,0.019472528249025345,True,False
1,C40_resid,hour_h13,0.02035648748278618,True,False
1,C40_resid,hour_h14,0.019990818575024605,True,False
1,C40_resid,hour_h15,0.021563105285167694,True,False
1,C40_resid,hour_h16,0.02124110795557499,True,False
1,C40_resid,hour_h17,0.019068147987127304,True,False
1,C40_resid,hour_h18,0.019284358248114586,True,False
1,C40_resid,hour_h19,0.01930953934788704,True,False
1,C40_resid,hour_h20,0.019191289320588112,True,False
1,C40_resid,hour_h21,0.018935110419988632,True,False
1,C40_resid,hour_h22,0.018489563837647438,True,False
1,C40_resid,hour_h23,0.018688742071390152,True,False
1,BASE_x_P40,rec__ch3000_observed_days,0.0002300716587342322,False,False
1,BASE_x_P40,rec__ch3000_adequate_days,0.0005160995642654598,False,False
1,BASE_x_P40,rec__ch3000_events,0.0015845447778701782,False,False
1,BASE_x_P40,rec__ch3000_span_days,0.0011188257485628128,False,False
1,BASE_x_P40,rec__ch3000_mean_cov_h,0.0012984026689082384,False,False
1,BASE_x_P40,rec__ch3000_mean_hours,0.000618968449998647,False,False
1,BASE_x_P40,rec__ch3000_events_per_day,0.001191828167065978,False,False
1,BASE_x_P40,rec__ch3000_mean_of_daily_mean,0.0018549482338130474,False,True
1,BASE_x_P40,rec__ch3000_sd_of_daily_mean,0.01214089896529913,False,True
1,BASE_x_P40,rec__ch3000_mean_of_daily_sd,0.0011307073291391134,False,True
1,BASE_x_P40,rec__ch3000_median_of_daily_median,0.0018167711095884442,False,False
1,BASE_x_P40,rec__ch3000_p25_of_daily_median,0.0037007892969995737,False,False
1,BASE_x_P40,rec__ch3000_p75_of_daily_median,0.0007272957591339946,False,False
1,BASE_x_P40,rec__ch3000_iqr_of_daily_median,0.00045508620678447187,False,False
1,BASE_x_P40,rec__ch3000_min_of_daily_min,0.0019438102608546615,False,False
1,BASE_x_P40,rec__ch3000_max_of_daily_max,0.0027532214298844337,False,False
1,BASE_x_P40,rec__ch3000_range_of_daily_extremes,0.0038005844689905643,False,False
1,BASE_x_P40,rec__ch3000_weekday_mean,0.03073992021381855,False,True
1,BASE_x_P40,rec__ch3000_weekend_mean,0.00101516954600811,False,True
1,BASE_x_P40,rec__ch3000_weekend_minus_weekday,0.01074978057295084,False,False
1,BASE_x_P40,rec__ch3001_observed_days,0.000512551749125123,False,False
1,BASE_x_P40,rec__ch3001_adequate_days,0.0005210643284954131,False,False
1,BASE_x_P40,rec__ch3001_events,0.0011065361322835088,False,False
1,BASE_x_P40,rec__ch3001_span_days,0.0020010725129395723,False,False
1,BASE_x_P40,rec__ch3001_mean_cov_h,0.0014588916674256325,False,False
1,BASE_x_P40,rec__ch3001_mean_hours,0.000382099999114871,False,False
1,BASE_x_P40,rec__ch3001_events_per_day,0.00040927206282503903,False,False
1,BASE_x_P40,rec__ch3001_mean_of_daily_mean,0.00026442890521138906,False,True
1,BASE_x_P40,rec__ch3001_sd_of_daily_mean,0.0018836022354662418,False,True
1,BASE_x_P40,rec__ch3001_mean_of_daily_sd,0.009636140428483486,False,True
1,BASE_x_P40,rec__ch3001_median_of_daily_median,1.2235457688802853e-05,False,False
1,BASE_x_P40,rec__ch3001_p25_of_daily_median,0.0004300727159716189,False,False
1,BASE_x_P40,rec__ch3001_p75_of_daily_median,0.0,False,False
1,BASE_x_P40,rec__ch3001_iqr_of_daily_median,0.0002705237711779773,False,False
1,BASE_x_P40,rec__ch3001_min_of_daily_min,0.0014406179543584585,False,False
1,BASE_x_P40,rec__ch3001_max_of_daily_max,0.0017364148516207933,False,False
1,BASE_x_P40,rec__ch3001_range_of_daily_extremes,0.004987121094018221,False,False
1,BASE_x_P40,rec__ch3001_weekday_mean,0.00019756621622946113,False,True
1,BASE_x_P40,rec__ch3001_weekend_mean,0.00030980014707893133,False,True
1,BASE_x_P40,rec__ch3001_weekend_minus_weekday,0.001853839261457324,False,False
1,BASE_x_P40,rec__ch3002_observed_days,0.0005824472173117101,False,False
1,BASE_x_P40,rec__ch3002_adequate_days,0.0010258990805596113,False,False
1,BASE_x_P40,rec__ch3002_events,0.0013854189310222864,False,False
1,BASE_x_P40,rec__ch3002_span_days,0.00080344348680228,False,False
1,BASE_x_P40,rec__ch3002_mean_cov_h,0.0003630561986938119,False,False
1,BASE_x_P40,rec__ch3002_mean_hours,0.0005138341221027076,False,False
1,BASE_x_P40,rec__ch3002_events_per_day,0.0004154629132244736,False,False
1,BASE_x_P40,rec__ch3002_mean_of_daily_mean,0.00026646899641491473,False,True
1,BASE_x_P40,rec__ch3002_sd_of_daily_mean,0.004204063210636377,False,True
1,BASE_x_P40,rec__ch3002_mean_of_daily_sd,0.005312236957252026,False,True
1,BASE_x_P40,rec__ch3002_median_of_daily_median,8.4181476267986e-05,False,False
1,BASE_x_P40,rec__ch3002_p25_of_daily_median,0.00015911241644062102,False,False
1,BASE_x_P40,rec__ch3002_p75_of_daily_median,0.0003616555768530816,False,False
1,BASE_x_P40,rec__ch3002_iqr_of_daily_median,0.0006502484320662916,False,False
1,BASE_x_P40,rec__ch3002_min_of_daily_min,0.0024221306666731834,False,False
1,BASE_x_P40,rec__ch3002_max_of_daily_max,0.0029031848534941673,False,False
1,BASE_x_P40,rec__ch3002_range_of_daily_extremes,0.002209912519901991,False,False
1,BASE_x_P40,rec__ch3002_weekday_mean,0.00040847575291991234,False,True
1,BASE_x_P40,rec__ch3002_weekend_mean,0.0006071247044019401,False,True
1,BASE_x_P40,rec__ch3002_weekend_minus_weekday,0.0034406061749905348,False,False
1,BASE_x_P40,rec__overall_events,0.0006889920332469046,False,False
1,BASE_x_P40,rec__overall_days,0.00037861676537431777,False,False
1,BASE_x_P40,rec__overall_span_days,0.001278055366128683,False,False
1,BASE_x_P40,rec__overall_adequate_channel_days,0.0005669945967383683,False,False
1,BASE_x_P40,rec__ch3000_minus_ch3001_mean,0.009788936004042625,False,True
1,BASE_x_P40,rec__ch3000_minus_ch3002_mean,0.010769777931272984,False,True
1,BASE_x_P40,rec__ch3000_tod_night,0.00445005064830184,False,False
1,BASE_x_P40,rec__ch3000_tod_morning,0.03857100009918213,False,False
1,BASE_x_P40,rec__ch3000_tod_afternoon,0.0028695545624941587,False,False
1,BASE_x_P40,rec__ch3000_tod_evening,0.0012428807094693184,False,False
1,BASE_x_P40,rec__ch3001_tod_night,0.007865039631724358,False,False
1,BASE_x_P40,rec__ch3001_tod_morning,0.0006995691219344735,False,False
1,BASE_x_P40,rec__ch3001_tod_afternoon,0.0009606722160242498,False,False
1,BASE_x_P40,rec__ch3001_tod_evening,0.0005577107658609748,False,False
1,BASE_x_P40,rec__ch3002_tod_night,0.003962747287005186,False,False
1,BASE_x_P40,rec__ch3002_tod_morning,0.0007234977092593908,False,False
1,BASE_x_P40,rec__ch3002_tod_afternoon,0.001441772561520338,False,False
1,BASE_x_P40,rec__ch3002_tod_evening,0.00038947342545725405,False,False
1,BASE_x_P40,win__ch3000_observed_days,4.571556928567588e-05,False,False
1,BASE_x_P40,win__ch3000_adequate_days,0.0002832362079061568,False,False
1,BASE_x_P40,win__ch3000_events,0.0011346397222951055,False,False
1,BASE_x_P40,win__ch3000_mean_cov_h,0.0011061226250603795,False,False
1,BASE_x_P40,win__ch3000_mean_hours,0.0011632932582870126,False,False
1,BASE_x_P40,win__ch3000_events_per_day,0.0013576445635408163,False,False
1,BASE_x_P40,win__ch3000_mean_of_daily_mean,0.0004139106022194028,False,True
1,BASE_x_P40,win__ch3000_sd_of_daily_mean,0.014729198068380356,False,True
1,BASE_x_P40,win__ch3000_mean_of_daily_sd,0.0014193127863109112,False,True
1,BASE_x_P40,win__ch3000_median_of_daily_median,0.00017577996186446398,False,False
1,BASE_x_P40,win__ch3000_p25_of_daily_median,0.0014043479459360242,False,False
1,BASE_x_P40,win__ch3000_p75_of_daily_median,6.452405796153471e-05,False,False
1,BASE_x_P40,win__ch3000_iqr_of_daily_median,0.0008939162362366915,False,False
1,BASE_x_P40,win__ch3000_min_of_daily_min,0.0016899738693609834,False,False
1,BASE_x_P40,win__ch3000_max_of_daily_max,0.0020488419104367495,False,False
1,BASE_x_P40,win__ch3000_range_of_daily_extremes,0.002318918937817216,False,False
1,BASE_x_P40,win__ch3000_weekday_mean,0.006899416912347078,False,True
1,BASE_x_P40,win__ch3000_weekend_mean,0.0003517027944326401,False,True
1,BASE_x_P40,win__ch3000_weekend_minus_weekday,0.008118078112602234,False,False
1,BASE_x_P40,win__ch3001_observed_days,0.0006717422511428595,False,False
1,BASE_x_P40,win__ch3001_adequate_days,0.0003380848793312907,False,False
1,BASE_x_P40,win__ch3001_events,0.0014306813245639205,False,False
1,BASE_x_P40,win__ch3001_span_days,0.0001970337179955095,False,False
1,BASE_x_P40,win__ch3001_mean_cov_h,0.0008657831931486726,False,False
1,BASE_x_P40,win__ch3001_mean_hours,0.0005177927669137716,False,False
1,BASE_x_P40,win__ch3001_events_per_day,0.0005883788107894361,False,False
1,BASE_x_P40,win__ch3001_mean_of_daily_mean,1.9904814507754054e-06,False,True
1,BASE_x_P40,win__ch3001_sd_of_daily_mean,0.002581697190180421,False,True
1,BASE_x_P40,win__ch3001_mean_of_daily_sd,0.0043151541613042355,False,True
1,BASE_x_P40,win__ch3001_median_of_daily_median,1.7346614185953513e-05,False,False
1,BASE_x_P40,win__ch3001_p25_of_daily_median,0.00027067767223343253,False,False
1,BASE_x_P40,win__ch3001_p75_of_daily_median,0.00037777534453198314,False,False
1,BASE_x_P40,win__ch3001_iqr_of_daily_median,0.0015498687280341983,False,False
1,BASE_x_P40,win__ch3001_min_of_daily_min,0.0009371557971462607,False,False
1,BASE_x_P40,win__ch3001_max_of_daily_max,0.0014640960143879056,False,False
1,BASE_x_P40,win__ch3001_range_of_daily_extremes,0.0018245050450786948,False,False
1,BASE_x_P40,win__ch3001_weekday_mean,0.0004818572197109461,False,True
1,BASE_x_P40,win__ch3001_weekend_mean,0.0006391213973984122,False,True
1,BASE_x_P40,win__ch3001_weekend_minus_weekday,0.002449702937155962,False,False
1,BASE_x_P40,win__ch3002_observed_days,0.0021780238021165133,False,False
1,BASE_x_P40,win__ch3002_adequate_days,0.000445751182269305,False,False
1,BASE_x_P40,win__ch3002_events,0.0012989577371627092,False,False
1,BASE_x_P40,win__ch3002_span_days,3.211877992725931e-05,False,False
1,BASE_x_P40,win__ch3002_mean_cov_h,0.00035411844146437943,False,False
1,BASE_x_P40,win__ch3002_mean_hours,0.0009247447014786303,False,False
1,BASE_x_P40,win__ch3002_events_per_day,0.00041194455116055906,False,False
1,BASE_x_P40,win__ch3002_mean_of_daily_mean,0.00015053215611260384,False,True
1,BASE_x_P40,win__ch3002_sd_of_daily_mean,0.0073723155073821545,False,True
1,BASE_x_P40,win__ch3002_mean_of_daily_sd,0.001821977668441832,False,True
1,BASE_x_P40,win__ch3002_median_of_daily_median,0.00012903596507385373,False,False
1,BASE_x_P40,win__ch3002_p25_of_daily_median,0.0004064459935761988,False,False
1,BASE_x_P40,win__ch3002_p75_of_daily_median,0.0004163047706242651,False,False
1,BASE_x_P40,win__ch3002_iqr_of_daily_median,0.002627493580803275,False,False
1,BASE_x_P40,win__ch3002_min_of_daily_min,0.0009645760874263942,False,False
1,BASE_x_P40,win__ch3002_max_of_daily_max,0.0012354895006865263,False,False
1,BASE_x_P40,win__ch3002_range_of_daily_extremes,0.002165608573704958,False,False
1,BASE_x_P40,win__ch3002_weekday_mean,0.00045122287701815367,False,True
1,BASE_x_P40,win__ch3002_weekend_mean,0.0017417405033484101,False,True
1,BASE_x_P40,win__ch3002_weekend_minus_weekday,0.005940841045230627,False,False
1,BASE_x_P40,win__overall_events,0.0007494627498090267,False,False
1,BASE_x_P40,win__overall_days,6.559586472576484e-05,False,False
1,BASE_x_P40,win__overall_adequate_channel_days,0.0007465143571607769,False,False
1,BASE_x_P40,win__ch3000_minus_ch3001_mean,0.010173076763749123,False,True
1,BASE_x_P40,win__ch3000_minus_ch3002_mean,0.0070883966982364655,False,True
1,BASE_x_P40,win__ch3000_tod_night,0.0007609743042849004,False,False
1,BASE_x_P40,win__ch3000_tod_morning,0.025340596213936806,False,False
1,BASE_x_P40,win__ch3000_tod_afternoon,0.003560614073649049,False,False
1,BASE_x_P40,win__ch3000_tod_evening,0.001078729867003858,False,False
1,BASE_x_P40,win__ch3001_tod_night,0.0010493543231859803,False,False
1,BASE_x_P40,win__ch3001_tod_morning,0.0004871544078923762,False,False
1,BASE_x_P40,win__ch3001_tod_afternoon,0.0010520428186282516,False,False
1,BASE_x_P40,win__ch3001_tod_evening,0.00030426247394643724,False,False
1,BASE_x_P40,win__ch3002_tod_night,0.0006843939190730453,False,False
1,BASE_x_P40,win__ch3002_tod_morning,0.001764658372849226,False,False
1,BASE_x_P40,win__ch3002_tod_afternoon,0.001236254582181573,False,False
1,BASE_x_P40,win__ch3002_tod_evening,0.0006299820961430669,False,False
1,BASE_x_P40,roll_rec__ch3000_daily_hours_w30_max,0.0012501598102971911,False,False
1,BASE_x_P40,roll_rec__ch3000_daily_hours_w30_mean,0.0005267411470413208,False,True
1,BASE_x_P40,roll_rec__ch3000_daily_hours_w30_min,0.0019338791025802493,False,False
1,BASE_x_P40,roll_rec__ch3000_daily_hours_w30_sd,0.0019174031913280487,False,True
1,BASE_x_P40,roll_rec__ch3000_daily_hours_w30_slope,0.0015163784846663475,False,False
1,BASE_x_P40,roll_rec__ch3000_daily_hours_w7_max,6.94514747010544e-05,False,False
1,BASE_x_P40,roll_rec__ch3000_daily_hours_w7_mean,0.0006985311629250646,False,True
1,BASE_x_P40,roll_rec__ch3000_daily_hours_w7_min,0.001588110695593059,False,False
1,BASE_x_P40,roll_rec__ch3000_daily_hours_w7_sd,0.0011240150779485703,False,True
1,BASE_x_P40,roll_rec__ch3000_daily_hours_w7_slope,0.0020044157281517982,False,False
1,BASE_x_P40,roll_rec__ch3000_daily_mean_w30_max,0.00137149088550359,False,False
1,BASE_x_P40,roll_rec__ch3000_daily_mean_w30_mean,0.002211696933954954,False,True
1,BASE_x_P40,roll_rec__ch3000_daily_mean_w30_min,0.0031918534077703953,False,False
1,BASE_x_P40,roll_rec__ch3000_daily_mean_w30_sd,0.0018047370249405503,False,True
1,BASE_x_P40,roll_rec__ch3000_daily_mean_w30_slope,0.0012117099249735475,False,False
1,BASE_x_P40,roll_rec__ch3000_daily_mean_w7_max,0.0010623442940413952,False,False
1,BASE_x_P40,roll_rec__ch3000_daily_mean_w7_mean,0.0015810125041753054,False,True
1,BASE_x_P40,roll_rec__ch3000_daily_mean_w7_min,0.0001372534898109734,False,False
1,BASE_x_P40,roll_rec__ch3000_daily_mean_w7_sd,0.0018139560706913471,False,True
1,BASE_x_P40,roll_rec__ch3000_daily_mean_w7_slope,0.0013650041073560715,False,False
1,BASE_x_P40,roll_rec__ch3000_daily_median_w30_max,0.0005351746222004294,False,False
1,BASE_x_P40,roll_rec__ch3000_daily_median_w30_mean,0.0014171277871355414,False,True
1,BASE_x_P40,roll_rec__ch3000_daily_median_w30_min,0.0005393189494498074,False,False
1,BASE_x_P40,roll_rec__ch3000_daily_median_w30_sd,0.0014450368471443653,False,True
1,BASE_x_P40,roll_rec__ch3000_daily_median_w30_slope,0.0016737745609134436,False,False
1,BASE_x_P40,roll_rec__ch3000_daily_median_w7_max,0.0011387525591999292,False,False
1,BASE_x_P40,roll_rec__ch3000_daily_median_w7_mean,0.00039124293834902346,False,True
1,BASE_x_P40,roll_rec__ch3000_daily_median_w7_min,0.0007966796983964741,False,False
1,BASE_x_P40,roll_rec__ch3000_daily_median_w7_sd,0.0012467482592910528,False,True
1,BASE_x_P40,roll_rec__ch3000_daily_median_w7_slope,0.00128737254999578,False,False
1,BASE_x_P40,roll_rec__ch3000_daily_sd_w30_max,0.0007477778126485646,False,False
1,BASE_x_P40,roll_rec__ch3000_daily_sd_w30_mean,0.0006396899116225541,False,True
1,BASE_x_P40,roll_rec__ch3000_daily_sd_w30_min,0.001871171873062849,False,False
1,BASE_x_P40,roll_rec__ch3000_daily_sd_w30_sd,0.002615328412503004,False,True
1,BASE_x_P40,roll_rec__ch3000_daily_sd_w30_slope,0.0018144618952646852,False,False
1,BASE_x_P40,roll_rec__ch3000_daily_sd_w7_max,0.0013273542281240225,False,False
1,BASE_x_P40,roll_rec__ch3000_daily_sd_w7_mean,0.0005798038910143077,False,True
1,BASE_x_P40,roll_rec__ch3000_daily_sd_w7_min,0.0018401985289528966,False,False
1,BASE_x_P40,roll_rec__ch3000_daily_sd_w7_sd,0.0022751977667212486,False,True
1,BASE_x_P40,roll_rec__ch3000_daily_sd_w7_slope,0.002330467337742448,False,False
1,BASE_x_P40,roll_rec__ch3001_daily_hours_w30_max,0.0021714025642722845,False,False
1,BASE_x_P40,roll_rec__ch3001_daily_hours_w30_mean,0.0005300409393385053,False,True
1,BASE_x_P40,roll_rec__ch3001_daily_hours_w30_min,0.0016777714481577277,False,False
1,BASE_x_P40,roll_rec__ch3001_daily_hours_w30_sd,0.0017138594994321465,False,True
1,BASE_x_P40,roll_rec__ch3001_daily_hours_w30_slope,0.0011753112776204944,False,False
1,BASE_x_P40,roll_rec__ch3001_daily_hours_w7_max,0.0009992197155952454,False,False
1,BASE_x_P40,roll_rec__ch3001_daily_hours_w7_mean,0.0008271725382655859,False,True
1,BASE_x_P40,roll_rec__ch3001_daily_hours_w7_min,0.0011691240360960364,False,False
1,BASE_x_P40,roll_rec__ch3001_daily_hours_w7_sd,0.0010867269011214375,False,True
1,BASE_x_P40,roll_rec__ch3001_daily_hours_w7_slope,0.001468827249482274,False,False
1,BASE_x_P40,roll_rec__ch3001_daily_mean_w30_max,0.0009632681030780077,False,False
1,BASE_x_P40,roll_rec__ch3001_daily_mean_w30_mean,0.0002121247525792569,False,True
1,BASE_x_P40,roll_rec__ch3001_daily_mean_w30_min,0.00029184474260546267,False,False
1,BASE_x_P40,roll_rec__ch3001_daily_mean_w30_sd,0.0011486007133498788,False,True
1,BASE_x_P40,roll_rec__ch3001_daily_mean_w30_slope,0.0016618017107248306,False,False
1,BASE_x_P40,roll_rec__ch3001_daily_mean_w7_max,0.0010299873538315296,False,False
1,BASE_x_P40,roll_rec__ch3001_daily_mean_w7_mean,0.00015779929526615888,False,True
1,BASE_x_P40,roll_rec__ch3001_daily_mean_w7_min,0.0004978372016921639,False,False
1,BASE_x_P40,roll_rec__ch3001_daily_mean_w7_sd,0.0014380676439031959,False,True
1,BASE_x_P40,roll_rec__ch3001_daily_mean_w7_slope,0.002186981262639165,False,False
1,BASE_x_P40,roll_rec__ch3001_daily_median_w30_max,0.0003099878958892077,False,False
1,BASE_x_P40,roll_rec__ch3001_daily_median_w30_mean,0.00028347698389552534,False,True
1,BASE_x_P40,roll_rec__ch3001_daily_median_w30_min,0.0007760553853586316,False,False
1,BASE_x_P40,roll_rec__ch3001_daily_median_w30_sd,0.0011788415722548962,False,True
1,BASE_x_P40,roll_rec__ch3001_daily_median_w30_slope,0.0010410203831270337,False,False
1,BASE_x_P40,roll_rec__ch3001_daily_median_w7_max,0.0009654603782109916,False,False
1,BASE_x_P40,roll_rec__ch3001_daily_median_w7_mean,0.00012766743020620197,False,True
1,BASE_x_P40,roll_rec__ch3001_daily_median_w7_min,0.0006371150375343859,False,False
1,BASE_x_P40,roll_rec__ch3001_daily_median_w7_sd,0.0010412962874397635,False,True
1,BASE_x_P40,roll_rec__ch3001_daily_median_w7_slope,0.0017350835260003805,False,False
1,BASE_x_P40,roll_rec__ch3001_daily_sd_w30_max,0.006853189785033464,False,False
1,BASE_x_P40,roll_rec__ch3001_daily_sd_w30_mean,0.006734445225447416,False,True
1,BASE_x_P40,roll_rec__ch3001_daily_sd_w30_min,0.0015405521262437105,False,False
1,BASE_x_P40,roll_rec__ch3001_daily_sd_w30_sd,0.0014245792990550399,False,True
1,BASE_x_P40,roll_rec__ch3001_daily_sd_w30_slope,0.00233968673273921,False,False
1,BASE_x_P40,roll_rec__ch3001_daily_sd_w7_max,0.012177200056612492,False,False
1,BASE_x_P40,roll_rec__ch3001_daily_sd_w7_mean,0.01425581332296133,False,True
1,BASE_x_P40,roll_rec__ch3001_daily_sd_w7_min,0.002475336194038391,False,False
1,BASE_x_P40,roll_rec__ch3001_daily_sd_w7_sd,0.0017762207426130772,False,True
1,BASE_x_P40,roll_rec__ch3001_daily_sd_w7_slope,0.0013816801365464926,False,False
1,BASE_x_P40,roll_rec__ch3002_daily_hours_w30_max,0.0015042881714180112,False,False
1,BASE_x_P40,roll_rec__ch3002_daily_hours_w30_mean,0.0019746546167880297,False,True
1,BASE_x_P40,roll_rec__ch3002_daily_hours_w30_min,0.0014567075995728374,False,False
1,BASE_x_P40,roll_rec__ch3002_daily_hours_w30_sd,0.0017984609585255384,False,True
1,BASE_x_P40,roll_rec__ch3002_daily_hours_w30_slope,0.0014030284946784377,False,False
1,BASE_x_P40,roll_rec__ch3002_daily_hours_w7_max,0.001504403306171298,False,False
1,BASE_x_P40,roll_rec__ch3002_daily_hours_w7_mean,0.000875928730238229,False,True
1,BASE_x_P40,roll_rec__ch3002_daily_hours_w7_min,0.0009086895734071732,False,False
1,BASE_x_P40,roll_rec__ch3002_daily_hours_w7_sd,0.001325583434663713,False,True
1,BASE_x_P40,roll_rec__ch3002_daily_hours_w7_slope,0.0013629660243168473,False,False
1,BASE_x_P40,roll_rec__ch3002_daily_mean_w30_max,0.00041578063974156976,False,False
1,BASE_x_P40,roll_rec__ch3002_daily_mean_w30_mean,0.0005529386107809842,False,True
1,BASE_x_P40,roll_rec__ch3002_daily_mean_w30_min,0.00038337314617820084,False,False
1,BASE_x_P40,roll_rec__ch3002_daily_mean_w30_sd,0.0006343406857922673,False,True
1,BASE_x_P40,roll_rec__ch3002_daily_mean_w30_slope,0.0014198304852470756,False,False
1,BASE_x_P40,roll_rec__ch3002_daily_mean_w7_max,0.001521089463494718,False,False
1,BASE_x_P40,roll_rec__ch3002_daily_mean_w7_mean,8.55654725455679e-05,False,True
1,BASE_x_P40,roll_rec__ch3002_daily_mean_w7_min,0.0005566956242546439,False,False
1,BASE_x_P40,roll_rec__ch3002_daily_mean_w7_sd,0.002141999313607812,False,True
1,BASE_x_P40,roll_rec__ch3002_daily_mean_w7_slope,0.001600994379259646,False,False
1,BASE_x_P40,roll_rec__ch3002_daily_median_w30_max,0.0006420167628675699,False,False
1,BASE_x_P40,roll_rec__ch3002_daily_median_w30_mean,8.74478355399333e-05,False,True
1,BASE_x_P40,roll_rec__ch3002_daily_median_w30_min,0.0007008586544543505,False,False
1,BASE_x_P40,roll_rec__ch3002_daily_median_w30_sd,0.001238031079992652,False,True
1,BASE_x_P40,roll_rec__ch3002_daily_median_w30_slope,0.0012506784405559301,False,False
1,BASE_x_P40,roll_rec__ch3002_daily_median_w7_max,0.0009331326000392437,False,False
1,BASE_x_P40,roll_rec__ch3002_daily_median_w7_mean,3.9886257582111284e-05,False,True
1,BASE_x_P40,roll_rec__ch3002_daily_median_w7_min,0.0016982157249003649,False,False
1,BASE_x_P40,roll_rec__ch3002_daily_median_w7_sd,0.0007107876008376479,False,True
1,BASE_x_P40,roll_rec__ch3002_daily_median_w7_slope,0.0022327364422380924,False,False
1,BASE_x_P40,roll_rec__ch3002_daily_sd_w30_max,0.0037155766040086746,False,False
1,BASE_x_P40,roll_rec__ch3002_daily_sd_w30_mean,0.0039601814933121204,False,True
1,BASE_x_P40,roll_rec__ch3002_daily_sd_w30_min,0.001805611071176827,False,False
1,BASE_x_P40,roll_rec__ch3002_daily_sd_w30_sd,0.00265293475240469,False,True
1,BASE_x_P40,roll_rec__ch3002_daily_sd_w30_slope,0.0015645065577700734,False,False
1,BASE_x_P40,roll_rec__ch3002_daily_sd_w7_max,0.005510403774678707,False,False
1,BASE_x_P40,roll_rec__ch3002_daily_sd_w7_mean,0.0032741876784712076,False,True
1,BASE_x_P40,roll_rec__ch3002_daily_sd_w7_min,0.0014666352653875947,False,False
1,BASE_x_P40,roll_rec__ch3002_daily_sd_w7_sd,0.006377756129950285,False,True
1,BASE_x_P40,roll_rec__ch3002_daily_sd_w7_slope,0.001551528461277485,False,False
1,BASE_x_P40,roll_win__ch3000_daily_hours_w30_max,0.0012875398388132453,False,False
1,BASE_x_P40,roll_win__ch3000_daily_hours_w30_mean,0.001574327819980681,False,True
1,BASE_x_P40,roll_win__ch3000_daily_hours_w30_min,0.0017438841750845313,False,False
1,BASE_x_P40,roll_win__ch3000_daily_hours_w30_sd,0.0012451640795916319,False,True
1,BASE_x_P40,roll_win__ch3000_daily_hours_w30_slope,0.003711919067427516,False,False
1,BASE_x_P40,roll_win__ch3000_daily_hours_w7_max,0.0003149750118609518,False,False
1,BASE_x_P40,roll_win__ch3000_daily_hours_w7_mean,0.0006204374367371202,False,True
1,BASE_x_P40,roll_win__ch3000_daily_hours_w7_min,0.0011694328859448433,False,False
1,BASE_x_P40,roll_win__ch3000_daily_hours_w7_sd,0.0031079051550477743,False,True
1,BASE_x_P40,roll_win__ch3000_daily_hours_w7_slope,0.0028672574553638697,False,False
1,BASE_x_P40,roll_win__ch3000_daily_mean_w30_max,0.0007392749539576471,False,False
1,BASE_x_P40,roll_win__ch3000_daily_mean_w30_mean,0.0007872581481933594,False,True
1,BASE_x_P40,roll_win__ch3000_daily_mean_w30_min,0.00158751814160496,False,False
1,BASE_x_P40,roll_win__ch3000_daily_mean_w30_sd,0.001953158527612686,False,True
1,BASE_x_P40,roll_win__ch3000_daily_mean_w30_slope,0.0013472813880071044,False,False
1,BASE_x_P40,roll_win__ch3000_daily_mean_w7_max,0.0009100489551201463,False,False
1,BASE_x_P40,roll_win__ch3000_daily_mean_w7_mean,0.000281297427136451,False,True
1,BASE_x_P40,roll_win__ch3000_daily_mean_w7_min,0.0014432513853535056,False,False
1,BASE_x_P40,roll_win__ch3000_daily_mean_w7_sd,0.0022822264581918716,False,True
1,BASE_x_P40,roll_win__ch3000_daily_mean_w7_slope,0.0018815172370523214,False,False
1,BASE_x_P40,roll_win__ch3000_daily_median_w30_max,0.0006248752470128238,False,False
1,BASE_x_P40,roll_win__ch3000_daily_median_w30_mean,0.0001989636366488412,False,True
1,BASE_x_P40,roll_win__ch3000_daily_median_w30_min,0.0005906617152504623,False,False
1,BASE_x_P40,roll_win__ch3000_daily_median_w30_sd,0.0014105968875810504,False,True
1,BASE_x_P40,roll_win__ch3000_daily_median_w30_slope,0.0010681701824069023,False,False
1,BASE_x_P40,roll_win__ch3000_daily_median_w7_max,0.0005691679543815553,False,False
1,BASE_x_P40,roll_win__ch3000_daily_median_w7_mean,0.0003936746797990054,False,True
1,BASE_x_P40,roll_win__ch3000_daily_median_w7_min,0.000337055156705901,False,False
1,BASE_x_P40,roll_win__ch3000_daily_median_w7_sd,0.0017050751484930515,False,True
1,BASE_x_P40,roll_win__ch3000_daily_median_w7_slope,0.0018537092255428433,False,False
1,BASE_x_P40,roll_win__ch3000_daily_sd_w30_max,0.0009054458350874484,False,False
1,BASE_x_P40,roll_win__ch3000_daily_sd_w30_mean,0.001284368452616036,False,True
1,BASE_x_P40,roll_win__ch3000_daily_sd_w30_min,0.002025489928200841,False,False
1,BASE_x_P40,roll_win__ch3000_daily_sd_w30_sd,0.0021945841144770384,False,True
1,BASE_x_P40,roll_win__ch3000_daily_sd_w30_slope,0.0017848744755610824,False,False
1,BASE_x_P40,roll_win__ch3000_daily_sd_w7_max,0.0004876006569247693,False,False
1,BASE_x_P40,roll_win__ch3000_daily_sd_w7_mean,0.0009824293665587902,False,True
1,BASE_x_P40,roll_win__ch3000_daily_sd_w7_min,0.0032081110402941704,False,False
1,BASE_x_P40,roll_win__ch3000_daily_sd_w7_sd,0.0013255610829219222,False,True
1,BASE_x_P40,roll_win__ch3000_daily_sd_w7_slope,0.0027425172738730907,False,False
1,BASE_x_P40,roll_win__ch3001_daily_hours_w30_max,0.001598190632648766,False,False
1,BASE_x_P40,roll_win__ch3001_daily_hours_w30_mean,0.0005543767474591732,False,True
1,BASE_x_P40,roll_win__ch3001_daily_hours_w30_min,0.0011773344594985247,False,False
1,BASE_x_P40,roll_win__ch3001_daily_hours_w30_sd,0.0020568270701915026,False,True
1,BASE_x_P40,roll_win__ch3001_daily_hours_w30_slope,0.0016529978020116687,False,False
1,BASE_x_P40,roll_win__ch3001_daily_hours_w7_max,0.0008109966875053942,False,False
1,BASE_x_P40,roll_win__ch3001_daily_hours_w7_mean,0.00047819485189393163,False,True
1,BASE_x_P40,roll_win__ch3001_daily_hours_w7_min,0.0017097786767408252,False,False
1,BASE_x_P40,roll_win__ch3001_daily_hours_w7_sd,0.002810018602758646,False,True
1,BASE_x_P40,roll_win__ch3001_daily_hours_w7_slope,0.0023479852825403214,False,False
1,BASE_x_P40,roll_win__ch3001_daily_mean_w30_max,0.0008709883550181985,False,False
1,BASE_x_P40,roll_win__ch3001_daily_mean_w30_mean,0.0003248023858759552,False,True
1,BASE_x_P40,roll_win__ch3001_daily_mean_w30_min,0.00013363236212171614,False,False
1,BASE_x_P40,roll_win__ch3001_daily_mean_w30_sd,0.0020599281415343285,False,True
1,BASE_x_P40,roll_win__ch3001_daily_mean_w30_slope,0.0013268848415464163,False,False
1,BASE_x_P40,roll_win__ch3001_daily_mean_w7_max,0.0007838640012778342,False,False
1,BASE_x_P40,roll_win__ch3001_daily_mean_w7_mean,0.00020905498240608722,False,True
1,BASE_x_P40,roll_win__ch3001_daily_mean_w7_min,0.00039527530316263437,False,False
1,BASE_x_P40,roll_win__ch3001_daily_mean_w7_sd,0.0016664989525452256,False,True
1,BASE_x_P40,roll_win__ch3001_daily_mean_w7_slope,0.0011159582063555717,False,False
1,BASE_x_P40,roll_win__ch3001_daily_median_w30_max,0.0007792568649165332,False,False
1,BASE_x_P40,roll_win__ch3001_daily_median_w30_mean,0.0005868012667633593,False,True
1,BASE_x_P40,roll_win__ch3001_daily_median_w30_min,0.0002735262387432158,False,False
1,BASE_x_P40,roll_win__ch3001_daily_median_w30_sd,0.001555560971610248,False,True
1,BASE_x_P40,roll_win__ch3001_daily_median_w30_slope,0.0015235386090353131,False,False
1,BASE_x_P40,roll_win__ch3001_daily_median_w7_max,0.0014019369846209884,False,False
1,BASE_x_P40,roll_win__ch3001_daily_median_w7_mean,3.313403258503395e-19,False,True
1,BASE_x_P40,roll_win__ch3001_daily_median_w7_min,0.0002749716804828495,False,False
1,BASE_x_P40,roll_win__ch3001_daily_median_w7_sd,0.0018198820762336254,False,True
1,BASE_x_P40,roll_win__ch3001_daily_median_w7_slope,0.0017295442521572113,False,False
1,BASE_x_P40,roll_win__ch3001_daily_sd_w30_max,0.0031821783632040024,False,False
1,BASE_x_P40,roll_win__ch3001_daily_sd_w30_mean,0.00315652834251523,False,True
1,BASE_x_P40,roll_win__ch3001_daily_sd_w30_min,0.0009888362837955356,False,False
1,BASE_x_P40,roll_win__ch3001_daily_sd_w30_sd,0.0021753059700131416,False,True
1,BASE_x_P40,roll_win__ch3001_daily_sd_w30_slope,0.0031873518601059914,False,False
1,BASE_x_P40,roll_win__ch3001_daily_sd_w7_max,0.0036075091920793056,False,False
1,BASE_x_P40,roll_win__ch3001_daily_sd_w7_mean,0.0022355865221470594,False,True
1,BASE_x_P40,roll_win__ch3001_daily_sd_w7_min,0.0025479488540440798,False,False
1,BASE_x_P40,roll_win__ch3001_daily_sd_w7_sd,0.0016533044399693608,False,True
1,BASE_x_P40,roll_win__ch3001_daily_sd_w7_slope,0.0023471759632229805,False,False
1,BASE_x_P40,roll_win__ch3002_daily_hours_w30_max,0.0010011541889980435,False,False
1,BASE_x_P40,roll_win__ch3002_daily_hours_w30_mean,0.0010527605190873146,False,True
1,BASE_x_P40,roll_win__ch3002_daily_hours_w30_min,0.000940562691539526,False,False
1,BASE_x_P40,roll_win__ch3002_daily_hours_w30_sd,0.0017764049116522074,False,True
1,BASE_x_P40,roll_win__ch3002_daily_hours_w30_slope,0.0010975836776196957,False,False
1,BASE_x_P40,roll_win__ch3002_daily_hours_w7_max,0.00048756602336652577,False,False
1,BASE_x_P40,roll_win__ch3002_daily_hours_w7_mean,0.0009349030442535877,False,True
1,BASE_x_P40,roll_win__ch3002_daily_hours_w7_min,0.001038650400005281,False,False
1,BASE_x_P40,roll_win__ch3002_daily_hours_w7_sd,0.0017634958494454622,False,True
1,BASE_x_P40,roll_win__ch3002_daily_hours_w7_slope,0.0020905344281345606,False,False
1,BASE_x_P40,roll_win__ch3002_daily_mean_w30_max,0.0004966571577824652,False,False
1,BASE_x_P40,roll_win__ch3002_daily_mean_w30_mean,0.0005168028292246163,False,True
1,BASE_x_P40,roll_win__ch3002_daily_mean_w30_min,0.0003327129816170782,False,False
1,BASE_x_P40,roll_win__ch3002_daily_mean_w30_sd,0.0017320995684713125,False,True
1,BASE_x_P40,roll_win__ch3002_daily_mean_w30_slope,0.0020554817747324705,False,False
1,BASE_x_P40,roll_win__ch3002_daily_mean_w7_max,0.0007472246652469039,False,False
1,BASE_x_P40,roll_win__ch3002_daily_mean_w7_mean,0.0007839876343496144,False,True
1,BASE_x_P40,roll_win__ch3002_daily_mean_w7_min,0.0011934848735108972,False,False
1,BASE_x_P40,roll_win__ch3002_daily_mean_w7_sd,0.0018101392779499292,False,True
1,BASE_x_P40,roll_win__ch3002_daily_mean_w7_slope,0.002438896568492055,False,False
1,BASE_x_P40,roll_win__ch3002_daily_median_w30_max,0.0009013599483296275,False,False
1,BASE_x_P40,roll_win__ch3002_daily_median_w30_mean,0.00053924391977489,False,True
1,BASE_x_P40,roll_win__ch3002_daily_median_w30_min,0.0009205886744894087,False,False
1,BASE_x_P40,roll_win__ch3002_daily_median_w30_sd,0.002427350729703903,False,True
1,BASE_x_P40,roll_win__ch3002_daily_median_w30_slope,0.0028877747245132923,False,False
1,BASE_x_P40,roll_win__ch3002_daily_median_w7_max,0.00026101406547240913,False,False
1,BASE_x_P40,roll_win__ch3002_daily_median_w7_mean,3.917088906746358e-05,False,True
1,BASE_x_P40,roll_win__ch3002_daily_median_w7_min,0.0005236645811237395,False,False
1,BASE_x_P40,roll_win__ch3002_daily_median_w7_sd,0.0021691194269806147,False,True
1,BASE_x_P40,roll_win__ch3002_daily_median_w7_slope,0.0019970827270299196,False,False
1,BASE_x_P40,roll_win__ch3002_daily_sd_w30_max,0.0025756165850907564,False,False
1,BASE_x_P40,roll_win__ch3002_daily_sd_w30_mean,0.002699056174606085,False,True
1,BASE_x_P40,roll_win__ch3002_daily_sd_w30_min,0.001355708809569478,False,False
1,BASE_x_P40,roll_win__ch3002_daily_sd_w30_sd,0.0034578016493469477,False,True
1,BASE_x_P40,roll_win__ch3002_daily_sd_w30_slope,0.0023548812605440617,False,False
1,BASE_x_P40,roll_win__ch3002_daily_sd_w7_max,0.0015006414614617825,False,False
1,BASE_x_P40,roll_win__ch3002_daily_sd_w7_mean,0.0018388503231108189,False,True
1,BASE_x_P40,roll_win__ch3002_daily_sd_w7_min,0.0028994509484618902,False,False
1,BASE_x_P40,roll_win__ch3002_daily_sd_w7_sd,0.001705218106508255,False,True
1,BASE_x_P40,roll_win__ch3002_daily_sd_w7_slope,0.0030754937324672937,False,False
1,BASE_x_P40,cosinor_M_mean,0.0018003747100010514,False,True
1,BASE_x_P40,cosinor_A1_mean,0.0028210142627358437,False,True
1,BASE_x_P40,cosinor_A2_mean,0.0013713152147829533,False,True
1,BASE_x_P40,cosinor_A3_mean,0.004008309915661812,False,True
1,BASE_x_P40,cosinor_acro_h_mean,0.004044454079121351,False,True
1,BASE_x_P40,cosinor_resid_sd_mean,0.00870506465435028,False,True
1,BASE_x_P40,curve_night_mean_mean,0.0004930290742777288,False,True
1,BASE_x_P40,curve_morning_slope_mean,0.002317337319254875,False,True
1,BASE_x_P40,curve_day_night_contrast_mean,0.0011457685614004731,False,True
1,BASE_x_P40,curve_range_mean,0.0017546528251841664,False,True
1,BASE_x_P40,curve_entropy_mean,0.0016170981107279658,False,True
1,BASE_x_P40,hour_h0_mean,0.0005940622068010271,False,True
1,BASE_x_P40,hour_h1_mean,0.0015626962995156646,False,True
1,BASE_x_P40,hour_h2_mean,0.0013452739221975207,False,True
1,BASE_x_P40,hour_h3_mean,0.001364944619126618,False,True
1,BASE_x_P40,hour_h4_mean,0.00215986929833889,False,True
1,BASE_x_P40,hour_h5_mean,0.001422722009010613,False,True
1,BASE_x_P40,hour_h6_mean,0.002393161877989769,False,True
1,BASE_x_P40,hour_h7_mean,0.002388254040852189,False,True
1,BASE_x_P40,hour_h8_mean,0.0026687539648264647,False,True
1,BASE_x_P40,hour_h9_mean,0.0073085324838757515,False,True
1,BASE_x_P40,hour_h10_mean,0.00863121822476387,False,True
1,BASE_x_P40,hour_h11_mean,0.013845261186361313,False,True
1,BASE_x_P40,hour_h12_mean,0.0024653468281030655,False,True
1,BASE_x_P40,hour_h13_mean,0.004251005593687296,False,True
1,BASE_x_P40,hour_h14_mean,0.00520375045016408,False,True
1,BASE_x_P40,hour_h15_mean,0.003919350914657116,False,True
1,BASE_x_P40,hour_h16_mean,0.0035735268611460924,False,True
1,BASE_x_P40,hour_h17_mean,0.0020279614254832268,False,True
1,BASE_x_P40,hour_h18_mean,0.00155073672067374,False,True
1,BASE_x_P40,hour_h19_mean,0.0013108772691339254,False,True
1,BASE_x_P40,hour_h20_mean,0.0023612361401319504,False,True
1,BASE_x_P40,hour_h21_mean,0.0012220463249832392,False,True
1,BASE_x_P40,hour_h22_mean,0.0007881768397055566,False,True
1,BASE_x_P40,hour_h23_mean,0.0010880350600928068,False,True
1,BASE_x_P40,cosinor_M_sd,0.0022517298348248005,False,True
1,BASE_x_P40,cosinor_A1_sd,0.0020166966132819653,False,True
1,BASE_x_P40,cosinor_A2_sd,0.0020285414066165686,False,True
1,BASE_x_P40,cosinor_A3_sd,0.002098334487527609,False,True
1,BASE_x_P40,cosinor_acro_h_sd,0.0015350051689893007,False,True
1,BASE_x_P40,cosinor_resid_sd_sd,0.002409565495327115,False,True
1,BASE_x_P40,curve_night_mean_sd,0.0029882423114031553,False,True
1,BASE_x_P40,curve_morning_slope_sd,0.002937710378319025,False,True
1,BASE_x_P40,curve_day_night_contrast_sd,0.006762738339602947,False,True
1,BASE_x_P40,curve_range_sd,0.005606561899185181,False,True
1,BASE_x_P40,curve_entropy_sd,0.0028559230268001556,False,True
1,BASE_x_P40,hour_h0_sd,0.0021902690641582012,False,True
1,BASE_x_P40,hour_h1_sd,0.0022828809451311827,False,True
1,BASE_x_P40,hour_h2_sd,0.0018080228473991156,False,True
1,BASE_x_P40,hour_h3_sd,0.0015624596271663904,False,True
1,BASE_x_P40,hour_h4_sd,0.0017289812676608562,False,True
1,BASE_x_P40,hour_h5_sd,0.0025091900024563074,False,True
1,BASE_x_P40,hour_h6_sd,0.003386496566236019,False,True
1,BASE_x_P40,hour_h7_sd,0.0033746471162885427,False,True
1,BASE_x_P40,hour_h8_sd,0.0015945513732731342,False,True
1,BASE_x_P40,hour_h9_sd,0.0032876874320209026,False,True
1,BASE_x_P40,hour_h10_sd,0.0019796586129814386,False,True
1,BASE_x_P40,hour_h11_sd,0.001289218314923346,False,True
1,BASE_x_P40,hour_h12_sd,0.003617553971707821,False,True
1,BASE_x_P40,hour_h13_sd,0.0018863787408918142,False,True
1,BASE_x_P40,hour_h14_sd,0.0015961523167788982,False,True
1,BASE_x_P40,hour_h15_sd,0.0026347327511757612,False,True
1,BASE_x_P40,hour_h16_sd,0.0017280088504776359,False,True
1,BASE_x_P40,hour_h17_sd,0.0017683871556073427,False,True
1,BASE_x_P40,hour_h18_sd,0.0039003007113933563,False,True
1,BASE_x_P40,hour_h19_sd,0.006369269918650389,False,True
1,BASE_x_P40,hour_h20_sd,0.0035322257317602634,False,True
1,BASE_x_P40,hour_h21_sd,0.004518373869359493,False,True
1,BASE_x_P40,hour_h22_sd,0.0055785649456083775,False,True
1,BASE_x_P40,hour_h23_sd,0.001984721515327692,False,True
1,BASE_x_P40,curve_night_mean_wd,0.0008078981190919876,False,True
1,BASE_x_P40,curve_morning_slope_wd,0.0029627871699631214,False,True
1,BASE_x_P40,curve_day_night_contrast_wd,0.0016503477236256003,False,True
1,BASE_x_P40,curve_range_wd,0.0012190846027806401,False,True
1,BASE_x_P40,curve_entropy_wd,0.0008680889732204378,False,True
1,BASE_x_P40,curve_night_mean_we,0.0016119873616844416,False,True
1,BASE_x_P40,curve_morning_slope_we,0.0023728804662823677,False,True
1,BASE_x_P40,curve_day_night_contrast_we,0.002184013370424509,False,True
1,BASE_x_P40,curve_range_we,0.0017202711896970868,False,True
1,BASE_x_P40,curve_entropy_we,0.0024718153290450573,False,True
1,BASE_x_P40,curve_night_mean_wd_diff,0.0022929690312594175,False,True
1,BASE_x_P40,curve_morning_slope_wd_diff,0.0012717674253508449,False,True
1,BASE_x_P40,curve_day_night_contrast_wd_diff,0.0031996965408325195,False,True
1,BASE_x_P40,curve_range_wd_diff,0.0026167803443968296,False,True
1,BASE_x_P40,curve_entropy_wd_diff,0.00311144907027483,False,True
1,BASE_x_P40,demo__age_group=Elderly,0.005642172414809465,False,False
1,BASE_x_P40,demo__age_group=Middle Ager,0.0003156755992677063,False,False
1,BASE_x_P40,demo__age_group=Young Adults,0.0009632970904931426,False,False
1,BASE_x_P40,demo__bmi_grp=normal,0.0005569977220147848,False,False
1,BASE_x_P40,demo__bmi_grp=obese,0.00014358643966261297,False,False
1,BASE_x_P40,demo__bmi_grp=overweight,0.0005103569710627198,False,False
2,C40,d_ch3000_mean,0.03759624436497688,False,True
2,C40,d_ch3000_median,0.019978683441877365,False,False
2,C40,d_ch3000_sd,0.018940415233373642,False,True
2,C40,d_ch3000_vmin,0.05297340452671051,False,False
2,C40,d_ch3000_vmax,0.018598882481455803,False,False
2,C40,d_ch3000_n,0.012229169718921185,False,False
2,C40,d_ch3000_cov_h,0.011540595442056656,False,False
2,C40,d_ch3000_hours,0.0017396400216966867,False,False
2,C40,d_ch3001_mean,0.008849107660353184,False,True
2,C40,d_ch3001_median,0.004429410677403212,False,False
2,C40,d_ch3001_sd,0.01362270675599575,False,True
2,C40,d_ch3001_vmin,0.005569989327341318,False,False
2,C40,d_ch3001_vmax,0.009362841956317425,False,False
2,C40,d_ch3001_n,0.007888629101216793,False,False
2,C40,d_ch3001_cov_h,0.007878534495830536,False,False
2,C40,d_ch3001_hours,0.001971897203475237,False,False
2,C40,d_ch3002_mean,0.008494645357131958,False,True
2,C40,d_ch3002_median,0.0053833601996302605,False,False
2,C40,d_ch3002_sd,0.010344410315155983,False,True
2,C40,d_ch3002_vmin,0.004570335615426302,False,False
2,C40,d_ch3002_vmax,0.00640614191070199,False,False
2,C40,d_ch3002_n,0.0019216842483729124,False,False
2,C40,d_ch3002_cov_h,0.0018671093275770545,False,False
2,C40,d_ch3002_hours,0.0018768988084048033,False,False
2,C40,d_gap_3000_3001_mean,0.010238400660455227,False,True
2,C40,d_gap_3000_3002_mean,0.011691451072692871,False,True
2,C40,d_gap_3000_3001_sd,0.013100619427859783,False,True
2,C40,d_gap_3000_3002_sd,0.010171929374337196,False,True
2,C40,d_is_weekend,0.0020210817456245422,False,False
2,C40,cosinor_M,0.016159961000084877,True,False
2,C40,cosinor_A1,0.01641598530113697,True,False
2,C40,cosinor_A2,0.017533650621771812,True,False
2,C40,cosinor_A3,0.01831129938364029,True,False
2,C40,cosinor_acro_h,0.013750473968684673,True,False
2,C40,cosinor_resid_sd,0.015913648530840874,True,True
2,C40,curve_night_mean,0.02727421745657921,True,True
2,C40,curve_morning_slope,0.01840359717607498,True,False
2,C40,curve_day_night_contrast,0.014893138781189919,True,False
2,C40,curve_range,0.018104689195752144,True,False
2,C40,curve_entropy,0.01879831776022911,True,False
2,C40,hour_h0,0.017595672979950905,True,False
2,C40,hour_h1,0.01757567748427391,True,False
2,C40,hour_h2,0.017201706767082214,True,False
2,C40,hour_h3,0.018036672845482826,True,False
2,C40,hour_h4,0.025757357478141785,True,False
2,C40,hour_h5,0.019083291292190552,True,False
2,C40,hour_h6,0.02392800711095333,True,False
2,C40,hour_h7,0.02484041079878807,True,False
2,C40,hour_h8,0.022082490846514702,True,False
2,C40,hour_h9,0.020336132496595383,True,False
2,C40,hour_h10,0.020999185740947723,True,False
2,C40,hour_h11,0.020674364641308784,True,False
2,C40,hour_h12,0.019454605877399445,True,False
2,C40,hour_h13,0.021247584372758865,True,False
2,C40,hour_h14,0.018934303894639015,True,False
2,C40,hour_h15,0.020309576764702797,True,False
2,C40,hour_h16,0.01983841508626938,True,False
2,C40,hour_h17,0.01973132975399494,True,False
2,C40,hour_h18,0.018977800384163857,True,False
2,C40,hour_h19,0.019677188247442245,True,False
2,C40,hour_h20,0.018880918622016907,True,False
2,C40,hour_h21,0.0199672169983387,True,False
2,C40,hour_h22,0.01901211403310299,True,False
2,C40,hour_h23,0.019040776416659355,True,False
2,C40_resid,d_ch3000_mean,0.03636079281568527,False,True
2,C40_resid,d_ch3000_median,0.020465876907110214,False,False
2,C40_resid,d_ch3000_sd,0.018301712349057198,False,True
2,C40_resid,d_ch3000_vmin,0.052352942526340485,False,False
2,C40_resid,d_ch3000_vmax,0.018368856981396675,False,False
2,C40_resid,d_ch3000_n,0.010793175548315048,False,False
2,C40_resid,d_ch3000_cov_h,0.010565397329628468,False,False
2,C40_resid,d_ch3000_hours,0.0018519471632316709,False,False
2,C40_resid,d_ch3001_mean,0.008817407302558422,False,True
2,C40_resid,d_ch3001_median,0.004291090648621321,False,False
2,C40_resid,d_ch3001_sd,0.013391748070716858,False,True
2,C40_resid,d_ch3001_vmin,0.00547571899369359,False,False
2,C40_resid,d_ch3001_vmax,0.009460559114813805,False,False
2,C40_resid,d_ch3001_n,0.00761853251606226,False,False
2,C40_resid,d_ch3001_cov_h,0.007480638567358255,False,False
2,C40_resid,d_ch3001_hours,0.0019771347288042307,False,False
2,C40_resid,d_ch3002_mean,0.008255879394710064,False,True
2,C40_resid,d_ch3002_median,0.00545593723654747,False,False
2,C40_resid,d_ch3002_sd,0.010263843461871147,False,True
2,C40_resid,d_ch3002_vmin,0.004692661110311747,False,False
2,C40_resid,d_ch3002_vmax,0.006338899023830891,False,False
2,C40_resid,d_ch3002_n,0.0017973021604120731,False,False
2,C40_resid,d_ch3002_cov_h,0.002009101677685976,False,False
2,C40_resid,d_ch3002_hours,0.0020140274427831173,False,False
2,C40_resid,d_gap_3000_3001_mean,0.009882159531116486,False,True
2,C40_resid,d_gap_3000_3002_mean,0.012044698931276798,False,True
2,C40_resid,d_gap_3000_3001_sd,0.012809871695935726,False,True
2,C40_resid,d_gap_3000_3002_sd,0.010464312508702278,False,True
2,C40_resid,d_is_weekend,0.0017371575813740492,False,False
2,C40_resid,cosinor_M,0.017151521518826485,True,False
2,C40_resid,cosinor_A1,0.014591348357498646,True,False
2,C40_resid,cosinor_A2,0.014328941702842712,True,False
2,C40_resid,cosinor_A3,0.015737803652882576,True,False
2,C40_resid,cosinor_acro_h,0.019053136929869652,True,False
2,C40_resid,cosinor_resid_sd,0.016191763803362846,True,True
2,C40_resid,curve_night_mean,0.03671149164438248,True,True
2,C40_resid,curve_morning_slope,0.018183160573244095,True,False
2,C40_resid,curve_day_night_contrast,0.014232508838176727,True,False
2,C40_resid,curve_range,0.01835264265537262,True,False
2,C40_resid,curve_entropy,0.02149118483066559,True,False
2,C40_resid,hour_h0,0.018328100442886353,True,False
2,C40_resid,hour_h1,0.017059272155165672,True,False
2,C40_resid,hour_h2,0.017519325017929077,True,False
2,C40_resid,hour_h3,0.01668824627995491,True,False
2,C40_resid,hour_h4,0.022678188979625702,True,False
2,C40_resid,hour_h5,0.019296886399388313,True,False
2,C40_resid,hour_h6,0.024560052901506424,True,False
2,C40_resid,hour_h7,0.024418724700808525,True,False
2,C40_resid,hour_h8,0.02261677384376526,True,False
2,C40_resid,hour_h9,0.019946187734603882,True,False
2,C40_resid,hour_h10,0.021271152421832085,True,False
2,C40_resid,hour_h11,0.020597446709871292,True,False
2,C40_resid,hour_h12,0.018600251525640488,True,False
2,C40_resid,hour_h13,0.02041064016520977,True,False
2,C40_resid,hour_h14,0.019322620704770088,True,False
2,C40_resid,hour_h15,0.02031162567436695,True,False
2,C40_resid,hour_h16,0.0195909533649683,True,False
2,C40_resid,hour_h17,0.019626537337899208,True,False
2,C40_resid,hour_h18,0.0187743678689003,True,False
2,C40_resid,hour_h19,0.019597183912992477,True,False
2,C40_resid,hour_h20,0.01876983419060707,True,False
2,C40_resid,hour_h21,0.019970040768384933,True,False
2,C40_resid,hour_h22,0.019289769232273102,True,False
2,C40_resid,hour_h23,0.019390931352972984,True,False
2,BASE_x_P40,rec__ch3000_observed_days,0.0004892834112979472,False,False
2,BASE_x_P40,rec__ch3000_adequate_days,0.0006999163888394833,False,False
2,BASE_x_P40,rec__ch3000_events,0.0008573706145398319,False,False
2,BASE_x_P40,rec__ch3000_span_days,0.001324046985246241,False,False
2,BASE_x_P40,rec__ch3000_mean_cov_h,0.002189397579059005,False,False
2,BASE_x_P40,rec__ch3000_mean_hours,0.0012374627403914928,False,False
2,BASE_x_P40,rec__ch3000_events_per_day,0.0012344492133706808,False,False
2,BASE_x_P40,rec__ch3000_mean_of_daily_mean,0.003755559679120779,False,True
2,BASE_x_P40,rec__ch3000_sd_of_daily_mean,0.005672808270901442,False,True
2,BASE_x_P40,rec__ch3000_mean_of_daily_sd,0.0014091847697272897,False,True
2,BASE_x_P40,rec__ch3000_median_of_daily_median,8.291828271467239e-05,False,False
2,BASE_x_P40,rec__ch3000_p25_of_daily_median,0.00417494447901845,False,False
2,BASE_x_P40,rec__ch3000_p75_of_daily_median,0.0004665818123612553,False,False
2,BASE_x_P40,rec__ch3000_iqr_of_daily_median,0.0009172613499686122,False,False
2,BASE_x_P40,rec__ch3000_min_of_daily_min,0.0018313450273126364,False,False
2,BASE_x_P40,rec__ch3000_max_of_daily_max,0.0037983721122145653,False,False
2,BASE_x_P40,rec__ch3000_range_of_daily_extremes,0.006445491686463356,False,False
2,BASE_x_P40,rec__ch3000_weekday_mean,0.03648751601576805,False,True
2,BASE_x_P40,rec__ch3000_weekend_mean,0.0009191312710754573,False,True
2,BASE_x_P40,rec__ch3000_weekend_minus_weekday,0.013056990690529346,False,False
2,BASE_x_P40,rec__ch3001_observed_days,0.0009563683997839689,False,False
2,BASE_x_P40,rec__ch3001_adequate_days,0.00028971754363738,False,False
2,BASE_x_P40,rec__ch3001_events,0.0012752250768244267,False,False
2,BASE_x_P40,rec__ch3001_span_days,0.0030138534493744373,False,False
2,BASE_x_P40,rec__ch3001_mean_cov_h,0.0009244936518371105,False,False
2,BASE_x_P40,rec__ch3001_mean_hours,0.00024390470935031772,False,False
2,BASE_x_P40,rec__ch3001_events_per_day,0.0009683645912446082,False,False
2,BASE_x_P40,rec__ch3001_mean_of_daily_mean,0.00027701843646354973,False,True
2,BASE_x_P40,rec__ch3001_sd_of_daily_mean,0.001658788532949984,False,True
2,BASE_x_P40,rec__ch3001_mean_of_daily_sd,0.005871025379747152,False,True
2,BASE_x_P40,rec__ch3001_median_of_daily_median,0.000342032581102103,False,False
2,BASE_x_P40,rec__ch3001_p25_of_daily_median,0.00012239797797519714,False,False
2,BASE_x_P40,rec__ch3001_p75_of_daily_median,0.00022456324950326234,False,False
2,BASE_x_P40,rec__ch3001_iqr_of_daily_median,0.0003167384129483253,False,False
2,BASE_x_P40,rec__ch3001_min_of_daily_min,0.00222172518260777,False,False
2,BASE_x_P40,rec__ch3001_max_of_daily_max,0.0019872733391821384,False,False
2,BASE_x_P40,rec__ch3001_range_of_daily_extremes,0.0028187932912260294,False,False
2,BASE_x_P40,rec__ch3001_weekday_mean,0.00042641875916160643,False,True
2,BASE_x_P40,rec__ch3001_weekend_mean,0.000199116810108535,False,True
2,BASE_x_P40,rec__ch3001_weekend_minus_weekday,0.0032236366532742977,False,False
2,BASE_x_P40,rec__ch3002_observed_days,0.00019366176275070757,False,False
2,BASE_x_P40,rec__ch3002_adequate_days,0.0007072404259815812,False,False
2,BASE_x_P40,rec__ch3002_events,0.0012631051940843463,False,False
2,BASE_x_P40,rec__ch3002_span_days,0.002701117191463709,False,False
2,BASE_x_P40,rec__ch3002_mean_cov_h,0.0005798433558084071,False,False
2,BASE_x_P40,rec__ch3002_mean_hours,0.00026397823239676654,False,False
2,BASE_x_P40,rec__ch3002_events_per_day,0.00027386602596379817,False,False
2,BASE_x_P40,rec__ch3002_mean_of_daily_mean,0.00040541490307077765,False,True
2,BASE_x_P40,rec__ch3002_sd_of_daily_mean,0.0051066335290670395,False,True
2,BASE_x_P40,rec__ch3002_mean_of_daily_sd,0.011043216101825237,False,True
2,BASE_x_P40,rec__ch3002_median_of_daily_median,1.0761879297232079e-18,False,False
2,BASE_x_P40,rec__ch3002_p25_of_daily_median,0.0004710614157374948,False,False
2,BASE_x_P40,rec__ch3002_p75_of_daily_median,0.00017939414829015732,False,False
2,BASE_x_P40,rec__ch3002_iqr_of_daily_median,0.0012612910941243172,False,False
2,BASE_x_P40,rec__ch3002_min_of_daily_min,0.002222675597295165,False,False
2,BASE_x_P40,rec__ch3002_max_of_daily_max,0.00234000151976943,False,False
2,BASE_x_P40,rec__ch3002_range_of_daily_extremes,0.002226752694696188,False,False
2,BASE_x_P40,rec__ch3002_weekday_mean,0.00020085505093447864,False,True
2,BASE_x_P40,rec__ch3002_weekend_mean,0.0005397466011345387,False,True
2,BASE_x_P40,rec__ch3002_weekend_minus_weekday,0.004630053881555796,False,False
2,BASE_x_P40,rec__overall_events,0.000638879369944334,False,False
2,BASE_x_P40,rec__overall_days,0.0003312280750833452,False,False
2,BASE_x_P40,rec__overall_span_days,0.0012287808349356055,False,False
2,BASE_x_P40,rec__overall_adequate_channel_days,0.0005691081751137972,False,False
2,BASE_x_P40,rec__ch3000_minus_ch3001_mean,0.007912545464932919,False,True
2,BASE_x_P40,rec__ch3000_minus_ch3002_mean,0.008059551008045673,False,True
2,BASE_x_P40,rec__ch3000_tod_night,0.003996375948190689,False,False
2,BASE_x_P40,rec__ch3000_tod_morning,0.027474042028188705,False,False
2,BASE_x_P40,rec__ch3000_tod_afternoon,0.00335359713062644,False,False
2,BASE_x_P40,rec__ch3000_tod_evening,0.0007203224813565612,False,False
2,BASE_x_P40,rec__ch3001_tod_night,0.012477956712245941,False,False
2,BASE_x_P40,rec__ch3001_tod_morning,0.0007644575089216232,False,False
2,BASE_x_P40,rec__ch3001_tod_afternoon,0.0006840371061116457,False,False
2,BASE_x_P40,rec__ch3001_tod_evening,0.0006817475077696145,False,False
2,BASE_x_P40,rec__ch3002_tod_night,0.005618893075734377,False,False
2,BASE_x_P40,rec__ch3002_tod_morning,0.0009262585663236678,False,False
2,BASE_x_P40,rec__ch3002_tod_afternoon,0.001011514337733388,False,False
2,BASE_x_P40,rec__ch3002_tod_evening,0.0006260442896746099,False,False
2,BASE_x_P40,win__ch3000_observed_days,0.0,False,False
2,BASE_x_P40,win__ch3000_adequate_days,0.00021048547932878137,False,False
2,BASE_x_P40,win__ch3000_events,0.00044387162779457867,False,False
2,BASE_x_P40,win__ch3000_mean_cov_h,0.0009685813565738499,False,False
2,BASE_x_P40,win__ch3000_mean_hours,0.0010513801826164126,False,False
2,BASE_x_P40,win__ch3000_events_per_day,0.0006622836226597428,False,False
2,BASE_x_P40,win__ch3000_mean_of_daily_mean,0.00020670000230893493,False,True
2,BASE_x_P40,win__ch3000_sd_of_daily_mean,0.00620323047041893,False,True
2,BASE_x_P40,win__ch3000_mean_of_daily_sd,0.0008630399825051427,False,True
2,BASE_x_P40,win__ch3000_median_of_daily_median,0.00020347570534795523,False,False
2,BASE_x_P40,win__ch3000_p25_of_daily_median,0.001241842401213944,False,False
2,BASE_x_P40,win__ch3000_p75_of_daily_median,0.00028506683884188533,False,False
2,BASE_x_P40,win__ch3000_iqr_of_daily_median,0.0006388642359524965,False,False
2,BASE_x_P40,win__ch3000_min_of_daily_min,0.002558105858042836,False,False
2,BASE_x_P40,win__ch3000_max_of_daily_max,0.0031813308596611023,False,False
2,BASE_x_P40,win__ch3000_range_of_daily_extremes,0.001965318573638797,False,False
2,BASE_x_P40,win__ch3000_weekday_mean,0.0035767946392297745,False,True
2,BASE_x_P40,win__ch3000_weekend_mean,0.0010126314591616392,False,True
2,BASE_x_P40,win__ch3000_weekend_minus_weekday,0.007545698434114456,False,False
2,BASE_x_P40,win__ch3001_observed_days,0.0006055663689039648,False,False
2,BASE_x_P40,win__ch3001_adequate_days,0.0009240541257895529,False,False
2,BASE_x_P40,win__ch3001_events,0.001087759854272008,False,False
2,BASE_x_P40,win__ch3001_span_days,0.00027311360463500023,False,False
2,BASE_x_P40,win__ch3001_mean_cov_h,0.0012850837083533406,False,False
2,BASE_x_P40,win__ch3001_mean_hours,0.00035994223435409367,False,False
2,BASE_x_P40,win__ch3001_events_per_day,0.0010683030122891068,False,False
2,BASE_x_P40,win__ch3001_mean_of_daily_mean,0.0002570563810877502,False,True
2,BASE_x_P40,win__ch3001_sd_of_daily_mean,0.004740002565085888,False,True
2,BASE_x_P40,win__ch3001_mean_of_daily_sd,0.005642243195325136,False,True
2,BASE_x_P40,win__ch3001_median_of_daily_median,0.00010747886699391529,False,False
2,BASE_x_P40,win__ch3001_p25_of_daily_median,7.012919377302751e-05,False,False
2,BASE_x_P40,win__ch3001_p75_of_daily_median,0.00042143778409808874,False,False
2,BASE_x_P40,win__ch3001_iqr_of_daily_median,0.0007935274043120444,False,False
2,BASE_x_P40,win__ch3001_min_of_daily_min,0.0017854694742709398,False,False
2,BASE_x_P40,win__ch3001_max_of_daily_max,0.0012326360447332263,False,False
2,BASE_x_P40,win__ch3001_range_of_daily_extremes,0.0010093746241182089,False,False
2,BASE_x_P40,win__ch3001_weekday_mean,0.00013352125824894756,False,True
2,BASE_x_P40,win__ch3001_weekend_mean,0.0005711258854717016,False,True
2,BASE_x_P40,win__ch3001_weekend_minus_weekday,0.002595361787825823,False,False
2,BASE_x_P40,win__ch3002_observed_days,0.0009239302598871291,False,False
2,BASE_x_P40,win__ch3002_adequate_days,0.0009150002733804286,False,False
2,BASE_x_P40,win__ch3002_events,0.001876580878160894,False,False
2,BASE_x_P40,win__ch3002_span_days,3.362765710335225e-05,False,False
2,BASE_x_P40,win__ch3002_mean_cov_h,0.00011172849190188572,False,False
2,BASE_x_P40,win__ch3002_mean_hours,6.508606747956946e-05,False,False
2,BASE_x_P40,win__ch3002_events_per_day,0.0003572523419279605,False,False
2,BASE_x_P40,win__ch3002_mean_of_daily_mean,0.00034038242301903665,False,True
2,BASE_x_P40,win__ch3002_sd_of_daily_mean,0.005541236139833927,False,True
2,BASE_x_P40,win__ch3002_mean_of_daily_sd,0.0032368868123739958,False,True
2,BASE_x_P40,win__ch3002_median_of_daily_median,3.532453047228046e-05,False,False
2,BASE_x_P40,win__ch3002_p25_of_daily_median,0.000127431470900774,False,False
2,BASE_x_P40,win__ch3002_p75_of_daily_median,0.00012047595373587683,False,False
2,BASE_x_P40,win__ch3002_iqr_of_daily_median,0.0011100381379947066,False,False
2,BASE_x_P40,win__ch3002_min_of_daily_min,0.0017367602558806539,False,False
2,BASE_x_P40,win__ch3002_max_of_daily_max,0.0006939120939932764,False,False
2,BASE_x_P40,win__ch3002_range_of_daily_extremes,0.0022677804809063673,False,False
2,BASE_x_P40,win__ch3002_weekday_mean,0.0002913517237175256,False,True
2,BASE_x_P40,win__ch3002_weekend_mean,0.0008581287111155689,False,True
2,BASE_x_P40,win__ch3002_weekend_minus_weekday,0.004839676432311535,False,False
2,BASE_x_P40,win__overall_events,0.0010909431148320436,False,False
2,BASE_x_P40,win__overall_days,2.5950792405637912e-05,False,False
2,BASE_x_P40,win__overall_adequate_channel_days,0.0013026940869167447,False,False
2,BASE_x_P40,win__ch3000_minus_ch3001_mean,0.008406934328377247,False,True
2,BASE_x_P40,win__ch3000_minus_ch3002_mean,0.008731205947697163,False,True
2,BASE_x_P40,win__ch3000_tod_night,0.0006841595750302076,False,False
2,BASE_x_P40,win__ch3000_tod_morning,0.010891510173678398,False,False
2,BASE_x_P40,win__ch3000_tod_afternoon,0.003144441405311227,False,False
2,BASE_x_P40,win__ch3000_tod_evening,0.0011094199726358056,False,False
2,BASE_x_P40,win__ch3001_tod_night,0.0008032413898035884,False,False
2,BASE_x_P40,win__ch3001_tod_morning,0.0009639793424867094,False,False
2,BASE_x_P40,win__ch3001_tod_afternoon,0.00045256377779878676,False,False
2,BASE_x_P40,win__ch3001_tod_evening,0.00073783885454759,False,False
2,BASE_x_P40,win__ch3002_tod_night,0.0022866821382194757,False,False
2,BASE_x_P40,win__ch3002_tod_morning,0.0009574989671818912,False,False
2,BASE_x_P40,win__ch3002_tod_afternoon,0.0011990814236924052,False,False
2,BASE_x_P40,win__ch3002_tod_evening,0.00034496758598834276,False,False
2,BASE_x_P40,roll_rec__ch3000_daily_hours_w30_max,0.0009031270164996386,False,False
2,BASE_x_P40,roll_rec__ch3000_daily_hours_w30_mean,0.0010754938703030348,False,True
2,BASE_x_P40,roll_rec__ch3000_daily_hours_w30_min,0.001459056162275374,False,False
2,BASE_x_P40,roll_rec__ch3000_daily_hours_w30_sd,0.0018704751273617148,False,True
2,BASE_x_P40,roll_rec__ch3000_daily_hours_w30_slope,0.0019990832079201937,False,False
2,BASE_x_P40,roll_rec__ch3000_daily_hours_w7_max,4.004597576567903e-05,False,False
2,BASE_x_P40,roll_rec__ch3000_daily_hours_w7_mean,0.0012157100718468428,False,True
2,BASE_x_P40,roll_rec__ch3000_daily_hours_w7_min,0.0019109243294224143,False,False
2,BASE_x_P40,roll_rec__ch3000_daily_hours_w7_sd,0.0033865782897919416,False,True
2,BASE_x_P40,roll_rec__ch3000_daily_hours_w7_slope,0.0017393672605976462,False,False
2,BASE_x_P40,roll_rec__ch3000_daily_mean_w30_max,0.0020843923557549715,False,False
2,BASE_x_P40,roll_rec__ch3000_daily_mean_w30_mean,0.006925700232386589,False,True
2,BASE_x_P40,roll_rec__ch3000_daily_mean_w30_min,0.003609331324696541,False,False
2,BASE_x_P40,roll_rec__ch3000_daily_mean_w30_sd,0.0019717251416295767,False,True
2,BASE_x_P40,roll_rec__ch3000_daily_mean_w30_slope,0.001431972486898303,False,False
2,BASE_x_P40,roll_rec__ch3000_daily_mean_w7_max,0.0015377204399555922,False,False
2,BASE_x_P40,roll_rec__ch3000_daily_mean_w7_mean,0.0014280894538387656,False,True
2,BASE_x_P40,roll_rec__ch3000_daily_mean_w7_min,0.002003732603043318,False,False
2,BASE_x_P40,roll_rec__ch3000_daily_mean_w7_sd,0.0015583961503580213,False,True
2,BASE_x_P40,roll_rec__ch3000_daily_mean_w7_slope,0.002358098281547427,False,False
2,BASE_x_P40,roll_rec__ch3000_daily_median_w30_max,0.0013211298501119018,False,False
2,BASE_x_P40,roll_rec__ch3000_daily_median_w30_mean,0.00011561825522221625,False,True
2,BASE_x_P40,roll_rec__ch3000_daily_median_w30_min,0.0018241768702864647,False,False
2,BASE_x_P40,roll_rec__ch3000_daily_median_w30_sd,0.001526110921986401,False,True
2,BASE_x_P40,roll_rec__ch3000_daily_median_w30_slope,0.0010596186621114612,False,False
2,BASE_x_P40,roll_rec__ch3000_daily_median_w7_max,0.0013750620419159532,False,False
2,BASE_x_P40,roll_rec__ch3000_daily_median_w7_mean,0.0005845891428180039,False,True
2,BASE_x_P40,roll_rec__ch3000_daily_median_w7_min,0.0009087754879146814,False,False
2,BASE_x_P40,roll_rec__ch3000_daily_median_w7_sd,0.0009624177473597229,False,True
2,BASE_x_P40,roll_rec__ch3000_daily_median_w7_slope,0.001749904011376202,False,False
2,BASE_x_P40,roll_rec__ch3000_daily_sd_w30_max,0.0021254350431263447,False,False
2,BASE_x_P40,roll_rec__ch3000_daily_sd_w30_mean,0.0017822806257754564,False,True
2,BASE_x_P40,roll_rec__ch3000_daily_sd_w30_min,0.002229869831353426,False,False
2,BASE_x_P40,roll_rec__ch3000_daily_sd_w30_sd,0.0034710648469626904,False,True
2,BASE_x_P40,roll_rec__ch3000_daily_sd_w30_slope,0.0015046884072944522,False,False
2,BASE_x_P40,roll_rec__ch3000_daily_sd_w7_max,0.0010146021377295256,False,False
2,BASE_x_P40,roll_rec__ch3000_daily_sd_w7_mean,0.0008957898244261742,False,True
2,BASE_x_P40,roll_rec__ch3000_daily_sd_w7_min,0.0029797249007970095,False,False
2,BASE_x_P40,roll_rec__ch3000_daily_sd_w7_sd,0.006378046702593565,False,True
2,BASE_x_P40,roll_rec__ch3000_daily_sd_w7_slope,0.0022558781784027815,False,False
2,BASE_x_P40,roll_rec__ch3001_daily_hours_w30_max,0.0016028285026550293,False,False
2,BASE_x_P40,roll_rec__ch3001_daily_hours_w30_mean,0.0007528876303695142,False,True
2,BASE_x_P40,roll_rec__ch3001_daily_hours_w30_min,0.0013190285535529256,False,False
2,BASE_x_P40,roll_rec__ch3001_daily_hours_w30_sd,0.0020432821474969387,False,True
2,BASE_x_P40,roll_rec__ch3001_daily_hours_w30_slope,0.0024449925404042006,False,False
2,BASE_x_P40,roll_rec__ch3001_daily_hours_w7_max,0.00124928739387542,False,False
2,BASE_x_P40,roll_rec__ch3001_daily_hours_w7_mean,0.00052399787819013,False,True
2,BASE_x_P40,roll_rec__ch3001_daily_hours_w7_min,0.001046512508764863,False,False
2,BASE_x_P40,roll_rec__ch3001_daily_hours_w7_sd,0.002072750823572278,False,True
2,BASE_x_P40,roll_rec__ch3001_daily_hours_w7_slope,0.001310221035964787,False,False
2,BASE_x_P40,roll_rec__ch3001_daily_mean_w30_max,0.0011829640716314316,False,False
2,BASE_x_P40,roll_rec__ch3001_daily_mean_w30_mean,0.00016216025687754154,False,True
2,BASE_x_P40,roll_rec__ch3001_daily_mean_w30_min,0.00044908327981829643,False,False
2,BASE_x_P40,roll_rec__ch3001_daily_mean_w30_sd,0.001230953843332827,False,True
2,BASE_x_P40,roll_rec__ch3001_daily_mean_w30_slope,0.000764599593821913,False,False
2,BASE_x_P40,roll_rec__ch3001_daily_mean_w7_max,0.0010516811162233353,False,False
2,BASE_x_P40,roll_rec__ch3001_daily_mean_w7_mean,0.000296088051982224,False,True
2,BASE_x_P40,roll_rec__ch3001_daily_mean_w7_min,0.0008093342185020447,False,False
2,BASE_x_P40,roll_rec__ch3001_daily_mean_w7_sd,0.0014668279327452183,False,True
2,BASE_x_P40,roll_rec__ch3001_daily_mean_w7_slope,0.0010548034915700555,False,False
2,BASE_x_P40,roll_rec__ch3001_daily_median_w30_max,0.000703819387126714,False,False
2,BASE_x_P40,roll_rec__ch3001_daily_median_w30_mean,0.00048007891746237874,False,True
2,BASE_x_P40,roll_rec__ch3001_daily_median_w30_min,0.0003004558093380183,False,False
2,BASE_x_P40,roll_rec__ch3001_daily_median_w30_sd,0.0013335105031728745,False,True
2,BASE_x_P40,roll_rec__ch3001_daily_median_w30_slope,0.0010130364680662751,False,False
2,BASE_x_P40,roll_rec__ch3001_daily_median_w7_max,0.0007350108935497701,False,False
2,BASE_x_P40,roll_rec__ch3001_daily_median_w7_mean,0.0003684540279209614,False,True
2,BASE_x_P40,roll_rec__ch3001_daily_median_w7_min,0.00014250443200580776,False,False
2,BASE_x_P40,roll_rec__ch3001_daily_median_w7_sd,0.0015912501839920878,False,True
2,BASE_x_P40,roll_rec__ch3001_daily_median_w7_slope,0.0017158956034108996,False,False
2,BASE_x_P40,roll_rec__ch3001_daily_sd_w30_max,0.0047672768123447895,False,False
2,BASE_x_P40,roll_rec__ch3001_daily_sd_w30_mean,0.0025784324388951063,False,True
2,BASE_x_P40,roll_rec__ch3001_daily_sd_w30_min,0.0017570591298863292,False,False
2,BASE_x_P40,roll_rec__ch3001_daily_sd_w30_sd,0.0018628202378749847,False,True
2,BASE_x_P40,roll_rec__ch3001_daily_sd_w30_slope,0.0032800910994410515,False,False
2,BASE_x_P40,roll_rec__ch3001_daily_sd_w7_max,0.012227645143866539,False,False
2,BASE_x_P40,roll_rec__ch3001_daily_sd_w7_mean,0.004276893567293882,False,True
2,BASE_x_P40,roll_rec__ch3001_daily_sd_w7_min,0.0017682514153420925,False,False
2,BASE_x_P40,roll_rec__ch3001_daily_sd_w7_sd,0.005828536115586758,False,True
2,BASE_x_P40,roll_rec__ch3001_daily_sd_w7_slope,0.0014622220769524574,False,False
2,BASE_x_P40,roll_rec__ch3002_daily_hours_w30_max,0.0011007110588252544,False,False
2,BASE_x_P40,roll_rec__ch3002_daily_hours_w30_mean,0.0003468897775746882,False,True
2,BASE_x_P40,roll_rec__ch3002_daily_hours_w30_min,0.0017493265913799405,False,False
2,BASE_x_P40,roll_rec__ch3002_daily_hours_w30_sd,0.0016027608653530478,False,True
2,BASE_x_P40,roll_rec__ch3002_daily_hours_w30_slope,0.002073655603453517,False,False
2,BASE_x_P40,roll_rec__ch3002_daily_hours_w7_max,0.0005026176222600043,False,False
2,BASE_x_P40,roll_rec__ch3002_daily_hours_w7_mean,0.0010126337874680758,False,True
2,BASE_x_P40,roll_rec__ch3002_daily_hours_w7_min,0.0013797698775306344,False,False
2,BASE_x_P40,roll_rec__ch3002_daily_hours_w7_sd,0.0023453927133232355,False,True
2,BASE_x_P40,roll_rec__ch3002_daily_hours_w7_slope,0.0015038270503282547,False,False
2,BASE_x_P40,roll_rec__ch3002_daily_mean_w30_max,0.0009745389106683433,False,False
2,BASE_x_P40,roll_rec__ch3002_daily_mean_w30_mean,0.00021597696468234062,False,True
2,BASE_x_P40,roll_rec__ch3002_daily_mean_w30_min,0.0005478417151607573,False,False
2,BASE_x_P40,roll_rec__ch3002_daily_mean_w30_sd,0.0008402924868278205,False,True
2,BASE_x_P40,roll_rec__ch3002_daily_mean_w30_slope,0.0016185161657631397,False,False
2,BASE_x_P40,roll_rec__ch3002_daily_mean_w7_max,0.0014894020278006792,False,False
2,BASE_x_P40,roll_rec__ch3002_daily_mean_w7_mean,0.0001061789007508196,False,True
2,BASE_x_P40,roll_rec__ch3002_daily_mean_w7_min,0.0016636443324387074,False,False
2,BASE_x_P40,roll_rec__ch3002_daily_mean_w7_sd,0.001842864672653377,False,True
2,BASE_x_P40,roll_rec__ch3002_daily_mean_w7_slope,0.0011770145501941442,False,False
2,BASE_x_P40,roll_rec__ch3002_daily_median_w30_max,0.0007149539305828512,False,False
2,BASE_x_P40,roll_rec__ch3002_daily_median_w30_mean,0.0004768831713590771,False,True
2,BASE_x_P40,roll_rec__ch3002_daily_median_w30_min,0.0005009813467040658,False,False
2,BASE_x_P40,roll_rec__ch3002_daily_median_w30_sd,0.001107175019569695,False,True
2,BASE_x_P40,roll_rec__ch3002_daily_median_w30_slope,0.0014798477059230208,False,False
2,BASE_x_P40,roll_rec__ch3002_daily_median_w7_max,0.000990094617009163,False,False
2,BASE_x_P40,roll_rec__ch3002_daily_median_w7_mean,0.00012473086826503277,False,True
2,BASE_x_P40,roll_rec__ch3002_daily_median_w7_min,0.0019366351189091802,False,False
2,BASE_x_P40,roll_rec__ch3002_daily_median_w7_sd,0.0009496758575551212,False,True
2,BASE_x_P40,roll_rec__ch3002_daily_median_w7_slope,0.0018569777021184564,False,False
2,BASE_x_P40,roll_rec__ch3002_daily_sd_w30_max,0.008749664761126041,False,False
2,BASE_x_P40,roll_rec__ch3002_daily_sd_w30_mean,0.004919348284602165,False,True
2,BASE_x_P40,roll_rec__ch3002_daily_sd_w30_min,0.0014710091054439545,False,False
2,BASE_x_P40,roll_rec__ch3002_daily_sd_w30_sd,0.0018503532046452165,False,True
2,BASE_x_P40,roll_rec__ch3002_daily_sd_w30_slope,0.0031324925366789103,False,False
2,BASE_x_P40,roll_rec__ch3002_daily_sd_w7_max,0.010329095646739006,False,False
2,BASE_x_P40,roll_rec__ch3002_daily_sd_w7_mean,0.006547995842993259,False,True
2,BASE_x_P40,roll_rec__ch3002_daily_sd_w7_min,0.0027209119871258736,False,False
2,BASE_x_P40,roll_rec__ch3002_daily_sd_w7_sd,0.002471325919032097,False,True
2,BASE_x_P40,roll_rec__ch3002_daily_sd_w7_slope,0.001727801631204784,False,False
2,BASE_x_P40,roll_win__ch3000_daily_hours_w30_max,0.0016801280435174704,False,False
2,BASE_x_P40,roll_win__ch3000_daily_hours_w30_mean,0.0012277646455913782,False,True
2,BASE_x_P40,roll_win__ch3000_daily_hours_w30_min,0.0012103390181437135,False,False
2,BASE_x_P40,roll_win__ch3000_daily_hours_w30_sd,0.002789362333714962,False,True
2,BASE_x_P40,roll_win__ch3000_daily_hours_w30_slope,0.004183264449238777,False,False
2,BASE_x_P40,roll_win__ch3000_daily_hours_w7_max,0.00026348407845944166,False,False
2,BASE_x_P40,roll_win__ch3000_daily_hours_w7_mean,0.0010723936138674617,False,True
2,BASE_x_P40,roll_win__ch3000_daily_hours_w7_min,0.00118034437764436,False,False
2,BASE_x_P40,roll_win__ch3000_daily_hours_w7_sd,0.003000727156177163,False,True
2,BASE_x_P40,roll_win__ch3000_daily_hours_w7_slope,0.0013203017879277468,False,False
2,BASE_x_P40,roll_win__ch3000_daily_mean_w30_max,0.0006981078186072409,False,False
2,BASE_x_P40,roll_win__ch3000_daily_mean_w30_mean,0.0009774420177564025,False,True
2,BASE_x_P40,roll_win__ch3000_daily_mean_w30_min,0.00013224271242506802,False,False
2,BASE_x_P40,roll_win__ch3000_daily_mean_w30_sd,0.0015250536380335689,False,True
2,BASE_x_P40,roll_win__ch3000_daily_mean_w30_slope,0.001238552387803793,False,False
2,BASE_x_P40,roll_win__ch3000_daily_mean_w7_max,0.0013354984112083912,False,False
2,BASE_x_P40,roll_win__ch3000_daily_mean_w7_mean,0.0004629725299309939,False,True
2,BASE_x_P40,roll_win__ch3000_daily_mean_w7_min,0.00212303944863379,False,False
2,BASE_x_P40,roll_win__ch3000_daily_mean_w7_sd,0.00162079359870404,False,True
2,BASE_x_P40,roll_win__ch3000_daily_mean_w7_slope,0.0016089776763692498,False,False
2,BASE_x_P40,roll_win__ch3000_daily_median_w30_max,0.0002694509457796812,False,False
2,BASE_x_P40,roll_win__ch3000_daily_median_w30_mean,0.0005004254635423422,False,True
2,BASE_x_P40,roll_win__ch3000_daily_median_w30_min,0.0007864595390856266,False,False
2,BASE_x_P40,roll_win__ch3000_daily_median_w30_sd,0.0012151200789958239,False,True
2,BASE_x_P40,roll_win__ch3000_daily_median_w30_slope,0.0017455910565331578,False,False
2,BASE_x_P40,roll_win__ch3000_daily_median_w7_max,0.0007659093826077878,False,False
2,BASE_x_P40,roll_win__ch3000_daily_median_w7_mean,3.1999938073568046e-05,False,True
2,BASE_x_P40,roll_win__ch3000_daily_median_w7_min,0.0006704842671751976,False,False
2,BASE_x_P40,roll_win__ch3000_daily_median_w7_sd,0.0031542836222797632,False,True
2,BASE_x_P40,roll_win__ch3000_daily_median_w7_slope,0.001556340022943914,False,False
2,BASE_x_P40,roll_win__ch3000_daily_sd_w30_max,0.0009428729536011815,False,False
2,BASE_x_P40,roll_win__ch3000_daily_sd_w30_mean,0.001577087678015232,False,True
2,BASE_x_P40,roll_win__ch3000_daily_sd_w30_min,0.001403793110512197,False,False
2,BASE_x_P40,roll_win__ch3000_daily_sd_w30_sd,0.0034490288235247135,False,True
2,BASE_x_P40,roll_win__ch3000_daily_sd_w30_slope,0.0027151862159371376,False,False
2,BASE_x_P40,roll_win__ch3000_daily_sd_w7_max,0.00204843538813293,False,False
2,BASE_x_P40,roll_win__ch3000_daily_sd_w7_mean,0.000959922035690397,False,True
2,BASE_x_P40,roll_win__ch3000_daily_sd_w7_min,0.004166434518992901,False,False
2,BASE_x_P40,roll_win__ch3000_daily_sd_w7_sd,0.003584260353818536,False,True
2,BASE_x_P40,roll_win__ch3000_daily_sd_w7_slope,0.0030693861190229654,False,False
2,BASE_x_P40,roll_win__ch3001_daily_hours_w30_max,0.000726257567293942,False,False
2,BASE_x_P40,roll_win__ch3001_daily_hours_w30_mean,0.0007205017027445138,False,True
2,BASE_x_P40,roll_win__ch3001_daily_hours_w30_min,0.0007473513251170516,False,False
2,BASE_x_P40,roll_win__ch3001_daily_hours_w30_sd,0.0018132100813090801,False,True
2,BASE_x_P40,roll_win__ch3001_daily_hours_w30_slope,0.0016400982858613133,False,False
2,BASE_x_P40,roll_win__ch3001_daily_hours_w7_max,0.0008229344966821373,False,False
2,BASE_x_P40,roll_win__ch3001_daily_hours_w7_mean,0.0012327494332566857,False,True
2,BASE_x_P40,roll_win__ch3001_daily_hours_w7_min,0.0010648868046700954,False,False
2,BASE_x_P40,roll_win__ch3001_daily_hours_w7_sd,0.002953762887045741,False,True
2,BASE_x_P40,roll_win__ch3001_daily_hours_w7_slope,0.0026732913684099913,False,False
2,BASE_x_P40,roll_win__ch3001_daily_mean_w30_max,1.0581248716334812e-05,False,False
2,BASE_x_P40,roll_win__ch3001_daily_mean_w30_mean,0.00015884680033195764,False,True
2,BASE_x_P40,roll_win__ch3001_daily_mean_w30_min,0.0006504645571112633,False,False
2,BASE_x_P40,roll_win__ch3001_daily_mean_w30_sd,0.0016086273826658726,False,True
2,BASE_x_P40,roll_win__ch3001_daily_mean_w30_slope,0.0016563459066674113,False,False
2,BASE_x_P40,roll_win__ch3001_daily_mean_w7_max,0.0004093279712833464,False,False
2,BASE_x_P40,roll_win__ch3001_daily_mean_w7_mean,0.00022982426162343472,False,True
2,BASE_x_P40,roll_win__ch3001_daily_mean_w7_min,0.000554247701074928,False,False
2,BASE_x_P40,roll_win__ch3001_daily_mean_w7_sd,0.0023601355496793985,False,True
2,BASE_x_P40,roll_win__ch3001_daily_mean_w7_slope,0.0017704851925373077,False,False
2,BASE_x_P40,roll_win__ch3001_daily_median_w30_max,0.0007514050812460482,False,False
2,BASE_x_P40,roll_win__ch3001_daily_median_w30_mean,0.00034954643342643976,False,True
2,BASE_x_P40,roll_win__ch3001_daily_median_w30_min,0.0003049733641091734,False,False
2,BASE_x_P40,roll_win__ch3001_daily_median_w30_sd,0.0011035101488232613,False,True
2,BASE_x_P40,roll_win__ch3001_daily_median_w30_slope,0.0014556989772245288,False,False
2,BASE_x_P40,roll_win__ch3001_daily_median_w7_max,0.0008173209498636425,False,False
2,BASE_x_P40,roll_win__ch3001_daily_median_w7_mean,0.00020241214951965958,False,True
2,BASE_x_P40,roll_win__ch3001_daily_median_w7_min,0.00038763470365665853,False,False
2,BASE_x_P40,roll_win__ch3001_daily_median_w7_sd,0.0019720925483852625,False,True
2,BASE_x_P40,roll_win__ch3001_daily_median_w7_slope,0.0016248088795691729,False,False
2,BASE_x_P40,roll_win__ch3001_daily_sd_w30_max,0.0025482892524451017,False,False
2,BASE_x_P40,roll_win__ch3001_daily_sd_w30_mean,0.002268355805426836,False,True
2,BASE_x_P40,roll_win__ch3001_daily_sd_w30_min,0.0026580991689115763,False,False
2,BASE_x_P40,roll_win__ch3001_daily_sd_w30_sd,0.0014312511775642633,False,True
2,BASE_x_P40,roll_win__ch3001_daily_sd_w30_slope,0.0019031334668397903,False,False
2,BASE_x_P40,roll_win__ch3001_daily_sd_w7_max,0.0014953345526009798,False,False
2,BASE_x_P40,roll_win__ch3001_daily_sd_w7_mean,0.001213163835927844,False,True
2,BASE_x_P40,roll_win__ch3001_daily_sd_w7_min,0.002562029054388404,False,False
2,BASE_x_P40,roll_win__ch3001_daily_sd_w7_sd,0.0022919403854757547,False,True
2,BASE_x_P40,roll_win__ch3001_daily_sd_w7_slope,0.002507476368919015,False,False
2,BASE_x_P40,roll_win__ch3002_daily_hours_w30_max,0.001014605280943215,False,False
2,BASE_x_P40,roll_win__ch3002_daily_hours_w30_mean,0.00022639990493189543,False,True
2,BASE_x_P40,roll_win__ch3002_daily_hours_w30_min,0.0012648545671254396,False,False
2,BASE_x_P40,roll_win__ch3002_daily_hours_w30_sd,0.001897822367027402,False,True
2,BASE_x_P40,roll_win__ch3002_daily_hours_w30_slope,0.00239946530200541,False,False
2,BASE_x_P40,roll_win__ch3002_daily_hours_w7_max,0.0006625045207329094,False,False
2,BASE_x_P40,roll_win__ch3002_daily_hours_w7_mean,0.0007499642670154572,False,True
2,BASE_x_P40,roll_win__ch3002_daily_hours_w7_min,0.001322750118561089,False,False
2,BASE_x_P40,roll_win__ch3002_daily_hours_w7_sd,0.00283583952113986,False,True
2,BASE_x_P40,roll_win__ch3002_daily_hours_w7_slope,0.0012452567461878061,False,False
2,BASE_x_P40,roll_win__ch3002_daily_mean_w30_max,0.0006707292632199824,False,False
2,BASE_x_P40,roll_win__ch3002_daily_mean_w30_mean,0.00042333276360295713,False,True
2,BASE_x_P40,roll_win__ch3002_daily_mean_w30_min,0.0007586477440781891,False,False
2,BASE_x_P40,roll_win__ch3002_daily_mean_w30_sd,0.0011234247358515859,False,True
2,BASE_x_P40,roll_win__ch3002_daily_mean_w30_slope,0.0012233619345352054,False,False
2,BASE_x_P40,roll_win__ch3002_daily_mean_w7_max,0.0002416486240690574,False,False
2,BASE_x_P40,roll_win__ch3002_daily_mean_w7_mean,1.5632858479293996e-18,False,True
2,BASE_x_P40,roll_win__ch3002_daily_mean_w7_min,0.0012823647120967507,False,False
2,BASE_x_P40,roll_win__ch3002_daily_mean_w7_sd,0.0020972902420908213,False,True
2,BASE_x_P40,roll_win__ch3002_daily_mean_w7_slope,0.0012438250705599785,False,False
2,BASE_x_P40,roll_win__ch3002_daily_median_w30_max,0.0005270802648738027,False,False
2,BASE_x_P40,roll_win__ch3002_daily_median_w30_mean,0.00038331691757775843,False,True
2,BASE_x_P40,roll_win__ch3002_daily_median_w30_min,0.00038920246879570186,False,False
2,BASE_x_P40,roll_win__ch3002_daily_median_w30_sd,0.0018383314600214362,False,True
2,BASE_x_P40,roll_win__ch3002_daily_median_w30_slope,0.001551531138829887,False,False
2,BASE_x_P40,roll_win__ch3002_daily_median_w7_max,0.0008672144613228738,False,False
2,BASE_x_P40,roll_win__ch3002_daily_median_w7_mean,0.0,False,True
2,BASE_x_P40,roll_win__ch3002_daily_median_w7_min,0.0009382886928506196,False,False
2,BASE_x_P40,roll_win__ch3002_daily_median_w7_sd,0.0007351556560024619,False,True
2,BASE_x_P40,roll_win__ch3002_daily_median_w7_slope,0.0014846709091216326,False,False
2,BASE_x_P40,roll_win__ch3002_daily_sd_w30_max,0.0019373558461666107,False,False
2,BASE_x_P40,roll_win__ch3002_daily_sd_w30_mean,0.001212206669151783,False,True
2,BASE_x_P40,roll_win__ch3002_daily_sd_w30_min,0.0018993866397067904,False,False
2,BASE_x_P40,roll_win__ch3002_daily_sd_w30_sd,0.0016126894624903798,False,True
2,BASE_x_P40,roll_win__ch3002_daily_sd_w30_slope,0.0021989294327795506,False,False
2,BASE_x_P40,roll_win__ch3002_daily_sd_w7_max,0.002310724463313818,False,False
2,BASE_x_P40,roll_win__ch3002_daily_sd_w7_mean,0.001034092390909791,False,True
2,BASE_x_P40,roll_win__ch3002_daily_sd_w7_min,0.0018412456847727299,False,False
2,BASE_x_P40,roll_win__ch3002_daily_sd_w7_sd,0.0025137595366686583,False,True
2,BASE_x_P40,roll_win__ch3002_daily_sd_w7_slope,0.0022134575992822647,False,False
2,BASE_x_P40,cosinor_M_mean,0.002139999996870756,False,True
2,BASE_x_P40,cosinor_A1_mean,0.001957993721589446,False,True
2,BASE_x_P40,cosinor_A2_mean,0.0025782242882996798,False,True
2,BASE_x_P40,cosinor_A3_mean,0.004114626906812191,False,True
2,BASE_x_P40,cosinor_acro_h_mean,0.003563452046364546,False,True
2,BASE_x_P40,cosinor_resid_sd_mean,0.008257288485765457,False,True
2,BASE_x_P40,curve_night_mean_mean,0.0006746925646439195,False,True
2,BASE_x_P40,curve_morning_slope_mean,0.00212875590659678,False,True
2,BASE_x_P40,curve_day_night_contrast_mean,0.0015925357583910227,False,True
2,BASE_x_P40,curve_range_mean,0.0015191592974588275,False,True
2,BASE_x_P40,curve_entropy_mean,0.0012165363878011703,False,True
2,BASE_x_P40,hour_h0_mean,0.0010971863521263003,False,True
2,BASE_x_P40,hour_h1_mean,0.001451972872018814,False,True
2,BASE_x_P40,hour_h2_mean,0.0010462901555001736,False,True
2,BASE_x_P40,hour_h3_mean,0.001164752058684826,False,True
2,BASE_x_P40,hour_h4_mean,0.001672932063229382,False,True
2,BASE_x_P40,hour_h5_mean,0.0014900682726874948,False,True
2,BASE_x_P40,hour_h6_mean,0.002149691339582205,False,True
2,BASE_x_P40,hour_h7_mean,0.0040291715413331985,False,True
2,BASE_x_P40,hour_h8_mean,0.0058761159889400005,False,True
2,BASE_x_P40,hour_h9_mean,0.010014357045292854,False,True
2,BASE_x_P40,hour_h10_mean,0.004941872321069241,False,True
2,BASE_x_P40,hour_h11_mean,0.006006451323628426,False,True
2,BASE_x_P40,hour_h12_mean,0.003743664361536503,False,True
2,BASE_x_P40,hour_h13_mean,0.006889946758747101,False,True
2,BASE_x_P40,hour_h14_mean,0.004018689505755901,False,True
2,BASE_x_P40,hour_h15_mean,0.002594884019345045,False,True
2,BASE_x_P40,hour_h16_mean,0.003171053249388933,False,True
2,BASE_x_P40,hour_h17_mean,0.003154923440888524,False,True
2,BASE_x_P40,hour_h18_mean,0.0018990332027897239,False,True
2,BASE_x_P40,hour_h19_mean,0.0011673432309180498,False,True
2,BASE_x_P40,hour_h20_mean,0.0011766916140913963,False,True
2,BASE_x_P40,hour_h21_mean,0.001437830040231347,False,True
2,BASE_x_P40,hour_h22_mean,0.0011581915896385908,False,True
2,BASE_x_P40,hour_h23_mean,0.0006384743028320372,False,True
2,BASE_x_P40,cosinor_M_sd,0.0024335579946637154,False,True
2,BASE_x_P40,cosinor_A1_sd,0.0031324997544288635,False,True
2,BASE_x_P40,cosinor_A2_sd,0.002420903416350484,False,True
2,BASE_x_P40,cosinor_A3_sd,0.0017004399560391903,False,True
2,BASE_x_P40,cosinor_acro_h_sd,0.001766670262441039,False,True
2,BASE_x_P40,cosinor_resid_sd_sd,0.003277309937402606,False,True
2,BASE_x_P40,curve_night_mean_sd,0.0018349949968978763,False,True
2,BASE_x_P40,curve_morning_slope_sd,0.003353999461978674,False,True
2,BASE_x_P40,curve_day_night_contrast_sd,0.007673264946788549,False,True
2,BASE_x_P40,curve_range_sd,0.007171378005295992,False,True
2,BASE_x_P40,curve_entropy_sd,0.0037556022871285677,False,True
2,BASE_x_P40,hour_h0_sd,0.002472115447744727,False,True
2,BASE_x_P40,hour_h1_sd,0.0030981996096670628,False,True
2,BASE_x_P40,hour_h2_sd,0.0014011352322995663,False,True
2,BASE_x_P40,hour_h3_sd,0.001809272333048284,False,True
2,BASE_x_P40,hour_h4_sd,0.003044106299057603,False,True
2,BASE_x_P40,hour_h5_sd,0.003460798179730773,False,True
2,BASE_x_P40,hour_h6_sd,0.0033916342072188854,False,True
2,BASE_x_P40,hour_h7_sd,0.003360216738656163,False,True
2,BASE_x_P40,hour_h8_sd,0.0050782873295247555,False,True
2,BASE_x_P40,hour_h9_sd,0.00445123016834259,False,True
2,BASE_x_P40,hour_h10_sd,0.002526602940633893,False,True
2,BASE_x_P40,hour_h11_sd,0.002155458554625511,False,True
2,BASE_x_P40,hour_h12_sd,0.0026223117019981146,False,True
2,BASE_x_P40,hour_h13_sd,0.0021845572628080845,False,True
2,BASE_x_P40,hour_h14_sd,0.001699598622508347,False,True
2,BASE_x_P40,hour_h15_sd,0.0019026023801416159,False,True
2,BASE_x_P40,hour_h16_sd,0.001731566502712667,False,True
2,BASE_x_P40,hour_h17_sd,0.0024781266693025827,False,True
2,BASE_x_P40,hour_h18_sd,0.002879396779462695,False,True
2,BASE_x_P40,hour_h19_sd,0.010564279742538929,False,True
2,BASE_x_P40,hour_h20_sd,0.0022099369671195745,False,True
2,BASE_x_P40,hour_h21_sd,0.002887013368308544,False,True
2,BASE_x_P40,hour_h22_sd,0.002823946066200733,False,True
2,BASE_x_P40,hour_h23_sd,0.002924256259575486,False,True
2,BASE_x_P40,curve_night_mean_wd,0.002103782258927822,False,True
2,BASE_x_P40,curve_morning_slope_wd,0.002259753877297044,False,True
2,BASE_x_P40,curve_day_night_contrast_wd,0.0013201599940657616,False,True
2,BASE_x_P40,curve_range_wd,0.0016999166691675782,False,True
2,BASE_x_P40,curve_entropy_wd,0.003896826645359397,False,True
2,BASE_x_P40,curve_night_mean_we,0.0010001552291214466,False,True
2,BASE_x_P40,curve_morning_slope_we,0.0019986042752861977,False,True
2,BASE_x_P40,curve_day_night_contrast_we,0.001582606346346438,False,True
2,BASE_x_P40,curve_range_we,0.000930667039938271,False,True
2,BASE_x_P40,curve_entropy_we,0.0019994673784822226,False,True
2,BASE_x_P40,curve_night_mean_wd_diff,0.0038268170319497585,False,True
2,BASE_x_P40,curve_morning_slope_wd_diff,0.0026727719232439995,False,True
2,BASE_x_P40,curve_day_night_contrast_wd_diff,0.0031538137700408697,False,True
2,BASE_x_P40,curve_range_wd_diff,0.0023814854212105274,False,True
2,BASE_x_P40,curve_entropy_wd_diff,0.0023873611353337765,False,True
2,BASE_x_P40,demo__age_group=Elderly,0.004054702818393707,False,False
2,BASE_x_P40,demo__age_group=Middle Ager,1.521219928690698e-05,False,False
2,BASE_x_P40,demo__age_group=Young Adults,0.00029667001217603683,False,False
2,BASE_x_P40,demo__bmi_grp=normal,0.00038336808211170137,False,False
2,BASE_x_P40,demo__bmi_grp=obese,0.00013678033428732306,False,False
2,BASE_x_P40,demo__bmi_grp=overweight,0.0001510881702415645,False,False
3,C40,d_ch3000_mean,0.04591255262494087,False,True
3,C40,d_ch3000_median,0.025554494932293892,False,False
3,C40,d_ch3000_sd,0.01885194517672062,False,True
3,C40,d_ch3000_vmin,0.03759622946381569,False,False
3,C40,d_ch3000_vmax,0.017671117559075356,False,False
3,C40,d_ch3000_n,0.012838720344007015,False,False
3,C40,d_ch3000_cov_h,0.011895150877535343,False,False
3,C40,d_ch3000_hours,0.001790362293832004,False,False
3,C40,d_ch3001_mean,0.009020027704536915,False,True
3,C40,d_ch3001_median,0.0038948706351220608,False,False
3,C40,d_ch3001_sd,0.014190598390996456,False,True
3,C40,d_ch3001_vmin,0.005534170661121607,False,False
3,C40,d_ch3001_vmax,0.010154918767511845,False,False
3,C40,d_ch3001_n,0.008139743469655514,False,False
3,C40,d_ch3001_cov_h,0.008136974647641182,False,False
3,C40,d_ch3001_hours,0.001918124035000801,False,False
3,C40,d_ch3002_mean,0.008631075732409954,False,True
3,C40,d_ch3002_median,0.005551859270781279,False,False
3,C40,d_ch3002_sd,0.010635590180754662,False,True
3,C40,d_ch3002_vmin,0.0045366594567894936,False,False
3,C40,d_ch3002_vmax,0.006232552230358124,False,False
3,C40,d_ch3002_n,0.002077550860121846,False,False
3,C40,d_ch3002_cov_h,0.002013071672990918,False,False
3,C40,d_ch3002_hours,0.001883719814941287,False,False
3,C40,d_gap_3000_3001_mean,0.01145810168236494,False,True
3,C40,d_gap_3000_3002_mean,0.013446653261780739,False,True
3,C40,d_gap_3000_3001_sd,0.014583418145775795,False,True
3,C40,d_gap_3000_3002_sd,0.010310260578989983,False,True
3,C40,d_is_weekend,0.001709950971417129,False,False
3,C40,cosinor_M,0.021201569586992264,True,False
3,C40,cosinor_A1,0.016742469742894173,True,False
3,C40,cosinor_A2,0.017801055684685707,True,False
3,C40,cosinor_A3,0.018521875143051147,True,False
3,C40,cosinor_acro_h,0.013916900381445885,True,False
3,C40,cosinor_resid_sd,0.015725864097476006,True,True
3,C40,curve_night_mean,0.018983064219355583,True,True
3,C40,curve_morning_slope,0.018197255209088326,True,False
3,C40,curve_day_night_contrast,0.014243937097489834,True,False
3,C40,curve_range,0.018337307497859,True,False
3,C40,curve_entropy,0.019138792529702187,True,False
3,C40,hour_h0,0.016688119620084763,True,False
3,C40,hour_h1,0.015886273235082626,True,False
3,C40,hour_h2,0.015788406133651733,True,False
3,C40,hour_h3,0.017296887934207916,True,False
3,C40,hour_h4,0.023881414905190468,True,False
3,C40,hour_h5,0.020327452570199966,True,False
3,C40,hour_h6,0.024243393912911415,True,False
3,C40,hour_h7,0.02675262652337551,True,False
3,C40,hour_h8,0.021940771490335464,True,False
3,C40,hour_h9,0.01990412548184395,True,False
3,C40,hour_h10,0.022706860676407814,True,False
3,C40,hour_h11,0.020346565172076225,True,False
3,C40,hour_h12,0.018449490889906883,True,False
3,C40,hour_h13,0.020593149587512016,True,False
3,C40,hour_h14,0.01908670738339424,True,False
3,C40,hour_h15,0.02120569907128811,True,False
3,C40,hour_h16,0.02095353975892067,True,False
3,C40,hour_h17,0.019570572301745415,True,False
3,C40,hour_h18,0.019446827471256256,True,False
3,C40,hour_h19,0.019136998802423477,True,False
3,C40,hour_h20,0.0195476021617651,True,False
3,C40,hour_h21,0.01935567893087864,True,False
3,C40,hour_h22,0.019527124240994453,True,False
3,C40,hour_h23,0.01838315650820732,True,False
3,C40_resid,d_ch3000_mean,0.04700175300240517,False,True
3,C40_resid,d_ch3000_median,0.023198449984192848,False,False
3,C40_resid,d_ch3000_sd,0.018003856763243675,False,True
3,C40_resid,d_ch3000_vmin,0.036984991282224655,False,False
3,C40_resid,d_ch3000_vmax,0.017153143882751465,False,False
3,C40_resid,d_ch3000_n,0.011623874306678772,False,False
3,C40_resid,d_ch3000_cov_h,0.010312044993042946,False,False
3,C40_resid,d_ch3000_hours,0.0017378974007442594,False,False
3,C40_resid,d_ch3001_mean,0.008672256954014301,False,True
3,C40_resid,d_ch3001_median,0.004007566720247269,False,False
3,C40_resid,d_ch3001_sd,0.013552014715969563,False,True
3,C40_resid,d_ch3001_vmin,0.0053892419673502445,False,False
3,C40_resid,d_ch3001_vmax,0.010109936818480492,False,False
3,C40_resid,d_ch3001_n,0.007760290522128344,False,False
3,C40_resid,d_ch3001_cov_h,0.008075456134974957,False,False
3,C40_resid,d_ch3001_hours,0.0018875005189329386,False,False
3,C40_resid,d_ch3002_mean,0.00855298899114132,False,True
3,C40_resid,d_ch3002_median,0.005432715639472008,False,False
3,C40_resid,d_ch3002_sd,0.010372678749263287,False,True
3,C40_resid,d_ch3002_vmin,0.004341089632362127,False,False
3,C40_resid,d_ch3002_vmax,0.006138577591627836,False,False
3,C40_resid,d_ch3002_n,0.002030713018029928,False,False
3,C40_resid,d_ch3002_cov_h,0.0019842409528791904,False,False
3,C40_resid,d_ch3002_hours,0.0019624989945441484,False,False
3,C40_resid,d_gap_3000_3001_mean,0.011801449581980705,False,True
3,C40_resid,d_gap_3000_3002_mean,0.013889526948332787,False,True
3,C40_resid,d_gap_3000_3001_sd,0.014171069487929344,False,True
3,C40_resid,d_gap_3000_3002_sd,0.010628982447087765,False,True
3,C40_resid,d_is_weekend,0.00165568757802248,False,False
3,C40_resid,cosinor_M,0.01769731566309929,True,False
3,C40_resid,cosinor_A1,0.014629166573286057,True,False
3,C40_resid,cosinor_A2,0.014503485523164272,True,False
3,C40_resid,cosinor_A3,0.016018416732549667,True,False
3,C40_resid,cosinor_acro_h,0.01917588897049427,True,False
3,C40_resid,cosinor_resid_sd,0.01603914611041546,True,True
3,C40_resid,curve_night_mean,0.028714429587125778,True,True
3,C40_resid,curve_morning_slope,0.01775158755481243,True,False
3,C40_resid,curve_day_night_contrast,0.01379688736051321,True,False
3,C40_resid,curve_range,0.018739474937319756,True,False
3,C40_resid,curve_entropy,0.021436844021081924,True,False
3,C40_resid,hour_h0,0.017673224210739136,True,False
3,C40_resid,hour_h1,0.016310492530465126,True,False
3,C40_resid,hour_h2,0.017366062849760056,True,False
3,C40_resid,hour_h3,0.01751016639173031,True,False
3,C40_resid,hour_h4,0.020516058430075645,True,False
3,C40_resid,hour_h5,0.020470239222049713,True,False
3,C40_resid,hour_h6,0.024895550683140755,True,False
3,C40_resid,hour_h7,0.02601834572851658,True,False
3,C40_resid,hour_h8,0.02156289853155613,True,False
3,C40_resid,hour_h9,0.019594591110944748,True,False
3,C40_resid,hour_h10,0.02279355376958847,True,False
3,C40_resid,hour_h11,0.02075921930372715,True,False
3,C40_resid,hour_h12,0.018643314018845558,True,False
3,C40_resid,hour_h13,0.020406927913427353,True,False
3,C40_resid,hour_h14,0.019718457013368607,True,False
3,C40_resid,hour_h15,0.02109936624765396,True,False
3,C40_resid,hour_h16,0.02157694660127163,True,False
3,C40_resid,hour_h17,0.01950669474899769,True,False
3,C40_resid,hour_h18,0.019301939755678177,True,False
3,C40_resid,hour_h19,0.019269602373242378,True,False
3,C40_resid,hour_h20,0.019143514335155487,True,False
3,C40_resid,hour_h21,0.019886186346411705,True,False
3,C40_resid,hour_h22,0.019704297184944153,True,False
3,C40_resid,hour_h23,0.019337210804224014,True,False
3,BASE_x_P40,rec__ch3000_observed_days,0.000720792100764811,False,False
3,BASE_x_P40,rec__ch3000_adequate_days,0.0015100715681910515,False,False
3,BASE_x_P40,rec__ch3000_events,0.0015147761441767216,False,False
3,BASE_x_P40,rec__ch3000_span_days,0.0013657478848472238,False,False
3,BASE_x_P40,rec__ch3000_mean_cov_h,0.0016045047668740153,False,False
3,BASE_x_P40,rec__ch3000_mean_hours,0.0011753321159631014,False,False
3,BASE_x_P40,rec__ch3000_events_per_day,0.0008055883808992803,False,False
3,BASE_x_P40,rec__ch3000_mean_of_daily_mean,0.013363989070057869,False,True
3,BASE_x_P40,rec__ch3000_sd_of_daily_mean,0.0033918353728950024,False,True
3,BASE_x_P40,rec__ch3000_mean_of_daily_sd,0.0010628419695422053,False,True
3,BASE_x_P40,rec__ch3000_median_of_daily_median,0.0026740424800664186,False,False
3,BASE_x_P40,rec__ch3000_p25_of_daily_median,0.0026337201707065105,False,False
3,BASE_x_P40,rec__ch3000_p75_of_daily_median,4.310689837438986e-05,False,False
3,BASE_x_P40,rec__ch3000_iqr_of_daily_median,0.001023472286760807,False,False
3,BASE_x_P40,rec__ch3000_min_of_daily_min,0.0017128345789387822,False,False
3,BASE_x_P40,rec__ch3000_max_of_daily_max,0.003958273213356733,False,False
3,BASE_x_P40,rec__ch3000_range_of_daily_extremes,0.004544321913272142,False,False
3,BASE_x_P40,rec__ch3000_weekday_mean,0.054645586758852005,False,True
3,BASE_x_P40,rec__ch3000_weekend_mean,0.0005452095065265894,False,True
3,BASE_x_P40,rec__ch3000_weekend_minus_weekday,0.012677554041147232,False,False
3,BASE_x_P40,rec__ch3001_observed_days,0.000937577395234257,False,False
3,BASE_x_P40,rec__ch3001_adequate_days,0.00048456795047968626,False,False
3,BASE_x_P40,rec__ch3001_events,0.0009080023737624288,False,False
3,BASE_x_P40,rec__ch3001_span_days,0.001715774997137487,False,False
3,BASE_x_P40,rec__ch3001_mean_cov_h,0.000629888498224318,False,False
3,BASE_x_P40,rec__ch3001_mean_hours,7.365362398559228e-05,False,False
3,BASE_x_P40,rec__ch3001_events_per_day,0.001109315431676805,False,False
3,BASE_x_P40,rec__ch3001_mean_of_daily_mean,0.0004235388187225908,False,True
3,BASE_x_P40,rec__ch3001_sd_of_daily_mean,0.0017359871417284012,False,True
3,BASE_x_P40,rec__ch3001_mean_of_daily_sd,0.0022882295306771994,False,True
3,BASE_x_P40,rec__ch3001_median_of_daily_median,3.967407337768236e-06,False,False
3,BASE_x_P40,rec__ch3001_p25_of_daily_median,0.0001569926826050505,False,False
3,BASE_x_P40,rec__ch3001_p75_of_daily_median,0.0003112843551207334,False,False
3,BASE_x_P40,rec__ch3001_iqr_of_daily_median,0.0003330482868477702,False,False
3,BASE_x_P40,rec__ch3001_min_of_daily_min,0.0014030851889401674,False,False
3,BASE_x_P40,rec__ch3001_max_of_daily_max,0.0029315126594156027,False,False
3,BASE_x_P40,rec__ch3001_range_of_daily_extremes,0.0038794297724962234,False,False
3,BASE_x_P40,rec__ch3001_weekday_mean,0.00024026556639000773,False,True
3,BASE_x_P40,rec__ch3001_weekend_mean,0.000500147754792124,False,True
3,BASE_x_P40,rec__ch3001_weekend_minus_weekday,0.0015524182235822082,False,False
3,BASE_x_P40,rec__ch3002_observed_days,0.000550774100702256,False,False
3,BASE_x_P40,rec__ch3002_adequate_days,0.00046582688810303807,False,False
3,BASE_x_P40,rec__ch3002_events,0.0016338579589501023,False,False
3,BASE_x_P40,rec__ch3002_span_days,0.0014723166823387146,False,False
3,BASE_x_P40,rec__ch3002_mean_cov_h,0.00024771891185082495,False,False
3,BASE_x_P40,rec__ch3002_mean_hours,0.0007075336179696023,False,False
3,BASE_x_P40,rec__ch3002_events_per_day,0.0002601929008960724,False,False
3,BASE_x_P40,rec__ch3002_mean_of_daily_mean,1.9380730009288527e-05,False,True
3,BASE_x_P40,rec__ch3002_sd_of_daily_mean,0.006253223400563002,False,True
3,BASE_x_P40,rec__ch3002_mean_of_daily_sd,0.005177119746804237,False,True
3,BASE_x_P40,rec__ch3002_median_of_daily_median,0.00010187963198404759,False,False
3,BASE_x_P40,rec__ch3002_p25_of_daily_median,0.00029305892530828714,False,False
3,BASE_x_P40,rec__ch3002_p75_of_daily_median,0.00021318606741260737,False,False
3,BASE_x_P40,rec__ch3002_iqr_of_daily_median,0.0006265324773266912,False,False
3,BASE_x_P40,rec__ch3002_min_of_daily_min,0.0013698625843971968,False,False
3,BASE_x_P40,rec__ch3002_max_of_daily_max,0.001688350341282785,False,False
3,BASE_x_P40,rec__ch3002_range_of_daily_extremes,0.0017791098216548562,False,False
3,BASE_x_P40,rec__ch3002_weekday_mean,0.00047584142885170877,False,True
3,BASE_x_P40,rec__ch3002_weekend_mean,0.000456079636933282,False,True
3,BASE_x_P40,rec__ch3002_weekend_minus_weekday,0.003281980287283659,False,False
3,BASE_x_P40,rec__overall_events,0.0008803959935903549,False,False
3,BASE_x_P40,rec__overall_days,0.0005892798071727157,False,False
3,BASE_x_P40,rec__overall_span_days,0.0016829243395477533,False,False
3,BASE_x_P40,rec__overall_adequate_channel_days,0.0009306943975389004,False,False
3,BASE_x_P40,rec__ch3000_minus_ch3001_mean,0.014545496553182602,False,True
3,BASE_x_P40,rec__ch3000_minus_ch3002_mean,0.010033998638391495,False,True
3,BASE_x_P40,rec__ch3000_tod_night,0.0011958706891164184,False,False
3,BASE_x_P40,rec__ch3000_tod_morning,0.01650109514594078,False,False
3,BASE_x_P40,rec__ch3000_tod_afternoon,0.003975242376327515,False,False
3,BASE_x_P40,rec__ch3000_tod_evening,0.0012175082229077816,False,False
3,BASE_x_P40,rec__ch3001_tod_night,0.001896773581393063,False,False
3,BASE_x_P40,rec__ch3001_tod_morning,0.0004869087424594909,False,False
3,BASE_x_P40,rec__ch3001_tod_afternoon,0.0004286050098016858,False,False
3,BASE_x_P40,rec__ch3001_tod_evening,0.0004407307133078575,False,False
3,BASE_x_P40,rec__ch3002_tod_night,0.0016322692390531301,False,False
3,BASE_x_P40,rec__ch3002_tod_morning,0.0010755155235528946,False,False
3,BASE_x_P40,rec__ch3002_tod_afternoon,0.001041162759065628,False,False
3,BASE_x_P40,rec__ch3002_tod_evening,0.0007600869867019355,False,False
3,BASE_x_P40,win__ch3000_observed_days,4.508294659899548e-05,False,False
3,BASE_x_P40,win__ch3000_adequate_days,8.296155283460394e-05,False,False
3,BASE_x_P40,win__ch3000_events,0.0009939977899193764,False,False
3,BASE_x_P40,win__ch3000_mean_cov_h,0.0011632092064246535,False,False
3,BASE_x_P40,win__ch3000_mean_hours,0.0004806998185813427,False,False
3,BASE_x_P40,win__ch3000_events_per_day,0.0006931739626452327,False,False
3,BASE_x_P40,win__ch3000_mean_of_daily_mean,0.0005719515611417592,False,True
3,BASE_x_P40,win__ch3000_sd_of_daily_mean,0.006180848926305771,False,True
3,BASE_x_P40,win__ch3000_mean_of_daily_sd,0.0007551969029009342,False,True
3,BASE_x_P40,win__ch3000_median_of_daily_median,0.0003191236755810678,False,False
3,BASE_x_P40,win__ch3000_p25_of_daily_median,0.002270564902573824,False,False
3,BASE_x_P40,win__ch3000_p75_of_daily_median,0.0005343850352801383,False,False
3,BASE_x_P40,win__ch3000_iqr_of_daily_median,0.0006570047698915005,False,False
3,BASE_x_P40,win__ch3000_min_of_daily_min,0.002030117902904749,False,False
3,BASE_x_P40,win__ch3000_max_of_daily_max,0.0018542188918218017,False,False
3,BASE_x_P40,win__ch3000_range_of_daily_extremes,0.0018557982984930277,False,False
3,BASE_x_P40,win__ch3000_weekday_mean,0.009067019447684288,False,True
3,BASE_x_P40,win__ch3000_weekend_mean,0.0005972752114757895,False,True
3,BASE_x_P40,win__ch3000_weekend_minus_weekday,0.010633818805217743,False,False
3,BASE_x_P40,win__ch3001_observed_days,0.0004983042599633336,False,False
3,BASE_x_P40,win__ch3001_adequate_days,0.0006953460397198796,False,False
3,BASE_x_P40,win__ch3001_events,0.0017795742023736238,False,False
3,BASE_x_P40,win__ch3001_span_days,0.0003131054691039026,False,False
3,BASE_x_P40,win__ch3001_mean_cov_h,0.0007163321133702993,False,False
3,BASE_x_P40,win__ch3001_mean_hours,0.00026655898545868695,False,False
3,BASE_x_P40,win__ch3001_events_per_day,0.0007231039926409721,False,False
3,BASE_x_P40,win__ch3001_mean_of_daily_mean,5.942840289208107e-05,False,True
3,BASE_x_P40,win__ch3001_sd_of_daily_mean,0.0031698548700660467,False,True
3,BASE_x_P40,win__ch3001_mean_of_daily_sd,0.007150430232286453,False,True
3,BASE_x_P40,win__ch3001_median_of_daily_median,0.00026571101625449955,False,False
3,BASE_x_P40,win__ch3001_p25_of_daily_median,0.0,False,False
3,BASE_x_P40,win__ch3001_p75_of_daily_median,0.0002956789103336632,False,False
3,BASE_x_P40,win__ch3001_iqr_of_daily_median,0.0019782441668212414,False,False
3,BASE_x_P40,win__ch3001_min_of_daily_min,0.0014761138008907437,False,False
3,BASE_x_P40,win__ch3001_max_of_daily_max,0.001306588645093143,False,False
3,BASE_x_P40,win__ch3001_range_of_daily_extremes,0.0018338339868932962,False,False
3,BASE_x_P40,win__ch3001_weekday_mean,0.00036565057234838605,False,True
3,BASE_x_P40,win__ch3001_weekend_mean,0.00044127285946160555,False,True
3,BASE_x_P40,win__ch3001_weekend_minus_weekday,0.0023043497931212187,False,False
3,BASE_x_P40,win__ch3002_observed_days,0.000846743700094521,False,False
3,BASE_x_P40,win__ch3002_adequate_days,0.0013454423751682043,False,False
3,BASE_x_P40,win__ch3002_events,0.002260948531329632,False,False
3,BASE_x_P40,win__ch3002_span_days,0.0003994861908722669,False,False
3,BASE_x_P40,win__ch3002_mean_cov_h,0.000576039485167712,False,False
3,BASE_x_P40,win__ch3002_mean_hours,0.0005397615605033934,False,False
3,BASE_x_P40,win__ch3002_events_per_day,0.000274497433565557,False,False
3,BASE_x_P40,win__ch3002_mean_of_daily_mean,0.0004831385740544647,False,True
3,BASE_x_P40,win__ch3002_sd_of_daily_mean,0.006049619521945715,False,True
3,BASE_x_P40,win__ch3002_mean_of_daily_sd,0.0028354700189083815,False,True
3,BASE_x_P40,win__ch3002_median_of_daily_median,0.00025909068062901497,False,False
3,BASE_x_P40,win__ch3002_p25_of_daily_median,0.0006486420752480626,False,False
3,BASE_x_P40,win__ch3002_p75_of_daily_median,0.0006302660913206637,False,False
3,BASE_x_P40,win__ch3002_iqr_of_daily_median,0.0015885045286267996,False,False
3,BASE_x_P40,win__ch3002_min_of_daily_min,0.0015692900633439422,False,False
3,BASE_x_P40,win__ch3002_max_of_daily_max,0.0013513381127268076,False,False
3,BASE_x_P40,win__ch3002_range_of_daily_extremes,0.0020399768836796284,False,False
3,BASE_x_P40,win__ch3002_weekday_mean,0.00034425847115926445,False,True
3,BASE_x_P40,win__ch3002_weekend_mean,0.0007504724781028926,False,True
3,BASE_x_P40,win__ch3002_weekend_minus_weekday,0.004402029328048229,False,False
3,BASE_x_P40,win__overall_events,0.0009120419272221625,False,False
3,BASE_x_P40,win__overall_days,0.0,False,False
3,BASE_x_P40,win__overall_adequate_channel_days,0.0020066481083631516,False,False
3,BASE_x_P40,win__ch3000_minus_ch3001_mean,0.0057324860244989395,False,True
3,BASE_x_P40,win__ch3000_minus_ch3002_mean,0.008389603346586227,False,True
3,BASE_x_P40,win__ch3000_tod_night,0.0004037652397528291,False,False
3,BASE_x_P40,win__ch3000_tod_morning,0.011732540093362331,False,False
3,BASE_x_P40,win__ch3000_tod_afternoon,0.005037625785917044,False,False
3,BASE_x_P40,win__ch3000_tod_evening,0.0011078710667788982,False,False
3,BASE_x_P40,win__ch3001_tod_night,0.0008203421020880342,False,False
3,BASE_x_P40,win__ch3001_tod_morning,0.0016492926515638828,False,False
3,BASE_x_P40,win__ch3001_tod_afternoon,0.0009572262642905116,False,False
3,BASE_x_P40,win__ch3001_tod_evening,0.000964318634942174,False,False
3,BASE_x_P40,win__ch3002_tod_night,0.0013869146350771189,False,False
3,BASE_x_P40,win__ch3002_tod_morning,0.0011943295830860734,False,False
3,BASE_x_P40,win__ch3002_tod_afternoon,0.0010346645722165704,False,False
3,BASE_x_P40,win__ch3002_tod_evening,0.0005180704174563289,False,False
3,BASE_x_P40,roll_rec__ch3000_daily_hours_w30_max,0.001651650294661522,False,False
3,BASE_x_P40,roll_rec__ch3000_daily_hours_w30_mean,0.001169490278698504,False,True
3,BASE_x_P40,roll_rec__ch3000_daily_hours_w30_min,0.0016006838995963335,False,False
3,BASE_x_P40,roll_rec__ch3000_daily_hours_w30_sd,0.0019157167989760637,False,True
3,BASE_x_P40,roll_rec__ch3000_daily_hours_w30_slope,0.0019001503242179751,False,False
3,BASE_x_P40,roll_rec__ch3000_daily_hours_w7_max,0.00022824005282018334,False,False
3,BASE_x_P40,roll_rec__ch3000_daily_hours_w7_mean,0.0009150012629106641,False,True
3,BASE_x_P40,roll_rec__ch3000_daily_hours_w7_min,0.001970553770661354,False,False
3,BASE_x_P40,roll_rec__ch3000_daily_hours_w7_sd,0.0019386496860533953,False,True
3,BASE_x_P40,roll_rec__ch3000_daily_hours_w7_slope,0.0017026240238919854,False,False
3,BASE_x_P40,roll_rec__ch3000_daily_mean_w30_max,0.0013548805145546794,False,False
3,BASE_x_P40,roll_rec__ch3000_daily_mean_w30_mean,0.0034720718394964933,False,True
3,BASE_x_P40,roll_rec__ch3000_daily_mean_w30_min,0.006165789905935526,False,False
3,BASE_x_P40,roll_rec__ch3000_daily_mean_w30_sd,0.0015911487862467766,False,True
3,BASE_x_P40,roll_rec__ch3000_daily_mean_w30_slope,0.0007669214974157512,False,False
3,BASE_x_P40,roll_rec__ch3000_daily_mean_w7_max,0.0012300617527216673,False,False
3,BASE_x_P40,roll_rec__ch3000_daily_mean_w7_mean,0.009174116887152195,False,True
3,BASE_x_P40,roll_rec__ch3000_daily_mean_w7_min,0.0007516808109357953,False,False
3,BASE_x_P40,roll_rec__ch3000_daily_mean_w7_sd,0.0013584343250840902,False,True
3,BASE_x_P40,roll_rec__ch3000_daily_mean_w7_slope,0.0010662628337740898,False,False
3,BASE_x_P40,roll_rec__ch3000_daily_median_w30_max,0.0006234238971956074,False,False
3,BASE_x_P40,roll_rec__ch3000_daily_median_w30_mean,0.00017514743376523256,False,True
3,BASE_x_P40,roll_rec__ch3000_daily_median_w30_min,0.0002568951458670199,False,False
3,BASE_x_P40,roll_rec__ch3000_daily_median_w30_sd,0.0013953236630186439,False,True
3,BASE_x_P40,roll_rec__ch3000_daily_median_w30_slope,0.0013111972948536277,False,False
3,BASE_x_P40,roll_rec__ch3000_daily_median_w7_max,0.0006756301736459136,False,False
3,BASE_x_P40,roll_rec__ch3000_daily_median_w7_mean,0.0006889121141284704,False,True
3,BASE_x_P40,roll_rec__ch3000_daily_median_w7_min,0.0004486756515689194,False,False
3,BASE_x_P40,roll_rec__ch3000_daily_median_w7_sd,0.0013840289320796728,False,True
3,BASE_x_P40,roll_rec__ch3000_daily_median_w7_slope,0.0016368604265153408,False,False
3,BASE_x_P40,roll_rec__ch3000_daily_sd_w30_max,0.0012671431759372354,False,False
3,BASE_x_P40,roll_rec__ch3000_daily_sd_w30_mean,0.0012971593532711267,False,True
3,BASE_x_P40,roll_rec__ch3000_daily_sd_w30_min,0.0016522292280569673,False,False
3,BASE_x_P40,roll_rec__ch3000_daily_sd_w30_sd,0.0024435718078166246,False,True
3,BASE_x_P40,roll_rec__ch3000_daily_sd_w30_slope,0.0023687733337283134,False,False
3,BASE_x_P40,roll_rec__ch3000_daily_sd_w7_max,0.0013660610420629382,False,False
3,BASE_x_P40,roll_rec__ch3000_daily_sd_w7_mean,0.0009779378306120634,False,True
3,BASE_x_P40,roll_rec__ch3000_daily_sd_w7_min,0.004790172446519136,False,False
3,BASE_x_P40,roll_rec__ch3000_daily_sd_w7_sd,0.0044176834635436535,False,True
3,BASE_x_P40,roll_rec__ch3000_daily_sd_w7_slope,0.002393364906311035,False,False
3,BASE_x_P40,roll_rec__ch3001_daily_hours_w30_max,0.0016767565393820405,False,False
3,BASE_x_P40,roll_rec__ch3001_daily_hours_w30_mean,0.0008254651911556721,False,True
3,BASE_x_P40,roll_rec__ch3001_daily_hours_w30_min,0.0010564570548012853,False,False
3,BASE_x_P40,roll_rec__ch3001_daily_hours_w30_sd,0.0022006251383572817,False,True
3,BASE_x_P40,roll_rec__ch3001_daily_hours_w30_slope,0.0014829918509349227,False,False
3,BASE_x_P40,roll_rec__ch3001_daily_hours_w7_max,0.0011868830770254135,False,False
3,BASE_x_P40,roll_rec__ch3001_daily_hours_w7_mean,0.0005777966580353677,False,True
3,BASE_x_P40,roll_rec__ch3001_daily_hours_w7_min,0.0011185260955244303,False,False
3,BASE_x_P40,roll_rec__ch3001_daily_hours_w7_sd,0.0018139659659937024,False,True
3,BASE_x_P40,roll_rec__ch3001_daily_hours_w7_slope,0.0007430462865158916,False,False
3,BASE_x_P40,roll_rec__ch3001_daily_mean_w30_max,0.0005322570214048028,False,False
3,BASE_x_P40,roll_rec__ch3001_daily_mean_w30_mean,0.0005640767049044371,False,True
3,BASE_x_P40,roll_rec__ch3001_daily_mean_w30_min,7.45738361729309e-05,False,False
3,BASE_x_P40,roll_rec__ch3001_daily_mean_w30_sd,0.0015409303596243262,False,True
3,BASE_x_P40,roll_rec__ch3001_daily_mean_w30_slope,0.0007640047697350383,False,False
3,BASE_x_P40,roll_rec__ch3001_daily_mean_w7_max,0.0007032757275737822,False,False
3,BASE_x_P40,roll_rec__ch3001_daily_mean_w7_mean,0.00031817873241379857,False,True
3,BASE_x_P40,roll_rec__ch3001_daily_mean_w7_min,0.0006324639543890953,False,False
3,BASE_x_P40,roll_rec__ch3001_daily_mean_w7_sd,0.0011749727418646216,False,True
3,BASE_x_P40,roll_rec__ch3001_daily_mean_w7_slope,0.001023386139422655,False,False
3,BASE_x_P40,roll_rec__ch3001_daily_median_w30_max,0.0004361741303000599,False,False
3,BASE_x_P40,roll_rec__ch3001_daily_median_w30_mean,0.0004177492519374937,False,True
3,BASE_x_P40,roll_rec__ch3001_daily_median_w30_min,0.00016612054605502635,False,False
3,BASE_x_P40,roll_rec__ch3001_daily_median_w30_sd,0.001132963690906763,False,True
3,BASE_x_P40,roll_rec__ch3001_daily_median_w30_slope,0.0008053264464251697,False,False
3,BASE_x_P40,roll_rec__ch3001_daily_median_w7_max,0.0005191801465116441,False,False
3,BASE_x_P40,roll_rec__ch3001_daily_median_w7_mean,0.00048818334471434355,False,True
3,BASE_x_P40,roll_rec__ch3001_daily_median_w7_min,0.0008956390665844083,False,False
3,BASE_x_P40,roll_rec__ch3001_daily_median_w7_sd,0.0010444242507219315,False,True
3,BASE_x_P40,roll_rec__ch3001_daily_median_w7_slope,0.000501081405673176,False,False
3,BASE_x_P40,roll_rec__ch3001_daily_sd_w30_max,0.0027273818850517273,False,False
3,BASE_x_P40,roll_rec__ch3001_daily_sd_w30_mean,0.003806694643571973,False,True
3,BASE_x_P40,roll_rec__ch3001_daily_sd_w30_min,0.0018400810658931732,False,False
3,BASE_x_P40,roll_rec__ch3001_daily_sd_w30_sd,0.001521351165138185,False,True
3,BASE_x_P40,roll_rec__ch3001_daily_sd_w30_slope,0.002898974111303687,False,False
3,BASE_x_P40,roll_rec__ch3001_daily_sd_w7_max,0.012904899194836617,False,False
3,BASE_x_P40,roll_rec__ch3001_daily_sd_w7_mean,0.003079709829762578,False,True
3,BASE_x_P40,roll_rec__ch3001_daily_sd_w7_min,0.002590419491752982,False,False
3,BASE_x_P40,roll_rec__ch3001_daily_sd_w7_sd,0.0039034548681229353,False,True
3,BASE_x_P40,roll_rec__ch3001_daily_sd_w7_slope,0.0019672780763357878,False,False
3,BASE_x_P40,roll_rec__ch3002_daily_hours_w30_max,0.000867478724103421,False,False
3,BASE_x_P40,roll_rec__ch3002_daily_hours_w30_mean,0.00038863980444148183,False,True
3,BASE_x_P40,roll_rec__ch3002_daily_hours_w30_min,0.0019380254670977592,False,False
3,BASE_x_P40,roll_rec__ch3002_daily_hours_w30_sd,0.0013339105062186718,False,True
3,BASE_x_P40,roll_rec__ch3002_daily_hours_w30_slope,0.0011403256794437766,False,False
3,BASE_x_P40,roll_rec__ch3002_daily_hours_w7_max,0.0012437322875484824,False,False
3,BASE_x_P40,roll_rec__ch3002_daily_hours_w7_mean,0.0006900082807987928,False,True
3,BASE_x_P40,roll_rec__ch3002_daily_hours_w7_min,0.0012193123111501336,False,False
3,BASE_x_P40,roll_rec__ch3002_daily_hours_w7_sd,0.002101844409480691,False,True
3,BASE_x_P40,roll_rec__ch3002_daily_hours_w7_slope,0.0013806164497509599,False,False
3,BASE_x_P40,roll_rec__ch3002_daily_mean_w30_max,0.0005749373231083155,False,False
3,BASE_x_P40,roll_rec__ch3002_daily_mean_w30_mean,0.0002475642831996083,False,True
3,BASE_x_P40,roll_rec__ch3002_daily_mean_w30_min,0.000800213310867548,False,False
3,BASE_x_P40,roll_rec__ch3002_daily_mean_w30_sd,0.0007125414558686316,False,True
3,BASE_x_P40,roll_rec__ch3002_daily_mean_w30_slope,0.0009390662307851017,False,False
3,BASE_x_P40,roll_rec__ch3002_daily_mean_w7_max,0.0009616947500035167,False,False
3,BASE_x_P40,roll_rec__ch3002_daily_mean_w7_mean,0.0003915782435797155,False,True
3,BASE_x_P40,roll_rec__ch3002_daily_mean_w7_min,0.0011185894254595041,False,False
3,BASE_x_P40,roll_rec__ch3002_daily_mean_w7_sd,0.0014900824753567576,False,True
3,BASE_x_P40,roll_rec__ch3002_daily_mean_w7_slope,0.0012989223469048738,False,False
3,BASE_x_P40,roll_rec__ch3002_daily_median_w30_max,0.00019039519247598946,False,False
3,BASE_x_P40,roll_rec__ch3002_daily_median_w30_mean,0.0005496191442944109,False,True
3,BASE_x_P40,roll_rec__ch3002_daily_median_w30_min,0.0007797398138791323,False,False
3,BASE_x_P40,roll_rec__ch3002_daily_median_w30_sd,0.0011772578582167625,False,True
3,BASE_x_P40,roll_rec__ch3002_daily_median_w30_slope,0.0013668613974004984,False,False
3,BASE_x_P40,roll_rec__ch3002_daily_median_w7_max,0.0008917415980249643,False,False
3,BASE_x_P40,roll_rec__ch3002_daily_median_w7_mean,0.0003991820849478245,False,True
3,BASE_x_P40,roll_rec__ch3002_daily_median_w7_min,0.001231745700351894,False,False
3,BASE_x_P40,roll_rec__ch3002_daily_median_w7_sd,0.0008832477033138275,False,True
3,BASE_x_P40,roll_rec__ch3002_daily_median_w7_slope,0.0011876578209921718,False,False
3,BASE_x_P40,roll_rec__ch3002_daily_sd_w30_max,0.005427878815680742,False,False
3,BASE_x_P40,roll_rec__ch3002_daily_sd_w30_mean,0.00329506560228765,False,True
3,BASE_x_P40,roll_rec__ch3002_daily_sd_w30_min,0.002098250901326537,False,False
3,BASE_x_P40,roll_rec__ch3002_daily_sd_w30_sd,0.0021575780119746923,False,True
3,BASE_x_P40,roll_rec__ch3002_daily_sd_w30_slope,0.0018840715056285262,False,False
3,BASE_x_P40,roll_rec__ch3002_daily_sd_w7_max,0.009212417528033257,False,False
3,BASE_x_P40,roll_rec__ch3002_daily_sd_w7_mean,0.0034869983792304993,False,True
3,BASE_x_P40,roll_rec__ch3002_daily_sd_w7_min,0.0022649646271020174,False,False
3,BASE_x_P40,roll_rec__ch3002_daily_sd_w7_sd,0.0028016704600304365,False,True
3,BASE_x_P40,roll_rec__ch3002_daily_sd_w7_slope,0.002835195977240801,False,False
3,BASE_x_P40,roll_win__ch3000_daily_hours_w30_max,0.0008728922111913562,False,False
3,BASE_x_P40,roll_win__ch3000_daily_hours_w30_mean,0.0007108648424036801,False,True
3,BASE_x_P40,roll_win__ch3000_daily_hours_w30_min,0.000799673143774271,False,False
3,BASE_x_P40,roll_win__ch3000_daily_hours_w30_sd,0.0033171239774674177,False,True
3,BASE_x_P40,roll_win__ch3000_daily_hours_w30_slope,0.0026721020694822073,False,False
3,BASE_x_P40,roll_win__ch3000_daily_hours_w7_max,0.0003321307885926217,False,False
3,BASE_x_P40,roll_win__ch3000_daily_hours_w7_mean,0.0004096069897059351,False,True
3,BASE_x_P40,roll_win__ch3000_daily_hours_w7_min,0.0016535090981051326,False,False
3,BASE_x_P40,roll_win__ch3000_daily_hours_w7_sd,0.002212140243500471,False,True
3,BASE_x_P40,roll_win__ch3000_daily_hours_w7_slope,0.002256611129269004,False,False
3,BASE_x_P40,roll_win__ch3000_daily_mean_w30_max,0.000312584190396592,False,False
3,BASE_x_P40,roll_win__ch3000_daily_mean_w30_mean,0.00038594528450630605,False,True
3,BASE_x_P40,roll_win__ch3000_daily_mean_w30_min,0.0010435001458972692,False,False
3,BASE_x_P40,roll_win__ch3000_daily_mean_w30_sd,0.001932044979184866,False,True
3,BASE_x_P40,roll_win__ch3000_daily_mean_w30_slope,0.002051865914836526,False,False
3,BASE_x_P40,roll_win__ch3000_daily_mean_w7_max,0.0010107315611094236,False,False
3,BASE_x_P40,roll_win__ch3000_daily_mean_w7_mean,0.0021556534338742495,False,True
3,BASE_x_P40,roll_win__ch3000_daily_mean_w7_min,0.0007020168704912066,False,False
3,BASE_x_P40,roll_win__ch3000_daily_mean_w7_sd,0.0021003964357078075,False,True
3,BASE_x_P40,roll_win__ch3000_daily_mean_w7_slope,0.0021524776238948107,False,False
3,BASE_x_P40,roll_win__ch3000_daily_median_w30_max,0.0005242147017270327,False,False
3,BASE_x_P40,roll_win__ch3000_daily_median_w30_mean,0.0006879006396047771,False,True
3,BASE_x_P40,roll_win__ch3000_daily_median_w30_min,0.0003429956268519163,False,False
3,BASE_x_P40,roll_win__ch3000_daily_median_w30_sd,0.0018320725066587329,False,True
3,BASE_x_P40,roll_win__ch3000_daily_median_w30_slope,0.001554521033540368,False,False
3,BASE_x_P40,roll_win__ch3000_daily_median_w7_max,0.001060478505678475,False,False
3,BASE_x_P40,roll_win__ch3000_daily_median_w7_mean,0.0008031633333303034,False,True
3,BASE_x_P40,roll_win__ch3000_daily_median_w7_min,0.0009914637776091695,False,False
3,BASE_x_P40,roll_win__ch3000_daily_median_w7_sd,0.0028289896436035633,False,True
3,BASE_x_P40,roll_win__ch3000_daily_median_w7_slope,0.00210721418261528,False,False
3,BASE_x_P40,roll_win__ch3000_daily_sd_w30_max,0.00041327709914185107,False,False
3,BASE_x_P40,roll_win__ch3000_daily_sd_w30_mean,0.0008390801376663148,False,True
3,BASE_x_P40,roll_win__ch3000_daily_sd_w30_min,0.001664618612267077,False,False
3,BASE_x_P40,roll_win__ch3000_daily_sd_w30_sd,0.0014705779030919075,False,True
3,BASE_x_P40,roll_win__ch3000_daily_sd_w30_slope,0.0025450154207646847,False,False
3,BASE_x_P40,roll_win__ch3000_daily_sd_w7_max,0.0011881710961461067,False,False
3,BASE_x_P40,roll_win__ch3000_daily_sd_w7_mean,0.0009295138297602534,False,True
3,BASE_x_P40,roll_win__ch3000_daily_sd_w7_min,0.0031770486384630203,False,False
3,BASE_x_P40,roll_win__ch3000_daily_sd_w7_sd,0.0019201156683266163,False,True
3,BASE_x_P40,roll_win__ch3000_daily_sd_w7_slope,0.0035818018950521946,False,False
3,BASE_x_P40,roll_win__ch3001_daily_hours_w30_max,0.0007491506403312087,False,False
3,BASE_x_P40,roll_win__ch3001_daily_hours_w30_mean,0.0009265263797715306,False,True
3,BASE_x_P40,roll_win__ch3001_daily_hours_w30_min,0.0012767548905685544,False,False
3,BASE_x_P40,roll_win__ch3001_daily_hours_w30_sd,0.0021122973412275314,False,True
3,BASE_x_P40,roll_win__ch3001_daily_hours_w30_slope,0.0015195606974884868,False,False
3,BASE_x_P40,roll_win__ch3001_daily_hours_w7_max,0.001877706148661673,False,False
3,BASE_x_P40,roll_win__ch3001_daily_hours_w7_mean,0.00040192867163568735,False,True
3,BASE_x_P40,roll_win__ch3001_daily_hours_w7_min,0.0016533813904970884,False,False
3,BASE_x_P40,roll_win__ch3001_daily_hours_w7_sd,0.004532511346042156,False,True
3,BASE_x_P40,roll_win__ch3001_daily_hours_w7_slope,0.0015878041740506887,False,False
3,BASE_x_P40,roll_win__ch3001_daily_mean_w30_max,0.0007550547015853226,False,False
3,BASE_x_P40,roll_win__ch3001_daily_mean_w30_mean,0.0003828341141343117,False,True
3,BASE_x_P40,roll_win__ch3001_daily_mean_w30_min,0.0005177103448659182,False,False
3,BASE_x_P40,roll_win__ch3001_daily_mean_w30_sd,0.0014445370761677623,False,True
3,BASE_x_P40,roll_win__ch3001_daily_mean_w30_slope,0.0025676891673356295,False,False
3,BASE_x_P40,roll_win__ch3001_daily_mean_w7_max,0.0017075076466426253,False,False
3,BASE_x_P40,roll_win__ch3001_daily_mean_w7_mean,0.0006433050730265677,False,True
3,BASE_x_P40,roll_win__ch3001_daily_mean_w7_min,0.0010160744423046708,False,False
3,BASE_x_P40,roll_win__ch3001_daily_mean_w7_sd,0.0015561211621388793,False,True
3,BASE_x_P40,roll_win__ch3001_daily_mean_w7_slope,0.0017258282750844955,False,False
3,BASE_x_P40,roll_win__ch3001_daily_median_w30_max,0.0003889721992891282,False,False
3,BASE_x_P40,roll_win__ch3001_daily_median_w30_mean,0.000152517604874447,False,True
3,BASE_x_P40,roll_win__ch3001_daily_median_w30_min,0.0006115369033068419,False,False
3,BASE_x_P40,roll_win__ch3001_daily_median_w30_sd,0.001192706637084484,False,True
3,BASE_x_P40,roll_win__ch3001_daily_median_w30_slope,0.0016786694759503007,False,False
3,BASE_x_P40,roll_win__ch3001_daily_median_w7_max,0.0004772627435158938,False,False
3,BASE_x_P40,roll_win__ch3001_daily_median_w7_mean,0.00046894492697902024,False,True
3,BASE_x_P40,roll_win__ch3001_daily_median_w7_min,0.0007101210067048669,False,False
3,BASE_x_P40,roll_win__ch3001_daily_median_w7_sd,0.0009883883176371455,False,True
3,BASE_x_P40,roll_win__ch3001_daily_median_w7_slope,0.0022875082213431597,False,False
3,BASE_x_P40,roll_win__ch3001_daily_sd_w30_max,0.005134697537869215,False,False
3,BASE_x_P40,roll_win__ch3001_daily_sd_w30_mean,0.004966893699020147,False,True
3,BASE_x_P40,roll_win__ch3001_daily_sd_w30_min,0.0014399266801774502,False,False
3,BASE_x_P40,roll_win__ch3001_daily_sd_w30_sd,0.0024081480223685503,False,True
3,BASE_x_P40,roll_win__ch3001_daily_sd_w30_slope,0.002327853348106146,False,False
3,BASE_x_P40,roll_win__ch3001_daily_sd_w7_max,0.0035838373005390167,False,False
3,BASE_x_P40,roll_win__ch3001_daily_sd_w7_mean,0.0042816572822630405,False,True
3,BASE_x_P40,roll_win__ch3001_daily_sd_w7_min,0.002575412392616272,False,False
3,BASE_x_P40,roll_win__ch3001_daily_sd_w7_sd,0.004934732802212238,False,True
3,BASE_x_P40,roll_win__ch3001_daily_sd_w7_slope,0.002115659648552537,False,False
3,BASE_x_P40,roll_win__ch3002_daily_hours_w30_max,0.0014912983169779181,False,False
3,BASE_x_P40,roll_win__ch3002_daily_hours_w30_mean,0.0004960917285643518,False,True
3,BASE_x_P40,roll_win__ch3002_daily_hours_w30_min,0.001250837929546833,False,False
3,BASE_x_P40,roll_win__ch3002_daily_hours_w30_sd,0.0012895538238808513,False,True
3,BASE_x_P40,roll_win__ch3002_daily_hours_w30_slope,0.0017022727988660336,False,False
3,BASE_x_P40,roll_win__ch3002_daily_hours_w7_max,0.001889899023808539,False,False
3,BASE_x_P40,roll_win__ch3002_daily_hours_w7_mean,0.00010202600969932973,False,True
3,BASE_x_P40,roll_win__ch3002_daily_hours_w7_min,0.0013244979782029986,False,False
3,BASE_x_P40,roll_win__ch3002_daily_hours_w7_sd,0.006711757276207209,False,True
3,BASE_x_P40,roll_win__ch3002_daily_hours_w7_slope,0.002011195058003068,False,False
3,BASE_x_P40,roll_win__ch3002_daily_mean_w30_max,0.0006574643775820732,False,False
3,BASE_x_P40,roll_win__ch3002_daily_mean_w30_mean,0.0007673893123865128,False,True
3,BASE_x_P40,roll_win__ch3002_daily_mean_w30_min,0.0009710082085803151,False,False
3,BASE_x_P40,roll_win__ch3002_daily_mean_w30_sd,0.0018061327282339334,False,True
3,BASE_x_P40,roll_win__ch3002_daily_mean_w30_slope,0.0024524321779608727,False,False
3,BASE_x_P40,roll_win__ch3002_daily_mean_w7_max,0.0007654640940017998,False,False
3,BASE_x_P40,roll_win__ch3002_daily_mean_w7_mean,0.000339629827067256,False,True
3,BASE_x_P40,roll_win__ch3002_daily_mean_w7_min,0.0007731255609542131,False,False
3,BASE_x_P40,roll_win__ch3002_daily_mean_w7_sd,0.002091328613460064,False,True
3,BASE_x_P40,roll_win__ch3002_daily_mean_w7_slope,0.0015223344089463353,False,False
3,BASE_x_P40,roll_win__ch3002_daily_median_w30_max,0.0001096100386348553,False,False
3,BASE_x_P40,roll_win__ch3002_daily_median_w30_mean,0.0004287169431336224,False,True
3,BASE_x_P40,roll_win__ch3002_daily_median_w30_min,0.0013913564616814256,False,False
3,BASE_x_P40,roll_win__ch3002_daily_median_w30_sd,0.001705491915345192,False,True
3,BASE_x_P40,roll_win__ch3002_daily_median_w30_slope,0.0020608354825526476,False,False
3,BASE_x_P40,roll_win__ch3002_daily_median_w7_max,0.0003300539683550596,False,False
3,BASE_x_P40,roll_win__ch3002_daily_median_w7_mean,0.0001520680234534666,False,True
3,BASE_x_P40,roll_win__ch3002_daily_median_w7_min,0.0004122281970921904,False,False
3,BASE_x_P40,roll_win__ch3002_daily_median_w7_sd,0.0023672718089073896,False,True
3,BASE_x_P40,roll_win__ch3002_daily_median_w7_slope,0.0015896494733169675,False,False
3,BASE_x_P40,roll_win__ch3002_daily_sd_w30_max,0.0010231353808194399,False,False
3,BASE_x_P40,roll_win__ch3002_daily_sd_w30_mean,0.0011859851656481624,False,True
3,BASE_x_P40,roll_win__ch3002_daily_sd_w30_min,0.0020199359860271215,False,False
3,BASE_x_P40,roll_win__ch3002_daily_sd_w30_sd,0.0023365607485175133,False,True
3,BASE_x_P40,roll_win__ch3002_daily_sd_w30_slope,0.001969079254195094,False,False
3,BASE_x_P40,roll_win__ch3002_daily_sd_w7_max,0.0017891052411869168,False,False
3,BASE_x_P40,roll_win__ch3002_daily_sd_w7_mean,0.001196688855998218,False,True
3,BASE_x_P40,roll_win__ch3002_daily_sd_w7_min,0.0014749186811968684,False,False
3,BASE_x_P40,roll_win__ch3002_daily_sd_w7_sd,0.004289887845516205,False,True
3,BASE_x_P40,roll_win__ch3002_daily_sd_w7_slope,0.0027356650680303574,False,False
3,BASE_x_P40,cosinor_M_mean,0.0028699208050966263,False,True
3,BASE_x_P40,cosinor_A1_mean,0.002026944886893034,False,True
3,BASE_x_P40,cosinor_A2_mean,0.0023223066236823797,False,True
3,BASE_x_P40,cosinor_A3_mean,0.0033770904410630465,False,True
3,BASE_x_P40,cosinor_acro_h_mean,0.0024947558995336294,False,True
3,BASE_x_P40,cosinor_resid_sd_mean,0.008555574342608452,False,True
3,BASE_x_P40,curve_night_mean_mean,0.00053924391977489,False,True
3,BASE_x_P40,curve_morning_slope_mean,0.002030317671597004,False,True
3,BASE_x_P40,curve_day_night_contrast_mean,0.0009628416737541556,False,True
3,BASE_x_P40,curve_range_mean,0.0012491955421864986,False,True
3,BASE_x_P40,curve_entropy_mean,0.0025753097143024206,False,True
3,BASE_x_P40,hour_h0_mean,0.0019251524936407804,False,True
3,BASE_x_P40,hour_h1_mean,0.001798355719074607,False,True
3,BASE_x_P40,hour_h2_mean,0.0019117030315101147,False,True
3,BASE_x_P40,hour_h3_mean,0.0009996886365115643,False,True
3,BASE_x_P40,hour_h4_mean,0.0016259736148640513,False,True
3,BASE_x_P40,hour_h5_mean,0.0022592695895582438,False,True
3,BASE_x_P40,hour_h6_mean,0.0029896709602326155,False,True
3,BASE_x_P40,hour_h7_mean,0.0033860208932310343,False,True
3,BASE_x_P40,hour_h8_mean,0.00738866999745369,False,True
3,BASE_x_P40,hour_h9_mean,0.0051175192929804325,False,True
3,BASE_x_P40,hour_h10_mean,0.003796982578933239,False,True
3,BASE_x_P40,hour_h11_mean,0.004125287756323814,False,True
3,BASE_x_P40,hour_h12_mean,0.0025282250717282295,False,True
3,BASE_x_P40,hour_h13_mean,0.003295389236882329,False,True
3,BASE_x_P40,hour_h14_mean,0.0027703524101525545,False,True
3,BASE_x_P40,hour_h15_mean,0.0025478596799075603,False,True
3,BASE_x_P40,hour_h16_mean,0.0069802929647266865,False,True
3,BASE_x_P40,hour_h17_mean,0.0029116382356733084,False,True
3,BASE_x_P40,hour_h18_mean,0.001863869489170611,False,True
3,BASE_x_P40,hour_h19_mean,0.0013629734748974442,False,True
3,BASE_x_P40,hour_h20_mean,0.0021126079373061657,False,True
3,BASE_x_P40,hour_h21_mean,0.0010355210397392511,False,True
3,BASE_x_P40,hour_h22_mean,0.0014454947086051106,False,True
3,BASE_x_P40,hour_h23_mean,0.000707673782017082,False,True
3,BASE_x_P40,cosinor_M_sd,0.0017974708462134004,False,True
3,BASE_x_P40,cosinor_A1_sd,0.0017214869149029255,False,True
3,BASE_x_P40,cosinor_A2_sd,0.0014314772561192513,False,True
3,BASE_x_P40,cosinor_A3_sd,0.0017489661695435643,False,True
3,BASE_x_P40,cosinor_acro_h_sd,0.0014707009540870786,False,True
3,BASE_x_P40,cosinor_resid_sd_sd,0.00436208164319396,False,True
3,BASE_x_P40,curve_night_mean_sd,0.002048514550551772,False,True
3,BASE_x_P40,curve_morning_slope_sd,0.002892662538215518,False,True
3,BASE_x_P40,curve_day_night_contrast_sd,0.008512246422469616,False,True
3,BASE_x_P40,curve_range_sd,0.005952874664217234,False,True
3,BASE_x_P40,curve_entropy_sd,0.0027455068193376064,False,True
3,BASE_x_P40,hour_h0_sd,0.002238848013803363,False,True
3,BASE_x_P40,hour_h1_sd,0.0025618071667850018,False,True
3,BASE_x_P40,hour_h2_sd,0.0016856216825544834,False,True
3,BASE_x_P40,hour_h3_sd,0.0014687672955915332,False,True
3,BASE_x_P40,hour_h4_sd,0.002771042287349701,False,True
3,BASE_x_P40,hour_h5_sd,0.0018643016228452325,False,True
3,BASE_x_P40,hour_h6_sd,0.0027532721869647503,False,True
3,BASE_x_P40,hour_h7_sd,0.0036381313111633062,False,True
3,BASE_x_P40,hour_h8_sd,0.004102745093405247,False,True
3,BASE_x_P40,hour_h9_sd,0.003995624370872974,False,True
3,BASE_x_P40,hour_h10_sd,0.002812925959005952,False,True
3,BASE_x_P40,hour_h11_sd,0.0016082953661680222,False,True
3,BASE_x_P40,hour_h12_sd,0.0019269580952823162,False,True
3,BASE_x_P40,hour_h13_sd,0.003273706417530775,False,True
3,BASE_x_P40,hour_h14_sd,0.002598592545837164,False,True
3,BASE_x_P40,hour_h15_sd,0.0025516024325042963,False,True
3,BASE_x_P40,hour_h16_sd,0.0022347683552652597,False,True
3,BASE_x_P40,hour_h17_sd,0.0016058448236435652,False,True
3,BASE_x_P40,hour_h18_sd,0.0050803679041564465,False,True
3,BASE_x_P40,hour_h19_sd,0.004110565409064293,False,True
3,BASE_x_P40,hour_h20_sd,0.004641729407012463,False,True
3,BASE_x_P40,hour_h21_sd,0.01026616245508194,False,True
3,BASE_x_P40,hour_h22_sd,0.005328127183020115,False,True
3,BASE_x_P40,hour_h23_sd,0.0028306711465120316,False,True
3,BASE_x_P40,curve_night_mean_wd,0.0015925855841487646,False,True
3,BASE_x_P40,curve_morning_slope_wd,0.0012198783224448562,False,True
3,BASE_x_P40,curve_day_night_contrast_wd,0.001299702562391758,False,True
3,BASE_x_P40,curve_range_wd,0.0008779414929449558,False,True
3,BASE_x_P40,curve_entropy_wd,0.0020781944040209055,False,True
3,BASE_x_P40,curve_night_mean_we,0.0009722739341668785,False,True
3,BASE_x_P40,curve_morning_slope_we,0.001973570790141821,False,True
3,BASE_x_P40,curve_day_night_contrast_we,0.0013616997748613358,False,True
3,BASE_x_P40,curve_range_we,0.0016247594030573964,False,True
3,BASE_x_P40,curve_entropy_we,0.0026486150454729795,False,True
3,BASE_x_P40,curve_night_mean_wd_diff,0.0035857956390827894,False,True
3,BASE_x_P40,curve_morning_slope_wd_diff,0.0029731551185250282,False,True
3,BASE_x_P40,curve_day_night_contrast_wd_diff,0.002831816440448165,False,True
3,BASE_x_P40,curve_range_wd_diff,0.003965857904404402,False,True
3,BASE_x_P40,curve_entropy_wd_diff,0.003436062717810273,False,True
3,BASE_x_P40,demo__age_group=Elderly,0.0043022846803069115,False,False
3,BASE_x_P40,demo__age_group=Middle Ager,0.0005128740449436009,False,False
3,BASE_x_P40,demo__age_group=Young Adults,0.00017509727331344038,False,False
3,BASE_x_P40,demo__bmi_grp=normal,0.0003617110487539321,False,False
3,BASE_x_P40,demo__bmi_grp=obese,0.00015407902537845075,False,False
3,BASE_x_P40,demo__bmi_grp=overweight,0.0007560370722785592,False,False
4,C40,d_ch3000_mean,0.049837663769721985,False,True
4,C40,d_ch3000_median,0.023891355842351913,False,False
4,C40,d_ch3000_sd,0.018313731998205185,False,True
4,C40,d_ch3000_vmin,0.02935625985264778,False,False
4,C40,d_ch3000_vmax,0.018073346465826035,False,False
4,C40,d_ch3000_n,0.013513212092220783,False,False
4,C40,d_ch3000_cov_h,0.012190631590783596,False,False
4,C40,d_ch3000_hours,0.001784387044608593,False,False
4,C40,d_ch3001_mean,0.008958760648965836,False,True
4,C40,d_ch3001_median,0.003922036848962307,False,False
4,C40,d_ch3001_sd,0.013006895780563354,False,True
4,C40,d_ch3001_vmin,0.005055139306932688,False,False
4,C40,d_ch3001_vmax,0.010080922394990921,False,False
4,C40,d_ch3001_n,0.007961263880133629,False,False
4,C40,d_ch3001_cov_h,0.007988538593053818,False,False
4,C40,d_ch3001_hours,0.0021411292254924774,False,False
4,C40,d_ch3002_mean,0.008760739117860794,False,True
4,C40,d_ch3002_median,0.005538980010896921,False,False
4,C40,d_ch3002_sd,0.010431047528982162,False,True
4,C40,d_ch3002_vmin,0.004432502202689648,False,False
4,C40,d_ch3002_vmax,0.006278343498706818,False,False
4,C40,d_ch3002_n,0.002032850170508027,False,False
4,C40,d_ch3002_cov_h,0.0018571411492303014,False,False
4,C40,d_ch3002_hours,0.0019219686510041356,False,False
4,C40,d_gap_3000_3001_mean,0.01112841721624136,False,True
4,C40,d_gap_3000_3002_mean,0.012289393693208694,False,True
4,C40,d_gap_3000_3001_sd,0.014233521185815334,False,True
4,C40,d_gap_3000_3002_sd,0.01035770308226347,False,True
4,C40,d_is_weekend,0.002006928902119398,False,False
4,C40,cosinor_M,0.01916189305484295,True,False
4,C40,cosinor_A1,0.016560900956392288,True,False
4,C40,cosinor_A2,0.01835823617875576,True,False
4,C40,cosinor_A3,0.018910299986600876,True,False
4,C40,cosinor_acro_h,0.01426968164741993,True,False
4,C40,cosinor_resid_sd,0.016550438478589058,True,True
4,C40,curve_night_mean,0.019738974049687386,True,True
4,C40,curve_morning_slope,0.018605802208185196,True,False
4,C40,curve_day_night_contrast,0.014939848333597183,True,False
4,C40,curve_range,0.0183264072984457,True,False
4,C40,curve_entropy,0.018856558948755264,True,False
4,C40,hour_h0,0.01685420610010624,True,False
4,C40,hour_h1,0.016000960022211075,True,False
4,C40,hour_h2,0.015969011932611465,True,False
4,C40,hour_h3,0.01995457150042057,True,False
4,C40,hour_h4,0.023775191977620125,True,False
4,C40,hour_h5,0.0238196924328804,True,False
4,C40,hour_h6,0.029461123049259186,True,False
4,C40,hour_h7,0.02516207844018936,True,False
4,C40,hour_h8,0.022299757227301598,True,False
4,C40,hour_h9,0.020992524921894073,True,False
4,C40,hour_h10,0.022915437817573547,True,False
4,C40,hour_h11,0.020216671749949455,True,False
4,C40,hour_h12,0.01897614821791649,True,False
4,C40,hour_h13,0.020537808537483215,True,False
4,C40,hour_h14,0.01907782442867756,True,False
4,C40,hour_h15,0.0206016656011343,True,False
4,C40,hour_h16,0.019744087010622025,True,False
4,C40,hour_h17,0.019573532044887543,True,False
4,C40,hour_h18,0.018221963196992874,True,False
4,C40,hour_h19,0.018698319792747498,True,False
4,C40,hour_h20,0.018688715994358063,True,False
4,C40,hour_h21,0.019267508760094643,True,False
4,C40,hour_h22,0.018878202885389328,True,False
4,C40,hour_h23,0.018689149990677834,True,False
4,C40_resid,d_ch3000_mean,0.05134833604097366,False,True
4,C40_resid,d_ch3000_median,0.02293156459927559,False,False
4,C40_resid,d_ch3000_sd,0.01838497444987297,False,True
4,C40_resid,d_ch3000_vmin,0.02822386659681797,False,False
4,C40_resid,d_ch3000_vmax,0.017909495159983635,False,False
4,C40_resid,d_ch3000_n,0.011714913882315159,False,False
4,C40_resid,d_ch3000_cov_h,0.011207195930182934,False,False
4,C40_resid,d_ch3000_hours,0.0018981724279001355,False,False
4,C40_resid,d_ch3001_mean,0.008984328247606754,False,True
4,C40_resid,d_ch3001_median,0.003971678204834461,False,False
4,C40_resid,d_ch3001_sd,0.012890921905636787,False,True
4,C40_resid,d_ch3001_vmin,0.005165633279830217,False,False
4,C40_resid,d_ch3001_vmax,0.010046607814729214,False,False
4,C40_resid,d_ch3001_n,0.007682454772293568,False,False
4,C40_resid,d_ch3001_cov_h,0.008033402264118195,False,False
4,C40_resid,d_ch3001_hours,0.001885551493614912,False,False
4,C40_resid,d_ch3002_mean,0.008497614413499832,False,True
4,C40_resid,d_ch3002_median,0.005292731802910566,False,False
4,C40_resid,d_ch3002_sd,0.00993421021848917,False,True
4,C40_resid,d_ch3002_vmin,0.004914161283522844,False,False
4,C40_resid,d_ch3002_vmax,0.006137198768556118,False,False
4,C40_resid,d_ch3002_n,0.001964593306183815,False,False
4,C40_resid,d_ch3002_cov_h,0.0020067740697413683,False,False
4,C40_resid,d_ch3002_hours,0.002069818787276745,False,False
4,C40_resid,d_gap_3000_3001_mean,0.01096015702933073,False,True
4,C40_resid,d_gap_3000_3002_mean,0.012054435908794403,False,True
4,C40_resid,d_gap_3000_3001_sd,0.013974790461361408,False,True
4,C40_resid,d_gap_3000_3002_sd,0.01023051980882883,False,True
4,C40_resid,d_is_weekend,0.0017670056549832225,False,False
4,C40_resid,cosinor_M,0.017552150413393974,True,False
4,C40_resid,cosinor_A1,0.015424019657075405,True,False
4,C40_resid,cosinor_A2,0.015401298180222511,True,False
4,C40_resid,cosinor_A3,0.016189826652407646,True,False
4,C40_resid,cosinor_acro_h,0.02005087211728096,True,False
4,C40_resid,cosinor_resid_sd,0.016655772924423218,True,True
4,C40_resid,curve_night_mean,0.02462303452193737,True,True
4,C40_resid,curve_morning_slope,0.018864085897803307,True,False
4,C40_resid,curve_day_night_contrast,0.014282530173659325,True,False
4,C40_resid,curve_range,0.018061013892292976,True,False
4,C40_resid,curve_entropy,0.021389534696936607,True,False
4,C40_resid,hour_h0,0.017602216452360153,True,False
4,C40_resid,hour_h1,0.016420982778072357,True,False
4,C40_resid,hour_h2,0.01566948927938938,True,False
4,C40_resid,hour_h3,0.020070694386959076,True,False
4,C40_resid,hour_h4,0.023412253707647324,True,False
4,C40_resid,hour_h5,0.02267332188785076,True,False
4,C40_resid,hour_h6,0.03052431158721447,True,False
4,C40_resid,hour_h7,0.024621766060590744,True,False
4,C40_resid,hour_h8,0.022385554388165474,True,False
4,C40_resid,hour_h9,0.020942380651831627,True,False
4,C40_resid,hour_h10,0.022249968722462654,True,False
4,C40_resid,hour_h11,0.02059425227344036,True,False
4,C40_resid,hour_h12,0.01905323751270771,True,False
4,C40_resid,hour_h13,0.02073584496974945,True,False
4,C40_resid,hour_h14,0.019168013706803322,True,False
4,C40_resid,hour_h15,0.020417656749486923,True,False
4,C40_resid,hour_h16,0.01985260844230652,True,False
4,C40_resid,hour_h17,0.01908649504184723,True,False
4,C40_resid,hour_h18,0.018245525658130646,True,False
4,C40_resid,hour_h19,0.018818216398358345,True,False
4,C40_resid,hour_h20,0.019122568890452385,True,False
4,C40_resid,hour_h21,0.019048351794481277,True,False
4,C40_resid,hour_h22,0.01896354928612709,True,False
4,C40_resid,hour_h23,0.01974348910152912,True,False
4,BASE_x_P40,rec__ch3000_observed_days,0.0005307862884365022,False,False
4,BASE_x_P40,rec__ch3000_adequate_days,0.001070336322300136,False,False
4,BASE_x_P40,rec__ch3000_events,0.0008692357805557549,False,False
4,BASE_x_P40,rec__ch3000_span_days,0.001393789192661643,False,False
4,BASE_x_P40,rec__ch3000_mean_cov_h,0.0016819472657516599,False,False
4,BASE_x_P40,rec__ch3000_mean_hours,0.0019093465525656939,False,False
4,BASE_x_P40,rec__ch3000_events_per_day,0.0010260047856718302,False,False
4,BASE_x_P40,rec__ch3000_mean_of_daily_mean,0.006927190348505974,False,True
4,BASE_x_P40,rec__ch3000_sd_of_daily_mean,0.0032992956694215536,False,True
4,BASE_x_P40,rec__ch3000_mean_of_daily_sd,0.001449989853426814,False,True
4,BASE_x_P40,rec__ch3000_median_of_daily_median,0.00018307415302842855,False,False
4,BASE_x_P40,rec__ch3000_p25_of_daily_median,0.006551193539053202,False,False
4,BASE_x_P40,rec__ch3000_p75_of_daily_median,8.107948087854311e-05,False,False
4,BASE_x_P40,rec__ch3000_iqr_of_daily_median,0.0006339247920550406,False,False
4,BASE_x_P40,rec__ch3000_min_of_daily_min,0.0020782954525202513,False,False
4,BASE_x_P40,rec__ch3000_max_of_daily_max,0.004846711177378893,False,False
4,BASE_x_P40,rec__ch3000_range_of_daily_extremes,0.005936548113822937,False,False
4,BASE_x_P40,rec__ch3000_weekday_mean,0.022567111998796463,False,True
4,BASE_x_P40,rec__ch3000_weekend_mean,0.0008245600038208067,False,True
4,BASE_x_P40,rec__ch3000_weekend_minus_weekday,0.012430114671587944,False,False
4,BASE_x_P40,rec__ch3001_observed_days,0.00042123135062865913,False,False
4,BASE_x_P40,rec__ch3001_adequate_days,0.0008510102052241564,False,False
4,BASE_x_P40,rec__ch3001_events,0.0008932400960475206,False,False
4,BASE_x_P40,rec__ch3001_span_days,0.0018302222015336156,False,False
4,BASE_x_P40,rec__ch3001_mean_cov_h,0.0004770388186443597,False,False
4,BASE_x_P40,rec__ch3001_mean_hours,0.0005109344492666423,False,False
4,BASE_x_P40,rec__ch3001_events_per_day,0.0005860530654899776,False,False
4,BASE_x_P40,rec__ch3001_mean_of_daily_mean,0.00036287581315264106,False,True
4,BASE_x_P40,rec__ch3001_sd_of_daily_mean,0.002001388929784298,False,True
4,BASE_x_P40,rec__ch3001_mean_of_daily_sd,0.007215745281428099,False,True
4,BASE_x_P40,rec__ch3001_median_of_daily_median,0.00010136041237274185,False,False
4,BASE_x_P40,rec__ch3001_p25_of_daily_median,6.661082352366066e-06,False,False
4,BASE_x_P40,rec__ch3001_p75_of_daily_median,0.00012539037561509758,False,False
4,BASE_x_P40,rec__ch3001_iqr_of_daily_median,0.0006592816789634526,False,False
4,BASE_x_P40,rec__ch3001_min_of_daily_min,0.0006330566247925162,False,False
4,BASE_x_P40,rec__ch3001_max_of_daily_max,0.001684629824012518,False,False
4,BASE_x_P40,rec__ch3001_range_of_daily_extremes,0.0031320108100771904,False,False
4,BASE_x_P40,rec__ch3001_weekday_mean,0.00018942065071314573,False,True
4,BASE_x_P40,rec__ch3001_weekend_mean,0.0009557240991853178,False,True
4,BASE_x_P40,rec__ch3001_weekend_minus_weekday,0.002562319627031684,False,False
4,BASE_x_P40,rec__ch3002_observed_days,0.0009872729424387217,False,False
4,BASE_x_P40,rec__ch3002_adequate_days,0.0004162998520769179,False,False
4,BASE_x_P40,rec__ch3002_events,0.0013092837762087584,False,False
4,BASE_x_P40,rec__ch3002_span_days,0.00166047434322536,False,False
4,BASE_x_P40,rec__ch3002_mean_cov_h,0.0006253854953683913,False,False
4,BASE_x_P40,rec__ch3002_mean_hours,0.0002555667597334832,False,False
4,BASE_x_P40,rec__ch3002_events_per_day,0.0005070645129308105,False,False
4,BASE_x_P40,rec__ch3002_mean_of_daily_mean,7.893455767771229e-05,False,True
4,BASE_x_P40,rec__ch3002_sd_of_daily_mean,0.002855259459465742,False,True
4,BASE_x_P40,rec__ch3002_mean_of_daily_sd,0.008300184272229671,False,True
4,BASE_x_P40,rec__ch3002_median_of_daily_median,7.992306927917525e-05,False,False
4,BASE_x_P40,rec__ch3002_p25_of_daily_median,7.900017953943461e-05,False,False
4,BASE_x_P40,rec__ch3002_p75_of_daily_median,0.00043211193406023085,False,False
4,BASE_x_P40,rec__ch3002_iqr_of_daily_median,0.00040133908623829484,False,False
4,BASE_x_P40,rec__ch3002_min_of_daily_min,0.0019687144085764885,False,False
4,BASE_x_P40,rec__ch3002_max_of_daily_max,0.0012183769140392542,False,False
4,BASE_x_P40,rec__ch3002_range_of_daily_extremes,0.0018241216894239187,False,False
4,BASE_x_P40,rec__ch3002_weekday_mean,0.00024613001733087003,False,True
4,BASE_x_P40,rec__ch3002_weekend_mean,0.0003998414322268218,False,True
4,BASE_x_P40,rec__ch3002_weekend_minus_weekday,0.004722322337329388,False,False
4,BASE_x_P40,rec__overall_events,0.0008662256877869368,False,False
4,BASE_x_P40,rec__overall_days,0.000529965793248266,False,False
4,BASE_x_P40,rec__overall_span_days,0.0012348542222753167,False,False
4,BASE_x_P40,rec__overall_adequate_channel_days,0.0004666952881962061,False,False
4,BASE_x_P40,rec__ch3000_minus_ch3001_mean,0.008331701159477234,False,True
4,BASE_x_P40,rec__ch3000_minus_ch3002_mean,0.010299486108124256,False,True
4,BASE_x_P40,rec__ch3000_tod_night,0.002058046404272318,False,False
4,BASE_x_P40,rec__ch3000_tod_morning,0.03522561863064766,False,False
4,BASE_x_P40,rec__ch3000_tod_afternoon,0.0034452618565410376,False,False
4,BASE_x_P40,rec__ch3000_tod_evening,0.0009315871866419911,False,False
4,BASE_x_P40,rec__ch3001_tod_night,0.003395532025024295,False,False
4,BASE_x_P40,rec__ch3001_tod_morning,0.0018437592079862952,False,False
4,BASE_x_P40,rec__ch3001_tod_afternoon,0.0007069899584166706,False,False
4,BASE_x_P40,rec__ch3001_tod_evening,0.00038819207111373544,False,False
4,BASE_x_P40,rec__ch3002_tod_night,0.004226460121572018,False,False
4,BASE_x_P40,rec__ch3002_tod_morning,0.0016941328067332506,False,False
4,BASE_x_P40,rec__ch3002_tod_afternoon,0.000802468741312623,False,False
4,BASE_x_P40,rec__ch3002_tod_evening,0.0004438073083292693,False,False
4,BASE_x_P40,win__ch3000_observed_days,9.109239908866584e-05,False,False
4,BASE_x_P40,win__ch3000_adequate_days,0.00018500402802601457,False,False
4,BASE_x_P40,win__ch3000_events,0.0007425298099406064,False,False
4,BASE_x_P40,win__ch3000_mean_cov_h,0.001285824691876769,False,False
4,BASE_x_P40,win__ch3000_mean_hours,0.0011938570532947779,False,False
4,BASE_x_P40,win__ch3000_events_per_day,0.0005813086754642427,False,False
4,BASE_x_P40,win__ch3000_mean_of_daily_mean,0.00047998729860410094,False,True
4,BASE_x_P40,win__ch3000_sd_of_daily_mean,0.007203612942248583,False,True
4,BASE_x_P40,win__ch3000_mean_of_daily_sd,0.0011358840856701136,False,True
4,BASE_x_P40,win__ch3000_median_of_daily_median,0.0,False,False
4,BASE_x_P40,win__ch3000_p25_of_daily_median,0.0001405557559337467,False,False
4,BASE_x_P40,win__ch3000_p75_of_daily_median,0.00029253881075419486,False,False
4,BASE_x_P40,win__ch3000_iqr_of_daily_median,0.0005458613159134984,False,False
4,BASE_x_P40,win__ch3000_min_of_daily_min,0.0018228108529001474,False,False
4,BASE_x_P40,win__ch3000_max_of_daily_max,0.0018372199265286326,False,False
4,BASE_x_P40,win__ch3000_range_of_daily_extremes,0.001930599333718419,False,False
4,BASE_x_P40,win__ch3000_weekday_mean,0.015141862444579601,False,True
4,BASE_x_P40,win__ch3000_weekend_mean,0.000960534845944494,False,True
4,BASE_x_P40,win__ch3000_weekend_minus_weekday,0.0060088979080319405,False,False
4,BASE_x_P40,win__ch3001_observed_days,0.0014820564538240433,False,False
4,BASE_x_P40,win__ch3001_adequate_days,0.0009861381258815527,False,False
4,BASE_x_P40,win__ch3001_events,0.0009034732356667519,False,False
4,BASE_x_P40,win__ch3001_span_days,0.0002388943248661235,False,False
4,BASE_x_P40,win__ch3001_mean_cov_h,0.0017061877297237515,False,False
4,BASE_x_P40,win__ch3001_mean_hours,0.0004369569069240242,False,False
4,BASE_x_P40,win__ch3001_events_per_day,0.0007207480957731605,False,False
4,BASE_x_P40,win__ch3001_mean_of_daily_mean,0.0005800172802992165,False,True
4,BASE_x_P40,win__ch3001_sd_of_daily_mean,0.0032209428027272224,False,True
4,BASE_x_P40,win__ch3001_mean_of_daily_sd,0.00706441467627883,False,True
4,BASE_x_P40,win__ch3001_median_of_daily_median,0.00027202063938602805,False,False
4,BASE_x_P40,win__ch3001_p25_of_daily_median,0.00031783050508238375,False,False
4,BASE_x_P40,win__ch3001_p75_of_daily_median,0.00017657144053373486,False,False
4,BASE_x_P40,win__ch3001_iqr_of_daily_median,0.0016677937237545848,False,False
4,BASE_x_P40,win__ch3001_min_of_daily_min,0.0014812768204137683,False,False
4,BASE_x_P40,win__ch3001_max_of_daily_max,0.0016347168711945415,False,False
4,BASE_x_P40,win__ch3001_range_of_daily_extremes,0.0013574006734415889,False,False
4,BASE_x_P40,win__ch3001_weekday_mean,0.0001911772706080228,False,True
4,BASE_x_P40,win__ch3001_weekend_mean,0.0009437325643375516,False,True
4,BASE_x_P40,win__ch3001_weekend_minus_weekday,0.0018209365662187338,False,False
4,BASE_x_P40,win__ch3002_observed_days,0.0012430057395249605,False,False
4,BASE_x_P40,win__ch3002_adequate_days,0.0013272512005642056,False,False
4,BASE_x_P40,win__ch3002_events,0.0017889059381559491,False,False
4,BASE_x_P40,win__ch3002_span_days,0.00023294618586078286,False,False
4,BASE_x_P40,win__ch3002_mean_cov_h,0.0008381525403819978,False,False
4,BASE_x_P40,win__ch3002_mean_hours,0.0003035947447642684,False,False
4,BASE_x_P40,win__ch3002_events_per_day,0.0009290633024647832,False,False
4,BASE_x_P40,win__ch3002_mean_of_daily_mean,0.0003095286956522614,False,True
4,BASE_x_P40,win__ch3002_sd_of_daily_mean,0.004640964325517416,False,True
4,BASE_x_P40,win__ch3002_mean_of_daily_sd,0.0018854780355468392,False,True
4,BASE_x_P40,win__ch3002_median_of_daily_median,3.9757738704793155e-05,False,False
4,BASE_x_P40,win__ch3002_p25_of_daily_median,0.0003221607184968889,False,False
4,BASE_x_P40,win__ch3002_p75_of_daily_median,0.0002531003556214273,False,False
4,BASE_x_P40,win__ch3002_iqr_of_daily_median,0.0017786567332223058,False,False
4,BASE_x_P40,win__ch3002_min_of_daily_min,0.0007605708087794483,False,False
4,BASE_x_P40,win__ch3002_max_of_daily_max,0.001089306315407157,False,False
4,BASE_x_P40,win__ch3002_range_of_daily_extremes,0.003686171257868409,False,False
4,BASE_x_P40,win__ch3002_weekday_mean,0.00016036900342442095,False,True
4,BASE_x_P40,win__ch3002_weekend_mean,0.00048058279207907617,False,True
4,BASE_x_P40,win__ch3002_weekend_minus_weekday,0.0030511710792779922,False,False
4,BASE_x_P40,win__overall_events,0.0009357532835565507,False,False
4,BASE_x_P40,win__overall_days,0.00013327568012755364,False,False
4,BASE_x_P40,win__overall_adequate_channel_days,0.0008405178668908775,False,False
4,BASE_x_P40,win__ch3000_minus_ch3001_mean,0.009357789531350136,False,True
4,BASE_x_P40,win__ch3000_minus_ch3002_mean,0.009944603778421879,False,True
4,BASE_x_P40,win__ch3000_tod_night,0.0015214069280773401,False,False
4,BASE_x_P40,win__ch3000_tod_morning,0.019204190000891685,False,False
4,BASE_x_P40,win__ch3000_tod_afternoon,0.002081783954054117,False,False
4,BASE_x_P40,win__ch3000_tod_evening,0.001067759352736175,False,False
4,BASE_x_P40,win__ch3001_tod_night,0.0008500923286192119,False,False
4,BASE_x_P40,win__ch3001_tod_morning,0.0012877988629043102,False,False
4,BASE_x_P40,win__ch3001_tod_afternoon,0.0007082930533215404,False,False
4,BASE_x_P40,win__ch3001_tod_evening,0.00038818360189907253,False,False
4,BASE_x_P40,win__ch3002_tod_night,0.002422156510874629,False,False
4,BASE_x_P40,win__ch3002_tod_morning,0.0017832692246884108,False,False
4,BASE_x_P40,win__ch3002_tod_afternoon,0.0008225874044001102,False,False
4,BASE_x_P40,win__ch3002_tod_evening,0.0016178099904209375,False,False
4,BASE_x_P40,roll_rec__ch3000_daily_hours_w30_max,0.0012360153486952186,False,False
4,BASE_x_P40,roll_rec__ch3000_daily_hours_w30_mean,0.0006432579248212278,False,True
4,BASE_x_P40,roll_rec__ch3000_daily_hours_w30_min,0.00218652980402112,False,False
4,BASE_x_P40,roll_rec__ch3000_daily_hours_w30_sd,0.0014723326312378049,False,True
4,BASE_x_P40,roll_rec__ch3000_daily_hours_w30_slope,0.0012178585166111588,False,False
4,BASE_x_P40,roll_rec__ch3000_daily_hours_w7_max,0.0003012952802237123,False,False
4,BASE_x_P40,roll_rec__ch3000_daily_hours_w7_mean,0.0019083311781287193,False,True
4,BASE_x_P40,roll_rec__ch3000_daily_hours_w7_min,0.0027439813129603863,False,False
4,BASE_x_P40,roll_rec__ch3000_daily_hours_w7_sd,0.002700936747714877,False,True
4,BASE_x_P40,roll_rec__ch3000_daily_hours_w7_slope,0.0016858471790328622,False,False
4,BASE_x_P40,roll_rec__ch3000_daily_mean_w30_max,0.002527892589569092,False,False
4,BASE_x_P40,roll_rec__ch3000_daily_mean_w30_mean,0.005741187836974859,False,True
4,BASE_x_P40,roll_rec__ch3000_daily_mean_w30_min,0.004440243821591139,False,False
4,BASE_x_P40,roll_rec__ch3000_daily_mean_w30_sd,0.0017180689610540867,False,True
4,BASE_x_P40,roll_rec__ch3000_daily_mean_w30_slope,0.001772513147443533,False,False
4,BASE_x_P40,roll_rec__ch3000_daily_mean_w7_max,0.0012687442358583212,False,False
4,BASE_x_P40,roll_rec__ch3000_daily_mean_w7_mean,0.008353720419108868,False,True
4,BASE_x_P40,roll_rec__ch3000_daily_mean_w7_min,0.0024440542329102755,False,False
4,BASE_x_P40,roll_rec__ch3000_daily_mean_w7_sd,0.0019910456612706184,False,True
4,BASE_x_P40,roll_rec__ch3000_daily_mean_w7_slope,0.0015969679225236177,False,False
4,BASE_x_P40,roll_rec__ch3000_daily_median_w30_max,0.001291000284254551,False,False
4,BASE_x_P40,roll_rec__ch3000_daily_median_w30_mean,0.0017002868698909879,False,True
4,BASE_x_P40,roll_rec__ch3000_daily_median_w30_min,0.0001641324197407812,False,False
4,BASE_x_P40,roll_rec__ch3000_daily_median_w30_sd,0.0016975781181827188,False,True
4,BASE_x_P40,roll_rec__ch3000_daily_median_w30_slope,0.0014154817909002304,False,False
4,BASE_x_P40,roll_rec__ch3000_daily_median_w7_max,0.0005370700964704156,False,False
4,BASE_x_P40,roll_rec__ch3000_daily_median_w7_mean,0.0011646740604192019,False,True
4,BASE_x_P40,roll_rec__ch3000_daily_median_w7_min,0.0006853812374174595,False,False
4,BASE_x_P40,roll_rec__ch3000_daily_median_w7_sd,0.0015546535141766071,False,True
4,BASE_x_P40,roll_rec__ch3000_daily_median_w7_slope,0.0010160256642848253,False,False
4,BASE_x_P40,roll_rec__ch3000_daily_sd_w30_max,0.0017473711632192135,False,False
4,BASE_x_P40,roll_rec__ch3000_daily_sd_w30_mean,0.0012038475833833218,False,True
4,BASE_x_P40,roll_rec__ch3000_daily_sd_w30_min,0.002676914446055889,False,False
4,BASE_x_P40,roll_rec__ch3000_daily_sd_w30_sd,0.00347082014195621,False,True
4,BASE_x_P40,roll_rec__ch3000_daily_sd_w30_slope,0.002814540406689048,False,False
4,BASE_x_P40,roll_rec__ch3000_daily_sd_w7_max,0.0013697673566639423,False,False
4,BASE_x_P40,roll_rec__ch3000_daily_sd_w7_mean,0.0013856585137546062,False,True
4,BASE_x_P40,roll_rec__ch3000_daily_sd_w7_min,0.002491893945261836,False,False
4,BASE_x_P40,roll_rec__ch3000_daily_sd_w7_sd,0.0048114582896232605,False,True
4,BASE_x_P40,roll_rec__ch3000_daily_sd_w7_slope,0.0029524164274334908,False,False
4,BASE_x_P40,roll_rec__ch3001_daily_hours_w30_max,0.001160290790721774,False,False
4,BASE_x_P40,roll_rec__ch3001_daily_hours_w30_mean,0.0008642515749670565,False,True
4,BASE_x_P40,roll_rec__ch3001_daily_hours_w30_min,0.0013767273630946875,False,False
4,BASE_x_P40,roll_rec__ch3001_daily_hours_w30_sd,0.0015477265696972609,False,True
4,BASE_x_P40,roll_rec__ch3001_daily_hours_w30_slope,0.0009152637212537229,False,False
4,BASE_x_P40,roll_rec__ch3001_daily_hours_w7_max,0.001486926805227995,False,False
4,BASE_x_P40,roll_rec__ch3001_daily_hours_w7_mean,0.0007662174175493419,False,True
4,BASE_x_P40,roll_rec__ch3001_daily_hours_w7_min,0.0009566928492859006,False,False
4,BASE_x_P40,roll_rec__ch3001_daily_hours_w7_sd,0.0017264056950807571,False,True
4,BASE_x_P40,roll_rec__ch3001_daily_hours_w7_slope,0.0010057626059278846,False,False
4,BASE_x_P40,roll_rec__ch3001_daily_mean_w30_max,0.0006715498166158795,False,False
4,BASE_x_P40,roll_rec__ch3001_daily_mean_w30_mean,0.0001130934979300946,False,True
4,BASE_x_P40,roll_rec__ch3001_daily_mean_w30_min,0.0004199716495350003,False,False
4,BASE_x_P40,roll_rec__ch3001_daily_mean_w30_sd,0.0010480439523234963,False,True
4,BASE_x_P40,roll_rec__ch3001_daily_mean_w30_slope,0.001556527684442699,False,False
4,BASE_x_P40,roll_rec__ch3001_daily_mean_w7_max,0.0009654690511524677,False,False
4,BASE_x_P40,roll_rec__ch3001_daily_mean_w7_mean,0.00019210742902942002,False,True
4,BASE_x_P40,roll_rec__ch3001_daily_mean_w7_min,0.000628702575340867,False,False
4,BASE_x_P40,roll_rec__ch3001_daily_mean_w7_sd,0.0013419513124972582,False,True
4,BASE_x_P40,roll_rec__ch3001_daily_mean_w7_slope,0.0020839266944676638,False,False
4,BASE_x_P40,roll_rec__ch3001_daily_median_w30_max,0.0016377269057556987,False,False
4,BASE_x_P40,roll_rec__ch3001_daily_median_w30_mean,0.0002293874422321096,False,True
4,BASE_x_P40,roll_rec__ch3001_daily_median_w30_min,0.0004577085783239454,False,False
4,BASE_x_P40,roll_rec__ch3001_daily_median_w30_sd,0.0017727657686918974,False,True
4,BASE_x_P40,roll_rec__ch3001_daily_median_w30_slope,0.0009984513744711876,False,False
4,BASE_x_P40,roll_rec__ch3001_daily_median_w7_max,0.0007292250520549715,False,False
4,BASE_x_P40,roll_rec__ch3001_daily_median_w7_mean,0.0004435126029420644,False,True
4,BASE_x_P40,roll_rec__ch3001_daily_median_w7_min,0.0013614458730444312,False,False
4,BASE_x_P40,roll_rec__ch3001_daily_median_w7_sd,0.0009015352698042989,False,True
4,BASE_x_P40,roll_rec__ch3001_daily_median_w7_slope,0.001713878707960248,False,False
4,BASE_x_P40,roll_rec__ch3001_daily_sd_w30_max,0.003986298572272062,False,False
4,BASE_x_P40,roll_rec__ch3001_daily_sd_w30_mean,0.004005224443972111,False,True
4,BASE_x_P40,roll_rec__ch3001_daily_sd_w30_min,0.0021476447582244873,False,False
4,BASE_x_P40,roll_rec__ch3001_daily_sd_w30_sd,0.0008872440666891634,False,True
4,BASE_x_P40,roll_rec__ch3001_daily_sd_w30_slope,0.0014724709326401353,False,False
4,BASE_x_P40,roll_rec__ch3001_daily_sd_w7_max,0.009927349165081978,False,False
4,BASE_x_P40,roll_rec__ch3001_daily_sd_w7_mean,0.0066827693954110146,False,True
4,BASE_x_P40,roll_rec__ch3001_daily_sd_w7_min,0.0015206451062113047,False,False
4,BASE_x_P40,roll_rec__ch3001_daily_sd_w7_sd,0.004177647642791271,False,True
4,BASE_x_P40,roll_rec__ch3001_daily_sd_w7_slope,0.0014639556175097823,False,False
4,BASE_x_P40,roll_rec__ch3002_daily_hours_w30_max,0.0018179073231294751,False,False
4,BASE_x_P40,roll_rec__ch3002_daily_hours_w30_mean,0.0002912622585427016,False,True
4,BASE_x_P40,roll_rec__ch3002_daily_hours_w30_min,0.0013166803400963545,False,False
4,BASE_x_P40,roll_rec__ch3002_daily_hours_w30_sd,0.002297949744388461,False,True
4,BASE_x_P40,roll_rec__ch3002_daily_hours_w30_slope,0.001491978531703353,False,False
4,BASE_x_P40,roll_rec__ch3002_daily_hours_w7_max,0.0013984317192807794,False,False
4,BASE_x_P40,roll_rec__ch3002_daily_hours_w7_mean,0.0014015703927725554,False,True
4,BASE_x_P40,roll_rec__ch3002_daily_hours_w7_min,0.0009591702837496996,False,False
4,BASE_x_P40,roll_rec__ch3002_daily_hours_w7_sd,0.0016428219387307763,False,True
4,BASE_x_P40,roll_rec__ch3002_daily_hours_w7_slope,0.0016069080447778106,False,False
4,BASE_x_P40,roll_rec__ch3002_daily_mean_w30_max,0.0004932906595058739,False,False
4,BASE_x_P40,roll_rec__ch3002_daily_mean_w30_mean,0.00019777195120695978,False,True
4,BASE_x_P40,roll_rec__ch3002_daily_mean_w30_min,0.00011598020500969142,False,False
4,BASE_x_P40,roll_rec__ch3002_daily_mean_w30_sd,0.001235323608852923,False,True
4,BASE_x_P40,roll_rec__ch3002_daily_mean_w30_slope,0.0010204195277765393,False,False
4,BASE_x_P40,roll_rec__ch3002_daily_mean_w7_max,0.0006407320615835488,False,False
4,BASE_x_P40,roll_rec__ch3002_daily_mean_w7_mean,0.0001245237363036722,False,True
4,BASE_x_P40,roll_rec__ch3002_daily_mean_w7_min,0.00142486032564193,False,False
4,BASE_x_P40,roll_rec__ch3002_daily_mean_w7_sd,0.0012678067432716489,False,True
4,BASE_x_P40,roll_rec__ch3002_daily_mean_w7_slope,0.001607768819667399,False,False
4,BASE_x_P40,roll_rec__ch3002_daily_median_w30_max,0.0006989424582570791,False,False
4,BASE_x_P40,roll_rec__ch3002_daily_median_w30_mean,0.0003476089332252741,False,True
4,BASE_x_P40,roll_rec__ch3002_daily_median_w30_min,0.00037189567228779197,False,False
4,BASE_x_P40,roll_rec__ch3002_daily_median_w30_sd,0.000891286414116621,False,True
4,BASE_x_P40,roll_rec__ch3002_daily_median_w30_slope,0.0014464400010183454,False,False
4,BASE_x_P40,roll_rec__ch3002_daily_median_w7_max,0.0008884230628609657,False,False
4,BASE_x_P40,roll_rec__ch3002_daily_median_w7_mean,0.0002065242442768067,False,True
4,BASE_x_P40,roll_rec__ch3002_daily_median_w7_min,0.0008780969073995948,False,False
4,BASE_x_P40,roll_rec__ch3002_daily_median_w7_sd,0.0015972802648320794,False,True
4,BASE_x_P40,roll_rec__ch3002_daily_median_w7_slope,0.0012448988854885101,False,False
4,BASE_x_P40,roll_rec__ch3002_daily_sd_w30_max,0.0036461325362324715,False,False
4,BASE_x_P40,roll_rec__ch3002_daily_sd_w30_mean,0.0018147535156458616,False,True
4,BASE_x_P40,roll_rec__ch3002_daily_sd_w30_min,0.002188108628615737,False,False
4,BASE_x_P40,roll_rec__ch3002_daily_sd_w30_sd,0.002224117750301957,False,True
4,BASE_x_P40,roll_rec__ch3002_daily_sd_w30_slope,0.0025957070756703615,False,False
4,BASE_x_P40,roll_rec__ch3002_daily_sd_w7_max,0.007342771161347628,False,False
4,BASE_x_P40,roll_rec__ch3002_daily_sd_w7_mean,0.0026531231123954058,False,True
4,BASE_x_P40,roll_rec__ch3002_daily_sd_w7_min,0.001683382666669786,False,False
4,BASE_x_P40,roll_rec__ch3002_daily_sd_w7_sd,0.0038394455332309008,False,True
4,BASE_x_P40,roll_rec__ch3002_daily_sd_w7_slope,0.0019410467939451337,False,False
4,BASE_x_P40,roll_win__ch3000_daily_hours_w30_max,0.0008442199905402958,False,False
4,BASE_x_P40,roll_win__ch3000_daily_hours_w30_mean,0.0010954999597743154,False,True
4,BASE_x_P40,roll_win__ch3000_daily_hours_w30_min,0.0009821043349802494,False,False
4,BASE_x_P40,roll_win__ch3000_daily_hours_w30_sd,0.002467556158080697,False,True
4,BASE_x_P40,roll_win__ch3000_daily_hours_w30_slope,0.0036205300129950047,False,False
4,BASE_x_P40,roll_win__ch3000_daily_hours_w7_max,0.0006810277118347585,False,False
4,BASE_x_P40,roll_win__ch3000_daily_hours_w7_mean,0.0007451288984157145,False,True
4,BASE_x_P40,roll_win__ch3000_daily_hours_w7_min,0.0013104849494993687,False,False
4,BASE_x_P40,roll_win__ch3000_daily_hours_w7_sd,0.002984078833833337,False,True
4,BASE_x_P40,roll_win__ch3000_daily_hours_w7_slope,0.0024960837326943874,False,False
4,BASE_x_P40,roll_win__ch3000_daily_mean_w30_max,0.000664863211568445,False,False
4,BASE_x_P40,roll_win__ch3000_daily_mean_w30_mean,0.001546994666568935,False,True
4,BASE_x_P40,roll_win__ch3000_daily_mean_w30_min,0.0004051061114296317,False,False
4,BASE_x_P40,roll_win__ch3000_daily_mean_w30_sd,0.002822481095790863,False,True
4,BASE_x_P40,roll_win__ch3000_daily_mean_w30_slope,0.0016861632466316223,False,False
4,BASE_x_P40,roll_win__ch3000_daily_mean_w7_max,0.0006955995922908187,False,False
4,BASE_x_P40,roll_win__ch3000_daily_mean_w7_mean,0.0003762599953915924,False,True
4,BASE_x_P40,roll_win__ch3000_daily_mean_w7_min,0.0010134902549907565,False,False
4,BASE_x_P40,roll_win__ch3000_daily_mean_w7_sd,0.0015794432256370783,False,True
4,BASE_x_P40,roll_win__ch3000_daily_mean_w7_slope,0.001467103254981339,False,False
4,BASE_x_P40,roll_win__ch3000_daily_median_w30_max,0.0007102465024217963,False,False
4,BASE_x_P40,roll_win__ch3000_daily_median_w30_mean,0.0005207599606364965,False,True
4,BASE_x_P40,roll_win__ch3000_daily_median_w30_min,0.000548164767678827,False,False
4,BASE_x_P40,roll_win__ch3000_daily_median_w30_sd,0.002318580634891987,False,True
4,BASE_x_P40,roll_win__ch3000_daily_median_w30_slope,0.002042309148237109,False,False
4,BASE_x_P40,roll_win__ch3000_daily_median_w7_max,0.0007655047811567783,False,False
4,BASE_x_P40,roll_win__ch3000_daily_median_w7_mean,0.000293840654194355,False,True
4,BASE_x_P40,roll_win__ch3000_daily_median_w7_min,0.0010500007774680853,False,False
4,BASE_x_P40,roll_win__ch3000_daily_median_w7_sd,0.0020300219766795635,False,True
4,BASE_x_P40,roll_win__ch3000_daily_median_w7_slope,0.0012467547785490751,False,False
4,BASE_x_P40,roll_win__ch3000_daily_sd_w30_max,0.0012174678267911077,False,False
4,BASE_x_P40,roll_win__ch3000_daily_sd_w30_mean,0.0005907277227379382,False,True
4,BASE_x_P40,roll_win__ch3000_daily_sd_w30_min,0.0017487105214968324,False,False
4,BASE_x_P40,roll_win__ch3000_daily_sd_w30_sd,0.0025478091556578875,False,True
4,BASE_x_P40,roll_win__ch3000_daily_sd_w30_slope,0.002937663346529007,False,False
4,BASE_x_P40,roll_win__ch3000_daily_sd_w7_max,0.001848525949753821,False,False
4,BASE_x_P40,roll_win__ch3000_daily_sd_w7_mean,0.0015753514599055052,False,True
4,BASE_x_P40,roll_win__ch3000_daily_sd_w7_min,0.003197904210537672,False,False
4,BASE_x_P40,roll_win__ch3000_daily_sd_w7_sd,0.004458431154489517,False,True
4,BASE_x_P40,roll_win__ch3000_daily_sd_w7_slope,0.002673585433512926,False,False
4,BASE_x_P40,roll_win__ch3001_daily_hours_w30_max,0.0011142733274027705,False,False
4,BASE_x_P40,roll_win__ch3001_daily_hours_w30_mean,0.0009746708674356341,False,True
4,BASE_x_P40,roll_win__ch3001_daily_hours_w30_min,0.001461008214391768,False,False
4,BASE_x_P40,roll_win__ch3001_daily_hours_w30_sd,0.001894783927127719,False,True
4,BASE_x_P40,roll_win__ch3001_daily_hours_w30_slope,0.0023018131032586098,False,False
4,BASE_x_P40,roll_win__ch3001_daily_hours_w7_max,0.00142415682785213,False,False
4,BASE_x_P40,roll_win__ch3001_daily_hours_w7_mean,0.0006151844281703234,False,True
4,BASE_x_P40,roll_win__ch3001_daily_hours_w7_min,0.0010355053236708045,False,False
4,BASE_x_P40,roll_win__ch3001_daily_hours_w7_sd,0.004509955178946257,False,True
4,BASE_x_P40,roll_win__ch3001_daily_hours_w7_slope,0.0023040727246552706,False,False
4,BASE_x_P40,roll_win__ch3001_daily_mean_w30_max,0.0005880079697817564,False,False
4,BASE_x_P40,roll_win__ch3001_daily_mean_w30_mean,4.957948476658203e-05,False,True
4,BASE_x_P40,roll_win__ch3001_daily_mean_w30_min,0.0007304133614525199,False,False
4,BASE_x_P40,roll_win__ch3001_daily_mean_w30_sd,0.0010295412503182888,False,True
4,BASE_x_P40,roll_win__ch3001_daily_mean_w30_slope,0.0017882431857287884,False,False
4,BASE_x_P40,roll_win__ch3001_daily_mean_w7_max,0.0013162540271878242,False,False
4,BASE_x_P40,roll_win__ch3001_daily_mean_w7_mean,0.00018615169392433017,False,True
4,BASE_x_P40,roll_win__ch3001_daily_mean_w7_min,0.0008361914660781622,False,False
4,BASE_x_P40,roll_win__ch3001_daily_mean_w7_sd,0.0022103632800281048,False,True
4,BASE_x_P40,roll_win__ch3001_daily_mean_w7_slope,0.0010598551016300917,False,False
4,BASE_x_P40,roll_win__ch3001_daily_median_w30_max,0.000440289790276438,False,False
4,BASE_x_P40,roll_win__ch3001_daily_median_w30_mean,0.00043318604002706707,False,True
4,BASE_x_P40,roll_win__ch3001_daily_median_w30_min,0.000551493838429451,False,False
4,BASE_x_P40,roll_win__ch3001_daily_median_w30_sd,0.0008405981352552772,False,True
4,BASE_x_P40,roll_win__ch3001_daily_median_w30_slope,0.0013863968197256327,False,False
4,BASE_x_P40,roll_win__ch3001_daily_median_w7_max,0.000981184421107173,False,False
4,BASE_x_P40,roll_win__ch3001_daily_median_w7_mean,0.0008488717721775174,False,True
4,BASE_x_P40,roll_win__ch3001_daily_median_w7_min,0.0008370080031454563,False,False
4,BASE_x_P40,roll_win__ch3001_daily_median_w7_sd,0.002821217756718397,False,True
4,BASE_x_P40,roll_win__ch3001_daily_median_w7_slope,0.0017797767650336027,False,False
4,BASE_x_P40,roll_win__ch3001_daily_sd_w30_max,0.0024157576262950897,False,False
4,BASE_x_P40,roll_win__ch3001_daily_sd_w30_mean,0.0026871846057474613,False,True
4,BASE_x_P40,roll_win__ch3001_daily_sd_w30_min,0.0018000206910073757,False,False
4,BASE_x_P40,roll_win__ch3001_daily_sd_w30_sd,0.0026961127296090126,False,True
4,BASE_x_P40,roll_win__ch3001_daily_sd_w30_slope,0.002271750709041953,False,False
4,BASE_x_P40,roll_win__ch3001_daily_sd_w7_max,0.0041556162759661674,False,False
4,BASE_x_P40,roll_win__ch3001_daily_sd_w7_mean,0.0030535957776010036,False,True
4,BASE_x_P40,roll_win__ch3001_daily_sd_w7_min,0.0017491445178166032,False,False
4,BASE_x_P40,roll_win__ch3001_daily_sd_w7_sd,0.0043585472740232944,False,True
4,BASE_x_P40,roll_win__ch3001_daily_sd_w7_slope,0.0036268862895667553,False,False
4,BASE_x_P40,roll_win__ch3002_daily_hours_w30_max,0.0015962275210767984,False,False
4,BASE_x_P40,roll_win__ch3002_daily_hours_w30_mean,0.001558993011713028,False,True
4,BASE_x_P40,roll_win__ch3002_daily_hours_w30_min,0.0006205398822203279,False,False
4,BASE_x_P40,roll_win__ch3002_daily_hours_w30_sd,0.002493530046194792,False,True
4,BASE_x_P40,roll_win__ch3002_daily_hours_w30_slope,0.0016448687529191375,False,False
4,BASE_x_P40,roll_win__ch3002_daily_hours_w7_max,0.0004624185967259109,False,False
4,BASE_x_P40,roll_win__ch3002_daily_hours_w7_mean,0.0009105380740948021,False,True
4,BASE_x_P40,roll_win__ch3002_daily_hours_w7_min,0.0008872744510881603,False,False
4,BASE_x_P40,roll_win__ch3002_daily_hours_w7_sd,0.0038884428795427084,False,True
4,BASE_x_P40,roll_win__ch3002_daily_hours_w7_slope,0.001546630752272904,False,False
4,BASE_x_P40,roll_win__ch3002_daily_mean_w30_max,0.00011017235374310985,False,False
4,BASE_x_P40,roll_win__ch3002_daily_mean_w30_mean,0.00021815397485625,False,True
4,BASE_x_P40,roll_win__ch3002_daily_mean_w30_min,0.0007146648713387549,False,False
4,BASE_x_P40,roll_win__ch3002_daily_mean_w30_sd,0.0011594993993639946,False,True
4,BASE_x_P40,roll_win__ch3002_daily_mean_w30_slope,0.001314018270932138,False,False
4,BASE_x_P40,roll_win__ch3002_daily_mean_w7_max,0.0007775844424031675,False,False
4,BASE_x_P40,roll_win__ch3002_daily_mean_w7_mean,0.00019030296243727207,False,True
4,BASE_x_P40,roll_win__ch3002_daily_mean_w7_min,0.001043179421685636,False,False
4,BASE_x_P40,roll_win__ch3002_daily_mean_w7_sd,0.0015735620399937034,False,True
4,BASE_x_P40,roll_win__ch3002_daily_mean_w7_slope,0.001937240594998002,False,False
4,BASE_x_P40,roll_win__ch3002_daily_median_w30_max,0.000560857355594635,False,False
4,BASE_x_P40,roll_win__ch3002_daily_median_w30_mean,0.00016737614350859076,False,True
4,BASE_x_P40,roll_win__ch3002_daily_median_w30_min,0.0005681562470272183,False,False
4,BASE_x_P40,roll_win__ch3002_daily_median_w30_sd,0.00301271490752697,False,True
4,BASE_x_P40,roll_win__ch3002_daily_median_w30_slope,0.002557312371209264,False,False
4,BASE_x_P40,roll_win__ch3002_daily_median_w7_max,0.0008379431674256921,False,False
4,BASE_x_P40,roll_win__ch3002_daily_median_w7_mean,0.00024392109480686486,False,True
4,BASE_x_P40,roll_win__ch3002_daily_median_w7_min,0.0008142858278006315,False,False
4,BASE_x_P40,roll_win__ch3002_daily_median_w7_sd,0.0011345793027430773,False,True
4,BASE_x_P40,roll_win__ch3002_daily_median_w7_slope,0.0015549027593806386,False,False
4,BASE_x_P40,roll_win__ch3002_daily_sd_w30_max,0.0012411222560331225,False,False
4,BASE_x_P40,roll_win__ch3002_daily_sd_w30_mean,0.0018533655675128102,False,True
4,BASE_x_P40,roll_win__ch3002_daily_sd_w30_min,0.0016535506583750248,False,False
4,BASE_x_P40,roll_win__ch3002_daily_sd_w30_sd,0.002552350517362356,False,True
4,BASE_x_P40,roll_win__ch3002_daily_sd_w30_slope,0.0024924189783632755,False,False
4,BASE_x_P40,roll_win__ch3002_daily_sd_w7_max,0.002005328657105565,False,False
4,BASE_x_P40,roll_win__ch3002_daily_sd_w7_mean,0.0011360953794792295,False,True
4,BASE_x_P40,roll_win__ch3002_daily_sd_w7_min,0.0027775513008236885,False,False
4,BASE_x_P40,roll_win__ch3002_daily_sd_w7_sd,0.002462254371494055,False,True
4,BASE_x_P40,roll_win__ch3002_daily_sd_w7_slope,0.0023059630766510963,False,False
4,BASE_x_P40,cosinor_M_mean,0.0021154305431991816,False,True
4,BASE_x_P40,cosinor_A1_mean,0.0031163105741143227,False,True
4,BASE_x_P40,cosinor_A2_mean,0.003214496886357665,False,True
4,BASE_x_P40,cosinor_A3_mean,0.0045639872550964355,False,True
4,BASE_x_P40,cosinor_acro_h_mean,0.00521573331207037,False,True
4,BASE_x_P40,cosinor_resid_sd_mean,0.008761470206081867,False,True
4,BASE_x_P40,curve_night_mean_mean,0.0006255825865082443,False,True
4,BASE_x_P40,curve_morning_slope_mean,0.001567104714922607,False,True
4,BASE_x_P40,curve_day_night_contrast_mean,0.0013058754848316312,False,True
4,BASE_x_P40,curve_range_mean,0.0014499814715236425,False,True
4,BASE_x_P40,curve_entropy_mean,0.002183172618970275,False,True
4,BASE_x_P40,hour_h0_mean,0.0007006304804235697,False,True
4,BASE_x_P40,hour_h1_mean,0.0012756354408338666,False,True
4,BASE_x_P40,hour_h2_mean,0.0016732815420255065,False,True
4,BASE_x_P40,hour_h3_mean,0.0019325042376294732,False,True
4,BASE_x_P40,hour_h4_mean,0.0017972937785089016,False,True
4,BASE_x_P40,hour_h5_mean,0.0017567479517310858,False,True
4,BASE_x_P40,hour_h6_mean,0.005328764673322439,False,True
4,BASE_x_P40,hour_h7_mean,0.0036370581947267056,False,True
4,BASE_x_P40,hour_h8_mean,0.004470190033316612,False,True
4,BASE_x_P40,hour_h9_mean,0.00493345083668828,False,True
4,BASE_x_P40,hour_h10_mean,0.0056403265334665775,False,True
4,BASE_x_P40,hour_h11_mean,0.004146743565797806,False,True
4,BASE_x_P40,hour_h12_mean,0.0017375065945088863,False,True
4,BASE_x_P40,hour_h13_mean,0.0036743348464369774,False,True
4,BASE_x_P40,hour_h14_mean,0.0024454279337078333,False,True
4,BASE_x_P40,hour_h15_mean,0.0022693010978400707,False,True
4,BASE_x_P40,hour_h16_mean,0.00487373024225235,False,True
4,BASE_x_P40,hour_h17_mean,0.003049229271709919,False,True
4,BASE_x_P40,hour_h18_mean,0.002381203230470419,False,True
4,BASE_x_P40,hour_h19_mean,0.0022465998772531748,False,True
4,BASE_x_P40,hour_h20_mean,0.0014145716559141874,False,True
4,BASE_x_P40,hour_h21_mean,0.0013666412560269237,False,True
4,BASE_x_P40,hour_h22_mean,0.0011950695188716054,False,True
4,BASE_x_P40,hour_h23_mean,0.0014844411052763462,False,True
4,BASE_x_P40,cosinor_M_sd,0.0019118748605251312,False,True
4,BASE_x_P40,cosinor_A1_sd,0.001553391688503325,False,True
4,BASE_x_P40,cosinor_A2_sd,0.0014721531188115478,False,True
4,BASE_x_P40,cosinor_A3_sd,0.002019277773797512,False,True
4,BASE_x_P40,cosinor_acro_h_sd,0.003039199858903885,False,True
4,BASE_x_P40,cosinor_resid_sd_sd,0.0026504385750740767,False,True
4,BASE_x_P40,curve_night_mean_sd,0.002602583961561322,False,True
4,BASE_x_P40,curve_morning_slope_sd,0.003137166379019618,False,True
4,BASE_x_P40,curve_day_night_contrast_sd,0.009207220748066902,False,True
4,BASE_x_P40,curve_range_sd,0.004864195827394724,False,True
4,BASE_x_P40,curve_entropy_sd,0.0029999688267707825,False,True
4,BASE_x_P40,hour_h0_sd,0.002280097920447588,False,True
4,BASE_x_P40,hour_h1_sd,0.0021063063759356737,False,True
4,BASE_x_P40,hour_h2_sd,0.000907296605873853,False,True
4,BASE_x_P40,hour_h3_sd,0.0018427701434120536,False,True
4,BASE_x_P40,hour_h4_sd,0.0018755231285467744,False,True
4,BASE_x_P40,hour_h5_sd,0.0022737986873835325,False,True
4,BASE_x_P40,hour_h6_sd,0.002258625579997897,False,True
4,BASE_x_P40,hour_h7_sd,0.004630993586033583,False,True
4,BASE_x_P40,hour_h8_sd,0.0034611860755831003,False,True
4,BASE_x_P40,hour_h9_sd,0.004826605319976807,False,True
4,BASE_x_P40,hour_h10_sd,0.0030071930959820747,False,True
4,BASE_x_P40,hour_h11_sd,0.001973984530195594,False,True
4,BASE_x_P40,hour_h12_sd,0.0018626661039888859,False,True
4,BASE_x_P40,hour_h13_sd,0.003031057771295309,False,True
4,BASE_x_P40,hour_h14_sd,0.0017071821494027972,False,True
4,BASE_x_P40,hour_h15_sd,0.0015420439885929227,False,True
4,BASE_x_P40,hour_h16_sd,0.0022484397049993277,False,True
4,BASE_x_P40,hour_h17_sd,0.0026360994670540094,False,True
4,BASE_x_P40,hour_h18_sd,0.004805393051356077,False,True
4,BASE_x_P40,hour_h19_sd,0.005344410892575979,False,True
4,BASE_x_P40,hour_h20_sd,0.00520598329603672,False,True
4,BASE_x_P40,hour_h21_sd,0.005401966627687216,False,True
4,BASE_x_P40,hour_h22_sd,0.002154379617422819,False,True
4,BASE_x_P40,hour_h23_sd,0.002540063578635454,False,True
4,BASE_x_P40,curve_night_mean_wd,0.001674337894655764,False,True
4,BASE_x_P40,curve_morning_slope_wd,0.0020785359665751457,False,True
4,BASE_x_P40,curve_day_night_contrast_wd,0.001485943328589201,False,True
4,BASE_x_P40,curve_range_wd,0.0017528304597362876,False,True
4,BASE_x_P40,curve_entropy_wd,0.003071107901632786,False,True
4,BASE_x_P40,curve_night_mean_we,0.0013428456149995327,False,True
4,BASE_x_P40,curve_morning_slope_we,0.0023149859625846148,False,True
4,BASE_x_P40,curve_day_night_contrast_we,0.0020844517275691032,False,True
4,BASE_x_P40,curve_range_we,0.002331420546397567,False,True
4,BASE_x_P40,curve_entropy_we,0.00228225439786911,False,True
4,BASE_x_P40,curve_night_mean_wd_diff,0.0027475920505821705,False,True
4,BASE_x_P40,curve_morning_slope_wd_diff,0.0024155147839337587,False,True
4,BASE_x_P40,curve_day_night_contrast_wd_diff,0.003467547707259655,False,True
4,BASE_x_P40,curve_range_wd_diff,0.0030976978596299887,False,True
4,BASE_x_P40,curve_entropy_wd_diff,0.002488631522282958,False,True
4,BASE_x_P40,demo__age_group=Elderly,0.003527117660269141,False,False
4,BASE_x_P40,demo__age_group=Middle Ager,0.00036771988379769027,False,False
4,BASE_x_P40,demo__age_group=Young Adults,0.00032132468186318874,False,False
4,BASE_x_P40,demo__bmi_grp=normal,0.00014184127212502062,False,False
4,BASE_x_P40,demo__bmi_grp=obese,0.00030172333936206996,False,False
4,BASE_x_P40,demo__bmi_grp=overweight,0.0003028306527994573,False,False
5,C40,d_ch3000_mean,0.03915521129965782,False,True
5,C40,d_ch3000_median,0.020745662972331047,False,False
5,C40,d_ch3000_sd,0.020078668370842934,False,True
5,C40,d_ch3000_vmin,0.04897434264421463,False,False
5,C40,d_ch3000_vmax,0.0171646848320961,False,False
5,C40,d_ch3000_n,0.012782799080014229,False,False
5,C40,d_ch3000_cov_h,0.011486370116472244,False,False
5,C40,d_ch3000_hours,0.0015105889178812504,False,False
5,C40,d_ch3001_mean,0.008393589407205582,False,True
5,C40,d_ch3001_median,0.0038012831937521696,False,False
5,C40,d_ch3001_sd,0.014756129123270512,False,True
5,C40,d_ch3001_vmin,0.005538741126656532,False,False
5,C40,d_ch3001_vmax,0.009989566169679165,False,False
5,C40,d_ch3001_n,0.007838224992156029,False,False
5,C40,d_ch3001_cov_h,0.008224889636039734,False,False
5,C40,d_ch3001_hours,0.0020612196531146765,False,False
5,C40,d_ch3002_mean,0.008589248172938824,False,True
5,C40,d_ch3002_median,0.005610947497189045,False,False
5,C40,d_ch3002_sd,0.010874471627175808,False,True
5,C40,d_ch3002_vmin,0.004602671135216951,False,False
5,C40,d_ch3002_vmax,0.006550736725330353,False,False
5,C40,d_ch3002_n,0.001804304076358676,False,False
5,C40,d_ch3002_cov_h,0.0019359670113772154,False,False
5,C40,d_ch3002_hours,0.0018846236634999514,False,False
5,C40,d_gap_3000_3001_mean,0.01052563451230526,False,True
5,C40,d_gap_3000_3002_mean,0.013569163158535957,False,True
5,C40,d_gap_3000_3001_sd,0.01467436458915472,False,True
5,C40,d_gap_3000_3002_sd,0.011566758155822754,False,True
5,C40,d_is_weekend,0.0018217690521851182,False,False
5,C40,cosinor_M,0.020777609199285507,True,False
5,C40,cosinor_A1,0.01709813065826893,True,False
5,C40,cosinor_A2,0.01911194622516632,True,False
5,C40,cosinor_A3,0.018481990322470665,True,False
5,C40,cosinor_acro_h,0.014370777644217014,True,False
5,C40,cosinor_resid_sd,0.017858434468507767,True,True
5,C40,curve_night_mean,0.018735889345407486,True,True
5,C40,curve_morning_slope,0.018743598833680153,True,False
5,C40,curve_day_night_contrast,0.013950658030807972,True,False
5,C40,curve_range,0.019696492701768875,True,False
5,C40,curve_entropy,0.018714893609285355,True,False
5,C40,hour_h0,0.017392849549651146,True,False
5,C40,hour_h1,0.01499423198401928,True,False
5,C40,hour_h2,0.014304600656032562,True,False
5,C40,hour_h3,0.01411883533000946,True,False
5,C40,hour_h4,0.016291283071041107,True,False
5,C40,hour_h5,0.017985574901103973,True,False
5,C40,hour_h6,0.023692267015576363,True,False
5,C40,hour_h7,0.030210232362151146,True,False
5,C40,hour_h8,0.02273564413189888,True,False
5,C40,hour_h9,0.021447647362947464,True,False
5,C40,hour_h10,0.02184024453163147,True,False
5,C40,hour_h11,0.021247128024697304,True,False
5,C40,hour_h12,0.01915907673537731,True,False
5,C40,hour_h13,0.02161495015025139,True,False
5,C40,hour_h14,0.020362306386232376,True,False
5,C40,hour_h15,0.02239704690873623,True,False
5,C40,hour_h16,0.02147434651851654,True,False
5,C40,hour_h17,0.02091307006776333,True,False
5,C40,hour_h18,0.019355284050107002,True,False
5,C40,hour_h19,0.019503675401210785,True,False
5,C40,hour_h20,0.018735861405730247,True,False
5,C40,hour_h21,0.018860774114727974,True,False
5,C40,hour_h22,0.01850217580795288,True,False
5,C40,hour_h23,0.018807843327522278,True,False
5,C40_resid,d_ch3000_mean,0.040457017719745636,False,True
5,C40_resid,d_ch3000_median,0.02091163396835327,False,False
5,C40_resid,d_ch3000_sd,0.019923945888876915,False,True
5,C40_resid,d_ch3000_vmin,0.047810278832912445,False,False
5,C40_resid,d_ch3000_vmax,0.017121778801083565,False,False
5,C40_resid,d_ch3000_n,0.011544492095708847,False,False
5,C40_resid,d_ch3000_cov_h,0.009914368391036987,False,False
5,C40_resid,d_ch3000_hours,0.0018486622720956802,False,False
5,C40_resid,d_ch3001_mean,0.008522638119757175,False,True
5,C40_resid,d_ch3001_median,0.004086080007255077,False,False
5,C40_resid,d_ch3001_sd,0.014518107287585735,False,True
5,C40_resid,d_ch3001_vmin,0.005168071016669273,False,False
5,C40_resid,d_ch3001_vmax,0.00966314785182476,False,False
5,C40_resid,d_ch3001_n,0.007748912554234266,False,False
5,C40_resid,d_ch3001_cov_h,0.007851644419133663,False,False
5,C40_resid,d_ch3001_hours,0.0020449701696634293,False,False
5,C40_resid,d_ch3002_mean,0.008722057566046715,False,True
5,C40_resid,d_ch3002_median,0.005374561529606581,False,False
5,C40_resid,d_ch3002_sd,0.010830280371010303,False,True
5,C40_resid,d_ch3002_vmin,0.004720616620033979,False,False
5,C40_resid,d_ch3002_vmax,0.005886714439839125,False,False
5,C40_resid,d_ch3002_n,0.001984665170311928,False,False
5,C40_resid,d_ch3002_cov_h,0.0018804679857566953,False,False
5,C40_resid,d_ch3002_hours,0.001933806692250073,False,False
5,C40_resid,d_gap_3000_3001_mean,0.01059601828455925,False,True
5,C40_resid,d_gap_3000_3002_mean,0.013722692616283894,False,True
5,C40_resid,d_gap_3000_3001_sd,0.014638335444033146,False,True
5,C40_resid,d_gap_3000_3002_sd,0.010611120611429214,False,True
5,C40_resid,d_is_weekend,0.0018536198185756803,False,False
5,C40_resid,cosinor_M,0.01785731315612793,True,False
5,C40_resid,cosinor_A1,0.014836704358458519,True,False
5,C40_resid,cosinor_A2,0.014863021671772003,True,False
5,C40_resid,cosinor_A3,0.01648372784256935,True,False
5,C40_resid,cosinor_acro_h,0.020073803141713142,True,False
5,C40_resid,cosinor_resid_sd,0.018445800989866257,True,True
5,C40_resid,curve_night_mean,0.021458448842167854,True,True
5,C40_resid,curve_morning_slope,0.01881827786564827,True,False
5,C40_resid,curve_day_night_contrast,0.014632671140134335,True,False
5,C40_resid,curve_range,0.020135387778282166,True,False
5,C40_resid,curve_entropy,0.02065708115696907,True,False
5,C40_resid,hour_h0,0.017899030819535255,True,False
5,C40_resid,hour_h1,0.015036800876259804,True,False
5,C40_resid,hour_h2,0.014638816006481647,True,False
5,C40_resid,hour_h3,0.014725680463016033,True,False
5,C40_resid,hour_h4,0.017802586778998375,True,False
5,C40_resid,hour_h5,0.019020235165953636,True,False
5,C40_resid,hour_h6,0.024267569184303284,True,False
5,C40_resid,hour_h7,0.02859269268810749,True,False
5,C40_resid,hour_h8,0.023559996858239174,True,False
5,C40_resid,hour_h9,0.020640868693590164,True,False
5,C40_resid,hour_h10,0.022446999326348305,True,False
5,C40_resid,hour_h11,0.021823246031999588,True,False
5,C40_resid,hour_h12,0.019248396158218384,True,False
5,C40_resid,hour_h13,0.021343469619750977,True,False
5,C40_resid,hour_h14,0.020401470363140106,True,False
5,C40_resid,hour_h15,0.022756271064281464,True,False
5,C40_resid,hour_h16,0.02123507671058178,True,False
5,C40_resid,hour_h17,0.020875005051493645,True,False
5,C40_resid,hour_h18,0.01911298744380474,True,False
5,C40_resid,hour_h19,0.018671682104468346,True,False
5,C40_resid,hour_h20,0.018354468047618866,True,False
5,C40_resid,hour_h21,0.01940961554646492,True,False
5,C40_resid,hour_h22,0.018685879185795784,True,False
5,C40_resid,hour_h23,0.019298212602734566,True,False
5,BASE_x_P40,rec__ch3000_observed_days,0.0005690631223842502,False,False
5,BASE_x_P40,rec__ch3000_adequate_days,0.0005576543044298887,False,False
5,BASE_x_P40,rec__ch3000_events,0.0016118065686896443,False,False
5,BASE_x_P40,rec__ch3000_span_days,0.0011579756392166018,False,False
5,BASE_x_P40,rec__ch3000_mean_cov_h,0.0009572070557624102,False,False
5,BASE_x_P40,rec__ch3000_mean_hours,0.001776006305590272,False,False
5,BASE_x_P40,rec__ch3000_events_per_day,0.0012815616792067885,False,False
5,BASE_x_P40,rec__ch3000_mean_of_daily_mean,0.004471880849450827,False,True
5,BASE_x_P40,rec__ch3000_sd_of_daily_mean,0.011343603953719139,False,True
5,BASE_x_P40,rec__ch3000_mean_of_daily_sd,0.0012375967344269156,False,True
5,BASE_x_P40,rec__ch3000_median_of_daily_median,0.004936234559863806,False,False
5,BASE_x_P40,rec__ch3000_p25_of_daily_median,0.0026030344888567924,False,False
5,BASE_x_P40,rec__ch3000_p75_of_daily_median,7.196629303507507e-05,False,False
5,BASE_x_P40,rec__ch3000_iqr_of_daily_median,0.00044869762496091425,False,False
5,BASE_x_P40,rec__ch3000_min_of_daily_min,0.0012288772268220782,False,False
5,BASE_x_P40,rec__ch3000_max_of_daily_max,0.0028862704057246447,False,False
5,BASE_x_P40,rec__ch3000_range_of_daily_extremes,0.00506019638851285,False,False
5,BASE_x_P40,rec__ch3000_weekday_mean,0.015255941078066826,False,True
5,BASE_x_P40,rec__ch3000_weekend_mean,0.0009184858063235879,False,True
5,BASE_x_P40,rec__ch3000_weekend_minus_weekday,0.012285617180168629,False,False
5,BASE_x_P40,rec__ch3001_observed_days,0.0006234768079593778,False,False
5,BASE_x_P40,rec__ch3001_adequate_days,0.0007801827741786838,False,False
5,BASE_x_P40,rec__ch3001_events,0.0011432189494371414,False,False
5,BASE_x_P40,rec__ch3001_span_days,0.002047996036708355,False,False
5,BASE_x_P40,rec__ch3001_mean_cov_h,0.0005729831755161285,False,False
5,BASE_x_P40,rec__ch3001_mean_hours,0.00040598350460641086,False,False
5,BASE_x_P40,rec__ch3001_events_per_day,0.0008686237852089107,False,False
5,BASE_x_P40,rec__ch3001_mean_of_daily_mean,0.0002550895733293146,False,True
5,BASE_x_P40,rec__ch3001_sd_of_daily_mean,0.001832330133765936,False,True
5,BASE_x_P40,rec__ch3001_mean_of_daily_sd,0.00557582825422287,False,True
5,BASE_x_P40,rec__ch3001_median_of_daily_median,0.00012225880345795304,False,False
5,BASE_x_P40,rec__ch3001_p25_of_daily_median,7.200120307970792e-05,False,False
5,BASE_x_P40,rec__ch3001_p75_of_daily_median,1.1996480679954402e-05,False,False
5,BASE_x_P40,rec__ch3001_iqr_of_daily_median,0.00035169109469279647,False,False
5,BASE_x_P40,rec__ch3001_min_of_daily_min,0.0011202712776139379,False,False
5,BASE_x_P40,rec__ch3001_max_of_daily_max,0.0018927983473986387,False,False
5,BASE_x_P40,rec__ch3001_range_of_daily_extremes,0.003031245432794094,False,False
5,BASE_x_P40,rec__ch3001_weekday_mean,0.0005549409543164074,False,True
5,BASE_x_P40,rec__ch3001_weekend_mean,0.00015906633052509278,False,True
5,BASE_x_P40,rec__ch3001_weekend_minus_weekday,0.0020407645497471094,False,False
5,BASE_x_P40,rec__ch3002_observed_days,0.0008883227128535509,False,False
5,BASE_x_P40,rec__ch3002_adequate_days,0.0009522809414193034,False,False
5,BASE_x_P40,rec__ch3002_events,0.0011704732896760106,False,False
5,BASE_x_P40,rec__ch3002_span_days,0.0015629326226189733,False,False
5,BASE_x_P40,rec__ch3002_mean_cov_h,0.00039193028351292014,False,False
5,BASE_x_P40,rec__ch3002_mean_hours,0.00026969832833856344,False,False
5,BASE_x_P40,rec__ch3002_events_per_day,0.000361314247129485,False,False
5,BASE_x_P40,rec__ch3002_mean_of_daily_mean,0.0002877732622437179,False,True
5,BASE_x_P40,rec__ch3002_sd_of_daily_mean,0.006206279620528221,False,True
5,BASE_x_P40,rec__ch3002_mean_of_daily_sd,0.0074915154837071896,False,True
5,BASE_x_P40,rec__ch3002_median_of_daily_median,0.00029319641180336475,False,False
5,BASE_x_P40,rec__ch3002_p25_of_daily_median,0.00013930938439443707,False,False
5,BASE_x_P40,rec__ch3002_p75_of_daily_median,3.672371167340316e-05,False,False
5,BASE_x_P40,rec__ch3002_iqr_of_daily_median,0.0003633872256614268,False,False
5,BASE_x_P40,rec__ch3002_min_of_daily_min,0.0012663642410188913,False,False
5,BASE_x_P40,rec__ch3002_max_of_daily_max,0.002349137095734477,False,False
5,BASE_x_P40,rec__ch3002_range_of_daily_extremes,0.0022758813574910164,False,False
5,BASE_x_P40,rec__ch3002_weekday_mean,0.0005194562254473567,False,True
5,BASE_x_P40,rec__ch3002_weekend_mean,0.0008644587942399085,False,True
5,BASE_x_P40,rec__ch3002_weekend_minus_weekday,0.002838949905708432,False,False
5,BASE_x_P40,rec__overall_events,0.001857942552305758,False,False
5,BASE_x_P40,rec__overall_days,0.0006099931779317558,False,False
5,BASE_x_P40,rec__overall_span_days,0.0010395763674750924,False,False
5,BASE_x_P40,rec__overall_adequate_channel_days,0.0015399851836264133,False,False
5,BASE_x_P40,rec__ch3000_minus_ch3001_mean,0.006502627395093441,False,True
5,BASE_x_P40,rec__ch3000_minus_ch3002_mean,0.009695092216134071,False,True
5,BASE_x_P40,rec__ch3000_tod_night,0.0008312608697451651,False,False
5,BASE_x_P40,rec__ch3000_tod_morning,0.029232962056994438,False,False
5,BASE_x_P40,rec__ch3000_tod_afternoon,0.00813247635960579,False,False
5,BASE_x_P40,rec__ch3000_tod_evening,0.001656684442423284,False,False
5,BASE_x_P40,rec__ch3001_tod_night,0.006765513680875301,False,False
5,BASE_x_P40,rec__ch3001_tod_morning,0.0006528351805172861,False,False
5,BASE_x_P40,rec__ch3001_tod_afternoon,0.0014140416169539094,False,False
5,BASE_x_P40,rec__ch3001_tod_evening,0.0010376668069511652,False,False
5,BASE_x_P40,rec__ch3002_tod_night,0.0035244482569396496,False,False
5,BASE_x_P40,rec__ch3002_tod_morning,0.0007193809142336249,False,False
5,BASE_x_P40,rec__ch3002_tod_afternoon,0.0012420120183378458,False,False
5,BASE_x_P40,rec__ch3002_tod_evening,0.00062898441683501,False,False
5,BASE_x_P40,win__ch3000_observed_days,0.0,False,False
5,BASE_x_P40,win__ch3000_adequate_days,0.00012068943760823458,False,False
5,BASE_x_P40,win__ch3000_events,0.0006983251660130918,False,False
5,BASE_x_P40,win__ch3000_mean_cov_h,0.0011990531347692013,False,False
5,BASE_x_P40,win__ch3000_mean_hours,0.0011383465025573969,False,False
5,BASE_x_P40,win__ch3000_events_per_day,0.0010717889526858926,False,False
5,BASE_x_P40,win__ch3000_mean_of_daily_mean,0.00037906860234215856,False,True
5,BASE_x_P40,win__ch3000_sd_of_daily_mean,0.008565720170736313,False,True
5,BASE_x_P40,win__ch3000_mean_of_daily_sd,0.0012651750585064292,False,True
5,BASE_x_P40,win__ch3000_median_of_daily_median,5.132750447955914e-05,False,False
5,BASE_x_P40,win__ch3000_p25_of_daily_median,0.0001305187470279634,False,False
5,BASE_x_P40,win__ch3000_p75_of_daily_median,0.0007477669278159738,False,False
5,BASE_x_P40,win__ch3000_iqr_of_daily_median,0.001133676152676344,False,False
5,BASE_x_P40,win__ch3000_min_of_daily_min,0.0018964315531775355,False,False
5,BASE_x_P40,win__ch3000_max_of_daily_max,0.0029044351540505886,False,False
5,BASE_x_P40,win__ch3000_range_of_daily_extremes,0.002370518399402499,False,False
5,BASE_x_P40,win__ch3000_weekday_mean,0.004136284347623587,False,True
5,BASE_x_P40,win__ch3000_weekend_mean,0.0013026301749050617,False,True
5,BASE_x_P40,win__ch3000_weekend_minus_weekday,0.0077508920803666115,False,False
5,BASE_x_P40,win__ch3001_observed_days,0.0008753003203310072,False,False
5,BASE_x_P40,win__ch3001_adequate_days,0.0007536639459431171,False,False
5,BASE_x_P40,win__ch3001_events,0.0013466193340718746,False,False
5,BASE_x_P40,win__ch3001_span_days,0.00019487645477056503,False,False
5,BASE_x_P40,win__ch3001_mean_cov_h,0.0009447212796658278,False,False
5,BASE_x_P40,win__ch3001_mean_hours,0.00047302801976911724,False,False
5,BASE_x_P40,win__ch3001_events_per_day,0.000781662471126765,False,False
5,BASE_x_P40,win__ch3001_mean_of_daily_mean,0.00042281183414161205,False,True
5,BASE_x_P40,win__ch3001_sd_of_daily_mean,0.0032512161415070295,False,True
5,BASE_x_P40,win__ch3001_mean_of_daily_sd,0.00334607413969934,False,True
5,BASE_x_P40,win__ch3001_median_of_daily_median,0.00031853781547397375,False,False
5,BASE_x_P40,win__ch3001_p25_of_daily_median,0.00019109401910100132,False,False
5,BASE_x_P40,win__ch3001_p75_of_daily_median,0.0001716022816253826,False,False
5,BASE_x_P40,win__ch3001_iqr_of_daily_median,0.0020001023076474667,False,False
5,BASE_x_P40,win__ch3001_min_of_daily_min,0.0024464870803058147,False,False
5,BASE_x_P40,win__ch3001_max_of_daily_max,0.0011128855403512716,False,False
5,BASE_x_P40,win__ch3001_range_of_daily_extremes,0.001624658820219338,False,False
5,BASE_x_P40,win__ch3001_weekday_mean,0.00025638233637437224,False,True
5,BASE_x_P40,win__ch3001_weekend_mean,0.0004831306869164109,False,True
5,BASE_x_P40,win__ch3001_weekend_minus_weekday,0.0012931873789057136,False,False
5,BASE_x_P40,win__ch3002_observed_days,0.0009543275809846818,False,False
5,BASE_x_P40,win__ch3002_adequate_days,0.0007723759044893086,False,False
5,BASE_x_P40,win__ch3002_events,0.0015579325845465064,False,False
5,BASE_x_P40,win__ch3002_span_days,9.461149602429941e-05,False,False
5,BASE_x_P40,win__ch3002_mean_cov_h,0.0004851296544075012,False,False
5,BASE_x_P40,win__ch3002_mean_hours,0.00036173706757836044,False,False
5,BASE_x_P40,win__ch3002_events_per_day,0.0006095019052736461,False,False
5,BASE_x_P40,win__ch3002_mean_of_daily_mean,0.000289792224066332,False,True
5,BASE_x_P40,win__ch3002_sd_of_daily_mean,0.006591998040676117,False,True
5,BASE_x_P40,win__ch3002_mean_of_daily_sd,0.0032458221539855003,False,True
5,BASE_x_P40,win__ch3002_median_of_daily_median,0.000131527180201374,False,False
5,BASE_x_P40,win__ch3002_p25_of_daily_median,0.0004827546654269099,False,False
5,BASE_x_P40,win__ch3002_p75_of_daily_median,0.000733535795006901,False,False
5,BASE_x_P40,win__ch3002_iqr_of_daily_median,0.0018443195149302483,False,False
5,BASE_x_P40,win__ch3002_min_of_daily_min,0.0010458979522809386,False,False
5,BASE_x_P40,win__ch3002_max_of_daily_max,0.00243525137193501,False,False
5,BASE_x_P40,win__ch3002_range_of_daily_extremes,0.001603377633728087,False,False
5,BASE_x_P40,win__ch3002_weekday_mean,0.0003767837770283222,False,True
5,BASE_x_P40,win__ch3002_weekend_mean,0.000709883461240679,False,True
5,BASE_x_P40,win__ch3002_weekend_minus_weekday,0.002486578421667218,False,False
5,BASE_x_P40,win__overall_events,0.0012566803488880396,False,False
5,BASE_x_P40,win__overall_days,0.00011475961946416646,False,False
5,BASE_x_P40,win__overall_adequate_channel_days,0.0011505397269502282,False,False
5,BASE_x_P40,win__ch3000_minus_ch3001_mean,0.006778025068342686,False,True
5,BASE_x_P40,win__ch3000_minus_ch3002_mean,0.00816392619162798,False,True
5,BASE_x_P40,win__ch3000_tod_night,0.0010228162864223123,False,False
5,BASE_x_P40,win__ch3000_tod_morning,0.01030376274138689,False,False
5,BASE_x_P40,win__ch3000_tod_afternoon,0.004836391191929579,False,False
5,BASE_x_P40,win__ch3000_tod_evening,0.0013951706932857633,False,False
5,BASE_x_P40,win__ch3001_tod_night,0.0008815907058306038,False,False
5,BASE_x_P40,win__ch3001_tod_morning,0.0008728623506613076,False,False
5,BASE_x_P40,win__ch3001_tod_afternoon,0.0009373677894473076,False,False
5,BASE_x_P40,win__ch3001_tod_evening,0.000921673490665853,False,False
5,BASE_x_P40,win__ch3002_tod_night,0.0013526399852707982,False,False
5,BASE_x_P40,win__ch3002_tod_morning,0.0011186725459992886,False,False
5,BASE_x_P40,win__ch3002_tod_afternoon,0.0015050433576107025,False,False
5,BASE_x_P40,win__ch3002_tod_evening,0.00023649493232369423,False,False
5,BASE_x_P40,roll_rec__ch3000_daily_hours_w30_max,0.0004255844687577337,False,False
5,BASE_x_P40,roll_rec__ch3000_daily_hours_w30_mean,0.0008738122414797544,False,True
5,BASE_x_P40,roll_rec__ch3000_daily_hours_w30_min,0.001012676046229899,False,False
5,BASE_x_P40,roll_rec__ch3000_daily_hours_w30_sd,0.0013129925355315208,False,True
5,BASE_x_P40,roll_rec__ch3000_daily_hours_w30_slope,0.0011781721841543913,False,False
5,BASE_x_P40,roll_rec__ch3000_daily_hours_w7_max,0.00023084516578819603,False,False
5,BASE_x_P40,roll_rec__ch3000_daily_hours_w7_mean,0.0008999524870887399,False,True
5,BASE_x_P40,roll_rec__ch3000_daily_hours_w7_min,0.0013802469475194812,False,False
5,BASE_x_P40,roll_rec__ch3000_daily_hours_w7_sd,0.0020951784681528807,False,True
5,BASE_x_P40,roll_rec__ch3000_daily_hours_w7_slope,0.002009596675634384,False,False
5,BASE_x_P40,roll_rec__ch3000_daily_mean_w30_max,0.0024820826947689056,False,False
5,BASE_x_P40,roll_rec__ch3000_daily_mean_w30_mean,0.004916124977171421,False,True
5,BASE_x_P40,roll_rec__ch3000_daily_mean_w30_min,0.004931379109621048,False,False
5,BASE_x_P40,roll_rec__ch3000_daily_mean_w30_sd,0.001250707427971065,False,True
5,BASE_x_P40,roll_rec__ch3000_daily_mean_w30_slope,0.0011683701304718852,False,False
5,BASE_x_P40,roll_rec__ch3000_daily_mean_w7_max,0.0012196892639622092,False,False
5,BASE_x_P40,roll_rec__ch3000_daily_mean_w7_mean,0.005282393656671047,False,True
5,BASE_x_P40,roll_rec__ch3000_daily_mean_w7_min,0.002456099260598421,False,False
5,BASE_x_P40,roll_rec__ch3000_daily_mean_w7_sd,0.0015854687662795186,False,True
5,BASE_x_P40,roll_rec__ch3000_daily_mean_w7_slope,0.0011482248082756996,False,False
5,BASE_x_P40,roll_rec__ch3000_daily_median_w30_max,0.0013494407758116722,False,False
5,BASE_x_P40,roll_rec__ch3000_daily_median_w30_mean,0.0031916217412799597,False,True
5,BASE_x_P40,roll_rec__ch3000_daily_median_w30_min,0.0025280979461967945,False,False
5,BASE_x_P40,roll_rec__ch3000_daily_median_w30_sd,0.0016206157160922885,False,True
5,BASE_x_P40,roll_rec__ch3000_daily_median_w30_slope,0.001158646191470325,False,False
5,BASE_x_P40,roll_rec__ch3000_daily_median_w7_max,0.0012452647788450122,False,False
5,BASE_x_P40,roll_rec__ch3000_daily_median_w7_mean,0.000524869014043361,False,True
5,BASE_x_P40,roll_rec__ch3000_daily_median_w7_min,0.000790925812907517,False,False
5,BASE_x_P40,roll_rec__ch3000_daily_median_w7_sd,0.0013951234286651015,False,True
5,BASE_x_P40,roll_rec__ch3000_daily_median_w7_slope,0.0013362898025661707,False,False
5,BASE_x_P40,roll_rec__ch3000_daily_sd_w30_max,0.0032091790344566107,False,False
5,BASE_x_P40,roll_rec__ch3000_daily_sd_w30_mean,0.0014100894331932068,False,True
5,BASE_x_P40,roll_rec__ch3000_daily_sd_w30_min,0.0033655765000730753,False,False
5,BASE_x_P40,roll_rec__ch3000_daily_sd_w30_sd,0.006679242476820946,False,True
5,BASE_x_P40,roll_rec__ch3000_daily_sd_w30_slope,0.002091031987220049,False,False
5,BASE_x_P40,roll_rec__ch3000_daily_sd_w7_max,0.0013225983129814267,False,False
5,BASE_x_P40,roll_rec__ch3000_daily_sd_w7_mean,0.0015606539091095328,False,True
5,BASE_x_P40,roll_rec__ch3000_daily_sd_w7_min,0.003757513826712966,False,False
5,BASE_x_P40,roll_rec__ch3000_daily_sd_w7_sd,0.008038023486733437,False,True
5,BASE_x_P40,roll_rec__ch3000_daily_sd_w7_slope,0.0020364965312182903,False,False
5,BASE_x_P40,roll_rec__ch3001_daily_hours_w30_max,0.0019863161724060774,False,False
5,BASE_x_P40,roll_rec__ch3001_daily_hours_w30_mean,0.0012188085820525885,False,True
5,BASE_x_P40,roll_rec__ch3001_daily_hours_w30_min,0.0005667603109031916,False,False
5,BASE_x_P40,roll_rec__ch3001_daily_hours_w30_sd,0.001571662724018097,False,True
5,BASE_x_P40,roll_rec__ch3001_daily_hours_w30_slope,0.0016030881088227034,False,False
5,BASE_x_P40,roll_rec__ch3001_daily_hours_w7_max,0.0010194414062425494,False,False
5,BASE_x_P40,roll_rec__ch3001_daily_hours_w7_mean,7.726305921096355e-05,False,True
5,BASE_x_P40,roll_rec__ch3001_daily_hours_w7_min,0.0012883743038401008,False,False
5,BASE_x_P40,roll_rec__ch3001_daily_hours_w7_sd,0.0011100495466962457,False,True
5,BASE_x_P40,roll_rec__ch3001_daily_hours_w7_slope,0.001436359016224742,False,False
5,BASE_x_P40,roll_rec__ch3001_daily_mean_w30_max,0.0005841298261657357,False,False
5,BASE_x_P40,roll_rec__ch3001_daily_mean_w30_mean,0.00032126359292306006,False,True
5,BASE_x_P40,roll_rec__ch3001_daily_mean_w30_min,0.0005740227643400431,False,False
5,BASE_x_P40,roll_rec__ch3001_daily_mean_w30_sd,0.0009263842366635799,False,True
5,BASE_x_P40,roll_rec__ch3001_daily_mean_w30_slope,0.0012140382314100862,False,False
5,BASE_x_P40,roll_rec__ch3001_daily_mean_w7_max,0.000793841143604368,False,False
5,BASE_x_P40,roll_rec__ch3001_daily_mean_w7_mean,0.0001763463660608977,False,True
5,BASE_x_P40,roll_rec__ch3001_daily_mean_w7_min,0.0004706799809355289,False,False
5,BASE_x_P40,roll_rec__ch3001_daily_mean_w7_sd,0.0014732510317116976,False,True
5,BASE_x_P40,roll_rec__ch3001_daily_mean_w7_slope,0.0011211622040718794,False,False
5,BASE_x_P40,roll_rec__ch3001_daily_median_w30_max,0.0005849148728884757,False,False
5,BASE_x_P40,roll_rec__ch3001_daily_median_w30_mean,0.00043801762512885034,False,True
5,BASE_x_P40,roll_rec__ch3001_daily_median_w30_min,0.0008691667462699115,False,False
5,BASE_x_P40,roll_rec__ch3001_daily_median_w30_sd,0.001185782253742218,False,True
5,BASE_x_P40,roll_rec__ch3001_daily_median_w30_slope,0.0006164932856336236,False,False
5,BASE_x_P40,roll_rec__ch3001_daily_median_w7_max,0.0009951288811862469,False,False
5,BASE_x_P40,roll_rec__ch3001_daily_median_w7_mean,0.0001609688624739647,False,True
5,BASE_x_P40,roll_rec__ch3001_daily_median_w7_min,0.00031504317303188145,False,False
5,BASE_x_P40,roll_rec__ch3001_daily_median_w7_sd,0.0018167876405641437,False,True
5,BASE_x_P40,roll_rec__ch3001_daily_median_w7_slope,0.0018380946712568402,False,False
5,BASE_x_P40,roll_rec__ch3001_daily_sd_w30_max,0.006345428992062807,False,False
5,BASE_x_P40,roll_rec__ch3001_daily_sd_w30_mean,0.0015739814843982458,False,True
5,BASE_x_P40,roll_rec__ch3001_daily_sd_w30_min,0.001230458845384419,False,False
5,BASE_x_P40,roll_rec__ch3001_daily_sd_w30_sd,0.0011721851769834757,False,True
5,BASE_x_P40,roll_rec__ch3001_daily_sd_w30_slope,0.0017379475757479668,False,False
5,BASE_x_P40,roll_rec__ch3001_daily_sd_w7_max,0.010757111944258213,False,False
5,BASE_x_P40,roll_rec__ch3001_daily_sd_w7_mean,0.002844554837793112,False,True
5,BASE_x_P40,roll_rec__ch3001_daily_sd_w7_min,0.0004645410517696291,False,False
5,BASE_x_P40,roll_rec__ch3001_daily_sd_w7_sd,0.004899891559034586,False,True
5,BASE_x_P40,roll_rec__ch3001_daily_sd_w7_slope,0.0014488657470792532,False,False
5,BASE_x_P40,roll_rec__ch3002_daily_hours_w30_max,0.0016133278841152787,False,False
5,BASE_x_P40,roll_rec__ch3002_daily_hours_w30_mean,0.0005840566009283066,False,True
5,BASE_x_P40,roll_rec__ch3002_daily_hours_w30_min,0.000974346708972007,False,False
5,BASE_x_P40,roll_rec__ch3002_daily_hours_w30_sd,0.0015806496376171708,False,True
5,BASE_x_P40,roll_rec__ch3002_daily_hours_w30_slope,0.0019271421479061246,False,False
5,BASE_x_P40,roll_rec__ch3002_daily_hours_w7_max,0.001445671310648322,False,False
5,BASE_x_P40,roll_rec__ch3002_daily_hours_w7_mean,0.0005680228932760656,False,True
5,BASE_x_P40,roll_rec__ch3002_daily_hours_w7_min,0.0006480248412117362,False,False
5,BASE_x_P40,roll_rec__ch3002_daily_hours_w7_sd,0.0020353870932012796,False,True
5,BASE_x_P40,roll_rec__ch3002_daily_hours_w7_slope,0.001194179872982204,False,False
5,BASE_x_P40,roll_rec__ch3002_daily_mean_w30_max,0.0002457555092405528,False,False
5,BASE_x_P40,roll_rec__ch3002_daily_mean_w30_mean,3.3869247999973595e-05,False,True
5,BASE_x_P40,roll_rec__ch3002_daily_mean_w30_min,0.0005912992055527866,False,False
5,BASE_x_P40,roll_rec__ch3002_daily_mean_w30_sd,0.0006945876521058381,False,True
5,BASE_x_P40,roll_rec__ch3002_daily_mean_w30_slope,0.0012487525818869472,False,False
5,BASE_x_P40,roll_rec__ch3002_daily_mean_w7_max,0.0005448510055430233,False,False
5,BASE_x_P40,roll_rec__ch3002_daily_mean_w7_mean,0.00036977854324504733,False,True
5,BASE_x_P40,roll_rec__ch3002_daily_mean_w7_min,0.0010713305091485381,False,False
5,BASE_x_P40,roll_rec__ch3002_daily_mean_w7_sd,0.0012807404855266213,False,True
5,BASE_x_P40,roll_rec__ch3002_daily_mean_w7_slope,0.0014387087430804968,False,False
5,BASE_x_P40,roll_rec__ch3002_daily_median_w30_max,0.0007430075784213841,False,False
5,BASE_x_P40,roll_rec__ch3002_daily_median_w30_mean,0.00034637359203770757,False,True
5,BASE_x_P40,roll_rec__ch3002_daily_median_w30_min,0.000792401609942317,False,False
5,BASE_x_P40,roll_rec__ch3002_daily_median_w30_sd,0.0013528171693906188,False,True
5,BASE_x_P40,roll_rec__ch3002_daily_median_w30_slope,0.000851357588544488,False,False
5,BASE_x_P40,roll_rec__ch3002_daily_median_w7_max,0.00078185013262555,False,False
5,BASE_x_P40,roll_rec__ch3002_daily_median_w7_mean,0.0002467412268742919,False,True
5,BASE_x_P40,roll_rec__ch3002_daily_median_w7_min,0.0006986118387430906,False,False
5,BASE_x_P40,roll_rec__ch3002_daily_median_w7_sd,0.000861387059558183,False,True
5,BASE_x_P40,roll_rec__ch3002_daily_median_w7_slope,0.0009622495272196829,False,False
5,BASE_x_P40,roll_rec__ch3002_daily_sd_w30_max,0.004284752067178488,False,False
5,BASE_x_P40,roll_rec__ch3002_daily_sd_w30_mean,0.002914246404543519,False,True
5,BASE_x_P40,roll_rec__ch3002_daily_sd_w30_min,0.0020563274156302214,False,False
5,BASE_x_P40,roll_rec__ch3002_daily_sd_w30_sd,0.002445437479764223,False,True
5,BASE_x_P40,roll_rec__ch3002_daily_sd_w30_slope,0.0031243558041751385,False,False
5,BASE_x_P40,roll_rec__ch3002_daily_sd_w7_max,0.011885183863341808,False,False
5,BASE_x_P40,roll_rec__ch3002_daily_sd_w7_mean,0.0029285335913300514,False,True
5,BASE_x_P40,roll_rec__ch3002_daily_sd_w7_min,0.0018075553234666586,False,False
5,BASE_x_P40,roll_rec__ch3002_daily_sd_w7_sd,0.0021909321658313274,False,True
5,BASE_x_P40,roll_rec__ch3002_daily_sd_w7_slope,0.001752841635607183,False,False
5,BASE_x_P40,roll_win__ch3000_daily_hours_w30_max,0.0010513222077861428,False,False
5,BASE_x_P40,roll_win__ch3000_daily_hours_w30_mean,0.0005423672846518457,False,True
5,BASE_x_P40,roll_win__ch3000_daily_hours_w30_min,0.0012905655894428492,False,False
5,BASE_x_P40,roll_win__ch3000_daily_hours_w30_sd,0.0032589605543762445,False,True
5,BASE_x_P40,roll_win__ch3000_daily_hours_w30_slope,0.0028535781893879175,False,False
5,BASE_x_P40,roll_win__ch3000_daily_hours_w7_max,0.00015021530271042138,False,False
5,BASE_x_P40,roll_win__ch3000_daily_hours_w7_mean,0.001189583446830511,False,True
5,BASE_x_P40,roll_win__ch3000_daily_hours_w7_min,0.001970770535990596,False,False
5,BASE_x_P40,roll_win__ch3000_daily_hours_w7_sd,0.0023125926963984966,False,True
5,BASE_x_P40,roll_win__ch3000_daily_hours_w7_slope,0.002020318992435932,False,False
5,BASE_x_P40,roll_win__ch3000_daily_mean_w30_max,0.0017345859669148922,False,False
5,BASE_x_P40,roll_win__ch3000_daily_mean_w30_mean,0.00034256852813996375,False,True
5,BASE_x_P40,roll_win__ch3000_daily_mean_w30_min,0.0007366965292021632,False,False
5,BASE_x_P40,roll_win__ch3000_daily_mean_w30_sd,0.001973166363313794,False,True
5,BASE_x_P40,roll_win__ch3000_daily_mean_w30_slope,0.0022221009712666273,False,False
5,BASE_x_P40,roll_win__ch3000_daily_mean_w7_max,0.0012895737309008837,False,False
5,BASE_x_P40,roll_win__ch3000_daily_mean_w7_mean,0.0005318374023772776,False,True
5,BASE_x_P40,roll_win__ch3000_daily_mean_w7_min,0.0069815549068152905,False,False
5,BASE_x_P40,roll_win__ch3000_daily_mean_w7_sd,0.0019946848042309284,False,True
5,BASE_x_P40,roll_win__ch3000_daily_mean_w7_slope,0.0022910102270543575,False,False
5,BASE_x_P40,roll_win__ch3000_daily_median_w30_max,0.0008081082487478852,False,False
5,BASE_x_P40,roll_win__ch3000_daily_median_w30_mean,0.0003155326994601637,False,True
5,BASE_x_P40,roll_win__ch3000_daily_median_w30_min,0.0009651099098846316,False,False
5,BASE_x_P40,roll_win__ch3000_daily_median_w30_sd,0.0017841433873400092,False,True
5,BASE_x_P40,roll_win__ch3000_daily_median_w30_slope,0.0015496187843382359,False,False
5,BASE_x_P40,roll_win__ch3000_daily_median_w7_max,0.00029818230541422963,False,False
5,BASE_x_P40,roll_win__ch3000_daily_median_w7_mean,0.0004912781878374517,False,True
5,BASE_x_P40,roll_win__ch3000_daily_median_w7_min,0.0006172897992655635,False,False
5,BASE_x_P40,roll_win__ch3000_daily_median_w7_sd,0.002800864167511463,False,True
5,BASE_x_P40,roll_win__ch3000_daily_median_w7_slope,0.0016549674328416586,False,False
5,BASE_x_P40,roll_win__ch3000_daily_sd_w30_max,0.0011868567671626806,False,False
5,BASE_x_P40,roll_win__ch3000_daily_sd_w30_mean,0.00189120601862669,False,True
5,BASE_x_P40,roll_win__ch3000_daily_sd_w30_min,0.002251713303849101,False,False
5,BASE_x_P40,roll_win__ch3000_daily_sd_w30_sd,0.0030489140190184116,False,True
5,BASE_x_P40,roll_win__ch3000_daily_sd_w30_slope,0.003077676286920905,False,False
5,BASE_x_P40,roll_win__ch3000_daily_sd_w7_max,0.0013160596136003733,False,False
5,BASE_x_P40,roll_win__ch3000_daily_sd_w7_mean,0.0017783591756597161,False,True
5,BASE_x_P40,roll_win__ch3000_daily_sd_w7_min,0.003709108103066683,False,False
5,BASE_x_P40,roll_win__ch3000_daily_sd_w7_sd,0.004674714524298906,False,True
5,BASE_x_P40,roll_win__ch3000_daily_sd_w7_slope,0.00268952501937747,False,False
5,BASE_x_P40,roll_win__ch3001_daily_hours_w30_max,0.0009269303409382701,False,False
5,BASE_x_P40,roll_win__ch3001_daily_hours_w30_mean,0.0005076269153505564,False,True
5,BASE_x_P40,roll_win__ch3001_daily_hours_w30_min,0.0015329080633819103,False,False
5,BASE_x_P40,roll_win__ch3001_daily_hours_w30_sd,0.002103247679769993,False,True
5,BASE_x_P40,roll_win__ch3001_daily_hours_w30_slope,0.0011784476228058338,False,False
5,BASE_x_P40,roll_win__ch3001_daily_hours_w7_max,0.001329238060861826,False,False
5,BASE_x_P40,roll_win__ch3001_daily_hours_w7_mean,0.0005912958877161145,False,True
5,BASE_x_P40,roll_win__ch3001_daily_hours_w7_min,0.0011196513660252094,False,False
5,BASE_x_P40,roll_win__ch3001_daily_hours_w7_sd,0.003056352725252509,False,True
5,BASE_x_P40,roll_win__ch3001_daily_hours_w7_slope,0.0015509146032854915,False,False
5,BASE_x_P40,roll_win__ch3001_daily_mean_w30_max,0.00023057969519868493,False,False
5,BASE_x_P40,roll_win__ch3001_daily_mean_w30_mean,0.0002154692483600229,False,True
5,BASE_x_P40,roll_win__ch3001_daily_mean_w30_min,0.00017896098142955452,False,False
5,BASE_x_P40,roll_win__ch3001_daily_mean_w30_sd,0.0012739941012114286,False,True
5,BASE_x_P40,roll_win__ch3001_daily_mean_w30_slope,0.0016303069423884153,False,False
5,BASE_x_P40,roll_win__ch3001_daily_mean_w7_max,0.0010899452026933432,False,False
5,BASE_x_P40,roll_win__ch3001_daily_mean_w7_mean,1.6970618392896912e-19,False,True
5,BASE_x_P40,roll_win__ch3001_daily_mean_w7_min,0.00033289697603322566,False,False
5,BASE_x_P40,roll_win__ch3001_daily_mean_w7_sd,0.0017975488444790244,False,True
5,BASE_x_P40,roll_win__ch3001_daily_mean_w7_slope,0.001571077504195273,False,False
5,BASE_x_P40,roll_win__ch3001_daily_median_w30_max,0.000251081190072,False,False
5,BASE_x_P40,roll_win__ch3001_daily_median_w30_mean,0.0006869370117783546,False,True
5,BASE_x_P40,roll_win__ch3001_daily_median_w30_min,9.304637933382764e-05,False,False
5,BASE_x_P40,roll_win__ch3001_daily_median_w30_sd,0.0017715871799737215,False,True
5,BASE_x_P40,roll_win__ch3001_daily_median_w30_slope,0.0029386128298938274,False,False
5,BASE_x_P40,roll_win__ch3001_daily_median_w7_max,0.0015593530843034387,False,False
5,BASE_x_P40,roll_win__ch3001_daily_median_w7_mean,6.669807248727011e-07,False,True
5,BASE_x_P40,roll_win__ch3001_daily_median_w7_min,0.0006999124889262021,False,False
5,BASE_x_P40,roll_win__ch3001_daily_median_w7_sd,0.0005315521848388016,False,True
5,BASE_x_P40,roll_win__ch3001_daily_median_w7_slope,0.001671436126343906,False,False
5,BASE_x_P40,roll_win__ch3001_daily_sd_w30_max,0.004592768382281065,False,False
5,BASE_x_P40,roll_win__ch3001_daily_sd_w30_mean,0.0031021416652947664,False,True
5,BASE_x_P40,roll_win__ch3001_daily_sd_w30_min,0.0017617143457755446,False,False
5,BASE_x_P40,roll_win__ch3001_daily_sd_w30_sd,0.0020457576029002666,False,True
5,BASE_x_P40,roll_win__ch3001_daily_sd_w30_slope,0.0018030592473223805,False,False
5,BASE_x_P40,roll_win__ch3001_daily_sd_w7_max,0.00571081368252635,False,False
5,BASE_x_P40,roll_win__ch3001_daily_sd_w7_mean,0.0031507210806012154,False,True
5,BASE_x_P40,roll_win__ch3001_daily_sd_w7_min,0.0028390013612806797,False,False
5,BASE_x_P40,roll_win__ch3001_daily_sd_w7_sd,0.0026176278479397297,False,True
5,BASE_x_P40,roll_win__ch3001_daily_sd_w7_slope,0.0031325214076787233,False,False
5,BASE_x_P40,roll_win__ch3002_daily_hours_w30_max,0.0005096939275972545,False,False
5,BASE_x_P40,roll_win__ch3002_daily_hours_w30_mean,0.0012605872470885515,False,True
5,BASE_x_P40,roll_win__ch3002_daily_hours_w30_min,0.0005224705673754215,False,False
5,BASE_x_P40,roll_win__ch3002_daily_hours_w30_sd,0.0027824901044368744,False,True
5,BASE_x_P40,roll_win__ch3002_daily_hours_w30_slope,0.0011812453158199787,False,False
5,BASE_x_P40,roll_win__ch3002_daily_hours_w7_max,0.0015016620745882392,False,False
5,BASE_x_P40,roll_win__ch3002_daily_hours_w7_mean,0.0005977380205877125,False,True
5,BASE_x_P40,roll_win__ch3002_daily_hours_w7_min,0.001750077703036368,False,False
5,BASE_x_P40,roll_win__ch3002_daily_hours_w7_sd,0.004347529262304306,False,True
5,BASE_x_P40,roll_win__ch3002_daily_hours_w7_slope,0.001438609790056944,False,False
5,BASE_x_P40,roll_win__ch3002_daily_mean_w30_max,0.00029289518715813756,False,False
5,BASE_x_P40,roll_win__ch3002_daily_mean_w30_mean,0.0004767581995110959,False,True
5,BASE_x_P40,roll_win__ch3002_daily_mean_w30_min,0.00025470767286606133,False,False
5,BASE_x_P40,roll_win__ch3002_daily_mean_w30_sd,0.0018781713442876935,False,True
5,BASE_x_P40,roll_win__ch3002_daily_mean_w30_slope,0.0012374076759442687,False,False
5,BASE_x_P40,roll_win__ch3002_daily_mean_w7_max,0.0008526226738467813,False,False
5,BASE_x_P40,roll_win__ch3002_daily_mean_w7_mean,0.00011334620648995042,False,True
5,BASE_x_P40,roll_win__ch3002_daily_mean_w7_min,0.000737485068384558,False,False
5,BASE_x_P40,roll_win__ch3002_daily_mean_w7_sd,0.0023258754517883062,False,True
5,BASE_x_P40,roll_win__ch3002_daily_mean_w7_slope,0.0009642166551202536,False,False
5,BASE_x_P40,roll_win__ch3002_daily_median_w30_max,0.0003643573436420411,False,False
5,BASE_x_P40,roll_win__ch3002_daily_median_w30_mean,0.00023519352544099092,False,True
5,BASE_x_P40,roll_win__ch3002_daily_median_w30_min,0.0006628773990087211,False,False
5,BASE_x_P40,roll_win__ch3002_daily_median_w30_sd,0.0014583991141989827,False,True
5,BASE_x_P40,roll_win__ch3002_daily_median_w30_slope,0.001710950513370335,False,False
5,BASE_x_P40,roll_win__ch3002_daily_median_w7_max,0.0005037778755649924,False,False
5,BASE_x_P40,roll_win__ch3002_daily_median_w7_mean,0.00018023578741122037,False,True
5,BASE_x_P40,roll_win__ch3002_daily_median_w7_min,0.0006105880602262914,False,False
5,BASE_x_P40,roll_win__ch3002_daily_median_w7_sd,0.0020391172729432583,False,True
5,BASE_x_P40,roll_win__ch3002_daily_median_w7_slope,0.0020819122437387705,False,False
5,BASE_x_P40,roll_win__ch3002_daily_sd_w30_max,0.0017337678000330925,False,False
5,BASE_x_P40,roll_win__ch3002_daily_sd_w30_mean,0.002340707229450345,False,True
5,BASE_x_P40,roll_win__ch3002_daily_sd_w30_min,0.0016901986673474312,False,False
5,BASE_x_P40,roll_win__ch3002_daily_sd_w30_sd,0.0020474381744861603,False,True
5,BASE_x_P40,roll_win__ch3002_daily_sd_w30_slope,0.0014397689374163747,False,False
5,BASE_x_P40,roll_win__ch3002_daily_sd_w7_max,0.0034548058174550533,False,False
5,BASE_x_P40,roll_win__ch3002_daily_sd_w7_mean,0.0023875911720097065,False,True
5,BASE_x_P40,roll_win__ch3002_daily_sd_w7_min,0.002813927363604307,False,False
5,BASE_x_P40,roll_win__ch3002_daily_sd_w7_sd,0.0038623556029051542,False,True
5,BASE_x_P40,roll_win__ch3002_daily_sd_w7_slope,0.002028248505666852,False,False
5,BASE_x_P40,cosinor_M_mean,0.0022427323274314404,False,True
5,BASE_x_P40,cosinor_A1_mean,0.0018806253792718053,False,True
5,BASE_x_P40,cosinor_A2_mean,0.0018092842074111104,False,True
5,BASE_x_P40,cosinor_A3_mean,0.004233822226524353,False,True
5,BASE_x_P40,cosinor_acro_h_mean,0.002723278012126684,False,True
5,BASE_x_P40,cosinor_resid_sd_mean,0.011558793485164642,False,True
5,BASE_x_P40,curve_night_mean_mean,0.0009416579850949347,False,True
5,BASE_x_P40,curve_morning_slope_mean,0.0017591594951227307,False,True
5,BASE_x_P40,curve_day_night_contrast_mean,0.0021670523565262556,False,True
5,BASE_x_P40,curve_range_mean,0.0010748440399765968,False,True
5,BASE_x_P40,curve_entropy_mean,0.0011617062846198678,False,True
5,BASE_x_P40,hour_h0_mean,0.0007455634186044335,False,True
5,BASE_x_P40,hour_h1_mean,0.00048069041804410517,False,True
5,BASE_x_P40,hour_h2_mean,0.0007418663590215147,False,True
5,BASE_x_P40,hour_h3_mean,0.001196643803268671,False,True
5,BASE_x_P40,hour_h4_mean,0.000977453775703907,False,True
5,BASE_x_P40,hour_h5_mean,0.0023949311580508947,False,True
5,BASE_x_P40,hour_h6_mean,0.0035749953240156174,False,True
5,BASE_x_P40,hour_h7_mean,0.0025347291957587004,False,True
5,BASE_x_P40,hour_h8_mean,0.012335516512393951,False,True
5,BASE_x_P40,hour_h9_mean,0.008920734748244286,False,True
5,BASE_x_P40,hour_h10_mean,0.008816175162792206,False,True
5,BASE_x_P40,hour_h11_mean,0.0030133980326354504,False,True
5,BASE_x_P40,hour_h12_mean,0.0027731044683605433,False,True
5,BASE_x_P40,hour_h13_mean,0.0048178499564528465,False,True
5,BASE_x_P40,hour_h14_mean,0.004692330025136471,False,True
5,BASE_x_P40,hour_h15_mean,0.003554397961124778,False,True
5,BASE_x_P40,hour_h16_mean,0.00312453112564981,False,True
5,BASE_x_P40,hour_h17_mean,0.002855124417692423,False,True
5,BASE_x_P40,hour_h18_mean,0.0027172190602868795,False,True
5,BASE_x_P40,hour_h19_mean,0.0015218068147078156,False,True
5,BASE_x_P40,hour_h20_mean,0.0011656131828203797,False,True
5,BASE_x_P40,hour_h21_mean,0.0015901479637250304,False,True
5,BASE_x_P40,hour_h22_mean,0.0013664055150002241,False,True
5,BASE_x_P40,hour_h23_mean,0.0013293556403368711,False,True
5,BASE_x_P40,cosinor_M_sd,0.0013313672970980406,False,True
5,BASE_x_P40,cosinor_A1_sd,0.0008218183647841215,False,True
5,BASE_x_P40,cosinor_A2_sd,0.00141657586209476,False,True
5,BASE_x_P40,cosinor_A3_sd,0.001974411541596055,False,True
5,BASE_x_P40,cosinor_acro_h_sd,0.0019613599870353937,False,True
5,BASE_x_P40,cosinor_resid_sd_sd,0.002048252383247018,False,True
5,BASE_x_P40,curve_night_mean_sd,0.002307646907866001,False,True
5,BASE_x_P40,curve_morning_slope_sd,0.004170759115368128,False,True
5,BASE_x_P40,curve_day_night_contrast_sd,0.017723796889185905,False,True
5,BASE_x_P40,curve_range_sd,0.004058480728417635,False,True
5,BASE_x_P40,curve_entropy_sd,0.0028933293651789427,False,True
5,BASE_x_P40,hour_h0_sd,0.003287632716819644,False,True
5,BASE_x_P40,hour_h1_sd,0.003667543176561594,False,True
5,BASE_x_P40,hour_h2_sd,0.0025222059339284897,False,True
5,BASE_x_P40,hour_h3_sd,0.0012582502095028758,False,True
5,BASE_x_P40,hour_h4_sd,0.002487202873453498,False,True
5,BASE_x_P40,hour_h5_sd,0.001361008733510971,False,True
5,BASE_x_P40,hour_h6_sd,0.003132838988676667,False,True
5,BASE_x_P40,hour_h7_sd,0.004662372171878815,False,True
5,BASE_x_P40,hour_h8_sd,0.0032162312418222427,False,True
5,BASE_x_P40,hour_h9_sd,0.0061218757182359695,False,True
5,BASE_x_P40,hour_h10_sd,0.004274721723049879,False,True
5,BASE_x_P40,hour_h11_sd,0.0011718986788764596,False,True
5,BASE_x_P40,hour_h12_sd,0.002405845560133457,False,True
5,BASE_x_P40,hour_h13_sd,0.002418580697849393,False,True
5,BASE_x_P40,hour_h14_sd,0.0017759514739736915,False,True
5,BASE_x_P40,hour_h15_sd,0.002586713060736656,False,True
5,BASE_x_P40,hour_h16_sd,0.0024899295531213284,False,True
5,BASE_x_P40,hour_h17_sd,0.0023237382993102074,False,True
5,BASE_x_P40,hour_h18_sd,0.003516317578032613,False,True
5,BASE_x_P40,hour_h19_sd,0.005608394276350737,False,True
5,BASE_x_P40,hour_h20_sd,0.004260605201125145,False,True
5,BASE_x_P40,hour_h21_sd,0.0049148499965667725,False,True
5,BASE_x_P40,hour_h22_sd,0.004809442907571793,False,True
5,BASE_x_P40,hour_h23_sd,0.002550901146605611,False,True
5,BASE_x_P40,curve_night_mean_wd,0.0011475664796307683,False,True
5,BASE_x_P40,curve_morning_slope_wd,0.0010529330465942621,False,True
5,BASE_x_P40,curve_day_night_contrast_wd,0.0014524811413139105,False,True
5,BASE_x_P40,curve_range_wd,0.0023964073043316603,False,True
5,BASE_x_P40,curve_entropy_wd,0.0022803805768489838,False,True
5,BASE_x_P40,curve_night_mean_we,0.0004878327890764922,False,True
5,BASE_x_P40,curve_morning_slope_we,0.0021171991247683764,False,True
5,BASE_x_P40,curve_day_night_contrast_we,0.0016924430383369327,False,True
5,BASE_x_P40,curve_range_we,0.0024513876996934414,False,True
5,BASE_x_P40,curve_entropy_we,0.001617513713426888,False,True
5,BASE_x_P40,curve_night_mean_wd_diff,0.0037793470546603203,False,True
5,BASE_x_P40,curve_morning_slope_wd_diff,0.00218244013376534,False,True
5,BASE_x_P40,curve_day_night_contrast_wd_diff,0.0028404132463037968,False,True
5,BASE_x_P40,curve_range_wd_diff,0.0027304585091769695,False,True
5,BASE_x_P40,curve_entropy_wd_diff,0.002480169991031289,False,True
5,BASE_x_P40,demo__age_group=Elderly,0.004352443385869265,False,False
5,BASE_x_P40,demo__age_group=Middle Ager,0.0004404336214065552,False,False
5,BASE_x_P40,demo__age_group=Young Adults,0.0002504112489987165,False,False
5,BASE_x_P40,demo__bmi_grp=normal,0.0009403231088072062,False,False
5,BASE_x_P40,demo__bmi_grp=obese,1.3408501217782032e-05,False,False
5,BASE_x_P40,demo__bmi_grp=overweight,0.0005063290009275079,False,False
6,C40,d_ch3000_mean,0.042144011706113815,False,True
6,C40,d_ch3000_median,0.020187465474009514,False,False
6,C40,d_ch3000_sd,0.020647089928388596,False,True
6,C40,d_ch3000_vmin,0.03939085081219673,False,False
6,C40,d_ch3000_vmax,0.018070805817842484,False,False
6,C40,d_ch3000_n,0.012228986248373985,False,False
6,C40,d_ch3000_cov_h,0.011595170013606548,False,False
6,C40,d_ch3000_hours,0.0017367658438161016,False,False
6,C40,d_ch3001_mean,0.00921569112688303,False,True
6,C40,d_ch3001_median,0.004155767150223255,False,False
6,C40,d_ch3001_sd,0.014638436958193779,False,True
6,C40,d_ch3001_vmin,0.005438513122498989,False,False
6,C40,d_ch3001_vmax,0.01107280794531107,False,False
6,C40,d_ch3001_n,0.007952108047902584,False,False
6,C40,d_ch3001_cov_h,0.008311523124575615,False,False
6,C40,d_ch3001_hours,0.00204273103736341,False,False
6,C40,d_ch3002_mean,0.009302780032157898,False,True
6,C40,d_ch3002_median,0.0054453168995678425,False,False
6,C40,d_ch3002_sd,0.011636372655630112,False,True
6,C40,d_ch3002_vmin,0.004556666593998671,False,False
6,C40,d_ch3002_vmax,0.0063880872912704945,False,False
6,C40,d_ch3002_n,0.002047215821221471,False,False
6,C40,d_ch3002_cov_h,0.0020378921180963516,False,False
6,C40,d_ch3002_hours,0.0018786669243127108,False,False
6,C40,d_gap_3000_3001_mean,0.011850178241729736,False,True
6,C40,d_gap_3000_3002_mean,0.01474435068666935,False,True
6,C40,d_gap_3000_3001_sd,0.013916706666350365,False,True
6,C40,d_gap_3000_3002_sd,0.011123410426080227,False,True
6,C40,d_is_weekend,0.0019287185277789831,False,False
6,C40,cosinor_M,0.019242186099290848,True,False
6,C40,cosinor_A1,0.016982829198241234,True,False
6,C40,cosinor_A2,0.018010016530752182,True,False
6,C40,cosinor_A3,0.018058188259601593,True,False
6,C40,cosinor_acro_h,0.014461137354373932,True,False
6,C40,cosinor_resid_sd,0.01542854867875576,True,True
6,C40,curve_night_mean,0.019771013408899307,True,True
6,C40,curve_morning_slope,0.018681621178984642,True,False
6,C40,curve_day_night_contrast,0.013768024742603302,True,False
6,C40,curve_range,0.01923440769314766,True,False
6,C40,curve_entropy,0.01977110654115677,True,False
6,C40,hour_h0,0.01735701970756054,True,False
6,C40,hour_h1,0.01619451679289341,True,False
6,C40,hour_h2,0.01602122187614441,True,False
6,C40,hour_h3,0.016937408596277237,True,False
6,C40,hour_h4,0.025131292641162872,True,False
6,C40,hour_h5,0.01898009143769741,True,False
6,C40,hour_h6,0.02447771467268467,True,False
6,C40,hour_h7,0.027048049494624138,True,False
6,C40,hour_h8,0.02317163720726967,True,False
6,C40,hour_h9,0.020932698622345924,True,False
6,C40,hour_h10,0.022466663271188736,True,False
6,C40,hour_h11,0.020758649334311485,True,False
6,C40,hour_h12,0.01863827183842659,True,False
6,C40,hour_h13,0.020003430545330048,True,False
6,C40,hour_h14,0.019476141780614853,True,False
6,C40,hour_h15,0.01932738721370697,True,False
6,C40,hour_h16,0.020346593111753464,True,False
6,C40,hour_h17,0.019298359751701355,True,False
6,C40,hour_h18,0.019333355128765106,True,False
6,C40,hour_h19,0.019088225439190865,True,False
6,C40,hour_h20,0.01891092211008072,True,False
6,C40,hour_h21,0.019188638776540756,True,False
6,C40,hour_h22,0.01910444162786007,True,False
6,C40,hour_h23,0.018713101744651794,True,False
6,C40_resid,d_ch3000_mean,0.04276344180107117,False,True
6,C40_resid,d_ch3000_median,0.01693578064441681,False,False
6,C40_resid,d_ch3000_sd,0.01991598680615425,False,True
6,C40_resid,d_ch3000_vmin,0.04082358255982399,False,False
6,C40_resid,d_ch3000_vmax,0.01796852983534336,False,False
6,C40_resid,d_ch3000_n,0.01071587111800909,False,False
6,C40_resid,d_ch3000_cov_h,0.010237913578748703,False,False
6,C40_resid,d_ch3000_hours,0.0017991707427427173,False,False
6,C40_resid,d_ch3001_mean,0.009258368983864784,False,True
6,C40_resid,d_ch3001_median,0.0041840653866529465,False,False
6,C40_resid,d_ch3001_sd,0.014326306991279125,False,True
6,C40_resid,d_ch3001_vmin,0.005251602735370398,False,False
6,C40_resid,d_ch3001_vmax,0.010580265894532204,False,False
6,C40_resid,d_ch3001_n,0.007882198318839073,False,False
6,C40_resid,d_ch3001_cov_h,0.008155050687491894,False,False
6,C40_resid,d_ch3001_hours,0.0019900670740753412,False,False
6,C40_resid,d_ch3002_mean,0.009084699675440788,False,True
6,C40_resid,d_ch3002_median,0.005635418463498354,False,False
6,C40_resid,d_ch3002_sd,0.010884941555559635,False,True
6,C40_resid,d_ch3002_vmin,0.0047705997712910175,False,False
6,C40_resid,d_ch3002_vmax,0.006238628178834915,False,False
6,C40_resid,d_ch3002_n,0.0018988619558513165,False,False
6,C40_resid,d_ch3002_cov_h,0.0020162116270512342,False,False
6,C40_resid,d_ch3002_hours,0.001992761855944991,False,False
6,C40_resid,d_gap_3000_3001_mean,0.011615222319960594,False,True
6,C40_resid,d_gap_3000_3002_mean,0.014752190560102463,False,True
6,C40_resid,d_gap_3000_3001_sd,0.01402453612536192,False,True
6,C40_resid,d_gap_3000_3002_sd,0.010747901163995266,False,True
6,C40_resid,d_is_weekend,0.0017144969897344708,False,False
6,C40_resid,cosinor_M,0.017538020387291908,True,False
6,C40_resid,cosinor_A1,0.014758860692381859,True,False
6,C40_resid,cosinor_A2,0.01516177598387003,True,False
6,C40_resid,cosinor_A3,0.015985548496246338,True,False
6,C40_resid,cosinor_acro_h,0.019962206482887268,True,False
6,C40_resid,cosinor_resid_sd,0.01581108570098877,True,True
6,C40_resid,curve_night_mean,0.03100012056529522,True,True
6,C40_resid,curve_morning_slope,0.01900835707783699,True,False
6,C40_resid,curve_day_night_contrast,0.013968095183372498,True,False
6,C40_resid,curve_range,0.019281800836324692,True,False
6,C40_resid,curve_entropy,0.021224401891231537,True,False
6,C40_resid,hour_h0,0.018812015652656555,True,False
6,C40_resid,hour_h1,0.017115557566285133,True,False
6,C40_resid,hour_h2,0.015285908244550228,True,False
6,C40_resid,hour_h3,0.01706361584365368,True,False
6,C40_resid,hour_h4,0.020634198561310768,True,False
6,C40_resid,hour_h5,0.01876179873943329,True,False
6,C40_resid,hour_h6,0.025059174746274948,True,False
6,C40_resid,hour_h7,0.026327844709157944,True,False
6,C40_resid,hour_h8,0.023360731080174446,True,False
6,C40_resid,hour_h9,0.021011553704738617,True,False
6,C40_resid,hour_h10,0.022713489830493927,True,False
6,C40_resid,hour_h11,0.020850425586104393,True,False
6,C40_resid,hour_h12,0.01864740438759327,True,False
6,C40_resid,hour_h13,0.020324639976024628,True,False
6,C40_resid,hour_h14,0.01958741620182991,True,False
6,C40_resid,hour_h15,0.019650781527161598,True,False
6,C40_resid,hour_h16,0.02017831802368164,True,False
6,C40_resid,hour_h17,0.01970921829342842,True,False
6,C40_resid,hour_h18,0.018312836065888405,True,False
6,C40_resid,hour_h19,0.018695112317800522,True,False
6,C40_resid,hour_h20,0.019390208646655083,True,False
6,C40_resid,hour_h21,0.019214099273085594,True,False
6,C40_resid,hour_h22,0.01888781227171421,True,False
6,C40_resid,hour_h23,0.018540887162089348,True,False
6,BASE_x_P40,rec__ch3000_observed_days,0.000606358575168997,False,False
6,BASE_x_P40,rec__ch3000_adequate_days,0.0010034003062173724,False,False
6,BASE_x_P40,rec__ch3000_events,0.0012773324269801378,False,False
6,BASE_x_P40,rec__ch3000_span_days,0.0008716920856386423,False,False
6,BASE_x_P40,rec__ch3000_mean_cov_h,0.0013588039437308908,False,False
6,BASE_x_P40,rec__ch3000_mean_hours,0.0006442415178753436,False,False
6,BASE_x_P40,rec__ch3000_events_per_day,0.000599855266045779,False,False
6,BASE_x_P40,rec__ch3000_mean_of_daily_mean,0.004741945769637823,False,True
6,BASE_x_P40,rec__ch3000_sd_of_daily_mean,0.004052260424941778,False,True
6,BASE_x_P40,rec__ch3000_mean_of_daily_sd,0.0011512463679537177,False,True
6,BASE_x_P40,rec__ch3000_median_of_daily_median,0.0006587181123904884,False,False
6,BASE_x_P40,rec__ch3000_p25_of_daily_median,0.00550335505977273,False,False
6,BASE_x_P40,rec__ch3000_p75_of_daily_median,0.0011625168845057487,False,False
6,BASE_x_P40,rec__ch3000_iqr_of_daily_median,0.00023365199740510434,False,False
6,BASE_x_P40,rec__ch3000_min_of_daily_min,0.002297283848747611,False,False
6,BASE_x_P40,rec__ch3000_max_of_daily_max,0.0027129407972097397,False,False
6,BASE_x_P40,rec__ch3000_range_of_daily_extremes,0.004966930020600557,False,False
6,BASE_x_P40,rec__ch3000_weekday_mean,0.018897760659456253,False,True
6,BASE_x_P40,rec__ch3000_weekend_mean,0.0014344996307045221,False,True
6,BASE_x_P40,rec__ch3000_weekend_minus_weekday,0.00795506127178669,False,False
6,BASE_x_P40,rec__ch3001_observed_days,0.0011314797447994351,False,False
6,BASE_x_P40,rec__ch3001_adequate_days,0.0008514915825799108,False,False
6,BASE_x_P40,rec__ch3001_events,0.0010323275346308947,False,False
6,BASE_x_P40,rec__ch3001_span_days,0.0009615738526917994,False,False
6,BASE_x_P40,rec__ch3001_mean_cov_h,0.0011739046312868595,False,False
6,BASE_x_P40,rec__ch3001_mean_hours,0.000507242395542562,False,False
6,BASE_x_P40,rec__ch3001_events_per_day,0.0010895769810304046,False,False
6,BASE_x_P40,rec__ch3001_mean_of_daily_mean,0.00016791945381555706,False,True
6,BASE_x_P40,rec__ch3001_sd_of_daily_mean,0.0018839421682059765,False,True
6,BASE_x_P40,rec__ch3001_mean_of_daily_sd,0.006876577623188496,False,True
6,BASE_x_P40,rec__ch3001_median_of_daily_median,0.00015272281598299742,False,False
6,BASE_x_P40,rec__ch3001_p25_of_daily_median,0.00021410970657598227,False,False
6,BASE_x_P40,rec__ch3001_p75_of_daily_median,0.00011439555964898318,False,False
6,BASE_x_P40,rec__ch3001_iqr_of_daily_median,0.0003409874625504017,False,False
6,BASE_x_P40,rec__ch3001_min_of_daily_min,0.0025756314862519503,False,False
6,BASE_x_P40,rec__ch3001_max_of_daily_max,0.0024049754720181227,False,False
6,BASE_x_P40,rec__ch3001_range_of_daily_extremes,0.003516243305057287,False,False
6,BASE_x_P40,rec__ch3001_weekday_mean,5.2675903134513646e-05,False,True
6,BASE_x_P40,rec__ch3001_weekend_mean,0.000725086429156363,False,True
6,BASE_x_P40,rec__ch3001_weekend_minus_weekday,0.0018759019440039992,False,False
6,BASE_x_P40,rec__ch3002_observed_days,0.0008838874055072665,False,False
6,BASE_x_P40,rec__ch3002_adequate_days,0.00042681751074269414,False,False
6,BASE_x_P40,rec__ch3002_events,0.0008838221547193825,False,False
6,BASE_x_P40,rec__ch3002_span_days,0.0019377379212528467,False,False
6,BASE_x_P40,rec__ch3002_mean_cov_h,0.0005607157363556325,False,False
6,BASE_x_P40,rec__ch3002_mean_hours,0.0012292913161218166,False,False
6,BASE_x_P40,rec__ch3002_events_per_day,0.0005315715097822249,False,False
6,BASE_x_P40,rec__ch3002_mean_of_daily_mean,0.0002932588686235249,False,True
6,BASE_x_P40,rec__ch3002_sd_of_daily_mean,0.003607869381085038,False,True
6,BASE_x_P40,rec__ch3002_mean_of_daily_sd,0.005108112934976816,False,True
6,BASE_x_P40,rec__ch3002_median_of_daily_median,7.23773553090723e-07,False,False
6,BASE_x_P40,rec__ch3002_p25_of_daily_median,6.601641507586464e-05,False,False
6,BASE_x_P40,rec__ch3002_p75_of_daily_median,0.00010571239545242861,False,False
6,BASE_x_P40,rec__ch3002_iqr_of_daily_median,0.0005934674991294742,False,False
6,BASE_x_P40,rec__ch3002_min_of_daily_min,0.0007725393516011536,False,False
6,BASE_x_P40,rec__ch3002_max_of_daily_max,0.002318425802513957,False,False
6,BASE_x_P40,rec__ch3002_range_of_daily_extremes,0.004676151089370251,False,False
6,BASE_x_P40,rec__ch3002_weekday_mean,0.0004521823429968208,False,True
6,BASE_x_P40,rec__ch3002_weekend_mean,0.0005073817446827888,False,True
6,BASE_x_P40,rec__ch3002_weekend_minus_weekday,0.002006124472245574,False,False
6,BASE_x_P40,rec__overall_events,0.0014354728627949953,False,False
6,BASE_x_P40,rec__overall_days,0.0010718319099396467,False,False
6,BASE_x_P40,rec__overall_span_days,0.001202849904075265,False,False
6,BASE_x_P40,rec__overall_adequate_channel_days,0.0006577527965418994,False,False
6,BASE_x_P40,rec__ch3000_minus_ch3001_mean,0.00944121927022934,False,True
6,BASE_x_P40,rec__ch3000_minus_ch3002_mean,0.013760830275714397,False,True
6,BASE_x_P40,rec__ch3000_tod_night,0.0018040452850982547,False,False
6,BASE_x_P40,rec__ch3000_tod_morning,0.01677634008228779,False,False
6,BASE_x_P40,rec__ch3000_tod_afternoon,0.003626725636422634,False,False
6,BASE_x_P40,rec__ch3000_tod_evening,0.0007283721351996064,False,False
6,BASE_x_P40,rec__ch3001_tod_night,0.007395055145025253,False,False
6,BASE_x_P40,rec__ch3001_tod_morning,0.0011948389001190662,False,False
6,BASE_x_P40,rec__ch3001_tod_afternoon,0.0008247586665675044,False,False
6,BASE_x_P40,rec__ch3001_tod_evening,0.0007345791673287749,False,False
6,BASE_x_P40,rec__ch3002_tod_night,0.004513883497565985,False,False
6,BASE_x_P40,rec__ch3002_tod_morning,0.000832250458188355,False,False
6,BASE_x_P40,rec__ch3002_tod_afternoon,0.0010235325898975134,False,False
6,BASE_x_P40,rec__ch3002_tod_evening,0.00033310853177681565,False,False
6,BASE_x_P40,win__ch3000_observed_days,1.7629448848310858e-05,False,False
6,BASE_x_P40,win__ch3000_adequate_days,0.0001375956053379923,False,False
6,BASE_x_P40,win__ch3000_events,0.001030284445732832,False,False
6,BASE_x_P40,win__ch3000_mean_cov_h,0.0013349353102967143,False,False
6,BASE_x_P40,win__ch3000_mean_hours,0.0002989264903590083,False,False
6,BASE_x_P40,win__ch3000_events_per_day,0.0007713411469012499,False,False
6,BASE_x_P40,win__ch3000_mean_of_daily_mean,0.000810901285149157,False,True
6,BASE_x_P40,win__ch3000_sd_of_daily_mean,0.00737912068143487,False,True
6,BASE_x_P40,win__ch3000_mean_of_daily_sd,0.0011792783625423908,False,True
6,BASE_x_P40,win__ch3000_median_of_daily_median,0.00015270491712726653,False,False
6,BASE_x_P40,win__ch3000_p25_of_daily_median,0.0022804145701229572,False,False
6,BASE_x_P40,win__ch3000_p75_of_daily_median,0.00025237337104044855,False,False
6,BASE_x_P40,win__ch3000_iqr_of_daily_median,0.0011669170344248414,False,False
6,BASE_x_P40,win__ch3000_min_of_daily_min,0.0020704695489257574,False,False
6,BASE_x_P40,win__ch3000_max_of_daily_max,0.0012968103401362896,False,False
6,BASE_x_P40,win__ch3000_range_of_daily_extremes,0.0022131239529699087,False,False
6,BASE_x_P40,win__ch3000_weekday_mean,0.010829082690179348,False,True
6,BASE_x_P40,win__ch3000_weekend_mean,0.0008236850262619555,False,True
6,BASE_x_P40,win__ch3000_weekend_minus_weekday,0.007701869122684002,False,False
6,BASE_x_P40,win__ch3001_observed_days,0.00124540482647717,False,False
6,BASE_x_P40,win__ch3001_adequate_days,0.0009352347115054727,False,False
6,BASE_x_P40,win__ch3001_events,0.0008903606212697923,False,False
6,BASE_x_P40,win__ch3001_span_days,0.00027220643823966384,False,False
6,BASE_x_P40,win__ch3001_mean_cov_h,0.0012913546524941921,False,False
6,BASE_x_P40,win__ch3001_mean_hours,0.00029293118859641254,False,False
6,BASE_x_P40,win__ch3001_events_per_day,0.00036336653283797204,False,False
6,BASE_x_P40,win__ch3001_mean_of_daily_mean,0.0001654153602430597,False,True
6,BASE_x_P40,win__ch3001_sd_of_daily_mean,0.002679102821275592,False,True
6,BASE_x_P40,win__ch3001_mean_of_daily_sd,0.003820511745288968,False,True
6,BASE_x_P40,win__ch3001_median_of_daily_median,7.448055112035945e-05,False,False
6,BASE_x_P40,win__ch3001_p25_of_daily_median,0.0003510285459924489,False,False
6,BASE_x_P40,win__ch3001_p75_of_daily_median,0.0002852889010682702,False,False
6,BASE_x_P40,win__ch3001_iqr_of_daily_median,0.001082644797861576,False,False
6,BASE_x_P40,win__ch3001_min_of_daily_min,0.002601355081424117,False,False
6,BASE_x_P40,win__ch3001_max_of_daily_max,0.001619996502995491,False,False
6,BASE_x_P40,win__ch3001_range_of_daily_extremes,0.0016526671824976802,False,False
6,BASE_x_P40,win__ch3001_weekday_mean,0.0003710938908625394,False,True
6,BASE_x_P40,win__ch3001_weekend_mean,0.0007646534941159189,False,True
6,BASE_x_P40,win__ch3001_weekend_minus_weekday,0.0028163520619273186,False,False
6,BASE_x_P40,win__ch3002_observed_days,0.0008725901716388762,False,False
6,BASE_x_P40,win__ch3002_adequate_days,0.0006633006269112229,False,False
6,BASE_x_P40,win__ch3002_events,0.0012632893631234765,False,False
6,BASE_x_P40,win__ch3002_span_days,0.0001607207814231515,False,False
6,BASE_x_P40,win__ch3002_mean_cov_h,0.0002788454294204712,False,False
6,BASE_x_P40,win__ch3002_mean_hours,0.0004595884820446372,False,False
6,BASE_x_P40,win__ch3002_events_per_day,0.0003178390325047076,False,False
6,BASE_x_P40,win__ch3002_mean_of_daily_mean,0.00037750526098534465,False,True
6,BASE_x_P40,win__ch3002_sd_of_daily_mean,0.0049920943565666676,False,True
6,BASE_x_P40,win__ch3002_mean_of_daily_sd,0.005903936456888914,False,True
6,BASE_x_P40,win__ch3002_median_of_daily_median,0.00030697346664965153,False,False
6,BASE_x_P40,win__ch3002_p25_of_daily_median,0.0016417244914919138,False,False
6,BASE_x_P40,win__ch3002_p75_of_daily_median,7.423084753099829e-05,False,False
6,BASE_x_P40,win__ch3002_iqr_of_daily_median,0.0020108777098357677,False,False
6,BASE_x_P40,win__ch3002_min_of_daily_min,0.0007091705338098109,False,False
6,BASE_x_P40,win__ch3002_max_of_daily_max,0.002520297421142459,False,False
6,BASE_x_P40,win__ch3002_range_of_daily_extremes,0.0030962242744863033,False,False
6,BASE_x_P40,win__ch3002_weekday_mean,0.0005307086976245046,False,True
6,BASE_x_P40,win__ch3002_weekend_mean,0.0006337232189252973,False,True
6,BASE_x_P40,win__ch3002_weekend_minus_weekday,0.005575289484113455,False,False
6,BASE_x_P40,win__overall_events,0.000791529135312885,False,False
6,BASE_x_P40,win__overall_days,0.0003414467500988394,False,False
6,BASE_x_P40,win__overall_adequate_channel_days,0.0013086769031360745,False,False
6,BASE_x_P40,win__ch3000_minus_ch3001_mean,0.0072445860132575035,False,True
6,BASE_x_P40,win__ch3000_minus_ch3002_mean,0.012274574488401413,False,True
6,BASE_x_P40,win__ch3000_tod_night,0.0010211344342678785,False,False
6,BASE_x_P40,win__ch3000_tod_morning,0.013336100615561008,False,False
6,BASE_x_P40,win__ch3000_tod_afternoon,0.0036982495803385973,False,False
6,BASE_x_P40,win__ch3000_tod_evening,0.0013613734627142549,False,False
6,BASE_x_P40,win__ch3001_tod_night,0.0007214621873572469,False,False
6,BASE_x_P40,win__ch3001_tod_morning,0.0009915215196087956,False,False
6,BASE_x_P40,win__ch3001_tod_afternoon,0.0008623675676062703,False,False
6,BASE_x_P40,win__ch3001_tod_evening,0.0005875859642401338,False,False
6,BASE_x_P40,win__ch3002_tod_night,0.002189496997743845,False,False
6,BASE_x_P40,win__ch3002_tod_morning,0.0010280016576871276,False,False
6,BASE_x_P40,win__ch3002_tod_afternoon,0.0008823189418762922,False,False
6,BASE_x_P40,win__ch3002_tod_evening,0.0008019995293579996,False,False
6,BASE_x_P40,roll_rec__ch3000_daily_hours_w30_max,0.0005778485210612416,False,False
6,BASE_x_P40,roll_rec__ch3000_daily_hours_w30_mean,0.00022672323393635452,False,True
6,BASE_x_P40,roll_rec__ch3000_daily_hours_w30_min,0.0008372965385206044,False,False
6,BASE_x_P40,roll_rec__ch3000_daily_hours_w30_sd,0.0017232152167707682,False,True
6,BASE_x_P40,roll_rec__ch3000_daily_hours_w30_slope,0.0013545502442866564,False,False
6,BASE_x_P40,roll_rec__ch3000_daily_hours_w7_max,0.0,False,False
6,BASE_x_P40,roll_rec__ch3000_daily_hours_w7_mean,0.0013258070684969425,False,True
6,BASE_x_P40,roll_rec__ch3000_daily_hours_w7_min,0.0018785533029586077,False,False
6,BASE_x_P40,roll_rec__ch3000_daily_hours_w7_sd,0.001250913250260055,False,True
6,BASE_x_P40,roll_rec__ch3000_daily_hours_w7_slope,0.002377847209572792,False,False
6,BASE_x_P40,roll_rec__ch3000_daily_mean_w30_max,0.002304959110915661,False,False
6,BASE_x_P40,roll_rec__ch3000_daily_mean_w30_mean,0.001747062779031694,False,True
6,BASE_x_P40,roll_rec__ch3000_daily_mean_w30_min,0.002748328959569335,False,False
6,BASE_x_P40,roll_rec__ch3000_daily_mean_w30_sd,0.0011922824196517467,False,True
6,BASE_x_P40,roll_rec__ch3000_daily_mean_w30_slope,0.0016363421455025673,False,False
6,BASE_x_P40,roll_rec__ch3000_daily_mean_w7_max,0.002017138758674264,False,False
6,BASE_x_P40,roll_rec__ch3000_daily_mean_w7_mean,0.0013363462639972568,False,True
6,BASE_x_P40,roll_rec__ch3000_daily_mean_w7_min,0.000884608831256628,False,False
6,BASE_x_P40,roll_rec__ch3000_daily_mean_w7_sd,0.0017109548207372427,False,True
6,BASE_x_P40,roll_rec__ch3000_daily_mean_w7_slope,0.0005297685856930912,False,False
6,BASE_x_P40,roll_rec__ch3000_daily_median_w30_max,0.0005272303242236376,False,False
6,BASE_x_P40,roll_rec__ch3000_daily_median_w30_mean,0.0008055568905547261,False,True
6,BASE_x_P40,roll_rec__ch3000_daily_median_w30_min,0.0011650287779048085,False,False
6,BASE_x_P40,roll_rec__ch3000_daily_median_w30_sd,0.001682113390415907,False,True
6,BASE_x_P40,roll_rec__ch3000_daily_median_w30_slope,0.0009411447681486607,False,False
6,BASE_x_P40,roll_rec__ch3000_daily_median_w7_max,0.0006072730757296085,False,False
6,BASE_x_P40,roll_rec__ch3000_daily_median_w7_mean,0.0004005191149190068,False,True
6,BASE_x_P40,roll_rec__ch3000_daily_median_w7_min,0.0008341000066138804,False,False
6,BASE_x_P40,roll_rec__ch3000_daily_median_w7_sd,0.0012915367260575294,False,True
6,BASE_x_P40,roll_rec__ch3000_daily_median_w7_slope,0.0009915680857375264,False,False
6,BASE_x_P40,roll_rec__ch3000_daily_sd_w30_max,0.0014935553772374988,False,False
6,BASE_x_P40,roll_rec__ch3000_daily_sd_w30_mean,0.001095271436497569,False,True
6,BASE_x_P40,roll_rec__ch3000_daily_sd_w30_min,0.002509837970137596,False,False
6,BASE_x_P40,roll_rec__ch3000_daily_sd_w30_sd,0.0028448516968637705,False,True
6,BASE_x_P40,roll_rec__ch3000_daily_sd_w30_slope,0.0018364444840699434,False,False
6,BASE_x_P40,roll_rec__ch3000_daily_sd_w7_max,0.0015309002483263612,False,False
6,BASE_x_P40,roll_rec__ch3000_daily_sd_w7_mean,0.0008864803821779788,False,True
6,BASE_x_P40,roll_rec__ch3000_daily_sd_w7_min,0.0020889437291771173,False,False
6,BASE_x_P40,roll_rec__ch3000_daily_sd_w7_sd,0.0018480675062164664,False,True
6,BASE_x_P40,roll_rec__ch3000_daily_sd_w7_slope,0.002683113096281886,False,False
6,BASE_x_P40,roll_rec__ch3001_daily_hours_w30_max,0.002181977266445756,False,False
6,BASE_x_P40,roll_rec__ch3001_daily_hours_w30_mean,0.00039023978752084076,False,True
6,BASE_x_P40,roll_rec__ch3001_daily_hours_w30_min,0.0003199381462763995,False,False
6,BASE_x_P40,roll_rec__ch3001_daily_hours_w30_sd,0.003182461019605398,False,True
6,BASE_x_P40,roll_rec__ch3001_daily_hours_w30_slope,0.00243148161098361,False,False
6,BASE_x_P40,roll_rec__ch3001_daily_hours_w7_max,0.0012779822573065758,False,False
6,BASE_x_P40,roll_rec__ch3001_daily_hours_w7_mean,0.0012611133279278874,False,True
6,BASE_x_P40,roll_rec__ch3001_daily_hours_w7_min,0.0011029040906578302,False,False
6,BASE_x_P40,roll_rec__ch3001_daily_hours_w7_sd,0.004130579996854067,False,True
6,BASE_x_P40,roll_rec__ch3001_daily_hours_w7_slope,0.0026763910427689552,False,False
6,BASE_x_P40,roll_rec__ch3001_daily_mean_w30_max,0.0010872354032471776,False,False
6,BASE_x_P40,roll_rec__ch3001_daily_mean_w30_mean,0.00044847355457022786,False,True
6,BASE_x_P40,roll_rec__ch3001_daily_mean_w30_min,0.0005398454959504306,False,False
6,BASE_x_P40,roll_rec__ch3001_daily_mean_w30_sd,0.0009150542900897563,False,True
6,BASE_x_P40,roll_rec__ch3001_daily_mean_w30_slope,0.0013079667696729302,False,False
6,BASE_x_P40,roll_rec__ch3001_daily_mean_w7_max,0.0007440613699145615,False,False
6,BASE_x_P40,roll_rec__ch3001_daily_mean_w7_mean,0.0001625985896680504,False,True
6,BASE_x_P40,roll_rec__ch3001_daily_mean_w7_min,0.0007457919418811798,False,False
6,BASE_x_P40,roll_rec__ch3001_daily_mean_w7_sd,0.0010115922195836902,False,True
6,BASE_x_P40,roll_rec__ch3001_daily_mean_w7_slope,0.0010033485013991594,False,False
6,BASE_x_P40,roll_rec__ch3001_daily_median_w30_max,0.0004990927409380674,False,False
6,BASE_x_P40,roll_rec__ch3001_daily_median_w30_mean,0.0001777449797373265,False,True
6,BASE_x_P40,roll_rec__ch3001_daily_median_w30_min,0.0007698065019212663,False,False
6,BASE_x_P40,roll_rec__ch3001_daily_median_w30_sd,0.001454599667340517,False,True
6,BASE_x_P40,roll_rec__ch3001_daily_median_w30_slope,0.0011642504250630736,False,False
6,BASE_x_P40,roll_rec__ch3001_daily_median_w7_max,0.001066876109689474,False,False
6,BASE_x_P40,roll_rec__ch3001_daily_median_w7_mean,0.00032408570405095816,False,True
6,BASE_x_P40,roll_rec__ch3001_daily_median_w7_min,0.000894676020834595,False,False
6,BASE_x_P40,roll_rec__ch3001_daily_median_w7_sd,0.0015170978149399161,False,True
6,BASE_x_P40,roll_rec__ch3001_daily_median_w7_slope,0.001056972425431013,False,False
6,BASE_x_P40,roll_rec__ch3001_daily_sd_w30_max,0.005132159683853388,False,False
6,BASE_x_P40,roll_rec__ch3001_daily_sd_w30_mean,0.006580161862075329,False,True
6,BASE_x_P40,roll_rec__ch3001_daily_sd_w30_min,0.001954719191417098,False,False
6,BASE_x_P40,roll_rec__ch3001_daily_sd_w30_sd,0.0022228071466088295,False,True
6,BASE_x_P40,roll_rec__ch3001_daily_sd_w30_slope,0.0024060707073658705,False,False
6,BASE_x_P40,roll_rec__ch3001_daily_sd_w7_max,0.014837667346000671,False,False
6,BASE_x_P40,roll_rec__ch3001_daily_sd_w7_mean,0.004992806352674961,False,True
6,BASE_x_P40,roll_rec__ch3001_daily_sd_w7_min,0.0026523598935455084,False,False
6,BASE_x_P40,roll_rec__ch3001_daily_sd_w7_sd,0.004491068422794342,False,True
6,BASE_x_P40,roll_rec__ch3001_daily_sd_w7_slope,0.0020948960445821285,False,False
6,BASE_x_P40,roll_rec__ch3002_daily_hours_w30_max,0.001652659964747727,False,False
6,BASE_x_P40,roll_rec__ch3002_daily_hours_w30_mean,0.0005837942590005696,False,True
6,BASE_x_P40,roll_rec__ch3002_daily_hours_w30_min,0.0017176109831780195,False,False
6,BASE_x_P40,roll_rec__ch3002_daily_hours_w30_sd,0.001803810941055417,False,True
6,BASE_x_P40,roll_rec__ch3002_daily_hours_w30_slope,0.0019423917401582003,False,False
6,BASE_x_P40,roll_rec__ch3002_daily_hours_w7_max,0.0015289332950487733,False,False
6,BASE_x_P40,roll_rec__ch3002_daily_hours_w7_mean,0.0007439625333063304,False,True
6,BASE_x_P40,roll_rec__ch3002_daily_hours_w7_min,0.001029032515361905,False,False
6,BASE_x_P40,roll_rec__ch3002_daily_hours_w7_sd,0.0026329881511628628,False,True
6,BASE_x_P40,roll_rec__ch3002_daily_hours_w7_slope,0.0022579114884138107,False,False
6,BASE_x_P40,roll_rec__ch3002_daily_mean_w30_max,0.0005796795012429357,False,False
6,BASE_x_P40,roll_rec__ch3002_daily_mean_w30_mean,0.0001940924412338063,False,True
6,BASE_x_P40,roll_rec__ch3002_daily_mean_w30_min,0.00027020240668207407,False,False
6,BASE_x_P40,roll_rec__ch3002_daily_mean_w30_sd,0.001211858238093555,False,True
6,BASE_x_P40,roll_rec__ch3002_daily_mean_w30_slope,0.0007846045773476362,False,False
6,BASE_x_P40,roll_rec__ch3002_daily_mean_w7_max,0.0010050288401544094,False,False
6,BASE_x_P40,roll_rec__ch3002_daily_mean_w7_mean,8.927817543735728e-05,False,True
6,BASE_x_P40,roll_rec__ch3002_daily_mean_w7_min,0.0012078640284016728,False,False
6,BASE_x_P40,roll_rec__ch3002_daily_mean_w7_sd,0.0012624936643987894,False,True
6,BASE_x_P40,roll_rec__ch3002_daily_mean_w7_slope,0.001401273300871253,False,False
6,BASE_x_P40,roll_rec__ch3002_daily_median_w30_max,0.000611462804954499,False,False
6,BASE_x_P40,roll_rec__ch3002_daily_median_w30_mean,0.0002266585361212492,False,True
6,BASE_x_P40,roll_rec__ch3002_daily_median_w30_min,0.0006979596801102161,False,False
6,BASE_x_P40,roll_rec__ch3002_daily_median_w30_sd,0.0012455740943551064,False,True
6,BASE_x_P40,roll_rec__ch3002_daily_median_w30_slope,0.0019209671299904585,False,False
6,BASE_x_P40,roll_rec__ch3002_daily_median_w7_max,0.0007022576173767447,False,False
6,BASE_x_P40,roll_rec__ch3002_daily_median_w7_mean,0.0002534958766773343,False,True
6,BASE_x_P40,roll_rec__ch3002_daily_median_w7_min,0.0016078787157312036,False,False
6,BASE_x_P40,roll_rec__ch3002_daily_median_w7_sd,0.0009606574894860387,False,True
6,BASE_x_P40,roll_rec__ch3002_daily_median_w7_slope,0.00126663560513407,False,False
6,BASE_x_P40,roll_rec__ch3002_daily_sd_w30_max,0.002405166858807206,False,False
6,BASE_x_P40,roll_rec__ch3002_daily_sd_w30_mean,0.005076266825199127,False,True
6,BASE_x_P40,roll_rec__ch3002_daily_sd_w30_min,0.0011862263781949878,False,False
6,BASE_x_P40,roll_rec__ch3002_daily_sd_w30_sd,0.0014964956790208817,False,True
6,BASE_x_P40,roll_rec__ch3002_daily_sd_w30_slope,0.002765835030004382,False,False
6,BASE_x_P40,roll_rec__ch3002_daily_sd_w7_max,0.009459154680371284,False,False
6,BASE_x_P40,roll_rec__ch3002_daily_sd_w7_mean,0.003271872876212001,False,True
6,BASE_x_P40,roll_rec__ch3002_daily_sd_w7_min,0.0018028371268883348,False,False
6,BASE_x_P40,roll_rec__ch3002_daily_sd_w7_sd,0.005440120585262775,False,True
6,BASE_x_P40,roll_rec__ch3002_daily_sd_w7_slope,0.002345398999750614,False,False
6,BASE_x_P40,roll_win__ch3000_daily_hours_w30_max,0.0010570603189989924,False,False
6,BASE_x_P40,roll_win__ch3000_daily_hours_w30_mean,0.0003364656586199999,False,True
6,BASE_x_P40,roll_win__ch3000_daily_hours_w30_min,0.0005835927440784872,False,False
6,BASE_x_P40,roll_win__ch3000_daily_hours_w30_sd,0.0026925138663500547,False,True
6,BASE_x_P40,roll_win__ch3000_daily_hours_w30_slope,0.0040298812091350555,False,False
6,BASE_x_P40,roll_win__ch3000_daily_hours_w7_max,8.151914516929537e-05,False,False
6,BASE_x_P40,roll_win__ch3000_daily_hours_w7_mean,0.0010999026708304882,False,True
6,BASE_x_P40,roll_win__ch3000_daily_hours_w7_min,0.0011167918564751744,False,False
6,BASE_x_P40,roll_win__ch3000_daily_hours_w7_sd,0.0020651984959840775,False,True
6,BASE_x_P40,roll_win__ch3000_daily_hours_w7_slope,0.0037918309681117535,False,False
6,BASE_x_P40,roll_win__ch3000_daily_mean_w30_max,0.0013363519683480263,False,False
6,BASE_x_P40,roll_win__ch3000_daily_mean_w30_mean,0.0007890553097240627,False,True
6,BASE_x_P40,roll_win__ch3000_daily_mean_w30_min,0.0007214059587568045,False,False
6,BASE_x_P40,roll_win__ch3000_daily_mean_w30_sd,0.0017818222986534238,False,True
6,BASE_x_P40,roll_win__ch3000_daily_mean_w30_slope,0.0030989437364041805,False,False
6,BASE_x_P40,roll_win__ch3000_daily_mean_w7_max,0.002015167847275734,False,False
6,BASE_x_P40,roll_win__ch3000_daily_mean_w7_mean,0.0005830947775393724,False,True
6,BASE_x_P40,roll_win__ch3000_daily_mean_w7_min,0.004052657168358564,False,False
6,BASE_x_P40,roll_win__ch3000_daily_mean_w7_sd,0.0013942936202511191,False,True
6,BASE_x_P40,roll_win__ch3000_daily_mean_w7_slope,0.0015480127185583115,False,False
6,BASE_x_P40,roll_win__ch3000_daily_median_w30_max,0.000572793825995177,False,False
6,BASE_x_P40,roll_win__ch3000_daily_median_w30_mean,0.0005300586926750839,False,True
6,BASE_x_P40,roll_win__ch3000_daily_median_w30_min,0.000976548355538398,False,False
6,BASE_x_P40,roll_win__ch3000_daily_median_w30_sd,0.0011216053972020745,False,True
6,BASE_x_P40,roll_win__ch3000_daily_median_w30_slope,0.0014070869656279683,False,False
6,BASE_x_P40,roll_win__ch3000_daily_median_w7_max,0.0005009121377952397,False,False
6,BASE_x_P40,roll_win__ch3000_daily_median_w7_mean,0.00032650947105139494,False,True
6,BASE_x_P40,roll_win__ch3000_daily_median_w7_min,0.0005225063068792224,False,False
6,BASE_x_P40,roll_win__ch3000_daily_median_w7_sd,0.002396445954218507,False,True
6,BASE_x_P40,roll_win__ch3000_daily_median_w7_slope,0.0013233865611255169,False,False
6,BASE_x_P40,roll_win__ch3000_daily_sd_w30_max,0.0015241079963743687,False,False
6,BASE_x_P40,roll_win__ch3000_daily_sd_w30_mean,0.0009774137288331985,False,True
6,BASE_x_P40,roll_win__ch3000_daily_sd_w30_min,0.0010986366542056203,False,False
6,BASE_x_P40,roll_win__ch3000_daily_sd_w30_sd,0.0025534338783472776,False,True
6,BASE_x_P40,roll_win__ch3000_daily_sd_w30_slope,0.0020710716489702463,False,False
6,BASE_x_P40,roll_win__ch3000_daily_sd_w7_max,0.0015326248249039054,False,False
6,BASE_x_P40,roll_win__ch3000_daily_sd_w7_mean,0.000656178395729512,False,True
6,BASE_x_P40,roll_win__ch3000_daily_sd_w7_min,0.0025718326214700937,False,False
6,BASE_x_P40,roll_win__ch3000_daily_sd_w7_sd,0.002950753550976515,False,True
6,BASE_x_P40,roll_win__ch3000_daily_sd_w7_slope,0.002911604940891266,False,False
6,BASE_x_P40,roll_win__ch3001_daily_hours_w30_max,0.0007345368503592908,False,False
6,BASE_x_P40,roll_win__ch3001_daily_hours_w30_mean,0.0005522267310880125,False,True
6,BASE_x_P40,roll_win__ch3001_daily_hours_w30_min,0.0015521912137046456,False,False
6,BASE_x_P40,roll_win__ch3001_daily_hours_w30_sd,0.0026069891173392534,False,True
6,BASE_x_P40,roll_win__ch3001_daily_hours_w30_slope,0.0014310164842754602,False,False
6,BASE_x_P40,roll_win__ch3001_daily_hours_w7_max,0.0015598076861351728,False,False
6,BASE_x_P40,roll_win__ch3001_daily_hours_w7_mean,0.0007336072158068419,False,True
6,BASE_x_P40,roll_win__ch3001_daily_hours_w7_min,0.002007771749049425,False,False
6,BASE_x_P40,roll_win__ch3001_daily_hours_w7_sd,0.00522653991356492,False,True
6,BASE_x_P40,roll_win__ch3001_daily_hours_w7_slope,0.0019113157177343965,False,False
6,BASE_x_P40,roll_win__ch3001_daily_mean_w30_max,0.0003322956326883286,False,False
6,BASE_x_P40,roll_win__ch3001_daily_mean_w30_mean,0.0006042613531462848,False,True
6,BASE_x_P40,roll_win__ch3001_daily_mean_w30_min,0.0006274247425608337,False,False
6,BASE_x_P40,roll_win__ch3001_daily_mean_w30_sd,0.0009672780288383365,False,True
6,BASE_x_P40,roll_win__ch3001_daily_mean_w30_slope,0.0017283103661611676,False,False
6,BASE_x_P40,roll_win__ch3001_daily_mean_w7_max,0.0007195223588496447,False,False
6,BASE_x_P40,roll_win__ch3001_daily_mean_w7_mean,0.0006105937063694,False,True
6,BASE_x_P40,roll_win__ch3001_daily_mean_w7_min,0.0006200878997333348,False,False
6,BASE_x_P40,roll_win__ch3001_daily_mean_w7_sd,0.0014919514069333673,False,True
6,BASE_x_P40,roll_win__ch3001_daily_mean_w7_slope,0.0010868578683584929,False,False
6,BASE_x_P40,roll_win__ch3001_daily_median_w30_max,0.0005906397709622979,False,False
6,BASE_x_P40,roll_win__ch3001_daily_median_w30_mean,0.0003978766908403486,False,True
6,BASE_x_P40,roll_win__ch3001_daily_median_w30_min,0.000690765562467277,False,False
6,BASE_x_P40,roll_win__ch3001_daily_median_w30_sd,0.001377033069729805,False,True
6,BASE_x_P40,roll_win__ch3001_daily_median_w30_slope,0.0016192023176699877,False,False
6,BASE_x_P40,roll_win__ch3001_daily_median_w7_max,0.0007943206583149731,False,False
6,BASE_x_P40,roll_win__ch3001_daily_median_w7_mean,0.00016214042261708528,False,True
6,BASE_x_P40,roll_win__ch3001_daily_median_w7_min,0.00044368879753164947,False,False
6,BASE_x_P40,roll_win__ch3001_daily_median_w7_sd,0.0012389952316880226,False,True
6,BASE_x_P40,roll_win__ch3001_daily_median_w7_slope,0.001519864541478455,False,False
6,BASE_x_P40,roll_win__ch3001_daily_sd_w30_max,0.004645258188247681,False,False
6,BASE_x_P40,roll_win__ch3001_daily_sd_w30_mean,0.009248464368283749,False,True
6,BASE_x_P40,roll_win__ch3001_daily_sd_w30_min,0.0022814879193902016,False,False
6,BASE_x_P40,roll_win__ch3001_daily_sd_w30_sd,0.0016095140017569065,False,True
6,BASE_x_P40,roll_win__ch3001_daily_sd_w30_slope,0.0033046817407011986,False,False
6,BASE_x_P40,roll_win__ch3001_daily_sd_w7_max,0.0028608108405023813,False,False
6,BASE_x_P40,roll_win__ch3001_daily_sd_w7_mean,0.005083712749183178,False,True
6,BASE_x_P40,roll_win__ch3001_daily_sd_w7_min,0.0017781321657821536,False,False
6,BASE_x_P40,roll_win__ch3001_daily_sd_w7_sd,0.004010731354355812,False,True
6,BASE_x_P40,roll_win__ch3001_daily_sd_w7_slope,0.0035739033482968807,False,False
6,BASE_x_P40,roll_win__ch3002_daily_hours_w30_max,7.220015686471015e-05,False,False
6,BASE_x_P40,roll_win__ch3002_daily_hours_w30_mean,0.000831219251267612,False,True
6,BASE_x_P40,roll_win__ch3002_daily_hours_w30_min,0.001738105434924364,False,False
6,BASE_x_P40,roll_win__ch3002_daily_hours_w30_sd,0.0043207379058003426,False,True
6,BASE_x_P40,roll_win__ch3002_daily_hours_w30_slope,0.0020423862151801586,False,False
6,BASE_x_P40,roll_win__ch3002_daily_hours_w7_max,0.0014974229270592332,False,False
6,BASE_x_P40,roll_win__ch3002_daily_hours_w7_mean,0.0010936520993709564,False,True
6,BASE_x_P40,roll_win__ch3002_daily_hours_w7_min,0.0011937611270695925,False,False
6,BASE_x_P40,roll_win__ch3002_daily_hours_w7_sd,0.0053145443089306355,False,True
6,BASE_x_P40,roll_win__ch3002_daily_hours_w7_slope,0.001661894260905683,False,False
6,BASE_x_P40,roll_win__ch3002_daily_mean_w30_max,0.0008152653463184834,False,False
6,BASE_x_P40,roll_win__ch3002_daily_mean_w30_mean,0.0006141312187537551,False,True
6,BASE_x_P40,roll_win__ch3002_daily_mean_w30_min,0.0006828940822742879,False,False
6,BASE_x_P40,roll_win__ch3002_daily_mean_w30_sd,0.0009581929771229625,False,True
6,BASE_x_P40,roll_win__ch3002_daily_mean_w30_slope,0.0018134871497750282,False,False
6,BASE_x_P40,roll_win__ch3002_daily_mean_w7_max,0.0007291412330232561,False,False
6,BASE_x_P40,roll_win__ch3002_daily_mean_w7_mean,0.0003071417158935219,False,True
6,BASE_x_P40,roll_win__ch3002_daily_mean_w7_min,0.0008759420597925782,False,False
6,BASE_x_P40,roll_win__ch3002_daily_mean_w7_sd,0.0013900899793952703,False,True
6,BASE_x_P40,roll_win__ch3002_daily_mean_w7_slope,0.001990711549296975,False,False
6,BASE_x_P40,roll_win__ch3002_daily_median_w30_max,0.000942314334679395,False,False
6,BASE_x_P40,roll_win__ch3002_daily_median_w30_mean,0.0005835480405949056,False,True
6,BASE_x_P40,roll_win__ch3002_daily_median_w30_min,0.0005468788440339267,False,False
6,BASE_x_P40,roll_win__ch3002_daily_median_w30_sd,0.0015587154775857925,False,True
6,BASE_x_P40,roll_win__ch3002_daily_median_w30_slope,0.001192406751215458,False,False
6,BASE_x_P40,roll_win__ch3002_daily_median_w7_max,0.0009841795545071363,False,False
6,BASE_x_P40,roll_win__ch3002_daily_median_w7_mean,0.00018580952018965036,False,True
6,BASE_x_P40,roll_win__ch3002_daily_median_w7_min,0.00042653712444007397,False,False
6,BASE_x_P40,roll_win__ch3002_daily_median_w7_sd,0.001466441317461431,False,True
6,BASE_x_P40,roll_win__ch3002_daily_median_w7_slope,0.0015008129412308335,False,False
6,BASE_x_P40,roll_win__ch3002_daily_sd_w30_max,0.0019843829795718193,False,False
6,BASE_x_P40,roll_win__ch3002_daily_sd_w30_mean,0.0029429818969219923,False,True
6,BASE_x_P40,roll_win__ch3002_daily_sd_w30_min,0.0013936404138803482,False,False
6,BASE_x_P40,roll_win__ch3002_daily_sd_w30_sd,0.0017882253741845489,False,True
6,BASE_x_P40,roll_win__ch3002_daily_sd_w30_slope,0.0016651368932798505,False,False
6,BASE_x_P40,roll_win__ch3002_daily_sd_w7_max,0.001933806692250073,False,False
6,BASE_x_P40,roll_win__ch3002_daily_sd_w7_mean,0.0018543268088251352,False,True
6,BASE_x_P40,roll_win__ch3002_daily_sd_w7_min,0.0022836143616586924,False,False
6,BASE_x_P40,roll_win__ch3002_daily_sd_w7_sd,0.004910919815301895,False,True
6,BASE_x_P40,roll_win__ch3002_daily_sd_w7_slope,0.002165102167055011,False,False
6,BASE_x_P40,cosinor_M_mean,0.0026518928352743387,False,True
6,BASE_x_P40,cosinor_A1_mean,0.0020080525428056717,False,True
6,BASE_x_P40,cosinor_A2_mean,0.0008218672592192888,False,True
6,BASE_x_P40,cosinor_A3_mean,0.0032322786282747984,False,True
6,BASE_x_P40,cosinor_acro_h_mean,0.004787885118275881,False,True
6,BASE_x_P40,cosinor_resid_sd_mean,0.009121246635913849,False,True
6,BASE_x_P40,curve_night_mean_mean,0.000560304441023618,False,True
6,BASE_x_P40,curve_morning_slope_mean,0.0025887128431349993,False,True
6,BASE_x_P40,curve_day_night_contrast_mean,0.001999571220949292,False,True
6,BASE_x_P40,curve_range_mean,0.0014975571539252996,False,True
6,BASE_x_P40,curve_entropy_mean,0.0022095018066465855,False,True
6,BASE_x_P40,hour_h0_mean,0.001218685181811452,False,True
6,BASE_x_P40,hour_h1_mean,0.0014188203494995832,False,True
6,BASE_x_P40,hour_h2_mean,0.003415091196075082,False,True
6,BASE_x_P40,hour_h3_mean,0.001891672145575285,False,True
6,BASE_x_P40,hour_h4_mean,0.0035299931187182665,False,True
6,BASE_x_P40,hour_h5_mean,0.001574561931192875,False,True
6,BASE_x_P40,hour_h6_mean,0.0033531219232827425,False,True
6,BASE_x_P40,hour_h7_mean,0.003166578710079193,False,True
6,BASE_x_P40,hour_h8_mean,0.014105575159192085,False,True
6,BASE_x_P40,hour_h9_mean,0.009920175187289715,False,True
6,BASE_x_P40,hour_h10_mean,0.005760303232818842,False,True
6,BASE_x_P40,hour_h11_mean,0.003948134370148182,False,True
6,BASE_x_P40,hour_h12_mean,0.00316559593193233,False,True
6,BASE_x_P40,hour_h13_mean,0.0036968248896300793,False,True
6,BASE_x_P40,hour_h14_mean,0.0033925953321158886,False,True
6,BASE_x_P40,hour_h15_mean,0.0022217254154384136,False,True
6,BASE_x_P40,hour_h16_mean,0.002994628855958581,False,True
6,BASE_x_P40,hour_h17_mean,0.003091848688200116,False,True
6,BASE_x_P40,hour_h18_mean,0.002008010633289814,False,True
6,BASE_x_P40,hour_h19_mean,0.001338805304840207,False,True
6,BASE_x_P40,hour_h20_mean,0.001549675827845931,False,True
6,BASE_x_P40,hour_h21_mean,0.0019013811834156513,False,True
6,BASE_x_P40,hour_h22_mean,0.0013581141829490662,False,True
6,BASE_x_P40,hour_h23_mean,0.0017931389156728983,False,True
6,BASE_x_P40,cosinor_M_sd,0.0016165664419531822,False,True
6,BASE_x_P40,cosinor_A1_sd,0.002651659306138754,False,True
6,BASE_x_P40,cosinor_A2_sd,0.0012024532770738006,False,True
6,BASE_x_P40,cosinor_A3_sd,0.0022586912382394075,False,True
6,BASE_x_P40,cosinor_acro_h_sd,0.0024908012710511684,False,True
6,BASE_x_P40,cosinor_resid_sd_sd,0.002669056411832571,False,True
6,BASE_x_P40,curve_night_mean_sd,0.0024227523244917393,False,True
6,BASE_x_P40,curve_morning_slope_sd,0.002086786087602377,False,True
6,BASE_x_P40,curve_day_night_contrast_sd,0.014159724116325378,False,True
6,BASE_x_P40,curve_range_sd,0.01020022388547659,False,True
6,BASE_x_P40,curve_entropy_sd,0.002797177294269204,False,True
6,BASE_x_P40,hour_h0_sd,0.001879183342680335,False,True
6,BASE_x_P40,hour_h1_sd,0.0017442174721509218,False,True
6,BASE_x_P40,hour_h2_sd,0.001302013173699379,False,True
6,BASE_x_P40,hour_h3_sd,0.0025233901105821133,False,True
6,BASE_x_P40,hour_h4_sd,0.0025908048264682293,False,True
6,BASE_x_P40,hour_h5_sd,0.003686778713017702,False,True
6,BASE_x_P40,hour_h6_sd,0.003150339238345623,False,True
6,BASE_x_P40,hour_h7_sd,0.0041956473141908646,False,True
6,BASE_x_P40,hour_h8_sd,0.003918570000678301,False,True
6,BASE_x_P40,hour_h9_sd,0.0028717650566250086,False,True
6,BASE_x_P40,hour_h10_sd,0.001015707035548985,False,True
6,BASE_x_P40,hour_h11_sd,0.0028175392653793097,False,True
6,BASE_x_P40,hour_h12_sd,0.0027239834889769554,False,True
6,BASE_x_P40,hour_h13_sd,0.0020786456298083067,False,True
6,BASE_x_P40,hour_h14_sd,0.002726667793467641,False,True
6,BASE_x_P40,hour_h15_sd,0.002029704861342907,False,True
6,BASE_x_P40,hour_h16_sd,0.0026404729578644037,False,True
6,BASE_x_P40,hour_h17_sd,0.003153689205646515,False,True
6,BASE_x_P40,hour_h18_sd,0.0036405373830348253,False,True
6,BASE_x_P40,hour_h19_sd,0.0026308700907975435,False,True
6,BASE_x_P40,hour_h20_sd,0.004049828741699457,False,True
6,BASE_x_P40,hour_h21_sd,0.002811688231304288,False,True
6,BASE_x_P40,hour_h22_sd,0.002847208408638835,False,True
6,BASE_x_P40,hour_h23_sd,0.0018277233466506004,False,True
6,BASE_x_P40,curve_night_mean_wd,0.0015710863517597318,False,True
6,BASE_x_P40,curve_morning_slope_wd,0.0021473870147019625,False,True
6,BASE_x_P40,curve_day_night_contrast_wd,0.0017999176634475589,False,True
6,BASE_x_P40,curve_range_wd,0.0023970636539161205,False,True
6,BASE_x_P40,curve_entropy_wd,0.00204153242520988,False,True
6,BASE_x_P40,curve_night_mean_we,0.001146756811067462,False,True
6,BASE_x_P40,curve_morning_slope_we,0.0026091360487043858,False,True
6,BASE_x_P40,curve_day_night_contrast_we,0.0014722661580890417,False,True
6,BASE_x_P40,curve_range_we,0.002207755809649825,False,True
6,BASE_x_P40,curve_entropy_we,0.0017752463463693857,False,True
6,BASE_x_P40,curve_night_mean_wd_diff,0.003572884015738964,False,True
6,BASE_x_P40,curve_morning_slope_wd_diff,0.003353352192789316,False,True
6,BASE_x_P40,curve_day_night_contrast_wd_diff,0.0022789067588746548,False,True
6,BASE_x_P40,curve_range_wd_diff,0.0034294305369257927,False,True
6,BASE_x_P40,curve_entropy_wd_diff,0.0034328687470406294,False,True
6,BASE_x_P40,demo__age_group=Elderly,0.0022868134547024965,False,False
6,BASE_x_P40,demo__age_group=Middle Ager,0.00023535209766123444,False,False
6,BASE_x_P40,demo__age_group=Young Adults,0.0003439122228883207,False,False
6,BASE_x_P40,demo__bmi_grp=normal,0.0003857509873341769,False,False
6,BASE_x_P40,demo__bmi_grp=obese,1.5039924619486555e-05,False,False
6,BASE_x_P40,demo__bmi_grp=overweight,0.0006715778145007789,False,False
7,C40,d_ch3000_mean,0.04961669072508812,False,True
7,C40,d_ch3000_median,0.0166990477591753,False,False
7,C40,d_ch3000_sd,0.017774300649762154,False,True
7,C40,d_ch3000_vmin,0.04090951755642891,False,False
7,C40,d_ch3000_vmax,0.017520181834697723,False,False
7,C40,d_ch3000_n,0.012821521610021591,False,False
7,C40,d_ch3000_cov_h,0.012084520421922207,False,False
7,C40,d_ch3000_hours,0.0019036784069612622,False,False
7,C40,d_ch3001_mean,0.008743634447455406,False,True
7,C40,d_ch3001_median,0.0040517086163163185,False,False
7,C40,d_ch3001_sd,0.013308282010257244,False,True
7,C40,d_ch3001_vmin,0.004943702835589647,False,False
7,C40,d_ch3001_vmax,0.009628062136471272,False,False
7,C40,d_ch3001_n,0.00793465320020914,False,False
7,C40,d_ch3001_cov_h,0.008108522742986679,False,False
7,C40,d_ch3001_hours,0.001976921921595931,False,False
7,C40,d_ch3002_mean,0.00853457860648632,False,True
7,C40,d_ch3002_median,0.005468848627060652,False,False
7,C40,d_ch3002_sd,0.010161442682147026,False,True
7,C40,d_ch3002_vmin,0.004501962102949619,False,False
7,C40,d_ch3002_vmax,0.006066290196031332,False,False
7,C40,d_ch3002_n,0.001967059215530753,False,False
7,C40,d_ch3002_cov_h,0.0018988257506862283,False,False
7,C40,d_ch3002_hours,0.0020216559059917927,False,False
7,C40,d_gap_3000_3001_mean,0.010934055782854557,False,True
7,C40,d_gap_3000_3002_mean,0.012749372981488705,False,True
7,C40,d_gap_3000_3001_sd,0.01514430157840252,False,True
7,C40,d_gap_3000_3002_sd,0.01076846569776535,False,True
7,C40,d_is_weekend,0.0016286064637824893,False,False
7,C40,cosinor_M,0.01614658534526825,True,False
7,C40,cosinor_A1,0.015692247077822685,True,False
7,C40,cosinor_A2,0.017476029694080353,True,False
7,C40,cosinor_A3,0.01779770664870739,True,False
7,C40,cosinor_acro_h,0.013633603230118752,True,False
7,C40,cosinor_resid_sd,0.015612843446433544,True,True
7,C40,curve_night_mean,0.024525420740246773,True,True
7,C40,curve_morning_slope,0.01836339198052883,True,False
7,C40,curve_day_night_contrast,0.014334017410874367,True,False
7,C40,curve_range,0.017844688147306442,True,False
7,C40,curve_entropy,0.018284333869814873,True,False
7,C40,hour_h0,0.016768688336014748,True,False
7,C40,hour_h1,0.014800679869949818,True,False
7,C40,hour_h2,0.018284255638718605,True,False
7,C40,hour_h3,0.024682844057679176,True,False
7,C40,hour_h4,0.027030276134610176,True,False
7,C40,hour_h5,0.020693447440862656,True,False
7,C40,hour_h6,0.027534060180187225,True,False
7,C40,hour_h7,0.025902781635522842,True,False
7,C40,hour_h8,0.023546786978840828,True,False
7,C40,hour_h9,0.021105138584971428,True,False
7,C40,hour_h10,0.023234140127897263,True,False
7,C40,hour_h11,0.020957207307219505,True,False
7,C40,hour_h12,0.018063461408019066,True,False
7,C40,hour_h13,0.01899118907749653,True,False
7,C40,hour_h14,0.01852734573185444,True,False
7,C40,hour_h15,0.020408477634191513,True,False
7,C40,hour_h16,0.019951146095991135,True,False
7,C40,hour_h17,0.018863163888454437,True,False
7,C40,hour_h18,0.018535640090703964,True,False
7,C40,hour_h19,0.018336521461606026,True,False
7,C40,hour_h20,0.019101865589618683,True,False
7,C40,hour_h21,0.018955526873469353,True,False
7,C40,hour_h22,0.018416423350572586,True,False
7,C40,hour_h23,0.017727652564644814,True,False
7,C40_resid,d_ch3000_mean,0.05015052109956741,False,True
7,C40_resid,d_ch3000_median,0.014213296584784985,False,False
7,C40_resid,d_ch3000_sd,0.018225401639938354,False,True
7,C40_resid,d_ch3000_vmin,0.03443111479282379,False,False
7,C40_resid,d_ch3000_vmax,0.017540767788887024,False,False
7,C40_resid,d_ch3000_n,0.011532344855368137,False,False
7,C40_resid,d_ch3000_cov_h,0.010590796358883381,False,False
7,C40_resid,d_ch3000_hours,0.001958950888365507,False,False
7,C40_resid,d_ch3001_mean,0.008734207600355148,False,True
7,C40_resid,d_ch3001_median,0.003878045128658414,False,False
7,C40_resid,d_ch3001_sd,0.013077297247946262,False,True
7,C40_resid,d_ch3001_vmin,0.0048095956444740295,False,False
7,C40_resid,d_ch3001_vmax,0.00935361161828041,False,False
7,C40_resid,d_ch3001_n,0.007793045602738857,False,False
7,C40_resid,d_ch3001_cov_h,0.00804813764989376,False,False
7,C40_resid,d_ch3001_hours,0.002065488835796714,False,False
7,C40_resid,d_ch3002_mean,0.00800657644867897,False,True
7,C40_resid,d_ch3002_median,0.005459644831717014,False,False
7,C40_resid,d_ch3002_sd,0.009814836084842682,False,True
7,C40_resid,d_ch3002_vmin,0.00448178593069315,False,False
7,C40_resid,d_ch3002_vmax,0.005976947024464607,False,False
7,C40_resid,d_ch3002_n,0.0019414853304624557,False,False
7,C40_resid,d_ch3002_cov_h,0.00196853163652122,False,False
7,C40_resid,d_ch3002_hours,0.002031505573540926,False,False
7,C40_resid,d_gap_3000_3001_mean,0.010589370504021645,False,True
7,C40_resid,d_gap_3000_3002_mean,0.013178526423871517,False,True
7,C40_resid,d_gap_3000_3001_sd,0.014546472579240799,False,True
7,C40_resid,d_gap_3000_3002_sd,0.010601966641843319,False,True
7,C40_resid,d_is_weekend,0.0017187146004289389,False,False
7,C40_resid,cosinor_M,0.016732441261410713,True,False
7,C40_resid,cosinor_A1,0.014278950169682503,True,False
7,C40_resid,cosinor_A2,0.014410078525543213,True,False
7,C40_resid,cosinor_A3,0.015632541850209236,True,False
7,C40_resid,cosinor_acro_h,0.01871936023235321,True,False
7,C40_resid,cosinor_resid_sd,0.015959076583385468,True,True
7,C40_resid,curve_night_mean,0.035426635295152664,True,True
7,C40_resid,curve_morning_slope,0.018660901114344597,True,False
7,C40_resid,curve_day_night_contrast,0.014077781699597836,True,False
7,C40_resid,curve_range,0.018327072262763977,True,False
7,C40_resid,curve_entropy,0.020164815708994865,True,False
7,C40_resid,hour_h0,0.017129139974713326,True,False
7,C40_resid,hour_h1,0.015620328485965729,True,False
7,C40_resid,hour_h2,0.018147410824894905,True,False
7,C40_resid,hour_h3,0.024748358875513077,True,False
7,C40_resid,hour_h4,0.02453325316309929,True,False
7,C40_resid,hour_h5,0.020129714161157608,True,False
7,C40_resid,hour_h6,0.029916653409600258,True,False
7,C40_resid,hour_h7,0.026044879108667374,True,False
7,C40_resid,hour_h8,0.02217976376414299,True,False
7,C40_resid,hour_h9,0.021270940080285072,True,False
7,C40_resid,hour_h10,0.023449305444955826,True,False
7,C40_resid,hour_h11,0.021090196445584297,True,False
7,C40_resid,hour_h12,0.018867002800107002,True,False
7,C40_resid,hour_h13,0.019081732258200645,True,False
7,C40_resid,hour_h14,0.01867445930838585,True,False
7,C40_resid,hour_h15,0.020306149497628212,True,False
7,C40_resid,hour_h16,0.02013731561601162,True,False
7,C40_resid,hour_h17,0.019059928134083748,True,False
7,C40_resid,hour_h18,0.018390916287899017,True,False
7,C40_resid,hour_h19,0.017776668071746826,True,False
7,C40_resid,hour_h20,0.018701424822211266,True,False
7,C40_resid,hour_h21,0.018796654418110847,True,False
7,C40_resid,hour_h22,0.018648473545908928,True,False
7,C40_resid,hour_h23,0.018190685659646988,True,False
7,BASE_x_P40,rec__ch3000_observed_days,0.0009501330205239356,False,False
7,BASE_x_P40,rec__ch3000_adequate_days,0.001229887013323605,False,False
7,BASE_x_P40,rec__ch3000_events,0.0014199964934960008,False,False
7,BASE_x_P40,rec__ch3000_span_days,0.0010583695257082582,False,False
7,BASE_x_P40,rec__ch3000_mean_cov_h,0.0007610985776409507,False,False
7,BASE_x_P40,rec__ch3000_mean_hours,0.0006968650850467384,False,False
7,BASE_x_P40,rec__ch3000_events_per_day,0.0013357816496863961,False,False
7,BASE_x_P40,rec__ch3000_mean_of_daily_mean,0.0029296064749360085,False,True
7,BASE_x_P40,rec__ch3000_sd_of_daily_mean,0.004936588928103447,False,True
7,BASE_x_P40,rec__ch3000_mean_of_daily_sd,0.0009848569752648473,False,True
7,BASE_x_P40,rec__ch3000_median_of_daily_median,0.0002031808253377676,False,False
7,BASE_x_P40,rec__ch3000_p25_of_daily_median,9.957150905393064e-05,False,False
7,BASE_x_P40,rec__ch3000_p75_of_daily_median,0.0001900534116430208,False,False
7,BASE_x_P40,rec__ch3000_iqr_of_daily_median,0.0009437568369321525,False,False
7,BASE_x_P40,rec__ch3000_min_of_daily_min,0.002485669683665037,False,False
7,BASE_x_P40,rec__ch3000_max_of_daily_max,0.0045568919740617275,False,False
7,BASE_x_P40,rec__ch3000_range_of_daily_extremes,0.005284121260046959,False,False
7,BASE_x_P40,rec__ch3000_weekday_mean,0.02692427858710289,False,True
7,BASE_x_P40,rec__ch3000_weekend_mean,0.0012227526167407632,False,True
7,BASE_x_P40,rec__ch3000_weekend_minus_weekday,0.012189086526632309,False,False
7,BASE_x_P40,rec__ch3001_observed_days,0.00031223162659443915,False,False
7,BASE_x_P40,rec__ch3001_adequate_days,0.0007478290935978293,False,False
7,BASE_x_P40,rec__ch3001_events,0.0013338199350982904,False,False
7,BASE_x_P40,rec__ch3001_span_days,0.002064608735963702,False,False
7,BASE_x_P40,rec__ch3001_mean_cov_h,0.0008746790699660778,False,False
7,BASE_x_P40,rec__ch3001_mean_hours,0.0006296072388067842,False,False
7,BASE_x_P40,rec__ch3001_events_per_day,0.0015874947421252728,False,False
7,BASE_x_P40,rec__ch3001_mean_of_daily_mean,0.00013846643560100347,False,True
7,BASE_x_P40,rec__ch3001_sd_of_daily_mean,0.0020411587320268154,False,True
7,BASE_x_P40,rec__ch3001_mean_of_daily_sd,0.005985284224152565,False,True
7,BASE_x_P40,rec__ch3001_median_of_daily_median,0.00010997326171491295,False,False
7,BASE_x_P40,rec__ch3001_p25_of_daily_median,1.2898417284586306e-19,False,False
7,BASE_x_P40,rec__ch3001_p75_of_daily_median,0.0002409943990642205,False,False
7,BASE_x_P40,rec__ch3001_iqr_of_daily_median,0.0008004538249224424,False,False
7,BASE_x_P40,rec__ch3001_min_of_daily_min,0.0015569098759442568,False,False
7,BASE_x_P40,rec__ch3001_max_of_daily_max,0.002046228852123022,False,False
7,BASE_x_P40,rec__ch3001_range_of_daily_extremes,0.00538671063259244,False,False
7,BASE_x_P40,rec__ch3001_weekday_mean,0.0003619377675931901,False,True
7,BASE_x_P40,rec__ch3001_weekend_mean,0.0011294730938971043,False,True
7,BASE_x_P40,rec__ch3001_weekend_minus_weekday,0.0019260392291471362,False,False
7,BASE_x_P40,rec__ch3002_observed_days,0.0005480809486471117,False,False
7,BASE_x_P40,rec__ch3002_adequate_days,0.000948020548094064,False,False
7,BASE_x_P40,rec__ch3002_events,0.0010543004609644413,False,False
7,BASE_x_P40,rec__ch3002_span_days,0.0013724666787311435,False,False
7,BASE_x_P40,rec__ch3002_mean_cov_h,0.00044024764792993665,False,False
7,BASE_x_P40,rec__ch3002_mean_hours,0.0006530316895805299,False,False
7,BASE_x_P40,rec__ch3002_events_per_day,4.672508111980278e-06,False,False
7,BASE_x_P40,rec__ch3002_mean_of_daily_mean,0.0006973977433517575,False,True
7,BASE_x_P40,rec__ch3002_sd_of_daily_mean,0.00418176781386137,False,True
7,BASE_x_P40,rec__ch3002_mean_of_daily_sd,0.0070060682483017445,False,True
7,BASE_x_P40,rec__ch3002_median_of_daily_median,0.00021369878959376365,False,False
7,BASE_x_P40,rec__ch3002_p25_of_daily_median,0.00032796995947137475,False,False
7,BASE_x_P40,rec__ch3002_p75_of_daily_median,0.000357315584551543,False,False
7,BASE_x_P40,rec__ch3002_iqr_of_daily_median,0.0009637566399760544,False,False
7,BASE_x_P40,rec__ch3002_min_of_daily_min,0.0025487479288131,False,False
7,BASE_x_P40,rec__ch3002_max_of_daily_max,0.0012211148859933019,False,False
7,BASE_x_P40,rec__ch3002_range_of_daily_extremes,0.0014214538969099522,False,False
7,BASE_x_P40,rec__ch3002_weekday_mean,0.00012824160512536764,False,True
7,BASE_x_P40,rec__ch3002_weekend_mean,0.0017400289652869105,False,True
7,BASE_x_P40,rec__ch3002_weekend_minus_weekday,0.004267111420631409,False,False
7,BASE_x_P40,rec__overall_events,0.0008776656468398869,False,False
7,BASE_x_P40,rec__overall_days,0.0005446276045404375,False,False
7,BASE_x_P40,rec__overall_span_days,0.0011419550282880664,False,False
7,BASE_x_P40,rec__overall_adequate_channel_days,0.0006580661283805966,False,False
7,BASE_x_P40,rec__ch3000_minus_ch3001_mean,0.007083194795995951,False,True
7,BASE_x_P40,rec__ch3000_minus_ch3002_mean,0.013356074690818787,False,True
7,BASE_x_P40,rec__ch3000_tod_night,0.0015070633962750435,False,False
7,BASE_x_P40,rec__ch3000_tod_morning,0.04461211711168289,False,False
7,BASE_x_P40,rec__ch3000_tod_afternoon,0.005236812401562929,False,False
7,BASE_x_P40,rec__ch3000_tod_evening,0.0006663476815447211,False,False
7,BASE_x_P40,rec__ch3001_tod_night,0.012318736873567104,False,False
7,BASE_x_P40,rec__ch3001_tod_morning,0.0012540891766548157,False,False
7,BASE_x_P40,rec__ch3001_tod_afternoon,0.0009739647503010929,False,False
7,BASE_x_P40,rec__ch3001_tod_evening,0.0004591945616994053,False,False
7,BASE_x_P40,rec__ch3002_tod_night,0.005648432299494743,False,False
7,BASE_x_P40,rec__ch3002_tod_morning,0.001278891577385366,False,False
7,BASE_x_P40,rec__ch3002_tod_afternoon,0.0007939042989164591,False,False
7,BASE_x_P40,rec__ch3002_tod_evening,0.0004999777884222567,False,False
7,BASE_x_P40,win__ch3000_observed_days,0.00031604128889739513,False,False
7,BASE_x_P40,win__ch3000_adequate_days,0.0,False,False
7,BASE_x_P40,win__ch3000_events,0.0013611835893243551,False,False
7,BASE_x_P40,win__ch3000_mean_cov_h,0.00043618553900159895,False,False
7,BASE_x_P40,win__ch3000_mean_hours,0.001227085362188518,False,False
7,BASE_x_P40,win__ch3000_events_per_day,0.0008951703202910721,False,False
7,BASE_x_P40,win__ch3000_mean_of_daily_mean,0.0006950359675101936,False,True
7,BASE_x_P40,win__ch3000_sd_of_daily_mean,0.004352622199803591,False,True
7,BASE_x_P40,win__ch3000_mean_of_daily_sd,0.0011484117712825537,False,True
7,BASE_x_P40,win__ch3000_median_of_daily_median,0.0,False,False
7,BASE_x_P40,win__ch3000_p25_of_daily_median,6.921016756678e-05,False,False
7,BASE_x_P40,win__ch3000_p75_of_daily_median,0.0005265702493488789,False,False
7,BASE_x_P40,win__ch3000_iqr_of_daily_median,0.000651750189717859,False,False
7,BASE_x_P40,win__ch3000_min_of_daily_min,0.001532143447548151,False,False
7,BASE_x_P40,win__ch3000_max_of_daily_max,0.0016588689759373665,False,False
7,BASE_x_P40,win__ch3000_range_of_daily_extremes,0.002630195813253522,False,False
7,BASE_x_P40,win__ch3000_weekday_mean,0.005587533116340637,False,True
7,BASE_x_P40,win__ch3000_weekend_mean,0.001456553814932704,False,True
7,BASE_x_P40,win__ch3000_weekend_minus_weekday,0.010063246823847294,False,False
7,BASE_x_P40,win__ch3001_observed_days,0.0005581861478276551,False,False
7,BASE_x_P40,win__ch3001_adequate_days,0.0004964068648405373,False,False
7,BASE_x_P40,win__ch3001_events,0.0011627688072621822,False,False
7,BASE_x_P40,win__ch3001_span_days,1.4416447811527178e-05,False,False
7,BASE_x_P40,win__ch3001_mean_cov_h,0.000979491975158453,False,False
7,BASE_x_P40,win__ch3001_mean_hours,0.00024137154105119407,False,False
7,BASE_x_P40,win__ch3001_events_per_day,0.0008787130936980247,False,False
7,BASE_x_P40,win__ch3001_mean_of_daily_mean,3.776204493988189e-06,False,True
7,BASE_x_P40,win__ch3001_sd_of_daily_mean,0.0057490854524075985,False,True
7,BASE_x_P40,win__ch3001_mean_of_daily_sd,0.0023057975340634584,False,True
7,BASE_x_P40,win__ch3001_median_of_daily_median,0.00035748796653933823,False,False
7,BASE_x_P40,win__ch3001_p25_of_daily_median,0.0002034590725088492,False,False
7,BASE_x_P40,win__ch3001_p75_of_daily_median,0.00047910885768942535,False,False
7,BASE_x_P40,win__ch3001_iqr_of_daily_median,0.0016881788615137339,False,False
7,BASE_x_P40,win__ch3001_min_of_daily_min,0.0015673247398808599,False,False
7,BASE_x_P40,win__ch3001_max_of_daily_max,0.0012047449126839638,False,False
7,BASE_x_P40,win__ch3001_range_of_daily_extremes,0.001493692398071289,False,False
7,BASE_x_P40,win__ch3001_weekday_mean,8.042412082431838e-05,False,True
7,BASE_x_P40,win__ch3001_weekend_mean,0.000440859526861459,False,True
7,BASE_x_P40,win__ch3001_weekend_minus_weekday,0.0024727333802729845,False,False
7,BASE_x_P40,win__ch3002_observed_days,0.0009227535338141024,False,False
7,BASE_x_P40,win__ch3002_adequate_days,0.00031273727654479444,False,False
7,BASE_x_P40,win__ch3002_events,0.0016152644529938698,False,False
7,BASE_x_P40,win__ch3002_span_days,0.0005307074752636254,False,False
7,BASE_x_P40,win__ch3002_mean_cov_h,0.00031266233418136835,False,False
7,BASE_x_P40,win__ch3002_mean_hours,0.00026626294129528105,False,False
7,BASE_x_P40,win__ch3002_events_per_day,0.0003769502218347043,False,False
7,BASE_x_P40,win__ch3002_mean_of_daily_mean,0.0004058329504914582,False,True
7,BASE_x_P40,win__ch3002_sd_of_daily_mean,0.005432784557342529,False,True
7,BASE_x_P40,win__ch3002_mean_of_daily_sd,0.0009267650311812758,False,True
7,BASE_x_P40,win__ch3002_median_of_daily_median,0.0,False,False
7,BASE_x_P40,win__ch3002_p25_of_daily_median,0.00037952576531097293,False,False
7,BASE_x_P40,win__ch3002_p75_of_daily_median,0.0005533394287340343,False,False
7,BASE_x_P40,win__ch3002_iqr_of_daily_median,0.001814347691833973,False,False
7,BASE_x_P40,win__ch3002_min_of_daily_min,0.0016386242350563407,False,False
7,BASE_x_P40,win__ch3002_max_of_daily_max,0.001499083824455738,False,False
7,BASE_x_P40,win__ch3002_range_of_daily_extremes,0.002210932318121195,False,False
7,BASE_x_P40,win__ch3002_weekday_mean,0.0006024590111337602,False,True
7,BASE_x_P40,win__ch3002_weekend_mean,0.001741639687679708,False,True
7,BASE_x_P40,win__ch3002_weekend_minus_weekday,0.0026557031087577343,False,False
7,BASE_x_P40,win__overall_events,0.0010643056593835354,False,False
7,BASE_x_P40,win__overall_days,0.0004126311687286943,False,False
7,BASE_x_P40,win__overall_adequate_channel_days,0.000492954277433455,False,False
7,BASE_x_P40,win__ch3000_minus_ch3001_mean,0.005056751426309347,False,True
7,BASE_x_P40,win__ch3000_minus_ch3002_mean,0.007534446660429239,False,True
7,BASE_x_P40,win__ch3000_tod_night,0.0008644443587400019,False,False
7,BASE_x_P40,win__ch3000_tod_morning,0.015625109896063805,False,False
7,BASE_x_P40,win__ch3000_tod_afternoon,0.0021936397533863783,False,False
7,BASE_x_P40,win__ch3000_tod_evening,0.0006310160970315337,False,False
7,BASE_x_P40,win__ch3001_tod_night,0.0015641910722479224,False,False
7,BASE_x_P40,win__ch3001_tod_morning,0.0029237798880785704,False,False
7,BASE_x_P40,win__ch3001_tod_afternoon,0.0007927638362161815,False,False
7,BASE_x_P40,win__ch3001_tod_evening,0.000901325314771384,False,False
7,BASE_x_P40,win__ch3002_tod_night,0.002693320857360959,False,False
7,BASE_x_P40,win__ch3002_tod_morning,0.0011775597231462598,False,False
7,BASE_x_P40,win__ch3002_tod_afternoon,0.0005887941806577146,False,False
7,BASE_x_P40,win__ch3002_tod_evening,0.0006395422969944775,False,False
7,BASE_x_P40,roll_rec__ch3000_daily_hours_w30_max,0.0007622608100064099,False,False
7,BASE_x_P40,roll_rec__ch3000_daily_hours_w30_mean,0.0009114202694036067,False,True
7,BASE_x_P40,roll_rec__ch3000_daily_hours_w30_min,0.0007612944464199245,False,False
7,BASE_x_P40,roll_rec__ch3000_daily_hours_w30_sd,0.0014655394479632378,False,True
7,BASE_x_P40,roll_rec__ch3000_daily_hours_w30_slope,0.001371807768009603,False,False
7,BASE_x_P40,roll_rec__ch3000_daily_hours_w7_max,8.441130921710283e-05,False,False
7,BASE_x_P40,roll_rec__ch3000_daily_hours_w7_mean,0.0006006869371049106,False,True
7,BASE_x_P40,roll_rec__ch3000_daily_hours_w7_min,0.001618855632841587,False,False
7,BASE_x_P40,roll_rec__ch3000_daily_hours_w7_sd,0.001785720232874155,False,True
7,BASE_x_P40,roll_rec__ch3000_daily_hours_w7_slope,0.0022552725858986378,False,False
7,BASE_x_P40,roll_rec__ch3000_daily_mean_w30_max,0.0018520847661420703,False,False
7,BASE_x_P40,roll_rec__ch3000_daily_mean_w30_mean,0.002018008613958955,False,True
7,BASE_x_P40,roll_rec__ch3000_daily_mean_w30_min,0.0015646058600395918,False,False
7,BASE_x_P40,roll_rec__ch3000_daily_mean_w30_sd,0.0021859658882021904,False,True
7,BASE_x_P40,roll_rec__ch3000_daily_mean_w30_slope,0.0013550625881180167,False,False
7,BASE_x_P40,roll_rec__ch3000_daily_mean_w7_max,0.001985082169994712,False,False
7,BASE_x_P40,roll_rec__ch3000_daily_mean_w7_mean,0.0054199849255383015,False,True
7,BASE_x_P40,roll_rec__ch3000_daily_mean_w7_min,0.0011973293730989099,False,False
7,BASE_x_P40,roll_rec__ch3000_daily_mean_w7_sd,0.00240928097628057,False,True
7,BASE_x_P40,roll_rec__ch3000_daily_mean_w7_slope,0.0011880412930622697,False,False
7,BASE_x_P40,roll_rec__ch3000_daily_median_w30_max,0.00080055434955284,False,False
7,BASE_x_P40,roll_rec__ch3000_daily_median_w30_mean,0.0006697535864077508,False,True
7,BASE_x_P40,roll_rec__ch3000_daily_median_w30_min,0.0007638989482074976,False,False
7,BASE_x_P40,roll_rec__ch3000_daily_median_w30_sd,0.0014362584333866835,False,True
7,BASE_x_P40,roll_rec__ch3000_daily_median_w30_slope,0.0007090529543347657,False,False
7,BASE_x_P40,roll_rec__ch3000_daily_median_w7_max,0.001077420893125236,False,False
7,BASE_x_P40,roll_rec__ch3000_daily_median_w7_mean,0.00026409971178509295,False,True
7,BASE_x_P40,roll_rec__ch3000_daily_median_w7_min,0.0005641775205731392,False,False
7,BASE_x_P40,roll_rec__ch3000_daily_median_w7_sd,0.0007498599006794393,False,True
7,BASE_x_P40,roll_rec__ch3000_daily_median_w7_slope,0.0011758990585803986,False,False
7,BASE_x_P40,roll_rec__ch3000_daily_sd_w30_max,0.0016929744742810726,False,False
7,BASE_x_P40,roll_rec__ch3000_daily_sd_w30_mean,0.0026202478911727667,False,True
7,BASE_x_P40,roll_rec__ch3000_daily_sd_w30_min,0.0014435312477871776,False,False
7,BASE_x_P40,roll_rec__ch3000_daily_sd_w30_sd,0.003389093792065978,False,True
7,BASE_x_P40,roll_rec__ch3000_daily_sd_w30_slope,0.001915329834446311,False,False
7,BASE_x_P40,roll_rec__ch3000_daily_sd_w7_max,0.0010934044839814305,False,False
7,BASE_x_P40,roll_rec__ch3000_daily_sd_w7_mean,0.0016778800636529922,False,True
7,BASE_x_P40,roll_rec__ch3000_daily_sd_w7_min,0.0028552887961268425,False,False
7,BASE_x_P40,roll_rec__ch3000_daily_sd_w7_sd,0.0043807923793792725,False,True
7,BASE_x_P40,roll_rec__ch3000_daily_sd_w7_slope,0.0018795760115608573,False,False
7,BASE_x_P40,roll_rec__ch3001_daily_hours_w30_max,0.0026704370975494385,False,False
7,BASE_x_P40,roll_rec__ch3001_daily_hours_w30_mean,0.0007472099387086928,False,True
7,BASE_x_P40,roll_rec__ch3001_daily_hours_w30_min,0.0017118352698162198,False,False
7,BASE_x_P40,roll_rec__ch3001_daily_hours_w30_sd,0.0015498637221753597,False,True
7,BASE_x_P40,roll_rec__ch3001_daily_hours_w30_slope,0.001252714660950005,False,False
7,BASE_x_P40,roll_rec__ch3001_daily_hours_w7_max,0.0012538856826722622,False,False
7,BASE_x_P40,roll_rec__ch3001_daily_hours_w7_mean,0.0006060741725377738,False,True
7,BASE_x_P40,roll_rec__ch3001_daily_hours_w7_min,0.0013911013957113028,False,False
7,BASE_x_P40,roll_rec__ch3001_daily_hours_w7_sd,0.002673356095328927,False,True
7,BASE_x_P40,roll_rec__ch3001_daily_hours_w7_slope,0.001759221195243299,False,False
7,BASE_x_P40,roll_rec__ch3001_daily_mean_w30_max,0.0003670529986266047,False,False
7,BASE_x_P40,roll_rec__ch3001_daily_mean_w30_mean,0.0004676496027968824,False,True
7,BASE_x_P40,roll_rec__ch3001_daily_mean_w30_min,0.0008940751431509852,False,False
7,BASE_x_P40,roll_rec__ch3001_daily_mean_w30_sd,0.001124887727200985,False,True
7,BASE_x_P40,roll_rec__ch3001_daily_mean_w30_slope,0.001701386529020965,False,False
7,BASE_x_P40,roll_rec__ch3001_daily_mean_w7_max,0.0013230754993855953,False,False
7,BASE_x_P40,roll_rec__ch3001_daily_mean_w7_mean,2.9146297038096236e-06,False,True
7,BASE_x_P40,roll_rec__ch3001_daily_mean_w7_min,0.0007288909400813282,False,False
7,BASE_x_P40,roll_rec__ch3001_daily_mean_w7_sd,0.0012081898748874664,False,True
7,BASE_x_P40,roll_rec__ch3001_daily_mean_w7_slope,0.0015682249795645475,False,False
7,BASE_x_P40,roll_rec__ch3001_daily_median_w30_max,0.00048487831372767687,False,False
7,BASE_x_P40,roll_rec__ch3001_daily_median_w30_mean,0.00021477421978488564,False,True
7,BASE_x_P40,roll_rec__ch3001_daily_median_w30_min,0.00035734218545258045,False,False
7,BASE_x_P40,roll_rec__ch3001_daily_median_w30_sd,0.0015480101574212313,False,True
7,BASE_x_P40,roll_rec__ch3001_daily_median_w30_slope,0.001570685300976038,False,False
7,BASE_x_P40,roll_rec__ch3001_daily_median_w7_max,0.0008539520786143839,False,False
7,BASE_x_P40,roll_rec__ch3001_daily_median_w7_mean,0.00036787637509405613,False,True
7,BASE_x_P40,roll_rec__ch3001_daily_median_w7_min,0.0011119440896436572,False,False
7,BASE_x_P40,roll_rec__ch3001_daily_median_w7_sd,0.0014423592947423458,False,True
7,BASE_x_P40,roll_rec__ch3001_daily_median_w7_slope,0.001613805303350091,False,False
7,BASE_x_P40,roll_rec__ch3001_daily_sd_w30_max,0.004016932100057602,False,False
7,BASE_x_P40,roll_rec__ch3001_daily_sd_w30_mean,0.0027920808643102646,False,True
7,BASE_x_P40,roll_rec__ch3001_daily_sd_w30_min,0.002283059060573578,False,False
7,BASE_x_P40,roll_rec__ch3001_daily_sd_w30_sd,0.001585761783644557,False,True
7,BASE_x_P40,roll_rec__ch3001_daily_sd_w30_slope,0.0014452487230300903,False,False
7,BASE_x_P40,roll_rec__ch3001_daily_sd_w7_max,0.00992819294333458,False,False
7,BASE_x_P40,roll_rec__ch3001_daily_sd_w7_mean,0.003245050786063075,False,True
7,BASE_x_P40,roll_rec__ch3001_daily_sd_w7_min,0.0016049945261329412,False,False
7,BASE_x_P40,roll_rec__ch3001_daily_sd_w7_sd,0.002678543794900179,False,True
7,BASE_x_P40,roll_rec__ch3001_daily_sd_w7_slope,0.0017734129214659333,False,False
7,BASE_x_P40,roll_rec__ch3002_daily_hours_w30_max,0.0013678621035069227,False,False
7,BASE_x_P40,roll_rec__ch3002_daily_hours_w30_mean,0.0010601602261886,False,True
7,BASE_x_P40,roll_rec__ch3002_daily_hours_w30_min,0.0018118778243660927,False,False
7,BASE_x_P40,roll_rec__ch3002_daily_hours_w30_sd,0.0018131317337974906,False,True
7,BASE_x_P40,roll_rec__ch3002_daily_hours_w30_slope,0.00037022065953351557,False,False
7,BASE_x_P40,roll_rec__ch3002_daily_hours_w7_max,0.0014013464096933603,False,False
7,BASE_x_P40,roll_rec__ch3002_daily_hours_w7_mean,0.0008445151033811271,False,True
7,BASE_x_P40,roll_rec__ch3002_daily_hours_w7_min,0.000877481303177774,False,False
7,BASE_x_P40,roll_rec__ch3002_daily_hours_w7_sd,0.002944840816780925,False,True
7,BASE_x_P40,roll_rec__ch3002_daily_hours_w7_slope,0.0016169350128620863,False,False
7,BASE_x_P40,roll_rec__ch3002_daily_mean_w30_max,0.0005852674366906285,False,False
7,BASE_x_P40,roll_rec__ch3002_daily_mean_w30_mean,0.00019275397062301636,False,True
7,BASE_x_P40,roll_rec__ch3002_daily_mean_w30_min,0.0005137459374964237,False,False
7,BASE_x_P40,roll_rec__ch3002_daily_mean_w30_sd,0.0013622003607451916,False,True
7,BASE_x_P40,roll_rec__ch3002_daily_mean_w30_slope,0.000951720925513655,False,False
7,BASE_x_P40,roll_rec__ch3002_daily_mean_w7_max,0.0009972655680030584,False,False
7,BASE_x_P40,roll_rec__ch3002_daily_mean_w7_mean,0.00036045126034878194,False,True
7,BASE_x_P40,roll_rec__ch3002_daily_mean_w7_min,0.0013191400794312358,False,False
7,BASE_x_P40,roll_rec__ch3002_daily_mean_w7_sd,0.0022120694629848003,False,True
7,BASE_x_P40,roll_rec__ch3002_daily_mean_w7_slope,0.0012432399671524763,False,False
7,BASE_x_P40,roll_rec__ch3002_daily_median_w30_max,0.0004884080262854695,False,False
7,BASE_x_P40,roll_rec__ch3002_daily_median_w30_mean,0.00025482778437435627,False,True
7,BASE_x_P40,roll_rec__ch3002_daily_median_w30_min,0.000871700351126492,False,False
7,BASE_x_P40,roll_rec__ch3002_daily_median_w30_sd,0.0010019398760050535,False,True
7,BASE_x_P40,roll_rec__ch3002_daily_median_w30_slope,0.0013368125073611736,False,False
7,BASE_x_P40,roll_rec__ch3002_daily_median_w7_max,0.0010540379444137216,False,False
7,BASE_x_P40,roll_rec__ch3002_daily_median_w7_mean,0.00045899144606664777,False,True
7,BASE_x_P40,roll_rec__ch3002_daily_median_w7_min,0.001086440752260387,False,False
7,BASE_x_P40,roll_rec__ch3002_daily_median_w7_sd,0.0019021412590518594,False,True
7,BASE_x_P40,roll_rec__ch3002_daily_median_w7_slope,0.0012164461659267545,False,False
7,BASE_x_P40,roll_rec__ch3002_daily_sd_w30_max,0.0038642229046672583,False,False
7,BASE_x_P40,roll_rec__ch3002_daily_sd_w30_mean,0.0032434051390737295,False,True
7,BASE_x_P40,roll_rec__ch3002_daily_sd_w30_min,0.001115885330364108,False,False
7,BASE_x_P40,roll_rec__ch3002_daily_sd_w30_sd,0.0020979666151106358,False,True
7,BASE_x_P40,roll_rec__ch3002_daily_sd_w30_slope,0.0016455877339467406,False,False
7,BASE_x_P40,roll_rec__ch3002_daily_sd_w7_max,0.007660279981791973,False,False
7,BASE_x_P40,roll_rec__ch3002_daily_sd_w7_mean,0.004430186469107866,False,True
7,BASE_x_P40,roll_rec__ch3002_daily_sd_w7_min,0.0021020923741161823,False,False
7,BASE_x_P40,roll_rec__ch3002_daily_sd_w7_sd,0.0023474523331969976,False,True
7,BASE_x_P40,roll_rec__ch3002_daily_sd_w7_slope,0.002268591895699501,False,False
7,BASE_x_P40,roll_win__ch3000_daily_hours_w30_max,0.0008686255314387381,False,False
7,BASE_x_P40,roll_win__ch3000_daily_hours_w30_mean,0.000748246384318918,False,True
7,BASE_x_P40,roll_win__ch3000_daily_hours_w30_min,0.0008417587960138917,False,False
7,BASE_x_P40,roll_win__ch3000_daily_hours_w30_sd,0.003045816905796528,False,True
7,BASE_x_P40,roll_win__ch3000_daily_hours_w30_slope,0.004433531779795885,False,False
7,BASE_x_P40,roll_win__ch3000_daily_hours_w7_max,0.00035650620702654123,False,False
7,BASE_x_P40,roll_win__ch3000_daily_hours_w7_mean,0.0008451989269815385,False,True
7,BASE_x_P40,roll_win__ch3000_daily_hours_w7_min,0.00113330886233598,False,False
7,BASE_x_P40,roll_win__ch3000_daily_hours_w7_sd,0.0019024575594812632,False,True
7,BASE_x_P40,roll_win__ch3000_daily_hours_w7_slope,0.002274187281727791,False,False
7,BASE_x_P40,roll_win__ch3000_daily_mean_w30_max,0.0010943585075438023,False,False
7,BASE_x_P40,roll_win__ch3000_daily_mean_w30_mean,0.0007594553753733635,False,True
7,BASE_x_P40,roll_win__ch3000_daily_mean_w30_min,0.0007001525955274701,False,False
7,BASE_x_P40,roll_win__ch3000_daily_mean_w30_sd,0.0023418962955474854,False,True
7,BASE_x_P40,roll_win__ch3000_daily_mean_w30_slope,0.001540002878755331,False,False
7,BASE_x_P40,roll_win__ch3000_daily_mean_w7_max,0.001411939738318324,False,False
7,BASE_x_P40,roll_win__ch3000_daily_mean_w7_mean,0.0004073608142789453,False,True
7,BASE_x_P40,roll_win__ch3000_daily_mean_w7_min,0.0005939503898844123,False,False
7,BASE_x_P40,roll_win__ch3000_daily_mean_w7_sd,0.0010287450859323144,False,True
7,BASE_x_P40,roll_win__ch3000_daily_mean_w7_slope,0.001708467141725123,False,False
7,BASE_x_P40,roll_win__ch3000_daily_median_w30_max,0.0005676685832440853,False,False
7,BASE_x_P40,roll_win__ch3000_daily_median_w30_mean,0.00029812377761118114,False,True
7,BASE_x_P40,roll_win__ch3000_daily_median_w30_min,0.000978271709755063,False,False
7,BASE_x_P40,roll_win__ch3000_daily_median_w30_sd,0.0020873290486633778,False,True
7,BASE_x_P40,roll_win__ch3000_daily_median_w30_slope,0.0016147473361343145,False,False
7,BASE_x_P40,roll_win__ch3000_daily_median_w7_max,0.001368952332995832,False,False
7,BASE_x_P40,roll_win__ch3000_daily_median_w7_mean,0.0001256996620213613,False,True
7,BASE_x_P40,roll_win__ch3000_daily_median_w7_min,0.0009503898327238858,False,False
7,BASE_x_P40,roll_win__ch3000_daily_median_w7_sd,0.0028628704603761435,False,True
7,BASE_x_P40,roll_win__ch3000_daily_median_w7_slope,0.0017566040623933077,False,False
7,BASE_x_P40,roll_win__ch3000_daily_sd_w30_max,0.000694566173478961,False,False
7,BASE_x_P40,roll_win__ch3000_daily_sd_w30_mean,0.000939142017159611,False,True
7,BASE_x_P40,roll_win__ch3000_daily_sd_w30_min,0.0015527034411206841,False,False
7,BASE_x_P40,roll_win__ch3000_daily_sd_w30_sd,0.003035317873582244,False,True
7,BASE_x_P40,roll_win__ch3000_daily_sd_w30_slope,0.003097814740613103,False,False
7,BASE_x_P40,roll_win__ch3000_daily_sd_w7_max,0.0010331334779039025,False,False
7,BASE_x_P40,roll_win__ch3000_daily_sd_w7_mean,0.0007571498863399029,False,True
7,BASE_x_P40,roll_win__ch3000_daily_sd_w7_min,0.0029149444308131933,False,False
7,BASE_x_P40,roll_win__ch3000_daily_sd_w7_sd,0.0035087554715573788,False,True
7,BASE_x_P40,roll_win__ch3000_daily_sd_w7_slope,0.00340609741397202,False,False
7,BASE_x_P40,roll_win__ch3001_daily_hours_w30_max,0.0010848091915249825,False,False
7,BASE_x_P40,roll_win__ch3001_daily_hours_w30_mean,0.0010165396379306912,False,True
7,BASE_x_P40,roll_win__ch3001_daily_hours_w30_min,0.0004127975844312459,False,False
7,BASE_x_P40,roll_win__ch3001_daily_hours_w30_sd,0.0017145994352176785,False,True
7,BASE_x_P40,roll_win__ch3001_daily_hours_w30_slope,0.0015583725180476904,False,False
7,BASE_x_P40,roll_win__ch3001_daily_hours_w7_max,0.0020534819923341274,False,False
7,BASE_x_P40,roll_win__ch3001_daily_hours_w7_mean,0.0004128187138121575,False,True
7,BASE_x_P40,roll_win__ch3001_daily_hours_w7_min,0.0010401265462860465,False,False
7,BASE_x_P40,roll_win__ch3001_daily_hours_w7_sd,0.0033334242179989815,False,True
7,BASE_x_P40,roll_win__ch3001_daily_hours_w7_slope,0.0022838611621409655,False,False
7,BASE_x_P40,roll_win__ch3001_daily_mean_w30_max,0.00030649019754491746,False,False
7,BASE_x_P40,roll_win__ch3001_daily_mean_w30_mean,0.00030440278351306915,False,True
7,BASE_x_P40,roll_win__ch3001_daily_mean_w30_min,0.0002838335349224508,False,False
7,BASE_x_P40,roll_win__ch3001_daily_mean_w30_sd,0.0014169150963425636,False,True
7,BASE_x_P40,roll_win__ch3001_daily_mean_w30_slope,0.0015559825114905834,False,False
7,BASE_x_P40,roll_win__ch3001_daily_mean_w7_max,0.0006880073924548924,False,False
7,BASE_x_P40,roll_win__ch3001_daily_mean_w7_mean,0.00020486388530116528,False,True
7,BASE_x_P40,roll_win__ch3001_daily_mean_w7_min,0.0011350007262080908,False,False
7,BASE_x_P40,roll_win__ch3001_daily_mean_w7_sd,0.001089542987756431,False,True
7,BASE_x_P40,roll_win__ch3001_daily_mean_w7_slope,0.0017229048535227776,False,False
7,BASE_x_P40,roll_win__ch3001_daily_median_w30_max,0.0004388574743643403,False,False
7,BASE_x_P40,roll_win__ch3001_daily_median_w30_mean,0.0004943801905028522,False,True
7,BASE_x_P40,roll_win__ch3001_daily_median_w30_min,0.00044711874215863645,False,False
7,BASE_x_P40,roll_win__ch3001_daily_median_w30_sd,0.0019341036677360535,False,True
7,BASE_x_P40,roll_win__ch3001_daily_median_w30_slope,0.0019334550015628338,False,False
7,BASE_x_P40,roll_win__ch3001_daily_median_w7_max,0.0009349342435598373,False,False
7,BASE_x_P40,roll_win__ch3001_daily_median_w7_mean,0.00016631906328257173,False,True
7,BASE_x_P40,roll_win__ch3001_daily_median_w7_min,0.0010582887334749103,False,False
7,BASE_x_P40,roll_win__ch3001_daily_median_w7_sd,0.002090700203552842,False,True
7,BASE_x_P40,roll_win__ch3001_daily_median_w7_slope,0.001952210906893015,False,False
7,BASE_x_P40,roll_win__ch3001_daily_sd_w30_max,0.005955553613603115,False,False
7,BASE_x_P40,roll_win__ch3001_daily_sd_w30_mean,0.004625027999281883,False,True
7,BASE_x_P40,roll_win__ch3001_daily_sd_w30_min,0.0015007047913968563,False,False
7,BASE_x_P40,roll_win__ch3001_daily_sd_w30_sd,0.001715653808787465,False,True
7,BASE_x_P40,roll_win__ch3001_daily_sd_w30_slope,0.002699350705370307,False,False
7,BASE_x_P40,roll_win__ch3001_daily_sd_w7_max,0.003547852160409093,False,False
7,BASE_x_P40,roll_win__ch3001_daily_sd_w7_mean,0.002367881126701832,False,True
7,BASE_x_P40,roll_win__ch3001_daily_sd_w7_min,0.0026010023429989815,False,False
7,BASE_x_P40,roll_win__ch3001_daily_sd_w7_sd,0.005463641136884689,False,True
7,BASE_x_P40,roll_win__ch3001_daily_sd_w7_slope,0.0033373741898685694,False,False
7,BASE_x_P40,roll_win__ch3002_daily_hours_w30_max,0.0009274454205296934,False,False
7,BASE_x_P40,roll_win__ch3002_daily_hours_w30_mean,0.0008802601951174438,False,True
7,BASE_x_P40,roll_win__ch3002_daily_hours_w30_min,0.001552688074298203,False,False
7,BASE_x_P40,roll_win__ch3002_daily_hours_w30_sd,0.002010405296459794,False,True
7,BASE_x_P40,roll_win__ch3002_daily_hours_w30_slope,0.001638246700167656,False,False
7,BASE_x_P40,roll_win__ch3002_daily_hours_w7_max,0.0012885731412097812,False,False
7,BASE_x_P40,roll_win__ch3002_daily_hours_w7_mean,0.00037877957220189273,False,True
7,BASE_x_P40,roll_win__ch3002_daily_hours_w7_min,0.0009224514360539615,False,False
7,BASE_x_P40,roll_win__ch3002_daily_hours_w7_sd,0.0035954921040683985,False,True
7,BASE_x_P40,roll_win__ch3002_daily_hours_w7_slope,0.002519143046811223,False,False
7,BASE_x_P40,roll_win__ch3002_daily_mean_w30_max,0.00016907459939830005,False,False
7,BASE_x_P40,roll_win__ch3002_daily_mean_w30_mean,6.915382982697338e-05,False,True
7,BASE_x_P40,roll_win__ch3002_daily_mean_w30_min,0.00028771537472493947,False,False
7,BASE_x_P40,roll_win__ch3002_daily_mean_w30_sd,0.0016897644381970167,False,True
7,BASE_x_P40,roll_win__ch3002_daily_mean_w30_slope,0.001757539459504187,False,False
7,BASE_x_P40,roll_win__ch3002_daily_mean_w7_max,0.0002683878119569272,False,False
7,BASE_x_P40,roll_win__ch3002_daily_mean_w7_mean,0.0003664203977677971,False,True
7,BASE_x_P40,roll_win__ch3002_daily_mean_w7_min,0.0012669798452407122,False,False
7,BASE_x_P40,roll_win__ch3002_daily_mean_w7_sd,0.0022552572190761566,False,True
7,BASE_x_P40,roll_win__ch3002_daily_mean_w7_slope,0.0008440753445029259,False,False
7,BASE_x_P40,roll_win__ch3002_daily_median_w30_max,0.00047346478095278144,False,False
7,BASE_x_P40,roll_win__ch3002_daily_median_w30_mean,0.00027207998209632933,False,True
7,BASE_x_P40,roll_win__ch3002_daily_median_w30_min,0.00113399769179523,False,False
7,BASE_x_P40,roll_win__ch3002_daily_median_w30_sd,0.0017807878321036696,False,True
7,BASE_x_P40,roll_win__ch3002_daily_median_w30_slope,0.0024586531799286604,False,False
7,BASE_x_P40,roll_win__ch3002_daily_median_w7_max,0.0002759333874564618,False,False
7,BASE_x_P40,roll_win__ch3002_daily_median_w7_mean,0.0003554963623173535,False,True
7,BASE_x_P40,roll_win__ch3002_daily_median_w7_min,0.0008921222179196775,False,False
7,BASE_x_P40,roll_win__ch3002_daily_median_w7_sd,0.0027147200889885426,False,True
7,BASE_x_P40,roll_win__ch3002_daily_median_w7_slope,0.002234706189483404,False,False
7,BASE_x_P40,roll_win__ch3002_daily_sd_w30_max,0.0024211006239056587,False,False
7,BASE_x_P40,roll_win__ch3002_daily_sd_w30_mean,0.002330321818590164,False,True
7,BASE_x_P40,roll_win__ch3002_daily_sd_w30_min,0.0016471788985654712,False,False
7,BASE_x_P40,roll_win__ch3002_daily_sd_w30_sd,0.0023053346667438745,False,True
7,BASE_x_P40,roll_win__ch3002_daily_sd_w30_slope,0.0029222050216048956,False,False
7,BASE_x_P40,roll_win__ch3002_daily_sd_w7_max,0.0022034894209355116,False,False
7,BASE_x_P40,roll_win__ch3002_daily_sd_w7_mean,0.00207619764842093,False,True
7,BASE_x_P40,roll_win__ch3002_daily_sd_w7_min,0.002336523262783885,False,False
7,BASE_x_P40,roll_win__ch3002_daily_sd_w7_sd,0.0043021878227591515,False,True
7,BASE_x_P40,roll_win__ch3002_daily_sd_w7_slope,0.0018441913416609168,False,False
7,BASE_x_P40,cosinor_M_mean,0.0037336754612624645,False,True
7,BASE_x_P40,cosinor_A1_mean,0.0027911891229450703,False,True
7,BASE_x_P40,cosinor_A2_mean,0.0015961386961862445,False,True
7,BASE_x_P40,cosinor_A3_mean,0.004345508757978678,False,True
7,BASE_x_P40,cosinor_acro_h_mean,0.004970311652868986,False,True
7,BASE_x_P40,cosinor_resid_sd_mean,0.006168772932142019,False,True
7,BASE_x_P40,curve_night_mean_mean,0.0007400955655612051,False,True
7,BASE_x_P40,curve_morning_slope_mean,0.0016643853159621358,False,True
7,BASE_x_P40,curve_day_night_contrast_mean,0.0016271445201709867,False,True
7,BASE_x_P40,curve_range_mean,0.0017705458449199796,False,True
7,BASE_x_P40,curve_entropy_mean,0.002147993305698037,False,True
7,BASE_x_P40,hour_h0_mean,0.000957329582888633,False,True
7,BASE_x_P40,hour_h1_mean,0.0012383522698655725,False,True
7,BASE_x_P40,hour_h2_mean,0.002169592771679163,False,True
7,BASE_x_P40,hour_h3_mean,0.0008659035083837807,False,True
7,BASE_x_P40,hour_h4_mean,0.0024567507207393646,False,True
7,BASE_x_P40,hour_h5_mean,0.0009997106390073895,False,True
7,BASE_x_P40,hour_h6_mean,0.0025194056797772646,False,True
7,BASE_x_P40,hour_h7_mean,0.004447690676897764,False,True
7,BASE_x_P40,hour_h8_mean,0.008542638272047043,False,True
7,BASE_x_P40,hour_h9_mean,0.004124100785702467,False,True
7,BASE_x_P40,hour_h10_mean,0.015700936317443848,False,True
7,BASE_x_P40,hour_h11_mean,0.015102405101060867,False,True
7,BASE_x_P40,hour_h12_mean,0.00246689235791564,False,True
7,BASE_x_P40,hour_h13_mean,0.0029506629798561335,False,True
7,BASE_x_P40,hour_h14_mean,0.0038527545984834433,False,True
7,BASE_x_P40,hour_h15_mean,0.004412990529090166,False,True
7,BASE_x_P40,hour_h16_mean,0.003601109841838479,False,True
7,BASE_x_P40,hour_h17_mean,0.0021296285558491945,False,True
7,BASE_x_P40,hour_h18_mean,0.0017342815408483148,False,True
7,BASE_x_P40,hour_h19_mean,0.002846923191100359,False,True
7,BASE_x_P40,hour_h20_mean,0.0008805273682810366,False,True
7,BASE_x_P40,hour_h21_mean,0.0013427215162664652,False,True
7,BASE_x_P40,hour_h22_mean,0.0006703656981699169,False,True
7,BASE_x_P40,hour_h23_mean,0.0008271722472272813,False,True
7,BASE_x_P40,cosinor_M_sd,0.0017637410201132298,False,True
7,BASE_x_P40,cosinor_A1_sd,0.00234778830781579,False,True
7,BASE_x_P40,cosinor_A2_sd,0.001158950268290937,False,True
7,BASE_x_P40,cosinor_A3_sd,0.0015984433703124523,False,True
7,BASE_x_P40,cosinor_acro_h_sd,0.0025831942912191153,False,True
7,BASE_x_P40,cosinor_resid_sd_sd,0.0024951964151114225,False,True
7,BASE_x_P40,curve_night_mean_sd,0.001912213978357613,False,True
7,BASE_x_P40,curve_morning_slope_sd,0.003246408188715577,False,True
7,BASE_x_P40,curve_day_night_contrast_sd,0.00774335628375411,False,True
7,BASE_x_P40,curve_range_sd,0.0043510328978300095,False,True
7,BASE_x_P40,curve_entropy_sd,0.004051371943205595,False,True
7,BASE_x_P40,hour_h0_sd,0.0028501744382083416,False,True
7,BASE_x_P40,hour_h1_sd,0.0037924302741885185,False,True
7,BASE_x_P40,hour_h2_sd,0.002348295645788312,False,True
7,BASE_x_P40,hour_h3_sd,0.0022959988564252853,False,True
7,BASE_x_P40,hour_h4_sd,0.0024855074007064104,False,True
7,BASE_x_P40,hour_h5_sd,0.0029230574145913124,False,True
7,BASE_x_P40,hour_h6_sd,0.003253530478104949,False,True
7,BASE_x_P40,hour_h7_sd,0.0025466089136898518,False,True
7,BASE_x_P40,hour_h8_sd,0.003252968192100525,False,True
7,BASE_x_P40,hour_h9_sd,0.0028228021692484617,False,True
7,BASE_x_P40,hour_h10_sd,0.002088801236823201,False,True
7,BASE_x_P40,hour_h11_sd,0.0022283100988715887,False,True
7,BASE_x_P40,hour_h12_sd,0.0016265125013887882,False,True
7,BASE_x_P40,hour_h13_sd,0.0029289214871823788,False,True
7,BASE_x_P40,hour_h14_sd,0.0020669044461101294,False,True
7,BASE_x_P40,hour_h15_sd,0.0014458150835707784,False,True
7,BASE_x_P40,hour_h16_sd,0.0015585505170747638,False,True
7,BASE_x_P40,hour_h17_sd,0.0021869249176234007,False,True
7,BASE_x_P40,hour_h18_sd,0.0043073962442576885,False,True
7,BASE_x_P40,hour_h19_sd,0.004986005835235119,False,True
7,BASE_x_P40,hour_h20_sd,0.005075027700513601,False,True
7,BASE_x_P40,hour_h21_sd,0.003047700971364975,False,True
7,BASE_x_P40,hour_h22_sd,0.002802904462441802,False,True
7,BASE_x_P40,hour_h23_sd,0.0028619517106562853,False,True
7,BASE_x_P40,curve_night_mean_wd,0.0027202065102756023,False,True
7,BASE_x_P40,curve_morning_slope_wd,0.0021068546921014786,False,True
7,BASE_x_P40,curve_day_night_contrast_wd,0.0016820902237668633,False,True
7,BASE_x_P40,curve_range_wd,0.002063449239358306,False,True
7,BASE_x_P40,curve_entropy_wd,0.0018055775435641408,False,True
7,BASE_x_P40,curve_night_mean_we,0.0012135690776631236,False,True
7,BASE_x_P40,curve_morning_slope_we,0.0022736487444490194,False,True
7,BASE_x_P40,curve_day_night_contrast_we,0.0024356329813599586,False,True
7,BASE_x_P40,curve_range_we,0.0019141180673614144,False,True
7,BASE_x_P40,curve_entropy_we,0.003843925427645445,False,True
7,BASE_x_P40,curve_night_mean_wd_diff,0.0028469953685998917,False,True
7,BASE_x_P40,curve_morning_slope_wd_diff,0.0014930517645552754,False,True
7,BASE_x_P40,curve_day_night_contrast_wd_diff,0.0022664698772132397,False,True
7,BASE_x_P40,curve_range_wd_diff,0.0031088897958397865,False,True
7,BASE_x_P40,curve_entropy_wd_diff,0.002038816688582301,False,True
7,BASE_x_P40,demo__age_group=Elderly,0.0039324634708464146,False,False
7,BASE_x_P40,demo__age_group=Middle Ager,0.00010063421359518543,False,False
7,BASE_x_P40,demo__age_group=Young Adults,8.840218652039766e-05,False,False
7,BASE_x_P40,demo__bmi_grp=normal,0.00043863896280527115,False,False
7,BASE_x_P40,demo__bmi_grp=obese,3.6374608498590533e-06,False,False
7,BASE_x_P40,demo__bmi_grp=overweight,0.0008632899262011051,False,False
8,C40,d_ch3000_mean,0.04598461091518402,False,True
8,C40,d_ch3000_median,0.021435745060443878,False,False
8,C40,d_ch3000_sd,0.020473653450608253,False,True
8,C40,d_ch3000_vmin,0.04799173027276993,False,False
8,C40,d_ch3000_vmax,0.018133781850337982,False,False
8,C40,d_ch3000_n,0.011700423434376717,False,False
8,C40,d_ch3000_cov_h,0.011458635330200195,False,False
8,C40,d_ch3000_hours,0.0015966231003403664,False,False
8,C40,d_ch3001_mean,0.008756514638662338,False,True
8,C40,d_ch3001_median,0.004245809279382229,False,False
8,C40,d_ch3001_sd,0.01313365250825882,False,True
8,C40,d_ch3001_vmin,0.005881837569177151,False,False
8,C40,d_ch3001_vmax,0.009675012901425362,False,False
8,C40,d_ch3001_n,0.008298438973724842,False,False
8,C40,d_ch3001_cov_h,0.008515877649188042,False,False
8,C40,d_ch3001_hours,0.0019521767972037196,False,False
8,C40,d_ch3002_mean,0.008892452344298363,False,True
8,C40,d_ch3002_median,0.005685672163963318,False,False
8,C40,d_ch3002_sd,0.01067867036908865,False,True
8,C40,d_ch3002_vmin,0.004878992680460215,False,False
8,C40,d_ch3002_vmax,0.005981843918561935,False,False
8,C40,d_ch3002_n,0.001865158323198557,False,False
8,C40,d_ch3002_cov_h,0.0018790910253301263,False,False
8,C40,d_ch3002_hours,0.0019209168385714293,False,False
8,C40,d_gap_3000_3001_mean,0.01099561806768179,False,True
8,C40,d_gap_3000_3002_mean,0.013307916931807995,False,True
8,C40,d_gap_3000_3001_sd,0.014253978617489338,False,True
8,C40,d_gap_3000_3002_sd,0.010547580197453499,False,True
8,C40,d_is_weekend,0.0017108593601733446,False,False
8,C40,cosinor_M,0.020874470472335815,True,False
8,C40,cosinor_A1,0.01650945469737053,True,False
8,C40,cosinor_A2,0.018264571204781532,True,False
8,C40,cosinor_A3,0.018438713625073433,True,False
8,C40,cosinor_acro_h,0.014125179499387741,True,False
8,C40,cosinor_resid_sd,0.017241530120372772,True,True
8,C40,curve_night_mean,0.02026543952524662,True,True
8,C40,curve_morning_slope,0.018162693828344345,True,False
8,C40,curve_day_night_contrast,0.014270304702222347,True,False
8,C40,curve_range,0.0189772080630064,True,False
8,C40,curve_entropy,0.01907753385603428,True,False
8,C40,hour_h0,0.016879083588719368,True,False
8,C40,hour_h1,0.014892404899001122,True,False
8,C40,hour_h2,0.014178347773849964,True,False
8,C40,hour_h3,0.015854183584451675,True,False
8,C40,hour_h4,0.023822931572794914,True,False
8,C40,hour_h5,0.019877588376402855,True,False
8,C40,hour_h6,0.024257216602563858,True,False
8,C40,hour_h7,0.026506802067160606,True,False
8,C40,hour_h8,0.0213373564183712,True,False
8,C40,hour_h9,0.01969938352704048,True,False
8,C40,hour_h10,0.021763475611805916,True,False
8,C40,hour_h11,0.02076028473675251,True,False
8,C40,hour_h12,0.018810097128152847,True,False
8,C40,hour_h13,0.0217592790722847,True,False
8,C40,hour_h14,0.018691763281822205,True,False
8,C40,hour_h15,0.02006092667579651,True,False
8,C40,hour_h16,0.019223306328058243,True,False
8,C40,hour_h17,0.019737187772989273,True,False
8,C40,hour_h18,0.019115924835205078,True,False
8,C40,hour_h19,0.018354756757616997,True,False
8,C40,hour_h20,0.01851062849164009,True,False
8,C40,hour_h21,0.01962955668568611,True,False
8,C40,hour_h22,0.019237877801060677,True,False
8,C40,hour_h23,0.018999261781573296,True,False
8,C40_resid,d_ch3000_mean,0.04754548519849777,False,True
8,C40_resid,d_ch3000_median,0.02181629091501236,False,False
8,C40_resid,d_ch3000_sd,0.020495682954788208,False,True
8,C40_resid,d_ch3000_vmin,0.0479176864027977,False,False
8,C40_resid,d_ch3000_vmax,0.017677363008260727,False,False
8,C40_resid,d_ch3000_n,0.010533762164413929,False,False
8,C40_resid,d_ch3000_cov_h,0.010095602832734585,False,False
8,C40_resid,d_ch3000_hours,0.0017778949113562703,False,False
8,C40_resid,d_ch3001_mean,0.00923369824886322,False,True
8,C40_resid,d_ch3001_median,0.00425385357812047,False,False
8,C40_resid,d_ch3001_sd,0.013097432442009449,False,True
8,C40_resid,d_ch3001_vmin,0.005828271619975567,False,False
8,C40_resid,d_ch3001_vmax,0.009405813179910183,False,False
8,C40_resid,d_ch3001_n,0.00805231835693121,False,False
8,C40_resid,d_ch3001_cov_h,0.008418940007686615,False,False
8,C40_resid,d_ch3001_hours,0.0018226298270747066,False,False
8,C40_resid,d_ch3002_mean,0.008139295503497124,False,True
8,C40_resid,d_ch3002_median,0.005504655186086893,False,False
8,C40_resid,d_ch3002_sd,0.010338520631194115,False,True
8,C40_resid,d_ch3002_vmin,0.0044772326946258545,False,False
8,C40_resid,d_ch3002_vmax,0.006137870252132416,False,False
8,C40_resid,d_ch3002_n,0.0017079326789826155,False,False
8,C40_resid,d_ch3002_cov_h,0.0018378949025645852,False,False
8,C40_resid,d_ch3002_hours,0.0018181030172854662,False,False
8,C40_resid,d_gap_3000_3001_mean,0.010749281384050846,False,True
8,C40_resid,d_gap_3000_3002_mean,0.013518184423446655,False,True
8,C40_resid,d_gap_3000_3001_sd,0.014180976897478104,False,True
8,C40_resid,d_gap_3000_3002_sd,0.010380201041698456,False,True
8,C40_resid,d_is_weekend,0.0015427933540195227,False,False
8,C40_resid,cosinor_M,0.017438579350709915,True,False
8,C40_resid,cosinor_A1,0.014791052788496017,True,False
8,C40_resid,cosinor_A2,0.014450224116444588,True,False
8,C40_resid,cosinor_A3,0.015933329239487648,True,False
8,C40_resid,cosinor_acro_h,0.0189872607588768,True,False
8,C40_resid,cosinor_resid_sd,0.017832597717642784,True,True
8,C40_resid,curve_night_mean,0.02573237754404545,True,True
8,C40_resid,curve_morning_slope,0.017882268875837326,True,False
8,C40_resid,curve_day_night_contrast,0.015032724477350712,True,False
8,C40_resid,curve_range,0.018609916791319847,True,False
8,C40_resid,curve_entropy,0.020197762176394463,True,False
8,C40_resid,hour_h0,0.017486484721302986,True,False
8,C40_resid,hour_h1,0.01519333478063345,True,False
8,C40_resid,hour_h2,0.014025294221937656,True,False
8,C40_resid,hour_h3,0.014727745205163956,True,False
8,C40_resid,hour_h4,0.023759545758366585,True,False
8,C40_resid,hour_h5,0.019527189433574677,True,False
8,C40_resid,hour_h6,0.02551281452178955,True,False
8,C40_resid,hour_h7,0.026191020384430885,True,False
8,C40_resid,hour_h8,0.021194756031036377,True,False
8,C40_resid,hour_h9,0.019834382459521294,True,False
8,C40_resid,hour_h10,0.02295866049826145,True,False
8,C40_resid,hour_h11,0.02037598192691803,True,False
8,C40_resid,hour_h12,0.01904578134417534,True,False
8,C40_resid,hour_h13,0.021721359342336655,True,False
8,C40_resid,hour_h14,0.019535861909389496,True,False
8,C40_resid,hour_h15,0.02017601765692234,True,False
8,C40_resid,hour_h16,0.01930650696158409,True,False
8,C40_resid,hour_h17,0.019372280687093735,True,False
8,C40_resid,hour_h18,0.019069019705057144,True,False
8,C40_resid,hour_h19,0.018410474061965942,True,False
8,C40_resid,hour_h20,0.018289217725396156,True,False
8,C40_resid,hour_h21,0.01999644562602043,True,False
8,C40_resid,hour_h22,0.02006980963051319,True,False
8,C40_resid,hour_h23,0.019026251509785652,True,False
8,BASE_x_P40,rec__ch3000_observed_days,0.0006294834893196821,False,False
8,BASE_x_P40,rec__ch3000_adequate_days,0.0007132151513360441,False,False
8,BASE_x_P40,rec__ch3000_events,0.0010108222486451268,False,False
8,BASE_x_P40,rec__ch3000_span_days,0.0012035917025059462,False,False
8,BASE_x_P40,rec__ch3000_mean_cov_h,0.0021578222513198853,False,False
8,BASE_x_P40,rec__ch3000_mean_hours,0.001116223051212728,False,False
8,BASE_x_P40,rec__ch3000_events_per_day,0.0011242036707699299,False,False
8,BASE_x_P40,rec__ch3000_mean_of_daily_mean,0.00035406884853728116,False,True
8,BASE_x_P40,rec__ch3000_sd_of_daily_mean,0.00686630979180336,False,True
8,BASE_x_P40,rec__ch3000_mean_of_daily_sd,0.000658738543279469,False,True
8,BASE_x_P40,rec__ch3000_median_of_daily_median,0.00014652391837444156,False,False
8,BASE_x_P40,rec__ch3000_p25_of_daily_median,0.0017182996962219477,False,False
8,BASE_x_P40,rec__ch3000_p75_of_daily_median,0.0003163051442243159,False,False
8,BASE_x_P40,rec__ch3000_iqr_of_daily_median,0.0006473971880041063,False,False
8,BASE_x_P40,rec__ch3000_min_of_daily_min,0.0012721435632556677,False,False
8,BASE_x_P40,rec__ch3000_max_of_daily_max,0.002639753744006157,False,False
8,BASE_x_P40,rec__ch3000_range_of_daily_extremes,0.0054595391266047955,False,False
8,BASE_x_P40,rec__ch3000_weekday_mean,0.036789730191230774,False,True
8,BASE_x_P40,rec__ch3000_weekend_mean,0.0011237392900511622,False,True
8,BASE_x_P40,rec__ch3000_weekend_minus_weekday,0.018359152600169182,False,False
8,BASE_x_P40,rec__ch3001_observed_days,0.0007581111858598888,False,False
8,BASE_x_P40,rec__ch3001_adequate_days,0.0008132656221278012,False,False
8,BASE_x_P40,rec__ch3001_events,0.0018809272442013025,False,False
8,BASE_x_P40,rec__ch3001_span_days,0.0009658635826781392,False,False
8,BASE_x_P40,rec__ch3001_mean_cov_h,0.0008792380685918033,False,False
8,BASE_x_P40,rec__ch3001_mean_hours,0.0006553553394041955,False,False
8,BASE_x_P40,rec__ch3001_events_per_day,0.0006201950600370765,False,False
8,BASE_x_P40,rec__ch3001_mean_of_daily_mean,6.083584958105348e-05,False,True
8,BASE_x_P40,rec__ch3001_sd_of_daily_mean,0.0030399691313505173,False,True
8,BASE_x_P40,rec__ch3001_mean_of_daily_sd,0.0050447555258870125,False,True
8,BASE_x_P40,rec__ch3001_median_of_daily_median,0.00024203445354942232,False,False
8,BASE_x_P40,rec__ch3001_p25_of_daily_median,7.6651296694763e-05,False,False
8,BASE_x_P40,rec__ch3001_p75_of_daily_median,0.0,False,False
8,BASE_x_P40,rec__ch3001_iqr_of_daily_median,0.0003144930233247578,False,False
8,BASE_x_P40,rec__ch3001_min_of_daily_min,0.0018656293395906687,False,False
8,BASE_x_P40,rec__ch3001_max_of_daily_max,0.0010954858735203743,False,False
8,BASE_x_P40,rec__ch3001_range_of_daily_extremes,0.002752023981884122,False,False
8,BASE_x_P40,rec__ch3001_weekday_mean,0.0002635092823766172,False,True
8,BASE_x_P40,rec__ch3001_weekend_mean,0.0008209410007111728,False,True
8,BASE_x_P40,rec__ch3001_weekend_minus_weekday,0.0027061905711889267,False,False
8,BASE_x_P40,rec__ch3002_observed_days,0.0011720566544681787,False,False
8,BASE_x_P40,rec__ch3002_adequate_days,0.0006571305566467345,False,False
8,BASE_x_P40,rec__ch3002_events,0.0011768166441470385,False,False
8,BASE_x_P40,rec__ch3002_span_days,0.001155221019871533,False,False
8,BASE_x_P40,rec__ch3002_mean_cov_h,0.0002830243029166013,False,False
8,BASE_x_P40,rec__ch3002_mean_hours,0.00022907444508746266,False,False
8,BASE_x_P40,rec__ch3002_events_per_day,0.0009220769861713052,False,False
8,BASE_x_P40,rec__ch3002_mean_of_daily_mean,0.00022201075626071543,False,True
8,BASE_x_P40,rec__ch3002_sd_of_daily_mean,0.005566168576478958,False,True
8,BASE_x_P40,rec__ch3002_mean_of_daily_sd,0.015455198474228382,False,True
8,BASE_x_P40,rec__ch3002_median_of_daily_median,8.358314516954124e-05,False,False
8,BASE_x_P40,rec__ch3002_p25_of_daily_median,0.00017287606897298247,False,False
8,BASE_x_P40,rec__ch3002_p75_of_daily_median,0.0003763660497497767,False,False
8,BASE_x_P40,rec__ch3002_iqr_of_daily_median,0.0012265370460227132,False,False
8,BASE_x_P40,rec__ch3002_min_of_daily_min,0.0014807585394009948,False,False
8,BASE_x_P40,rec__ch3002_max_of_daily_max,0.0015315462369471788,False,False
8,BASE_x_P40,rec__ch3002_range_of_daily_extremes,0.0014873442705720663,False,False
8,BASE_x_P40,rec__ch3002_weekday_mean,0.00040825712494552135,False,True
8,BASE_x_P40,rec__ch3002_weekend_mean,0.0010876323794946074,False,True
8,BASE_x_P40,rec__ch3002_weekend_minus_weekday,0.005069561768323183,False,False
8,BASE_x_P40,rec__overall_events,0.0013157036155462265,False,False
8,BASE_x_P40,rec__overall_days,0.00097222242038697,False,False
8,BASE_x_P40,rec__overall_span_days,0.0008822522358968854,False,False
8,BASE_x_P40,rec__overall_adequate_channel_days,0.0011112297652289271,False,False
8,BASE_x_P40,rec__ch3000_minus_ch3001_mean,0.006155196111649275,False,True
8,BASE_x_P40,rec__ch3000_minus_ch3002_mean,0.011089558713138103,False,True
8,BASE_x_P40,rec__ch3000_tod_night,0.0009766460862010717,False,False
8,BASE_x_P40,rec__ch3000_tod_morning,0.02613844722509384,False,False
8,BASE_x_P40,rec__ch3000_tod_afternoon,0.006644978653639555,False,False
8,BASE_x_P40,rec__ch3000_tod_evening,0.001390401623211801,False,False
8,BASE_x_P40,rec__ch3001_tod_night,0.0076070670038461685,False,False
8,BASE_x_P40,rec__ch3001_tod_morning,0.0008498511742800474,False,False
8,BASE_x_P40,rec__ch3001_tod_afternoon,0.0007208914030343294,False,False
8,BASE_x_P40,rec__ch3001_tod_evening,0.0008405836415477097,False,False
8,BASE_x_P40,rec__ch3002_tod_night,0.0013587420107796788,False,False
8,BASE_x_P40,rec__ch3002_tod_morning,0.001713279285468161,False,False
8,BASE_x_P40,rec__ch3002_tod_afternoon,0.0008616987615823746,False,False
8,BASE_x_P40,rec__ch3002_tod_evening,0.000886791676748544,False,False
8,BASE_x_P40,win__ch3000_observed_days,0.0,False,False
8,BASE_x_P40,win__ch3000_adequate_days,5.745326416217722e-05,False,False
8,BASE_x_P40,win__ch3000_events,0.0013993472093716264,False,False
8,BASE_x_P40,win__ch3000_mean_cov_h,0.0020039461087435484,False,False
8,BASE_x_P40,win__ch3000_mean_hours,0.000679926248267293,False,False
8,BASE_x_P40,win__ch3000_events_per_day,0.0007087485864758492,False,False
8,BASE_x_P40,win__ch3000_mean_of_daily_mean,0.0003761140687856823,False,True
8,BASE_x_P40,win__ch3000_sd_of_daily_mean,0.005743531044572592,False,True
8,BASE_x_P40,win__ch3000_mean_of_daily_sd,0.0009245853871107101,False,True
8,BASE_x_P40,win__ch3000_median_of_daily_median,1.3616786418424454e-05,False,False
8,BASE_x_P40,win__ch3000_p25_of_daily_median,0.00035185873275622725,False,False
8,BASE_x_P40,win__ch3000_p75_of_daily_median,9.718818182591349e-05,False,False
8,BASE_x_P40,win__ch3000_iqr_of_daily_median,0.0008403249667026103,False,False
8,BASE_x_P40,win__ch3000_min_of_daily_min,0.001966813113540411,False,False
8,BASE_x_P40,win__ch3000_max_of_daily_max,0.0015203795628622174,False,False
8,BASE_x_P40,win__ch3000_range_of_daily_extremes,0.003098498098552227,False,False
8,BASE_x_P40,win__ch3000_weekday_mean,0.009807764552533627,False,True
8,BASE_x_P40,win__ch3000_weekend_mean,0.0008174116956070065,False,True
8,BASE_x_P40,win__ch3000_weekend_minus_weekday,0.010281653143465519,False,False
8,BASE_x_P40,win__ch3001_observed_days,0.0012448569759726524,False,False
8,BASE_x_P40,win__ch3001_adequate_days,0.0006105408538132906,False,False
8,BASE_x_P40,win__ch3001_events,0.0007747690542601049,False,False
8,BASE_x_P40,win__ch3001_span_days,0.00014541568816639483,False,False
8,BASE_x_P40,win__ch3001_mean_cov_h,0.001964263617992401,False,False
8,BASE_x_P40,win__ch3001_mean_hours,0.0007679269183427095,False,False
8,BASE_x_P40,win__ch3001_events_per_day,0.0015271407319232821,False,False
8,BASE_x_P40,win__ch3001_mean_of_daily_mean,0.000246664130827412,False,True
8,BASE_x_P40,win__ch3001_sd_of_daily_mean,0.0036017524544149637,False,True
8,BASE_x_P40,win__ch3001_mean_of_daily_sd,0.0034489461686462164,False,True
8,BASE_x_P40,win__ch3001_median_of_daily_median,0.00010319546709069982,False,False
8,BASE_x_P40,win__ch3001_p25_of_daily_median,0.00021365316933952272,False,False
8,BASE_x_P40,win__ch3001_p75_of_daily_median,0.0005128319025970995,False,False
8,BASE_x_P40,win__ch3001_iqr_of_daily_median,0.0007368667284026742,False,False
8,BASE_x_P40,win__ch3001_min_of_daily_min,0.0015672106528654695,False,False
8,BASE_x_P40,win__ch3001_max_of_daily_max,0.0016384039772674441,False,False
8,BASE_x_P40,win__ch3001_range_of_daily_extremes,0.002242298796772957,False,False
8,BASE_x_P40,win__ch3001_weekday_mean,0.0005773225566372275,False,True
8,BASE_x_P40,win__ch3001_weekend_mean,0.0004488913982640952,False,True
8,BASE_x_P40,win__ch3001_weekend_minus_weekday,0.002064160769805312,False,False
8,BASE_x_P40,win__ch3002_observed_days,0.0004375127609819174,False,False
8,BASE_x_P40,win__ch3002_adequate_days,0.0009294698829762638,False,False
8,BASE_x_P40,win__ch3002_events,0.00045722463983111084,False,False
8,BASE_x_P40,win__ch3002_span_days,0.00031283055432140827,False,False
8,BASE_x_P40,win__ch3002_mean_cov_h,0.0005435596103779972,False,False
8,BASE_x_P40,win__ch3002_mean_hours,0.00040314404759556055,False,False
8,BASE_x_P40,win__ch3002_events_per_day,0.00031835041590966284,False,False
8,BASE_x_P40,win__ch3002_mean_of_daily_mean,0.000522384827490896,False,True
8,BASE_x_P40,win__ch3002_sd_of_daily_mean,0.007134842220693827,False,True
8,BASE_x_P40,win__ch3002_mean_of_daily_sd,0.00325304944999516,False,True
8,BASE_x_P40,win__ch3002_median_of_daily_median,0.0,False,False
8,BASE_x_P40,win__ch3002_p25_of_daily_median,0.0005955439410172403,False,False
8,BASE_x_P40,win__ch3002_p75_of_daily_median,0.0001490230206400156,False,False
8,BASE_x_P40,win__ch3002_iqr_of_daily_median,0.0016020910115912557,False,False
8,BASE_x_P40,win__ch3002_min_of_daily_min,0.0014551552012562752,False,False
8,BASE_x_P40,win__ch3002_max_of_daily_max,0.002020674990490079,False,False
8,BASE_x_P40,win__ch3002_range_of_daily_extremes,0.0016152894822880626,False,False
8,BASE_x_P40,win__ch3002_weekday_mean,0.00032307193032465875,False,True
8,BASE_x_P40,win__ch3002_weekend_mean,0.0016472049755975604,False,True
8,BASE_x_P40,win__ch3002_weekend_minus_weekday,0.002647017128765583,False,False
8,BASE_x_P40,win__overall_events,0.0012123013148084283,False,False
8,BASE_x_P40,win__overall_days,0.0,False,False
8,BASE_x_P40,win__overall_adequate_channel_days,0.0005051089683547616,False,False
8,BASE_x_P40,win__ch3000_minus_ch3001_mean,0.005864560604095459,False,True
8,BASE_x_P40,win__ch3000_minus_ch3002_mean,0.008849692530930042,False,True
8,BASE_x_P40,win__ch3000_tod_night,0.0013879769248887897,False,False
8,BASE_x_P40,win__ch3000_tod_morning,0.017843225970864296,False,False
8,BASE_x_P40,win__ch3000_tod_afternoon,0.009506245143711567,False,False
8,BASE_x_P40,win__ch3000_tod_evening,0.0010989186121150851,False,False
8,BASE_x_P40,win__ch3001_tod_night,0.001376885687932372,False,False
8,BASE_x_P40,win__ch3001_tod_morning,0.0012092769611626863,False,False
8,BASE_x_P40,win__ch3001_tod_afternoon,0.0008754508453421295,False,False
8,BASE_x_P40,win__ch3001_tod_evening,0.0008646885398775339,False,False
8,BASE_x_P40,win__ch3002_tod_night,0.001215190626680851,False,False
8,BASE_x_P40,win__ch3002_tod_morning,0.0017266209470108151,False,False
8,BASE_x_P40,win__ch3002_tod_afternoon,0.0011008172295987606,False,False
8,BASE_x_P40,win__ch3002_tod_evening,0.0004991051973775029,False,False
8,BASE_x_P40,roll_rec__ch3000_daily_hours_w30_max,0.0007520799990743399,False,False
8,BASE_x_P40,roll_rec__ch3000_daily_hours_w30_mean,0.0009088069200515747,False,True
8,BASE_x_P40,roll_rec__ch3000_daily_hours_w30_min,0.0008494877838529646,False,False
8,BASE_x_P40,roll_rec__ch3000_daily_hours_w30_sd,0.0022480501793324947,False,True
8,BASE_x_P40,roll_rec__ch3000_daily_hours_w30_slope,0.0020644599571824074,False,False
8,BASE_x_P40,roll_rec__ch3000_daily_hours_w7_max,0.00023341126507148147,False,False
8,BASE_x_P40,roll_rec__ch3000_daily_hours_w7_mean,0.000894215190783143,False,True
8,BASE_x_P40,roll_rec__ch3000_daily_hours_w7_min,0.0016624225536361337,False,False
8,BASE_x_P40,roll_rec__ch3000_daily_hours_w7_sd,0.0015494441613554955,False,True
8,BASE_x_P40,roll_rec__ch3000_daily_hours_w7_slope,0.003174496814608574,False,False
8,BASE_x_P40,roll_rec__ch3000_daily_mean_w30_max,0.0005783565575256944,False,False
8,BASE_x_P40,roll_rec__ch3000_daily_mean_w30_mean,0.004141511395573616,False,True
8,BASE_x_P40,roll_rec__ch3000_daily_mean_w30_min,0.00558649143204093,False,False
8,BASE_x_P40,roll_rec__ch3000_daily_mean_w30_sd,0.0009969768580049276,False,True
8,BASE_x_P40,roll_rec__ch3000_daily_mean_w30_slope,0.0011133126681670547,False,False
8,BASE_x_P40,roll_rec__ch3000_daily_mean_w7_max,0.0016900596674531698,False,False
8,BASE_x_P40,roll_rec__ch3000_daily_mean_w7_mean,0.006404924672096968,False,True
8,BASE_x_P40,roll_rec__ch3000_daily_mean_w7_min,0.0011269942624494433,False,False
8,BASE_x_P40,roll_rec__ch3000_daily_mean_w7_sd,0.0013083366211503744,False,True
8,BASE_x_P40,roll_rec__ch3000_daily_mean_w7_slope,0.0014113581273704767,False,False
8,BASE_x_P40,roll_rec__ch3000_daily_median_w30_max,0.0012028380297124386,False,False
8,BASE_x_P40,roll_rec__ch3000_daily_median_w30_mean,0.0009341131080873311,False,True
8,BASE_x_P40,roll_rec__ch3000_daily_median_w30_min,0.0004904107772745192,False,False
8,BASE_x_P40,roll_rec__ch3000_daily_median_w30_sd,0.0022123546805232763,False,True
8,BASE_x_P40,roll_rec__ch3000_daily_median_w30_slope,0.0018298408249393106,False,False
8,BASE_x_P40,roll_rec__ch3000_daily_median_w7_max,0.0012799790129065514,False,False
8,BASE_x_P40,roll_rec__ch3000_daily_median_w7_mean,0.00021664549421984702,False,True
8,BASE_x_P40,roll_rec__ch3000_daily_median_w7_min,5.5687047279207036e-05,False,False
8,BASE_x_P40,roll_rec__ch3000_daily_median_w7_sd,0.0012898169225081801,False,True
8,BASE_x_P40,roll_rec__ch3000_daily_median_w7_slope,0.0010664301225915551,False,False
8,BASE_x_P40,roll_rec__ch3000_daily_sd_w30_max,0.0020741040352731943,False,False
8,BASE_x_P40,roll_rec__ch3000_daily_sd_w30_mean,0.0012224147794768214,False,True
8,BASE_x_P40,roll_rec__ch3000_daily_sd_w30_min,0.0008977216202765703,False,False
8,BASE_x_P40,roll_rec__ch3000_daily_sd_w30_sd,0.0030928372871130705,False,True
8,BASE_x_P40,roll_rec__ch3000_daily_sd_w30_slope,0.0020799674093723297,False,False
8,BASE_x_P40,roll_rec__ch3000_daily_sd_w7_max,0.0027577450964599848,False,False
8,BASE_x_P40,roll_rec__ch3000_daily_sd_w7_mean,0.001213863492012024,False,True
8,BASE_x_P40,roll_rec__ch3000_daily_sd_w7_min,0.002655784599483013,False,False
8,BASE_x_P40,roll_rec__ch3000_daily_sd_w7_sd,0.003580802585929632,False,True
8,BASE_x_P40,roll_rec__ch3000_daily_sd_w7_slope,0.002527221804484725,False,False
8,BASE_x_P40,roll_rec__ch3001_daily_hours_w30_max,0.001783189014531672,False,False
8,BASE_x_P40,roll_rec__ch3001_daily_hours_w30_mean,0.00032480937079526484,False,True
8,BASE_x_P40,roll_rec__ch3001_daily_hours_w30_min,0.0012271322775632143,False,False
8,BASE_x_P40,roll_rec__ch3001_daily_hours_w30_sd,0.0010186409344896674,False,True
8,BASE_x_P40,roll_rec__ch3001_daily_hours_w30_slope,0.0022801063023507595,False,False
8,BASE_x_P40,roll_rec__ch3001_daily_hours_w7_max,0.000903627194929868,False,False
8,BASE_x_P40,roll_rec__ch3001_daily_hours_w7_mean,0.0010635886574164033,False,True
8,BASE_x_P40,roll_rec__ch3001_daily_hours_w7_min,0.0018731814343482256,False,False
8,BASE_x_P40,roll_rec__ch3001_daily_hours_w7_sd,0.0022172839380800724,False,True
8,BASE_x_P40,roll_rec__ch3001_daily_hours_w7_slope,0.0015716482885181904,False,False
8,BASE_x_P40,roll_rec__ch3001_daily_mean_w30_max,0.0005693991552107036,False,False
8,BASE_x_P40,roll_rec__ch3001_daily_mean_w30_mean,0.00026745579089038074,False,True
8,BASE_x_P40,roll_rec__ch3001_daily_mean_w30_min,0.00032800796907395124,False,False
8,BASE_x_P40,roll_rec__ch3001_daily_mean_w30_sd,0.0011026234133169055,False,True
8,BASE_x_P40,roll_rec__ch3001_daily_mean_w30_slope,0.0013812814140692353,False,False
8,BASE_x_P40,roll_rec__ch3001_daily_mean_w7_max,0.0008379308856092393,False,False
8,BASE_x_P40,roll_rec__ch3001_daily_mean_w7_mean,0.0001949616416823119,False,True
8,BASE_x_P40,roll_rec__ch3001_daily_mean_w7_min,0.0008648440707474947,False,False
8,BASE_x_P40,roll_rec__ch3001_daily_mean_w7_sd,0.0016493508592247963,False,True
8,BASE_x_P40,roll_rec__ch3001_daily_mean_w7_slope,0.0016286615282297134,False,False
8,BASE_x_P40,roll_rec__ch3001_daily_median_w30_max,0.001044810633175075,False,False
8,BASE_x_P40,roll_rec__ch3001_daily_median_w30_mean,0.0008796851034276187,False,True
8,BASE_x_P40,roll_rec__ch3001_daily_median_w30_min,0.0003171635325998068,False,False
8,BASE_x_P40,roll_rec__ch3001_daily_median_w30_sd,0.0012774915667250752,False,True
8,BASE_x_P40,roll_rec__ch3001_daily_median_w30_slope,0.001311296015046537,False,False
8,BASE_x_P40,roll_rec__ch3001_daily_median_w7_max,0.0011189124779775739,False,False
8,BASE_x_P40,roll_rec__ch3001_daily_median_w7_mean,0.00042471103370189667,False,True
8,BASE_x_P40,roll_rec__ch3001_daily_median_w7_min,0.0006949236267246306,False,False
8,BASE_x_P40,roll_rec__ch3001_daily_median_w7_sd,0.0013669986510649323,False,True
8,BASE_x_P40,roll_rec__ch3001_daily_median_w7_slope,0.0016730997012928128,False,False
8,BASE_x_P40,roll_rec__ch3001_daily_sd_w30_max,0.004431937821209431,False,False
8,BASE_x_P40,roll_rec__ch3001_daily_sd_w30_mean,0.0015635009622201324,False,True
8,BASE_x_P40,roll_rec__ch3001_daily_sd_w30_min,0.0011898037046194077,False,False
8,BASE_x_P40,roll_rec__ch3001_daily_sd_w30_sd,0.0017747430829331279,False,True
8,BASE_x_P40,roll_rec__ch3001_daily_sd_w30_slope,0.0016894476721063256,False,False
8,BASE_x_P40,roll_rec__ch3001_daily_sd_w7_max,0.006769037805497646,False,False
8,BASE_x_P40,roll_rec__ch3001_daily_sd_w7_mean,0.0014304552460089326,False,True
8,BASE_x_P40,roll_rec__ch3001_daily_sd_w7_min,0.0021826853044331074,False,False
8,BASE_x_P40,roll_rec__ch3001_daily_sd_w7_sd,0.002836884232237935,False,True
8,BASE_x_P40,roll_rec__ch3001_daily_sd_w7_slope,0.0019543885719031096,False,False
8,BASE_x_P40,roll_rec__ch3002_daily_hours_w30_max,0.0016018683090806007,False,False
8,BASE_x_P40,roll_rec__ch3002_daily_hours_w30_mean,0.0008014658815227449,False,True
8,BASE_x_P40,roll_rec__ch3002_daily_hours_w30_min,0.0009469474316574633,False,False
8,BASE_x_P40,roll_rec__ch3002_daily_hours_w30_sd,0.0017749795224517584,False,True
8,BASE_x_P40,roll_rec__ch3002_daily_hours_w30_slope,0.0021534611005336046,False,False
8,BASE_x_P40,roll_rec__ch3002_daily_hours_w7_max,0.0011661956086754799,False,False
8,BASE_x_P40,roll_rec__ch3002_daily_hours_w7_mean,0.00022054709552321583,False,True
8,BASE_x_P40,roll_rec__ch3002_daily_hours_w7_min,0.0016867973608896136,False,False
8,BASE_x_P40,roll_rec__ch3002_daily_hours_w7_sd,0.002255752682685852,False,True
8,BASE_x_P40,roll_rec__ch3002_daily_hours_w7_slope,0.0014045073185116053,False,False
8,BASE_x_P40,roll_rec__ch3002_daily_mean_w30_max,0.00028451511752791703,False,False
8,BASE_x_P40,roll_rec__ch3002_daily_mean_w30_mean,0.0008342030341736972,False,True
8,BASE_x_P40,roll_rec__ch3002_daily_mean_w30_min,0.00044901727233082056,False,False
8,BASE_x_P40,roll_rec__ch3002_daily_mean_w30_sd,0.0011989690829068422,False,True
8,BASE_x_P40,roll_rec__ch3002_daily_mean_w30_slope,0.001609332743100822,False,False
8,BASE_x_P40,roll_rec__ch3002_daily_mean_w7_max,0.0011560574639588594,False,False
8,BASE_x_P40,roll_rec__ch3002_daily_mean_w7_mean,0.00047937376075424254,False,True
8,BASE_x_P40,roll_rec__ch3002_daily_mean_w7_min,0.001953965052962303,False,False
8,BASE_x_P40,roll_rec__ch3002_daily_mean_w7_sd,0.002712750108912587,False,True
8,BASE_x_P40,roll_rec__ch3002_daily_mean_w7_slope,0.0016873134300112724,False,False
8,BASE_x_P40,roll_rec__ch3002_daily_median_w30_max,0.00018104973423760384,False,False
8,BASE_x_P40,roll_rec__ch3002_daily_median_w30_mean,0.00040752513450570405,False,True
8,BASE_x_P40,roll_rec__ch3002_daily_median_w30_min,0.0004700081190094352,False,False
8,BASE_x_P40,roll_rec__ch3002_daily_median_w30_sd,0.0017451740568503737,False,True
8,BASE_x_P40,roll_rec__ch3002_daily_median_w30_slope,0.0010775276459753513,False,False
8,BASE_x_P40,roll_rec__ch3002_daily_median_w7_max,0.0007966540288180113,False,False
8,BASE_x_P40,roll_rec__ch3002_daily_median_w7_mean,0.00045232768752612174,False,True
8,BASE_x_P40,roll_rec__ch3002_daily_median_w7_min,0.0009590149275027215,False,False
8,BASE_x_P40,roll_rec__ch3002_daily_median_w7_sd,0.0013097963528707623,False,True
8,BASE_x_P40,roll_rec__ch3002_daily_median_w7_slope,0.0016185690183192492,False,False
8,BASE_x_P40,roll_rec__ch3002_daily_sd_w30_max,0.0050421510823071,False,False
8,BASE_x_P40,roll_rec__ch3002_daily_sd_w30_mean,0.003818809986114502,False,True
8,BASE_x_P40,roll_rec__ch3002_daily_sd_w30_min,0.00178720080293715,False,False
8,BASE_x_P40,roll_rec__ch3002_daily_sd_w30_sd,0.002762703923508525,False,True
8,BASE_x_P40,roll_rec__ch3002_daily_sd_w30_slope,0.002981367288157344,False,False
8,BASE_x_P40,roll_rec__ch3002_daily_sd_w7_max,0.011860717087984085,False,False
8,BASE_x_P40,roll_rec__ch3002_daily_sd_w7_mean,0.00608296412974596,False,True
8,BASE_x_P40,roll_rec__ch3002_daily_sd_w7_min,0.0026942987460643053,False,False
8,BASE_x_P40,roll_rec__ch3002_daily_sd_w7_sd,0.004759442061185837,False,True
8,BASE_x_P40,roll_rec__ch3002_daily_sd_w7_slope,0.0025014858692884445,False,False
8,BASE_x_P40,roll_win__ch3000_daily_hours_w30_max,0.001059752656146884,False,False
8,BASE_x_P40,roll_win__ch3000_daily_hours_w30_mean,0.0009326879517175257,False,True
8,BASE_x_P40,roll_win__ch3000_daily_hours_w30_min,0.0020009309519082308,False,False
8,BASE_x_P40,roll_win__ch3000_daily_hours_w30_sd,0.0025882406625896692,False,True
8,BASE_x_P40,roll_win__ch3000_daily_hours_w30_slope,0.0020732413977384567,False,False
8,BASE_x_P40,roll_win__ch3000_daily_hours_w7_max,0.0002959190169349313,False,False
8,BASE_x_P40,roll_win__ch3000_daily_hours_w7_mean,0.0010222243145108223,False,True
8,BASE_x_P40,roll_win__ch3000_daily_hours_w7_min,0.0018366518197581172,False,False
8,BASE_x_P40,roll_win__ch3000_daily_hours_w7_sd,0.0034213175531476736,False,True
8,BASE_x_P40,roll_win__ch3000_daily_hours_w7_slope,0.0014204845065250993,False,False
8,BASE_x_P40,roll_win__ch3000_daily_mean_w30_max,0.0016304926248267293,False,False
8,BASE_x_P40,roll_win__ch3000_daily_mean_w30_mean,0.00035377987660467625,False,True
8,BASE_x_P40,roll_win__ch3000_daily_mean_w30_min,0.0005750217824243009,False,False
8,BASE_x_P40,roll_win__ch3000_daily_mean_w30_sd,0.001889085047878325,False,True
8,BASE_x_P40,roll_win__ch3000_daily_mean_w30_slope,0.0024005016312003136,False,False
8,BASE_x_P40,roll_win__ch3000_daily_mean_w7_max,0.0011475535575300455,False,False
8,BASE_x_P40,roll_win__ch3000_daily_mean_w7_mean,0.0014246630016714334,False,True
8,BASE_x_P40,roll_win__ch3000_daily_mean_w7_min,0.0031462411861866713,False,False
8,BASE_x_P40,roll_win__ch3000_daily_mean_w7_sd,0.0017731975531205535,False,True
8,BASE_x_P40,roll_win__ch3000_daily_mean_w7_slope,0.002152458531782031,False,False
8,BASE_x_P40,roll_win__ch3000_daily_median_w30_max,0.0008012565085664392,False,False
8,BASE_x_P40,roll_win__ch3000_daily_median_w30_mean,0.0006136331940069795,False,True
8,BASE_x_P40,roll_win__ch3000_daily_median_w30_min,0.0007056966423988342,False,False
8,BASE_x_P40,roll_win__ch3000_daily_median_w30_sd,0.00083460274618119,False,True
8,BASE_x_P40,roll_win__ch3000_daily_median_w30_slope,0.0023857196792960167,False,False
8,BASE_x_P40,roll_win__ch3000_daily_median_w7_max,0.00029004112002439797,False,False
8,BASE_x_P40,roll_win__ch3000_daily_median_w7_mean,0.00032116693910211325,False,True
8,BASE_x_P40,roll_win__ch3000_daily_median_w7_min,0.0010210024192929268,False,False
8,BASE_x_P40,roll_win__ch3000_daily_median_w7_sd,0.0024413105566054583,False,True
8,BASE_x_P40,roll_win__ch3000_daily_median_w7_slope,0.00161436025518924,False,False
8,BASE_x_P40,roll_win__ch3000_daily_sd_w30_max,0.0007257123943418264,False,False
8,BASE_x_P40,roll_win__ch3000_daily_sd_w30_mean,0.0011797386687248945,False,True
8,BASE_x_P40,roll_win__ch3000_daily_sd_w30_min,0.0018211679998785257,False,False
8,BASE_x_P40,roll_win__ch3000_daily_sd_w30_sd,0.0016835691640153527,False,True
8,BASE_x_P40,roll_win__ch3000_daily_sd_w30_slope,0.0021990775130689144,False,False
8,BASE_x_P40,roll_win__ch3000_daily_sd_w7_max,0.0016031829873099923,False,False
8,BASE_x_P40,roll_win__ch3000_daily_sd_w7_mean,0.0007662896532565355,False,True
8,BASE_x_P40,roll_win__ch3000_daily_sd_w7_min,0.0033216802403330803,False,False
8,BASE_x_P40,roll_win__ch3000_daily_sd_w7_sd,0.0019383362960070372,False,True
8,BASE_x_P40,roll_win__ch3000_daily_sd_w7_slope,0.0033009618055075407,False,False
8,BASE_x_P40,roll_win__ch3001_daily_hours_w30_max,0.0009398120455443859,False,False
8,BASE_x_P40,roll_win__ch3001_daily_hours_w30_mean,0.00028124870732426643,False,True
8,BASE_x_P40,roll_win__ch3001_daily_hours_w30_min,0.0017229869263246655,False,False
8,BASE_x_P40,roll_win__ch3001_daily_hours_w30_sd,0.002164603676646948,False,True
8,BASE_x_P40,roll_win__ch3001_daily_hours_w30_slope,0.001714328653179109,False,False
8,BASE_x_P40,roll_win__ch3001_daily_hours_w7_max,0.0012628461699932814,False,False
8,BASE_x_P40,roll_win__ch3001_daily_hours_w7_mean,0.0008196305716410279,False,True
8,BASE_x_P40,roll_win__ch3001_daily_hours_w7_min,0.0011385012185201049,False,False
8,BASE_x_P40,roll_win__ch3001_daily_hours_w7_sd,0.006205318029969931,False,True
8,BASE_x_P40,roll_win__ch3001_daily_hours_w7_slope,0.0025052265264093876,False,False
8,BASE_x_P40,roll_win__ch3001_daily_mean_w30_max,0.00031608983408659697,False,False
8,BASE_x_P40,roll_win__ch3001_daily_mean_w30_mean,0.00023650458024349064,False,True
8,BASE_x_P40,roll_win__ch3001_daily_mean_w30_min,0.0002933645446319133,False,False
8,BASE_x_P40,roll_win__ch3001_daily_mean_w30_sd,0.0021597587037831545,False,True
8,BASE_x_P40,roll_win__ch3001_daily_mean_w30_slope,0.0014594303211197257,False,False
8,BASE_x_P40,roll_win__ch3001_daily_mean_w7_max,0.0006388191250152886,False,False
8,BASE_x_P40,roll_win__ch3001_daily_mean_w7_mean,0.0003593431320041418,False,True
8,BASE_x_P40,roll_win__ch3001_daily_mean_w7_min,0.0003890568914357573,False,False
8,BASE_x_P40,roll_win__ch3001_daily_mean_w7_sd,0.002452373504638672,False,True
8,BASE_x_P40,roll_win__ch3001_daily_mean_w7_slope,0.0018818001262843609,False,False
8,BASE_x_P40,roll_win__ch3001_daily_median_w30_max,0.00018817413365468383,False,False
8,BASE_x_P40,roll_win__ch3001_daily_median_w30_mean,0.0004508752899710089,False,True
8,BASE_x_P40,roll_win__ch3001_daily_median_w30_min,0.0003879564465023577,False,False
8,BASE_x_P40,roll_win__ch3001_daily_median_w30_sd,0.0018043781165033579,False,True
8,BASE_x_P40,roll_win__ch3001_daily_median_w30_slope,0.0018933844985440373,False,False
8,BASE_x_P40,roll_win__ch3001_daily_median_w7_max,0.0007187668816186488,False,False
8,BASE_x_P40,roll_win__ch3001_daily_median_w7_mean,0.00028845766792073846,False,True
8,BASE_x_P40,roll_win__ch3001_daily_median_w7_min,0.00032155358348973095,False,False
8,BASE_x_P40,roll_win__ch3001_daily_median_w7_sd,0.0017363523365929723,False,True
8,BASE_x_P40,roll_win__ch3001_daily_median_w7_slope,0.0014719379832968116,False,False
8,BASE_x_P40,roll_win__ch3001_daily_sd_w30_max,0.003893801011145115,False,False
8,BASE_x_P40,roll_win__ch3001_daily_sd_w30_mean,0.003926379606127739,False,True
8,BASE_x_P40,roll_win__ch3001_daily_sd_w30_min,0.0024976516142487526,False,False
8,BASE_x_P40,roll_win__ch3001_daily_sd_w30_sd,0.0019825201015919447,False,True
8,BASE_x_P40,roll_win__ch3001_daily_sd_w30_slope,0.0016022094059735537,False,False
8,BASE_x_P40,roll_win__ch3001_daily_sd_w7_max,0.005145326256752014,False,False
8,BASE_x_P40,roll_win__ch3001_daily_sd_w7_mean,0.00208045425824821,False,True
8,BASE_x_P40,roll_win__ch3001_daily_sd_w7_min,0.0023458015639334917,False,False
8,BASE_x_P40,roll_win__ch3001_daily_sd_w7_sd,0.0013874266296625137,False,True
8,BASE_x_P40,roll_win__ch3001_daily_sd_w7_slope,0.0025280844420194626,False,False
8,BASE_x_P40,roll_win__ch3002_daily_hours_w30_max,0.000412593042710796,False,False
8,BASE_x_P40,roll_win__ch3002_daily_hours_w30_mean,0.0007176397484727204,False,True
8,BASE_x_P40,roll_win__ch3002_daily_hours_w30_min,0.0014771472197026014,False,False
8,BASE_x_P40,roll_win__ch3002_daily_hours_w30_sd,0.0031240778043866158,False,True
8,BASE_x_P40,roll_win__ch3002_daily_hours_w30_slope,0.0016557936323806643,False,False
8,BASE_x_P40,roll_win__ch3002_daily_hours_w7_max,0.0013504192465916276,False,False
8,BASE_x_P40,roll_win__ch3002_daily_hours_w7_mean,0.0008175168768502772,False,True
8,BASE_x_P40,roll_win__ch3002_daily_hours_w7_min,0.00104786385782063,False,False
8,BASE_x_P40,roll_win__ch3002_daily_hours_w7_sd,0.0049681710079312325,False,True
8,BASE_x_P40,roll_win__ch3002_daily_hours_w7_slope,0.0015767902368679643,False,False
8,BASE_x_P40,roll_win__ch3002_daily_mean_w30_max,0.000558681262191385,False,False
8,BASE_x_P40,roll_win__ch3002_daily_mean_w30_mean,0.00012221263023093343,False,True
8,BASE_x_P40,roll_win__ch3002_daily_mean_w30_min,0.0005255293799564242,False,False
8,BASE_x_P40,roll_win__ch3002_daily_mean_w30_sd,0.0014877700014039874,False,True
8,BASE_x_P40,roll_win__ch3002_daily_mean_w30_slope,0.0024543285835534334,False,False
8,BASE_x_P40,roll_win__ch3002_daily_mean_w7_max,0.0009126192890107632,False,False
8,BASE_x_P40,roll_win__ch3002_daily_mean_w7_mean,0.0006360611296258867,False,True
8,BASE_x_P40,roll_win__ch3002_daily_mean_w7_min,0.0004776058194693178,False,False
8,BASE_x_P40,roll_win__ch3002_daily_mean_w7_sd,0.0015538391890004277,False,True
8,BASE_x_P40,roll_win__ch3002_daily_mean_w7_slope,0.0018131773686036468,False,False
8,BASE_x_P40,roll_win__ch3002_daily_median_w30_max,0.0002054818905889988,False,False
8,BASE_x_P40,roll_win__ch3002_daily_median_w30_mean,0.0005507112946361303,False,True
8,BASE_x_P40,roll_win__ch3002_daily_median_w30_min,0.00038912490708753467,False,False
8,BASE_x_P40,roll_win__ch3002_daily_median_w30_sd,0.0016575088957324624,False,True
8,BASE_x_P40,roll_win__ch3002_daily_median_w30_slope,0.0021472214721143246,False,False
8,BASE_x_P40,roll_win__ch3002_daily_median_w7_max,0.0005473560886457562,False,False
8,BASE_x_P40,roll_win__ch3002_daily_median_w7_mean,0.0002611716336105019,False,True
8,BASE_x_P40,roll_win__ch3002_daily_median_w7_min,0.0007223972934298217,False,False
8,BASE_x_P40,roll_win__ch3002_daily_median_w7_sd,0.0017929986352100968,False,True
8,BASE_x_P40,roll_win__ch3002_daily_median_w7_slope,0.0018188676331192255,False,False
8,BASE_x_P40,roll_win__ch3002_daily_sd_w30_max,0.0017594672972336411,False,False
8,BASE_x_P40,roll_win__ch3002_daily_sd_w30_mean,0.0009637572220526636,False,True
8,BASE_x_P40,roll_win__ch3002_daily_sd_w30_min,0.0017221958842128515,False,False
8,BASE_x_P40,roll_win__ch3002_daily_sd_w30_sd,0.0023289616219699383,False,True
8,BASE_x_P40,roll_win__ch3002_daily_sd_w30_slope,0.002434779657050967,False,False
8,BASE_x_P40,roll_win__ch3002_daily_sd_w7_max,0.001888563740067184,False,False
8,BASE_x_P40,roll_win__ch3002_daily_sd_w7_mean,0.001042913063429296,False,True
8,BASE_x_P40,roll_win__ch3002_daily_sd_w7_min,0.0015817841049283743,False,False
8,BASE_x_P40,roll_win__ch3002_daily_sd_w7_sd,0.0017503794515505433,False,True
8,BASE_x_P40,roll_win__ch3002_daily_sd_w7_slope,0.0021537996362894773,False,False
8,BASE_x_P40,cosinor_M_mean,0.0031966513488441706,False,True
8,BASE_x_P40,cosinor_A1_mean,0.0016369677614420652,False,True
8,BASE_x_P40,cosinor_A2_mean,0.0015102376928552985,False,True
8,BASE_x_P40,cosinor_A3_mean,0.0019634452182799578,False,True
8,BASE_x_P40,cosinor_acro_h_mean,0.00290532479993999,False,True
8,BASE_x_P40,cosinor_resid_sd_mean,0.008909773081541061,False,True
8,BASE_x_P40,curve_night_mean_mean,0.00048035907093435526,False,True
8,BASE_x_P40,curve_morning_slope_mean,0.0017235275590792298,False,True
8,BASE_x_P40,curve_day_night_contrast_mean,0.0012614220613613725,False,True
8,BASE_x_P40,curve_range_mean,0.001492187730036676,False,True
8,BASE_x_P40,curve_entropy_mean,0.0011813059682026505,False,True
8,BASE_x_P40,hour_h0_mean,0.0008779074414633214,False,True
8,BASE_x_P40,hour_h1_mean,0.0005395603948272765,False,True
8,BASE_x_P40,hour_h2_mean,0.0007896301685832441,False,True
8,BASE_x_P40,hour_h3_mean,0.001788551453500986,False,True
8,BASE_x_P40,hour_h4_mean,0.0010265562450513244,False,True
8,BASE_x_P40,hour_h5_mean,0.0015094317495822906,False,True
8,BASE_x_P40,hour_h6_mean,0.0015017470577731729,False,True
8,BASE_x_P40,hour_h7_mean,0.00403973925858736,False,True
8,BASE_x_P40,hour_h8_mean,0.0031539297197014093,False,True
8,BASE_x_P40,hour_h9_mean,0.004250693134963512,False,True
8,BASE_x_P40,hour_h10_mean,0.009279532358050346,False,True
8,BASE_x_P40,hour_h11_mean,0.005880079232156277,False,True
8,BASE_x_P40,hour_h12_mean,0.004044916946440935,False,True
8,BASE_x_P40,hour_h13_mean,0.009148078970611095,False,True
8,BASE_x_P40,hour_h14_mean,0.00354101974517107,False,True
8,BASE_x_P40,hour_h15_mean,0.0037344107404351234,False,True
8,BASE_x_P40,hour_h16_mean,0.003632300766184926,False,True
8,BASE_x_P40,hour_h17_mean,0.003913289401680231,False,True
8,BASE_x_P40,hour_h18_mean,0.0018261084333062172,False,True
8,BASE_x_P40,hour_h19_mean,0.0017580811399966478,False,True
8,BASE_x_P40,hour_h20_mean,0.001235168892890215,False,True
8,BASE_x_P40,hour_h21_mean,0.0014957509702071548,False,True
8,BASE_x_P40,hour_h22_mean,0.0015457376139238477,False,True
8,BASE_x_P40,hour_h23_mean,0.0007115883636288345,False,True
8,BASE_x_P40,cosinor_M_sd,0.0025750885251909494,False,True
8,BASE_x_P40,cosinor_A1_sd,0.0014145448803901672,False,True
8,BASE_x_P40,cosinor_A2_sd,0.001333180465735495,False,True
8,BASE_x_P40,cosinor_A3_sd,0.001253451220691204,False,True
8,BASE_x_P40,cosinor_acro_h_sd,0.002183413365855813,False,True
8,BASE_x_P40,cosinor_resid_sd_sd,0.002406933344900608,False,True
8,BASE_x_P40,curve_night_mean_sd,0.002402231562882662,False,True
8,BASE_x_P40,curve_morning_slope_sd,0.002708453917875886,False,True
8,BASE_x_P40,curve_day_night_contrast_sd,0.009282899089157581,False,True
8,BASE_x_P40,curve_range_sd,0.004602461587637663,False,True
8,BASE_x_P40,curve_entropy_sd,0.0030812129843980074,False,True
8,BASE_x_P40,hour_h0_sd,0.0025755618698894978,False,True
8,BASE_x_P40,hour_h1_sd,0.002441105432808399,False,True
8,BASE_x_P40,hour_h2_sd,0.0017796297324821353,False,True
8,BASE_x_P40,hour_h3_sd,0.0016630832105875015,False,True
8,BASE_x_P40,hour_h4_sd,0.006459239404648542,False,True
8,BASE_x_P40,hour_h5_sd,0.002611033385619521,False,True
8,BASE_x_P40,hour_h6_sd,0.003162052948027849,False,True
8,BASE_x_P40,hour_h7_sd,0.006103157997131348,False,True
8,BASE_x_P40,hour_h8_sd,0.0028233560733497143,False,True
8,BASE_x_P40,hour_h9_sd,0.0025756177492439747,False,True
8,BASE_x_P40,hour_h10_sd,0.0016342051094397902,False,True
8,BASE_x_P40,hour_h11_sd,0.002118414733558893,False,True
8,BASE_x_P40,hour_h12_sd,0.002372964983806014,False,True
8,BASE_x_P40,hour_h13_sd,0.0028279845137149096,False,True
8,BASE_x_P40,hour_h14_sd,0.0014017149806022644,False,True
8,BASE_x_P40,hour_h15_sd,0.0022120303474366665,False,True
8,BASE_x_P40,hour_h16_sd,0.0030571925453841686,False,True
8,BASE_x_P40,hour_h17_sd,0.003201440442353487,False,True
8,BASE_x_P40,hour_h18_sd,0.0022371523082256317,False,True
8,BASE_x_P40,hour_h19_sd,0.0035805462393909693,False,True
8,BASE_x_P40,hour_h20_sd,0.003848355496302247,False,True
8,BASE_x_P40,hour_h21_sd,0.0039651403203606606,False,True
8,BASE_x_P40,hour_h22_sd,0.004698016680777073,False,True
8,BASE_x_P40,hour_h23_sd,0.0023783151991665363,False,True
8,BASE_x_P40,curve_night_mean_wd,0.0012923335889354348,False,True
8,BASE_x_P40,curve_morning_slope_wd,0.0017455037450417876,False,True
8,BASE_x_P40,curve_day_night_contrast_wd,0.002108925487846136,False,True
8,BASE_x_P40,curve_range_wd,0.0015903296880424023,False,True
8,BASE_x_P40,curve_entropy_wd,0.00215841643512249,False,True
8,BASE_x_P40,curve_night_mean_we,0.0015162917552515864,False,True
8,BASE_x_P40,curve_morning_slope_we,0.0006621084176003933,False,True
8,BASE_x_P40,curve_day_night_contrast_we,0.002243450377136469,False,True
8,BASE_x_P40,curve_range_we,0.001000148942694068,False,True
8,BASE_x_P40,curve_entropy_we,0.002357065910473466,False,True
8,BASE_x_P40,curve_night_mean_wd_diff,0.0026777617167681456,False,True
8,BASE_x_P40,curve_morning_slope_wd_diff,0.002716060960665345,False,True
8,BASE_x_P40,curve_day_night_contrast_wd_diff,0.0028260345570743084,False,True
8,BASE_x_P40,curve_range_wd_diff,0.0030584903433918953,False,True
8,BASE_x_P40,curve_entropy_wd_diff,0.0029242553282529116,False,True
8,BASE_x_P40,demo__age_group=Elderly,0.0036620835307985544,False,False
8,BASE_x_P40,demo__age_group=Middle Ager,0.0005118875997141004,False,False
8,BASE_x_P40,demo__age_group=Young Adults,0.00040234229527413845,False,False
8,BASE_x_P40,demo__bmi_grp=normal,0.00014363515947479755,False,False
8,BASE_x_P40,demo__bmi_grp=obese,0.0002943785802926868,False,False
8,BASE_x_P40,demo__bmi_grp=overweight,0.0007841476472094655,False,False
9,C40,d_ch3000_mean,0.05148136988282204,False,True
9,C40,d_ch3000_median,0.02809612825512886,False,False
9,C40,d_ch3000_sd,0.020581018179655075,False,True
9,C40,d_ch3000_vmin,0.03033708967268467,False,False
9,C40,d_ch3000_vmax,0.01839786395430565,False,False
9,C40,d_ch3000_n,0.012327437289059162,False,False
9,C40,d_ch3000_cov_h,0.011878623627126217,False,False
9,C40,d_ch3000_hours,0.0016181536484509706,False,False
9,C40,d_ch3001_mean,0.008852863684296608,False,True
9,C40,d_ch3001_median,0.0040497626177966595,False,False
9,C40,d_ch3001_sd,0.013706098310649395,False,True
9,C40,d_ch3001_vmin,0.0050010113045573235,False,False
9,C40,d_ch3001_vmax,0.010822058655321598,False,False
9,C40,d_ch3001_n,0.007946559228003025,False,False
9,C40,d_ch3001_cov_h,0.008058481849730015,False,False
9,C40,d_ch3001_hours,0.0020158346742391586,False,False
9,C40,d_ch3002_mean,0.008751974441111088,False,True
9,C40,d_ch3002_median,0.005523764528334141,False,False
9,C40,d_ch3002_sd,0.011452050879597664,False,True
9,C40,d_ch3002_vmin,0.004267302807420492,False,False
9,C40,d_ch3002_vmax,0.006389544811099768,False,False
9,C40,d_ch3002_n,0.0018766667926684022,False,False
9,C40,d_ch3002_cov_h,0.0018171443371102214,False,False
9,C40,d_ch3002_hours,0.0019464222714304924,False,False
9,C40,d_gap_3000_3001_mean,0.01137204747647047,False,True
9,C40,d_gap_3000_3002_mean,0.013268902897834778,False,True
9,C40,d_gap_3000_3001_sd,0.0157614778727293,False,True
9,C40,d_gap_3000_3002_sd,0.011130756698548794,False,True
9,C40,d_is_weekend,0.0018510265508666635,False,False
9,C40,cosinor_M,0.01829930581152439,True,False
9,C40,cosinor_A1,0.016127295792102814,True,False
9,C40,cosinor_A2,0.018287204205989838,True,False
9,C40,cosinor_A3,0.018641997128725052,True,False
9,C40,cosinor_acro_h,0.013743356801569462,True,False
9,C40,cosinor_resid_sd,0.016840370371937752,True,True
9,C40,curve_night_mean,0.01602277345955372,True,True
9,C40,curve_morning_slope,0.0179697684943676,True,False
9,C40,curve_day_night_contrast,0.015750491991639137,True,False
9,C40,curve_range,0.019814403727650642,True,False
9,C40,curve_entropy,0.017710618674755096,True,False
9,C40,hour_h0,0.017435748130083084,True,False
9,C40,hour_h1,0.01633491739630699,True,False
9,C40,hour_h2,0.014902968890964985,True,False
9,C40,hour_h3,0.018839482218027115,True,False
9,C40,hour_h4,0.029294487088918686,True,False
9,C40,hour_h5,0.019159900024533272,True,False
9,C40,hour_h6,0.02264203131198883,True,False
9,C40,hour_h7,0.024369364604353905,True,False
9,C40,hour_h8,0.021914741024374962,True,False
9,C40,hour_h9,0.019688444212079048,True,False
9,C40,hour_h10,0.02442862279713154,True,False
9,C40,hour_h11,0.021779660135507584,True,False
9,C40,hour_h12,0.018553748726844788,True,False
9,C40,hour_h13,0.019500715658068657,True,False
9,C40,hour_h14,0.019774669781327248,True,False
9,C40,hour_h15,0.02046063356101513,True,False
9,C40,hour_h16,0.02086036279797554,True,False
9,C40,hour_h17,0.019042305648326874,True,False
9,C40,hour_h18,0.01918722502887249,True,False
9,C40,hour_h19,0.01863628439605236,True,False
9,C40,hour_h20,0.018905069679021835,True,False
9,C40,hour_h21,0.01859258860349655,True,False
9,C40,hour_h22,0.01851685345172882,True,False
9,C40,hour_h23,0.017392149195075035,True,False
9,C40_resid,d_ch3000_mean,0.05315103754401207,False,True
9,C40_resid,d_ch3000_median,0.028860554099082947,False,False
9,C40_resid,d_ch3000_sd,0.02030758559703827,False,True
9,C40_resid,d_ch3000_vmin,0.029026219621300697,False,False
9,C40_resid,d_ch3000_vmax,0.018642762675881386,False,False
9,C40_resid,d_ch3000_n,0.010658296756446362,False,False
9,C40_resid,d_ch3000_cov_h,0.010475092567503452,False,False
9,C40_resid,d_ch3000_hours,0.0018639554036781192,False,False
9,C40_resid,d_ch3001_mean,0.008384332992136478,False,True
9,C40_resid,d_ch3001_median,0.00395369715988636,False,False
9,C40_resid,d_ch3001_sd,0.013762918300926685,False,True
9,C40_resid,d_ch3001_vmin,0.005075385328382254,False,False
9,C40_resid,d_ch3001_vmax,0.010849075391888618,False,False
9,C40_resid,d_ch3001_n,0.007706111297011375,False,False
9,C40_resid,d_ch3001_cov_h,0.00772722065448761,False,False
9,C40_resid,d_ch3001_hours,0.0019848914816975594,False,False
9,C40_resid,d_ch3002_mean,0.008603435009717941,False,True
9,C40_resid,d_ch3002_median,0.0051172710955142975,False,False
9,C40_resid,d_ch3002_sd,0.011417868547141552,False,True
9,C40_resid,d_ch3002_vmin,0.004170882515609264,False,False
9,C40_resid,d_ch3002_vmax,0.0061271581798791885,False,False
9,C40_resid,d_ch3002_n,0.0018622854258865118,False,False
9,C40_resid,d_ch3002_cov_h,0.0019932894501835108,False,False
9,C40_resid,d_ch3002_hours,0.0018894878448918462,False,False
9,C40_resid,d_gap_3000_3001_mean,0.01131501980125904,False,True
9,C40_resid,d_gap_3000_3002_mean,0.013437141664326191,False,True
9,C40_resid,d_gap_3000_3001_sd,0.015616202726960182,False,True
9,C40_resid,d_gap_3000_3002_sd,0.010925395414233208,False,True
9,C40_resid,d_is_weekend,0.0016876382287591696,False,False
9,C40_resid,cosinor_M,0.017699774354696274,True,False
9,C40_resid,cosinor_A1,0.014162595383822918,True,False
9,C40_resid,cosinor_A2,0.014732538722455502,True,False
9,C40_resid,cosinor_A3,0.015571176074445248,True,False
9,C40_resid,cosinor_acro_h,0.020034467801451683,True,False
9,C40_resid,cosinor_resid_sd,0.01696738973259926,True,True
9,C40_resid,curve_night_mean,0.02401280589401722,True,True
9,C40_resid,curve_morning_slope,0.017786379903554916,True,False
9,C40_resid,curve_day_night_contrast,0.014702536165714264,True,False
9,C40_resid,curve_range,0.018958503380417824,True,False
9,C40_resid,curve_entropy,0.02054915577173233,True,False
9,C40_resid,hour_h0,0.01803647354245186,True,False
9,C40_resid,hour_h1,0.0167014729231596,True,False
9,C40_resid,hour_h2,0.01582612469792366,True,False
9,C40_resid,hour_h3,0.018608691170811653,True,False
9,C40_resid,hour_h4,0.025471199303865433,True,False
9,C40_resid,hour_h5,0.017518876120448112,True,False
9,C40_resid,hour_h6,0.02391849458217621,True,False
9,C40_resid,hour_h7,0.023613804951310158,True,False
9,C40_resid,hour_h8,0.0216456837952137,True,False
9,C40_resid,hour_h9,0.019792504608631134,True,False
9,C40_resid,hour_h10,0.025092657655477524,True,False
9,C40_resid,hour_h11,0.022139914333820343,True,False
9,C40_resid,hour_h12,0.018696917220950127,True,False
9,C40_resid,hour_h13,0.01958083175122738,True,False
9,C40_resid,hour_h14,0.0197824127972126,True,False
9,C40_resid,hour_h15,0.020421205088496208,True,False
9,C40_resid,hour_h16,0.01988154463469982,True,False
9,C40_resid,hour_h17,0.019009927287697792,True,False
9,C40_resid,hour_h18,0.01915787346661091,True,False
9,C40_resid,hour_h19,0.0184174794703722,True,False
9,C40_resid,hour_h20,0.018888257443904877,True,False
9,C40_resid,hour_h21,0.018899446353316307,True,False
9,C40_resid,hour_h22,0.01876813918352127,True,False
9,C40_resid,hour_h23,0.01836053468286991,True,False
9,BASE_x_P40,rec__ch3000_observed_days,0.0007365416968241334,False,False
9,BASE_x_P40,rec__ch3000_adequate_days,0.0007865819497965276,False,False
9,BASE_x_P40,rec__ch3000_events,0.0010512685403227806,False,False
9,BASE_x_P40,rec__ch3000_span_days,0.0007436933810822666,False,False
9,BASE_x_P40,rec__ch3000_mean_cov_h,0.0015181893249973655,False,False
9,BASE_x_P40,rec__ch3000_mean_hours,0.0007526283152401447,False,False
9,BASE_x_P40,rec__ch3000_events_per_day,0.0009267732384614646,False,False
9,BASE_x_P40,rec__ch3000_mean_of_daily_mean,0.006293965503573418,False,True
9,BASE_x_P40,rec__ch3000_sd_of_daily_mean,0.007857145741581917,False,True
9,BASE_x_P40,rec__ch3000_mean_of_daily_sd,0.0007634434150531888,False,True
9,BASE_x_P40,rec__ch3000_median_of_daily_median,0.001254150876775384,False,False
9,BASE_x_P40,rec__ch3000_p25_of_daily_median,0.011852789670228958,False,False
9,BASE_x_P40,rec__ch3000_p75_of_daily_median,7.64804717618972e-05,False,False
9,BASE_x_P40,rec__ch3000_iqr_of_daily_median,0.0006279917433857918,False,False
9,BASE_x_P40,rec__ch3000_min_of_daily_min,0.0017202943563461304,False,False
9,BASE_x_P40,rec__ch3000_max_of_daily_max,0.005244142841547728,False,False
9,BASE_x_P40,rec__ch3000_range_of_daily_extremes,0.006292709615081549,False,False
9,BASE_x_P40,rec__ch3000_weekday_mean,0.041697509586811066,False,True
9,BASE_x_P40,rec__ch3000_weekend_mean,0.0009025403414852917,False,True
9,BASE_x_P40,rec__ch3000_weekend_minus_weekday,0.016325153410434723,False,False
9,BASE_x_P40,rec__ch3001_observed_days,0.0004555152845568955,False,False
9,BASE_x_P40,rec__ch3001_adequate_days,0.0009456088300794363,False,False
9,BASE_x_P40,rec__ch3001_events,0.0021066556219011545,False,False
9,BASE_x_P40,rec__ch3001_span_days,0.0016802671598270535,False,False
9,BASE_x_P40,rec__ch3001_mean_cov_h,0.0009383163414895535,False,False
9,BASE_x_P40,rec__ch3001_mean_hours,0.0008746285457164049,False,False
9,BASE_x_P40,rec__ch3001_events_per_day,0.0008692308329045773,False,False
9,BASE_x_P40,rec__ch3001_mean_of_daily_mean,9.837059769779444e-05,False,True
9,BASE_x_P40,rec__ch3001_sd_of_daily_mean,0.0034580661449581385,False,True
9,BASE_x_P40,rec__ch3001_mean_of_daily_sd,0.004929061513394117,False,True
9,BASE_x_P40,rec__ch3001_median_of_daily_median,0.00016620881797280163,False,False
9,BASE_x_P40,rec__ch3001_p25_of_daily_median,0.00012978007725905627,False,False
9,BASE_x_P40,rec__ch3001_p75_of_daily_median,1.3843070519214962e-05,False,False
9,BASE_x_P40,rec__ch3001_iqr_of_daily_median,0.0004943970125168562,False,False
9,BASE_x_P40,rec__ch3001_min_of_daily_min,0.002919308375567198,False,False
9,BASE_x_P40,rec__ch3001_max_of_daily_max,0.0016392164397984743,False,False
9,BASE_x_P40,rec__ch3001_range_of_daily_extremes,0.0024264396633952856,False,False
9,BASE_x_P40,rec__ch3001_weekday_mean,0.00039187201764434576,False,True
9,BASE_x_P40,rec__ch3001_weekend_mean,0.0007781801396049559,False,True
9,BASE_x_P40,rec__ch3001_weekend_minus_weekday,0.00332011585123837,False,False
9,BASE_x_P40,rec__ch3002_observed_days,0.0005359542556107044,False,False
9,BASE_x_P40,rec__ch3002_adequate_days,0.0008241849718615413,False,False
9,BASE_x_P40,rec__ch3002_events,0.0008386780973523855,False,False
9,BASE_x_P40,rec__ch3002_span_days,0.0012786586303263903,False,False
9,BASE_x_P40,rec__ch3002_mean_cov_h,0.0007536665070801973,False,False
9,BASE_x_P40,rec__ch3002_mean_hours,0.00011149211059091613,False,False
9,BASE_x_P40,rec__ch3002_events_per_day,0.0002044177963398397,False,False
9,BASE_x_P40,rec__ch3002_mean_of_daily_mean,0.0003089318342972547,False,True
9,BASE_x_P40,rec__ch3002_sd_of_daily_mean,0.007819735445082188,False,True
9,BASE_x_P40,rec__ch3002_mean_of_daily_sd,0.013320681639015675,False,True
9,BASE_x_P40,rec__ch3002_median_of_daily_median,6.890605271095491e-19,False,False
9,BASE_x_P40,rec__ch3002_p25_of_daily_median,0.00027415508520789444,False,False
9,BASE_x_P40,rec__ch3002_p75_of_daily_median,9.758226938821222e-19,False,False
9,BASE_x_P40,rec__ch3002_iqr_of_daily_median,0.0005083506694063544,False,False
9,BASE_x_P40,rec__ch3002_min_of_daily_min,0.001462210901081562,False,False
9,BASE_x_P40,rec__ch3002_max_of_daily_max,0.0023002021480351686,False,False
9,BASE_x_P40,rec__ch3002_range_of_daily_extremes,0.0036635103169828653,False,False
9,BASE_x_P40,rec__ch3002_weekday_mean,0.00046956425649113953,False,True
9,BASE_x_P40,rec__ch3002_weekend_mean,0.0007833672570995986,False,True
9,BASE_x_P40,rec__ch3002_weekend_minus_weekday,0.0042025246657431126,False,False
9,BASE_x_P40,rec__overall_events,0.000834199832752347,False,False
9,BASE_x_P40,rec__overall_days,0.0008498037350364029,False,False
9,BASE_x_P40,rec__overall_span_days,0.000886881782207638,False,False
9,BASE_x_P40,rec__overall_adequate_channel_days,0.0007906447281129658,False,False
9,BASE_x_P40,rec__ch3000_minus_ch3001_mean,0.011823754757642746,False,True
9,BASE_x_P40,rec__ch3000_minus_ch3002_mean,0.013994401320815086,False,True
9,BASE_x_P40,rec__ch3000_tod_night,0.0013938418123871088,False,False
9,BASE_x_P40,rec__ch3000_tod_morning,0.009158503264188766,False,False
9,BASE_x_P40,rec__ch3000_tod_afternoon,0.005377164110541344,False,False
9,BASE_x_P40,rec__ch3000_tod_evening,0.0010064482921734452,False,False
9,BASE_x_P40,rec__ch3001_tod_night,0.0008021406829357147,False,False
9,BASE_x_P40,rec__ch3001_tod_morning,0.003150118747726083,False,False
9,BASE_x_P40,rec__ch3001_tod_afternoon,0.0012865675380453467,False,False
9,BASE_x_P40,rec__ch3001_tod_evening,0.0008267633384093642,False,False
9,BASE_x_P40,rec__ch3002_tod_night,0.0014977850951254368,False,False
9,BASE_x_P40,rec__ch3002_tod_morning,0.0010019131004810333,False,False
9,BASE_x_P40,rec__ch3002_tod_afternoon,0.0010395878925919533,False,False
9,BASE_x_P40,rec__ch3002_tod_evening,0.0013149097794666886,False,False
9,BASE_x_P40,win__ch3000_observed_days,9.525482164463028e-05,False,False
9,BASE_x_P40,win__ch3000_adequate_days,2.1190820916672237e-05,False,False
9,BASE_x_P40,win__ch3000_events,0.0009424117743037641,False,False
9,BASE_x_P40,win__ch3000_mean_cov_h,0.0009953173575922847,False,False
9,BASE_x_P40,win__ch3000_mean_hours,0.0010062820510938764,False,False
9,BASE_x_P40,win__ch3000_events_per_day,0.0007330681546591222,False,False
9,BASE_x_P40,win__ch3000_mean_of_daily_mean,0.001589662628248334,False,True
9,BASE_x_P40,win__ch3000_sd_of_daily_mean,0.006266719661653042,False,True
9,BASE_x_P40,win__ch3000_mean_of_daily_sd,0.0007404377683997154,False,True
9,BASE_x_P40,win__ch3000_median_of_daily_median,9.284441330237314e-05,False,False
9,BASE_x_P40,win__ch3000_p25_of_daily_median,0.00019482793868519366,False,False
9,BASE_x_P40,win__ch3000_p75_of_daily_median,0.0003526287036947906,False,False
9,BASE_x_P40,win__ch3000_iqr_of_daily_median,0.0008648248622193933,False,False
9,BASE_x_P40,win__ch3000_min_of_daily_min,0.0021309563890099525,False,False
9,BASE_x_P40,win__ch3000_max_of_daily_max,0.0012128215748816729,False,False
9,BASE_x_P40,win__ch3000_range_of_daily_extremes,0.0015301142120733857,False,False
9,BASE_x_P40,win__ch3000_weekday_mean,0.013602270744740963,False,True
9,BASE_x_P40,win__ch3000_weekend_mean,0.0007193277706392109,False,True
9,BASE_x_P40,win__ch3000_weekend_minus_weekday,0.005089614074677229,False,False
9,BASE_x_P40,win__ch3001_observed_days,0.0009086234495043755,False,False
9,BASE_x_P40,win__ch3001_adequate_days,0.0006390766939148307,False,False
9,BASE_x_P40,win__ch3001_events,0.0018082738388329744,False,False
9,BASE_x_P40,win__ch3001_span_days,0.00011758773325709626,False,False
9,BASE_x_P40,win__ch3001_mean_cov_h,0.0015145123470574617,False,False
9,BASE_x_P40,win__ch3001_mean_hours,0.0004167881270404905,False,False
9,BASE_x_P40,win__ch3001_events_per_day,0.0011848782887682319,False,False
9,BASE_x_P40,win__ch3001_mean_of_daily_mean,0.00042366882553324103,False,True
9,BASE_x_P40,win__ch3001_sd_of_daily_mean,0.003780049504712224,False,True
9,BASE_x_P40,win__ch3001_mean_of_daily_sd,0.005152540281414986,False,True
9,BASE_x_P40,win__ch3001_median_of_daily_median,0.00022530580463353544,False,False
9,BASE_x_P40,win__ch3001_p25_of_daily_median,3.78712393285241e-05,False,False
9,BASE_x_P40,win__ch3001_p75_of_daily_median,0.00013140708324499428,False,False
9,BASE_x_P40,win__ch3001_iqr_of_daily_median,0.0007821798790246248,False,False
9,BASE_x_P40,win__ch3001_min_of_daily_min,0.0015676752664148808,False,False
9,BASE_x_P40,win__ch3001_max_of_daily_max,0.002601640997454524,False,False
9,BASE_x_P40,win__ch3001_range_of_daily_extremes,0.0015283640241250396,False,False
9,BASE_x_P40,win__ch3001_weekday_mean,0.00022012513363733888,False,True
9,BASE_x_P40,win__ch3001_weekend_mean,0.0010723681189119816,False,True
9,BASE_x_P40,win__ch3001_weekend_minus_weekday,0.002198644448071718,False,False
9,BASE_x_P40,win__ch3002_observed_days,0.0006648000562563539,False,False
9,BASE_x_P40,win__ch3002_adequate_days,0.0006399819976650178,False,False
9,BASE_x_P40,win__ch3002_events,0.000342064187861979,False,False
9,BASE_x_P40,win__ch3002_span_days,0.00014342194481287152,False,False
9,BASE_x_P40,win__ch3002_mean_cov_h,0.00024197059974540025,False,False
9,BASE_x_P40,win__ch3002_mean_hours,0.0002475951623637229,False,False
9,BASE_x_P40,win__ch3002_events_per_day,0.00017246352217625827,False,False
9,BASE_x_P40,win__ch3002_mean_of_daily_mean,0.0002780503418762237,False,True
9,BASE_x_P40,win__ch3002_sd_of_daily_mean,0.006545654032379389,False,True
9,BASE_x_P40,win__ch3002_mean_of_daily_sd,0.004890354350209236,False,True
9,BASE_x_P40,win__ch3002_median_of_daily_median,0.000689744483679533,False,False
9,BASE_x_P40,win__ch3002_p25_of_daily_median,0.00031771932845003903,False,False
9,BASE_x_P40,win__ch3002_p75_of_daily_median,0.00014861600357107818,False,False
9,BASE_x_P40,win__ch3002_iqr_of_daily_median,0.0018357903463765979,False,False
9,BASE_x_P40,win__ch3002_min_of_daily_min,0.0008547237957827747,False,False
9,BASE_x_P40,win__ch3002_max_of_daily_max,0.0012976747239008546,False,False
9,BASE_x_P40,win__ch3002_range_of_daily_extremes,0.0016940257046371698,False,False
9,BASE_x_P40,win__ch3002_weekday_mean,0.00014940608525648713,False,True
9,BASE_x_P40,win__ch3002_weekend_mean,0.0008525216835550964,False,True
9,BASE_x_P40,win__ch3002_weekend_minus_weekday,0.00328019168227911,False,False
9,BASE_x_P40,win__overall_events,0.0009365449659526348,False,False
9,BASE_x_P40,win__overall_days,2.798472451104317e-05,False,False
9,BASE_x_P40,win__overall_adequate_channel_days,0.0006318975938484073,False,False
9,BASE_x_P40,win__ch3000_minus_ch3001_mean,0.00848238542675972,False,True
9,BASE_x_P40,win__ch3000_minus_ch3002_mean,0.009778415784239769,False,True
9,BASE_x_P40,win__ch3000_tod_night,0.0006557031301781535,False,False
9,BASE_x_P40,win__ch3000_tod_morning,0.0051246448419988155,False,False
9,BASE_x_P40,win__ch3000_tod_afternoon,0.0029204494785517454,False,False
9,BASE_x_P40,win__ch3000_tod_evening,0.0009323522099293768,False,False
9,BASE_x_P40,win__ch3001_tod_night,0.0008132721995934844,False,False
9,BASE_x_P40,win__ch3001_tod_morning,0.0009409624617546797,False,False
9,BASE_x_P40,win__ch3001_tod_afternoon,0.0005116925458423793,False,False
9,BASE_x_P40,win__ch3001_tod_evening,0.0004986725398339331,False,False
9,BASE_x_P40,win__ch3002_tod_night,0.0006564684445038438,False,False
9,BASE_x_P40,win__ch3002_tod_morning,0.0010959681821987033,False,False
9,BASE_x_P40,win__ch3002_tod_afternoon,0.001088260323740542,False,False
9,BASE_x_P40,win__ch3002_tod_evening,0.0009203398367390037,False,False
9,BASE_x_P40,roll_rec__ch3000_daily_hours_w30_max,0.0009167929529212415,False,False
9,BASE_x_P40,roll_rec__ch3000_daily_hours_w30_mean,0.000911225622985512,False,True
9,BASE_x_P40,roll_rec__ch3000_daily_hours_w30_min,0.0014206503983587027,False,False
9,BASE_x_P40,roll_rec__ch3000_daily_hours_w30_sd,0.0009477759595029056,False,True
9,BASE_x_P40,roll_rec__ch3000_daily_hours_w30_slope,0.0011080832919105887,False,False
9,BASE_x_P40,roll_rec__ch3000_daily_hours_w7_max,0.0002349399874219671,False,False
9,BASE_x_P40,roll_rec__ch3000_daily_hours_w7_mean,0.0007511438452638686,False,True
9,BASE_x_P40,roll_rec__ch3000_daily_hours_w7_min,0.0010754449758678675,False,False
9,BASE_x_P40,roll_rec__ch3000_daily_hours_w7_sd,0.001981664914637804,False,True
9,BASE_x_P40,roll_rec__ch3000_daily_hours_w7_slope,0.002628955990076065,False,False
9,BASE_x_P40,roll_rec__ch3000_daily_mean_w30_max,0.0013962655793875456,False,False
9,BASE_x_P40,roll_rec__ch3000_daily_mean_w30_mean,0.0027553988620638847,False,True
9,BASE_x_P40,roll_rec__ch3000_daily_mean_w30_min,0.005497900303453207,False,False
9,BASE_x_P40,roll_rec__ch3000_daily_mean_w30_sd,0.0019219554960727692,False,True
9,BASE_x_P40,roll_rec__ch3000_daily_mean_w30_slope,0.0005262941704131663,False,False
9,BASE_x_P40,roll_rec__ch3000_daily_mean_w7_max,0.0010391913820058107,False,False
9,BASE_x_P40,roll_rec__ch3000_daily_mean_w7_mean,0.002829598030075431,False,True
9,BASE_x_P40,roll_rec__ch3000_daily_mean_w7_min,0.0008657332509756088,False,False
9,BASE_x_P40,roll_rec__ch3000_daily_mean_w7_sd,0.0020922815892845392,False,True
9,BASE_x_P40,roll_rec__ch3000_daily_mean_w7_slope,0.0014893612824380398,False,False
9,BASE_x_P40,roll_rec__ch3000_daily_median_w30_max,0.0010306512704119086,False,False
9,BASE_x_P40,roll_rec__ch3000_daily_median_w30_mean,0.00037194768083281815,False,True
9,BASE_x_P40,roll_rec__ch3000_daily_median_w30_min,0.0015054792165756226,False,False
9,BASE_x_P40,roll_rec__ch3000_daily_median_w30_sd,0.0009676577756181359,False,True
9,BASE_x_P40,roll_rec__ch3000_daily_median_w30_slope,0.0010240956908091903,False,False
9,BASE_x_P40,roll_rec__ch3000_daily_median_w7_max,0.0007237522513605654,False,False
9,BASE_x_P40,roll_rec__ch3000_daily_median_w7_mean,0.00040573085425421596,False,True
9,BASE_x_P40,roll_rec__ch3000_daily_median_w7_min,0.0013827248476445675,False,False
9,BASE_x_P40,roll_rec__ch3000_daily_median_w7_sd,0.0017881804378703237,False,True
9,BASE_x_P40,roll_rec__ch3000_daily_median_w7_slope,0.0012873561354354024,False,False
9,BASE_x_P40,roll_rec__ch3000_daily_sd_w30_max,0.0016812867252156138,False,False
9,BASE_x_P40,roll_rec__ch3000_daily_sd_w30_mean,0.0006964041385799646,False,True
9,BASE_x_P40,roll_rec__ch3000_daily_sd_w30_min,0.0030913958325982094,False,False
9,BASE_x_P40,roll_rec__ch3000_daily_sd_w30_sd,0.0021658993791788816,False,True
9,BASE_x_P40,roll_rec__ch3000_daily_sd_w30_slope,0.0027165324427187443,False,False
9,BASE_x_P40,roll_rec__ch3000_daily_sd_w7_max,0.0018374882638454437,False,False
9,BASE_x_P40,roll_rec__ch3000_daily_sd_w7_mean,0.0005948893958702683,False,True
9,BASE_x_P40,roll_rec__ch3000_daily_sd_w7_min,0.002783732721582055,False,False
9,BASE_x_P40,roll_rec__ch3000_daily_sd_w7_sd,0.0026601203717291355,False,True
9,BASE_x_P40,roll_rec__ch3000_daily_sd_w7_slope,0.002675079507753253,False,False
9,BASE_x_P40,roll_rec__ch3001_daily_hours_w30_max,0.0012782762059941888,False,False
9,BASE_x_P40,roll_rec__ch3001_daily_hours_w30_mean,0.0011657458962872624,False,True
9,BASE_x_P40,roll_rec__ch3001_daily_hours_w30_min,0.001466061221435666,False,False
9,BASE_x_P40,roll_rec__ch3001_daily_hours_w30_sd,0.0015021702274680138,False,True
9,BASE_x_P40,roll_rec__ch3001_daily_hours_w30_slope,0.0010757324052974582,False,False
9,BASE_x_P40,roll_rec__ch3001_daily_hours_w7_max,0.002401930745691061,False,False
9,BASE_x_P40,roll_rec__ch3001_daily_hours_w7_mean,0.0010437886230647564,False,True
9,BASE_x_P40,roll_rec__ch3001_daily_hours_w7_min,0.0008567306213080883,False,False
9,BASE_x_P40,roll_rec__ch3001_daily_hours_w7_sd,0.0026612139772623777,False,True
9,BASE_x_P40,roll_rec__ch3001_daily_hours_w7_slope,0.0025089827831834555,False,False
9,BASE_x_P40,roll_rec__ch3001_daily_mean_w30_max,0.0006505874916911125,False,False
9,BASE_x_P40,roll_rec__ch3001_daily_mean_w30_mean,0.00022620908566750586,False,True
9,BASE_x_P40,roll_rec__ch3001_daily_mean_w30_min,0.0005876517971046269,False,False
9,BASE_x_P40,roll_rec__ch3001_daily_mean_w30_sd,0.0014552519423887134,False,True
9,BASE_x_P40,roll_rec__ch3001_daily_mean_w30_slope,0.001093545462936163,False,False
9,BASE_x_P40,roll_rec__ch3001_daily_mean_w7_max,0.0009438065462745726,False,False
9,BASE_x_P40,roll_rec__ch3001_daily_mean_w7_mean,0.00034367095213383436,False,True
9,BASE_x_P40,roll_rec__ch3001_daily_mean_w7_min,0.0007631868356838822,False,False
9,BASE_x_P40,roll_rec__ch3001_daily_mean_w7_sd,0.0012668295530602336,False,True
9,BASE_x_P40,roll_rec__ch3001_daily_mean_w7_slope,0.001616713940165937,False,False
9,BASE_x_P40,roll_rec__ch3001_daily_median_w30_max,0.00013135786866769195,False,False
9,BASE_x_P40,roll_rec__ch3001_daily_median_w30_mean,0.0003596800670493394,False,True
9,BASE_x_P40,roll_rec__ch3001_daily_median_w30_min,0.0005561893340200186,False,False
9,BASE_x_P40,roll_rec__ch3001_daily_median_w30_sd,0.001095736981369555,False,True
9,BASE_x_P40,roll_rec__ch3001_daily_median_w30_slope,0.0017131513450294733,False,False
9,BASE_x_P40,roll_rec__ch3001_daily_median_w7_max,0.0006349445320665836,False,False
9,BASE_x_P40,roll_rec__ch3001_daily_median_w7_mean,0.0002803798415698111,False,True
9,BASE_x_P40,roll_rec__ch3001_daily_median_w7_min,0.0005006768624298275,False,False
9,BASE_x_P40,roll_rec__ch3001_daily_median_w7_sd,0.00183052325155586,False,True
9,BASE_x_P40,roll_rec__ch3001_daily_median_w7_slope,0.0019118126947432756,False,False
9,BASE_x_P40,roll_rec__ch3001_daily_sd_w30_max,0.006185818463563919,False,False
9,BASE_x_P40,roll_rec__ch3001_daily_sd_w30_mean,0.0024391445331275463,False,True
9,BASE_x_P40,roll_rec__ch3001_daily_sd_w30_min,0.0019880197942256927,False,False
9,BASE_x_P40,roll_rec__ch3001_daily_sd_w30_sd,0.001781623112037778,False,True
9,BASE_x_P40,roll_rec__ch3001_daily_sd_w30_slope,0.0016705995658412576,False,False
9,BASE_x_P40,roll_rec__ch3001_daily_sd_w7_max,0.00956232100725174,False,False
9,BASE_x_P40,roll_rec__ch3001_daily_sd_w7_mean,0.0052879550494253635,False,True
9,BASE_x_P40,roll_rec__ch3001_daily_sd_w7_min,0.0012786805164068937,False,False
9,BASE_x_P40,roll_rec__ch3001_daily_sd_w7_sd,0.006495623849332333,False,True
9,BASE_x_P40,roll_rec__ch3001_daily_sd_w7_slope,0.001485023065470159,False,False
9,BASE_x_P40,roll_rec__ch3002_daily_hours_w30_max,0.002495280234143138,False,False
9,BASE_x_P40,roll_rec__ch3002_daily_hours_w30_mean,0.0008987619075924158,False,True
9,BASE_x_P40,roll_rec__ch3002_daily_hours_w30_min,0.001221547950990498,False,False
9,BASE_x_P40,roll_rec__ch3002_daily_hours_w30_sd,0.001967759570106864,False,True
9,BASE_x_P40,roll_rec__ch3002_daily_hours_w30_slope,0.0013814212288707495,False,False
9,BASE_x_P40,roll_rec__ch3002_daily_hours_w7_max,0.002182233612984419,False,False
9,BASE_x_P40,roll_rec__ch3002_daily_hours_w7_mean,0.00045348049025051296,False,True
9,BASE_x_P40,roll_rec__ch3002_daily_hours_w7_min,0.0008368305861949921,False,False
9,BASE_x_P40,roll_rec__ch3002_daily_hours_w7_sd,0.0028062339406460524,False,True
9,BASE_x_P40,roll_rec__ch3002_daily_hours_w7_slope,0.0014458984369412065,False,False
9,BASE_x_P40,roll_rec__ch3002_daily_mean_w30_max,0.0005266712396405637,False,False
9,BASE_x_P40,roll_rec__ch3002_daily_mean_w30_mean,0.0003032567328773439,False,True
9,BASE_x_P40,roll_rec__ch3002_daily_mean_w30_min,0.0011059304233640432,False,False
9,BASE_x_P40,roll_rec__ch3002_daily_mean_w30_sd,0.0011870041489601135,False,True
9,BASE_x_P40,roll_rec__ch3002_daily_mean_w30_slope,0.0007619432872161269,False,False
9,BASE_x_P40,roll_rec__ch3002_daily_mean_w7_max,0.0010571827879175544,False,False
9,BASE_x_P40,roll_rec__ch3002_daily_mean_w7_mean,0.0005180016742087901,False,True
9,BASE_x_P40,roll_rec__ch3002_daily_mean_w7_min,0.0015009443741291761,False,False
9,BASE_x_P40,roll_rec__ch3002_daily_mean_w7_sd,0.0013215955113992095,False,True
9,BASE_x_P40,roll_rec__ch3002_daily_mean_w7_slope,0.0007857952150516212,False,False
9,BASE_x_P40,roll_rec__ch3002_daily_median_w30_max,0.0002517256943974644,False,False
9,BASE_x_P40,roll_rec__ch3002_daily_median_w30_mean,0.0001117329957196489,False,True
9,BASE_x_P40,roll_rec__ch3002_daily_median_w30_min,0.00017434485198464245,False,False
9,BASE_x_P40,roll_rec__ch3002_daily_median_w30_sd,0.0014754064613953233,False,True
9,BASE_x_P40,roll_rec__ch3002_daily_median_w30_slope,0.0006602799985557795,False,False
9,BASE_x_P40,roll_rec__ch3002_daily_median_w7_max,0.0008727373788133264,False,False
9,BASE_x_P40,roll_rec__ch3002_daily_median_w7_mean,0.00029541412368416786,False,True
9,BASE_x_P40,roll_rec__ch3002_daily_median_w7_min,0.0016525480896234512,False,False
9,BASE_x_P40,roll_rec__ch3002_daily_median_w7_sd,0.0018834969960153103,False,True
9,BASE_x_P40,roll_rec__ch3002_daily_median_w7_slope,0.0014684430789202452,False,False
9,BASE_x_P40,roll_rec__ch3002_daily_sd_w30_max,0.005286560859531164,False,False
9,BASE_x_P40,roll_rec__ch3002_daily_sd_w30_mean,0.00668248301371932,False,True
9,BASE_x_P40,roll_rec__ch3002_daily_sd_w30_min,0.002315281191840768,False,False
9,BASE_x_P40,roll_rec__ch3002_daily_sd_w30_sd,0.0032421161886304617,False,True
9,BASE_x_P40,roll_rec__ch3002_daily_sd_w30_slope,0.0024848775938153267,False,False
9,BASE_x_P40,roll_rec__ch3002_daily_sd_w7_max,0.00642824824899435,False,False
9,BASE_x_P40,roll_rec__ch3002_daily_sd_w7_mean,0.008126603439450264,False,True
9,BASE_x_P40,roll_rec__ch3002_daily_sd_w7_min,0.0026075507048517466,False,False
9,BASE_x_P40,roll_rec__ch3002_daily_sd_w7_sd,0.0057404483668506145,False,True
9,BASE_x_P40,roll_rec__ch3002_daily_sd_w7_slope,0.002296689199283719,False,False
9,BASE_x_P40,roll_win__ch3000_daily_hours_w30_max,0.0009292865288443863,False,False
9,BASE_x_P40,roll_win__ch3000_daily_hours_w30_mean,0.0004617848026100546,False,True
9,BASE_x_P40,roll_win__ch3000_daily_hours_w30_min,0.0011514105135574937,False,False
9,BASE_x_P40,roll_win__ch3000_daily_hours_w30_sd,0.001256077317520976,False,True
9,BASE_x_P40,roll_win__ch3000_daily_hours_w30_slope,0.0038935693446546793,False,False
9,BASE_x_P40,roll_win__ch3000_daily_hours_w7_max,0.00039405387360602617,False,False
9,BASE_x_P40,roll_win__ch3000_daily_hours_w7_mean,0.0006279298686422408,False,True
9,BASE_x_P40,roll_win__ch3000_daily_hours_w7_min,0.001719983876682818,False,False
9,BASE_x_P40,roll_win__ch3000_daily_hours_w7_sd,0.001195922726765275,False,True
9,BASE_x_P40,roll_win__ch3000_daily_hours_w7_slope,0.002574311336502433,False,False
9,BASE_x_P40,roll_win__ch3000_daily_mean_w30_max,0.000502397189848125,False,False
9,BASE_x_P40,roll_win__ch3000_daily_mean_w30_mean,0.0003430158249102533,False,True
9,BASE_x_P40,roll_win__ch3000_daily_mean_w30_min,0.0002241105685243383,False,False
9,BASE_x_P40,roll_win__ch3000_daily_mean_w30_sd,0.0019358715508133173,False,True
9,BASE_x_P40,roll_win__ch3000_daily_mean_w30_slope,0.0018877644324675202,False,False
9,BASE_x_P40,roll_win__ch3000_daily_mean_w7_max,0.0008334590820595622,False,False
9,BASE_x_P40,roll_win__ch3000_daily_mean_w7_mean,0.00019724633602891117,False,True
9,BASE_x_P40,roll_win__ch3000_daily_mean_w7_min,0.00026506802532821894,False,False
9,BASE_x_P40,roll_win__ch3000_daily_mean_w7_sd,0.0014995428500697017,False,True
9,BASE_x_P40,roll_win__ch3000_daily_mean_w7_slope,0.001651898492127657,False,False
9,BASE_x_P40,roll_win__ch3000_daily_median_w30_max,0.0009380215778946877,False,False
9,BASE_x_P40,roll_win__ch3000_daily_median_w30_mean,0.0008183676982298493,False,True
9,BASE_x_P40,roll_win__ch3000_daily_median_w30_min,0.0005747524555772543,False,False
9,BASE_x_P40,roll_win__ch3000_daily_median_w30_sd,0.0018068925710394979,False,True
9,BASE_x_P40,roll_win__ch3000_daily_median_w30_slope,0.0016760836588218808,False,False
9,BASE_x_P40,roll_win__ch3000_daily_median_w7_max,0.0007996573694981635,False,False
9,BASE_x_P40,roll_win__ch3000_daily_median_w7_mean,0.0001870147680165246,False,True
9,BASE_x_P40,roll_win__ch3000_daily_median_w7_min,0.0009628829429857433,False,False
9,BASE_x_P40,roll_win__ch3000_daily_median_w7_sd,0.0021931780502200127,False,True
9,BASE_x_P40,roll_win__ch3000_daily_median_w7_slope,0.0018849059706553817,False,False
9,BASE_x_P40,roll_win__ch3000_daily_sd_w30_max,0.0014452763134613633,False,False
9,BASE_x_P40,roll_win__ch3000_daily_sd_w30_mean,0.0006162303616292775,False,True
9,BASE_x_P40,roll_win__ch3000_daily_sd_w30_min,0.0021481988951563835,False,False
9,BASE_x_P40,roll_win__ch3000_daily_sd_w30_sd,0.003516001859679818,False,True
9,BASE_x_P40,roll_win__ch3000_daily_sd_w30_slope,0.0016747587360441685,False,False
9,BASE_x_P40,roll_win__ch3000_daily_sd_w7_max,0.0011100120609626174,False,False
9,BASE_x_P40,roll_win__ch3000_daily_sd_w7_mean,0.0007385294884443283,False,True
9,BASE_x_P40,roll_win__ch3000_daily_sd_w7_min,0.0019340934231877327,False,False
9,BASE_x_P40,roll_win__ch3000_daily_sd_w7_sd,0.0033085171598941088,False,True
9,BASE_x_P40,roll_win__ch3000_daily_sd_w7_slope,0.002257449319586158,False,False
9,BASE_x_P40,roll_win__ch3001_daily_hours_w30_max,0.000792016857303679,False,False
9,BASE_x_P40,roll_win__ch3001_daily_hours_w30_mean,0.0009862487204372883,False,True
9,BASE_x_P40,roll_win__ch3001_daily_hours_w30_min,0.0007957365596666932,False,False
9,BASE_x_P40,roll_win__ch3001_daily_hours_w30_sd,0.001282518613152206,False,True
9,BASE_x_P40,roll_win__ch3001_daily_hours_w30_slope,0.0012191511923447251,False,False
9,BASE_x_P40,roll_win__ch3001_daily_hours_w7_max,0.0003630427527241409,False,False
9,BASE_x_P40,roll_win__ch3001_daily_hours_w7_mean,0.00040139208431355655,False,True
9,BASE_x_P40,roll_win__ch3001_daily_hours_w7_min,0.0016369462246075273,False,False
9,BASE_x_P40,roll_win__ch3001_daily_hours_w7_sd,0.002845382085070014,False,True
9,BASE_x_P40,roll_win__ch3001_daily_hours_w7_slope,0.00262258923612535,False,False
9,BASE_x_P40,roll_win__ch3001_daily_mean_w30_max,0.0007091097068041563,False,False
9,BASE_x_P40,roll_win__ch3001_daily_mean_w30_mean,0.000205067393835634,False,True
9,BASE_x_P40,roll_win__ch3001_daily_mean_w30_min,0.0002615219564177096,False,False
9,BASE_x_P40,roll_win__ch3001_daily_mean_w30_sd,0.000999841489829123,False,True
9,BASE_x_P40,roll_win__ch3001_daily_mean_w30_slope,0.001472417265176773,False,False
9,BASE_x_P40,roll_win__ch3001_daily_mean_w7_max,0.0006559294415637851,False,False
9,BASE_x_P40,roll_win__ch3001_daily_mean_w7_mean,0.00033578998409211636,False,True
9,BASE_x_P40,roll_win__ch3001_daily_mean_w7_min,0.0012450474314391613,False,False
9,BASE_x_P40,roll_win__ch3001_daily_mean_w7_sd,0.0025778422132134438,False,True
9,BASE_x_P40,roll_win__ch3001_daily_mean_w7_slope,0.0018163486383855343,False,False
9,BASE_x_P40,roll_win__ch3001_daily_median_w30_max,0.0005303258658386767,False,False
9,BASE_x_P40,roll_win__ch3001_daily_median_w30_mean,0.0005523519357666373,False,True
9,BASE_x_P40,roll_win__ch3001_daily_median_w30_min,0.0006606900715269148,False,False
9,BASE_x_P40,roll_win__ch3001_daily_median_w30_sd,0.0010172347538173199,False,True
9,BASE_x_P40,roll_win__ch3001_daily_median_w30_slope,0.002190448110923171,False,False
9,BASE_x_P40,roll_win__ch3001_daily_median_w7_max,0.0018283987883478403,False,False
9,BASE_x_P40,roll_win__ch3001_daily_median_w7_mean,0.00031317007960751653,False,True
9,BASE_x_P40,roll_win__ch3001_daily_median_w7_min,0.0003229825524613261,False,False
9,BASE_x_P40,roll_win__ch3001_daily_median_w7_sd,0.0014164833119139075,False,True
9,BASE_x_P40,roll_win__ch3001_daily_median_w7_slope,0.001867333659902215,False,False
9,BASE_x_P40,roll_win__ch3001_daily_sd_w30_max,0.0026751875411719084,False,False
9,BASE_x_P40,roll_win__ch3001_daily_sd_w30_mean,0.001359707908704877,False,True
9,BASE_x_P40,roll_win__ch3001_daily_sd_w30_min,0.0023363353684544563,False,False
9,BASE_x_P40,roll_win__ch3001_daily_sd_w30_sd,0.0016341033624485135,False,True
9,BASE_x_P40,roll_win__ch3001_daily_sd_w30_slope,0.001945805735886097,False,False
9,BASE_x_P40,roll_win__ch3001_daily_sd_w7_max,0.005303435493260622,False,False
9,BASE_x_P40,roll_win__ch3001_daily_sd_w7_mean,0.002160405507311225,False,True
9,BASE_x_P40,roll_win__ch3001_daily_sd_w7_min,0.0018697903724387288,False,False
9,BASE_x_P40,roll_win__ch3001_daily_sd_w7_sd,0.003258884185925126,False,True
9,BASE_x_P40,roll_win__ch3001_daily_sd_w7_slope,0.0037616072222590446,False,False
9,BASE_x_P40,roll_win__ch3002_daily_hours_w30_max,0.0008995735552161932,False,False
9,BASE_x_P40,roll_win__ch3002_daily_hours_w30_mean,0.0002841723326127976,False,True
9,BASE_x_P40,roll_win__ch3002_daily_hours_w30_min,0.001243446720764041,False,False
9,BASE_x_P40,roll_win__ch3002_daily_hours_w30_sd,0.0016835668357089162,False,True
9,BASE_x_P40,roll_win__ch3002_daily_hours_w30_slope,0.0014583722222596407,False,False
9,BASE_x_P40,roll_win__ch3002_daily_hours_w7_max,0.0007914883317425847,False,False
9,BASE_x_P40,roll_win__ch3002_daily_hours_w7_mean,0.0003538964665494859,False,True
9,BASE_x_P40,roll_win__ch3002_daily_hours_w7_min,0.002023989800363779,False,False
9,BASE_x_P40,roll_win__ch3002_daily_hours_w7_sd,0.004412490408867598,False,True
9,BASE_x_P40,roll_win__ch3002_daily_hours_w7_slope,0.0013129216386005282,False,False
9,BASE_x_P40,roll_win__ch3002_daily_mean_w30_max,0.0005338478367775679,False,False
9,BASE_x_P40,roll_win__ch3002_daily_mean_w30_mean,0.0005683554336428642,False,True
9,BASE_x_P40,roll_win__ch3002_daily_mean_w30_min,0.000525150157045573,False,False
9,BASE_x_P40,roll_win__ch3002_daily_mean_w30_sd,0.001462237793020904,False,True
9,BASE_x_P40,roll_win__ch3002_daily_mean_w30_slope,0.0017228665528818965,False,False
9,BASE_x_P40,roll_win__ch3002_daily_mean_w7_max,0.0007489052368327975,False,False
9,BASE_x_P40,roll_win__ch3002_daily_mean_w7_mean,0.0006334916688501835,False,True
9,BASE_x_P40,roll_win__ch3002_daily_mean_w7_min,0.0008765788516029716,False,False
9,BASE_x_P40,roll_win__ch3002_daily_mean_w7_sd,0.0016273976070806384,False,True
9,BASE_x_P40,roll_win__ch3002_daily_mean_w7_slope,0.0015967960935086012,False,False
9,BASE_x_P40,roll_win__ch3002_daily_median_w30_max,0.0004911459982395172,False,False
9,BASE_x_P40,roll_win__ch3002_daily_median_w30_mean,0.0006785890436731279,False,True
9,BASE_x_P40,roll_win__ch3002_daily_median_w30_min,0.0006112424307502806,False,False
9,BASE_x_P40,roll_win__ch3002_daily_median_w30_sd,0.0016121426597237587,False,True
9,BASE_x_P40,roll_win__ch3002_daily_median_w30_slope,0.001452453201636672,False,False
9,BASE_x_P40,roll_win__ch3002_daily_median_w7_max,0.0012449489440768957,False,False
9,BASE_x_P40,roll_win__ch3002_daily_median_w7_mean,0.0005922525888308883,False,True
9,BASE_x_P40,roll_win__ch3002_daily_median_w7_min,0.0010978623759001493,False,False
9,BASE_x_P40,roll_win__ch3002_daily_median_w7_sd,0.0022461446933448315,False,True
9,BASE_x_P40,roll_win__ch3002_daily_median_w7_slope,0.0015623571816831827,False,False
9,BASE_x_P40,roll_win__ch3002_daily_sd_w30_max,0.0022761423606425524,False,False
9,BASE_x_P40,roll_win__ch3002_daily_sd_w30_mean,0.0008772623841650784,False,True
9,BASE_x_P40,roll_win__ch3002_daily_sd_w30_min,0.0020766030065715313,False,False
9,BASE_x_P40,roll_win__ch3002_daily_sd_w30_sd,0.0015843487344682217,False,True
9,BASE_x_P40,roll_win__ch3002_daily_sd_w30_slope,0.0022379462607204914,False,False
9,BASE_x_P40,roll_win__ch3002_daily_sd_w7_max,0.0007904584635980427,False,False
9,BASE_x_P40,roll_win__ch3002_daily_sd_w7_mean,0.0010939313797280192,False,True
9,BASE_x_P40,roll_win__ch3002_daily_sd_w7_min,0.0019773889798671007,False,False
9,BASE_x_P40,roll_win__ch3002_daily_sd_w7_sd,0.003687214804813266,False,True
9,BASE_x_P40,roll_win__ch3002_daily_sd_w7_slope,0.0017779759364202619,False,False
9,BASE_x_P40,cosinor_M_mean,0.001655121915973723,False,True
9,BASE_x_P40,cosinor_A1_mean,0.0010705039603635669,False,True
9,BASE_x_P40,cosinor_A2_mean,0.0014485622523352504,False,True
9,BASE_x_P40,cosinor_A3_mean,0.0022448354866355658,False,True
9,BASE_x_P40,cosinor_acro_h_mean,0.0026850043796002865,False,True
9,BASE_x_P40,cosinor_resid_sd_mean,0.00777491694316268,False,True
9,BASE_x_P40,curve_night_mean_mean,0.0008054299396462739,False,True
9,BASE_x_P40,curve_morning_slope_mean,0.0024461732245981693,False,True
9,BASE_x_P40,curve_day_night_contrast_mean,0.0015738258371129632,False,True
9,BASE_x_P40,curve_range_mean,0.00042544276220723987,False,True
9,BASE_x_P40,curve_entropy_mean,0.0016985614784061909,False,True
9,BASE_x_P40,hour_h0_mean,0.0005831369198858738,False,True
9,BASE_x_P40,hour_h1_mean,0.0018923997413367033,False,True
9,BASE_x_P40,hour_h2_mean,0.0020678716246038675,False,True
9,BASE_x_P40,hour_h3_mean,0.0016535016475245357,False,True
9,BASE_x_P40,hour_h4_mean,0.0015155243454501033,False,True
9,BASE_x_P40,hour_h5_mean,0.0019704231526702642,False,True
9,BASE_x_P40,hour_h6_mean,0.0021254317834973335,False,True
9,BASE_x_P40,hour_h7_mean,0.0030695253517478704,False,True
9,BASE_x_P40,hour_h8_mean,0.006444061174988747,False,True
9,BASE_x_P40,hour_h9_mean,0.007195188198238611,False,True
9,BASE_x_P40,hour_h10_mean,0.02263595350086689,False,True
9,BASE_x_P40,hour_h11_mean,0.010596872307360172,False,True
9,BASE_x_P40,hour_h12_mean,0.0027514384128153324,False,True
9,BASE_x_P40,hour_h13_mean,0.00745774619281292,False,True
9,BASE_x_P40,hour_h14_mean,0.0035207229666411877,False,True
9,BASE_x_P40,hour_h15_mean,0.0030155079439282417,False,True
9,BASE_x_P40,hour_h16_mean,0.0032846976537257433,False,True
9,BASE_x_P40,hour_h17_mean,0.0025334772653877735,False,True
9,BASE_x_P40,hour_h18_mean,0.0023104713764041662,False,True
9,BASE_x_P40,hour_h19_mean,0.0008930164040066302,False,True
9,BASE_x_P40,hour_h20_mean,0.0012610068079084158,False,True
9,BASE_x_P40,hour_h21_mean,0.0008403261890634894,False,True
9,BASE_x_P40,hour_h22_mean,0.0007996351923793554,False,True
9,BASE_x_P40,hour_h23_mean,0.0011144480668008327,False,True
9,BASE_x_P40,cosinor_M_sd,0.001002448028884828,False,True
9,BASE_x_P40,cosinor_A1_sd,0.002070710761472583,False,True
9,BASE_x_P40,cosinor_A2_sd,0.0016326997429132462,False,True
9,BASE_x_P40,cosinor_A3_sd,0.001459721359424293,False,True
9,BASE_x_P40,cosinor_acro_h_sd,0.003450375981628895,False,True
9,BASE_x_P40,cosinor_resid_sd_sd,0.0020518270321190357,False,True
9,BASE_x_P40,curve_night_mean_sd,0.0025292967911809683,False,True
9,BASE_x_P40,curve_morning_slope_sd,0.004276191350072622,False,True
9,BASE_x_P40,curve_day_night_contrast_sd,0.01090998761355877,False,True
9,BASE_x_P40,curve_range_sd,0.005260653793811798,False,True
9,BASE_x_P40,curve_entropy_sd,0.001954412553459406,False,True
9,BASE_x_P40,hour_h0_sd,0.002291959710419178,False,True
9,BASE_x_P40,hour_h1_sd,0.002970392582938075,False,True
9,BASE_x_P40,hour_h2_sd,0.002394128357991576,False,True
9,BASE_x_P40,hour_h3_sd,0.0018008407205343246,False,True
9,BASE_x_P40,hour_h4_sd,0.003048897022381425,False,True
9,BASE_x_P40,hour_h5_sd,0.0024923887103796005,False,True
9,BASE_x_P40,hour_h6_sd,0.002484875498339534,False,True
9,BASE_x_P40,hour_h7_sd,0.003948547877371311,False,True
9,BASE_x_P40,hour_h8_sd,0.005847268737852573,False,True
9,BASE_x_P40,hour_h9_sd,0.0038403149228543043,False,True
9,BASE_x_P40,hour_h10_sd,0.0013584623811766505,False,True
9,BASE_x_P40,hour_h11_sd,0.001616186578758061,False,True
9,BASE_x_P40,hour_h12_sd,0.0035380073823034763,False,True
9,BASE_x_P40,hour_h13_sd,0.0016262908466160297,False,True
9,BASE_x_P40,hour_h14_sd,0.0016925963573157787,False,True
9,BASE_x_P40,hour_h15_sd,0.0013970111031085253,False,True
9,BASE_x_P40,hour_h16_sd,0.0019905157387256622,False,True
9,BASE_x_P40,hour_h17_sd,0.00201580673456192,False,True
9,BASE_x_P40,hour_h18_sd,0.0024213339202106,False,True
9,BASE_x_P40,hour_h19_sd,0.006354735232889652,False,True
9,BASE_x_P40,hour_h20_sd,0.0038505683187395334,False,True
9,BASE_x_P40,hour_h21_sd,0.004844952840358019,False,True
9,BASE_x_P40,hour_h22_sd,0.002001709071919322,False,True
9,BASE_x_P40,hour_h23_sd,0.0024757562205195427,False,True
9,BASE_x_P40,curve_night_mean_wd,0.0005097115645185113,False,True
9,BASE_x_P40,curve_morning_slope_wd,0.003933788277208805,False,True
9,BASE_x_P40,curve_day_night_contrast_wd,0.0015373509377241135,False,True
9,BASE_x_P40,curve_range_wd,0.0017479360103607178,False,True
9,BASE_x_P40,curve_entropy_wd,0.0016431336989626288,False,True
9,BASE_x_P40,curve_night_mean_we,0.0010679698316380382,False,True
9,BASE_x_P40,curve_morning_slope_we,0.00185702508315444,False,True
9,BASE_x_P40,curve_day_night_contrast_we,0.0012995293363928795,False,True
9,BASE_x_P40,curve_range_we,0.0022587624844163656,False,True
9,BASE_x_P40,curve_entropy_we,0.0019361494341865182,False,True
9,BASE_x_P40,curve_night_mean_wd_diff,0.0026826097164303064,False,True
9,BASE_x_P40,curve_morning_slope_wd_diff,0.002195061417296529,False,True
9,BASE_x_P40,curve_day_night_contrast_wd_diff,0.00196244684047997,False,True
9,BASE_x_P40,curve_range_wd_diff,0.0036776054184883833,False,True
9,BASE_x_P40,curve_entropy_wd_diff,0.0027827066369354725,False,True
9,BASE_x_P40,demo__age_group=Elderly,0.003636690089479089,False,False
9,BASE_x_P40,demo__age_group=Middle Ager,4.169196108705364e-05,False,False
9,BASE_x_P40,demo__age_group=Young Adults,0.0011899248929694295,False,False
9,BASE_x_P40,demo__bmi_grp=normal,0.0004709473578259349,False,False
9,BASE_x_P40,demo__bmi_grp=obese,0.00017212760576512665,False,False
9,BASE_x_P40,demo__bmi_grp=overweight,0.0007991823367774487,False,False
