arm,alloc,split,user,y,score
M_static,0,val,1122,0,0.6121518
M_static,0,val,4993,1,0.6617521
M_static,0,val,15488,1,0.62535316
M_static,0,val,20593,1,0.5477214
M_static,0,val,22854,1,0.59192574
M_static,0,val,32097,1,0.6494643
M_static,0,val,33645,0,0.5809548
M_static,0,val,40597,1,0.6059311
M_static,0,val,50696,1,0.6235986
M_static,0,val,52327,1,0.6841189
M_static,0,val,54388,0,0.6335471
M_static,0,val,57684,1,0.6859169
M_static,0,val,58630,1,0.65573347
M_static,0,val,59792,0,0.7254137
M_static,0,val,72432,1,0.5895718
M_static,0,val,76273,1,0.67630243
M_static,0,val,85978,1,0.58927786
M_static,0,val,86840,1,0.61700207
M_static,0,val,87973,1,0.61331034
M_static,0,val,91249,1,0.5368498
M_static,0,val,112607,1,0.60815525
M_static,0,val,112715,1,0.6090743
M_static,0,val,123208,1,0.7222069
M_static,0,val,140328,0,0.6355998
M_static,0,val,141620,1,0.6005368
M_static,0,val,143454,0,0.62015295
M_static,0,val,144004,0,0.6345096
M_static,0,val,145109,1,0.6755696
M_static,0,val,149348,1,0.62304634
M_static,0,val,152430,1,0.62804854
M_static,0,val,154041,1,0.69251585
M_static,0,val,157449,1,0.6642551
M_static,0,val,162518,1,0.6810029
M_static,0,val,163423,1,0.64053804
M_static,0,val,165324,0,0.74262965
M_static,0,val,165400,0,0.6451787
M_static,0,val,169372,1,0.6726716
M_static,0,val,171833,1,0.59242475
M_static,0,val,171896,1,0.64418757
M_static,0,val,172578,1,0.7166487
M_static,0,val,173162,0,0.6743956
M_static,0,val,176133,1,0.73694456
M_static,0,val,184936,1,0.62055326
M_static,0,val,191335,0,0.71567553
M_static,0,val,193149,0,0.6413609
M_static,0,val,203640,1,0.6323186
M_static,0,val,207233,1,0.71586215
M_static,0,val,213739,0,0.5808467
M_static,0,val,228543,1,0.82091236
M_static,0,val,234247,0,0.6047687
M_static,0,val,237953,1,0.6019704
M_static,0,val,238407,0,0.5632673
M_static,0,val,240229,0,0.59217566
M_static,0,val,243108,1,0.7065444
M_static,0,val,250983,0,0.61926574
M_static,0,val,258462,0,0.545419
M_static,0,val,269426,1,0.6153794
M_static,0,val,273826,1,0.6560527
M_static,0,val,278485,0,0.6543749
M_static,0,val,280452,0,0.61191005
M_static,0,val,282212,1,0.47408134
M_static,0,val,289992,1,0.59511644
M_static,0,val,292872,0,0.5932318
M_static,0,val,299698,1,0.5487209
M_static,0,val,303683,0,0.62606865
M_static,0,val,308426,1,0.7024369
M_static,0,val,308485,0,0.7040094
M_static,0,val,319549,1,0.68878657
M_static,0,val,321109,0,0.6325709
M_static,0,val,321989,1,0.6654694
M_static,0,val,323718,1,0.6018812
M_static,0,val,323797,0,0.65660846
M_static,0,val,325318,0,0.5790281
M_static,0,val,328655,0,0.68664366
M_static,0,val,332529,1,0.8021412
M_static,0,val,335955,1,0.5449997
M_static,0,val,338273,1,0.6952257
M_static,0,val,345087,1,0.6469227
M_static,0,val,345361,1,0.571633
M_static,0,val,347257,1,0.6577593
M_static,0,val,349058,1,0.67498285
M_static,0,val,350012,1,0.64603645
M_static,0,val,350472,0,0.61819327
M_static,0,val,352441,0,0.6708466
M_static,0,val,352893,1,0.5944456
M_static,0,val,353416,1,0.6974967
M_static,0,val,357322,0,0.6392525
M_static,0,val,364228,1,0.6984762
M_static,0,val,364440,0,0.6663968
M_static,0,val,368436,1,0.7313226
M_static,0,val,369818,1,0.6457608
M_static,0,val,372332,1,0.74182427
M_static,0,val,375294,1,0.54048944
M_static,0,val,376880,1,0.777158
M_static,0,val,377217,1,0.5998129
M_static,0,val,377703,1,0.64829683
M_static,0,val,400944,1,0.6158308
M_static,0,val,406676,1,0.5986464
M_static,0,val,407827,1,0.6681834
M_static,0,val,412716,1,0.6802069
M_static,0,val,416249,1,0.6373911
M_static,0,val,420633,1,0.49490833
M_static,0,val,421283,1,0.6529805
M_static,0,val,421437,0,0.6377029
M_static,0,val,423553,1,0.65918154
M_static,0,val,431921,0,0.68795145
M_static,0,val,432168,1,0.6110608
M_static,0,val,432906,1,0.5986566
M_static,0,val,433303,1,0.656237
M_static,0,val,443207,1,0.641774
M_static,0,val,445318,0,0.5991661
M_static,0,val,448027,0,0.6584282
M_static,0,val,463298,1,0.64988196
M_static,0,val,469812,0,0.61144924
M_static,0,val,469865,1,0.6824737
M_static,0,val,474601,1,0.636054
M_static,0,val,475893,0,0.6844593
M_static,0,val,482448,0,0.6343846
M_static,0,val,487378,0,0.6514217
M_static,0,val,488665,0,0.5740363
M_static,0,val,490941,0,0.5234115
M_static,0,val,496270,1,0.6368315
M_static,0,val,502585,0,0.83935803
M_static,0,val,507011,1,0.654987
M_static,0,val,509624,1,0.71966386
M_static,0,val,512180,1,0.62429196
M_static,0,val,517848,1,0.7237187
M_static,0,val,518232,1,0.5798421
M_static,0,val,520868,0,0.71290326
M_static,0,val,526837,0,0.6510933
M_static,0,val,529902,1,0.61958414
M_static,0,val,530038,1,0.68318754
M_static,0,val,531104,1,0.653976
M_static,0,val,532533,1,0.6688908
M_static,0,val,545205,0,0.41974324
M_static,0,val,546258,1,0.6894673
M_static,0,val,549363,0,0.5674405
M_static,0,val,552325,0,0.55126965
M_static,0,val,552424,0,0.592816
M_static,0,val,556177,0,0.6648407
M_static,0,val,563033,0,0.6156785
M_static,0,val,564394,0,0.5485576
M_static,0,val,577668,1,0.5899457
M_static,0,val,578084,0,0.6792933
M_static,0,val,583338,1,0.6366386
M_static,0,val,588986,1,0.5731223
M_static,0,val,592548,0,0.6384129
M_static,0,val,599396,0,0.6115985
M_static,0,val,605160,0,0.5822906
M_static,0,val,607813,0,0.6357424
M_static,0,val,608740,0,0.6272781
M_static,0,val,614481,0,0.54796624
M_static,0,val,615119,1,0.7065517
M_static,0,val,615631,1,0.652522
M_static,0,val,625366,1,0.6023509
M_static,0,val,629729,1,0.6450659
M_static,0,val,647436,0,0.66506314
M_static,0,val,650259,0,0.64111435
M_static,0,val,651309,0,0.5823469
M_static,0,val,651758,1,0.6131741
M_static,0,val,652123,0,0.62968093
M_static,0,val,652279,0,0.58676714
M_static,0,val,656122,1,0.6548662
M_static,0,val,656138,1,0.6277677
M_static,0,val,660061,1,0.615293
M_static,0,val,660533,0,0.7229083
M_static,0,val,660938,1,0.64400333
M_static,0,val,665029,1,0.6283438
M_static,0,val,665050,1,0.631294
M_static,0,val,670244,1,0.62765354
M_static,0,val,671325,0,0.5970436
M_static,0,val,671576,0,0.60039765
M_static,0,val,673052,1,0.6197997
M_static,0,val,675660,0,0.5974088
M_static,0,val,678199,0,0.68332297
M_static,0,val,680266,0,0.67054915
M_static,0,val,682914,1,0.6138768
M_static,0,val,692799,1,0.60575384
M_static,0,val,696774,1,0.6197926
M_static,0,val,700558,1,0.61050284
M_static,0,val,703048,0,0.7013917
M_static,0,val,705906,1,0.6304814
M_static,0,val,710625,1,0.6845913
M_static,0,val,712016,1,0.6083325
M_static,0,val,718704,1,0.72336125
M_static,0,val,726126,0,0.62906194
M_static,0,val,734224,0,0.6425596
M_static,0,val,738172,0,0.68507576
M_static,0,val,738715,0,0.548126
M_static,0,val,739530,1,0.68769115
M_static,0,val,740043,1,0.6059507
M_static,0,val,743121,1,0.6754527
M_static,0,val,743318,0,0.60280055
M_static,0,val,745489,1,0.59599847
M_static,0,val,747568,1,0.7055867
M_static,0,val,747710,0,0.61928433
M_static,0,val,748105,0,0.6917175
M_static,0,val,755156,1,0.6183809
M_static,0,val,755914,1,0.6876061
M_static,0,val,761233,1,0.64473337
M_static,0,val,765473,1,0.67441493
M_static,0,val,765954,0,0.53572357
M_static,0,val,766763,1,0.5733693
M_static,0,val,767066,1,0.63761497
M_static,0,val,783025,1,0.6261805
M_static,0,val,788241,1,0.6414896
M_static,0,val,789437,1,0.5182713
M_static,0,val,789824,0,0.6129265
M_static,0,val,793726,0,0.66576374
M_static,0,val,803606,1,0.6389757
M_static,0,val,809689,0,0.61878026
M_static,0,val,817197,0,0.6115631
M_static,0,val,822633,1,0.6501516
M_static,0,val,829142,1,0.7121754
M_static,0,val,829874,0,0.62018824
M_static,0,val,833210,1,0.64444774
M_static,0,val,835716,0,0.6112572
M_static,0,val,835833,1,0.6354739
M_static,0,val,839278,1,0.6102127
M_static,0,val,847036,1,0.68350434
M_static,0,val,848723,1,0.57852423
M_static,0,val,849472,1,0.7043553
M_static,0,val,853842,1,0.6605122
M_static,0,val,857171,1,0.6104866
M_static,0,val,859109,1,0.65912294
M_static,0,val,860360,1,0.6034508
M_static,0,val,866895,0,0.7080601
M_static,0,val,868318,0,0.58211607
M_static,0,val,870739,1,0.6652847
M_static,0,val,883479,0,0.57882935
M_static,0,val,883804,1,0.6521963
M_static,0,val,885394,1,0.6277336
M_static,0,val,886279,1,0.5684173
M_static,0,val,898035,1,0.5654238
M_static,0,val,900648,1,0.5947711
M_static,0,val,903410,1,0.6211455
M_static,0,val,936352,0,0.51308644
M_static,0,val,950405,1,0.64960885
M_static,0,val,951465,0,0.6908696
M_static,0,val,951846,0,0.6420582
M_static,0,val,963197,1,0.75499886
M_static,0,val,970382,1,0.63805157
M_static,0,val,975370,0,0.6541484
M_static,0,val,975728,0,0.643835
M_static,0,val,976220,1,0.66351
M_static,0,val,977714,1,0.6267241
M_static,0,val,979369,1,0.6277585
M_static,0,val,979917,1,0.72867763
M_static,0,val,981736,0,0.59503615
M_static,0,val,983916,1,0.6249139
M_static,0,val,986074,1,0.68958336
M_static,0,val,987997,1,0.833855
M_static,0,val,988071,0,0.576896
M_static,0,val,989315,1,0.646916
M_static,0,val,991060,1,0.6128941
M_static,0,val,991790,1,0.6240269
M_static,0,val,991972,1,0.6220279
M_static,0,val,993562,1,0.64373416
M_static,0,val,994960,0,0.6428601
M_static,0,val,997176,0,0.62031215
M_static,0,val,999980,0,0.674157
M_static,0,val,1002249,1,0.6611468
M_static,0,val,1005121,1,0.5927365
M_static,0,val,1007363,0,0.68377924
M_static,0,val,1009347,1,0.7110061
M_static,0,val,1013371,1,0.6336627
M_static,0,val,1026684,1,0.6133042
M_static,0,val,1027441,1,0.6368669
M_static,0,val,1029373,1,0.8019377
M_static,0,val,1042457,0,0.6053214
M_static,0,val,1043319,0,0.64574426
M_static,0,val,1049886,1,0.6992768
M_static,0,val,1057350,0,0.67623335
M_static,0,val,1057961,0,0.604294
M_static,0,val,1058939,1,0.6566767
M_static,0,val,1065288,0,0.5050653
M_static,0,val,1065613,0,0.61689174
M_static,0,val,1067177,1,0.58654755
M_static,0,val,1067946,0,0.6088169
M_static,0,val,1068390,1,0.66825706
M_static,0,val,1068928,0,0.6795389
M_static,0,val,1070070,1,0.6258485
M_static,0,val,1070472,0,0.6129336
M_static,0,val,1070686,0,0.70369273
M_static,0,val,1071801,0,0.65492284
M_static,0,val,1072395,1,0.65214545
M_static,0,val,1073156,1,0.6546028
M_static,0,val,1073471,1,0.6579913
M_static,0,val,1074753,0,0.6767314
M_static,0,val,1077187,1,0.57909757
M_static,0,val,1079282,1,0.70709383
M_static,0,val,1080609,0,0.59587884
M_static,0,val,1081377,0,0.5833735
M_static,0,val,1082433,0,0.59592813
M_static,0,val,1082987,0,0.6217018
M_static,0,val,1083817,1,0.6977923
M_static,0,val,1084185,0,0.63508135
M_static,0,val,1085216,0,0.6670577
M_static,0,val,1087797,1,0.6882964
M_static,0,val,1088105,1,0.6537106
M_static,0,val,1088918,1,0.6019192
M_static,0,val,1091670,1,0.6653797
M_static,0,val,1092408,1,0.70694625
M_static,0,val,1092437,1,0.6929442
M_static,0,val,1092889,1,0.57126
M_static,0,val,1092948,1,0.65828675
M_static,0,val,1093200,0,0.6123152
M_static,0,val,1093743,0,0.53881663
M_static,0,val,1093823,1,0.6077504
M_static,0,val,1096850,1,0.64900804
M_static,0,val,1097996,1,0.5110867
M_static,0,val,1099660,1,0.6011959
M_static,0,val,1102314,1,0.6424652
M_static,0,val,1103360,1,0.63026184
M_static,0,val,1104219,1,0.6649287
M_static,0,val,1104443,1,0.5187194
M_static,0,val,1104599,1,0.63221306
M_static,0,val,1104649,1,0.6920829
M_static,0,val,1104803,0,0.63187426
M_static,0,val,1105121,0,0.68363553
M_static,0,val,1105416,1,0.73879313
M_static,0,val,1105688,1,0.6065389
M_static,0,val,1105902,1,0.6398023
M_static,0,val,1105904,0,0.664357
M_static,0,val,1106632,0,0.61936986
M_static,0,val,1107348,1,0.59430456
M_static,0,val,1108706,1,0.7755008
M_static,0,val,1108945,1,0.6460365
M_static,0,val,1108949,1,0.6451121
M_static,0,val,1109030,1,0.6124234
M_static,0,val,1109526,1,0.67511404
M_static,0,val,1109829,1,0.61871606
M_static,0,val,1110232,1,0.75361055
M_static,0,val,1111153,0,0.6122938
M_static,0,val,1111471,1,0.6801942
M_static,0,val,1111860,1,0.6962331
M_static,0,val,1111920,1,0.6424587
M_static,0,val,1112111,1,0.59517735
M_static,0,val,1112465,1,0.5989537
M_static,0,val,1113756,1,0.6795677
M_static,0,val,1114556,0,0.6803885
M_static,0,val,1115316,1,0.79372185
M_static,0,val,1115713,1,0.64582163
M_static,0,val,1116372,1,0.6546209
M_static,0,val,1116860,1,0.5824036
M_static,0,val,1118398,1,0.70059186
M_static,0,val,1118773,0,0.61844796
M_static,0,val,1119526,1,0.6407614
M_static,0,val,1119929,0,0.610321
M_static,0,val,1120625,1,0.5270835
M_static,0,val,1121493,0,0.5476825
M_static,0,val,1121766,1,0.5189633
M_static,0,val,1121995,0,0.66913545
M_static,0,val,1122004,0,0.6011357
M_static,0,val,1122557,1,0.6339311
M_static,0,val,1122626,1,0.68888426
M_static,0,val,1122659,1,0.58164614
M_static,0,val,1123484,0,0.66619945
M_static,0,val,1123572,0,0.62647074
M_static,0,val,1123858,0,0.60340464
M_static,0,val,1124330,0,0.56129897
M_static,0,val,1125095,0,0.57955676
M_static,0,val,1126146,0,0.6180117
M_static,0,val,1126844,0,0.6137073
M_static,0,val,1127703,1,0.66875577
M_static,0,val,1127812,1,0.65565145
M_static,0,val,1128031,1,0.61995965
M_static,0,val,1128952,0,0.6163574
M_static,0,val,1129029,0,0.5801492
M_static,0,val,1129826,1,0.6612037
M_static,0,val,1129953,0,0.6492552
M_static,0,val,1129979,1,0.5937081
M_static,0,val,1131254,0,0.60433745
M_static,0,val,1131656,1,0.5977662
M_static,0,val,1131818,1,0.63028944
M_static,0,val,1131831,1,0.6274855
M_static,0,val,1131906,1,0.7188844
M_static,0,val,1132886,0,0.6461302
M_static,0,val,1134339,0,0.6016416
M_static,0,val,1136675,1,0.6146501
M_static,0,val,1136723,0,0.63807625
M_static,0,val,1136790,1,0.6626221
M_static,0,val,1137743,1,0.71410286
M_static,0,val,1137897,1,0.6916238
M_static,0,val,1138091,1,0.5421901
M_static,0,val,1138316,1,0.6476188
M_static,0,val,1138699,0,0.58654135
M_static,0,val,1138864,1,0.6123773
M_static,0,val,1139249,1,0.61524916
M_static,0,val,1140109,1,0.6566932
M_static,0,val,1141785,0,0.5440756
M_static,0,val,1142584,0,0.6834724
M_static,0,val,1142724,0,0.59416586
M_static,0,val,1142803,1,0.7055288
M_static,0,val,1142989,1,0.64619815
M_static,0,val,1143781,1,0.6926187
M_static,0,val,1144322,1,0.63017565
M_static,0,val,1144734,1,0.6725194
M_static,0,val,1144789,1,0.6288338
M_static,0,val,1145284,1,0.66557133
M_static,0,val,1145385,0,0.6403883
M_static,0,val,1145393,1,0.620546
M_static,0,val,1146323,0,0.6881576
M_static,0,val,1146488,0,0.60633457
M_static,0,val,1147005,0,0.5964025
M_static,0,val,1147155,1,0.64967346
M_static,0,val,1148332,1,0.6499784
M_static,0,val,1148772,1,0.6713488
M_static,0,val,1148848,1,0.6881498
M_static,0,val,1149102,1,0.6369352
M_static,0,val,1149196,0,0.6424658
M_static,0,val,1149831,1,0.6204794
M_static,0,val,1149916,1,0.54852355
M_static,0,val,1151020,0,0.6523344
M_static,0,val,1151121,1,0.662026
M_static,0,val,1151387,0,0.6148028
M_static,0,val,1152700,1,0.6841294
M_static,0,val,1152931,1,0.53031754
M_static,0,val,1153914,1,0.6790101
M_static,0,val,1154175,1,0.61741143
M_static,0,val,1154313,1,0.67274255
M_static,0,val,1154492,1,0.6802931
M_static,0,val,1154712,1,0.6540536
M_static,0,val,1155519,1,0.6761509
M_static,0,val,1156023,1,0.6243276
M_static,0,val,1156386,1,0.63581544
M_static,0,val,1156739,1,0.68233705
M_static,0,val,1157101,1,0.6552517
M_static,0,val,1157142,1,0.5984903
M_static,0,val,1157190,1,0.6730313
M_static,0,val,1205889,1,0.6695857
M_static,0,val,1206308,0,0.6413536
M_static,0,val,1206310,1,0.5868096
M_static,0,val,1206335,0,0.58022374
M_static,0,val,1206411,1,0.60584986
M_static,0,val,1206714,1,0.6895787
M_static,0,val,1206862,1,0.71753025
M_static,0,val,1206997,1,0.6545265
M_static,0,val,1207017,1,0.6351874
M_static,0,val,1207479,0,0.6497003
M_static,0,val,1208422,1,0.7604271
M_static,0,val,1208870,1,0.6453317
M_static,0,val,1208898,1,0.7075512
M_static,0,val,1209429,1,0.6034798
M_static,0,val,1209873,1,0.56919396
M_static,0,val,1209935,0,0.6461455
M_static,0,val,1209975,1,0.6216062
M_static,0,val,1210100,0,0.6030791
M_static,0,val,1210408,0,0.65857863
M_static,0,val,1210816,1,0.5893091
M_static,0,val,1211345,1,0.6457942
M_static,0,val,1211778,0,0.6197056
M_static,0,val,1212354,0,0.5928762
M_static,0,val,1212408,1,0.63288337
M_static,0,val,1212451,0,0.6533904
M_static,0,val,1212865,1,0.6141614
M_static,0,val,1214345,1,0.5769467
M_static,0,val,1214456,0,0.64799494
M_static,0,val,1214506,1,0.65735394
M_static,0,val,1214832,0,0.58318114
M_static,0,val,1214928,1,0.65242314
M_static,0,val,1215070,1,0.54804736
M_static,0,val,1215193,1,0.81507784
M_static,0,val,1215869,0,0.66789335
M_static,0,val,1215921,1,0.5536318
M_static,0,val,1216036,1,0.6105319
M_static,0,val,1216145,0,0.71056384
M_static,0,val,1216150,1,0.66884595
M_static,0,val,1216691,1,0.615048
M_static,0,val,1216776,1,0.6374759
M_static,0,val,1217218,0,0.5981574
M_static,0,val,1218288,1,0.66026634
M_static,0,val,1219153,0,0.639229
M_static,0,val,1219634,1,0.6393797
M_static,0,val,1219751,1,0.76238894
M_static,0,val,1220037,1,0.6669602
M_static,0,val,1220380,1,0.61104757
M_static,0,val,1220552,1,0.72518456
M_static,0,val,1220699,1,0.6304796
M_static,0,val,1220871,0,0.6944372
M_static,0,val,1220940,1,0.6652951
M_static,0,val,1220988,0,0.59985
M_static,0,val,1221019,0,0.6779273
M_static,0,val,1221341,1,0.59365153
M_static,0,val,1221355,1,0.65652287
M_static,0,val,1221883,0,0.59656316
M_static,0,val,1222336,0,0.66893786
M_static,0,val,1222850,1,0.6434421
M_static,0,val,1223328,1,0.55102056
M_static,0,val,1223459,1,0.68192935
M_static,0,val,1223516,1,0.62835634
M_static,0,val,1223773,1,0.6482685
M_static,0,val,1223969,1,0.67382
M_static,0,val,1224343,1,0.5714718
M_static,0,val,1224547,1,0.57254684
M_static,0,val,1225284,0,0.5724767
M_static,0,val,1225298,1,0.64228636
M_static,0,val,1225341,1,0.6919952
M_static,0,val,1225605,0,0.625678
M_static,0,val,1225635,1,0.6526813
M_static,0,val,1226641,1,0.6465073
M_static,0,val,1226794,0,0.70770156
M_static,0,val,1226937,0,0.6961367
M_static,0,val,1227192,1,0.6135229
M_static,0,val,1227414,0,0.6017437
M_static,0,val,1227765,1,0.6112572
M_static,0,val,1228018,1,0.7171009
M_static,0,val,1229147,0,0.65699434
M_static,0,val,1229368,0,0.6744673
M_static,0,val,1230131,1,0.7148746
M_static,0,val,1230574,0,0.5421052
M_static,0,val,1230810,1,0.641462
M_static,0,val,1231276,1,0.62839264
M_static,0,val,1231535,1,0.6476508
M_static,0,val,1231638,1,0.6278779
M_static,0,val,1231979,1,0.67761123
M_static,0,val,1232188,1,0.6398811
M_static,0,val,1232212,1,0.6772142
M_static,0,val,1232478,1,0.59548575
M_static,0,val,1233203,1,0.67130136
M_static,0,val,1234521,0,0.63989586
M_static,0,val,1234553,0,0.6933654
M_static,0,val,1234862,0,0.6132791
M_static,0,val,1235039,1,0.6816486
M_static,0,val,1235236,1,0.6549109
M_static,0,val,1235254,0,0.6718946
M_static,0,val,1235265,1,0.6964014
M_static,0,val,1235336,1,0.6173784
M_static,0,val,1235381,1,0.64787984
M_static,0,val,1235500,1,0.66143185
M_static,0,val,1235590,1,0.7232839
M_static,0,val,1235597,1,0.60487556
M_static,0,val,1235650,0,0.67863137
M_static,0,val,1235882,0,0.64819735
M_static,0,val,1235914,0,0.6057843
M_static,0,val,1235985,1,0.6994196
M_static,0,val,1236187,0,0.57836825
M_static,0,val,1236418,1,0.5643371
M_static,0,val,1236751,1,0.6777466
M_static,0,val,1236985,1,0.61109054
M_static,0,val,1237033,1,0.74154794
M_static,0,val,1237440,1,0.64196116
M_static,0,val,1237491,1,0.64665616
M_static,0,val,1237647,0,0.69651675
M_static,0,val,1237832,1,0.6748376
M_static,0,val,1238203,1,0.6647983
M_static,0,val,1238264,1,0.6577968
M_static,0,val,1238521,1,0.6333745
M_static,0,val,1238583,0,0.6625503
M_static,0,val,1238664,1,0.6294714
M_static,0,val,1238865,1,0.6743002
M_static,0,val,1238923,0,0.632132
M_static,0,val,1238960,1,0.6220406
M_static,0,val,1239212,0,0.6549741
M_static,0,val,1239427,1,0.62253016
M_static,0,val,1239609,1,0.7012656
M_static,0,val,1239693,0,0.68087757
M_static,0,val,1239701,0,0.6405359
M_static,0,val,1239841,1,0.56856453
M_static,0,val,1240131,1,0.61596036
M_static,0,val,1240238,0,0.58674574
M_static,0,val,1240953,0,0.6677476
M_static,0,val,1241185,0,0.6031748
M_static,0,val,1241453,0,0.61536723
M_static,0,val,1241779,1,0.63387084
M_static,0,val,1241841,1,0.655595
M_static,0,val,1242381,0,0.65248865
M_static,0,val,1242508,1,0.7358848
M_static,0,val,1242535,1,0.6387531
M_static,0,val,1242667,0,0.6194375
M_static,0,val,1242673,1,0.60277444
M_static,0,val,1243802,0,0.6200471
M_static,0,val,1243838,0,0.6512852
M_static,0,val,1243992,1,0.6257793
M_static,0,val,1243993,0,0.64083195
M_static,0,val,1245441,1,0.5709372
M_static,0,val,1245905,1,0.59677505
M_static,0,val,1246508,0,0.534272
M_static,0,val,1246702,1,0.6815227
M_static,0,test,1685,1,0.67291504
M_static,0,test,16787,0,0.6787882
M_static,0,test,19126,1,0.64722383
M_static,0,test,19450,0,0.62658143
M_static,0,test,28836,1,0.7025767
M_static,0,test,30502,1,0.643
M_static,0,test,33225,1,0.6108602
M_static,0,test,34146,1,0.6983004
M_static,0,test,34428,0,0.63244176
M_static,0,test,42331,1,0.78785115
M_static,0,test,42450,1,0.642761
M_static,0,test,42908,1,0.594157
M_static,0,test,43628,1,0.6823646
M_static,0,test,56380,1,0.69467986
M_static,0,test,60519,1,0.6449409
M_static,0,test,70147,0,0.68441564
M_static,0,test,71731,1,0.5886146
M_static,0,test,72256,1,0.6915266
M_static,0,test,75558,1,0.65521747
M_static,0,test,78778,0,0.585956
M_static,0,test,80412,1,0.6598397
M_static,0,test,86179,1,0.6962913
M_static,0,test,86305,1,0.5915236
M_static,0,test,86310,1,0.64654875
M_static,0,test,99452,0,0.66409373
M_static,0,test,100693,1,0.639214
M_static,0,test,105892,1,0.66580117
M_static,0,test,108335,0,0.60171777
M_static,0,test,120088,1,0.6419255
M_static,0,test,121258,1,0.5862883
M_static,0,test,121544,1,0.6553433
M_static,0,test,121744,1,0.6425228
M_static,0,test,138237,1,0.66422
M_static,0,test,141681,1,0.677209
M_static,0,test,144639,1,0.6090827
M_static,0,test,156299,1,0.68614614
M_static,0,test,156996,1,0.5810244
M_static,0,test,160524,0,0.7300342
M_static,0,test,174525,1,0.6739264
M_static,0,test,177730,1,0.5683001
M_static,0,test,179049,0,0.65941644
M_static,0,test,183219,0,0.64914376
M_static,0,test,184161,1,0.7087379
M_static,0,test,199745,0,0.7234819
M_static,0,test,200858,1,0.44742382
M_static,0,test,205829,1,0.69000137
M_static,0,test,207626,1,0.6818316
M_static,0,test,208120,0,0.64357024
M_static,0,test,210257,0,0.6629909
M_static,0,test,226106,1,0.52177155
M_static,0,test,226610,1,0.69246393
M_static,0,test,247900,1,0.6625421
M_static,0,test,255650,1,0.68192387
M_static,0,test,266656,1,0.71387154
M_static,0,test,271131,1,0.62027246
M_static,0,test,273824,1,0.6268391
M_static,0,test,274268,1,0.6312518
M_static,0,test,278688,0,0.5895964
M_static,0,test,280634,1,0.67402565
M_static,0,test,284088,0,0.61870366
M_static,0,test,286403,1,0.7025297
M_static,0,test,290974,0,0.5839832
M_static,0,test,293205,0,0.64582765
M_static,0,test,298058,1,0.6735923
M_static,0,test,300174,0,0.60804653
M_static,0,test,301917,1,0.5841563
M_static,0,test,308684,1,0.671388
M_static,0,test,309228,1,0.6981111
M_static,0,test,311717,0,0.64594156
M_static,0,test,315660,1,0.7027935
M_static,0,test,317182,1,0.61777526
M_static,0,test,320374,0,0.6216804
M_static,0,test,323320,0,0.5521605
M_static,0,test,324095,1,0.60580206
M_static,0,test,328714,1,0.64059335
M_static,0,test,329983,1,0.60443574
M_static,0,test,330603,1,0.63616496
M_static,0,test,331536,1,0.66314256
M_static,0,test,333052,0,0.6517284
M_static,0,test,334461,1,0.6931679
M_static,0,test,335240,0,0.61278737
M_static,0,test,345347,1,0.689132
M_static,0,test,348496,1,0.6694153
M_static,0,test,355419,1,0.6556255
M_static,0,test,359014,0,0.61034375
M_static,0,test,359330,0,0.65343934
M_static,0,test,361397,1,0.6029932
M_static,0,test,361916,1,0.69344056
M_static,0,test,366159,1,0.64476717
M_static,0,test,366344,0,0.63829964
M_static,0,test,367930,1,0.6150082
M_static,0,test,374662,1,0.6257181
M_static,0,test,383626,1,0.69064045
M_static,0,test,388622,1,0.54594463
M_static,0,test,391348,0,0.70958465
M_static,0,test,402720,1,0.6312639
M_static,0,test,410795,1,0.620435
M_static,0,test,413554,1,0.6142658
M_static,0,test,415824,1,0.6174586
M_static,0,test,418425,0,0.6865511
M_static,0,test,419629,1,0.69117385
M_static,0,test,427380,1,0.6812053
M_static,0,test,430595,1,0.7137534
M_static,0,test,436619,0,0.605328
M_static,0,test,445545,1,0.6131397
M_static,0,test,457179,1,0.7023152
M_static,0,test,463375,1,0.61852616
M_static,0,test,465489,0,0.6082312
M_static,0,test,471955,1,0.59944963
M_static,0,test,478525,0,0.6212424
M_static,0,test,479849,0,0.6769703
M_static,0,test,479859,0,0.5728362
M_static,0,test,480021,0,0.6235123
M_static,0,test,481454,0,0.6701014
M_static,0,test,486341,0,0.65366244
M_static,0,test,486901,0,0.6267712
M_static,0,test,490630,1,0.68771774
M_static,0,test,490818,1,0.66747445
M_static,0,test,498363,1,0.6938477
M_static,0,test,508572,1,0.5970587
M_static,0,test,510306,0,0.60364664
M_static,0,test,511018,0,0.61158437
M_static,0,test,513568,0,0.6400854
M_static,0,test,524155,0,0.6323462
M_static,0,test,526137,0,0.64098495
M_static,0,test,531193,0,0.66875297
M_static,0,test,531815,0,0.6503918
M_static,0,test,534077,1,0.5612381
M_static,0,test,536736,1,0.6679269
M_static,0,test,544153,1,0.49947542
M_static,0,test,548749,1,0.6229711
M_static,0,test,552900,1,0.5851315
M_static,0,test,552901,1,0.58639055
M_static,0,test,553161,0,0.66076064
M_static,0,test,554960,0,0.75187147
M_static,0,test,560123,1,0.6598323
M_static,0,test,565232,1,0.7241149
M_static,0,test,565908,0,0.56281114
M_static,0,test,566012,1,0.6056569
M_static,0,test,569789,0,0.53464085
M_static,0,test,573425,1,0.602793
M_static,0,test,575730,0,0.56528354
M_static,0,test,577067,1,0.64055747
M_static,0,test,580587,0,0.655233
M_static,0,test,584433,0,0.62556684
M_static,0,test,585465,1,0.680041
M_static,0,test,589139,1,0.66339666
M_static,0,test,596051,1,0.66994476
M_static,0,test,596437,0,0.6180196
M_static,0,test,599359,1,0.6169162
M_static,0,test,606159,1,0.59494406
M_static,0,test,608537,1,0.7170949
M_static,0,test,612686,0,0.5965264
M_static,0,test,616172,1,0.64019305
M_static,0,test,625501,0,0.5502204
M_static,0,test,627006,1,0.6658502
M_static,0,test,627556,1,0.6353222
M_static,0,test,628661,1,0.6837807
M_static,0,test,639645,0,0.6024662
M_static,0,test,646867,1,0.66434926
M_static,0,test,648107,1,0.6991048
M_static,0,test,648709,0,0.72904074
M_static,0,test,649449,0,0.6793173
M_static,0,test,654746,1,0.66814274
M_static,0,test,660164,1,0.66997236
M_static,0,test,663130,1,0.67021525
M_static,0,test,663406,1,0.60221803
M_static,0,test,670955,1,0.7122148
M_static,0,test,673553,1,0.66294694
M_static,0,test,675907,0,0.66414195
M_static,0,test,677917,1,0.6404082
M_static,0,test,677928,1,0.60004187
M_static,0,test,682565,1,0.5967459
M_static,0,test,690734,0,0.60302204
M_static,0,test,690987,1,0.6833482
M_static,0,test,692458,1,0.6672031
M_static,0,test,695588,1,0.5878038
M_static,0,test,697830,0,0.61032856
M_static,0,test,702078,0,0.6949732
M_static,0,test,704317,0,0.6592254
M_static,0,test,706141,1,0.5250373
M_static,0,test,708388,1,0.5573059
M_static,0,test,709192,0,0.6614244
M_static,0,test,709722,1,0.6879034
M_static,0,test,711711,1,0.60638255
M_static,0,test,711782,1,0.64345926
M_static,0,test,714764,0,0.6922596
M_static,0,test,714952,1,0.6821592
M_static,0,test,719050,0,0.57068634
M_static,0,test,719225,1,0.6063729
M_static,0,test,723474,0,0.7085409
M_static,0,test,725470,0,0.54096854
M_static,0,test,738078,0,0.6908181
M_static,0,test,741884,0,0.56801814
M_static,0,test,742551,0,0.60047376
M_static,0,test,744145,0,0.6032759
M_static,0,test,744767,0,0.55090636
M_static,0,test,750881,0,0.65108436
M_static,0,test,752970,0,0.6358578
M_static,0,test,755356,0,0.63950354
M_static,0,test,762014,0,0.6611009
M_static,0,test,767773,0,0.64332026
M_static,0,test,768313,1,0.64461976
M_static,0,test,769720,1,0.70357573
M_static,0,test,772900,0,0.6233816
M_static,0,test,776444,1,0.69005674
M_static,0,test,777118,1,0.6197499
M_static,0,test,778111,1,0.6767263
M_static,0,test,779406,0,0.6235636
M_static,0,test,783140,1,0.8042598
M_static,0,test,784920,1,0.60995626
M_static,0,test,786776,0,0.6314329
M_static,0,test,789093,0,0.64665633
M_static,0,test,806762,0,0.6499431
M_static,0,test,808258,0,0.5869547
M_static,0,test,809234,1,0.6168167
M_static,0,test,810874,0,0.6029818
M_static,0,test,820729,1,0.6105722
M_static,0,test,822027,0,0.65964836
M_static,0,test,822463,1,0.64026237
M_static,0,test,831454,0,0.61501217
M_static,0,test,835159,1,0.6724092
M_static,0,test,839451,0,0.65517193
M_static,0,test,858119,0,0.54583764
M_static,0,test,859236,0,0.61530405
M_static,0,test,866317,1,0.6743827
M_static,0,test,869519,1,0.57745385
M_static,0,test,873012,1,0.77081347
M_static,0,test,877831,0,0.68388206
M_static,0,test,884569,1,0.6209352
M_static,0,test,889657,1,0.89718294
M_static,0,test,900534,1,0.610953
M_static,0,test,900750,1,0.648836
M_static,0,test,903654,1,0.61628366
M_static,0,test,944315,0,0.6359409
M_static,0,test,951654,0,0.63001233
M_static,0,test,952219,0,0.57588565
M_static,0,test,953656,0,0.6996922
M_static,0,test,954477,1,0.60989004
M_static,0,test,955669,0,0.6571919
M_static,0,test,955753,1,0.60930693
M_static,0,test,957325,1,0.6267554
M_static,0,test,959155,0,0.5689604
M_static,0,test,962643,1,0.63552344
M_static,0,test,963985,1,0.6740085
M_static,0,test,969827,0,0.64077544
M_static,0,test,972950,1,0.6615542
M_static,0,test,976523,1,0.6778031
M_static,0,test,982253,1,0.6337134
M_static,0,test,982817,0,0.58026004
M_static,0,test,984065,0,0.6112272
M_static,0,test,985152,1,0.5586679
M_static,0,test,989331,1,0.6839454
M_static,0,test,990528,0,0.5944818
M_static,0,test,994044,1,0.6890963
M_static,0,test,994160,1,0.6931956
M_static,0,test,995496,1,0.6937283
M_static,0,test,996219,0,0.6209862
M_static,0,test,996860,0,0.6581929
M_static,0,test,998151,1,0.68951625
M_static,0,test,998708,1,0.6960633
M_static,0,test,1001502,0,0.62665313
M_static,0,test,1001535,1,0.6227651
M_static,0,test,1003409,1,0.60589755
M_static,0,test,1005171,1,0.62030923
M_static,0,test,1005401,1,0.56654066
M_static,0,test,1005619,1,0.64391553
M_static,0,test,1006944,1,0.6683583
M_static,0,test,1012321,1,0.66071016
M_static,0,test,1017249,1,0.67035085
M_static,0,test,1043429,1,0.6781909
M_static,0,test,1046104,0,0.59079206
M_static,0,test,1048580,1,0.6748006
M_static,0,test,1049831,0,0.6648326
M_static,0,test,1050525,1,0.6511518
M_static,0,test,1053386,0,0.5866805
M_static,0,test,1054567,0,0.6038916
M_static,0,test,1057686,0,0.64695305
M_static,0,test,1058429,1,0.6126463
M_static,0,test,1063812,0,0.6453252
M_static,0,test,1066129,1,0.655558
M_static,0,test,1066734,1,0.68280405
M_static,0,test,1067828,1,0.6320521
M_static,0,test,1069003,0,0.6294115
M_static,0,test,1069689,1,0.5611452
M_static,0,test,1071527,1,0.6180589
M_static,0,test,1072194,1,0.5828446
M_static,0,test,1073214,1,0.6355321
M_static,0,test,1073787,1,0.6357823
M_static,0,test,1074093,1,0.59613633
M_static,0,test,1074163,1,0.6264597
M_static,0,test,1074275,1,0.670005
M_static,0,test,1074306,1,0.6404384
M_static,0,test,1075816,1,0.58460724
M_static,0,test,1077606,1,0.6281324
M_static,0,test,1079219,0,0.61638266
M_static,0,test,1079656,1,0.6456102
M_static,0,test,1079923,0,0.5888283
M_static,0,test,1080366,1,0.6258012
M_static,0,test,1080459,1,0.56642824
M_static,0,test,1081059,1,0.44745892
M_static,0,test,1081383,0,0.6329604
M_static,0,test,1082739,1,0.73978853
M_static,0,test,1084267,1,0.5917615
M_static,0,test,1084497,1,0.5957498
M_static,0,test,1085709,1,0.59132326
M_static,0,test,1086243,1,0.71054536
M_static,0,test,1086991,0,0.6663707
M_static,0,test,1087391,0,0.642148
M_static,0,test,1089172,1,0.6756025
M_static,0,test,1090438,1,0.6088782
M_static,0,test,1090543,1,0.6440211
M_static,0,test,1091014,1,0.64495313
M_static,0,test,1091583,1,0.52788776
M_static,0,test,1092848,1,0.61320174
M_static,0,test,1093401,1,0.6292424
M_static,0,test,1094456,1,0.60341716
M_static,0,test,1094730,0,0.57974994
M_static,0,test,1095404,1,0.5674967
M_static,0,test,1097324,1,0.7252112
M_static,0,test,1097843,0,0.6348084
M_static,0,test,1098849,1,0.5825434
M_static,0,test,1099078,1,0.6417327
M_static,0,test,1101406,0,0.7129075
M_static,0,test,1102276,1,0.6354994
M_static,0,test,1102389,1,0.60032463
M_static,0,test,1102856,1,0.5957071
M_static,0,test,1102873,1,0.717449
M_static,0,test,1104038,1,0.66485405
M_static,0,test,1104198,1,0.6142272
M_static,0,test,1104592,1,0.58046526
M_static,0,test,1105837,1,0.6591172
M_static,0,test,1106300,1,0.6103637
M_static,0,test,1106784,1,0.66058224
M_static,0,test,1107575,0,0.7213628
M_static,0,test,1107631,1,0.6557682
M_static,0,test,1109280,1,0.6462591
M_static,0,test,1109598,1,0.71650547
M_static,0,test,1110598,0,0.6646269
M_static,0,test,1111123,1,0.60705775
M_static,0,test,1112333,1,0.6291896
M_static,0,test,1112425,1,0.607978
M_static,0,test,1112671,1,0.68153876
M_static,0,test,1112684,0,0.6573243
M_static,0,test,1112999,0,0.6604805
M_static,0,test,1113155,0,0.6478638
M_static,0,test,1113808,0,0.5868575
M_static,0,test,1114105,0,0.6616151
M_static,0,test,1114679,1,0.6705366
M_static,0,test,1115212,1,0.65791637
M_static,0,test,1115227,1,0.6092859
M_static,0,test,1115247,0,0.6038465
M_static,0,test,1115342,0,0.69439197
M_static,0,test,1116507,1,0.6272022
M_static,0,test,1116601,0,0.6216172
M_static,0,test,1117267,1,0.658505
M_static,0,test,1118542,0,0.6160269
M_static,0,test,1119067,1,0.5929217
M_static,0,test,1119591,1,0.73502505
M_static,0,test,1120775,1,0.64947057
M_static,0,test,1121443,0,0.6160999
M_static,0,test,1121623,1,0.61089724
M_static,0,test,1121672,1,0.5332464
M_static,0,test,1121926,1,0.6138591
M_static,0,test,1122760,0,0.6527702
M_static,0,test,1123500,1,0.59166884
M_static,0,test,1123559,0,0.6409227
M_static,0,test,1123910,1,0.67267555
M_static,0,test,1124180,0,0.4639244
M_static,0,test,1124561,0,0.6254921
M_static,0,test,1124658,0,0.6408765
M_static,0,test,1125073,1,0.6088936
M_static,0,test,1125442,1,0.7190577
M_static,0,test,1125468,1,0.58344126
M_static,0,test,1125785,1,0.61423653
M_static,0,test,1125964,1,0.60994995
M_static,0,test,1126244,0,0.65079343
M_static,0,test,1126443,0,0.55381376
M_static,0,test,1127029,0,0.64922667
M_static,0,test,1127233,0,0.60142285
M_static,0,test,1127285,0,0.6287938
M_static,0,test,1127560,1,0.6076686
M_static,0,test,1128027,1,0.67322713
M_static,0,test,1128117,1,0.6804017
M_static,0,test,1128350,1,0.6226219
M_static,0,test,1129253,1,0.6002427
M_static,0,test,1129383,1,0.6319555
M_static,0,test,1129695,1,0.653353
M_static,0,test,1129961,0,0.64261603
M_static,0,test,1130530,0,0.649394
M_static,0,test,1130533,1,0.6975455
M_static,0,test,1130623,0,0.6407661
M_static,0,test,1131355,1,0.7003526
M_static,0,test,1132251,1,0.64861465
M_static,0,test,1132286,0,0.65900743
M_static,0,test,1132874,1,0.66001475
M_static,0,test,1133607,1,0.63875306
M_static,0,test,1133778,1,0.6685672
M_static,0,test,1134518,0,0.55631363
M_static,0,test,1134921,1,0.5398184
M_static,0,test,1134927,1,0.5971277
M_static,0,test,1135001,1,0.620338
M_static,0,test,1135191,0,0.62016845
M_static,0,test,1135626,1,0.60334504
M_static,0,test,1136569,0,0.56443226
M_static,0,test,1136878,1,0.6252399
M_static,0,test,1136925,0,0.67520106
M_static,0,test,1136946,0,0.64041996
M_static,0,test,1136981,1,0.5826431
M_static,0,test,1137818,1,0.6549436
M_static,0,test,1138374,0,0.50505054
M_static,0,test,1138681,1,0.565841
M_static,0,test,1139209,0,0.57287806
M_static,0,test,1139275,1,0.70295364
M_static,0,test,1139688,1,0.6334287
M_static,0,test,1139774,0,0.62701696
M_static,0,test,1139795,0,0.635069
M_static,0,test,1142591,0,0.6820313
M_static,0,test,1143113,1,0.54803944
M_static,0,test,1144147,0,0.6010867
M_static,0,test,1144198,1,0.6782881
M_static,0,test,1144465,1,0.6618011
M_static,0,test,1145207,0,0.6371461
M_static,0,test,1146057,0,0.7024046
M_static,0,test,1146208,0,0.66853905
M_static,0,test,1146369,1,0.68613684
M_static,0,test,1147189,1,0.5751574
M_static,0,test,1147877,1,0.59495413
M_static,0,test,1148116,1,0.5270198
M_static,0,test,1148548,1,0.695668
M_static,0,test,1149201,1,0.67710376
M_static,0,test,1150067,1,0.67346996
M_static,0,test,1150178,1,0.6666099
M_static,0,test,1151371,1,0.59471095
M_static,0,test,1151583,1,0.7046931
M_static,0,test,1152038,1,0.64409304
M_static,0,test,1152707,0,0.6279862
M_static,0,test,1152739,0,0.5596041
M_static,0,test,1153155,1,0.6296875
M_static,0,test,1153244,1,0.6773125
M_static,0,test,1154055,1,0.6136094
M_static,0,test,1155460,1,0.6532694
M_static,0,test,1155554,1,0.65180564
M_static,0,test,1156261,1,0.66542774
M_static,0,test,1156634,1,0.67139107
M_static,0,test,1156847,1,0.73026615
M_static,0,test,1206184,1,0.685634
M_static,0,test,1206257,1,0.62217826
M_static,0,test,1206751,1,0.6787785
M_static,0,test,1206811,1,0.5996451
M_static,0,test,1206867,1,0.6714333
M_static,0,test,1207207,1,0.66782105
M_static,0,test,1208078,0,0.65542865
M_static,0,test,1208476,1,0.6925951
M_static,0,test,1208561,1,0.6691394
M_static,0,test,1209069,1,0.64890003
M_static,0,test,1209473,1,0.60939634
M_static,0,test,1209531,0,0.6025888
M_static,0,test,1209908,0,0.7473916
M_static,0,test,1210055,0,0.68294305
M_static,0,test,1210080,0,0.6464143
M_static,0,test,1212290,1,0.65401477
M_static,0,test,1212582,1,0.68749714
M_static,0,test,1212738,1,0.71107614
M_static,0,test,1213041,1,0.69102585
M_static,0,test,1213071,1,0.6590966
M_static,0,test,1213667,0,0.58822155
M_static,0,test,1214248,1,0.5946596
M_static,0,test,1215252,0,0.65191954
M_static,0,test,1215452,0,0.5912779
M_static,0,test,1215586,0,0.64304703
M_static,0,test,1217110,1,0.6016753
M_static,0,test,1217724,0,0.58266217
M_static,0,test,1217757,1,0.6029577
M_static,0,test,1218110,0,0.64348084
M_static,0,test,1218980,0,0.5702866
M_static,0,test,1219802,1,0.65239036
M_static,0,test,1220156,0,0.9361737
M_static,0,test,1220269,0,0.7051811
M_static,0,test,1220796,1,0.77330506
M_static,0,test,1220900,1,0.57455486
M_static,0,test,1221603,1,0.6519722
M_static,0,test,1221685,1,0.7318532
M_static,0,test,1221764,1,0.5964946
M_static,0,test,1222037,1,0.69388986
M_static,0,test,1222048,1,0.61643314
M_static,0,test,1222069,1,0.64914316
M_static,0,test,1222115,0,0.5143477
M_static,0,test,1222124,1,0.6764609
M_static,0,test,1222410,0,0.6511827
M_static,0,test,1223017,1,0.5798972
M_static,0,test,1223272,1,0.64367783
M_static,0,test,1224094,0,0.55288774
M_static,0,test,1224536,1,0.6923678
M_static,0,test,1225262,1,0.62205136
M_static,0,test,1225309,1,0.7033494
M_static,0,test,1225334,0,0.731872
M_static,0,test,1225413,1,0.6814168
M_static,0,test,1225553,1,0.5879152
M_static,0,test,1225716,0,0.62998503
M_static,0,test,1225843,0,0.65151066
M_static,0,test,1225945,0,0.7276852
M_static,0,test,1226065,1,0.57777524
M_static,0,test,1226708,1,0.6123681
M_static,0,test,1226825,1,0.5838049
M_static,0,test,1227138,0,0.6755243
M_static,0,test,1227755,1,0.6897637
M_static,0,test,1228267,1,0.62109226
M_static,0,test,1228453,1,0.6599033
M_static,0,test,1228747,1,0.6412083
M_static,0,test,1228820,0,0.69268394
M_static,0,test,1229345,1,0.6248113
M_static,0,test,1229976,1,0.6694761
M_static,0,test,1230265,1,0.72590554
M_static,0,test,1230721,1,0.67898583
M_static,0,test,1230724,1,0.69416344
M_static,0,test,1231353,1,0.5753881
M_static,0,test,1231734,1,0.699686
M_static,0,test,1231841,0,0.6464786
M_static,0,test,1232099,0,0.6173115
M_static,0,test,1233084,1,0.60500306
M_static,0,test,1233147,1,0.62047005
M_static,0,test,1233618,0,0.5606146
M_static,0,test,1233777,1,0.6308736
M_static,0,test,1234410,0,0.7293793
M_static,0,test,1234413,1,0.72861373
M_static,0,test,1234672,0,0.64266187
M_static,0,test,1235697,1,0.57979983
M_static,0,test,1236071,1,0.53883374
M_static,0,test,1236191,1,0.67014277
M_static,0,test,1236410,0,0.6482144
M_static,0,test,1237123,0,0.58453274
M_static,0,test,1237184,0,0.6012441
M_static,0,test,1237496,1,0.6590374
M_static,0,test,1237508,1,0.71420276
M_static,0,test,1237793,1,0.6802148
M_static,0,test,1237971,1,0.6809925
M_static,0,test,1238001,0,0.72156507
M_static,0,test,1238292,0,0.6194
M_static,0,test,1238406,0,0.74778664
M_static,0,test,1238413,1,0.6951513
M_static,0,test,1238443,0,0.5898693
M_static,0,test,1238501,0,0.6237739
M_static,0,test,1238523,1,0.6094597
M_static,0,test,1238553,1,0.611871
M_static,0,test,1238636,1,0.6941084
M_static,0,test,1238817,0,0.6098896
M_static,0,test,1238964,1,0.6080305
M_static,0,test,1239079,1,0.6412878
M_static,0,test,1239094,1,0.61773473
M_static,0,test,1239224,1,0.58535707
M_static,0,test,1239458,0,0.7353376
M_static,0,test,1239936,0,0.6020003
M_static,0,test,1240378,1,0.63086766
M_static,0,test,1240433,1,0.6205382
M_static,0,test,1241090,0,0.5893094
M_static,0,test,1241104,0,0.6931356
M_static,0,test,1241937,0,0.618813
M_static,0,test,1241954,1,0.703216
M_static,0,test,1242009,1,0.64020485
M_static,0,test,1242021,1,0.61928225
M_static,0,test,1242267,1,0.6328508
M_static,0,test,1242424,1,0.5856781
M_static,0,test,1242536,1,0.641971
M_static,0,test,1242725,1,0.67423046
M_static,0,test,1242729,1,0.66994774
M_static,0,test,1242755,0,0.64993376
M_static,0,test,1242831,0,0.6530713
M_static,0,test,1243295,1,0.6784993
M_static,0,test,1243442,0,0.6617881
M_static,0,test,1243523,0,0.5857825
M_static,0,test,1244763,0,0.6622861
M_static,0,test,1245846,1,0.60335124
M_temporal,0,val,1122,0,0.6783386
M_temporal,0,val,4993,1,0.6712967
M_temporal,0,val,15488,1,0.6265341
M_temporal,0,val,20593,1,0.54111326
M_temporal,0,val,22854,1,0.5689461
M_temporal,0,val,32097,1,0.71288383
M_temporal,0,val,33645,0,0.4187734
M_temporal,0,val,40597,1,0.5489788
M_temporal,0,val,50696,1,0.5270444
M_temporal,0,val,52327,1,0.5741433
M_temporal,0,val,54388,0,0.5615917
M_temporal,0,val,57684,1,0.7205749
M_temporal,0,val,58630,1,0.86127245
M_temporal,0,val,59792,0,0.54526335
M_temporal,0,val,72432,1,0.59107333
M_temporal,0,val,76273,1,0.7080964
M_temporal,0,val,85978,1,0.5431487
M_temporal,0,val,86840,1,0.8337901
M_temporal,0,val,87973,1,0.6622376
M_temporal,0,val,91249,1,0.52535015
M_temporal,0,val,112607,1,0.6133254
M_temporal,0,val,112715,1,0.69165516
M_temporal,0,val,123208,1,0.7836729
M_temporal,0,val,140328,0,0.7259412
M_temporal,0,val,141620,1,0.6364243
M_temporal,0,val,143454,0,0.6227825
M_temporal,0,val,144004,0,0.66792727
M_temporal,0,val,145109,1,0.6004878
M_temporal,0,val,149348,1,0.69445324
M_temporal,0,val,152430,1,0.63003385
M_temporal,0,val,154041,1,0.6510758
M_temporal,0,val,157449,1,0.8176835
M_temporal,0,val,162518,1,0.55712795
M_temporal,0,val,163423,1,0.69310975
M_temporal,0,val,165324,0,0.5950508
M_temporal,0,val,165400,0,0.65029556
M_temporal,0,val,169372,1,0.7046349
M_temporal,0,val,171833,1,0.5956722
M_temporal,0,val,171896,1,0.5096962
M_temporal,0,val,172578,1,0.5318504
M_temporal,0,val,173162,0,0.64661014
M_temporal,0,val,176133,1,0.7216145
M_temporal,0,val,184936,1,0.56058884
M_temporal,0,val,191335,0,0.6630987
M_temporal,0,val,193149,0,0.713608
M_temporal,0,val,203640,1,0.5368231
M_temporal,0,val,207233,1,0.8162079
M_temporal,0,val,213739,0,0.4927536
M_temporal,0,val,228543,1,0.67537665
M_temporal,0,val,234247,0,0.5780207
M_temporal,0,val,237953,1,0.6724379
M_temporal,0,val,238407,0,0.4864695
M_temporal,0,val,240229,0,0.61016166
M_temporal,0,val,243108,1,0.85447204
M_temporal,0,val,250983,0,0.54296833
M_temporal,0,val,258462,0,0.53000176
M_temporal,0,val,269426,1,0.61021054
M_temporal,0,val,273826,1,0.7156389
M_temporal,0,val,278485,0,0.5597428
M_temporal,0,val,280452,0,0.6326524
M_temporal,0,val,282212,1,0.4188473
M_temporal,0,val,289992,1,0.61795986
M_temporal,0,val,292872,0,0.56140417
M_temporal,0,val,299698,1,0.7146634
M_temporal,0,val,303683,0,0.5618042
M_temporal,0,val,308426,1,0.6869354
M_temporal,0,val,308485,0,0.61701846
M_temporal,0,val,319549,1,0.7152715
M_temporal,0,val,321109,0,0.5790706
M_temporal,0,val,321989,1,0.76923615
M_temporal,0,val,323718,1,0.51583016
M_temporal,0,val,323797,0,0.7366077
M_temporal,0,val,325318,0,0.5343381
M_temporal,0,val,328655,0,0.5072708
M_temporal,0,val,332529,1,0.8247243
M_temporal,0,val,335955,1,0.62330645
M_temporal,0,val,338273,1,0.6437672
M_temporal,0,val,345087,1,0.64965916
M_temporal,0,val,345361,1,0.64735734
M_temporal,0,val,347257,1,0.6188088
M_temporal,0,val,349058,1,0.7672095
M_temporal,0,val,350012,1,0.6916555
M_temporal,0,val,350472,0,0.61312896
M_temporal,0,val,352441,0,0.5402015
M_temporal,0,val,352893,1,0.59721357
M_temporal,0,val,353416,1,0.77344966
M_temporal,0,val,357322,0,0.6562847
M_temporal,0,val,364228,1,0.5562295
M_temporal,0,val,364440,0,0.65688425
M_temporal,0,val,368436,1,0.8127637
M_temporal,0,val,369818,1,0.6373695
M_temporal,0,val,372332,1,0.6774649
M_temporal,0,val,375294,1,0.5416807
M_temporal,0,val,376880,1,0.7261796
M_temporal,0,val,377217,1,0.68018144
M_temporal,0,val,377703,1,0.8113678
M_temporal,0,val,400944,1,0.6050655
M_temporal,0,val,406676,1,0.5609248
M_temporal,0,val,407827,1,0.6129909
M_temporal,0,val,412716,1,0.71085757
M_temporal,0,val,416249,1,0.5799122
M_temporal,0,val,420633,1,0.5795208
M_temporal,0,val,421283,1,0.67500144
M_temporal,0,val,421437,0,0.6299654
M_temporal,0,val,423553,1,0.49922678
M_temporal,0,val,431921,0,0.75243527
M_temporal,0,val,432168,1,0.4863338
M_temporal,0,val,432906,1,0.6680602
M_temporal,0,val,433303,1,0.66091746
M_temporal,0,val,443207,1,0.69208926
M_temporal,0,val,445318,0,0.58050984
M_temporal,0,val,448027,0,0.58724767
M_temporal,0,val,463298,1,0.59515333
M_temporal,0,val,469812,0,0.5417753
M_temporal,0,val,469865,1,0.8027986
M_temporal,0,val,474601,1,0.5339167
M_temporal,0,val,475893,0,0.7752296
M_temporal,0,val,482448,0,0.5889013
M_temporal,0,val,487378,0,0.5914236
M_temporal,0,val,488665,0,0.7425344
M_temporal,0,val,490941,0,0.49209347
M_temporal,0,val,496270,1,0.5465878
M_temporal,0,val,502585,0,0.78981036
M_temporal,0,val,507011,1,0.7035826
M_temporal,0,val,509624,1,0.7160289
M_temporal,0,val,512180,1,0.64542806
M_temporal,0,val,517848,1,0.67944175
M_temporal,0,val,518232,1,0.6008694
M_temporal,0,val,520868,0,0.64005816
M_temporal,0,val,526837,0,0.56099683
M_temporal,0,val,529902,1,0.75438935
M_temporal,0,val,530038,1,0.7728174
M_temporal,0,val,531104,1,0.63779503
M_temporal,0,val,532533,1,0.70189345
M_temporal,0,val,545205,0,0.43381083
M_temporal,0,val,546258,1,0.636421
M_temporal,0,val,549363,0,0.6006946
M_temporal,0,val,552325,0,0.59438914
M_temporal,0,val,552424,0,0.6201369
M_temporal,0,val,556177,0,0.728821
M_temporal,0,val,563033,0,0.63675237
M_temporal,0,val,564394,0,0.46361107
M_temporal,0,val,577668,1,0.6504003
M_temporal,0,val,578084,0,0.58021086
M_temporal,0,val,583338,1,0.64315414
M_temporal,0,val,588986,1,0.5095655
M_temporal,0,val,592548,0,0.63619107
M_temporal,0,val,599396,0,0.5466129
M_temporal,0,val,605160,0,0.66019917
M_temporal,0,val,607813,0,0.64124054
M_temporal,0,val,608740,0,0.6113143
M_temporal,0,val,614481,0,0.51575243
M_temporal,0,val,615119,1,0.91145563
M_temporal,0,val,615631,1,0.7844977
M_temporal,0,val,625366,1,0.59828895
M_temporal,0,val,629729,1,0.697621
M_temporal,0,val,647436,0,0.64876646
M_temporal,0,val,650259,0,0.6969192
M_temporal,0,val,651309,0,0.6115657
M_temporal,0,val,651758,1,0.75787956
M_temporal,0,val,652123,0,0.59706193
M_temporal,0,val,652279,0,0.50482774
M_temporal,0,val,656122,1,0.63079274
M_temporal,0,val,656138,1,0.5739032
M_temporal,0,val,660061,1,0.6224792
M_temporal,0,val,660533,0,0.63023794
M_temporal,0,val,660938,1,0.59851396
M_temporal,0,val,665029,1,0.59132564
M_temporal,0,val,665050,1,0.6948007
M_temporal,0,val,670244,1,0.6185363
M_temporal,0,val,671325,0,0.6253213
M_temporal,0,val,671576,0,0.5590819
M_temporal,0,val,673052,1,0.77569544
M_temporal,0,val,675660,0,0.54407424
M_temporal,0,val,678199,0,0.6347063
M_temporal,0,val,680266,0,0.77615076
M_temporal,0,val,682914,1,0.55215174
M_temporal,0,val,692799,1,0.732044
M_temporal,0,val,696774,1,0.6384565
M_temporal,0,val,700558,1,0.6757456
M_temporal,0,val,703048,0,0.7415055
M_temporal,0,val,705906,1,0.648868
M_temporal,0,val,710625,1,0.68208027
M_temporal,0,val,712016,1,0.6270027
M_temporal,0,val,718704,1,0.59905076
M_temporal,0,val,726126,0,0.6972779
M_temporal,0,val,734224,0,0.67350733
M_temporal,0,val,738172,0,0.60848254
M_temporal,0,val,738715,0,0.6054387
M_temporal,0,val,739530,1,0.54849726
M_temporal,0,val,740043,1,0.5360005
M_temporal,0,val,743121,1,0.649608
M_temporal,0,val,743318,0,0.56186676
M_temporal,0,val,745489,1,0.5770538
M_temporal,0,val,747568,1,0.6832958
M_temporal,0,val,747710,0,0.6053633
M_temporal,0,val,748105,0,0.7318096
M_temporal,0,val,755156,1,0.65512514
M_temporal,0,val,755914,1,0.8549386
M_temporal,0,val,761233,1,0.6907397
M_temporal,0,val,765473,1,0.6260086
M_temporal,0,val,765954,0,0.56531817
M_temporal,0,val,766763,1,0.48808098
M_temporal,0,val,767066,1,0.544032
M_temporal,0,val,783025,1,0.61215764
M_temporal,0,val,788241,1,0.6524145
M_temporal,0,val,789437,1,0.5646476
M_temporal,0,val,789824,0,0.5434859
M_temporal,0,val,793726,0,0.59826696
M_temporal,0,val,803606,1,0.65599746
M_temporal,0,val,809689,0,0.60629535
M_temporal,0,val,817197,0,0.58913285
M_temporal,0,val,822633,1,0.68397975
M_temporal,0,val,829142,1,0.6539987
M_temporal,0,val,829874,0,0.6285425
M_temporal,0,val,833210,1,0.63427395
M_temporal,0,val,835716,0,0.5167044
M_temporal,0,val,835833,1,0.5773897
M_temporal,0,val,839278,1,0.6402984
M_temporal,0,val,847036,1,0.7039931
M_temporal,0,val,848723,1,0.58241504
M_temporal,0,val,849472,1,0.68501353
M_temporal,0,val,853842,1,0.6635414
M_temporal,0,val,857171,1,0.5313038
M_temporal,0,val,859109,1,0.6265322
M_temporal,0,val,860360,1,0.52738684
M_temporal,0,val,866895,0,0.80807734
M_temporal,0,val,868318,0,0.5178876
M_temporal,0,val,870739,1,0.77334166
M_temporal,0,val,883479,0,0.59500283
M_temporal,0,val,883804,1,0.6687355
M_temporal,0,val,885394,1,0.55355746
M_temporal,0,val,886279,1,0.55583006
M_temporal,0,val,898035,1,0.5010431
M_temporal,0,val,900648,1,0.60433894
M_temporal,0,val,903410,1,0.6130611
M_temporal,0,val,936352,0,0.51105654
M_temporal,0,val,950405,1,0.64137924
M_temporal,0,val,951465,0,0.6380598
M_temporal,0,val,951846,0,0.7241523
M_temporal,0,val,963197,1,0.8131654
M_temporal,0,val,970382,1,0.65833825
M_temporal,0,val,975370,0,0.82298887
M_temporal,0,val,975728,0,0.53390163
M_temporal,0,val,976220,1,0.6185199
M_temporal,0,val,977714,1,0.63316065
M_temporal,0,val,979369,1,0.60164577
M_temporal,0,val,979917,1,0.7398643
M_temporal,0,val,981736,0,0.5284317
M_temporal,0,val,983916,1,0.521429
M_temporal,0,val,986074,1,0.67977715
M_temporal,0,val,987997,1,0.81654024
M_temporal,0,val,988071,0,0.5592706
M_temporal,0,val,989315,1,0.6890093
M_temporal,0,val,991060,1,0.5587745
M_temporal,0,val,991790,1,0.6572051
M_temporal,0,val,991972,1,0.5514279
M_temporal,0,val,993562,1,0.58684415
M_temporal,0,val,994960,0,0.63704216
M_temporal,0,val,997176,0,0.5073081
M_temporal,0,val,999980,0,0.7621511
M_temporal,0,val,1002249,1,0.6730256
M_temporal,0,val,1005121,1,0.536819
M_temporal,0,val,1007363,0,0.6260677
M_temporal,0,val,1009347,1,0.6417001
M_temporal,0,val,1013371,1,0.72284997
M_temporal,0,val,1026684,1,0.53404945
M_temporal,0,val,1027441,1,0.6647884
M_temporal,0,val,1029373,1,0.8626092
M_temporal,0,val,1042457,0,0.4960537
M_temporal,0,val,1043319,0,0.5595709
M_temporal,0,val,1049886,1,0.7251525
M_temporal,0,val,1057350,0,0.6091036
M_temporal,0,val,1057961,0,0.5480453
M_temporal,0,val,1058939,1,0.6055612
M_temporal,0,val,1065288,0,0.6043035
M_temporal,0,val,1065613,0,0.62199163
M_temporal,0,val,1067177,1,0.5733721
M_temporal,0,val,1067946,0,0.50014853
M_temporal,0,val,1068390,1,0.6580528
M_temporal,0,val,1068928,0,0.6126396
M_temporal,0,val,1070070,1,0.688048
M_temporal,0,val,1070472,0,0.57925284
M_temporal,0,val,1070686,0,0.6686797
M_temporal,0,val,1071801,0,0.6608059
M_temporal,0,val,1072395,1,0.6652686
M_temporal,0,val,1073156,1,0.57927895
M_temporal,0,val,1073471,1,0.70282197
M_temporal,0,val,1074753,0,0.7037176
M_temporal,0,val,1077187,1,0.6700545
M_temporal,0,val,1079282,1,0.77004606
M_temporal,0,val,1080609,0,0.69232184
M_temporal,0,val,1081377,0,0.63088846
M_temporal,0,val,1082433,0,0.49636173
M_temporal,0,val,1082987,0,0.70334196
M_temporal,0,val,1083817,1,0.6338956
M_temporal,0,val,1084185,0,0.6408619
M_temporal,0,val,1085216,0,0.51371384
M_temporal,0,val,1087797,1,0.7502101
M_temporal,0,val,1088105,1,0.70653695
M_temporal,0,val,1088918,1,0.56797916
M_temporal,0,val,1091670,1,0.63955456
M_temporal,0,val,1092408,1,0.71658957
M_temporal,0,val,1092437,1,0.6430101
M_temporal,0,val,1092889,1,0.6191201
M_temporal,0,val,1092948,1,0.6685709
M_temporal,0,val,1093200,0,0.6327446
M_temporal,0,val,1093743,0,0.45896453
M_temporal,0,val,1093823,1,0.6307647
M_temporal,0,val,1096850,1,0.67490995
M_temporal,0,val,1097996,1,0.44847137
M_temporal,0,val,1099660,1,0.59413964
M_temporal,0,val,1102314,1,0.6991497
M_temporal,0,val,1103360,1,0.5654975
M_temporal,0,val,1104219,1,0.6020213
M_temporal,0,val,1104443,1,0.61998487
M_temporal,0,val,1104599,1,0.652186
M_temporal,0,val,1104649,1,0.6099612
M_temporal,0,val,1104803,0,0.58816737
M_temporal,0,val,1105121,0,0.7060772
M_temporal,0,val,1105416,1,0.6680735
M_temporal,0,val,1105688,1,0.6869785
M_temporal,0,val,1105902,1,0.697877
M_temporal,0,val,1105904,0,0.6100627
M_temporal,0,val,1106632,0,0.6230128
M_temporal,0,val,1107348,1,0.7093957
M_temporal,0,val,1108706,1,0.7483609
M_temporal,0,val,1108945,1,0.722448
M_temporal,0,val,1108949,1,0.7262463
M_temporal,0,val,1109030,1,0.5764542
M_temporal,0,val,1109526,1,0.6578224
M_temporal,0,val,1109829,1,0.63819116
M_temporal,0,val,1110232,1,0.6690995
M_temporal,0,val,1111153,0,0.7513974
M_temporal,0,val,1111471,1,0.7774432
M_temporal,0,val,1111860,1,0.6159487
M_temporal,0,val,1111920,1,0.72169316
M_temporal,0,val,1112111,1,0.5734834
M_temporal,0,val,1112465,1,0.60111177
M_temporal,0,val,1113756,1,0.6381665
M_temporal,0,val,1114556,0,0.58462375
M_temporal,0,val,1115316,1,0.6692548
M_temporal,0,val,1115713,1,0.5844421
M_temporal,0,val,1116372,1,0.72615516
M_temporal,0,val,1116860,1,0.6737911
M_temporal,0,val,1118398,1,0.66189027
M_temporal,0,val,1118773,0,0.6168547
M_temporal,0,val,1119526,1,0.67786455
M_temporal,0,val,1119929,0,0.61732185
M_temporal,0,val,1120625,1,0.53768015
M_temporal,0,val,1121493,0,0.5244277
M_temporal,0,val,1121766,1,0.5300598
M_temporal,0,val,1121995,0,0.62708086
M_temporal,0,val,1122004,0,0.5648335
M_temporal,0,val,1122557,1,0.6827007
M_temporal,0,val,1122626,1,0.60589933
M_temporal,0,val,1122659,1,0.5360856
M_temporal,0,val,1123484,0,0.6643059
M_temporal,0,val,1123572,0,0.58643305
M_temporal,0,val,1123858,0,0.7110479
M_temporal,0,val,1124330,0,0.64390075
M_temporal,0,val,1125095,0,0.5176071
M_temporal,0,val,1126146,0,0.6459281
M_temporal,0,val,1126844,0,0.7040729
M_temporal,0,val,1127703,1,0.74673104
M_temporal,0,val,1127812,1,0.52598786
M_temporal,0,val,1128031,1,0.6400405
M_temporal,0,val,1128952,0,0.64636457
M_temporal,0,val,1129029,0,0.5529393
M_temporal,0,val,1129826,1,0.5957727
M_temporal,0,val,1129953,0,0.686615
M_temporal,0,val,1129979,1,0.61505497
M_temporal,0,val,1131254,0,0.693207
M_temporal,0,val,1131656,1,0.6647034
M_temporal,0,val,1131818,1,0.6964269
M_temporal,0,val,1131831,1,0.6804474
M_temporal,0,val,1131906,1,0.6559271
M_temporal,0,val,1132886,0,0.626605
M_temporal,0,val,1134339,0,0.5779029
M_temporal,0,val,1136675,1,0.6579853
M_temporal,0,val,1136723,0,0.6053328
M_temporal,0,val,1136790,1,0.7067134
M_temporal,0,val,1137743,1,0.7063663
M_temporal,0,val,1137897,1,0.76606286
M_temporal,0,val,1138091,1,0.45618486
M_temporal,0,val,1138316,1,0.7856273
M_temporal,0,val,1138699,0,0.5651058
M_temporal,0,val,1138864,1,0.56074274
M_temporal,0,val,1139249,1,0.70024973
M_temporal,0,val,1140109,1,0.714177
M_temporal,0,val,1141785,0,0.47300464
M_temporal,0,val,1142584,0,0.7208583
M_temporal,0,val,1142724,0,0.69792736
M_temporal,0,val,1142803,1,0.5667145
M_temporal,0,val,1142989,1,0.7081623
M_temporal,0,val,1143781,1,0.644385
M_temporal,0,val,1144322,1,0.64415514
M_temporal,0,val,1144734,1,0.67573524
M_temporal,0,val,1144789,1,0.542809
M_temporal,0,val,1145284,1,0.7055306
M_temporal,0,val,1145385,0,0.59057033
M_temporal,0,val,1145393,1,0.84947956
M_temporal,0,val,1146323,0,0.5765571
M_temporal,0,val,1146488,0,0.6572334
M_temporal,0,val,1147005,0,0.49473736
M_temporal,0,val,1147155,1,0.5237228
M_temporal,0,val,1148332,1,0.64876175
M_temporal,0,val,1148772,1,0.573628
M_temporal,0,val,1148848,1,0.68551356
M_temporal,0,val,1149102,1,0.68004334
M_temporal,0,val,1149196,0,0.67968005
M_temporal,0,val,1149831,1,0.6284489
M_temporal,0,val,1149916,1,0.55762273
M_temporal,0,val,1151020,0,0.52993256
M_temporal,0,val,1151121,1,0.7694612
M_temporal,0,val,1151387,0,0.5827033
M_temporal,0,val,1152700,1,0.63227236
M_temporal,0,val,1152931,1,0.56596196
M_temporal,0,val,1153914,1,0.6469314
M_temporal,0,val,1154175,1,0.6192656
M_temporal,0,val,1154313,1,0.6436584
M_temporal,0,val,1154492,1,0.824438
M_temporal,0,val,1154712,1,0.74793315
M_temporal,0,val,1155519,1,0.7778888
M_temporal,0,val,1156023,1,0.6004469
M_temporal,0,val,1156386,1,0.67913884
M_temporal,0,val,1156739,1,0.64621055
M_temporal,0,val,1157101,1,0.57785475
M_temporal,0,val,1157142,1,0.6236034
M_temporal,0,val,1157190,1,0.68832046
M_temporal,0,val,1205889,1,0.71573675
M_temporal,0,val,1206308,0,0.55690163
M_temporal,0,val,1206310,1,0.5486747
M_temporal,0,val,1206335,0,0.61156094
M_temporal,0,val,1206411,1,0.5931002
M_temporal,0,val,1206714,1,0.7557769
M_temporal,0,val,1206862,1,0.5925561
M_temporal,0,val,1206997,1,0.7471004
M_temporal,0,val,1207017,1,0.5599919
M_temporal,0,val,1207479,0,0.75080603
M_temporal,0,val,1208422,1,0.7880362
M_temporal,0,val,1208870,1,0.67780113
M_temporal,0,val,1208898,1,0.57590413
M_temporal,0,val,1209429,1,0.691042
M_temporal,0,val,1209873,1,0.59904504
M_temporal,0,val,1209935,0,0.77515733
M_temporal,0,val,1209975,1,0.5897201
M_temporal,0,val,1210100,0,0.68530077
M_temporal,0,val,1210408,0,0.67638683
M_temporal,0,val,1210816,1,0.53736806
M_temporal,0,val,1211345,1,0.6771987
M_temporal,0,val,1211778,0,0.6217653
M_temporal,0,val,1212354,0,0.50585645
M_temporal,0,val,1212408,1,0.65422297
M_temporal,0,val,1212451,0,0.4951987
M_temporal,0,val,1212865,1,0.6095793
M_temporal,0,val,1214345,1,0.55815154
M_temporal,0,val,1214456,0,0.5804054
M_temporal,0,val,1214506,1,0.87207484
M_temporal,0,val,1214832,0,0.5184155
M_temporal,0,val,1214928,1,0.77547216
M_temporal,0,val,1215070,1,0.622357
M_temporal,0,val,1215193,1,0.7824079
M_temporal,0,val,1215869,0,0.67885214
M_temporal,0,val,1215921,1,0.68012625
M_temporal,0,val,1216036,1,0.57677597
M_temporal,0,val,1216145,0,0.80019295
M_temporal,0,val,1216150,1,0.5756185
M_temporal,0,val,1216691,1,0.66354287
M_temporal,0,val,1216776,1,0.67899454
M_temporal,0,val,1217218,0,0.5468464
M_temporal,0,val,1218288,1,0.6701139
M_temporal,0,val,1219153,0,0.60199773
M_temporal,0,val,1219634,1,0.6715351
M_temporal,0,val,1219751,1,0.7794329
M_temporal,0,val,1220037,1,0.6694584
M_temporal,0,val,1220380,1,0.61486703
M_temporal,0,val,1220552,1,0.72935814
M_temporal,0,val,1220699,1,0.600303
M_temporal,0,val,1220871,0,0.807645
M_temporal,0,val,1220940,1,0.6205079
M_temporal,0,val,1220988,0,0.61858153
M_temporal,0,val,1221019,0,0.6626197
M_temporal,0,val,1221341,1,0.58401483
M_temporal,0,val,1221355,1,0.7995713
M_temporal,0,val,1221883,0,0.55302244
M_temporal,0,val,1222336,0,0.7908655
M_temporal,0,val,1222850,1,0.64319783
M_temporal,0,val,1223328,1,0.67250043
M_temporal,0,val,1223459,1,0.6452181
M_temporal,0,val,1223516,1,0.67865705
M_temporal,0,val,1223773,1,0.6092054
M_temporal,0,val,1223969,1,0.6872324
M_temporal,0,val,1224343,1,0.5800222
M_temporal,0,val,1224547,1,0.60975266
M_temporal,0,val,1225284,0,0.64477545
M_temporal,0,val,1225298,1,0.63387823
M_temporal,0,val,1225341,1,0.6708175
M_temporal,0,val,1225605,0,0.4766923
M_temporal,0,val,1225635,1,0.6382439
M_temporal,0,val,1226641,1,0.7827366
M_temporal,0,val,1226794,0,0.7193977
M_temporal,0,val,1226937,0,0.58067334
M_temporal,0,val,1227192,1,0.6687034
M_temporal,0,val,1227414,0,0.52070045
M_temporal,0,val,1227765,1,0.53375655
M_temporal,0,val,1228018,1,0.56722015
M_temporal,0,val,1229147,0,0.5044516
M_temporal,0,val,1229368,0,0.5983951
M_temporal,0,val,1230131,1,0.7620566
M_temporal,0,val,1230574,0,0.64875406
M_temporal,0,val,1230810,1,0.6678353
M_temporal,0,val,1231276,1,0.7559774
M_temporal,0,val,1231535,1,0.62802434
M_temporal,0,val,1231638,1,0.6099057
M_temporal,0,val,1231979,1,0.7039453
M_temporal,0,val,1232188,1,0.7171005
M_temporal,0,val,1232212,1,0.70745385
M_temporal,0,val,1232478,1,0.6192074
M_temporal,0,val,1233203,1,0.72931623
M_temporal,0,val,1234521,0,0.5504063
M_temporal,0,val,1234553,0,0.68923384
M_temporal,0,val,1234862,0,0.5752216
M_temporal,0,val,1235039,1,0.7322983
M_temporal,0,val,1235236,1,0.63325465
M_temporal,0,val,1235254,0,0.5907787
M_temporal,0,val,1235265,1,0.72097075
M_temporal,0,val,1235336,1,0.62261
M_temporal,0,val,1235381,1,0.5181798
M_temporal,0,val,1235500,1,0.6724973
M_temporal,0,val,1235590,1,0.7261357
M_temporal,0,val,1235597,1,0.58876944
M_temporal,0,val,1235650,0,0.7452704
M_temporal,0,val,1235882,0,0.5614216
M_temporal,0,val,1235914,0,0.5946585
M_temporal,0,val,1235985,1,0.60490274
M_temporal,0,val,1236187,0,0.60778505
M_temporal,0,val,1236418,1,0.7807869
M_temporal,0,val,1236751,1,0.64824665
M_temporal,0,val,1236985,1,0.6031322
M_temporal,0,val,1237033,1,0.77803206
M_temporal,0,val,1237440,1,0.6973553
M_temporal,0,val,1237491,1,0.7734678
M_temporal,0,val,1237647,0,0.7176157
M_temporal,0,val,1237832,1,0.6482926
M_temporal,0,val,1238203,1,0.7080255
M_temporal,0,val,1238264,1,0.58909035
M_temporal,0,val,1238521,1,0.61434823
M_temporal,0,val,1238583,0,0.69222707
M_temporal,0,val,1238664,1,0.55640835
M_temporal,0,val,1238865,1,0.7787679
M_temporal,0,val,1238923,0,0.74958396
M_temporal,0,val,1238960,1,0.66283906
M_temporal,0,val,1239212,0,0.6207081
M_temporal,0,val,1239427,1,0.7328945
M_temporal,0,val,1239609,1,0.6551567
M_temporal,0,val,1239693,0,0.6504924
M_temporal,0,val,1239701,0,0.6209097
M_temporal,0,val,1239841,1,0.57571393
M_temporal,0,val,1240131,1,0.61761606
M_temporal,0,val,1240238,0,0.43488634
M_temporal,0,val,1240953,0,0.5992078
M_temporal,0,val,1241185,0,0.50995356
M_temporal,0,val,1241453,0,0.54364496
M_temporal,0,val,1241779,1,0.74795556
M_temporal,0,val,1241841,1,0.5619669
M_temporal,0,val,1242381,0,0.6100731
M_temporal,0,val,1242508,1,0.74509156
M_temporal,0,val,1242535,1,0.5058552
M_temporal,0,val,1242667,0,0.515546
M_temporal,0,val,1242673,1,0.5428143
M_temporal,0,val,1243802,0,0.6443631
M_temporal,0,val,1243838,0,0.7121105
M_temporal,0,val,1243992,1,0.48926127
M_temporal,0,val,1243993,0,0.65215725
M_temporal,0,val,1245441,1,0.48377025
M_temporal,0,val,1245905,1,0.57064927
M_temporal,0,val,1246508,0,0.48419702
M_temporal,0,val,1246702,1,0.6672677
M_temporal,0,test,1685,1,0.75453
M_temporal,0,test,16787,0,0.6269567
M_temporal,0,test,19126,1,0.6750208
M_temporal,0,test,19450,0,0.5790572
M_temporal,0,test,28836,1,0.80368704
M_temporal,0,test,30502,1,0.6521216
M_temporal,0,test,33225,1,0.5436753
M_temporal,0,test,34146,1,0.7644182
M_temporal,0,test,34428,0,0.54108155
M_temporal,0,test,42331,1,0.8301101
M_temporal,0,test,42450,1,0.8204426
M_temporal,0,test,42908,1,0.6572701
M_temporal,0,test,43628,1,0.59064996
M_temporal,0,test,56380,1,0.71772724
M_temporal,0,test,60519,1,0.59489995
M_temporal,0,test,70147,0,0.7377386
M_temporal,0,test,71731,1,0.71969616
M_temporal,0,test,72256,1,0.68702483
M_temporal,0,test,75558,1,0.67083204
M_temporal,0,test,78778,0,0.55344045
M_temporal,0,test,80412,1,0.66203874
M_temporal,0,test,86179,1,0.892061
M_temporal,0,test,86305,1,0.500735
M_temporal,0,test,86310,1,0.5901082
M_temporal,0,test,99452,0,0.65797454
M_temporal,0,test,100693,1,0.7666015
M_temporal,0,test,105892,1,0.6457866
M_temporal,0,test,108335,0,0.5486428
M_temporal,0,test,120088,1,0.6645091
M_temporal,0,test,121258,1,0.62731546
M_temporal,0,test,121544,1,0.6516882
M_temporal,0,test,121744,1,0.70773053
M_temporal,0,test,138237,1,0.61595935
M_temporal,0,test,141681,1,0.6467294
M_temporal,0,test,144639,1,0.63279927
M_temporal,0,test,156299,1,0.5732151
M_temporal,0,test,156996,1,0.57310677
M_temporal,0,test,160524,0,0.5655901
M_temporal,0,test,174525,1,0.65265924
M_temporal,0,test,177730,1,0.66019577
M_temporal,0,test,179049,0,0.5457828
M_temporal,0,test,183219,0,0.54281795
M_temporal,0,test,184161,1,0.76183456
M_temporal,0,test,199745,0,0.6356414
M_temporal,0,test,200858,1,0.53651834
M_temporal,0,test,205829,1,0.5601032
M_temporal,0,test,207626,1,0.72930557
M_temporal,0,test,208120,0,0.7805654
M_temporal,0,test,210257,0,0.6341728
M_temporal,0,test,226106,1,0.4461606
M_temporal,0,test,226610,1,0.7066262
M_temporal,0,test,247900,1,0.7187066
M_temporal,0,test,255650,1,0.7820574
M_temporal,0,test,266656,1,0.77601796
M_temporal,0,test,271131,1,0.67222077
M_temporal,0,test,273824,1,0.7484942
M_temporal,0,test,274268,1,0.60321856
M_temporal,0,test,278688,0,0.5740096
M_temporal,0,test,280634,1,0.5932311
M_temporal,0,test,284088,0,0.66005516
M_temporal,0,test,286403,1,0.7415014
M_temporal,0,test,290974,0,0.54642475
M_temporal,0,test,293205,0,0.57132447
M_temporal,0,test,298058,1,0.6910109
M_temporal,0,test,300174,0,0.5488025
M_temporal,0,test,301917,1,0.6073375
M_temporal,0,test,308684,1,0.73110455
M_temporal,0,test,309228,1,0.6927197
M_temporal,0,test,311717,0,0.66815495
M_temporal,0,test,315660,1,0.7048737
M_temporal,0,test,317182,1,0.5231857
M_temporal,0,test,320374,0,0.50960624
M_temporal,0,test,323320,0,0.55054855
M_temporal,0,test,324095,1,0.6952943
M_temporal,0,test,328714,1,0.6376999
M_temporal,0,test,329983,1,0.5761475
M_temporal,0,test,330603,1,0.7799264
M_temporal,0,test,331536,1,0.7086043
M_temporal,0,test,333052,0,0.6020725
M_temporal,0,test,334461,1,0.6981696
M_temporal,0,test,335240,0,0.5012826
M_temporal,0,test,345347,1,0.58012605
M_temporal,0,test,348496,1,0.7266929
M_temporal,0,test,355419,1,0.65765595
M_temporal,0,test,359014,0,0.56416845
M_temporal,0,test,359330,0,0.6121937
M_temporal,0,test,361397,1,0.59761286
M_temporal,0,test,361916,1,0.7373315
M_temporal,0,test,366159,1,0.7647144
M_temporal,0,test,366344,0,0.58965456
M_temporal,0,test,367930,1,0.5290204
M_temporal,0,test,374662,1,0.7581129
M_temporal,0,test,383626,1,0.7194578
M_temporal,0,test,388622,1,0.6206915
M_temporal,0,test,391348,0,0.66223454
M_temporal,0,test,402720,1,0.5159433
M_temporal,0,test,410795,1,0.6118249
M_temporal,0,test,413554,1,0.6985023
M_temporal,0,test,415824,1,0.5679189
M_temporal,0,test,418425,0,0.5108961
M_temporal,0,test,419629,1,0.54752004
M_temporal,0,test,427380,1,0.6951819
M_temporal,0,test,430595,1,0.61346906
M_temporal,0,test,436619,0,0.6914635
M_temporal,0,test,445545,1,0.6524261
M_temporal,0,test,457179,1,0.83484423
M_temporal,0,test,463375,1,0.5749139
M_temporal,0,test,465489,0,0.61151654
M_temporal,0,test,471955,1,0.6261425
M_temporal,0,test,478525,0,0.6469571
M_temporal,0,test,479849,0,0.697691
M_temporal,0,test,479859,0,0.47031802
M_temporal,0,test,480021,0,0.65281373
M_temporal,0,test,481454,0,0.62026167
M_temporal,0,test,486341,0,0.56106395
M_temporal,0,test,486901,0,0.71034026
M_temporal,0,test,490630,1,0.66489196
M_temporal,0,test,490818,1,0.7376244
M_temporal,0,test,498363,1,0.6664054
M_temporal,0,test,508572,1,0.5908758
M_temporal,0,test,510306,0,0.6063056
M_temporal,0,test,511018,0,0.5849267
M_temporal,0,test,513568,0,0.70609385
M_temporal,0,test,524155,0,0.7293688
M_temporal,0,test,526137,0,0.5352401
M_temporal,0,test,531193,0,0.6839074
M_temporal,0,test,531815,0,0.5947329
M_temporal,0,test,534077,1,0.64686143
M_temporal,0,test,536736,1,0.54702973
M_temporal,0,test,544153,1,0.5464835
M_temporal,0,test,548749,1,0.6008622
M_temporal,0,test,552900,1,0.61788696
M_temporal,0,test,552901,1,0.5916764
M_temporal,0,test,553161,0,0.70938116
M_temporal,0,test,554960,0,0.756394
M_temporal,0,test,560123,1,0.7197521
M_temporal,0,test,565232,1,0.8654684
M_temporal,0,test,565908,0,0.484947
M_temporal,0,test,566012,1,0.61947453
M_temporal,0,test,569789,0,0.47803193
M_temporal,0,test,573425,1,0.771748
M_temporal,0,test,575730,0,0.57988566
M_temporal,0,test,577067,1,0.6257564
M_temporal,0,test,580587,0,0.58444226
M_temporal,0,test,584433,0,0.6787625
M_temporal,0,test,585465,1,0.5903495
M_temporal,0,test,589139,1,0.6438838
M_temporal,0,test,596051,1,0.6125417
M_temporal,0,test,596437,0,0.6440138
M_temporal,0,test,599359,1,0.56454575
M_temporal,0,test,606159,1,0.5279987
M_temporal,0,test,608537,1,0.7174418
M_temporal,0,test,612686,0,0.49844474
M_temporal,0,test,616172,1,0.6790333
M_temporal,0,test,625501,0,0.47469625
M_temporal,0,test,627006,1,0.7247202
M_temporal,0,test,627556,1,0.670494
M_temporal,0,test,628661,1,0.7355578
M_temporal,0,test,639645,0,0.460528
M_temporal,0,test,646867,1,0.6658676
M_temporal,0,test,648107,1,0.57514036
M_temporal,0,test,648709,0,0.5993066
M_temporal,0,test,649449,0,0.641999
M_temporal,0,test,654746,1,0.55270594
M_temporal,0,test,660164,1,0.62793994
M_temporal,0,test,663130,1,0.6809313
M_temporal,0,test,663406,1,0.6090424
M_temporal,0,test,670955,1,0.68146276
M_temporal,0,test,673553,1,0.6515295
M_temporal,0,test,675907,0,0.64967877
M_temporal,0,test,677917,1,0.6210922
M_temporal,0,test,677928,1,0.5718523
M_temporal,0,test,682565,1,0.60901403
M_temporal,0,test,690734,0,0.5141853
M_temporal,0,test,690987,1,0.77019393
M_temporal,0,test,692458,1,0.7302839
M_temporal,0,test,695588,1,0.6301938
M_temporal,0,test,697830,0,0.5628071
M_temporal,0,test,702078,0,0.5499852
M_temporal,0,test,704317,0,0.6433028
M_temporal,0,test,706141,1,0.5407378
M_temporal,0,test,708388,1,0.5615256
M_temporal,0,test,709192,0,0.54503566
M_temporal,0,test,709722,1,0.6590181
M_temporal,0,test,711711,1,0.5942481
M_temporal,0,test,711782,1,0.5972291
M_temporal,0,test,714764,0,0.65571606
M_temporal,0,test,714952,1,0.6729275
M_temporal,0,test,719050,0,0.490974
M_temporal,0,test,719225,1,0.6256294
M_temporal,0,test,723474,0,0.5618262
M_temporal,0,test,725470,0,0.5395223
M_temporal,0,test,738078,0,0.68627965
M_temporal,0,test,741884,0,0.71281976
M_temporal,0,test,742551,0,0.5737056
M_temporal,0,test,744145,0,0.736531
M_temporal,0,test,744767,0,0.52016854
M_temporal,0,test,750881,0,0.50831115
M_temporal,0,test,752970,0,0.6414596
M_temporal,0,test,755356,0,0.65493137
M_temporal,0,test,762014,0,0.6333919
M_temporal,0,test,767773,0,0.7128576
M_temporal,0,test,768313,1,0.7011161
M_temporal,0,test,769720,1,0.7891948
M_temporal,0,test,772900,0,0.60133433
M_temporal,0,test,776444,1,0.75105894
M_temporal,0,test,777118,1,0.77383125
M_temporal,0,test,778111,1,0.59764695
M_temporal,0,test,779406,0,0.5269342
M_temporal,0,test,783140,1,0.8609731
M_temporal,0,test,784920,1,0.56360227
M_temporal,0,test,786776,0,0.6461044
M_temporal,0,test,789093,0,0.5551733
M_temporal,0,test,806762,0,0.50892454
M_temporal,0,test,808258,0,0.5640433
M_temporal,0,test,809234,1,0.622428
M_temporal,0,test,810874,0,0.59589815
M_temporal,0,test,820729,1,0.5767293
M_temporal,0,test,822027,0,0.62612396
M_temporal,0,test,822463,1,0.7681829
M_temporal,0,test,831454,0,0.7197624
M_temporal,0,test,835159,1,0.74907047
M_temporal,0,test,839451,0,0.56009865
M_temporal,0,test,858119,0,0.5176455
M_temporal,0,test,859236,0,0.64065504
M_temporal,0,test,866317,1,0.59480894
M_temporal,0,test,869519,1,0.49713564
M_temporal,0,test,873012,1,0.72812164
M_temporal,0,test,877831,0,0.7264707
M_temporal,0,test,884569,1,0.60736245
M_temporal,0,test,889657,1,0.7959271
M_temporal,0,test,900534,1,0.5184983
M_temporal,0,test,900750,1,0.58524346
M_temporal,0,test,903654,1,0.69361
M_temporal,0,test,944315,0,0.6094186
M_temporal,0,test,951654,0,0.63478905
M_temporal,0,test,952219,0,0.5722594
M_temporal,0,test,953656,0,0.6831764
M_temporal,0,test,954477,1,0.4948343
M_temporal,0,test,955669,0,0.69137716
M_temporal,0,test,955753,1,0.7264395
M_temporal,0,test,957325,1,0.63752717
M_temporal,0,test,959155,0,0.5845694
M_temporal,0,test,962643,1,0.61844444
M_temporal,0,test,963985,1,0.6985796
M_temporal,0,test,969827,0,0.5532098
M_temporal,0,test,972950,1,0.7442246
M_temporal,0,test,976523,1,0.65366936
M_temporal,0,test,982253,1,0.58115965
M_temporal,0,test,982817,0,0.6468367
M_temporal,0,test,984065,0,0.6161523
M_temporal,0,test,985152,1,0.6850402
M_temporal,0,test,989331,1,0.6416158
M_temporal,0,test,990528,0,0.527066
M_temporal,0,test,994044,1,0.82644707
M_temporal,0,test,994160,1,0.6403645
M_temporal,0,test,995496,1,0.6786766
M_temporal,0,test,996219,0,0.5771527
M_temporal,0,test,996860,0,0.56768113
M_temporal,0,test,998151,1,0.68268794
M_temporal,0,test,998708,1,0.58890426
M_temporal,0,test,1001502,0,0.6036555
M_temporal,0,test,1001535,1,0.58712685
M_temporal,0,test,1003409,1,0.7319571
M_temporal,0,test,1005171,1,0.6301412
M_temporal,0,test,1005401,1,0.64510494
M_temporal,0,test,1005619,1,0.6892856
M_temporal,0,test,1006944,1,0.6699913
M_temporal,0,test,1012321,1,0.6702681
M_temporal,0,test,1017249,1,0.6575736
M_temporal,0,test,1043429,1,0.6244417
M_temporal,0,test,1046104,0,0.6075237
M_temporal,0,test,1048580,1,0.66606987
M_temporal,0,test,1049831,0,0.61603445
M_temporal,0,test,1050525,1,0.58162457
M_temporal,0,test,1053386,0,0.4694605
M_temporal,0,test,1054567,0,0.71365356
M_temporal,0,test,1057686,0,0.6614481
M_temporal,0,test,1058429,1,0.6382331
M_temporal,0,test,1063812,0,0.5688843
M_temporal,0,test,1066129,1,0.65589553
M_temporal,0,test,1066734,1,0.6758743
M_temporal,0,test,1067828,1,0.730434
M_temporal,0,test,1069003,0,0.70894676
M_temporal,0,test,1069689,1,0.6062378
M_temporal,0,test,1071527,1,0.6133436
M_temporal,0,test,1072194,1,0.7247454
M_temporal,0,test,1073214,1,0.66902
M_temporal,0,test,1073787,1,0.47588778
M_temporal,0,test,1074093,1,0.5919859
M_temporal,0,test,1074163,1,0.6685537
M_temporal,0,test,1074275,1,0.6324059
M_temporal,0,test,1074306,1,0.5127883
M_temporal,0,test,1075816,1,0.56115574
M_temporal,0,test,1077606,1,0.61966395
M_temporal,0,test,1079219,0,0.5791724
M_temporal,0,test,1079656,1,0.62764204
M_temporal,0,test,1079923,0,0.49760753
M_temporal,0,test,1080366,1,0.50030124
M_temporal,0,test,1080459,1,0.8340731
M_temporal,0,test,1081059,1,0.44614905
M_temporal,0,test,1081383,0,0.6593513
M_temporal,0,test,1082739,1,0.7840553
M_temporal,0,test,1084267,1,0.6559975
M_temporal,0,test,1084497,1,0.61242354
M_temporal,0,test,1085709,1,0.63655627
M_temporal,0,test,1086243,1,0.7456302
M_temporal,0,test,1086991,0,0.59967774
M_temporal,0,test,1087391,0,0.6078869
M_temporal,0,test,1089172,1,0.726269
M_temporal,0,test,1090438,1,0.65309113
M_temporal,0,test,1090543,1,0.6781436
M_temporal,0,test,1091014,1,0.7491274
M_temporal,0,test,1091583,1,0.5783566
M_temporal,0,test,1092848,1,0.6364623
M_temporal,0,test,1093401,1,0.5861581
M_temporal,0,test,1094456,1,0.808119
M_temporal,0,test,1094730,0,0.629794
M_temporal,0,test,1095404,1,0.53096336
M_temporal,0,test,1097324,1,0.77698225
M_temporal,0,test,1097843,0,0.6466484
M_temporal,0,test,1098849,1,0.6255787
M_temporal,0,test,1099078,1,0.6008072
M_temporal,0,test,1101406,0,0.6924734
M_temporal,0,test,1102276,1,0.68597573
M_temporal,0,test,1102389,1,0.63180137
M_temporal,0,test,1102856,1,0.5078329
M_temporal,0,test,1102873,1,0.9766708
M_temporal,0,test,1104038,1,0.7008481
M_temporal,0,test,1104198,1,0.69905406
M_temporal,0,test,1104592,1,0.57903194
M_temporal,0,test,1105837,1,0.5838592
M_temporal,0,test,1106300,1,0.6067236
M_temporal,0,test,1106784,1,0.6971328
M_temporal,0,test,1107575,0,0.82653683
M_temporal,0,test,1107631,1,0.85090756
M_temporal,0,test,1109280,1,0.7141222
M_temporal,0,test,1109598,1,0.7377043
M_temporal,0,test,1110598,0,0.60442936
M_temporal,0,test,1111123,1,0.6784267
M_temporal,0,test,1112333,1,0.75319964
M_temporal,0,test,1112425,1,0.57304335
M_temporal,0,test,1112671,1,0.63461196
M_temporal,0,test,1112684,0,0.6092744
M_temporal,0,test,1112999,0,0.5478812
M_temporal,0,test,1113155,0,0.59036016
M_temporal,0,test,1113808,0,0.51594543
M_temporal,0,test,1114105,0,0.7009011
M_temporal,0,test,1114679,1,0.76591647
M_temporal,0,test,1115212,1,0.6535277
M_temporal,0,test,1115227,1,0.5344346
M_temporal,0,test,1115247,0,0.61117333
M_temporal,0,test,1115342,0,0.6587028
M_temporal,0,test,1116507,1,0.6799077
M_temporal,0,test,1116601,0,0.5742842
M_temporal,0,test,1117267,1,0.5633418
M_temporal,0,test,1118542,0,0.6742047
M_temporal,0,test,1119067,1,0.5641457
M_temporal,0,test,1119591,1,0.7785732
M_temporal,0,test,1120775,1,0.59451807
M_temporal,0,test,1121443,0,0.58451027
M_temporal,0,test,1121623,1,0.70846236
M_temporal,0,test,1121672,1,0.58130276
M_temporal,0,test,1121926,1,0.62826616
M_temporal,0,test,1122760,0,0.5718579
M_temporal,0,test,1123500,1,0.52464914
M_temporal,0,test,1123559,0,0.5936813
M_temporal,0,test,1123910,1,0.6408059
M_temporal,0,test,1124180,0,0.49548444
M_temporal,0,test,1124561,0,0.6359791
M_temporal,0,test,1124658,0,0.48055273
M_temporal,0,test,1125073,1,0.6535517
M_temporal,0,test,1125442,1,0.88426834
M_temporal,0,test,1125468,1,0.5900079
M_temporal,0,test,1125785,1,0.65972215
M_temporal,0,test,1125964,1,0.6022369
M_temporal,0,test,1126244,0,0.72968423
M_temporal,0,test,1126443,0,0.63522667
M_temporal,0,test,1127029,0,0.7353607
M_temporal,0,test,1127233,0,0.5804679
M_temporal,0,test,1127285,0,0.6014559
M_temporal,0,test,1127560,1,0.7182726
M_temporal,0,test,1128027,1,0.6889411
M_temporal,0,test,1128117,1,0.63245517
M_temporal,0,test,1128350,1,0.6034812
M_temporal,0,test,1129253,1,0.5321028
M_temporal,0,test,1129383,1,0.7125409
M_temporal,0,test,1129695,1,0.7352922
M_temporal,0,test,1129961,0,0.69611466
M_temporal,0,test,1130530,0,0.6148744
M_temporal,0,test,1130533,1,0.6129037
M_temporal,0,test,1130623,0,0.5414574
M_temporal,0,test,1131355,1,0.5243934
M_temporal,0,test,1132251,1,0.6875285
M_temporal,0,test,1132286,0,0.53395206
M_temporal,0,test,1132874,1,0.60063994
M_temporal,0,test,1133607,1,0.6266651
M_temporal,0,test,1133778,1,0.56440896
M_temporal,0,test,1134518,0,0.49531096
M_temporal,0,test,1134921,1,0.5829395
M_temporal,0,test,1134927,1,0.4637795
M_temporal,0,test,1135001,1,0.57296497
M_temporal,0,test,1135191,0,0.64752156
M_temporal,0,test,1135626,1,0.6802973
M_temporal,0,test,1136569,0,0.532124
M_temporal,0,test,1136878,1,0.58930045
M_temporal,0,test,1136925,0,0.69853634
M_temporal,0,test,1136946,0,0.6470543
M_temporal,0,test,1136981,1,0.6020464
M_temporal,0,test,1137818,1,0.72831076
M_temporal,0,test,1138374,0,0.5025964
M_temporal,0,test,1138681,1,0.53878695
M_temporal,0,test,1139209,0,0.6448128
M_temporal,0,test,1139275,1,0.750402
M_temporal,0,test,1139688,1,0.6388887
M_temporal,0,test,1139774,0,0.559033
M_temporal,0,test,1139795,0,0.591205
M_temporal,0,test,1142591,0,0.81448805
M_temporal,0,test,1143113,1,0.53499556
M_temporal,0,test,1144147,0,0.55091596
M_temporal,0,test,1144198,1,0.6410434
M_temporal,0,test,1144465,1,0.6086724
M_temporal,0,test,1145207,0,0.680489
M_temporal,0,test,1146057,0,0.7521702
M_temporal,0,test,1146208,0,0.67617196
M_temporal,0,test,1146369,1,0.6698408
M_temporal,0,test,1147189,1,0.57442766
M_temporal,0,test,1147877,1,0.55227417
M_temporal,0,test,1148116,1,0.505265
M_temporal,0,test,1148548,1,0.5705245
M_temporal,0,test,1149201,1,0.72372955
M_temporal,0,test,1150067,1,0.5999351
M_temporal,0,test,1150178,1,0.6841117
M_temporal,0,test,1151371,1,0.6908298
M_temporal,0,test,1151583,1,0.8302521
M_temporal,0,test,1152038,1,0.6832417
M_temporal,0,test,1152707,0,0.5907244
M_temporal,0,test,1152739,0,0.52501446
M_temporal,0,test,1153155,1,0.6861217
M_temporal,0,test,1153244,1,0.7858257
M_temporal,0,test,1154055,1,0.70781434
M_temporal,0,test,1155460,1,0.6760325
M_temporal,0,test,1155554,1,0.48884326
M_temporal,0,test,1156261,1,0.65014446
M_temporal,0,test,1156634,1,0.76328766
M_temporal,0,test,1156847,1,0.60500896
M_temporal,0,test,1206184,1,0.7627367
M_temporal,0,test,1206257,1,0.53563225
M_temporal,0,test,1206751,1,0.6628182
M_temporal,0,test,1206811,1,0.6058493
M_temporal,0,test,1206867,1,0.70991033
M_temporal,0,test,1207207,1,0.64092875
M_temporal,0,test,1208078,0,0.6474692
M_temporal,0,test,1208476,1,0.7276399
M_temporal,0,test,1208561,1,0.6212507
M_temporal,0,test,1209069,1,0.73495716
M_temporal,0,test,1209473,1,0.70776355
M_temporal,0,test,1209531,0,0.58752215
M_temporal,0,test,1209908,0,0.72579116
M_temporal,0,test,1210055,0,0.81781316
M_temporal,0,test,1210080,0,0.5485592
M_temporal,0,test,1212290,1,0.70068485
M_temporal,0,test,1212582,1,0.6486398
M_temporal,0,test,1212738,1,0.7799034
M_temporal,0,test,1213041,1,0.7158584
M_temporal,0,test,1213071,1,0.5840329
M_temporal,0,test,1213667,0,0.51587415
M_temporal,0,test,1214248,1,0.67098355
M_temporal,0,test,1215252,0,0.57805216
M_temporal,0,test,1215452,0,0.6869416
M_temporal,0,test,1215586,0,0.58370584
M_temporal,0,test,1217110,1,0.5569485
M_temporal,0,test,1217724,0,0.63312113
M_temporal,0,test,1217757,1,0.56266636
M_temporal,0,test,1218110,0,0.6357795
M_temporal,0,test,1218980,0,0.6385885
M_temporal,0,test,1219802,1,0.6836285
M_temporal,0,test,1220156,0,0.93182933
M_temporal,0,test,1220269,0,0.6698604
M_temporal,0,test,1220796,1,0.8031881
M_temporal,0,test,1220900,1,0.575095
M_temporal,0,test,1221603,1,0.6620235
M_temporal,0,test,1221685,1,0.68647647
M_temporal,0,test,1221764,1,0.7586621
M_temporal,0,test,1222037,1,0.8084866
M_temporal,0,test,1222048,1,0.64768994
M_temporal,0,test,1222069,1,0.6093653
M_temporal,0,test,1222115,0,0.50323737
M_temporal,0,test,1222124,1,0.737001
M_temporal,0,test,1222410,0,0.66825986
M_temporal,0,test,1223017,1,0.66225445
M_temporal,0,test,1223272,1,0.6199465
M_temporal,0,test,1224094,0,0.5439281
M_temporal,0,test,1224536,1,0.6717913
M_temporal,0,test,1225262,1,0.6240141
M_temporal,0,test,1225309,1,0.6493185
M_temporal,0,test,1225334,0,0.7521304
M_temporal,0,test,1225413,1,0.66022605
M_temporal,0,test,1225553,1,0.6082545
M_temporal,0,test,1225716,0,0.6555053
M_temporal,0,test,1225843,0,0.637667
M_temporal,0,test,1225945,0,0.63422817
M_temporal,0,test,1226065,1,0.7547959
M_temporal,0,test,1226708,1,0.6776279
M_temporal,0,test,1226825,1,0.5615043
M_temporal,0,test,1227138,0,0.56540126
M_temporal,0,test,1227755,1,0.73645073
M_temporal,0,test,1228267,1,0.57105607
M_temporal,0,test,1228453,1,0.70684004
M_temporal,0,test,1228747,1,0.79643154
M_temporal,0,test,1228820,0,0.55714
M_temporal,0,test,1229345,1,0.70352393
M_temporal,0,test,1229976,1,0.72365046
M_temporal,0,test,1230265,1,0.7916607
M_temporal,0,test,1230721,1,0.64123267
M_temporal,0,test,1230724,1,0.78354645
M_temporal,0,test,1231353,1,0.7201385
M_temporal,0,test,1231734,1,0.75295687
M_temporal,0,test,1231841,0,0.732882
M_temporal,0,test,1232099,0,0.58991796
M_temporal,0,test,1233084,1,0.6298344
M_temporal,0,test,1233147,1,0.5232369
M_temporal,0,test,1233618,0,0.5656847
M_temporal,0,test,1233777,1,0.57921284
M_temporal,0,test,1234410,0,0.7300953
M_temporal,0,test,1234413,1,0.5709415
M_temporal,0,test,1234672,0,0.6222808
M_temporal,0,test,1235697,1,0.5017575
M_temporal,0,test,1236071,1,0.573145
M_temporal,0,test,1236191,1,0.6566042
M_temporal,0,test,1236410,0,0.6600718
M_temporal,0,test,1237123,0,0.60477346
M_temporal,0,test,1237184,0,0.58960974
M_temporal,0,test,1237496,1,0.81475
M_temporal,0,test,1237508,1,0.71341443
M_temporal,0,test,1237793,1,0.72912496
M_temporal,0,test,1237971,1,0.70318824
M_temporal,0,test,1238001,0,0.6792231
M_temporal,0,test,1238292,0,0.63544595
M_temporal,0,test,1238406,0,0.7687261
M_temporal,0,test,1238413,1,0.586674
M_temporal,0,test,1238443,0,0.5640515
M_temporal,0,test,1238501,0,0.62622136
M_temporal,0,test,1238523,1,0.68895996
M_temporal,0,test,1238553,1,0.6297995
M_temporal,0,test,1238636,1,0.817749
M_temporal,0,test,1238817,0,0.6409444
M_temporal,0,test,1238964,1,0.6685866
M_temporal,0,test,1239079,1,0.44493723
M_temporal,0,test,1239094,1,0.77186346
M_temporal,0,test,1239224,1,0.49945056
M_temporal,0,test,1239458,0,0.7361195
M_temporal,0,test,1239936,0,0.57441264
M_temporal,0,test,1240378,1,0.6715098
M_temporal,0,test,1240433,1,0.6339375
M_temporal,0,test,1241090,0,0.58865476
M_temporal,0,test,1241104,0,0.56566906
M_temporal,0,test,1241937,0,0.5374042
M_temporal,0,test,1241954,1,0.70510715
M_temporal,0,test,1242009,1,0.51106584
M_temporal,0,test,1242021,1,0.6603936
M_temporal,0,test,1242267,1,0.75115323
M_temporal,0,test,1242424,1,0.6173157
M_temporal,0,test,1242536,1,0.7049877
M_temporal,0,test,1242725,1,0.6821565
M_temporal,0,test,1242729,1,0.62181014
M_temporal,0,test,1242755,0,0.73736286
M_temporal,0,test,1242831,0,0.6463448
M_temporal,0,test,1243295,1,0.74580467
M_temporal,0,test,1243442,0,0.6671725
M_temporal,0,test,1243523,0,0.65534276
M_temporal,0,test,1244763,0,0.5618756
M_temporal,0,test,1245846,1,0.51441544
M_shuffled,0,val,1122,0,0.6416622
M_shuffled,0,val,4993,1,0.64967966
M_shuffled,0,val,15488,1,0.60309196
M_shuffled,0,val,20593,1,0.59495777
M_shuffled,0,val,22854,1,0.5956156
M_shuffled,0,val,32097,1,0.6210868
M_shuffled,0,val,33645,0,0.556365
M_shuffled,0,val,40597,1,0.63045424
M_shuffled,0,val,50696,1,0.6546624
M_shuffled,0,val,52327,1,0.6200618
M_shuffled,0,val,54388,0,0.5802729
M_shuffled,0,val,57684,1,0.74393475
M_shuffled,0,val,58630,1,0.69579023
M_shuffled,0,val,59792,0,0.6178723
M_shuffled,0,val,72432,1,0.5736865
M_shuffled,0,val,76273,1,0.7059947
M_shuffled,0,val,85978,1,0.5627849
M_shuffled,0,val,86840,1,0.6760984
M_shuffled,0,val,87973,1,0.64953583
M_shuffled,0,val,91249,1,0.5918415
M_shuffled,0,val,112607,1,0.642627
M_shuffled,0,val,112715,1,0.6727407
M_shuffled,0,val,123208,1,0.6527219
M_shuffled,0,val,140328,0,0.6800804
M_shuffled,0,val,141620,1,0.61895704
M_shuffled,0,val,143454,0,0.60859376
M_shuffled,0,val,144004,0,0.62025094
M_shuffled,0,val,145109,1,0.66788954
M_shuffled,0,val,149348,1,0.6551434
M_shuffled,0,val,152430,1,0.6475062
M_shuffled,0,val,154041,1,0.6712731
M_shuffled,0,val,157449,1,0.6971282
M_shuffled,0,val,162518,1,0.62100774
M_shuffled,0,val,163423,1,0.64873207
M_shuffled,0,val,165324,0,0.6211618
M_shuffled,0,val,165400,0,0.6763334
M_shuffled,0,val,169372,1,0.6686907
M_shuffled,0,val,171833,1,0.5953913
M_shuffled,0,val,171896,1,0.60387516
M_shuffled,0,val,172578,1,0.64180136
M_shuffled,0,val,173162,0,0.61385846
M_shuffled,0,val,176133,1,0.67552197
M_shuffled,0,val,184936,1,0.6084681
M_shuffled,0,val,191335,0,0.71369416
M_shuffled,0,val,193149,0,0.6889349
M_shuffled,0,val,203640,1,0.68282247
M_shuffled,0,val,207233,1,0.6836708
M_shuffled,0,val,213739,0,0.61618865
M_shuffled,0,val,228543,1,0.6871407
M_shuffled,0,val,234247,0,0.58822113
M_shuffled,0,val,237953,1,0.60938627
M_shuffled,0,val,238407,0,0.53336823
M_shuffled,0,val,240229,0,0.6189479
M_shuffled,0,val,243108,1,0.818209
M_shuffled,0,val,250983,0,0.6478071
M_shuffled,0,val,258462,0,0.6228153
M_shuffled,0,val,269426,1,0.5895932
M_shuffled,0,val,273826,1,0.7302742
M_shuffled,0,val,278485,0,0.63771296
M_shuffled,0,val,280452,0,0.6272614
M_shuffled,0,val,282212,1,0.5664678
M_shuffled,0,val,289992,1,0.6292337
M_shuffled,0,val,292872,0,0.60676944
M_shuffled,0,val,299698,1,0.5477084
M_shuffled,0,val,303683,0,0.5959058
M_shuffled,0,val,308426,1,0.6260338
M_shuffled,0,val,308485,0,0.64409757
M_shuffled,0,val,319549,1,0.71738786
M_shuffled,0,val,321109,0,0.68536556
M_shuffled,0,val,321989,1,0.72105396
M_shuffled,0,val,323718,1,0.5988458
M_shuffled,0,val,323797,0,0.62414837
M_shuffled,0,val,325318,0,0.62430346
M_shuffled,0,val,328655,0,0.59969825
M_shuffled,0,val,332529,1,0.71041375
M_shuffled,0,val,335955,1,0.6223983
M_shuffled,0,val,338273,1,0.6808735
M_shuffled,0,val,345087,1,0.63876957
M_shuffled,0,val,345361,1,0.61991644
M_shuffled,0,val,347257,1,0.62168163
M_shuffled,0,val,349058,1,0.66767955
M_shuffled,0,val,350012,1,0.64105576
M_shuffled,0,val,350472,0,0.6405633
M_shuffled,0,val,352441,0,0.6341826
M_shuffled,0,val,352893,1,0.5891089
M_shuffled,0,val,353416,1,0.7030975
M_shuffled,0,val,357322,0,0.6768828
M_shuffled,0,val,364228,1,0.59580195
M_shuffled,0,val,364440,0,0.64275736
M_shuffled,0,val,368436,1,0.67409164
M_shuffled,0,val,369818,1,0.6479587
M_shuffled,0,val,372332,1,0.6808114
M_shuffled,0,val,375294,1,0.56534594
M_shuffled,0,val,376880,1,0.6875458
M_shuffled,0,val,377217,1,0.61573493
M_shuffled,0,val,377703,1,0.70872617
M_shuffled,0,val,400944,1,0.59541106
M_shuffled,0,val,406676,1,0.6135207
M_shuffled,0,val,407827,1,0.63457626
M_shuffled,0,val,412716,1,0.71530056
M_shuffled,0,val,416249,1,0.6346599
M_shuffled,0,val,420633,1,0.5731299
M_shuffled,0,val,421283,1,0.6550544
M_shuffled,0,val,421437,0,0.6109696
M_shuffled,0,val,423553,1,0.62618065
M_shuffled,0,val,431921,0,0.6698677
M_shuffled,0,val,432168,1,0.6563168
M_shuffled,0,val,432906,1,0.5646051
M_shuffled,0,val,433303,1,0.64014053
M_shuffled,0,val,443207,1,0.62958604
M_shuffled,0,val,445318,0,0.6210047
M_shuffled,0,val,448027,0,0.5587555
M_shuffled,0,val,463298,1,0.6593172
M_shuffled,0,val,469812,0,0.5438021
M_shuffled,0,val,469865,1,0.6745422
M_shuffled,0,val,474601,1,0.59383404
M_shuffled,0,val,475893,0,0.7856595
M_shuffled,0,val,482448,0,0.6385055
M_shuffled,0,val,487378,0,0.65592295
M_shuffled,0,val,488665,0,0.6235593
M_shuffled,0,val,490941,0,0.57921535
M_shuffled,0,val,496270,1,0.5799622
M_shuffled,0,val,502585,0,0.6961313
M_shuffled,0,val,507011,1,0.660475
M_shuffled,0,val,509624,1,0.6523678
M_shuffled,0,val,512180,1,0.62416804
M_shuffled,0,val,517848,1,0.6813003
M_shuffled,0,val,518232,1,0.6196922
M_shuffled,0,val,520868,0,0.6894157
M_shuffled,0,val,526837,0,0.5621077
M_shuffled,0,val,529902,1,0.7054033
M_shuffled,0,val,530038,1,0.7587244
M_shuffled,0,val,531104,1,0.6292322
M_shuffled,0,val,532533,1,0.6961273
M_shuffled,0,val,545205,0,0.5657114
M_shuffled,0,val,546258,1,0.6297917
M_shuffled,0,val,549363,0,0.5893747
M_shuffled,0,val,552325,0,0.5328966
M_shuffled,0,val,552424,0,0.6292028
M_shuffled,0,val,556177,0,0.71073467
M_shuffled,0,val,563033,0,0.6284516
M_shuffled,0,val,564394,0,0.5505654
M_shuffled,0,val,577668,1,0.607834
M_shuffled,0,val,578084,0,0.632042
M_shuffled,0,val,583338,1,0.6796706
M_shuffled,0,val,588986,1,0.5861718
M_shuffled,0,val,592548,0,0.6135539
M_shuffled,0,val,599396,0,0.6480976
M_shuffled,0,val,605160,0,0.59067315
M_shuffled,0,val,607813,0,0.61268336
M_shuffled,0,val,608740,0,0.5773645
M_shuffled,0,val,614481,0,0.58459884
M_shuffled,0,val,615119,1,0.75521404
M_shuffled,0,val,615631,1,0.69182837
M_shuffled,0,val,625366,1,0.6195293
M_shuffled,0,val,629729,1,0.6601408
M_shuffled,0,val,647436,0,0.6421485
M_shuffled,0,val,650259,0,0.6596991
M_shuffled,0,val,651309,0,0.59662324
M_shuffled,0,val,651758,1,0.5791094
M_shuffled,0,val,652123,0,0.59025174
M_shuffled,0,val,652279,0,0.5739871
M_shuffled,0,val,656122,1,0.6189785
M_shuffled,0,val,656138,1,0.60579276
M_shuffled,0,val,660061,1,0.63865113
M_shuffled,0,val,660533,0,0.62365156
M_shuffled,0,val,660938,1,0.63957256
M_shuffled,0,val,665029,1,0.60462457
M_shuffled,0,val,665050,1,0.6246034
M_shuffled,0,val,670244,1,0.6416564
M_shuffled,0,val,671325,0,0.60739505
M_shuffled,0,val,671576,0,0.5755462
M_shuffled,0,val,673052,1,0.6349731
M_shuffled,0,val,675660,0,0.61179596
M_shuffled,0,val,678199,0,0.62361145
M_shuffled,0,val,680266,0,0.7025069
M_shuffled,0,val,682914,1,0.61609435
M_shuffled,0,val,692799,1,0.6541327
M_shuffled,0,val,696774,1,0.69254595
M_shuffled,0,val,700558,1,0.6534633
M_shuffled,0,val,703048,0,0.6988415
M_shuffled,0,val,705906,1,0.6527465
M_shuffled,0,val,710625,1,0.6917552
M_shuffled,0,val,712016,1,0.6067731
M_shuffled,0,val,718704,1,0.6600693
M_shuffled,0,val,726126,0,0.6128486
M_shuffled,0,val,734224,0,0.6038091
M_shuffled,0,val,738172,0,0.60552955
M_shuffled,0,val,738715,0,0.5789069
M_shuffled,0,val,739530,1,0.64491826
M_shuffled,0,val,740043,1,0.611664
M_shuffled,0,val,743121,1,0.6444966
M_shuffled,0,val,743318,0,0.65598464
M_shuffled,0,val,745489,1,0.58251834
M_shuffled,0,val,747568,1,0.65228456
M_shuffled,0,val,747710,0,0.675807
M_shuffled,0,val,748105,0,0.669374
M_shuffled,0,val,755156,1,0.64540535
M_shuffled,0,val,755914,1,0.69583476
M_shuffled,0,val,761233,1,0.66341054
M_shuffled,0,val,765473,1,0.6068297
M_shuffled,0,val,765954,0,0.59327555
M_shuffled,0,val,766763,1,0.5822409
M_shuffled,0,val,767066,1,0.6161268
M_shuffled,0,val,783025,1,0.6387243
M_shuffled,0,val,788241,1,0.63018405
M_shuffled,0,val,789437,1,0.54649484
M_shuffled,0,val,789824,0,0.59774315
M_shuffled,0,val,793726,0,0.6247031
M_shuffled,0,val,803606,1,0.6589186
M_shuffled,0,val,809689,0,0.5863928
M_shuffled,0,val,817197,0,0.61995995
M_shuffled,0,val,822633,1,0.6501972
M_shuffled,0,val,829142,1,0.65004146
M_shuffled,0,val,829874,0,0.5979482
M_shuffled,0,val,833210,1,0.6301559
M_shuffled,0,val,835716,0,0.58295155
M_shuffled,0,val,835833,1,0.6073754
M_shuffled,0,val,839278,1,0.6289495
M_shuffled,0,val,847036,1,0.6178906
M_shuffled,0,val,848723,1,0.6311763
M_shuffled,0,val,849472,1,0.7111886
M_shuffled,0,val,853842,1,0.60932577
M_shuffled,0,val,857171,1,0.5972753
M_shuffled,0,val,859109,1,0.63191843
M_shuffled,0,val,860360,1,0.6021893
M_shuffled,0,val,866895,0,0.7216849
M_shuffled,0,val,868318,0,0.5715343
M_shuffled,0,val,870739,1,0.64257795
M_shuffled,0,val,883479,0,0.60699743
M_shuffled,0,val,883804,1,0.65009123
M_shuffled,0,val,885394,1,0.606696
M_shuffled,0,val,886279,1,0.5848281
M_shuffled,0,val,898035,1,0.5633622
M_shuffled,0,val,900648,1,0.598685
M_shuffled,0,val,903410,1,0.6526163
M_shuffled,0,val,936352,0,0.59200984
M_shuffled,0,val,950405,1,0.6433516
M_shuffled,0,val,951465,0,0.65440345
M_shuffled,0,val,951846,0,0.63258153
M_shuffled,0,val,963197,1,0.6765153
M_shuffled,0,val,970382,1,0.5856255
M_shuffled,0,val,975370,0,0.672346
M_shuffled,0,val,975728,0,0.60366607
M_shuffled,0,val,976220,1,0.6551143
M_shuffled,0,val,977714,1,0.63618964
M_shuffled,0,val,979369,1,0.6145218
M_shuffled,0,val,979917,1,0.6669701
M_shuffled,0,val,981736,0,0.58671594
M_shuffled,0,val,983916,1,0.60221803
M_shuffled,0,val,986074,1,0.6513447
M_shuffled,0,val,987997,1,0.70230085
M_shuffled,0,val,988071,0,0.62487525
M_shuffled,0,val,989315,1,0.6951738
M_shuffled,0,val,991060,1,0.6259713
M_shuffled,0,val,991790,1,0.62381667
M_shuffled,0,val,991972,1,0.58592933
M_shuffled,0,val,993562,1,0.62140304
M_shuffled,0,val,994960,0,0.65082383
M_shuffled,0,val,997176,0,0.59567714
M_shuffled,0,val,999980,0,0.7262773
M_shuffled,0,val,1002249,1,0.6352989
M_shuffled,0,val,1005121,1,0.5754616
M_shuffled,0,val,1007363,0,0.6730823
M_shuffled,0,val,1009347,1,0.66058815
M_shuffled,0,val,1013371,1,0.63986796
M_shuffled,0,val,1026684,1,0.5971863
M_shuffled,0,val,1027441,1,0.712351
M_shuffled,0,val,1029373,1,0.7143968
M_shuffled,0,val,1042457,0,0.5833726
M_shuffled,0,val,1043319,0,0.637546
M_shuffled,0,val,1049886,1,0.70229626
M_shuffled,0,val,1057350,0,0.6219504
M_shuffled,0,val,1057961,0,0.56008756
M_shuffled,0,val,1058939,1,0.60064936
M_shuffled,0,val,1065288,0,0.5699409
M_shuffled,0,val,1065613,0,0.650674
M_shuffled,0,val,1067177,1,0.689455
M_shuffled,0,val,1067946,0,0.59374446
M_shuffled,0,val,1068390,1,0.6745582
M_shuffled,0,val,1068928,0,0.6406541
M_shuffled,0,val,1070070,1,0.60473984
M_shuffled,0,val,1070472,0,0.59750056
M_shuffled,0,val,1070686,0,0.67458373
M_shuffled,0,val,1071801,0,0.64228785
M_shuffled,0,val,1072395,1,0.690756
M_shuffled,0,val,1073156,1,0.61001486
M_shuffled,0,val,1073471,1,0.7028289
M_shuffled,0,val,1074753,0,0.6960541
M_shuffled,0,val,1077187,1,0.62425005
M_shuffled,0,val,1079282,1,0.77049243
M_shuffled,0,val,1080609,0,0.6163524
M_shuffled,0,val,1081377,0,0.68017566
M_shuffled,0,val,1082433,0,0.5907957
M_shuffled,0,val,1082987,0,0.6025745
M_shuffled,0,val,1083817,1,0.6369448
M_shuffled,0,val,1084185,0,0.63767165
M_shuffled,0,val,1085216,0,0.62887293
M_shuffled,0,val,1087797,1,0.6749993
M_shuffled,0,val,1088105,1,0.67892474
M_shuffled,0,val,1088918,1,0.62379384
M_shuffled,0,val,1091670,1,0.6676909
M_shuffled,0,val,1092408,1,0.7442762
M_shuffled,0,val,1092437,1,0.6448519
M_shuffled,0,val,1092889,1,0.6000667
M_shuffled,0,val,1092948,1,0.6565921
M_shuffled,0,val,1093200,0,0.5543734
M_shuffled,0,val,1093743,0,0.6333112
M_shuffled,0,val,1093823,1,0.5953434
M_shuffled,0,val,1096850,1,0.68730444
M_shuffled,0,val,1097996,1,0.5946305
M_shuffled,0,val,1099660,1,0.59731174
M_shuffled,0,val,1102314,1,0.6745552
M_shuffled,0,val,1103360,1,0.6000558
M_shuffled,0,val,1104219,1,0.67905575
M_shuffled,0,val,1104443,1,0.6686891
M_shuffled,0,val,1104599,1,0.65333056
M_shuffled,0,val,1104649,1,0.65662724
M_shuffled,0,val,1104803,0,0.60694224
M_shuffled,0,val,1105121,0,0.6816132
M_shuffled,0,val,1105416,1,0.6362594
M_shuffled,0,val,1105688,1,0.6358448
M_shuffled,0,val,1105902,1,0.64035505
M_shuffled,0,val,1105904,0,0.58154976
M_shuffled,0,val,1106632,0,0.6136542
M_shuffled,0,val,1107348,1,0.67633575
M_shuffled,0,val,1108706,1,0.69682664
M_shuffled,0,val,1108945,1,0.69493264
M_shuffled,0,val,1108949,1,0.69994587
M_shuffled,0,val,1109030,1,0.5946721
M_shuffled,0,val,1109526,1,0.64932615
M_shuffled,0,val,1109829,1,0.6408585
M_shuffled,0,val,1110232,1,0.6541016
M_shuffled,0,val,1111153,0,0.6384937
M_shuffled,0,val,1111471,1,0.7157174
M_shuffled,0,val,1111860,1,0.6214742
M_shuffled,0,val,1111920,1,0.61562496
M_shuffled,0,val,1112111,1,0.594605
M_shuffled,0,val,1112465,1,0.57128775
M_shuffled,0,val,1113756,1,0.6916132
M_shuffled,0,val,1114556,0,0.61104655
M_shuffled,0,val,1115316,1,0.6863102
M_shuffled,0,val,1115713,1,0.665108
M_shuffled,0,val,1116372,1,0.6368028
M_shuffled,0,val,1116860,1,0.53950334
M_shuffled,0,val,1118398,1,0.61124504
M_shuffled,0,val,1118773,0,0.65789795
M_shuffled,0,val,1119526,1,0.6681546
M_shuffled,0,val,1119929,0,0.59225756
M_shuffled,0,val,1120625,1,0.5880654
M_shuffled,0,val,1121493,0,0.5492334
M_shuffled,0,val,1121766,1,0.6085157
M_shuffled,0,val,1121995,0,0.6337388
M_shuffled,0,val,1122004,0,0.6039345
M_shuffled,0,val,1122557,1,0.6682446
M_shuffled,0,val,1122626,1,0.6500748
M_shuffled,0,val,1122659,1,0.5866582
M_shuffled,0,val,1123484,0,0.6535359
M_shuffled,0,val,1123572,0,0.6384317
M_shuffled,0,val,1123858,0,0.63233495
M_shuffled,0,val,1124330,0,0.61223704
M_shuffled,0,val,1125095,0,0.5692173
M_shuffled,0,val,1126146,0,0.655731
M_shuffled,0,val,1126844,0,0.62870204
M_shuffled,0,val,1127703,1,0.6902086
M_shuffled,0,val,1127812,1,0.5660938
M_shuffled,0,val,1128031,1,0.7003996
M_shuffled,0,val,1128952,0,0.66071844
M_shuffled,0,val,1129029,0,0.6024697
M_shuffled,0,val,1129826,1,0.6212631
M_shuffled,0,val,1129953,0,0.54461896
M_shuffled,0,val,1129979,1,0.62991846
M_shuffled,0,val,1131254,0,0.64988834
M_shuffled,0,val,1131656,1,0.60291535
M_shuffled,0,val,1131818,1,0.6567904
M_shuffled,0,val,1131831,1,0.67626816
M_shuffled,0,val,1131906,1,0.63940084
M_shuffled,0,val,1132886,0,0.7125854
M_shuffled,0,val,1134339,0,0.6001336
M_shuffled,0,val,1136675,1,0.61990523
M_shuffled,0,val,1136723,0,0.62271225
M_shuffled,0,val,1136790,1,0.6419573
M_shuffled,0,val,1137743,1,0.6479152
M_shuffled,0,val,1137897,1,0.76304704
M_shuffled,0,val,1138091,1,0.54254156
M_shuffled,0,val,1138316,1,0.6499958
M_shuffled,0,val,1138699,0,0.60336256
M_shuffled,0,val,1138864,1,0.5702269
M_shuffled,0,val,1139249,1,0.67257655
M_shuffled,0,val,1140109,1,0.68841213
M_shuffled,0,val,1141785,0,0.58151627
M_shuffled,0,val,1142584,0,0.65612614
M_shuffled,0,val,1142724,0,0.7296332
M_shuffled,0,val,1142803,1,0.61247677
M_shuffled,0,val,1142989,1,0.67412513
M_shuffled,0,val,1143781,1,0.65292025
M_shuffled,0,val,1144322,1,0.6210588
M_shuffled,0,val,1144734,1,0.6611302
M_shuffled,0,val,1144789,1,0.63491243
M_shuffled,0,val,1145284,1,0.71580565
M_shuffled,0,val,1145385,0,0.60744554
M_shuffled,0,val,1145393,1,0.6967319
M_shuffled,0,val,1146323,0,0.6619429
M_shuffled,0,val,1146488,0,0.66994345
M_shuffled,0,val,1147005,0,0.5769652
M_shuffled,0,val,1147155,1,0.6362116
M_shuffled,0,val,1148332,1,0.6363512
M_shuffled,0,val,1148772,1,0.62728226
M_shuffled,0,val,1148848,1,0.67320937
M_shuffled,0,val,1149102,1,0.6425858
M_shuffled,0,val,1149196,0,0.6609483
M_shuffled,0,val,1149831,1,0.662706
M_shuffled,0,val,1149916,1,0.597188
M_shuffled,0,val,1151020,0,0.59348726
M_shuffled,0,val,1151121,1,0.67647743
M_shuffled,0,val,1151387,0,0.6294256
M_shuffled,0,val,1152700,1,0.57747185
M_shuffled,0,val,1152931,1,0.5838404
M_shuffled,0,val,1153914,1,0.651985
M_shuffled,0,val,1154175,1,0.65213674
M_shuffled,0,val,1154313,1,0.6549797
M_shuffled,0,val,1154492,1,0.7457982
M_shuffled,0,val,1154712,1,0.65446824
M_shuffled,0,val,1155519,1,0.792652
M_shuffled,0,val,1156023,1,0.6563837
M_shuffled,0,val,1156386,1,0.63816136
M_shuffled,0,val,1156739,1,0.66232336
M_shuffled,0,val,1157101,1,0.6953638
M_shuffled,0,val,1157142,1,0.69572496
M_shuffled,0,val,1157190,1,0.63334817
M_shuffled,0,val,1205889,1,0.6581313
M_shuffled,0,val,1206308,0,0.6632019
M_shuffled,0,val,1206310,1,0.6246994
M_shuffled,0,val,1206335,0,0.6020897
M_shuffled,0,val,1206411,1,0.62479883
M_shuffled,0,val,1206714,1,0.68431175
M_shuffled,0,val,1206862,1,0.61665004
M_shuffled,0,val,1206997,1,0.6989666
M_shuffled,0,val,1207017,1,0.5725862
M_shuffled,0,val,1207479,0,0.75658315
M_shuffled,0,val,1208422,1,0.673702
M_shuffled,0,val,1208870,1,0.60582405
M_shuffled,0,val,1208898,1,0.6315661
M_shuffled,0,val,1209429,1,0.60096735
M_shuffled,0,val,1209873,1,0.6614532
M_shuffled,0,val,1209935,0,0.76611507
M_shuffled,0,val,1209975,1,0.6134844
M_shuffled,0,val,1210100,0,0.6762384
M_shuffled,0,val,1210408,0,0.6614657
M_shuffled,0,val,1210816,1,0.5794483
M_shuffled,0,val,1211345,1,0.6280002
M_shuffled,0,val,1211778,0,0.5924587
M_shuffled,0,val,1212354,0,0.5768675
M_shuffled,0,val,1212408,1,0.7114567
M_shuffled,0,val,1212451,0,0.65224624
M_shuffled,0,val,1212865,1,0.6608043
M_shuffled,0,val,1214345,1,0.60949194
M_shuffled,0,val,1214456,0,0.6326455
M_shuffled,0,val,1214506,1,0.6584098
M_shuffled,0,val,1214832,0,0.56020874
M_shuffled,0,val,1214928,1,0.72400767
M_shuffled,0,val,1215070,1,0.67555916
M_shuffled,0,val,1215193,1,0.7134508
M_shuffled,0,val,1215869,0,0.66238683
M_shuffled,0,val,1215921,1,0.62874377
M_shuffled,0,val,1216036,1,0.64145714
M_shuffled,0,val,1216145,0,0.7302932
M_shuffled,0,val,1216150,1,0.64334387
M_shuffled,0,val,1216691,1,0.6790686
M_shuffled,0,val,1216776,1,0.6731307
M_shuffled,0,val,1217218,0,0.633522
M_shuffled,0,val,1218288,1,0.65412027
M_shuffled,0,val,1219153,0,0.6374259
M_shuffled,0,val,1219634,1,0.6721681
M_shuffled,0,val,1219751,1,0.73909634
M_shuffled,0,val,1220037,1,0.61558026
M_shuffled,0,val,1220380,1,0.5787661
M_shuffled,0,val,1220552,1,0.7490241
M_shuffled,0,val,1220699,1,0.6318803
M_shuffled,0,val,1220871,0,0.74805355
M_shuffled,0,val,1220940,1,0.64968973
M_shuffled,0,val,1220988,0,0.6187454
M_shuffled,0,val,1221019,0,0.65959007
M_shuffled,0,val,1221341,1,0.5960462
M_shuffled,0,val,1221355,1,0.7894933
M_shuffled,0,val,1221883,0,0.6216383
M_shuffled,0,val,1222336,0,0.753901
M_shuffled,0,val,1222850,1,0.62858695
M_shuffled,0,val,1223328,1,0.5583336
M_shuffled,0,val,1223459,1,0.63918704
M_shuffled,0,val,1223516,1,0.6643671
M_shuffled,0,val,1223773,1,0.5645824
M_shuffled,0,val,1223969,1,0.6905823
M_shuffled,0,val,1224343,1,0.63508976
M_shuffled,0,val,1224547,1,0.62544054
M_shuffled,0,val,1225284,0,0.71284664
M_shuffled,0,val,1225298,1,0.62737167
M_shuffled,0,val,1225341,1,0.64121467
M_shuffled,0,val,1225605,0,0.58059347
M_shuffled,0,val,1225635,1,0.64880407
M_shuffled,0,val,1226641,1,0.67510176
M_shuffled,0,val,1226794,0,0.7057456
M_shuffled,0,val,1226937,0,0.6839105
M_shuffled,0,val,1227192,1,0.60954684
M_shuffled,0,val,1227414,0,0.58347994
M_shuffled,0,val,1227765,1,0.59164804
M_shuffled,0,val,1228018,1,0.63997585
M_shuffled,0,val,1229147,0,0.63285816
M_shuffled,0,val,1229368,0,0.6256699
M_shuffled,0,val,1230131,1,0.72145134
M_shuffled,0,val,1230574,0,0.5626938
M_shuffled,0,val,1230810,1,0.6725972
M_shuffled,0,val,1231276,1,0.6885585
M_shuffled,0,val,1231535,1,0.63049316
M_shuffled,0,val,1231638,1,0.6320443
M_shuffled,0,val,1231979,1,0.60377645
M_shuffled,0,val,1232188,1,0.6165512
M_shuffled,0,val,1232212,1,0.6624135
M_shuffled,0,val,1232478,1,0.6230649
M_shuffled,0,val,1233203,1,0.7303502
M_shuffled,0,val,1234521,0,0.5899763
M_shuffled,0,val,1234553,0,0.71590126
M_shuffled,0,val,1234862,0,0.6193652
M_shuffled,0,val,1235039,1,0.7217657
M_shuffled,0,val,1235236,1,0.61769
M_shuffled,0,val,1235254,0,0.6258708
M_shuffled,0,val,1235265,1,0.6383086
M_shuffled,0,val,1235336,1,0.58802444
M_shuffled,0,val,1235381,1,0.57434976
M_shuffled,0,val,1235500,1,0.65584004
M_shuffled,0,val,1235590,1,0.67621046
M_shuffled,0,val,1235597,1,0.60516274
M_shuffled,0,val,1235650,0,0.7318732
M_shuffled,0,val,1235882,0,0.62204623
M_shuffled,0,val,1235914,0,0.6166142
M_shuffled,0,val,1235985,1,0.595879
M_shuffled,0,val,1236187,0,0.5965247
M_shuffled,0,val,1236418,1,0.6810605
M_shuffled,0,val,1236751,1,0.69534
M_shuffled,0,val,1236985,1,0.57461864
M_shuffled,0,val,1237033,1,0.6951691
M_shuffled,0,val,1237440,1,0.7039298
M_shuffled,0,val,1237491,1,0.7639554
M_shuffled,0,val,1237647,0,0.68614507
M_shuffled,0,val,1237832,1,0.64390844
M_shuffled,0,val,1238203,1,0.6470501
M_shuffled,0,val,1238264,1,0.6195678
M_shuffled,0,val,1238521,1,0.64396834
M_shuffled,0,val,1238583,0,0.65970224
M_shuffled,0,val,1238664,1,0.59631634
M_shuffled,0,val,1238865,1,0.6656549
M_shuffled,0,val,1238923,0,0.6729049
M_shuffled,0,val,1238960,1,0.6933305
M_shuffled,0,val,1239212,0,0.63530934
M_shuffled,0,val,1239427,1,0.70821774
M_shuffled,0,val,1239609,1,0.71636105
M_shuffled,0,val,1239693,0,0.64074886
M_shuffled,0,val,1239701,0,0.62242174
M_shuffled,0,val,1239841,1,0.5955106
M_shuffled,0,val,1240131,1,0.6644165
M_shuffled,0,val,1240238,0,0.5476304
M_shuffled,0,val,1240953,0,0.63629764
M_shuffled,0,val,1241185,0,0.60513145
M_shuffled,0,val,1241453,0,0.58567655
M_shuffled,0,val,1241779,1,0.664589
M_shuffled,0,val,1241841,1,0.5932001
M_shuffled,0,val,1242381,0,0.64436233
M_shuffled,0,val,1242508,1,0.73636127
M_shuffled,0,val,1242535,1,0.60241824
M_shuffled,0,val,1242667,0,0.60636514
M_shuffled,0,val,1242673,1,0.56639826
M_shuffled,0,val,1243802,0,0.67036015
M_shuffled,0,val,1243838,0,0.71431804
M_shuffled,0,val,1243992,1,0.5908736
M_shuffled,0,val,1243993,0,0.6401277
M_shuffled,0,val,1245441,1,0.5685222
M_shuffled,0,val,1245905,1,0.6245158
M_shuffled,0,val,1246508,0,0.6148881
M_shuffled,0,val,1246702,1,0.7098677
M_shuffled,0,test,1685,1,0.7514111
M_shuffled,0,test,16787,0,0.6619915
M_shuffled,0,test,19126,1,0.6363259
M_shuffled,0,test,19450,0,0.6030046
M_shuffled,0,test,28836,1,0.7414664
M_shuffled,0,test,30502,1,0.61578685
M_shuffled,0,test,33225,1,0.5883068
M_shuffled,0,test,34146,1,0.72992885
M_shuffled,0,test,34428,0,0.6112164
M_shuffled,0,test,42331,1,0.70222217
M_shuffled,0,test,42450,1,0.62740487
M_shuffled,0,test,42908,1,0.61289805
M_shuffled,0,test,43628,1,0.6144791
M_shuffled,0,test,56380,1,0.6500829
M_shuffled,0,test,60519,1,0.6429697
M_shuffled,0,test,70147,0,0.7051396
M_shuffled,0,test,71731,1,0.6127381
M_shuffled,0,test,72256,1,0.61155367
M_shuffled,0,test,75558,1,0.6515049
M_shuffled,0,test,78778,0,0.61560696
M_shuffled,0,test,80412,1,0.6799761
M_shuffled,0,test,86179,1,0.7220805
M_shuffled,0,test,86305,1,0.5994508
M_shuffled,0,test,86310,1,0.61535674
M_shuffled,0,test,99452,0,0.69870603
M_shuffled,0,test,100693,1,0.73620653
M_shuffled,0,test,105892,1,0.5972514
M_shuffled,0,test,108335,0,0.63319796
M_shuffled,0,test,120088,1,0.61938393
M_shuffled,0,test,121258,1,0.65194917
M_shuffled,0,test,121544,1,0.6373821
M_shuffled,0,test,121744,1,0.68349934
M_shuffled,0,test,138237,1,0.6410664
M_shuffled,0,test,141681,1,0.64712095
M_shuffled,0,test,144639,1,0.6844655
M_shuffled,0,test,156299,1,0.6024579
M_shuffled,0,test,156996,1,0.60792625
M_shuffled,0,test,160524,0,0.65270144
M_shuffled,0,test,174525,1,0.6670741
M_shuffled,0,test,177730,1,0.6037009
M_shuffled,0,test,179049,0,0.575384
M_shuffled,0,test,183219,0,0.60036707
M_shuffled,0,test,184161,1,0.7258954
M_shuffled,0,test,199745,0,0.6338451
M_shuffled,0,test,200858,1,0.55769205
M_shuffled,0,test,205829,1,0.6266661
M_shuffled,0,test,207626,1,0.72441995
M_shuffled,0,test,208120,0,0.69141555
M_shuffled,0,test,210257,0,0.61452323
M_shuffled,0,test,226106,1,0.52306753
M_shuffled,0,test,226610,1,0.6453461
M_shuffled,0,test,247900,1,0.7480693
M_shuffled,0,test,255650,1,0.7320492
M_shuffled,0,test,266656,1,0.67506593
M_shuffled,0,test,271131,1,0.66890156
M_shuffled,0,test,273824,1,0.721544
M_shuffled,0,test,274268,1,0.5512232
M_shuffled,0,test,278688,0,0.5862879
M_shuffled,0,test,280634,1,0.6293318
M_shuffled,0,test,284088,0,0.6327177
M_shuffled,0,test,286403,1,0.7160294
M_shuffled,0,test,290974,0,0.628117
M_shuffled,0,test,293205,0,0.6093071
M_shuffled,0,test,298058,1,0.6192812
M_shuffled,0,test,300174,0,0.5753416
M_shuffled,0,test,301917,1,0.5923212
M_shuffled,0,test,308684,1,0.7427391
M_shuffled,0,test,309228,1,0.665669
M_shuffled,0,test,311717,0,0.6377598
M_shuffled,0,test,315660,1,0.6422006
M_shuffled,0,test,317182,1,0.58747846
M_shuffled,0,test,320374,0,0.6179832
M_shuffled,0,test,323320,0,0.578267
M_shuffled,0,test,324095,1,0.6769487
M_shuffled,0,test,328714,1,0.6720844
M_shuffled,0,test,329983,1,0.6120951
M_shuffled,0,test,330603,1,0.61199313
M_shuffled,0,test,331536,1,0.6625629
M_shuffled,0,test,333052,0,0.60542345
M_shuffled,0,test,334461,1,0.66829437
M_shuffled,0,test,335240,0,0.58590204
M_shuffled,0,test,345347,1,0.6837723
M_shuffled,0,test,348496,1,0.618258
M_shuffled,0,test,355419,1,0.6106779
M_shuffled,0,test,359014,0,0.6272986
M_shuffled,0,test,359330,0,0.636121
M_shuffled,0,test,361397,1,0.5775146
M_shuffled,0,test,361916,1,0.6501579
M_shuffled,0,test,366159,1,0.5893085
M_shuffled,0,test,366344,0,0.62717324
M_shuffled,0,test,367930,1,0.5730281
M_shuffled,0,test,374662,1,0.7255028
M_shuffled,0,test,383626,1,0.7420151
M_shuffled,0,test,388622,1,0.574578
M_shuffled,0,test,391348,0,0.5960993
M_shuffled,0,test,402720,1,0.58103967
M_shuffled,0,test,410795,1,0.65609795
M_shuffled,0,test,413554,1,0.62856054
M_shuffled,0,test,415824,1,0.5876252
M_shuffled,0,test,418425,0,0.607528
M_shuffled,0,test,419629,1,0.60139626
M_shuffled,0,test,427380,1,0.6642145
M_shuffled,0,test,430595,1,0.67920804
M_shuffled,0,test,436619,0,0.6669097
M_shuffled,0,test,445545,1,0.64372396
M_shuffled,0,test,457179,1,0.7042637
M_shuffled,0,test,463375,1,0.6003016
M_shuffled,0,test,465489,0,0.6039255
M_shuffled,0,test,471955,1,0.60636616
M_shuffled,0,test,478525,0,0.59534764
M_shuffled,0,test,479849,0,0.6981349
M_shuffled,0,test,479859,0,0.61981714
M_shuffled,0,test,480021,0,0.621518
M_shuffled,0,test,481454,0,0.6693951
M_shuffled,0,test,486341,0,0.6051264
M_shuffled,0,test,486901,0,0.6355508
M_shuffled,0,test,490630,1,0.6565741
M_shuffled,0,test,490818,1,0.6427063
M_shuffled,0,test,498363,1,0.66999835
M_shuffled,0,test,508572,1,0.6426444
M_shuffled,0,test,510306,0,0.65521586
M_shuffled,0,test,511018,0,0.6014572
M_shuffled,0,test,513568,0,0.63751674
M_shuffled,0,test,524155,0,0.6157037
M_shuffled,0,test,526137,0,0.593824
M_shuffled,0,test,531193,0,0.67036027
M_shuffled,0,test,531815,0,0.6257216
M_shuffled,0,test,534077,1,0.6278449
M_shuffled,0,test,536736,1,0.6587328
M_shuffled,0,test,544153,1,0.58822364
M_shuffled,0,test,548749,1,0.6661367
M_shuffled,0,test,552900,1,0.6171248
M_shuffled,0,test,552901,1,0.55543935
M_shuffled,0,test,553161,0,0.70791334
M_shuffled,0,test,554960,0,0.7020894
M_shuffled,0,test,560123,1,0.6897838
M_shuffled,0,test,565232,1,0.72219956
M_shuffled,0,test,565908,0,0.5551777
M_shuffled,0,test,566012,1,0.65409046
M_shuffled,0,test,569789,0,0.5026243
M_shuffled,0,test,573425,1,0.6890135
M_shuffled,0,test,575730,0,0.6001899
M_shuffled,0,test,577067,1,0.64474773
M_shuffled,0,test,580587,0,0.61033463
M_shuffled,0,test,584433,0,0.648485
M_shuffled,0,test,585465,1,0.6091422
M_shuffled,0,test,589139,1,0.63658917
M_shuffled,0,test,596051,1,0.63322014
M_shuffled,0,test,596437,0,0.6259755
M_shuffled,0,test,599359,1,0.62171215
M_shuffled,0,test,606159,1,0.5709874
M_shuffled,0,test,608537,1,0.6610341
M_shuffled,0,test,612686,0,0.5737929
M_shuffled,0,test,616172,1,0.6495087
M_shuffled,0,test,625501,0,0.5850818
M_shuffled,0,test,627006,1,0.69192964
M_shuffled,0,test,627556,1,0.6264214
M_shuffled,0,test,628661,1,0.70693094
M_shuffled,0,test,639645,0,0.58091855
M_shuffled,0,test,646867,1,0.6495821
M_shuffled,0,test,648107,1,0.613201
M_shuffled,0,test,648709,0,0.6221794
M_shuffled,0,test,649449,0,0.603901
M_shuffled,0,test,654746,1,0.6142269
M_shuffled,0,test,660164,1,0.65964884
M_shuffled,0,test,663130,1,0.64147407
M_shuffled,0,test,663406,1,0.6747428
M_shuffled,0,test,670955,1,0.66150963
M_shuffled,0,test,673553,1,0.6615446
M_shuffled,0,test,675907,0,0.69909334
M_shuffled,0,test,677917,1,0.6016678
M_shuffled,0,test,677928,1,0.63172024
M_shuffled,0,test,682565,1,0.61553216
M_shuffled,0,test,690734,0,0.6076222
M_shuffled,0,test,690987,1,0.7014198
M_shuffled,0,test,692458,1,0.67673355
M_shuffled,0,test,695588,1,0.58851266
M_shuffled,0,test,697830,0,0.57912743
M_shuffled,0,test,702078,0,0.571721
M_shuffled,0,test,704317,0,0.63691837
M_shuffled,0,test,706141,1,0.60143316
M_shuffled,0,test,708388,1,0.57102305
M_shuffled,0,test,709192,0,0.58718485
M_shuffled,0,test,709722,1,0.6115076
M_shuffled,0,test,711711,1,0.59479177
M_shuffled,0,test,711782,1,0.6131175
M_shuffled,0,test,714764,0,0.65152276
M_shuffled,0,test,714952,1,0.6411988
M_shuffled,0,test,719050,0,0.58550894
M_shuffled,0,test,719225,1,0.61841834
M_shuffled,0,test,723474,0,0.6094957
M_shuffled,0,test,725470,0,0.53846014
M_shuffled,0,test,738078,0,0.59839714
M_shuffled,0,test,741884,0,0.6061077
M_shuffled,0,test,742551,0,0.5875955
M_shuffled,0,test,744145,0,0.6332324
M_shuffled,0,test,744767,0,0.53680617
M_shuffled,0,test,750881,0,0.6059562
M_shuffled,0,test,752970,0,0.59900695
M_shuffled,0,test,755356,0,0.6543981
M_shuffled,0,test,762014,0,0.6430749
M_shuffled,0,test,767773,0,0.6774759
M_shuffled,0,test,768313,1,0.6308144
M_shuffled,0,test,769720,1,0.786662
M_shuffled,0,test,772900,0,0.66063535
M_shuffled,0,test,776444,1,0.7606096
M_shuffled,0,test,777118,1,0.63343525
M_shuffled,0,test,778111,1,0.630174
M_shuffled,0,test,779406,0,0.5771574
M_shuffled,0,test,783140,1,0.70337117
M_shuffled,0,test,784920,1,0.6502189
M_shuffled,0,test,786776,0,0.6069995
M_shuffled,0,test,789093,0,0.61780304
M_shuffled,0,test,806762,0,0.59285414
M_shuffled,0,test,808258,0,0.5934693
M_shuffled,0,test,809234,1,0.6467106
M_shuffled,0,test,810874,0,0.58119607
M_shuffled,0,test,820729,1,0.6124955
M_shuffled,0,test,822027,0,0.6288043
M_shuffled,0,test,822463,1,0.7393451
M_shuffled,0,test,831454,0,0.67040116
M_shuffled,0,test,835159,1,0.7979172
M_shuffled,0,test,839451,0,0.59184396
M_shuffled,0,test,858119,0,0.58798605
M_shuffled,0,test,859236,0,0.62085605
M_shuffled,0,test,866317,1,0.5906123
M_shuffled,0,test,869519,1,0.610246
M_shuffled,0,test,873012,1,0.71024317
M_shuffled,0,test,877831,0,0.69180775
M_shuffled,0,test,884569,1,0.6297456
M_shuffled,0,test,889657,1,0.7615924
M_shuffled,0,test,900534,1,0.60116464
M_shuffled,0,test,900750,1,0.6304651
M_shuffled,0,test,903654,1,0.6796287
M_shuffled,0,test,944315,0,0.65583485
M_shuffled,0,test,951654,0,0.6233975
M_shuffled,0,test,952219,0,0.59178776
M_shuffled,0,test,953656,0,0.6535731
M_shuffled,0,test,954477,1,0.60536313
M_shuffled,0,test,955669,0,0.70855176
M_shuffled,0,test,955753,1,0.6144593
M_shuffled,0,test,957325,1,0.6771871
M_shuffled,0,test,959155,0,0.6129011
M_shuffled,0,test,962643,1,0.69323665
M_shuffled,0,test,963985,1,0.7071907
M_shuffled,0,test,969827,0,0.59122884
M_shuffled,0,test,972950,1,0.6871382
M_shuffled,0,test,976523,1,0.6896104
M_shuffled,0,test,982253,1,0.6260265
M_shuffled,0,test,982817,0,0.6479275
M_shuffled,0,test,984065,0,0.633553
M_shuffled,0,test,985152,1,0.60393476
M_shuffled,0,test,989331,1,0.6195666
M_shuffled,0,test,990528,0,0.63469714
M_shuffled,0,test,994044,1,0.66665184
M_shuffled,0,test,994160,1,0.6408816
M_shuffled,0,test,995496,1,0.66253567
M_shuffled,0,test,996219,0,0.6205542
M_shuffled,0,test,996860,0,0.5956506
M_shuffled,0,test,998151,1,0.63571495
M_shuffled,0,test,998708,1,0.6442636
M_shuffled,0,test,1001502,0,0.5987662
M_shuffled,0,test,1001535,1,0.6042439
M_shuffled,0,test,1003409,1,0.68993074
M_shuffled,0,test,1005171,1,0.6026636
M_shuffled,0,test,1005401,1,0.556079
M_shuffled,0,test,1005619,1,0.6400304
M_shuffled,0,test,1006944,1,0.6780202
M_shuffled,0,test,1012321,1,0.6202344
M_shuffled,0,test,1017249,1,0.6437419
M_shuffled,0,test,1043429,1,0.63335645
M_shuffled,0,test,1046104,0,0.58091474
M_shuffled,0,test,1048580,1,0.65215814
M_shuffled,0,test,1049831,0,0.64951044
M_shuffled,0,test,1050525,1,0.5843809
M_shuffled,0,test,1053386,0,0.5701381
M_shuffled,0,test,1054567,0,0.64141107
M_shuffled,0,test,1057686,0,0.63337815
M_shuffled,0,test,1058429,1,0.6129226
M_shuffled,0,test,1063812,0,0.5976667
M_shuffled,0,test,1066129,1,0.6460614
M_shuffled,0,test,1066734,1,0.6633359
M_shuffled,0,test,1067828,1,0.56789243
M_shuffled,0,test,1069003,0,0.696453
M_shuffled,0,test,1069689,1,0.57940537
M_shuffled,0,test,1071527,1,0.6497834
M_shuffled,0,test,1072194,1,0.6625572
M_shuffled,0,test,1073214,1,0.63032526
M_shuffled,0,test,1073787,1,0.6090893
M_shuffled,0,test,1074093,1,0.5741678
M_shuffled,0,test,1074163,1,0.6529884
M_shuffled,0,test,1074275,1,0.587404
M_shuffled,0,test,1074306,1,0.61733323
M_shuffled,0,test,1075816,1,0.64902264
M_shuffled,0,test,1077606,1,0.6222205
M_shuffled,0,test,1079219,0,0.5839392
M_shuffled,0,test,1079656,1,0.704483
M_shuffled,0,test,1079923,0,0.5520488
M_shuffled,0,test,1080366,1,0.6233348
M_shuffled,0,test,1080459,1,0.6766282
M_shuffled,0,test,1081059,1,0.5796989
M_shuffled,0,test,1081383,0,0.6702105
M_shuffled,0,test,1082739,1,0.6891745
M_shuffled,0,test,1084267,1,0.56038314
M_shuffled,0,test,1084497,1,0.5915224
M_shuffled,0,test,1085709,1,0.6098434
M_shuffled,0,test,1086243,1,0.6852236
M_shuffled,0,test,1086991,0,0.64532155
M_shuffled,0,test,1087391,0,0.6781507
M_shuffled,0,test,1089172,1,0.67845505
M_shuffled,0,test,1090438,1,0.6286488
M_shuffled,0,test,1090543,1,0.63631284
M_shuffled,0,test,1091014,1,0.79245794
M_shuffled,0,test,1091583,1,0.56504476
M_shuffled,0,test,1092848,1,0.64163876
M_shuffled,0,test,1093401,1,0.64077765
M_shuffled,0,test,1094456,1,0.68052244
M_shuffled,0,test,1094730,0,0.63355595
M_shuffled,0,test,1095404,1,0.6003325
M_shuffled,0,test,1097324,1,0.7083677
M_shuffled,0,test,1097843,0,0.6030915
M_shuffled,0,test,1098849,1,0.6303348
M_shuffled,0,test,1099078,1,0.59057236
M_shuffled,0,test,1101406,0,0.6387963
M_shuffled,0,test,1102276,1,0.6544203
M_shuffled,0,test,1102389,1,0.6512697
M_shuffled,0,test,1102856,1,0.5521149
M_shuffled,0,test,1102873,1,0.71583086
M_shuffled,0,test,1104038,1,0.6489873
M_shuffled,0,test,1104198,1,0.6616165
M_shuffled,0,test,1104592,1,0.64251053
M_shuffled,0,test,1105837,1,0.63512194
M_shuffled,0,test,1106300,1,0.5804175
M_shuffled,0,test,1106784,1,0.7088672
M_shuffled,0,test,1107575,0,0.76610696
M_shuffled,0,test,1107631,1,0.6962912
M_shuffled,0,test,1109280,1,0.65073156
M_shuffled,0,test,1109598,1,0.65577996
M_shuffled,0,test,1110598,0,0.6317471
M_shuffled,0,test,1111123,1,0.66489863
M_shuffled,0,test,1112333,1,0.67038524
M_shuffled,0,test,1112425,1,0.5874275
M_shuffled,0,test,1112671,1,0.6694776
M_shuffled,0,test,1112684,0,0.64108884
M_shuffled,0,test,1112999,0,0.62110305
M_shuffled,0,test,1113155,0,0.6153919
M_shuffled,0,test,1113808,0,0.5756447
M_shuffled,0,test,1114105,0,0.6072465
M_shuffled,0,test,1114679,1,0.717224
M_shuffled,0,test,1115212,1,0.6309024
M_shuffled,0,test,1115227,1,0.6305869
M_shuffled,0,test,1115247,0,0.6470804
M_shuffled,0,test,1115342,0,0.6737871
M_shuffled,0,test,1116507,1,0.6328753
M_shuffled,0,test,1116601,0,0.63490975
M_shuffled,0,test,1117267,1,0.618969
M_shuffled,0,test,1118542,0,0.63310266
M_shuffled,0,test,1119067,1,0.57125807
M_shuffled,0,test,1119591,1,0.69623107
M_shuffled,0,test,1120775,1,0.61470634
M_shuffled,0,test,1121443,0,0.563522
M_shuffled,0,test,1121623,1,0.6630245
M_shuffled,0,test,1121672,1,0.58287936
M_shuffled,0,test,1121926,1,0.666918
M_shuffled,0,test,1122760,0,0.6178132
M_shuffled,0,test,1123500,1,0.60628355
M_shuffled,0,test,1123559,0,0.6148019
M_shuffled,0,test,1123910,1,0.64091474
M_shuffled,0,test,1124180,0,0.56366074
M_shuffled,0,test,1124561,0,0.6459826
M_shuffled,0,test,1124658,0,0.5432563
M_shuffled,0,test,1125073,1,0.6960717
M_shuffled,0,test,1125442,1,0.70483375
M_shuffled,0,test,1125468,1,0.5673822
M_shuffled,0,test,1125785,1,0.6460639
M_shuffled,0,test,1125964,1,0.6285783
M_shuffled,0,test,1126244,0,0.7364271
M_shuffled,0,test,1126443,0,0.61073184
M_shuffled,0,test,1127029,0,0.78620356
M_shuffled,0,test,1127233,0,0.59048957
M_shuffled,0,test,1127285,0,0.64998573
M_shuffled,0,test,1127560,1,0.715072
M_shuffled,0,test,1128027,1,0.60465294
M_shuffled,0,test,1128117,1,0.630898
M_shuffled,0,test,1128350,1,0.6213355
M_shuffled,0,test,1129253,1,0.6094652
M_shuffled,0,test,1129383,1,0.6949534
M_shuffled,0,test,1129695,1,0.7465267
M_shuffled,0,test,1129961,0,0.68604994
M_shuffled,0,test,1130530,0,0.6409191
M_shuffled,0,test,1130533,1,0.6014234
M_shuffled,0,test,1130623,0,0.6527772
M_shuffled,0,test,1131355,1,0.62939113
M_shuffled,0,test,1132251,1,0.6546068
M_shuffled,0,test,1132286,0,0.6129827
M_shuffled,0,test,1132874,1,0.60383713
M_shuffled,0,test,1133607,1,0.6630453
M_shuffled,0,test,1133778,1,0.62967783
M_shuffled,0,test,1134518,0,0.61735797
M_shuffled,0,test,1134921,1,0.5487459
M_shuffled,0,test,1134927,1,0.5505364
M_shuffled,0,test,1135001,1,0.6115497
M_shuffled,0,test,1135191,0,0.58947146
M_shuffled,0,test,1135626,1,0.6554163
M_shuffled,0,test,1136569,0,0.5991542
M_shuffled,0,test,1136878,1,0.626476
M_shuffled,0,test,1136925,0,0.6583885
M_shuffled,0,test,1136946,0,0.6352403
M_shuffled,0,test,1136981,1,0.58035386
M_shuffled,0,test,1137818,1,0.6486189
M_shuffled,0,test,1138374,0,0.5918341
M_shuffled,0,test,1138681,1,0.61829025
M_shuffled,0,test,1139209,0,0.59235275
M_shuffled,0,test,1139275,1,0.7150673
M_shuffled,0,test,1139688,1,0.6330893
M_shuffled,0,test,1139774,0,0.5955127
M_shuffled,0,test,1139795,0,0.65038496
M_shuffled,0,test,1142591,0,0.67575955
M_shuffled,0,test,1143113,1,0.5777786
M_shuffled,0,test,1144147,0,0.57203734
M_shuffled,0,test,1144198,1,0.6509773
M_shuffled,0,test,1144465,1,0.5971761
M_shuffled,0,test,1145207,0,0.63224304
M_shuffled,0,test,1146057,0,0.6807239
M_shuffled,0,test,1146208,0,0.62129223
M_shuffled,0,test,1146369,1,0.6412974
M_shuffled,0,test,1147189,1,0.618599
M_shuffled,0,test,1147877,1,0.6131713
M_shuffled,0,test,1148116,1,0.6197734
M_shuffled,0,test,1148548,1,0.6889428
M_shuffled,0,test,1149201,1,0.6924996
M_shuffled,0,test,1150067,1,0.6195846
M_shuffled,0,test,1150178,1,0.64243
M_shuffled,0,test,1151371,1,0.6568723
M_shuffled,0,test,1151583,1,0.69384855
M_shuffled,0,test,1152038,1,0.69567955
M_shuffled,0,test,1152707,0,0.5806489
M_shuffled,0,test,1152739,0,0.57877177
M_shuffled,0,test,1153155,1,0.5893028
M_shuffled,0,test,1153244,1,0.6899206
M_shuffled,0,test,1154055,1,0.71231335
M_shuffled,0,test,1155460,1,0.66922563
M_shuffled,0,test,1155554,1,0.6006449
M_shuffled,0,test,1156261,1,0.7366858
M_shuffled,0,test,1156634,1,0.7083635
M_shuffled,0,test,1156847,1,0.61464244
M_shuffled,0,test,1206184,1,0.8005153
M_shuffled,0,test,1206257,1,0.5849686
M_shuffled,0,test,1206751,1,0.6321986
M_shuffled,0,test,1206811,1,0.5494635
M_shuffled,0,test,1206867,1,0.6593783
M_shuffled,0,test,1207207,1,0.63935304
M_shuffled,0,test,1208078,0,0.64090353
M_shuffled,0,test,1208476,1,0.74039096
M_shuffled,0,test,1208561,1,0.6515761
M_shuffled,0,test,1209069,1,0.62875974
M_shuffled,0,test,1209473,1,0.6291302
M_shuffled,0,test,1209531,0,0.60530573
M_shuffled,0,test,1209908,0,0.6825613
M_shuffled,0,test,1210055,0,0.6732552
M_shuffled,0,test,1210080,0,0.62779945
M_shuffled,0,test,1212290,1,0.6923002
M_shuffled,0,test,1212582,1,0.6374405
M_shuffled,0,test,1212738,1,0.7715941
M_shuffled,0,test,1213041,1,0.6933337
M_shuffled,0,test,1213071,1,0.643621
M_shuffled,0,test,1213667,0,0.6329356
M_shuffled,0,test,1214248,1,0.58995044
M_shuffled,0,test,1215252,0,0.6523437
M_shuffled,0,test,1215452,0,0.5796081
M_shuffled,0,test,1215586,0,0.61038935
M_shuffled,0,test,1217110,1,0.5492655
M_shuffled,0,test,1217724,0,0.61606
M_shuffled,0,test,1217757,1,0.62987906
M_shuffled,0,test,1218110,0,0.6725101
M_shuffled,0,test,1218980,0,0.55490214
M_shuffled,0,test,1219802,1,0.6627147
M_shuffled,0,test,1220156,0,0.78461534
M_shuffled,0,test,1220269,0,0.6076034
M_shuffled,0,test,1220796,1,0.7095326
M_shuffled,0,test,1220900,1,0.7000079
M_shuffled,0,test,1221603,1,0.62640136
M_shuffled,0,test,1221685,1,0.6861281
M_shuffled,0,test,1221764,1,0.77612513
M_shuffled,0,test,1222037,1,0.685422
M_shuffled,0,test,1222048,1,0.65550965
M_shuffled,0,test,1222069,1,0.57448506
M_shuffled,0,test,1222115,0,0.5992501
M_shuffled,0,test,1222124,1,0.6765678
M_shuffled,0,test,1222410,0,0.69720495
M_shuffled,0,test,1223017,1,0.62550753
M_shuffled,0,test,1223272,1,0.66686845
M_shuffled,0,test,1224094,0,0.5409315
M_shuffled,0,test,1224536,1,0.7153108
M_shuffled,0,test,1225262,1,0.59001786
M_shuffled,0,test,1225309,1,0.63743263
M_shuffled,0,test,1225334,0,0.72825265
M_shuffled,0,test,1225413,1,0.6665264
M_shuffled,0,test,1225553,1,0.6397984
M_shuffled,0,test,1225716,0,0.6545271
M_shuffled,0,test,1225843,0,0.63084745
M_shuffled,0,test,1225945,0,0.6658054
M_shuffled,0,test,1226065,1,0.6710538
M_shuffled,0,test,1226708,1,0.6173768
M_shuffled,0,test,1226825,1,0.54094887
M_shuffled,0,test,1227138,0,0.6605979
M_shuffled,0,test,1227755,1,0.7742171
M_shuffled,0,test,1228267,1,0.6159913
M_shuffled,0,test,1228453,1,0.67834204
M_shuffled,0,test,1228747,1,0.76975155
M_shuffled,0,test,1228820,0,0.62426317
M_shuffled,0,test,1229345,1,0.73180157
M_shuffled,0,test,1229976,1,0.72422236
M_shuffled,0,test,1230265,1,0.7204911
M_shuffled,0,test,1230721,1,0.6072794
M_shuffled,0,test,1230724,1,0.763643
M_shuffled,0,test,1231353,1,0.5983958
M_shuffled,0,test,1231734,1,0.66808254
M_shuffled,0,test,1231841,0,0.719451
M_shuffled,0,test,1232099,0,0.6520472
M_shuffled,0,test,1233084,1,0.6909477
M_shuffled,0,test,1233147,1,0.586051
M_shuffled,0,test,1233618,0,0.5974043
M_shuffled,0,test,1233777,1,0.66735905
M_shuffled,0,test,1234410,0,0.66086566
M_shuffled,0,test,1234413,1,0.64080113
M_shuffled,0,test,1234672,0,0.67355704
M_shuffled,0,test,1235697,1,0.5672219
M_shuffled,0,test,1236071,1,0.5929028
M_shuffled,0,test,1236191,1,0.6347933
M_shuffled,0,test,1236410,0,0.6728461
M_shuffled,0,test,1237123,0,0.5592961
M_shuffled,0,test,1237184,0,0.59007084
M_shuffled,0,test,1237496,1,0.7276228
M_shuffled,0,test,1237508,1,0.63398015
M_shuffled,0,test,1237793,1,0.62881696
M_shuffled,0,test,1237971,1,0.6852487
M_shuffled,0,test,1238001,0,0.7128185
M_shuffled,0,test,1238292,0,0.6342069
M_shuffled,0,test,1238406,0,0.7201295
M_shuffled,0,test,1238413,1,0.5903211
M_shuffled,0,test,1238443,0,0.5866542
M_shuffled,0,test,1238501,0,0.5911338
M_shuffled,0,test,1238523,1,0.6393261
M_shuffled,0,test,1238553,1,0.65652883
M_shuffled,0,test,1238636,1,0.77619743
M_shuffled,0,test,1238817,0,0.6464466
M_shuffled,0,test,1238964,1,0.632705
M_shuffled,0,test,1239079,1,0.63085604
M_shuffled,0,test,1239094,1,0.67207044
M_shuffled,0,test,1239224,1,0.568595
M_shuffled,0,test,1239458,0,0.7597831
M_shuffled,0,test,1239936,0,0.6183273
M_shuffled,0,test,1240378,1,0.6567723
M_shuffled,0,test,1240433,1,0.6651453
M_shuffled,0,test,1241090,0,0.6328115
M_shuffled,0,test,1241104,0,0.62090033
M_shuffled,0,test,1241937,0,0.5895436
M_shuffled,0,test,1241954,1,0.6597007
M_shuffled,0,test,1242009,1,0.5520502
M_shuffled,0,test,1242021,1,0.6022919
M_shuffled,0,test,1242267,1,0.6660672
M_shuffled,0,test,1242424,1,0.61561733
M_shuffled,0,test,1242536,1,0.66475314
M_shuffled,0,test,1242725,1,0.7056982
M_shuffled,0,test,1242729,1,0.6452632
M_shuffled,0,test,1242755,0,0.7689821
M_shuffled,0,test,1242831,0,0.64276993
M_shuffled,0,test,1243295,1,0.73958707
M_shuffled,0,test,1243442,0,0.6800152
M_shuffled,0,test,1243523,0,0.63041115
M_shuffled,0,test,1244763,0,0.6329717
M_shuffled,0,test,1245846,1,0.59333885
C_static,0,val,1122,0,0.61484045
C_static,0,val,4993,1,0.6600198
C_static,0,val,15488,1,0.6262672
C_static,0,val,20593,1,0.5444235
C_static,0,val,22854,1,0.5888669
C_static,0,val,32097,1,0.6491253
C_static,0,val,33645,0,0.5859172
C_static,0,val,40597,1,0.60743845
C_static,0,val,50696,1,0.62309206
C_static,0,val,52327,1,0.6929327
C_static,0,val,54388,0,0.63583034
C_static,0,val,57684,1,0.687759
C_static,0,val,58630,1,0.65344024
C_static,0,val,59792,0,0.72171974
C_static,0,val,72432,1,0.5891216
C_static,0,val,76273,1,0.67746246
C_static,0,val,85978,1,0.5895453
C_static,0,val,86840,1,0.62099683
C_static,0,val,87973,1,0.6200118
C_static,0,val,91249,1,0.53844064
C_static,0,val,112607,1,0.6076095
C_static,0,val,112715,1,0.61061406
C_static,0,val,123208,1,0.7172358
C_static,0,val,140328,0,0.63442284
C_static,0,val,141620,1,0.6085132
C_static,0,val,143454,0,0.6238222
C_static,0,val,144004,0,0.6347221
C_static,0,val,145109,1,0.70204675
C_static,0,val,149348,1,0.6284857
C_static,0,val,152430,1,0.6233034
C_static,0,val,154041,1,0.688586
C_static,0,val,157449,1,0.66445386
C_static,0,val,162518,1,0.68242747
C_static,0,val,163423,1,0.6437799
C_static,0,val,165324,0,0.73617804
C_static,0,val,165400,0,0.64395607
C_static,0,val,169372,1,0.6777678
C_static,0,val,171833,1,0.5907222
C_static,0,val,171896,1,0.6497082
C_static,0,val,172578,1,0.7206589
C_static,0,val,173162,0,0.67214435
C_static,0,val,176133,1,0.739071
C_static,0,val,184936,1,0.6171097
C_static,0,val,191335,0,0.6777901
C_static,0,val,193149,0,0.6416194
C_static,0,val,203640,1,0.6303491
C_static,0,val,207233,1,0.7092081
C_static,0,val,213739,0,0.58199114
C_static,0,val,228543,1,0.8142294
C_static,0,val,234247,0,0.6079506
C_static,0,val,237953,1,0.5921963
C_static,0,val,238407,0,0.5616918
C_static,0,val,240229,0,0.59067154
C_static,0,val,243108,1,0.7109298
C_static,0,val,250983,0,0.6085861
C_static,0,val,258462,0,0.54601634
C_static,0,val,269426,1,0.6171209
C_static,0,val,273826,1,0.6574919
C_static,0,val,278485,0,0.6526808
C_static,0,val,280452,0,0.61112374
C_static,0,val,282212,1,0.47500038
C_static,0,val,289992,1,0.59789556
C_static,0,val,292872,0,0.5926987
C_static,0,val,299698,1,0.5487615
C_static,0,val,303683,0,0.6235618
C_static,0,val,308426,1,0.70173097
C_static,0,val,308485,0,0.7025497
C_static,0,val,319549,1,0.68734115
C_static,0,val,321109,0,0.630675
C_static,0,val,321989,1,0.6631951
C_static,0,val,323718,1,0.6001205
C_static,0,val,323797,0,0.65126723
C_static,0,val,325318,0,0.5776239
C_static,0,val,328655,0,0.68166715
C_static,0,val,332529,1,0.7990086
C_static,0,val,335955,1,0.54507333
C_static,0,val,338273,1,0.69768095
C_static,0,val,345087,1,0.6471862
C_static,0,val,345361,1,0.5712805
C_static,0,val,347257,1,0.6550612
C_static,0,val,349058,1,0.6715052
C_static,0,val,350012,1,0.6427438
C_static,0,val,350472,0,0.6159292
C_static,0,val,352441,0,0.66777366
C_static,0,val,352893,1,0.59235233
C_static,0,val,353416,1,0.6960522
C_static,0,val,357322,0,0.6395152
C_static,0,val,364228,1,0.7001926
C_static,0,val,364440,0,0.6726569
C_static,0,val,368436,1,0.7221267
C_static,0,val,369818,1,0.6469608
C_static,0,val,372332,1,0.7482006
C_static,0,val,375294,1,0.53975964
C_static,0,val,376880,1,0.77078277
C_static,0,val,377217,1,0.5988201
C_static,0,val,377703,1,0.66125387
C_static,0,val,400944,1,0.6148154
C_static,0,val,406676,1,0.6027718
C_static,0,val,407827,1,0.663946
C_static,0,val,412716,1,0.68057907
C_static,0,val,416249,1,0.6370731
C_static,0,val,420633,1,0.49967927
C_static,0,val,421283,1,0.6532002
C_static,0,val,421437,0,0.63355786
C_static,0,val,423553,1,0.65927786
C_static,0,val,431921,0,0.6832964
C_static,0,val,432168,1,0.61573946
C_static,0,val,432906,1,0.6019555
C_static,0,val,433303,1,0.65438735
C_static,0,val,443207,1,0.6385447
C_static,0,val,445318,0,0.5980768
C_static,0,val,448027,0,0.6554035
C_static,0,val,463298,1,0.6460237
C_static,0,val,469812,0,0.61199147
C_static,0,val,469865,1,0.6817633
C_static,0,val,474601,1,0.6365808
C_static,0,val,475893,0,0.68325186
C_static,0,val,482448,0,0.6335073
C_static,0,val,487378,0,0.65581495
C_static,0,val,488665,0,0.5811433
C_static,0,val,490941,0,0.5294719
C_static,0,val,496270,1,0.6333008
C_static,0,val,502585,0,0.83931357
C_static,0,val,507011,1,0.6562311
C_static,0,val,509624,1,0.7205993
C_static,0,val,512180,1,0.6272483
C_static,0,val,517848,1,0.7229703
C_static,0,val,518232,1,0.5685672
C_static,0,val,520868,0,0.7132701
C_static,0,val,526837,0,0.6537316
C_static,0,val,529902,1,0.6165459
C_static,0,val,530038,1,0.6848495
C_static,0,val,531104,1,0.66500956
C_static,0,val,532533,1,0.6694673
C_static,0,val,545205,0,0.42663664
C_static,0,val,546258,1,0.68811154
C_static,0,val,549363,0,0.56829804
C_static,0,val,552325,0,0.5515437
C_static,0,val,552424,0,0.5948461
C_static,0,val,556177,0,0.6617184
C_static,0,val,563033,0,0.619539
C_static,0,val,564394,0,0.54827213
C_static,0,val,577668,1,0.58957714
C_static,0,val,578084,0,0.6764473
C_static,0,val,583338,1,0.63969463
C_static,0,val,588986,1,0.57038224
C_static,0,val,592548,0,0.6418486
C_static,0,val,599396,0,0.6116492
C_static,0,val,605160,0,0.5854867
C_static,0,val,607813,0,0.63799953
C_static,0,val,608740,0,0.6243791
C_static,0,val,614481,0,0.55183154
C_static,0,val,615119,1,0.7098072
C_static,0,val,615631,1,0.65576965
C_static,0,val,625366,1,0.6027335
C_static,0,val,629729,1,0.6501294
C_static,0,val,647436,0,0.66163933
C_static,0,val,650259,0,0.6351747
C_static,0,val,651309,0,0.5869133
C_static,0,val,651758,1,0.61215407
C_static,0,val,652123,0,0.62538505
C_static,0,val,652279,0,0.590536
C_static,0,val,656122,1,0.6478945
C_static,0,val,656138,1,0.6253797
C_static,0,val,660061,1,0.61423206
C_static,0,val,660533,0,0.7171924
C_static,0,val,660938,1,0.647837
C_static,0,val,665029,1,0.62611204
C_static,0,val,665050,1,0.63662493
C_static,0,val,670244,1,0.6284797
C_static,0,val,671325,0,0.59713376
C_static,0,val,671576,0,0.60125256
C_static,0,val,673052,1,0.62034154
C_static,0,val,675660,0,0.6007952
C_static,0,val,678199,0,0.6794779
C_static,0,val,680266,0,0.6755377
C_static,0,val,682914,1,0.6124095
C_static,0,val,692799,1,0.6054678
C_static,0,val,696774,1,0.6209286
C_static,0,val,700558,1,0.6116389
C_static,0,val,703048,0,0.7008559
C_static,0,val,705906,1,0.63239014
C_static,0,val,710625,1,0.6858207
C_static,0,val,712016,1,0.61439335
C_static,0,val,718704,1,0.72292566
C_static,0,val,726126,0,0.6309735
C_static,0,val,734224,0,0.6358059
C_static,0,val,738172,0,0.682539
C_static,0,val,738715,0,0.55099523
C_static,0,val,739530,1,0.68609405
C_static,0,val,740043,1,0.60135
C_static,0,val,743121,1,0.6842843
C_static,0,val,743318,0,0.6004658
C_static,0,val,745489,1,0.593695
C_static,0,val,747568,1,0.70143044
C_static,0,val,747710,0,0.6253477
C_static,0,val,748105,0,0.69132745
C_static,0,val,755156,1,0.6181617
C_static,0,val,755914,1,0.68540806
C_static,0,val,761233,1,0.6453557
C_static,0,val,765473,1,0.67192054
C_static,0,val,765954,0,0.5319817
C_static,0,val,766763,1,0.57478875
C_static,0,val,767066,1,0.6319789
C_static,0,val,783025,1,0.63012844
C_static,0,val,788241,1,0.6417906
C_static,0,val,789437,1,0.5225377
C_static,0,val,789824,0,0.6146353
C_static,0,val,793726,0,0.6666146
C_static,0,val,803606,1,0.63903326
C_static,0,val,809689,0,0.62015134
C_static,0,val,817197,0,0.60915446
C_static,0,val,822633,1,0.6454945
C_static,0,val,829142,1,0.7104471
C_static,0,val,829874,0,0.62456346
C_static,0,val,833210,1,0.6410491
C_static,0,val,835716,0,0.61129516
C_static,0,val,835833,1,0.62661695
C_static,0,val,839278,1,0.61270154
C_static,0,val,847036,1,0.67936325
C_static,0,val,848723,1,0.577788
C_static,0,val,849472,1,0.70790493
C_static,0,val,853842,1,0.66177297
C_static,0,val,857171,1,0.610801
C_static,0,val,859109,1,0.65398735
C_static,0,val,860360,1,0.6037197
C_static,0,val,866895,0,0.7058822
C_static,0,val,868318,0,0.5859996
C_static,0,val,870739,1,0.6677938
C_static,0,val,883479,0,0.58173716
C_static,0,val,883804,1,0.65225965
C_static,0,val,885394,1,0.6266197
C_static,0,val,886279,1,0.5681097
C_static,0,val,898035,1,0.5647187
C_static,0,val,900648,1,0.5985002
C_static,0,val,903410,1,0.621113
C_static,0,val,936352,0,0.51547253
C_static,0,val,950405,1,0.64581555
C_static,0,val,951465,0,0.69566566
C_static,0,val,951846,0,0.63892055
C_static,0,val,963197,1,0.755232
C_static,0,val,970382,1,0.63447785
C_static,0,val,975370,0,0.65934473
C_static,0,val,975728,0,0.63857234
C_static,0,val,976220,1,0.66018337
C_static,0,val,977714,1,0.63114524
C_static,0,val,979369,1,0.62713844
C_static,0,val,979917,1,0.7246745
C_static,0,val,981736,0,0.5938404
C_static,0,val,983916,1,0.6177854
C_static,0,val,986074,1,0.6883211
C_static,0,val,987997,1,0.8331908
C_static,0,val,988071,0,0.56932735
C_static,0,val,989315,1,0.6479428
C_static,0,val,991060,1,0.61079246
C_static,0,val,991790,1,0.62525284
C_static,0,val,991972,1,0.6176171
C_static,0,val,993562,1,0.64953893
C_static,0,val,994960,0,0.6411837
C_static,0,val,997176,0,0.61958134
C_static,0,val,999980,0,0.67233604
C_static,0,val,1002249,1,0.6604948
C_static,0,val,1005121,1,0.5950061
C_static,0,val,1007363,0,0.6819384
C_static,0,val,1009347,1,0.70969784
C_static,0,val,1013371,1,0.636014
C_static,0,val,1026684,1,0.62362313
C_static,0,val,1027441,1,0.6353687
C_static,0,val,1029373,1,0.80075467
C_static,0,val,1042457,0,0.60513574
C_static,0,val,1043319,0,0.6413734
C_static,0,val,1049886,1,0.6940086
C_static,0,val,1057350,0,0.6757998
C_static,0,val,1057961,0,0.60322297
C_static,0,val,1058939,1,0.650425
C_static,0,val,1065288,0,0.51197267
C_static,0,val,1065613,0,0.61542445
C_static,0,val,1067177,1,0.58765334
C_static,0,val,1067946,0,0.6080496
C_static,0,val,1068390,1,0.67083937
C_static,0,val,1068928,0,0.674985
C_static,0,val,1070070,1,0.6253986
C_static,0,val,1070472,0,0.61202437
C_static,0,val,1070686,0,0.70474505
C_static,0,val,1071801,0,0.6549833
C_static,0,val,1072395,1,0.6547185
C_static,0,val,1073156,1,0.6624456
C_static,0,val,1073471,1,0.6545186
C_static,0,val,1074753,0,0.67225313
C_static,0,val,1077187,1,0.58217245
C_static,0,val,1079282,1,0.7099127
C_static,0,val,1080609,0,0.5988818
C_static,0,val,1081377,0,0.60244477
C_static,0,val,1082433,0,0.5944108
C_static,0,val,1082987,0,0.6198953
C_static,0,val,1083817,1,0.69749933
C_static,0,val,1084185,0,0.6239921
C_static,0,val,1085216,0,0.67059916
C_static,0,val,1087797,1,0.69041723
C_static,0,val,1088105,1,0.64755017
C_static,0,val,1088918,1,0.6044177
C_static,0,val,1091670,1,0.66236913
C_static,0,val,1092408,1,0.70222664
C_static,0,val,1092437,1,0.6841836
C_static,0,val,1092889,1,0.57568216
C_static,0,val,1092948,1,0.66278124
C_static,0,val,1093200,0,0.6119357
C_static,0,val,1093743,0,0.5355986
C_static,0,val,1093823,1,0.6067606
C_static,0,val,1096850,1,0.64789474
C_static,0,val,1097996,1,0.51449823
C_static,0,val,1099660,1,0.6008755
C_static,0,val,1102314,1,0.64188397
C_static,0,val,1103360,1,0.6305908
C_static,0,val,1104219,1,0.6664284
C_static,0,val,1104443,1,0.51949406
C_static,0,val,1104599,1,0.6441653
C_static,0,val,1104649,1,0.6932433
C_static,0,val,1104803,0,0.62660956
C_static,0,val,1105121,0,0.6816183
C_static,0,val,1105416,1,0.7437726
C_static,0,val,1105688,1,0.6062477
C_static,0,val,1105902,1,0.6298882
C_static,0,val,1105904,0,0.66410214
C_static,0,val,1106632,0,0.617498
C_static,0,val,1107348,1,0.5953212
C_static,0,val,1108706,1,0.7806767
C_static,0,val,1108945,1,0.64528847
C_static,0,val,1108949,1,0.64329284
C_static,0,val,1109030,1,0.61196154
C_static,0,val,1109526,1,0.6794816
C_static,0,val,1109829,1,0.61880314
C_static,0,val,1110232,1,0.75207806
C_static,0,val,1111153,0,0.6115153
C_static,0,val,1111471,1,0.69591105
C_static,0,val,1111860,1,0.69543874
C_static,0,val,1111920,1,0.64248395
C_static,0,val,1112111,1,0.5973238
C_static,0,val,1112465,1,0.5973174
C_static,0,val,1113756,1,0.6956083
C_static,0,val,1114556,0,0.68213964
C_static,0,val,1115316,1,0.7935881
C_static,0,val,1115713,1,0.64768386
C_static,0,val,1116372,1,0.65351796
C_static,0,val,1116860,1,0.5832303
C_static,0,val,1118398,1,0.69962275
C_static,0,val,1118773,0,0.6118056
C_static,0,val,1119526,1,0.6438961
C_static,0,val,1119929,0,0.6106873
C_static,0,val,1120625,1,0.5204531
C_static,0,val,1121493,0,0.55322134
C_static,0,val,1121766,1,0.51830363
C_static,0,val,1121995,0,0.67700547
C_static,0,val,1122004,0,0.5988664
C_static,0,val,1122557,1,0.63985115
C_static,0,val,1122626,1,0.6906499
C_static,0,val,1122659,1,0.58475894
C_static,0,val,1123484,0,0.6656468
C_static,0,val,1123572,0,0.6259828
C_static,0,val,1123858,0,0.59897023
C_static,0,val,1124330,0,0.56119126
C_static,0,val,1125095,0,0.5784783
C_static,0,val,1126146,0,0.6217965
C_static,0,val,1126844,0,0.6145251
C_static,0,val,1127703,1,0.65799814
C_static,0,val,1127812,1,0.6510278
C_static,0,val,1128031,1,0.6209161
C_static,0,val,1128952,0,0.61527014
C_static,0,val,1129029,0,0.58103544
C_static,0,val,1129826,1,0.661272
C_static,0,val,1129953,0,0.60465306
C_static,0,val,1129979,1,0.5938561
C_static,0,val,1131254,0,0.6129021
C_static,0,val,1131656,1,0.59886765
C_static,0,val,1131818,1,0.6362
C_static,0,val,1131831,1,0.62723887
C_static,0,val,1131906,1,0.7146209
C_static,0,val,1132886,0,0.6491265
C_static,0,val,1134339,0,0.60174084
C_static,0,val,1136675,1,0.6167826
C_static,0,val,1136723,0,0.6420656
C_static,0,val,1136790,1,0.6618495
C_static,0,val,1137743,1,0.7139836
C_static,0,val,1137897,1,0.69500315
C_static,0,val,1138091,1,0.54165316
C_static,0,val,1138316,1,0.64591485
C_static,0,val,1138699,0,0.5884532
C_static,0,val,1138864,1,0.6170597
C_static,0,val,1139249,1,0.6208966
C_static,0,val,1140109,1,0.6509134
C_static,0,val,1141785,0,0.54309577
C_static,0,val,1142584,0,0.6819443
C_static,0,val,1142724,0,0.598049
C_static,0,val,1142803,1,0.71081614
C_static,0,val,1142989,1,0.6480802
C_static,0,val,1143781,1,0.6931125
C_static,0,val,1144322,1,0.6298467
C_static,0,val,1144734,1,0.66646606
C_static,0,val,1144789,1,0.6277883
C_static,0,val,1145284,1,0.65878886
C_static,0,val,1145385,0,0.6370057
C_static,0,val,1145393,1,0.6209414
C_static,0,val,1146323,0,0.6872559
C_static,0,val,1146488,0,0.60671973
C_static,0,val,1147005,0,0.5980734
C_static,0,val,1147155,1,0.64649165
C_static,0,val,1148332,1,0.65175474
C_static,0,val,1148772,1,0.6693506
C_static,0,val,1148848,1,0.6894576
C_static,0,val,1149102,1,0.63879114
C_static,0,val,1149196,0,0.6424093
C_static,0,val,1149831,1,0.62019175
C_static,0,val,1149916,1,0.5507635
C_static,0,val,1151020,0,0.64726615
C_static,0,val,1151121,1,0.6620611
C_static,0,val,1151387,0,0.6132898
C_static,0,val,1152700,1,0.68534803
C_static,0,val,1152931,1,0.5350159
C_static,0,val,1153914,1,0.67820084
C_static,0,val,1154175,1,0.61921686
C_static,0,val,1154313,1,0.6707657
C_static,0,val,1154492,1,0.6836258
C_static,0,val,1154712,1,0.6533962
C_static,0,val,1155519,1,0.68286276
C_static,0,val,1156023,1,0.6273944
C_static,0,val,1156386,1,0.63957983
C_static,0,val,1156739,1,0.69059753
C_static,0,val,1157101,1,0.6504865
C_static,0,val,1157142,1,0.5956189
C_static,0,val,1157190,1,0.6690148
C_static,0,val,1205889,1,0.6636291
C_static,0,val,1206308,0,0.6402566
C_static,0,val,1206310,1,0.587052
C_static,0,val,1206335,0,0.57723737
C_static,0,val,1206411,1,0.6050428
C_static,0,val,1206714,1,0.6952275
C_static,0,val,1206862,1,0.71093196
C_static,0,val,1206997,1,0.65731305
C_static,0,val,1207017,1,0.6369779
C_static,0,val,1207479,0,0.64895684
C_static,0,val,1208422,1,0.75970364
C_static,0,val,1208870,1,0.6477476
C_static,0,val,1208898,1,0.7034745
C_static,0,val,1209429,1,0.6026392
C_static,0,val,1209873,1,0.5692993
C_static,0,val,1209935,0,0.6446267
C_static,0,val,1209975,1,0.6215595
C_static,0,val,1210100,0,0.60754526
C_static,0,val,1210408,0,0.6617547
C_static,0,val,1210816,1,0.59404093
C_static,0,val,1211345,1,0.6491591
C_static,0,val,1211778,0,0.62637764
C_static,0,val,1212354,0,0.5926111
C_static,0,val,1212408,1,0.63569474
C_static,0,val,1212451,0,0.65588844
C_static,0,val,1212865,1,0.6131979
C_static,0,val,1214345,1,0.57659644
C_static,0,val,1214456,0,0.65014213
C_static,0,val,1214506,1,0.65304065
C_static,0,val,1214832,0,0.5903821
C_static,0,val,1214928,1,0.6554171
C_static,0,val,1215070,1,0.55506235
C_static,0,val,1215193,1,0.82938814
C_static,0,val,1215869,0,0.6659936
C_static,0,val,1215921,1,0.5531626
C_static,0,val,1216036,1,0.6113865
C_static,0,val,1216145,0,0.70979786
C_static,0,val,1216150,1,0.6678144
C_static,0,val,1216691,1,0.6143819
C_static,0,val,1216776,1,0.6382777
C_static,0,val,1217218,0,0.59593934
C_static,0,val,1218288,1,0.65199804
C_static,0,val,1219153,0,0.63360775
C_static,0,val,1219634,1,0.6437067
C_static,0,val,1219751,1,0.7623142
C_static,0,val,1220037,1,0.6697101
C_static,0,val,1220380,1,0.6020715
C_static,0,val,1220552,1,0.7270833
C_static,0,val,1220699,1,0.62483746
C_static,0,val,1220871,0,0.69321984
C_static,0,val,1220940,1,0.6685252
C_static,0,val,1220988,0,0.60286796
C_static,0,val,1221019,0,0.6749059
C_static,0,val,1221341,1,0.59738404
C_static,0,val,1221355,1,0.6602651
C_static,0,val,1221883,0,0.5991522
C_static,0,val,1222336,0,0.67004615
C_static,0,val,1222850,1,0.6459134
C_static,0,val,1223328,1,0.51307344
C_static,0,val,1223459,1,0.67952913
C_static,0,val,1223516,1,0.62686145
C_static,0,val,1223773,1,0.64427763
C_static,0,val,1223969,1,0.67357653
C_static,0,val,1224343,1,0.57559156
C_static,0,val,1224547,1,0.57226086
C_static,0,val,1225284,0,0.5708335
C_static,0,val,1225298,1,0.6471394
C_static,0,val,1225341,1,0.6936554
C_static,0,val,1225605,0,0.6273899
C_static,0,val,1225635,1,0.6537196
C_static,0,val,1226641,1,0.6492332
C_static,0,val,1226794,0,0.69996285
C_static,0,val,1226937,0,0.69648063
C_static,0,val,1227192,1,0.60994524
C_static,0,val,1227414,0,0.6000803
C_static,0,val,1227765,1,0.61192256
C_static,0,val,1228018,1,0.71212286
C_static,0,val,1229147,0,0.6602124
C_static,0,val,1229368,0,0.6721308
C_static,0,val,1230131,1,0.7424915
C_static,0,val,1230574,0,0.54523605
C_static,0,val,1230810,1,0.6403084
C_static,0,val,1231276,1,0.62665665
C_static,0,val,1231535,1,0.6477105
C_static,0,val,1231638,1,0.62581927
C_static,0,val,1231979,1,0.6739208
C_static,0,val,1232188,1,0.6441704
C_static,0,val,1232212,1,0.6792847
C_static,0,val,1232478,1,0.5836273
C_static,0,val,1233203,1,0.67638445
C_static,0,val,1234521,0,0.6389917
C_static,0,val,1234553,0,0.69482464
C_static,0,val,1234862,0,0.6143601
C_static,0,val,1235039,1,0.67797554
C_static,0,val,1235236,1,0.6541105
C_static,0,val,1235254,0,0.66885436
C_static,0,val,1235265,1,0.69752276
C_static,0,val,1235336,1,0.6139791
C_static,0,val,1235381,1,0.64358896
C_static,0,val,1235500,1,0.66312
C_static,0,val,1235590,1,0.727355
C_static,0,val,1235597,1,0.60702384
C_static,0,val,1235650,0,0.67460036
C_static,0,val,1235882,0,0.6492325
C_static,0,val,1235914,0,0.60706586
C_static,0,val,1235985,1,0.7002847
C_static,0,val,1236187,0,0.57944787
C_static,0,val,1236418,1,0.5682376
C_static,0,val,1236751,1,0.6740834
C_static,0,val,1236985,1,0.61123514
C_static,0,val,1237033,1,0.73964906
C_static,0,val,1237440,1,0.64269674
C_static,0,val,1237491,1,0.65182483
C_static,0,val,1237647,0,0.69457185
C_static,0,val,1237832,1,0.6743516
C_static,0,val,1238203,1,0.6719502
C_static,0,val,1238264,1,0.6551884
C_static,0,val,1238521,1,0.63611335
C_static,0,val,1238583,0,0.66350347
C_static,0,val,1238664,1,0.6239808
C_static,0,val,1238865,1,0.6709443
C_static,0,val,1238923,0,0.63094395
C_static,0,val,1238960,1,0.6259453
C_static,0,val,1239212,0,0.6558499
C_static,0,val,1239427,1,0.62855226
C_static,0,val,1239609,1,0.6873308
C_static,0,val,1239693,0,0.6789167
C_static,0,val,1239701,0,0.64276844
C_static,0,val,1239841,1,0.5664052
C_static,0,val,1240131,1,0.61966014
C_static,0,val,1240238,0,0.5883327
C_static,0,val,1240953,0,0.6626106
C_static,0,val,1241185,0,0.60019535
C_static,0,val,1241453,0,0.6177545
C_static,0,val,1241779,1,0.6319715
C_static,0,val,1241841,1,0.65686595
C_static,0,val,1242381,0,0.65543544
C_static,0,val,1242508,1,0.73814994
C_static,0,val,1242535,1,0.6406783
C_static,0,val,1242667,0,0.61441374
C_static,0,val,1242673,1,0.60162663
C_static,0,val,1243802,0,0.62307787
C_static,0,val,1243838,0,0.6515668
C_static,0,val,1243992,1,0.62525755
C_static,0,val,1243993,0,0.64353967
C_static,0,val,1245441,1,0.5724008
C_static,0,val,1245905,1,0.5943826
C_static,0,val,1246508,0,0.5354739
C_static,0,val,1246702,1,0.6798397
C_static,0,test,1685,1,0.6760375
C_static,0,test,16787,0,0.6820516
C_static,0,test,19126,1,0.65047497
C_static,0,test,19450,0,0.63128626
C_static,0,test,28836,1,0.70077425
C_static,0,test,30502,1,0.6430605
C_static,0,test,33225,1,0.6152363
C_static,0,test,34146,1,0.6987282
C_static,0,test,34428,0,0.6316378
C_static,0,test,42331,1,0.78203475
C_static,0,test,42450,1,0.6449493
C_static,0,test,42908,1,0.59865713
C_static,0,test,43628,1,0.68099016
C_static,0,test,56380,1,0.68978614
C_static,0,test,60519,1,0.64624727
C_static,0,test,70147,0,0.6818601
C_static,0,test,71731,1,0.5954137
C_static,0,test,72256,1,0.68599993
C_static,0,test,75558,1,0.65481126
C_static,0,test,78778,0,0.5870834
C_static,0,test,80412,1,0.66200197
C_static,0,test,86179,1,0.69468284
C_static,0,test,86305,1,0.59224164
C_static,0,test,86310,1,0.6460164
C_static,0,test,99452,0,0.6676584
C_static,0,test,100693,1,0.64566827
C_static,0,test,105892,1,0.6640555
C_static,0,test,108335,0,0.6060053
C_static,0,test,120088,1,0.6410876
C_static,0,test,121258,1,0.58260375
C_static,0,test,121544,1,0.65813726
C_static,0,test,121744,1,0.64427114
C_static,0,test,138237,1,0.6588317
C_static,0,test,141681,1,0.6711441
C_static,0,test,144639,1,0.6108786
C_static,0,test,156299,1,0.6861965
C_static,0,test,156996,1,0.5678812
C_static,0,test,160524,0,0.73061204
C_static,0,test,174525,1,0.6737165
C_static,0,test,177730,1,0.56801516
C_static,0,test,179049,0,0.6614915
C_static,0,test,183219,0,0.64922905
C_static,0,test,184161,1,0.7092682
C_static,0,test,199745,0,0.7231703
C_static,0,test,200858,1,0.46564367
C_static,0,test,205829,1,0.68611383
C_static,0,test,207626,1,0.6866105
C_static,0,test,208120,0,0.63749874
C_static,0,test,210257,0,0.65872604
C_static,0,test,226106,1,0.5229199
C_static,0,test,226610,1,0.69088244
C_static,0,test,247900,1,0.6667023
C_static,0,test,255650,1,0.6776736
C_static,0,test,266656,1,0.7123265
C_static,0,test,271131,1,0.6193351
C_static,0,test,273824,1,0.62793976
C_static,0,test,274268,1,0.6344012
C_static,0,test,278688,0,0.5907194
C_static,0,test,280634,1,0.67438173
C_static,0,test,284088,0,0.6210267
C_static,0,test,286403,1,0.7054535
C_static,0,test,290974,0,0.5863438
C_static,0,test,293205,0,0.6512749
C_static,0,test,298058,1,0.6698032
C_static,0,test,300174,0,0.60445863
C_static,0,test,301917,1,0.5820018
C_static,0,test,308684,1,0.6750656
C_static,0,test,309228,1,0.6937673
C_static,0,test,311717,0,0.64674926
C_static,0,test,315660,1,0.7025192
C_static,0,test,317182,1,0.6183801
C_static,0,test,320374,0,0.6255514
C_static,0,test,323320,0,0.55948675
C_static,0,test,324095,1,0.60640764
C_static,0,test,328714,1,0.63932097
C_static,0,test,329983,1,0.6041203
C_static,0,test,330603,1,0.6381255
C_static,0,test,331536,1,0.6645687
C_static,0,test,333052,0,0.6486778
C_static,0,test,334461,1,0.6917474
C_static,0,test,335240,0,0.61066365
C_static,0,test,345347,1,0.6857529
C_static,0,test,348496,1,0.6671269
C_static,0,test,355419,1,0.6565746
C_static,0,test,359014,0,0.6114654
C_static,0,test,359330,0,0.65293145
C_static,0,test,361397,1,0.6025598
C_static,0,test,361916,1,0.70190763
C_static,0,test,366159,1,0.64612454
C_static,0,test,366344,0,0.6312512
C_static,0,test,367930,1,0.6098062
C_static,0,test,374662,1,0.62647796
C_static,0,test,383626,1,0.6917609
C_static,0,test,388622,1,0.54911137
C_static,0,test,391348,0,0.7057499
C_static,0,test,402720,1,0.6322296
C_static,0,test,410795,1,0.6210115
C_static,0,test,413554,1,0.6166648
C_static,0,test,415824,1,0.6131588
C_static,0,test,418425,0,0.68698543
C_static,0,test,419629,1,0.6926906
C_static,0,test,427380,1,0.67757016
C_static,0,test,430595,1,0.7042858
C_static,0,test,436619,0,0.6052138
C_static,0,test,445545,1,0.60933995
C_static,0,test,457179,1,0.7064244
C_static,0,test,463375,1,0.62292266
C_static,0,test,465489,0,0.60674375
C_static,0,test,471955,1,0.5988772
C_static,0,test,478525,0,0.6235206
C_static,0,test,479849,0,0.6758783
C_static,0,test,479859,0,0.5777316
C_static,0,test,480021,0,0.62478703
C_static,0,test,481454,0,0.67009854
C_static,0,test,486341,0,0.65750957
C_static,0,test,486901,0,0.6298106
C_static,0,test,490630,1,0.6869236
C_static,0,test,490818,1,0.6629504
C_static,0,test,498363,1,0.6947149
C_static,0,test,508572,1,0.5946088
C_static,0,test,510306,0,0.60193974
C_static,0,test,511018,0,0.6125106
C_static,0,test,513568,0,0.6372831
C_static,0,test,524155,0,0.6360113
C_static,0,test,526137,0,0.59607124
C_static,0,test,531193,0,0.66999453
C_static,0,test,531815,0,0.6474432
C_static,0,test,534077,1,0.56631124
C_static,0,test,536736,1,0.6655375
C_static,0,test,544153,1,0.4961988
C_static,0,test,548749,1,0.63247025
C_static,0,test,552900,1,0.58381075
C_static,0,test,552901,1,0.58641154
C_static,0,test,553161,0,0.65940875
C_static,0,test,554960,0,0.7464845
C_static,0,test,560123,1,0.6629732
C_static,0,test,565232,1,0.7228847
C_static,0,test,565908,0,0.56304216
C_static,0,test,566012,1,0.6032627
C_static,0,test,569789,0,0.5345107
C_static,0,test,573425,1,0.60686094
C_static,0,test,575730,0,0.56457937
C_static,0,test,577067,1,0.64247763
C_static,0,test,580587,0,0.65946287
C_static,0,test,584433,0,0.6288729
C_static,0,test,585465,1,0.6773517
C_static,0,test,589139,1,0.6593825
C_static,0,test,596051,1,0.6665538
C_static,0,test,596437,0,0.6135729
C_static,0,test,599359,1,0.61821806
C_static,0,test,606159,1,0.59246945
C_static,0,test,608537,1,0.71930295
C_static,0,test,612686,0,0.5937696
C_static,0,test,616172,1,0.64450824
C_static,0,test,625501,0,0.54689777
C_static,0,test,627006,1,0.66511637
C_static,0,test,627556,1,0.6348819
C_static,0,test,628661,1,0.6839711
C_static,0,test,639645,0,0.60106164
C_static,0,test,646867,1,0.6557581
C_static,0,test,648107,1,0.69848514
C_static,0,test,648709,0,0.72811174
C_static,0,test,649449,0,0.6753925
C_static,0,test,654746,1,0.66780233
C_static,0,test,660164,1,0.66800433
C_static,0,test,663130,1,0.6673076
C_static,0,test,663406,1,0.60345167
C_static,0,test,670955,1,0.7084216
C_static,0,test,673553,1,0.6670022
C_static,0,test,675907,0,0.6683371
C_static,0,test,677917,1,0.6455917
C_static,0,test,677928,1,0.5979683
C_static,0,test,682565,1,0.599941
C_static,0,test,690734,0,0.6046073
C_static,0,test,690987,1,0.68034756
C_static,0,test,692458,1,0.66688526
C_static,0,test,695588,1,0.58717734
C_static,0,test,697830,0,0.6101145
C_static,0,test,702078,0,0.6916316
C_static,0,test,704317,0,0.65940493
C_static,0,test,706141,1,0.52352625
C_static,0,test,708388,1,0.557873
C_static,0,test,709192,0,0.6629456
C_static,0,test,709722,1,0.690048
C_static,0,test,711711,1,0.5949339
C_static,0,test,711782,1,0.6469511
C_static,0,test,714764,0,0.6939315
C_static,0,test,714952,1,0.6773342
C_static,0,test,719050,0,0.5713651
C_static,0,test,719225,1,0.60528654
C_static,0,test,723474,0,0.7055025
C_static,0,test,725470,0,0.5395632
C_static,0,test,738078,0,0.69650966
C_static,0,test,741884,0,0.5661145
C_static,0,test,742551,0,0.5989655
C_static,0,test,744145,0,0.6031294
C_static,0,test,744767,0,0.5500737
C_static,0,test,750881,0,0.64900285
C_static,0,test,752970,0,0.63327205
C_static,0,test,755356,0,0.6390615
C_static,0,test,762014,0,0.65977246
C_static,0,test,767773,0,0.6421235
C_static,0,test,768313,1,0.640363
C_static,0,test,769720,1,0.7013906
C_static,0,test,772900,0,0.62343234
C_static,0,test,776444,1,0.6913451
C_static,0,test,777118,1,0.6190826
C_static,0,test,778111,1,0.67606676
C_static,0,test,779406,0,0.62438595
C_static,0,test,783140,1,0.7980444
C_static,0,test,784920,1,0.61544526
C_static,0,test,786776,0,0.6332657
C_static,0,test,789093,0,0.6491885
C_static,0,test,806762,0,0.6487807
C_static,0,test,808258,0,0.5865872
C_static,0,test,809234,1,0.6186806
C_static,0,test,810874,0,0.5932978
C_static,0,test,820729,1,0.61649215
C_static,0,test,822027,0,0.66161025
C_static,0,test,822463,1,0.64113134
C_static,0,test,831454,0,0.6131781
C_static,0,test,835159,1,0.66920656
C_static,0,test,839451,0,0.65374357
C_static,0,test,858119,0,0.54593253
C_static,0,test,859236,0,0.6145064
C_static,0,test,866317,1,0.67316735
C_static,0,test,869519,1,0.5811193
C_static,0,test,873012,1,0.77180374
C_static,0,test,877831,0,0.6826333
C_static,0,test,884569,1,0.6208571
C_static,0,test,889657,1,0.90497565
C_static,0,test,900534,1,0.6107904
C_static,0,test,900750,1,0.64815336
C_static,0,test,903654,1,0.6155686
C_static,0,test,944315,0,0.6330109
C_static,0,test,951654,0,0.6237478
C_static,0,test,952219,0,0.57831275
C_static,0,test,953656,0,0.6997997
C_static,0,test,954477,1,0.60940766
C_static,0,test,955669,0,0.65778524
C_static,0,test,955753,1,0.61327296
C_static,0,test,957325,1,0.63354534
C_static,0,test,959155,0,0.5691515
C_static,0,test,962643,1,0.6347299
C_static,0,test,963985,1,0.6725837
C_static,0,test,969827,0,0.636438
C_static,0,test,972950,1,0.6623234
C_static,0,test,976523,1,0.6758517
C_static,0,test,982253,1,0.63624513
C_static,0,test,982817,0,0.5793283
C_static,0,test,984065,0,0.60894316
C_static,0,test,985152,1,0.5623861
C_static,0,test,989331,1,0.683156
C_static,0,test,990528,0,0.59225774
C_static,0,test,994044,1,0.6944801
C_static,0,test,994160,1,0.6904825
C_static,0,test,995496,1,0.6941979
C_static,0,test,996219,0,0.6181711
C_static,0,test,996860,0,0.6590087
C_static,0,test,998151,1,0.68361187
C_static,0,test,998708,1,0.6947047
C_static,0,test,1001502,0,0.62680423
C_static,0,test,1001535,1,0.62241304
C_static,0,test,1003409,1,0.61055136
C_static,0,test,1005171,1,0.6217195
C_static,0,test,1005401,1,0.5679156
C_static,0,test,1005619,1,0.6497484
C_static,0,test,1006944,1,0.66836774
C_static,0,test,1012321,1,0.65461475
C_static,0,test,1017249,1,0.6688799
C_static,0,test,1043429,1,0.6771184
C_static,0,test,1046104,0,0.58939904
C_static,0,test,1048580,1,0.6740721
C_static,0,test,1049831,0,0.65817404
C_static,0,test,1050525,1,0.6508574
C_static,0,test,1053386,0,0.58820593
C_static,0,test,1054567,0,0.601283
C_static,0,test,1057686,0,0.6459525
C_static,0,test,1058429,1,0.61139584
C_static,0,test,1063812,0,0.64328766
C_static,0,test,1066129,1,0.6513173
C_static,0,test,1066734,1,0.678319
C_static,0,test,1067828,1,0.6298349
C_static,0,test,1069003,0,0.63357955
C_static,0,test,1069689,1,0.56292886
C_static,0,test,1071527,1,0.6165992
C_static,0,test,1072194,1,0.58429295
C_static,0,test,1073214,1,0.6366608
C_static,0,test,1073787,1,0.63478225
C_static,0,test,1074093,1,0.5988214
C_static,0,test,1074163,1,0.6290479
C_static,0,test,1074275,1,0.6673482
C_static,0,test,1074306,1,0.63856727
C_static,0,test,1075816,1,0.58458686
C_static,0,test,1077606,1,0.6257903
C_static,0,test,1079219,0,0.61687976
C_static,0,test,1079656,1,0.6381844
C_static,0,test,1079923,0,0.59139115
C_static,0,test,1080366,1,0.6302744
C_static,0,test,1080459,1,0.56696236
C_static,0,test,1081059,1,0.44966486
C_static,0,test,1081383,0,0.63702095
C_static,0,test,1082739,1,0.7373809
C_static,0,test,1084267,1,0.60067767
C_static,0,test,1084497,1,0.5948298
C_static,0,test,1085709,1,0.5927873
C_static,0,test,1086243,1,0.71002406
C_static,0,test,1086991,0,0.6625474
C_static,0,test,1087391,0,0.6428188
C_static,0,test,1089172,1,0.68046576
C_static,0,test,1090438,1,0.6047955
C_static,0,test,1090543,1,0.6453526
C_static,0,test,1091014,1,0.6500887
C_static,0,test,1091583,1,0.52927697
C_static,0,test,1092848,1,0.61408126
C_static,0,test,1093401,1,0.62217695
C_static,0,test,1094456,1,0.60018265
C_static,0,test,1094730,0,0.59049964
C_static,0,test,1095404,1,0.5702786
C_static,0,test,1097324,1,0.72199875
C_static,0,test,1097843,0,0.63214624
C_static,0,test,1098849,1,0.5874666
C_static,0,test,1099078,1,0.63983464
C_static,0,test,1101406,0,0.70719665
C_static,0,test,1102276,1,0.63865435
C_static,0,test,1102389,1,0.59772515
C_static,0,test,1102856,1,0.5935271
C_static,0,test,1102873,1,0.717105
C_static,0,test,1104038,1,0.66048974
C_static,0,test,1104198,1,0.61445326
C_static,0,test,1104592,1,0.5816209
C_static,0,test,1105837,1,0.6598575
C_static,0,test,1106300,1,0.61059827
C_static,0,test,1106784,1,0.6636271
C_static,0,test,1107575,0,0.7155273
C_static,0,test,1107631,1,0.65995115
C_static,0,test,1109280,1,0.64514744
C_static,0,test,1109598,1,0.70220405
C_static,0,test,1110598,0,0.656988
C_static,0,test,1111123,1,0.607593
C_static,0,test,1112333,1,0.6304886
C_static,0,test,1112425,1,0.6074206
C_static,0,test,1112671,1,0.6778975
C_static,0,test,1112684,0,0.65929514
C_static,0,test,1112999,0,0.6595876
C_static,0,test,1113155,0,0.6505946
C_static,0,test,1113808,0,0.59534043
C_static,0,test,1114105,0,0.65950215
C_static,0,test,1114679,1,0.66912615
C_static,0,test,1115212,1,0.6557437
C_static,0,test,1115227,1,0.61275905
C_static,0,test,1115247,0,0.5988094
C_static,0,test,1115342,0,0.7008789
C_static,0,test,1116507,1,0.63199675
C_static,0,test,1116601,0,0.620343
C_static,0,test,1117267,1,0.6554765
C_static,0,test,1118542,0,0.6166333
C_static,0,test,1119067,1,0.5917141
C_static,0,test,1119591,1,0.7282973
C_static,0,test,1120775,1,0.65023607
C_static,0,test,1121443,0,0.61304337
C_static,0,test,1121623,1,0.6075208
C_static,0,test,1121672,1,0.5406331
C_static,0,test,1121926,1,0.61369646
C_static,0,test,1122760,0,0.6536088
C_static,0,test,1123500,1,0.5891936
C_static,0,test,1123559,0,0.63907176
C_static,0,test,1123910,1,0.6700905
C_static,0,test,1124180,0,0.4692415
C_static,0,test,1124561,0,0.6031461
C_static,0,test,1124658,0,0.64163595
C_static,0,test,1125073,1,0.6086532
C_static,0,test,1125442,1,0.7071754
C_static,0,test,1125468,1,0.5879669
C_static,0,test,1125785,1,0.6122155
C_static,0,test,1125964,1,0.59635025
C_static,0,test,1126244,0,0.6549027
C_static,0,test,1126443,0,0.55975956
C_static,0,test,1127029,0,0.64341855
C_static,0,test,1127233,0,0.6041366
C_static,0,test,1127285,0,0.6256486
C_static,0,test,1127560,1,0.6132583
C_static,0,test,1128027,1,0.6719649
C_static,0,test,1128117,1,0.67764103
C_static,0,test,1128350,1,0.6259558
C_static,0,test,1129253,1,0.598998
C_static,0,test,1129383,1,0.626428
C_static,0,test,1129695,1,0.659354
C_static,0,test,1129961,0,0.64226097
C_static,0,test,1130530,0,0.64801025
C_static,0,test,1130533,1,0.70340973
C_static,0,test,1130623,0,0.64388645
C_static,0,test,1131355,1,0.7269172
C_static,0,test,1132251,1,0.625364
C_static,0,test,1132286,0,0.66148233
C_static,0,test,1132874,1,0.66144633
C_static,0,test,1133607,1,0.64045155
C_static,0,test,1133778,1,0.6668649
C_static,0,test,1134518,0,0.55197734
C_static,0,test,1134921,1,0.5411456
C_static,0,test,1134927,1,0.59496194
C_static,0,test,1135001,1,0.62483
C_static,0,test,1135191,0,0.6191181
C_static,0,test,1135626,1,0.6000389
C_static,0,test,1136569,0,0.56409967
C_static,0,test,1136878,1,0.6255873
C_static,0,test,1136925,0,0.6745659
C_static,0,test,1136946,0,0.63785434
C_static,0,test,1136981,1,0.5872784
C_static,0,test,1137818,1,0.6529413
C_static,0,test,1138374,0,0.5031438
C_static,0,test,1138681,1,0.5614735
C_static,0,test,1139209,0,0.57776076
C_static,0,test,1139275,1,0.6792977
C_static,0,test,1139688,1,0.6338442
C_static,0,test,1139774,0,0.62723184
C_static,0,test,1139795,0,0.634895
C_static,0,test,1142591,0,0.68495214
C_static,0,test,1143113,1,0.55207396
C_static,0,test,1144147,0,0.594553
C_static,0,test,1144198,1,0.6732801
C_static,0,test,1144465,1,0.66505194
C_static,0,test,1145207,0,0.6381671
C_static,0,test,1146057,0,0.7033664
C_static,0,test,1146208,0,0.6735141
C_static,0,test,1146369,1,0.6931445
C_static,0,test,1147189,1,0.5704751
C_static,0,test,1147877,1,0.6004283
C_static,0,test,1148116,1,0.5280461
C_static,0,test,1148548,1,0.69067115
C_static,0,test,1149201,1,0.67019475
C_static,0,test,1150067,1,0.66954577
C_static,0,test,1150178,1,0.66007227
C_static,0,test,1151371,1,0.589399
C_static,0,test,1151583,1,0.7082176
C_static,0,test,1152038,1,0.642039
C_static,0,test,1152707,0,0.62856007
C_static,0,test,1152739,0,0.560299
C_static,0,test,1153155,1,0.6349816
C_static,0,test,1153244,1,0.68495667
C_static,0,test,1154055,1,0.61265635
C_static,0,test,1155460,1,0.6472868
C_static,0,test,1155554,1,0.6568743
C_static,0,test,1156261,1,0.6742256
C_static,0,test,1156634,1,0.6722384
C_static,0,test,1156847,1,0.7270667
C_static,0,test,1206184,1,0.686425
C_static,0,test,1206257,1,0.62417984
C_static,0,test,1206751,1,0.67047846
C_static,0,test,1206811,1,0.5992072
C_static,0,test,1206867,1,0.6685528
C_static,0,test,1207207,1,0.6675014
C_static,0,test,1208078,0,0.65364766
C_static,0,test,1208476,1,0.68810576
C_static,0,test,1208561,1,0.6655029
C_static,0,test,1209069,1,0.6471095
C_static,0,test,1209473,1,0.61219144
C_static,0,test,1209531,0,0.60337794
C_static,0,test,1209908,0,0.7447439
C_static,0,test,1210055,0,0.6820414
C_static,0,test,1210080,0,0.6466587
C_static,0,test,1212290,1,0.6538952
C_static,0,test,1212582,1,0.6894993
C_static,0,test,1212738,1,0.719421
C_static,0,test,1213041,1,0.68994176
C_static,0,test,1213071,1,0.66500556
C_static,0,test,1213667,0,0.5881142
C_static,0,test,1214248,1,0.59124744
C_static,0,test,1215252,0,0.6497149
C_static,0,test,1215452,0,0.5934775
C_static,0,test,1215586,0,0.6372384
C_static,0,test,1217110,1,0.60262614
C_static,0,test,1217724,0,0.58216363
C_static,0,test,1217757,1,0.605167
C_static,0,test,1218110,0,0.6418651
C_static,0,test,1218980,0,0.5753002
C_static,0,test,1219802,1,0.65568465
C_static,0,test,1220156,0,0.94270223
C_static,0,test,1220269,0,0.7047863
C_static,0,test,1220796,1,0.77595663
C_static,0,test,1220900,1,0.5720734
C_static,0,test,1221603,1,0.6507772
C_static,0,test,1221685,1,0.7338887
C_static,0,test,1221764,1,0.6009835
C_static,0,test,1222037,1,0.6913507
C_static,0,test,1222048,1,0.61785495
C_static,0,test,1222069,1,0.6461958
C_static,0,test,1222115,0,0.51507354
C_static,0,test,1222124,1,0.67503166
C_static,0,test,1222410,0,0.6539308
C_static,0,test,1223017,1,0.5834694
C_static,0,test,1223272,1,0.6423743
C_static,0,test,1224094,0,0.5528567
C_static,0,test,1224536,1,0.69687873
C_static,0,test,1225262,1,0.6234142
C_static,0,test,1225309,1,0.7053355
C_static,0,test,1225334,0,0.7271901
C_static,0,test,1225413,1,0.6768158
C_static,0,test,1225553,1,0.58859015
C_static,0,test,1225716,0,0.6322585
C_static,0,test,1225843,0,0.6514735
C_static,0,test,1225945,0,0.7288267
C_static,0,test,1226065,1,0.58191454
C_static,0,test,1226708,1,0.6119631
C_static,0,test,1226825,1,0.58340144
C_static,0,test,1227138,0,0.6756192
C_static,0,test,1227755,1,0.68719316
C_static,0,test,1228267,1,0.6232483
C_static,0,test,1228453,1,0.66197807
C_static,0,test,1228747,1,0.6473088
C_static,0,test,1228820,0,0.6870444
C_static,0,test,1229345,1,0.6270921
C_static,0,test,1229976,1,0.6681052
C_static,0,test,1230265,1,0.72462606
C_static,0,test,1230721,1,0.6771992
C_static,0,test,1230724,1,0.6925082
C_static,0,test,1231353,1,0.57593256
C_static,0,test,1231734,1,0.70027095
C_static,0,test,1231841,0,0.6425491
C_static,0,test,1232099,0,0.6146821
C_static,0,test,1233084,1,0.6034967
C_static,0,test,1233147,1,0.62523925
C_static,0,test,1233618,0,0.5612055
C_static,0,test,1233777,1,0.629528
C_static,0,test,1234410,0,0.729363
C_static,0,test,1234413,1,0.7295828
C_static,0,test,1234672,0,0.6426091
C_static,0,test,1235697,1,0.5805278
C_static,0,test,1236071,1,0.53162795
C_static,0,test,1236191,1,0.6679208
C_static,0,test,1236410,0,0.64528596
C_static,0,test,1237123,0,0.5841873
C_static,0,test,1237184,0,0.60264885
C_static,0,test,1237496,1,0.6610975
C_static,0,test,1237508,1,0.7072915
C_static,0,test,1237793,1,0.6793475
C_static,0,test,1237971,1,0.68117476
C_static,0,test,1238001,0,0.7162858
C_static,0,test,1238292,0,0.618008
C_static,0,test,1238406,0,0.74474615
C_static,0,test,1238413,1,0.69241524
C_static,0,test,1238443,0,0.5879556
C_static,0,test,1238501,0,0.6221007
C_static,0,test,1238523,1,0.6108361
C_static,0,test,1238553,1,0.6122216
C_static,0,test,1238636,1,0.6736288
C_static,0,test,1238817,0,0.607887
C_static,0,test,1238964,1,0.6156282
C_static,0,test,1239079,1,0.641989
C_static,0,test,1239094,1,0.61697173
C_static,0,test,1239224,1,0.5822289
C_static,0,test,1239458,0,0.74169767
C_static,0,test,1239936,0,0.6004912
C_static,0,test,1240378,1,0.63007426
C_static,0,test,1240433,1,0.6178376
C_static,0,test,1241090,0,0.59517926
C_static,0,test,1241104,0,0.6907507
C_static,0,test,1241937,0,0.618846
C_static,0,test,1241954,1,0.70221126
C_static,0,test,1242009,1,0.6370751
C_static,0,test,1242021,1,0.62014526
C_static,0,test,1242267,1,0.6391326
C_static,0,test,1242424,1,0.58697736
C_static,0,test,1242536,1,0.6295382
C_static,0,test,1242725,1,0.6742646
C_static,0,test,1242729,1,0.6736967
C_static,0,test,1242755,0,0.65490234
C_static,0,test,1242831,0,0.6521051
C_static,0,test,1243295,1,0.68410844
C_static,0,test,1243442,0,0.6598702
C_static,0,test,1243523,0,0.5906215
C_static,0,test,1244763,0,0.6610275
C_static,0,test,1245846,1,0.6042212
C_temporal,0,val,1122,0,0.6629119
C_temporal,0,val,4993,1,0.65686375
C_temporal,0,val,15488,1,0.6245681
C_temporal,0,val,20593,1,0.5530717
C_temporal,0,val,22854,1,0.61228895
C_temporal,0,val,32097,1,0.7634485
C_temporal,0,val,33645,0,0.4895709
C_temporal,0,val,40597,1,0.6184283
C_temporal,0,val,50696,1,0.52704656
C_temporal,0,val,52327,1,0.59271365
C_temporal,0,val,54388,0,0.5932448
C_temporal,0,val,57684,1,0.7600465
C_temporal,0,val,58630,1,0.8516676
C_temporal,0,val,59792,0,0.546859
C_temporal,0,val,72432,1,0.62059426
C_temporal,0,val,76273,1,0.67651904
C_temporal,0,val,85978,1,0.4849186
C_temporal,0,val,86840,1,0.7845056
C_temporal,0,val,87973,1,0.6969489
C_temporal,0,val,91249,1,0.6007106
C_temporal,0,val,112607,1,0.5736767
C_temporal,0,val,112715,1,0.6712836
C_temporal,0,val,123208,1,0.7819834
C_temporal,0,val,140328,0,0.7968282
C_temporal,0,val,141620,1,0.66664344
C_temporal,0,val,143454,0,0.6113429
C_temporal,0,val,144004,0,0.59109926
C_temporal,0,val,145109,1,0.6137871
C_temporal,0,val,149348,1,0.6497651
C_temporal,0,val,152430,1,0.6062791
C_temporal,0,val,154041,1,0.6076356
C_temporal,0,val,157449,1,0.7762303
C_temporal,0,val,162518,1,0.54254425
C_temporal,0,val,163423,1,0.7811344
C_temporal,0,val,165324,0,0.5774361
C_temporal,0,val,165400,0,0.6276259
C_temporal,0,val,169372,1,0.72393954
C_temporal,0,val,171833,1,0.60561764
C_temporal,0,val,171896,1,0.5177401
C_temporal,0,val,172578,1,0.5415942
C_temporal,0,val,173162,0,0.54367125
C_temporal,0,val,176133,1,0.74393725
C_temporal,0,val,184936,1,0.61729777
C_temporal,0,val,191335,0,0.6494806
C_temporal,0,val,193149,0,0.6704116
C_temporal,0,val,203640,1,0.5929049
C_temporal,0,val,207233,1,0.8080089
C_temporal,0,val,213739,0,0.45844716
C_temporal,0,val,228543,1,0.6992434
C_temporal,0,val,234247,0,0.5615257
C_temporal,0,val,237953,1,0.5552126
C_temporal,0,val,238407,0,0.488701
C_temporal,0,val,240229,0,0.6208399
C_temporal,0,val,243108,1,0.846175
C_temporal,0,val,250983,0,0.5878974
C_temporal,0,val,258462,0,0.6003948
C_temporal,0,val,269426,1,0.6038087
C_temporal,0,val,273826,1,0.67656326
C_temporal,0,val,278485,0,0.61758006
C_temporal,0,val,280452,0,0.6019047
C_temporal,0,val,282212,1,0.44748244
C_temporal,0,val,289992,1,0.58435404
C_temporal,0,val,292872,0,0.52818304
C_temporal,0,val,299698,1,0.6840428
C_temporal,0,val,303683,0,0.58722055
C_temporal,0,val,308426,1,0.65635455
C_temporal,0,val,308485,0,0.7053914
C_temporal,0,val,319549,1,0.7715278
C_temporal,0,val,321109,0,0.529481
C_temporal,0,val,321989,1,0.74360794
C_temporal,0,val,323718,1,0.50866836
C_temporal,0,val,323797,0,0.6935981
C_temporal,0,val,325318,0,0.54762244
C_temporal,0,val,328655,0,0.59972185
C_temporal,0,val,332529,1,0.8869895
C_temporal,0,val,335955,1,0.5254454
C_temporal,0,val,338273,1,0.69589716
C_temporal,0,val,345087,1,0.60519624
C_temporal,0,val,345361,1,0.58360684
C_temporal,0,val,347257,1,0.6480116
C_temporal,0,val,349058,1,0.78906167
C_temporal,0,val,350012,1,0.7407212
C_temporal,0,val,350472,0,0.6395096
C_temporal,0,val,352441,0,0.5237851
C_temporal,0,val,352893,1,0.55256486
C_temporal,0,val,353416,1,0.81498194
C_temporal,0,val,357322,0,0.6359462
C_temporal,0,val,364228,1,0.45834875
C_temporal,0,val,364440,0,0.7023023
C_temporal,0,val,368436,1,0.61834604
C_temporal,0,val,369818,1,0.59366816
C_temporal,0,val,372332,1,0.71364117
C_temporal,0,val,375294,1,0.5465413
C_temporal,0,val,376880,1,0.6704697
C_temporal,0,val,377217,1,0.69596845
C_temporal,0,val,377703,1,0.7124943
C_temporal,0,val,400944,1,0.5979553
C_temporal,0,val,406676,1,0.55268526
C_temporal,0,val,407827,1,0.8084307
C_temporal,0,val,412716,1,0.7833139
C_temporal,0,val,416249,1,0.60381687
C_temporal,0,val,420633,1,0.580124
C_temporal,0,val,421283,1,0.63562435
C_temporal,0,val,421437,0,0.66420203
C_temporal,0,val,423553,1,0.5686454
C_temporal,0,val,431921,0,0.68948436
C_temporal,0,val,432168,1,0.5418435
C_temporal,0,val,432906,1,0.714891
C_temporal,0,val,433303,1,0.7069562
C_temporal,0,val,443207,1,0.6838209
C_temporal,0,val,445318,0,0.5363943
C_temporal,0,val,448027,0,0.52834976
C_temporal,0,val,463298,1,0.67697483
C_temporal,0,val,469812,0,0.5538924
C_temporal,0,val,469865,1,0.7672931
C_temporal,0,val,474601,1,0.53130454
C_temporal,0,val,475893,0,0.736951
C_temporal,0,val,482448,0,0.573468
C_temporal,0,val,487378,0,0.5827234
C_temporal,0,val,488665,0,0.6880555
C_temporal,0,val,490941,0,0.5623766
C_temporal,0,val,496270,1,0.55533576
C_temporal,0,val,502585,0,0.7561573
C_temporal,0,val,507011,1,0.69007593
C_temporal,0,val,509624,1,0.7737553
C_temporal,0,val,512180,1,0.71858156
C_temporal,0,val,517848,1,0.7305028
C_temporal,0,val,518232,1,0.64092195
C_temporal,0,val,520868,0,0.70119
C_temporal,0,val,526837,0,0.60287684
C_temporal,0,val,529902,1,0.68281054
C_temporal,0,val,530038,1,0.77875775
C_temporal,0,val,531104,1,0.65018064
C_temporal,0,val,532533,1,0.67282784
C_temporal,0,val,545205,0,0.51092404
C_temporal,0,val,546258,1,0.6154361
C_temporal,0,val,549363,0,0.5583893
C_temporal,0,val,552325,0,0.57418144
C_temporal,0,val,552424,0,0.6519284
C_temporal,0,val,556177,0,0.7107119
C_temporal,0,val,563033,0,0.70036465
C_temporal,0,val,564394,0,0.4763546
C_temporal,0,val,577668,1,0.7446533
C_temporal,0,val,578084,0,0.60155034
C_temporal,0,val,583338,1,0.6141867
C_temporal,0,val,588986,1,0.59932536
C_temporal,0,val,592548,0,0.65734
C_temporal,0,val,599396,0,0.55557334
C_temporal,0,val,605160,0,0.7401352
C_temporal,0,val,607813,0,0.61142844
C_temporal,0,val,608740,0,0.6069691
C_temporal,0,val,614481,0,0.4591929
C_temporal,0,val,615119,1,0.7922293
C_temporal,0,val,615631,1,0.7636361
C_temporal,0,val,625366,1,0.6274029
C_temporal,0,val,629729,1,0.67278254
C_temporal,0,val,647436,0,0.67058736
C_temporal,0,val,650259,0,0.71582365
C_temporal,0,val,651309,0,0.68616545
C_temporal,0,val,651758,1,0.73760927
C_temporal,0,val,652123,0,0.5703015
C_temporal,0,val,652279,0,0.4684853
C_temporal,0,val,656122,1,0.7300962
C_temporal,0,val,656138,1,0.52085096
C_temporal,0,val,660061,1,0.56387466
C_temporal,0,val,660533,0,0.67188907
C_temporal,0,val,660938,1,0.63240546
C_temporal,0,val,665029,1,0.5699489
C_temporal,0,val,665050,1,0.547127
C_temporal,0,val,670244,1,0.63770044
C_temporal,0,val,671325,0,0.63468105
C_temporal,0,val,671576,0,0.54129726
C_temporal,0,val,673052,1,0.72896904
C_temporal,0,val,675660,0,0.55940276
C_temporal,0,val,678199,0,0.6747577
C_temporal,0,val,680266,0,0.72266877
C_temporal,0,val,682914,1,0.6226579
C_temporal,0,val,692799,1,0.67285615
C_temporal,0,val,696774,1,0.6321021
C_temporal,0,val,700558,1,0.65721476
C_temporal,0,val,703048,0,0.7311996
C_temporal,0,val,705906,1,0.65169334
C_temporal,0,val,710625,1,0.6528531
C_temporal,0,val,712016,1,0.6317475
C_temporal,0,val,718704,1,0.65526986
C_temporal,0,val,726126,0,0.74010986
C_temporal,0,val,734224,0,0.6352191
C_temporal,0,val,738172,0,0.6426431
C_temporal,0,val,738715,0,0.6226059
C_temporal,0,val,739530,1,0.50918895
C_temporal,0,val,740043,1,0.5285915
C_temporal,0,val,743121,1,0.6888549
C_temporal,0,val,743318,0,0.5302007
C_temporal,0,val,745489,1,0.5707536
C_temporal,0,val,747568,1,0.728234
C_temporal,0,val,747710,0,0.6190106
C_temporal,0,val,748105,0,0.73773474
C_temporal,0,val,755156,1,0.6356917
C_temporal,0,val,755914,1,0.8877963
C_temporal,0,val,761233,1,0.83016
C_temporal,0,val,765473,1,0.6296654
C_temporal,0,val,765954,0,0.58112305
C_temporal,0,val,766763,1,0.5398466
C_temporal,0,val,767066,1,0.61950094
C_temporal,0,val,783025,1,0.66860497
C_temporal,0,val,788241,1,0.6448909
C_temporal,0,val,789437,1,0.53844297
C_temporal,0,val,789824,0,0.56427366
C_temporal,0,val,793726,0,0.62937313
C_temporal,0,val,803606,1,0.6359163
C_temporal,0,val,809689,0,0.6566559
C_temporal,0,val,817197,0,0.5541096
C_temporal,0,val,822633,1,0.6246181
C_temporal,0,val,829142,1,0.67990386
C_temporal,0,val,829874,0,0.6508542
C_temporal,0,val,833210,1,0.65317917
C_temporal,0,val,835716,0,0.5128249
C_temporal,0,val,835833,1,0.5343366
C_temporal,0,val,839278,1,0.6620234
C_temporal,0,val,847036,1,0.7323924
C_temporal,0,val,848723,1,0.5296951
C_temporal,0,val,849472,1,0.7128369
C_temporal,0,val,853842,1,0.7541727
C_temporal,0,val,857171,1,0.5905332
C_temporal,0,val,859109,1,0.63659436
C_temporal,0,val,860360,1,0.525228
C_temporal,0,val,866895,0,0.74720955
C_temporal,0,val,868318,0,0.5974773
C_temporal,0,val,870739,1,0.68463856
C_temporal,0,val,883479,0,0.5730626
C_temporal,0,val,883804,1,0.6991677
C_temporal,0,val,885394,1,0.55549604
C_temporal,0,val,886279,1,0.5424107
C_temporal,0,val,898035,1,0.59885776
C_temporal,0,val,900648,1,0.5613395
C_temporal,0,val,903410,1,0.62041026
C_temporal,0,val,936352,0,0.50167394
C_temporal,0,val,950405,1,0.652189
C_temporal,0,val,951465,0,0.75780547
C_temporal,0,val,951846,0,0.7609402
C_temporal,0,val,963197,1,0.7337003
C_temporal,0,val,970382,1,0.6172518
C_temporal,0,val,975370,0,0.90850526
C_temporal,0,val,975728,0,0.6017432
C_temporal,0,val,976220,1,0.64749306
C_temporal,0,val,977714,1,0.67176896
C_temporal,0,val,979369,1,0.6798774
C_temporal,0,val,979917,1,0.7383162
C_temporal,0,val,981736,0,0.5352831
C_temporal,0,val,983916,1,0.4972263
C_temporal,0,val,986074,1,0.63445663
C_temporal,0,val,987997,1,0.8225639
C_temporal,0,val,988071,0,0.6037638
C_temporal,0,val,989315,1,0.68694687
C_temporal,0,val,991060,1,0.60829836
C_temporal,0,val,991790,1,0.6610722
C_temporal,0,val,991972,1,0.56962156
C_temporal,0,val,993562,1,0.6309025
C_temporal,0,val,994960,0,0.6289866
C_temporal,0,val,997176,0,0.48753202
C_temporal,0,val,999980,0,0.6696885
C_temporal,0,val,1002249,1,0.64725006
C_temporal,0,val,1005121,1,0.5190735
C_temporal,0,val,1007363,0,0.59426564
C_temporal,0,val,1009347,1,0.69573
C_temporal,0,val,1013371,1,0.6841055
C_temporal,0,val,1026684,1,0.5123288
C_temporal,0,val,1027441,1,0.69399905
C_temporal,0,val,1029373,1,0.86213046
C_temporal,0,val,1042457,0,0.47563857
C_temporal,0,val,1043319,0,0.57316655
C_temporal,0,val,1049886,1,0.68777263
C_temporal,0,val,1057350,0,0.6795517
C_temporal,0,val,1057961,0,0.48831716
C_temporal,0,val,1058939,1,0.5686799
C_temporal,0,val,1065288,0,0.57371736
C_temporal,0,val,1065613,0,0.659106
C_temporal,0,val,1067177,1,0.5280768
C_temporal,0,val,1067946,0,0.51554674
C_temporal,0,val,1068390,1,0.72192156
C_temporal,0,val,1068928,0,0.6413459
C_temporal,0,val,1070070,1,0.6471675
C_temporal,0,val,1070472,0,0.5457152
C_temporal,0,val,1070686,0,0.6012081
C_temporal,0,val,1071801,0,0.6226693
C_temporal,0,val,1072395,1,0.60196733
C_temporal,0,val,1073156,1,0.5948726
C_temporal,0,val,1073471,1,0.65435433
C_temporal,0,val,1074753,0,0.7708513
C_temporal,0,val,1077187,1,0.6162262
C_temporal,0,val,1079282,1,0.76539016
C_temporal,0,val,1080609,0,0.6214495
C_temporal,0,val,1081377,0,0.67201495
C_temporal,0,val,1082433,0,0.4741896
C_temporal,0,val,1082987,0,0.7186259
C_temporal,0,val,1083817,1,0.6593094
C_temporal,0,val,1084185,0,0.60237116
C_temporal,0,val,1085216,0,0.58326966
C_temporal,0,val,1087797,1,0.7576481
C_temporal,0,val,1088105,1,0.77547324
C_temporal,0,val,1088918,1,0.47730973
C_temporal,0,val,1091670,1,0.71842295
C_temporal,0,val,1092408,1,0.6680109
C_temporal,0,val,1092437,1,0.6501731
C_temporal,0,val,1092889,1,0.61433244
C_temporal,0,val,1092948,1,0.698603
C_temporal,0,val,1093200,0,0.60903084
C_temporal,0,val,1093743,0,0.50267065
C_temporal,0,val,1093823,1,0.5860246
C_temporal,0,val,1096850,1,0.6109266
C_temporal,0,val,1097996,1,0.4818961
C_temporal,0,val,1099660,1,0.58473337
C_temporal,0,val,1102314,1,0.6871646
C_temporal,0,val,1103360,1,0.5797864
C_temporal,0,val,1104219,1,0.6026844
C_temporal,0,val,1104443,1,0.6471893
C_temporal,0,val,1104599,1,0.5908842
C_temporal,0,val,1104649,1,0.633175
C_temporal,0,val,1104803,0,0.62108374
C_temporal,0,val,1105121,0,0.76379395
C_temporal,0,val,1105416,1,0.7029725
C_temporal,0,val,1105688,1,0.62306845
C_temporal,0,val,1105902,1,0.6391136
C_temporal,0,val,1105904,0,0.6139687
C_temporal,0,val,1106632,0,0.5990773
C_temporal,0,val,1107348,1,0.6727933
C_temporal,0,val,1108706,1,0.71417356
C_temporal,0,val,1108945,1,0.67261845
C_temporal,0,val,1108949,1,0.69178975
C_temporal,0,val,1109030,1,0.6145976
C_temporal,0,val,1109526,1,0.6690023
C_temporal,0,val,1109829,1,0.60353565
C_temporal,0,val,1110232,1,0.7248566
C_temporal,0,val,1111153,0,0.7100392
C_temporal,0,val,1111471,1,0.72913265
C_temporal,0,val,1111860,1,0.64851916
C_temporal,0,val,1111920,1,0.7884781
C_temporal,0,val,1112111,1,0.681712
C_temporal,0,val,1112465,1,0.5322189
C_temporal,0,val,1113756,1,0.6704311
C_temporal,0,val,1114556,0,0.56500304
C_temporal,0,val,1115316,1,0.6753777
C_temporal,0,val,1115713,1,0.5637204
C_temporal,0,val,1116372,1,0.6968735
C_temporal,0,val,1116860,1,0.6297163
C_temporal,0,val,1118398,1,0.76496756
C_temporal,0,val,1118773,0,0.58378273
C_temporal,0,val,1119526,1,0.72396654
C_temporal,0,val,1119929,0,0.61693054
C_temporal,0,val,1120625,1,0.5676352
C_temporal,0,val,1121493,0,0.553446
C_temporal,0,val,1121766,1,0.5358526
C_temporal,0,val,1121995,0,0.63832456
C_temporal,0,val,1122004,0,0.59361136
C_temporal,0,val,1122557,1,0.68297565
C_temporal,0,val,1122626,1,0.5520961
C_temporal,0,val,1122659,1,0.52271503
C_temporal,0,val,1123484,0,0.66428345
C_temporal,0,val,1123572,0,0.6061281
C_temporal,0,val,1123858,0,0.59788007
C_temporal,0,val,1124330,0,0.63175595
C_temporal,0,val,1125095,0,0.5826788
C_temporal,0,val,1126146,0,0.5860154
C_temporal,0,val,1126844,0,0.6704583
C_temporal,0,val,1127703,1,0.77245855
C_temporal,0,val,1127812,1,0.5386934
C_temporal,0,val,1128031,1,0.5701926
C_temporal,0,val,1128952,0,0.6639484
C_temporal,0,val,1129029,0,0.5199339
C_temporal,0,val,1129826,1,0.5847144
C_temporal,0,val,1129953,0,0.57698756
C_temporal,0,val,1129979,1,0.624351
C_temporal,0,val,1131254,0,0.7273969
C_temporal,0,val,1131656,1,0.66161287
C_temporal,0,val,1131818,1,0.7421629
C_temporal,0,val,1131831,1,0.68005335
C_temporal,0,val,1131906,1,0.6993834
C_temporal,0,val,1132886,0,0.5739975
C_temporal,0,val,1134339,0,0.5712481
C_temporal,0,val,1136675,1,0.6886589
C_temporal,0,val,1136723,0,0.56399745
C_temporal,0,val,1136790,1,0.7448338
C_temporal,0,val,1137743,1,0.68434674
C_temporal,0,val,1137897,1,0.8162017
C_temporal,0,val,1138091,1,0.49192673
C_temporal,0,val,1138316,1,0.7094166
C_temporal,0,val,1138699,0,0.51997447
C_temporal,0,val,1138864,1,0.559666
C_temporal,0,val,1139249,1,0.77842534
C_temporal,0,val,1140109,1,0.7208837
C_temporal,0,val,1141785,0,0.4781268
C_temporal,0,val,1142584,0,0.6360913
C_temporal,0,val,1142724,0,0.65868235
C_temporal,0,val,1142803,1,0.5998443
C_temporal,0,val,1142989,1,0.6992875
C_temporal,0,val,1143781,1,0.70599777
C_temporal,0,val,1144322,1,0.6364019
C_temporal,0,val,1144734,1,0.7157943
C_temporal,0,val,1144789,1,0.63710886
C_temporal,0,val,1145284,1,0.69016504
C_temporal,0,val,1145385,0,0.6377065
C_temporal,0,val,1145393,1,0.78333247
C_temporal,0,val,1146323,0,0.5767499
C_temporal,0,val,1146488,0,0.694446
C_temporal,0,val,1147005,0,0.57244223
C_temporal,0,val,1147155,1,0.588929
C_temporal,0,val,1148332,1,0.61679476
C_temporal,0,val,1148772,1,0.56593937
C_temporal,0,val,1148848,1,0.6414773
C_temporal,0,val,1149102,1,0.6619947
C_temporal,0,val,1149196,0,0.6402669
C_temporal,0,val,1149831,1,0.6120984
C_temporal,0,val,1149916,1,0.51816535
C_temporal,0,val,1151020,0,0.54039687
C_temporal,0,val,1151121,1,0.80480886
C_temporal,0,val,1151387,0,0.64296526
C_temporal,0,val,1152700,1,0.68574816
C_temporal,0,val,1152931,1,0.54016787
C_temporal,0,val,1153914,1,0.6171429
C_temporal,0,val,1154175,1,0.60463893
C_temporal,0,val,1154313,1,0.6807484
C_temporal,0,val,1154492,1,0.7696142
C_temporal,0,val,1154712,1,0.7691841
C_temporal,0,val,1155519,1,0.7232143
C_temporal,0,val,1156023,1,0.633256
C_temporal,0,val,1156386,1,0.68729717
C_temporal,0,val,1156739,1,0.633655
C_temporal,0,val,1157101,1,0.643078
C_temporal,0,val,1157142,1,0.65643615
C_temporal,0,val,1157190,1,0.6580307
C_temporal,0,val,1205889,1,0.78852445
C_temporal,0,val,1206308,0,0.5853005
C_temporal,0,val,1206310,1,0.5627655
C_temporal,0,val,1206335,0,0.5587887
C_temporal,0,val,1206411,1,0.6291873
C_temporal,0,val,1206714,1,0.84049237
C_temporal,0,val,1206862,1,0.6071225
C_temporal,0,val,1206997,1,0.6948894
C_temporal,0,val,1207017,1,0.45851037
C_temporal,0,val,1207479,0,0.7451322
C_temporal,0,val,1208422,1,0.75435656
C_temporal,0,val,1208870,1,0.81352884
C_temporal,0,val,1208898,1,0.6622947
C_temporal,0,val,1209429,1,0.7108613
C_temporal,0,val,1209873,1,0.6858239
C_temporal,0,val,1209935,0,0.7322819
C_temporal,0,val,1209975,1,0.5617736
C_temporal,0,val,1210100,0,0.66506517
C_temporal,0,val,1210408,0,0.62508243
C_temporal,0,val,1210816,1,0.6022986
C_temporal,0,val,1211345,1,0.6668704
C_temporal,0,val,1211778,0,0.65345
C_temporal,0,val,1212354,0,0.5106161
C_temporal,0,val,1212408,1,0.65919524
C_temporal,0,val,1212451,0,0.47952434
C_temporal,0,val,1212865,1,0.64650685
C_temporal,0,val,1214345,1,0.5194585
C_temporal,0,val,1214456,0,0.63098335
C_temporal,0,val,1214506,1,0.8147117
C_temporal,0,val,1214832,0,0.56044585
C_temporal,0,val,1214928,1,0.76313335
C_temporal,0,val,1215070,1,0.5736803
C_temporal,0,val,1215193,1,0.79379886
C_temporal,0,val,1215869,0,0.593349
C_temporal,0,val,1215921,1,0.67189807
C_temporal,0,val,1216036,1,0.59392637
C_temporal,0,val,1216145,0,0.84866744
C_temporal,0,val,1216150,1,0.64150673
C_temporal,0,val,1216691,1,0.6572462
C_temporal,0,val,1216776,1,0.6417392
C_temporal,0,val,1217218,0,0.5335839
C_temporal,0,val,1218288,1,0.6573219
C_temporal,0,val,1219153,0,0.5690938
C_temporal,0,val,1219634,1,0.70725816
C_temporal,0,val,1219751,1,0.7913607
C_temporal,0,val,1220037,1,0.59498996
C_temporal,0,val,1220380,1,0.6938413
C_temporal,0,val,1220552,1,0.7382397
C_temporal,0,val,1220699,1,0.591426
C_temporal,0,val,1220871,0,0.82360476
C_temporal,0,val,1220940,1,0.57323205
C_temporal,0,val,1220988,0,0.6506115
C_temporal,0,val,1221019,0,0.5864075
C_temporal,0,val,1221341,1,0.6088789
C_temporal,0,val,1221355,1,0.8031668
C_temporal,0,val,1221883,0,0.5261048
C_temporal,0,val,1222336,0,0.7634673
C_temporal,0,val,1222850,1,0.72023416
C_temporal,0,val,1223328,1,0.5227058
C_temporal,0,val,1223459,1,0.60229766
C_temporal,0,val,1223516,1,0.72059184
C_temporal,0,val,1223773,1,0.6595132
C_temporal,0,val,1223969,1,0.60623527
C_temporal,0,val,1224343,1,0.5648942
C_temporal,0,val,1224547,1,0.59631395
C_temporal,0,val,1225284,0,0.6170695
C_temporal,0,val,1225298,1,0.6595913
C_temporal,0,val,1225341,1,0.6674909
C_temporal,0,val,1225605,0,0.5501923
C_temporal,0,val,1225635,1,0.6536958
C_temporal,0,val,1226641,1,0.8214407
C_temporal,0,val,1226794,0,0.6532331
C_temporal,0,val,1226937,0,0.54857725
C_temporal,0,val,1227192,1,0.57182837
C_temporal,0,val,1227414,0,0.5451024
C_temporal,0,val,1227765,1,0.5625072
C_temporal,0,val,1228018,1,0.628512
C_temporal,0,val,1229147,0,0.58361083
C_temporal,0,val,1229368,0,0.6277925
C_temporal,0,val,1230131,1,0.7762717
C_temporal,0,val,1230574,0,0.5895581
C_temporal,0,val,1230810,1,0.6398843
C_temporal,0,val,1231276,1,0.82211405
C_temporal,0,val,1231535,1,0.518749
C_temporal,0,val,1231638,1,0.623837
C_temporal,0,val,1231979,1,0.7282785
C_temporal,0,val,1232188,1,0.75773096
C_temporal,0,val,1232212,1,0.79951596
C_temporal,0,val,1232478,1,0.6832379
C_temporal,0,val,1233203,1,0.6719266
C_temporal,0,val,1234521,0,0.51406705
C_temporal,0,val,1234553,0,0.65922815
C_temporal,0,val,1234862,0,0.6021264
C_temporal,0,val,1235039,1,0.7736387
C_temporal,0,val,1235236,1,0.5825882
C_temporal,0,val,1235254,0,0.6185863
C_temporal,0,val,1235265,1,0.7635222
C_temporal,0,val,1235336,1,0.6008802
C_temporal,0,val,1235381,1,0.5171197
C_temporal,0,val,1235500,1,0.68362343
C_temporal,0,val,1235590,1,0.77162355
C_temporal,0,val,1235597,1,0.6862328
C_temporal,0,val,1235650,0,0.7873706
C_temporal,0,val,1235882,0,0.5730908
C_temporal,0,val,1235914,0,0.6323355
C_temporal,0,val,1235985,1,0.6302114
C_temporal,0,val,1236187,0,0.6894134
C_temporal,0,val,1236418,1,0.746393
C_temporal,0,val,1236751,1,0.6450817
C_temporal,0,val,1236985,1,0.5712367
C_temporal,0,val,1237033,1,0.79809064
C_temporal,0,val,1237440,1,0.6416083
C_temporal,0,val,1237491,1,0.85780495
C_temporal,0,val,1237647,0,0.6613364
C_temporal,0,val,1237832,1,0.68931454
C_temporal,0,val,1238203,1,0.75787914
C_temporal,0,val,1238264,1,0.68152463
C_temporal,0,val,1238521,1,0.6031116
C_temporal,0,val,1238583,0,0.722294
C_temporal,0,val,1238664,1,0.6693457
C_temporal,0,val,1238865,1,0.7533964
C_temporal,0,val,1238923,0,0.7348163
C_temporal,0,val,1238960,1,0.7053247
C_temporal,0,val,1239212,0,0.59628695
C_temporal,0,val,1239427,1,0.7609997
C_temporal,0,val,1239609,1,0.61869866
C_temporal,0,val,1239693,0,0.6076488
C_temporal,0,val,1239701,0,0.5847151
C_temporal,0,val,1239841,1,0.55074126
C_temporal,0,val,1240131,1,0.6607172
C_temporal,0,val,1240238,0,0.44508028
C_temporal,0,val,1240953,0,0.5888288
C_temporal,0,val,1241185,0,0.5488728
C_temporal,0,val,1241453,0,0.6364089
C_temporal,0,val,1241779,1,0.81108236
C_temporal,0,val,1241841,1,0.5680212
C_temporal,0,val,1242381,0,0.6780037
C_temporal,0,val,1242508,1,0.71911407
C_temporal,0,val,1242535,1,0.51496524
C_temporal,0,val,1242667,0,0.5758941
C_temporal,0,val,1242673,1,0.5323257
C_temporal,0,val,1243802,0,0.7119152
C_temporal,0,val,1243838,0,0.71948445
C_temporal,0,val,1243992,1,0.52759147
C_temporal,0,val,1243993,0,0.68658036
C_temporal,0,val,1245441,1,0.47960678
C_temporal,0,val,1245905,1,0.6369764
C_temporal,0,val,1246508,0,0.43622217
C_temporal,0,val,1246702,1,0.7062475
C_temporal,0,test,1685,1,0.7434809
C_temporal,0,test,16787,0,0.6203563
C_temporal,0,test,19126,1,0.68274444
C_temporal,0,test,19450,0,0.65288377
C_temporal,0,test,28836,1,0.7292995
C_temporal,0,test,30502,1,0.6665358
C_temporal,0,test,33225,1,0.63052094
C_temporal,0,test,34146,1,0.7118417
C_temporal,0,test,34428,0,0.5656225
C_temporal,0,test,42331,1,0.77290785
C_temporal,0,test,42450,1,0.80010676
C_temporal,0,test,42908,1,0.71340257
C_temporal,0,test,43628,1,0.6768927
C_temporal,0,test,56380,1,0.82574236
C_temporal,0,test,60519,1,0.55881196
C_temporal,0,test,70147,0,0.6622769
C_temporal,0,test,71731,1,0.5586896
C_temporal,0,test,72256,1,0.7414966
C_temporal,0,test,75558,1,0.6488434
C_temporal,0,test,78778,0,0.6300495
C_temporal,0,test,80412,1,0.6789849
C_temporal,0,test,86179,1,0.7966613
C_temporal,0,test,86305,1,0.49289295
C_temporal,0,test,86310,1,0.5502943
C_temporal,0,test,99452,0,0.58785087
C_temporal,0,test,100693,1,0.7683957
C_temporal,0,test,105892,1,0.63316625
C_temporal,0,test,108335,0,0.53599685
C_temporal,0,test,120088,1,0.63286364
C_temporal,0,test,121258,1,0.6712612
C_temporal,0,test,121544,1,0.68287903
C_temporal,0,test,121744,1,0.7456932
C_temporal,0,test,138237,1,0.6066347
C_temporal,0,test,141681,1,0.6160654
C_temporal,0,test,144639,1,0.6531082
C_temporal,0,test,156299,1,0.53880733
C_temporal,0,test,156996,1,0.5631876
C_temporal,0,test,160524,0,0.5717953
C_temporal,0,test,174525,1,0.6958641
C_temporal,0,test,177730,1,0.6205103
C_temporal,0,test,179049,0,0.61210823
C_temporal,0,test,183219,0,0.51289123
C_temporal,0,test,184161,1,0.7592382
C_temporal,0,test,199745,0,0.5827961
C_temporal,0,test,200858,1,0.55943495
C_temporal,0,test,205829,1,0.56660426
C_temporal,0,test,207626,1,0.76981103
C_temporal,0,test,208120,0,0.7471614
C_temporal,0,test,210257,0,0.63472915
C_temporal,0,test,226106,1,0.44999427
C_temporal,0,test,226610,1,0.73219746
C_temporal,0,test,247900,1,0.8092967
C_temporal,0,test,255650,1,0.7263269
C_temporal,0,test,266656,1,0.7395317
C_temporal,0,test,271131,1,0.7354827
C_temporal,0,test,273824,1,0.66877997
C_temporal,0,test,274268,1,0.57541597
C_temporal,0,test,278688,0,0.5598777
C_temporal,0,test,280634,1,0.52732885
C_temporal,0,test,284088,0,0.65741175
C_temporal,0,test,286403,1,0.7123703
C_temporal,0,test,290974,0,0.61135995
C_temporal,0,test,293205,0,0.53518456
C_temporal,0,test,298058,1,0.81025326
C_temporal,0,test,300174,0,0.52484995
C_temporal,0,test,301917,1,0.56286275
C_temporal,0,test,308684,1,0.7279446
C_temporal,0,test,309228,1,0.6900703
C_temporal,0,test,311717,0,0.6929974
C_temporal,0,test,315660,1,0.6761937
C_temporal,0,test,317182,1,0.5833612
C_temporal,0,test,320374,0,0.59866166
C_temporal,0,test,323320,0,0.54960674
C_temporal,0,test,324095,1,0.66250813
C_temporal,0,test,328714,1,0.6905839
C_temporal,0,test,329983,1,0.59071094
C_temporal,0,test,330603,1,0.71492255
C_temporal,0,test,331536,1,0.6296684
C_temporal,0,test,333052,0,0.6151211
C_temporal,0,test,334461,1,0.6417581
C_temporal,0,test,335240,0,0.49454364
C_temporal,0,test,345347,1,0.6047971
C_temporal,0,test,348496,1,0.79053295
C_temporal,0,test,355419,1,0.63425475
C_temporal,0,test,359014,0,0.5542369
C_temporal,0,test,359330,0,0.6267713
C_temporal,0,test,361397,1,0.6132443
C_temporal,0,test,361916,1,0.72976094
C_temporal,0,test,366159,1,0.8081724
C_temporal,0,test,366344,0,0.6125152
C_temporal,0,test,367930,1,0.5404886
C_temporal,0,test,374662,1,0.7607992
C_temporal,0,test,383626,1,0.68210036
C_temporal,0,test,388622,1,0.6290736
C_temporal,0,test,391348,0,0.6281477
C_temporal,0,test,402720,1,0.5164864
C_temporal,0,test,410795,1,0.5978589
C_temporal,0,test,413554,1,0.7255434
C_temporal,0,test,415824,1,0.5966698
C_temporal,0,test,418425,0,0.56772244
C_temporal,0,test,419629,1,0.566515
C_temporal,0,test,427380,1,0.76966786
C_temporal,0,test,430595,1,0.65129805
C_temporal,0,test,436619,0,0.70403916
C_temporal,0,test,445545,1,0.6522951
C_temporal,0,test,457179,1,0.83023137
C_temporal,0,test,463375,1,0.56843174
C_temporal,0,test,465489,0,0.66723
C_temporal,0,test,471955,1,0.6708892
C_temporal,0,test,478525,0,0.555521
C_temporal,0,test,479849,0,0.67597246
C_temporal,0,test,479859,0,0.5269674
C_temporal,0,test,480021,0,0.7021456
C_temporal,0,test,481454,0,0.6324111
C_temporal,0,test,486341,0,0.61480063
C_temporal,0,test,486901,0,0.7200376
C_temporal,0,test,490630,1,0.65178686
C_temporal,0,test,490818,1,0.71977013
C_temporal,0,test,498363,1,0.5966037
C_temporal,0,test,508572,1,0.53462917
C_temporal,0,test,510306,0,0.65734303
C_temporal,0,test,511018,0,0.6038317
C_temporal,0,test,513568,0,0.71085453
C_temporal,0,test,524155,0,0.74587417
C_temporal,0,test,526137,0,0.51164556
C_temporal,0,test,531193,0,0.63028973
C_temporal,0,test,531815,0,0.6010337
C_temporal,0,test,534077,1,0.5697752
C_temporal,0,test,536736,1,0.55550873
C_temporal,0,test,544153,1,0.58973265
C_temporal,0,test,548749,1,0.5255736
C_temporal,0,test,552900,1,0.66521555
C_temporal,0,test,552901,1,0.5978133
C_temporal,0,test,553161,0,0.70763993
C_temporal,0,test,554960,0,0.8017279
C_temporal,0,test,560123,1,0.7171957
C_temporal,0,test,565232,1,0.8461319
C_temporal,0,test,565908,0,0.490248
C_temporal,0,test,566012,1,0.5912575
C_temporal,0,test,569789,0,0.4593627
C_temporal,0,test,573425,1,0.68814754
C_temporal,0,test,575730,0,0.6506394
C_temporal,0,test,577067,1,0.6404661
C_temporal,0,test,580587,0,0.558785
C_temporal,0,test,584433,0,0.66280013
C_temporal,0,test,585465,1,0.6076838
C_temporal,0,test,589139,1,0.65903616
C_temporal,0,test,596051,1,0.6528667
C_temporal,0,test,596437,0,0.650104
C_temporal,0,test,599359,1,0.60903496
C_temporal,0,test,606159,1,0.48556632
C_temporal,0,test,608537,1,0.6349627
C_temporal,0,test,612686,0,0.47033793
C_temporal,0,test,616172,1,0.69975686
C_temporal,0,test,625501,0,0.44146484
C_temporal,0,test,627006,1,0.65883636
C_temporal,0,test,627556,1,0.65946996
C_temporal,0,test,628661,1,0.7539323
C_temporal,0,test,639645,0,0.46340483
C_temporal,0,test,646867,1,0.6592102
C_temporal,0,test,648107,1,0.5560276
C_temporal,0,test,648709,0,0.5892517
C_temporal,0,test,649449,0,0.6364375
C_temporal,0,test,654746,1,0.5832994
C_temporal,0,test,660164,1,0.70177937
C_temporal,0,test,663130,1,0.6947439
C_temporal,0,test,663406,1,0.6228481
C_temporal,0,test,670955,1,0.7796668
C_temporal,0,test,673553,1,0.6639851
C_temporal,0,test,675907,0,0.6940886
C_temporal,0,test,677917,1,0.6681775
C_temporal,0,test,677928,1,0.59884703
C_temporal,0,test,682565,1,0.7023417
C_temporal,0,test,690734,0,0.49270132
C_temporal,0,test,690987,1,0.7674939
C_temporal,0,test,692458,1,0.7288543
C_temporal,0,test,695588,1,0.6974278
C_temporal,0,test,697830,0,0.5683954
C_temporal,0,test,702078,0,0.5041456
C_temporal,0,test,704317,0,0.5745439
C_temporal,0,test,706141,1,0.5261811
C_temporal,0,test,708388,1,0.5281318
C_temporal,0,test,709192,0,0.47180456
C_temporal,0,test,709722,1,0.68586266
C_temporal,0,test,711711,1,0.5363935
C_temporal,0,test,711782,1,0.6415448
C_temporal,0,test,714764,0,0.6916602
C_temporal,0,test,714952,1,0.7225359
C_temporal,0,test,719050,0,0.49471056
C_temporal,0,test,719225,1,0.6495998
C_temporal,0,test,723474,0,0.58516777
C_temporal,0,test,725470,0,0.5526705
C_temporal,0,test,738078,0,0.7252296
C_temporal,0,test,741884,0,0.7285795
C_temporal,0,test,742551,0,0.60766655
C_temporal,0,test,744145,0,0.59291726
C_temporal,0,test,744767,0,0.5468134
C_temporal,0,test,750881,0,0.5239678
C_temporal,0,test,752970,0,0.6210922
C_temporal,0,test,755356,0,0.65184003
C_temporal,0,test,762014,0,0.6171731
C_temporal,0,test,767773,0,0.67441845
C_temporal,0,test,768313,1,0.7475232
C_temporal,0,test,769720,1,0.79420346
C_temporal,0,test,772900,0,0.5857335
C_temporal,0,test,776444,1,0.8143457
C_temporal,0,test,777118,1,0.7978976
C_temporal,0,test,778111,1,0.6353731
C_temporal,0,test,779406,0,0.50904554
C_temporal,0,test,783140,1,0.7938658
C_temporal,0,test,784920,1,0.592096
C_temporal,0,test,786776,0,0.68285716
C_temporal,0,test,789093,0,0.561266
C_temporal,0,test,806762,0,0.4836671
C_temporal,0,test,808258,0,0.56640744
C_temporal,0,test,809234,1,0.54462636
C_temporal,0,test,810874,0,0.5957994
C_temporal,0,test,820729,1,0.5916013
C_temporal,0,test,822027,0,0.7216269
C_temporal,0,test,822463,1,0.7878031
C_temporal,0,test,831454,0,0.6578402
C_temporal,0,test,835159,1,0.7145716
C_temporal,0,test,839451,0,0.5641907
C_temporal,0,test,858119,0,0.5492949
C_temporal,0,test,859236,0,0.6635775
C_temporal,0,test,866317,1,0.60937244
C_temporal,0,test,869519,1,0.62034136
C_temporal,0,test,873012,1,0.6625079
C_temporal,0,test,877831,0,0.7431923
C_temporal,0,test,884569,1,0.60778034
C_temporal,0,test,889657,1,0.798705
C_temporal,0,test,900534,1,0.58770865
C_temporal,0,test,900750,1,0.63836926
C_temporal,0,test,903654,1,0.6320436
C_temporal,0,test,944315,0,0.5366928
C_temporal,0,test,951654,0,0.64009464
C_temporal,0,test,952219,0,0.6210402
C_temporal,0,test,953656,0,0.65849936
C_temporal,0,test,954477,1,0.53004205
C_temporal,0,test,955669,0,0.6662655
C_temporal,0,test,955753,1,0.8517973
C_temporal,0,test,957325,1,0.5936952
C_temporal,0,test,959155,0,0.58838624
C_temporal,0,test,962643,1,0.60511994
C_temporal,0,test,963985,1,0.6755994
C_temporal,0,test,969827,0,0.52655256
C_temporal,0,test,972950,1,0.6476179
C_temporal,0,test,976523,1,0.6484224
C_temporal,0,test,982253,1,0.56390196
C_temporal,0,test,982817,0,0.61594236
C_temporal,0,test,984065,0,0.61048436
C_temporal,0,test,985152,1,0.58564353
C_temporal,0,test,989331,1,0.6678441
C_temporal,0,test,990528,0,0.61946815
C_temporal,0,test,994044,1,0.76679504
C_temporal,0,test,994160,1,0.65911704
C_temporal,0,test,995496,1,0.7018442
C_temporal,0,test,996219,0,0.5585109
C_temporal,0,test,996860,0,0.56891346
C_temporal,0,test,998151,1,0.6631705
C_temporal,0,test,998708,1,0.5784104
C_temporal,0,test,1001502,0,0.54841185
C_temporal,0,test,1001535,1,0.6099136
C_temporal,0,test,1003409,1,0.7541362
C_temporal,0,test,1005171,1,0.670685
C_temporal,0,test,1005401,1,0.67028064
C_temporal,0,test,1005619,1,0.7048496
C_temporal,0,test,1006944,1,0.6274878
C_temporal,0,test,1012321,1,0.7401289
C_temporal,0,test,1017249,1,0.6667337
C_temporal,0,test,1043429,1,0.634785
C_temporal,0,test,1046104,0,0.6082157
C_temporal,0,test,1048580,1,0.6797611
C_temporal,0,test,1049831,0,0.68157613
C_temporal,0,test,1050525,1,0.6340163
C_temporal,0,test,1053386,0,0.5340509
C_temporal,0,test,1054567,0,0.6735892
C_temporal,0,test,1057686,0,0.6983723
C_temporal,0,test,1058429,1,0.71850514
C_temporal,0,test,1063812,0,0.5752721
C_temporal,0,test,1066129,1,0.64495695
C_temporal,0,test,1066734,1,0.6843478
C_temporal,0,test,1067828,1,0.73223585
C_temporal,0,test,1069003,0,0.7038376
C_temporal,0,test,1069689,1,0.6301103
C_temporal,0,test,1071527,1,0.6069455
C_temporal,0,test,1072194,1,0.6853458
C_temporal,0,test,1073214,1,0.7224322
C_temporal,0,test,1073787,1,0.5026371
C_temporal,0,test,1074093,1,0.5545867
C_temporal,0,test,1074163,1,0.66472435
C_temporal,0,test,1074275,1,0.6103086
C_temporal,0,test,1074306,1,0.5377992
C_temporal,0,test,1075816,1,0.58061033
C_temporal,0,test,1077606,1,0.5817415
C_temporal,0,test,1079219,0,0.5693043
C_temporal,0,test,1079656,1,0.64622223
C_temporal,0,test,1079923,0,0.50853026
C_temporal,0,test,1080366,1,0.5476571
C_temporal,0,test,1080459,1,0.68928033
C_temporal,0,test,1081059,1,0.50175166
C_temporal,0,test,1081383,0,0.6951773
C_temporal,0,test,1082739,1,0.8123536
C_temporal,0,test,1084267,1,0.7469368
C_temporal,0,test,1084497,1,0.6311686
C_temporal,0,test,1085709,1,0.5826492
C_temporal,0,test,1086243,1,0.76216614
C_temporal,0,test,1086991,0,0.57279557
C_temporal,0,test,1087391,0,0.6513724
C_temporal,0,test,1089172,1,0.72518325
C_temporal,0,test,1090438,1,0.618937
C_temporal,0,test,1090543,1,0.7540126
C_temporal,0,test,1091014,1,0.82643485
C_temporal,0,test,1091583,1,0.58091104
C_temporal,0,test,1092848,1,0.7058898
C_temporal,0,test,1093401,1,0.58259743
C_temporal,0,test,1094456,1,0.78708357
C_temporal,0,test,1094730,0,0.7667959
C_temporal,0,test,1095404,1,0.5660428
C_temporal,0,test,1097324,1,0.68848646
C_temporal,0,test,1097843,0,0.7349043
C_temporal,0,test,1098849,1,0.63879234
C_temporal,0,test,1099078,1,0.6267664
C_temporal,0,test,1101406,0,0.6302246
C_temporal,0,test,1102276,1,0.70532507
C_temporal,0,test,1102389,1,0.5843033
C_temporal,0,test,1102856,1,0.4706614
C_temporal,0,test,1102873,1,0.9394355
C_temporal,0,test,1104038,1,0.7774192
C_temporal,0,test,1104198,1,0.67459375
C_temporal,0,test,1104592,1,0.6148508
C_temporal,0,test,1105837,1,0.52191097
C_temporal,0,test,1106300,1,0.5633069
C_temporal,0,test,1106784,1,0.7038918
C_temporal,0,test,1107575,0,0.7434105
C_temporal,0,test,1107631,1,0.84214544
C_temporal,0,test,1109280,1,0.7989846
C_temporal,0,test,1109598,1,0.7072745
C_temporal,0,test,1110598,0,0.6666257
C_temporal,0,test,1111123,1,0.65196836
C_temporal,0,test,1112333,1,0.6996044
C_temporal,0,test,1112425,1,0.63297814
C_temporal,0,test,1112671,1,0.6843296
C_temporal,0,test,1112684,0,0.533313
C_temporal,0,test,1112999,0,0.5746485
C_temporal,0,test,1113155,0,0.5649644
C_temporal,0,test,1113808,0,0.57192785
C_temporal,0,test,1114105,0,0.6281062
C_temporal,0,test,1114679,1,0.79671437
C_temporal,0,test,1115212,1,0.64202416
C_temporal,0,test,1115227,1,0.57142663
C_temporal,0,test,1115247,0,0.56300604
C_temporal,0,test,1115342,0,0.6942547
C_temporal,0,test,1116507,1,0.63607126
C_temporal,0,test,1116601,0,0.57120174
C_temporal,0,test,1117267,1,0.5595024
C_temporal,0,test,1118542,0,0.6095442
C_temporal,0,test,1119067,1,0.5437242
C_temporal,0,test,1119591,1,0.6855946
C_temporal,0,test,1120775,1,0.6033586
C_temporal,0,test,1121443,0,0.47207546
C_temporal,0,test,1121623,1,0.73369837
C_temporal,0,test,1121672,1,0.55414903
C_temporal,0,test,1121926,1,0.6266096
C_temporal,0,test,1122760,0,0.56168294
C_temporal,0,test,1123500,1,0.60495543
C_temporal,0,test,1123559,0,0.6060948
C_temporal,0,test,1123910,1,0.624011
C_temporal,0,test,1124180,0,0.55012745
C_temporal,0,test,1124561,0,0.5767507
C_temporal,0,test,1124658,0,0.59689456
C_temporal,0,test,1125073,1,0.6028098
C_temporal,0,test,1125442,1,0.8152393
C_temporal,0,test,1125468,1,0.6506052
C_temporal,0,test,1125785,1,0.60328865
C_temporal,0,test,1125964,1,0.5536959
C_temporal,0,test,1126244,0,0.7019521
C_temporal,0,test,1126443,0,0.6344198
C_temporal,0,test,1127029,0,0.7717548
C_temporal,0,test,1127233,0,0.55075085
C_temporal,0,test,1127285,0,0.56595105
C_temporal,0,test,1127560,1,0.7355574
C_temporal,0,test,1128027,1,0.7671732
C_temporal,0,test,1128117,1,0.7256531
C_temporal,0,test,1128350,1,0.6579006
C_temporal,0,test,1129253,1,0.4964149
C_temporal,0,test,1129383,1,0.771608
C_temporal,0,test,1129695,1,0.8275037
C_temporal,0,test,1129961,0,0.6448876
C_temporal,0,test,1130530,0,0.61301595
C_temporal,0,test,1130533,1,0.6163472
C_temporal,0,test,1130623,0,0.63817894
C_temporal,0,test,1131355,1,0.56628764
C_temporal,0,test,1132251,1,0.69764394
C_temporal,0,test,1132286,0,0.54922473
C_temporal,0,test,1132874,1,0.594281
C_temporal,0,test,1133607,1,0.683958
C_temporal,0,test,1133778,1,0.5778957
C_temporal,0,test,1134518,0,0.56612265
C_temporal,0,test,1134921,1,0.5802289
C_temporal,0,test,1134927,1,0.4867302
C_temporal,0,test,1135001,1,0.63989615
C_temporal,0,test,1135191,0,0.6540686
C_temporal,0,test,1135626,1,0.69211185
C_temporal,0,test,1136569,0,0.599578
C_temporal,0,test,1136878,1,0.6114235
C_temporal,0,test,1136925,0,0.67186934
C_temporal,0,test,1136946,0,0.6555519
C_temporal,0,test,1136981,1,0.69441026
C_temporal,0,test,1137818,1,0.7738941
C_temporal,0,test,1138374,0,0.5395953
C_temporal,0,test,1138681,1,0.56350166
C_temporal,0,test,1139209,0,0.6036517
C_temporal,0,test,1139275,1,0.7523727
C_temporal,0,test,1139688,1,0.6365627
C_temporal,0,test,1139774,0,0.59071016
C_temporal,0,test,1139795,0,0.5329896
C_temporal,0,test,1142591,0,0.74064696
C_temporal,0,test,1143113,1,0.52558833
C_temporal,0,test,1144147,0,0.53585786
C_temporal,0,test,1144198,1,0.7150971
C_temporal,0,test,1144465,1,0.604534
C_temporal,0,test,1145207,0,0.70336276
C_temporal,0,test,1146057,0,0.75527894
C_temporal,0,test,1146208,0,0.6795192
C_temporal,0,test,1146369,1,0.7279162
C_temporal,0,test,1147189,1,0.62983197
C_temporal,0,test,1147877,1,0.60928327
C_temporal,0,test,1148116,1,0.606478
C_temporal,0,test,1148548,1,0.7561607
C_temporal,0,test,1149201,1,0.7520102
C_temporal,0,test,1150067,1,0.6122008
C_temporal,0,test,1150178,1,0.6434465
C_temporal,0,test,1151371,1,0.6752264
C_temporal,0,test,1151583,1,0.8051768
C_temporal,0,test,1152038,1,0.7003498
C_temporal,0,test,1152707,0,0.60055494
C_temporal,0,test,1152739,0,0.4897538
C_temporal,0,test,1153155,1,0.6683505
C_temporal,0,test,1153244,1,0.7510523
C_temporal,0,test,1154055,1,0.6974903
C_temporal,0,test,1155460,1,0.6796067
C_temporal,0,test,1155554,1,0.5684151
C_temporal,0,test,1156261,1,0.6799823
C_temporal,0,test,1156634,1,0.8182543
C_temporal,0,test,1156847,1,0.6333604
C_temporal,0,test,1206184,1,0.7989889
C_temporal,0,test,1206257,1,0.49422383
C_temporal,0,test,1206751,1,0.6775065
C_temporal,0,test,1206811,1,0.6168475
C_temporal,0,test,1206867,1,0.71886486
C_temporal,0,test,1207207,1,0.64131814
C_temporal,0,test,1208078,0,0.6878296
C_temporal,0,test,1208476,1,0.65821105
C_temporal,0,test,1208561,1,0.5984817
C_temporal,0,test,1209069,1,0.8077753
C_temporal,0,test,1209473,1,0.6279154
C_temporal,0,test,1209531,0,0.5153763
C_temporal,0,test,1209908,0,0.69410086
C_temporal,0,test,1210055,0,0.9148075
C_temporal,0,test,1210080,0,0.54074377
C_temporal,0,test,1212290,1,0.689756
C_temporal,0,test,1212582,1,0.7372928
C_temporal,0,test,1212738,1,0.87168163
C_temporal,0,test,1213041,1,0.64684665
C_temporal,0,test,1213071,1,0.5803521
C_temporal,0,test,1213667,0,0.49512172
C_temporal,0,test,1214248,1,0.6573995
C_temporal,0,test,1215252,0,0.5773545
C_temporal,0,test,1215452,0,0.68284976
C_temporal,0,test,1215586,0,0.5665615
C_temporal,0,test,1217110,1,0.520228
C_temporal,0,test,1217724,0,0.6101609
C_temporal,0,test,1217757,1,0.60788274
C_temporal,0,test,1218110,0,0.6718823
C_temporal,0,test,1218980,0,0.5540604
C_temporal,0,test,1219802,1,0.71714544
C_temporal,0,test,1220156,0,0.9730301
C_temporal,0,test,1220269,0,0.7134813
C_temporal,0,test,1220796,1,0.7313066
C_temporal,0,test,1220900,1,0.5919267
C_temporal,0,test,1221603,1,0.64817184
C_temporal,0,test,1221685,1,0.72479665
C_temporal,0,test,1221764,1,0.6965082
C_temporal,0,test,1222037,1,0.7750722
C_temporal,0,test,1222048,1,0.6278664
C_temporal,0,test,1222069,1,0.66995853
C_temporal,0,test,1222115,0,0.4835201
C_temporal,0,test,1222124,1,0.66328627
C_temporal,0,test,1222410,0,0.6874168
C_temporal,0,test,1223017,1,0.61780167
C_temporal,0,test,1223272,1,0.625952
C_temporal,0,test,1224094,0,0.5223018
C_temporal,0,test,1224536,1,0.7262085
C_temporal,0,test,1225262,1,0.6317096
C_temporal,0,test,1225309,1,0.7229329
C_temporal,0,test,1225334,0,0.8029405
C_temporal,0,test,1225413,1,0.69423395
C_temporal,0,test,1225553,1,0.6212866
C_temporal,0,test,1225716,0,0.61749804
C_temporal,0,test,1225843,0,0.64280707
C_temporal,0,test,1225945,0,0.6332371
C_temporal,0,test,1226065,1,0.7294972
C_temporal,0,test,1226708,1,0.64889276
C_temporal,0,test,1226825,1,0.59015507
C_temporal,0,test,1227138,0,0.56561345
C_temporal,0,test,1227755,1,0.72421074
C_temporal,0,test,1228267,1,0.55443156
C_temporal,0,test,1228453,1,0.79352677
C_temporal,0,test,1228747,1,0.77127516
C_temporal,0,test,1228820,0,0.4741838
C_temporal,0,test,1229345,1,0.67691
C_temporal,0,test,1229976,1,0.6981026
C_temporal,0,test,1230265,1,0.80288553
C_temporal,0,test,1230721,1,0.6530484
C_temporal,0,test,1230724,1,0.77036583
C_temporal,0,test,1231353,1,0.73358566
C_temporal,0,test,1231734,1,0.6897889
C_temporal,0,test,1231841,0,0.68970835
C_temporal,0,test,1232099,0,0.6159653
C_temporal,0,test,1233084,1,0.62048733
C_temporal,0,test,1233147,1,0.50967395
C_temporal,0,test,1233618,0,0.52940047
C_temporal,0,test,1233777,1,0.5804682
C_temporal,0,test,1234410,0,0.6709158
C_temporal,0,test,1234413,1,0.5027656
C_temporal,0,test,1234672,0,0.5802215
C_temporal,0,test,1235697,1,0.4796602
C_temporal,0,test,1236071,1,0.640971
C_temporal,0,test,1236191,1,0.6859757
C_temporal,0,test,1236410,0,0.63238525
C_temporal,0,test,1237123,0,0.61565846
C_temporal,0,test,1237184,0,0.5811257
C_temporal,0,test,1237496,1,0.7834477
C_temporal,0,test,1237508,1,0.7053185
C_temporal,0,test,1237793,1,0.61273724
C_temporal,0,test,1237971,1,0.68862057
C_temporal,0,test,1238001,0,0.58769494
C_temporal,0,test,1238292,0,0.69544524
C_temporal,0,test,1238406,0,0.7897309
C_temporal,0,test,1238413,1,0.5517227
C_temporal,0,test,1238443,0,0.56160563
C_temporal,0,test,1238501,0,0.6232298
C_temporal,0,test,1238523,1,0.6870844
C_temporal,0,test,1238553,1,0.60978234
C_temporal,0,test,1238636,1,0.8014042
C_temporal,0,test,1238817,0,0.6351793
C_temporal,0,test,1238964,1,0.8066045
C_temporal,0,test,1239079,1,0.52192956
C_temporal,0,test,1239094,1,0.7852787
C_temporal,0,test,1239224,1,0.55328804
C_temporal,0,test,1239458,0,0.7973976
C_temporal,0,test,1239936,0,0.6026384
C_temporal,0,test,1240378,1,0.6182773
C_temporal,0,test,1240433,1,0.6136591
C_temporal,0,test,1241090,0,0.5538632
C_temporal,0,test,1241104,0,0.5811912
C_temporal,0,test,1241937,0,0.52299637
C_temporal,0,test,1241954,1,0.7592361
C_temporal,0,test,1242009,1,0.46252215
C_temporal,0,test,1242021,1,0.65001976
C_temporal,0,test,1242267,1,0.7099547
C_temporal,0,test,1242424,1,0.62836254
C_temporal,0,test,1242536,1,0.71558106
C_temporal,0,test,1242725,1,0.6816917
C_temporal,0,test,1242729,1,0.70039815
C_temporal,0,test,1242755,0,0.69079274
C_temporal,0,test,1242831,0,0.6286334
C_temporal,0,test,1243295,1,0.7547122
C_temporal,0,test,1243442,0,0.6386078
C_temporal,0,test,1243523,0,0.66689444
C_temporal,0,test,1244763,0,0.5963554
C_temporal,0,test,1245846,1,0.49134165
C_shuffled,0,val,1122,0,0.694915
C_shuffled,0,val,4993,1,0.61512125
C_shuffled,0,val,15488,1,0.57462746
C_shuffled,0,val,20593,1,0.4845504
C_shuffled,0,val,22854,1,0.66779435
C_shuffled,0,val,32097,1,0.65669864
C_shuffled,0,val,33645,0,0.47734955
C_shuffled,0,val,40597,1,0.5926268
C_shuffled,0,val,50696,1,0.559699
C_shuffled,0,val,52327,1,0.69173473
C_shuffled,0,val,54388,0,0.5868158
C_shuffled,0,val,57684,1,0.7495116
C_shuffled,0,val,58630,1,0.82198185
C_shuffled,0,val,59792,0,0.5431162
C_shuffled,0,val,72432,1,0.55938417
C_shuffled,0,val,76273,1,0.6407156
C_shuffled,0,val,85978,1,0.5281745
C_shuffled,0,val,86840,1,0.72810465
C_shuffled,0,val,87973,1,0.6450027
C_shuffled,0,val,91249,1,0.53225666
C_shuffled,0,val,112607,1,0.607543
C_shuffled,0,val,112715,1,0.6633872
C_shuffled,0,val,123208,1,0.7731281
C_shuffled,0,val,140328,0,0.755538
C_shuffled,0,val,141620,1,0.63379943
C_shuffled,0,val,143454,0,0.6516878
C_shuffled,0,val,144004,0,0.55528784
C_shuffled,0,val,145109,1,0.57651466
C_shuffled,0,val,149348,1,0.6474771
C_shuffled,0,val,152430,1,0.63473487
C_shuffled,0,val,154041,1,0.67651373
C_shuffled,0,val,157449,1,0.7367867
C_shuffled,0,val,162518,1,0.5503701
C_shuffled,0,val,163423,1,0.7896528
C_shuffled,0,val,165324,0,0.62545294
C_shuffled,0,val,165400,0,0.61717415
C_shuffled,0,val,169372,1,0.6965312
C_shuffled,0,val,171833,1,0.6519186
C_shuffled,0,val,171896,1,0.55881137
C_shuffled,0,val,172578,1,0.63426626
C_shuffled,0,val,173162,0,0.5127182
C_shuffled,0,val,176133,1,0.7943843
C_shuffled,0,val,184936,1,0.6034811
C_shuffled,0,val,191335,0,0.59873295
C_shuffled,0,val,193149,0,0.6401577
C_shuffled,0,val,203640,1,0.58925825
C_shuffled,0,val,207233,1,0.7263502
C_shuffled,0,val,213739,0,0.6394625
C_shuffled,0,val,228543,1,0.7918924
C_shuffled,0,val,234247,0,0.5247884
C_shuffled,0,val,237953,1,0.33555853
C_shuffled,0,val,238407,0,0.49429572
C_shuffled,0,val,240229,0,0.55038506
C_shuffled,0,val,243108,1,0.89864314
C_shuffled,0,val,250983,0,0.68753886
C_shuffled,0,val,258462,0,0.5981887
C_shuffled,0,val,269426,1,0.5098523
C_shuffled,0,val,273826,1,0.7553704
C_shuffled,0,val,278485,0,0.6425295
C_shuffled,0,val,280452,0,0.59033567
C_shuffled,0,val,282212,1,0.6210577
C_shuffled,0,val,289992,1,0.63821113
C_shuffled,0,val,292872,0,0.57918704
C_shuffled,0,val,299698,1,0.45665175
C_shuffled,0,val,303683,0,0.54739535
C_shuffled,0,val,308426,1,0.60035616
C_shuffled,0,val,308485,0,0.74653554
C_shuffled,0,val,319549,1,0.8004633
C_shuffled,0,val,321109,0,0.6204411
C_shuffled,0,val,321989,1,0.82270694
C_shuffled,0,val,323718,1,0.6010925
C_shuffled,0,val,323797,0,0.6237166
C_shuffled,0,val,325318,0,0.5943268
C_shuffled,0,val,328655,0,0.56502104
C_shuffled,0,val,332529,1,0.7609585
C_shuffled,0,val,335955,1,0.51032823
C_shuffled,0,val,338273,1,0.69120485
C_shuffled,0,val,345087,1,0.6268519
C_shuffled,0,val,345361,1,0.61186224
C_shuffled,0,val,347257,1,0.6116189
C_shuffled,0,val,349058,1,0.83362806
C_shuffled,0,val,350012,1,0.71848094
C_shuffled,0,val,350472,0,0.7475775
C_shuffled,0,val,352441,0,0.6249311
C_shuffled,0,val,352893,1,0.5377338
C_shuffled,0,val,353416,1,0.8062805
C_shuffled,0,val,357322,0,0.60860044
C_shuffled,0,val,364228,1,0.4950862
C_shuffled,0,val,364440,0,0.6985772
C_shuffled,0,val,368436,1,0.7186684
C_shuffled,0,val,369818,1,0.65654296
C_shuffled,0,val,372332,1,0.7737116
C_shuffled,0,val,375294,1,0.5320059
C_shuffled,0,val,376880,1,0.7686514
C_shuffled,0,val,377217,1,0.7772213
C_shuffled,0,val,377703,1,0.79528606
C_shuffled,0,val,400944,1,0.6580578
C_shuffled,0,val,406676,1,0.56886506
C_shuffled,0,val,407827,1,0.7195489
C_shuffled,0,val,412716,1,0.8777109
C_shuffled,0,val,416249,1,0.5876265
C_shuffled,0,val,420633,1,0.5060125
C_shuffled,0,val,421283,1,0.59475136
C_shuffled,0,val,421437,0,0.62566805
C_shuffled,0,val,423553,1,0.63979405
C_shuffled,0,val,431921,0,0.72206897
C_shuffled,0,val,432168,1,0.4577248
C_shuffled,0,val,432906,1,0.6281262
C_shuffled,0,val,433303,1,0.6582455
C_shuffled,0,val,443207,1,0.6489323
C_shuffled,0,val,445318,0,0.63943696
C_shuffled,0,val,448027,0,0.48991236
C_shuffled,0,val,463298,1,0.70415926
C_shuffled,0,val,469812,0,0.5319377
C_shuffled,0,val,469865,1,0.72762656
C_shuffled,0,val,474601,1,0.6236662
C_shuffled,0,val,475893,0,0.8233298
C_shuffled,0,val,482448,0,0.63825095
C_shuffled,0,val,487378,0,0.6526652
C_shuffled,0,val,488665,0,0.63174933
C_shuffled,0,val,490941,0,0.6269038
C_shuffled,0,val,496270,1,0.5607036
C_shuffled,0,val,502585,0,0.6900317
C_shuffled,0,val,507011,1,0.7824385
C_shuffled,0,val,509624,1,0.68416375
C_shuffled,0,val,512180,1,0.72981477
C_shuffled,0,val,517848,1,0.80835223
C_shuffled,0,val,518232,1,0.61153287
C_shuffled,0,val,520868,0,0.7540396
C_shuffled,0,val,526837,0,0.5144542
C_shuffled,0,val,529902,1,0.6657778
C_shuffled,0,val,530038,1,0.83078194
C_shuffled,0,val,531104,1,0.6966345
C_shuffled,0,val,532533,1,0.65177774
C_shuffled,0,val,545205,0,0.46124068
C_shuffled,0,val,546258,1,0.6650481
C_shuffled,0,val,549363,0,0.5283329
C_shuffled,0,val,552325,0,0.47404158
C_shuffled,0,val,552424,0,0.69130903
C_shuffled,0,val,556177,0,0.7356583
C_shuffled,0,val,563033,0,0.5781269
C_shuffled,0,val,564394,0,0.48403853
C_shuffled,0,val,577668,1,0.7779147
C_shuffled,0,val,578084,0,0.5639946
C_shuffled,0,val,583338,1,0.6778219
C_shuffled,0,val,588986,1,0.53212583
C_shuffled,0,val,592548,0,0.61303425
C_shuffled,0,val,599396,0,0.5987284
C_shuffled,0,val,605160,0,0.6679714
C_shuffled,0,val,607813,0,0.59814066
C_shuffled,0,val,608740,0,0.501658
C_shuffled,0,val,614481,0,0.51360136
C_shuffled,0,val,615119,1,0.93432045
C_shuffled,0,val,615631,1,0.7631556
C_shuffled,0,val,625366,1,0.67290497
C_shuffled,0,val,629729,1,0.6143097
C_shuffled,0,val,647436,0,0.5547973
C_shuffled,0,val,650259,0,0.7442351
C_shuffled,0,val,651309,0,0.65319026
C_shuffled,0,val,651758,1,0.7863094
C_shuffled,0,val,652123,0,0.5131122
C_shuffled,0,val,652279,0,0.5090201
C_shuffled,0,val,656122,1,0.7036539
C_shuffled,0,val,656138,1,0.49707586
C_shuffled,0,val,660061,1,0.6418733
C_shuffled,0,val,660533,0,0.69676775
C_shuffled,0,val,660938,1,0.71948576
C_shuffled,0,val,665029,1,0.6349652
C_shuffled,0,val,665050,1,0.7434283
C_shuffled,0,val,670244,1,0.587807
C_shuffled,0,val,671325,0,0.52931386
C_shuffled,0,val,671576,0,0.5782864
C_shuffled,0,val,673052,1,0.6585262
C_shuffled,0,val,675660,0,0.5989662
C_shuffled,0,val,678199,0,0.7183764
C_shuffled,0,val,680266,0,0.6542213
C_shuffled,0,val,682914,1,0.66704786
C_shuffled,0,val,692799,1,0.6630668
C_shuffled,0,val,696774,1,0.64773357
C_shuffled,0,val,700558,1,0.605861
C_shuffled,0,val,703048,0,0.77715766
C_shuffled,0,val,705906,1,0.6368308
C_shuffled,0,val,710625,1,0.75398934
C_shuffled,0,val,712016,1,0.72763413
C_shuffled,0,val,718704,1,0.7922864
C_shuffled,0,val,726126,0,0.7562622
C_shuffled,0,val,734224,0,0.71086633
C_shuffled,0,val,738172,0,0.57824373
C_shuffled,0,val,738715,0,0.6529462
C_shuffled,0,val,739530,1,0.5438366
C_shuffled,0,val,740043,1,0.5892235
C_shuffled,0,val,743121,1,0.7819115
C_shuffled,0,val,743318,0,0.58630645
C_shuffled,0,val,745489,1,0.61908966
C_shuffled,0,val,747568,1,0.7448144
C_shuffled,0,val,747710,0,0.72129875
C_shuffled,0,val,748105,0,0.80918854
C_shuffled,0,val,755156,1,0.52090675
C_shuffled,0,val,755914,1,0.78662604
C_shuffled,0,val,761233,1,0.80298686
C_shuffled,0,val,765473,1,0.6342488
C_shuffled,0,val,765954,0,0.5212551
C_shuffled,0,val,766763,1,0.51711303
C_shuffled,0,val,767066,1,0.6749786
C_shuffled,0,val,783025,1,0.65915704
C_shuffled,0,val,788241,1,0.6247999
C_shuffled,0,val,789437,1,0.5426674
C_shuffled,0,val,789824,0,0.580063
C_shuffled,0,val,793726,0,0.5603617
C_shuffled,0,val,803606,1,0.6754024
C_shuffled,0,val,809689,0,0.51087815
C_shuffled,0,val,817197,0,0.558996
C_shuffled,0,val,822633,1,0.7064482
C_shuffled,0,val,829142,1,0.70316625
C_shuffled,0,val,829874,0,0.6177577
C_shuffled,0,val,833210,1,0.6010938
C_shuffled,0,val,835716,0,0.49470317
C_shuffled,0,val,835833,1,0.6055733
C_shuffled,0,val,839278,1,0.67917526
C_shuffled,0,val,847036,1,0.61201143
C_shuffled,0,val,848723,1,0.5130467
C_shuffled,0,val,849472,1,0.75794756
C_shuffled,0,val,853842,1,0.74090433
C_shuffled,0,val,857171,1,0.55074376
C_shuffled,0,val,859109,1,0.6657383
C_shuffled,0,val,860360,1,0.58117425
C_shuffled,0,val,866895,0,0.8362339
C_shuffled,0,val,868318,0,0.56990325
C_shuffled,0,val,870739,1,0.5570438
C_shuffled,0,val,883479,0,0.46492162
C_shuffled,0,val,883804,1,0.76335305
C_shuffled,0,val,885394,1,0.5101304
C_shuffled,0,val,886279,1,0.65103805
C_shuffled,0,val,898035,1,0.5733625
C_shuffled,0,val,900648,1,0.5503111
C_shuffled,0,val,903410,1,0.5677349
C_shuffled,0,val,936352,0,0.532127
C_shuffled,0,val,950405,1,0.64840925
C_shuffled,0,val,951465,0,0.7701148
C_shuffled,0,val,951846,0,0.7689984
C_shuffled,0,val,963197,1,0.8273773
C_shuffled,0,val,970382,1,0.551666
C_shuffled,0,val,975370,0,0.8200133
C_shuffled,0,val,975728,0,0.56203115
C_shuffled,0,val,976220,1,0.707394
C_shuffled,0,val,977714,1,0.82723397
C_shuffled,0,val,979369,1,0.74006176
C_shuffled,0,val,979917,1,0.72231394
C_shuffled,0,val,981736,0,0.577772
C_shuffled,0,val,983916,1,0.46851844
C_shuffled,0,val,986074,1,0.78802884
C_shuffled,0,val,987997,1,0.8020853
C_shuffled,0,val,988071,0,0.5710587
C_shuffled,0,val,989315,1,0.737928
C_shuffled,0,val,991060,1,0.5795364
C_shuffled,0,val,991790,1,0.6642191
C_shuffled,0,val,991972,1,0.56609154
C_shuffled,0,val,993562,1,0.64294463
C_shuffled,0,val,994960,0,0.6187419
C_shuffled,0,val,997176,0,0.51081026
C_shuffled,0,val,999980,0,0.67066425
C_shuffled,0,val,1002249,1,0.6275458
C_shuffled,0,val,1005121,1,0.49489585
C_shuffled,0,val,1007363,0,0.6047519
C_shuffled,0,val,1009347,1,0.6740032
C_shuffled,0,val,1013371,1,0.8732605
C_shuffled,0,val,1026684,1,0.4929878
C_shuffled,0,val,1027441,1,0.624954
C_shuffled,0,val,1029373,1,0.81274
C_shuffled,0,val,1042457,0,0.5590029
C_shuffled,0,val,1043319,0,0.564028
C_shuffled,0,val,1049886,1,0.71382505
C_shuffled,0,val,1057350,0,0.65190023
C_shuffled,0,val,1057961,0,0.50875425
C_shuffled,0,val,1058939,1,0.5662255
C_shuffled,0,val,1065288,0,0.5391109
C_shuffled,0,val,1065613,0,0.66955423
C_shuffled,0,val,1067177,1,0.646796
C_shuffled,0,val,1067946,0,0.5226523
C_shuffled,0,val,1068390,1,0.6957286
C_shuffled,0,val,1068928,0,0.6111718
C_shuffled,0,val,1070070,1,0.6646586
C_shuffled,0,val,1070472,0,0.4964391
C_shuffled,0,val,1070686,0,0.7493651
C_shuffled,0,val,1071801,0,0.630611
C_shuffled,0,val,1072395,1,0.6607589
C_shuffled,0,val,1073156,1,0.67014223
C_shuffled,0,val,1073471,1,0.72335076
C_shuffled,0,val,1074753,0,0.89311486
C_shuffled,0,val,1077187,1,0.65719885
C_shuffled,0,val,1079282,1,0.7958432
C_shuffled,0,val,1080609,0,0.7151176
C_shuffled,0,val,1081377,0,0.7587864
C_shuffled,0,val,1082433,0,0.5856266
C_shuffled,0,val,1082987,0,0.6464111
C_shuffled,0,val,1083817,1,0.6612829
C_shuffled,0,val,1084185,0,0.6010866
C_shuffled,0,val,1085216,0,0.6083357
C_shuffled,0,val,1087797,1,0.7664083
C_shuffled,0,val,1088105,1,0.602307
C_shuffled,0,val,1088918,1,0.46871942
C_shuffled,0,val,1091670,1,0.6421771
C_shuffled,0,val,1092408,1,0.804411
C_shuffled,0,val,1092437,1,0.7567303
C_shuffled,0,val,1092889,1,0.61311
C_shuffled,0,val,1092948,1,0.5835823
C_shuffled,0,val,1093200,0,0.592625
C_shuffled,0,val,1093743,0,0.52747905
C_shuffled,0,val,1093823,1,0.5833978
C_shuffled,0,val,1096850,1,0.6898117
C_shuffled,0,val,1097996,1,0.5124824
C_shuffled,0,val,1099660,1,0.5609549
C_shuffled,0,val,1102314,1,0.67403114
C_shuffled,0,val,1103360,1,0.64674276
C_shuffled,0,val,1104219,1,0.54304403
C_shuffled,0,val,1104443,1,0.6078823
C_shuffled,0,val,1104599,1,0.7317213
C_shuffled,0,val,1104649,1,0.68091345
C_shuffled,0,val,1104803,0,0.581859
C_shuffled,0,val,1105121,0,0.8087379
C_shuffled,0,val,1105416,1,0.76878476
C_shuffled,0,val,1105688,1,0.5820236
C_shuffled,0,val,1105902,1,0.68340516
C_shuffled,0,val,1105904,0,0.61519444
C_shuffled,0,val,1106632,0,0.52009535
C_shuffled,0,val,1107348,1,0.65975636
C_shuffled,0,val,1108706,1,0.72923684
C_shuffled,0,val,1108945,1,0.73168325
C_shuffled,0,val,1108949,1,0.6209349
C_shuffled,0,val,1109030,1,0.73499525
C_shuffled,0,val,1109526,1,0.66490906
C_shuffled,0,val,1109829,1,0.5913907
C_shuffled,0,val,1110232,1,0.7498285
C_shuffled,0,val,1111153,0,0.6539035
C_shuffled,0,val,1111471,1,0.8211528
C_shuffled,0,val,1111860,1,0.6446324
C_shuffled,0,val,1111920,1,0.7417078
C_shuffled,0,val,1112111,1,0.6630659
C_shuffled,0,val,1112465,1,0.5406477
C_shuffled,0,val,1113756,1,0.8277649
C_shuffled,0,val,1114556,0,0.631038
C_shuffled,0,val,1115316,1,0.73850566
C_shuffled,0,val,1115713,1,0.5699355
C_shuffled,0,val,1116372,1,0.6005074
C_shuffled,0,val,1116860,1,0.5296079
C_shuffled,0,val,1118398,1,0.7304431
C_shuffled,0,val,1118773,0,0.5577532
C_shuffled,0,val,1119526,1,0.6999839
C_shuffled,0,val,1119929,0,0.59494585
C_shuffled,0,val,1120625,1,0.50418365
C_shuffled,0,val,1121493,0,0.49506688
C_shuffled,0,val,1121766,1,0.45686814
C_shuffled,0,val,1121995,0,0.6941603
C_shuffled,0,val,1122004,0,0.6352116
C_shuffled,0,val,1122557,1,0.6032921
C_shuffled,0,val,1122626,1,0.62086695
C_shuffled,0,val,1122659,1,0.48813236
C_shuffled,0,val,1123484,0,0.74632704
C_shuffled,0,val,1123572,0,0.5844287
C_shuffled,0,val,1123858,0,0.6016121
C_shuffled,0,val,1124330,0,0.5914991
C_shuffled,0,val,1125095,0,0.6276949
C_shuffled,0,val,1126146,0,0.5561279
C_shuffled,0,val,1126844,0,0.71305597
C_shuffled,0,val,1127703,1,0.80117
C_shuffled,0,val,1127812,1,0.48762488
C_shuffled,0,val,1128031,1,0.6437174
C_shuffled,0,val,1128952,0,0.6549088
C_shuffled,0,val,1129029,0,0.476035
C_shuffled,0,val,1129826,1,0.5551694
C_shuffled,0,val,1129953,0,0.37517312
C_shuffled,0,val,1129979,1,0.5744272
C_shuffled,0,val,1131254,0,0.7541311
C_shuffled,0,val,1131656,1,0.69438744
C_shuffled,0,val,1131818,1,0.74128056
C_shuffled,0,val,1131831,1,0.7346808
C_shuffled,0,val,1131906,1,0.7450236
C_shuffled,0,val,1132886,0,0.65462536
C_shuffled,0,val,1134339,0,0.52887124
C_shuffled,0,val,1136675,1,0.70021063
C_shuffled,0,val,1136723,0,0.59956604
C_shuffled,0,val,1136790,1,0.84459376
C_shuffled,0,val,1137743,1,0.67286056
C_shuffled,0,val,1137897,1,0.77063906
C_shuffled,0,val,1138091,1,0.38777298
C_shuffled,0,val,1138316,1,0.5938929
C_shuffled,0,val,1138699,0,0.41879347
C_shuffled,0,val,1138864,1,0.5224097
C_shuffled,0,val,1139249,1,0.760293
C_shuffled,0,val,1140109,1,0.77823997
C_shuffled,0,val,1141785,0,0.5098209
C_shuffled,0,val,1142584,0,0.6822454
C_shuffled,0,val,1142724,0,0.7500757
C_shuffled,0,val,1142803,1,0.6368426
C_shuffled,0,val,1142989,1,0.6785278
C_shuffled,0,val,1143781,1,0.7232957
C_shuffled,0,val,1144322,1,0.5949866
C_shuffled,0,val,1144734,1,0.79174536
C_shuffled,0,val,1144789,1,0.63703966
C_shuffled,0,val,1145284,1,0.7056358
C_shuffled,0,val,1145385,0,0.58677936
C_shuffled,0,val,1145393,1,0.865953
C_shuffled,0,val,1146323,0,0.61027527
C_shuffled,0,val,1146488,0,0.5918899
C_shuffled,0,val,1147005,0,0.5449093
C_shuffled,0,val,1147155,1,0.56456417
C_shuffled,0,val,1148332,1,0.687276
C_shuffled,0,val,1148772,1,0.6002571
C_shuffled,0,val,1148848,1,0.6568502
C_shuffled,0,val,1149102,1,0.67489666
C_shuffled,0,val,1149196,0,0.66841346
C_shuffled,0,val,1149831,1,0.6675197
C_shuffled,0,val,1149916,1,0.5535579
C_shuffled,0,val,1151020,0,0.44768137
C_shuffled,0,val,1151121,1,0.6519993
C_shuffled,0,val,1151387,0,0.65984005
C_shuffled,0,val,1152700,1,0.6071196
C_shuffled,0,val,1152931,1,0.4595799
C_shuffled,0,val,1153914,1,0.5801939
C_shuffled,0,val,1154175,1,0.66403574
C_shuffled,0,val,1154313,1,0.69540733
C_shuffled,0,val,1154492,1,0.70282567
C_shuffled,0,val,1154712,1,0.7175285
C_shuffled,0,val,1155519,1,0.7871611
C_shuffled,0,val,1156023,1,0.6493947
C_shuffled,0,val,1156386,1,0.6547026
C_shuffled,0,val,1156739,1,0.5299413
C_shuffled,0,val,1157101,1,0.6383826
C_shuffled,0,val,1157142,1,0.64584136
C_shuffled,0,val,1157190,1,0.62587255
C_shuffled,0,val,1205889,1,0.7905797
C_shuffled,0,val,1206308,0,0.7062879
C_shuffled,0,val,1206310,1,0.5884769
C_shuffled,0,val,1206335,0,0.5494002
C_shuffled,0,val,1206411,1,0.6684609
C_shuffled,0,val,1206714,1,0.8224912
C_shuffled,0,val,1206862,1,0.7040978
C_shuffled,0,val,1206997,1,0.56402355
C_shuffled,0,val,1207017,1,0.48378858
C_shuffled,0,val,1207479,0,0.71019924
C_shuffled,0,val,1208422,1,0.71559805
C_shuffled,0,val,1208870,1,0.7948891
C_shuffled,0,val,1208898,1,0.6794611
C_shuffled,0,val,1209429,1,0.58924985
C_shuffled,0,val,1209873,1,0.73395896
C_shuffled,0,val,1209935,0,0.7619415
C_shuffled,0,val,1209975,1,0.59613216
C_shuffled,0,val,1210100,0,0.565027
C_shuffled,0,val,1210408,0,0.7236294
C_shuffled,0,val,1210816,1,0.5665228
C_shuffled,0,val,1211345,1,0.5603916
C_shuffled,0,val,1211778,0,0.58296776
C_shuffled,0,val,1212354,0,0.51940584
C_shuffled,0,val,1212408,1,0.7406714
C_shuffled,0,val,1212451,0,0.6857643
C_shuffled,0,val,1212865,1,0.7368431
C_shuffled,0,val,1214345,1,0.52509403
C_shuffled,0,val,1214456,0,0.6308262
C_shuffled,0,val,1214506,1,0.72583437
C_shuffled,0,val,1214832,0,0.5998114
C_shuffled,0,val,1214928,1,0.7581897
C_shuffled,0,val,1215070,1,0.654083
C_shuffled,0,val,1215193,1,0.8120408
C_shuffled,0,val,1215869,0,0.5812812
C_shuffled,0,val,1215921,1,0.6375676
C_shuffled,0,val,1216036,1,0.577552
C_shuffled,0,val,1216145,0,0.8099225
C_shuffled,0,val,1216150,1,0.59503233
C_shuffled,0,val,1216691,1,0.6497699
C_shuffled,0,val,1216776,1,0.6851566
C_shuffled,0,val,1217218,0,0.5401987
C_shuffled,0,val,1218288,1,0.6174166
C_shuffled,0,val,1219153,0,0.62947625
C_shuffled,0,val,1219634,1,0.7117626
C_shuffled,0,val,1219751,1,0.7867018
C_shuffled,0,val,1220037,1,0.71574676
C_shuffled,0,val,1220380,1,0.5802671
C_shuffled,0,val,1220552,1,0.7764238
C_shuffled,0,val,1220699,1,0.5920296
C_shuffled,0,val,1220871,0,0.903615
C_shuffled,0,val,1220940,1,0.597144
C_shuffled,0,val,1220988,0,0.7109955
C_shuffled,0,val,1221019,0,0.6808115
C_shuffled,0,val,1221341,1,0.5317545
C_shuffled,0,val,1221355,1,0.83317316
C_shuffled,0,val,1221883,0,0.56189
C_shuffled,0,val,1222336,0,0.8016765
C_shuffled,0,val,1222850,1,0.7744456
C_shuffled,0,val,1223328,1,0.44877034
C_shuffled,0,val,1223459,1,0.5560699
C_shuffled,0,val,1223516,1,0.6136308
C_shuffled,0,val,1223773,1,0.52276665
C_shuffled,0,val,1223969,1,0.6774357
C_shuffled,0,val,1224343,1,0.5906879
C_shuffled,0,val,1224547,1,0.53994554
C_shuffled,0,val,1225284,0,0.68203753
C_shuffled,0,val,1225298,1,0.6049354
C_shuffled,0,val,1225341,1,0.64540064
C_shuffled,0,val,1225605,0,0.49818856
C_shuffled,0,val,1225635,1,0.56248724
C_shuffled,0,val,1226641,1,0.80732346
C_shuffled,0,val,1226794,0,0.6369611
C_shuffled,0,val,1226937,0,0.8492626
C_shuffled,0,val,1227192,1,0.573416
C_shuffled,0,val,1227414,0,0.49136546
C_shuffled,0,val,1227765,1,0.5481379
C_shuffled,0,val,1228018,1,0.73706424
C_shuffled,0,val,1229147,0,0.5756173
C_shuffled,0,val,1229368,0,0.656166
C_shuffled,0,val,1230131,1,0.6791445
C_shuffled,0,val,1230574,0,0.6108419
C_shuffled,0,val,1230810,1,0.708307
C_shuffled,0,val,1231276,1,0.768216
C_shuffled,0,val,1231535,1,0.49367318
C_shuffled,0,val,1231638,1,0.60565054
C_shuffled,0,val,1231979,1,0.68981403
C_shuffled,0,val,1232188,1,0.77654225
C_shuffled,0,val,1232212,1,0.78617954
C_shuffled,0,val,1232478,1,0.7211034
C_shuffled,0,val,1233203,1,0.66567785
C_shuffled,0,val,1234521,0,0.4934119
C_shuffled,0,val,1234553,0,0.67135125
C_shuffled,0,val,1234862,0,0.7389874
C_shuffled,0,val,1235039,1,0.8028799
C_shuffled,0,val,1235236,1,0.6462258
C_shuffled,0,val,1235254,0,0.5614132
C_shuffled,0,val,1235265,1,0.7424351
C_shuffled,0,val,1235336,1,0.59381
C_shuffled,0,val,1235381,1,0.45989633
C_shuffled,0,val,1235500,1,0.7463992
C_shuffled,0,val,1235590,1,0.7451021
C_shuffled,0,val,1235597,1,0.6266181
C_shuffled,0,val,1235650,0,0.86559916
C_shuffled,0,val,1235882,0,0.58109254
C_shuffled,0,val,1235914,0,0.6245901
C_shuffled,0,val,1235985,1,0.6042926
C_shuffled,0,val,1236187,0,0.59618145
C_shuffled,0,val,1236418,1,0.7463112
C_shuffled,0,val,1236751,1,0.66208196
C_shuffled,0,val,1236985,1,0.52442336
C_shuffled,0,val,1237033,1,0.6835144
C_shuffled,0,val,1237440,1,0.7018012
C_shuffled,0,val,1237491,1,0.81170726
C_shuffled,0,val,1237647,0,0.7358893
C_shuffled,0,val,1237832,1,0.7161739
C_shuffled,0,val,1238203,1,0.70558053
C_shuffled,0,val,1238264,1,0.5540737
C_shuffled,0,val,1238521,1,0.55701476
C_shuffled,0,val,1238583,0,0.6945342
C_shuffled,0,val,1238664,1,0.68793523
C_shuffled,0,val,1238865,1,0.70356184
C_shuffled,0,val,1238923,0,0.7190326
C_shuffled,0,val,1238960,1,0.7211717
C_shuffled,0,val,1239212,0,0.57652485
C_shuffled,0,val,1239427,1,0.76188326
C_shuffled,0,val,1239609,1,0.73034006
C_shuffled,0,val,1239693,0,0.67523277
C_shuffled,0,val,1239701,0,0.5747478
C_shuffled,0,val,1239841,1,0.51967466
C_shuffled,0,val,1240131,1,0.67261964
C_shuffled,0,val,1240238,0,0.37824857
C_shuffled,0,val,1240953,0,0.59516317
C_shuffled,0,val,1241185,0,0.5687098
C_shuffled,0,val,1241453,0,0.6445223
C_shuffled,0,val,1241779,1,0.697953
C_shuffled,0,val,1241841,1,0.51025766
C_shuffled,0,val,1242381,0,0.6331476
C_shuffled,0,val,1242508,1,0.74578017
C_shuffled,0,val,1242535,1,0.6189109
C_shuffled,0,val,1242667,0,0.57203394
C_shuffled,0,val,1242673,1,0.48631623
C_shuffled,0,val,1243802,0,0.6352736
C_shuffled,0,val,1243838,0,0.73316175
C_shuffled,0,val,1243992,1,0.4784844
C_shuffled,0,val,1243993,0,0.6003458
C_shuffled,0,val,1245441,1,0.4777414
C_shuffled,0,val,1245905,1,0.6270478
C_shuffled,0,val,1246508,0,0.61592585
C_shuffled,0,val,1246702,1,0.60740274
C_shuffled,0,test,1685,1,0.775388
C_shuffled,0,test,16787,0,0.67702526
C_shuffled,0,test,19126,1,0.6482144
C_shuffled,0,test,19450,0,0.7178056
C_shuffled,0,test,28836,1,0.81413096
C_shuffled,0,test,30502,1,0.5316675
C_shuffled,0,test,33225,1,0.6290043
C_shuffled,0,test,34146,1,0.7016671
C_shuffled,0,test,34428,0,0.5859905
C_shuffled,0,test,42331,1,0.7395171
C_shuffled,0,test,42450,1,0.7455964
C_shuffled,0,test,42908,1,0.6597283
C_shuffled,0,test,43628,1,0.60056055
C_shuffled,0,test,56380,1,0.8221277
C_shuffled,0,test,60519,1,0.57779086
C_shuffled,0,test,70147,0,0.6552266
C_shuffled,0,test,71731,1,0.5990165
C_shuffled,0,test,72256,1,0.6937796
C_shuffled,0,test,75558,1,0.5836711
C_shuffled,0,test,78778,0,0.61229557
C_shuffled,0,test,80412,1,0.6690998
C_shuffled,0,test,86179,1,0.79251033
C_shuffled,0,test,86305,1,0.6049886
C_shuffled,0,test,86310,1,0.63937545
C_shuffled,0,test,99452,0,0.67294735
C_shuffled,0,test,100693,1,0.97708696
C_shuffled,0,test,105892,1,0.599711
C_shuffled,0,test,108335,0,0.5706691
C_shuffled,0,test,120088,1,0.61462885
C_shuffled,0,test,121258,1,0.74760795
C_shuffled,0,test,121544,1,0.5776589
C_shuffled,0,test,121744,1,0.82186806
C_shuffled,0,test,138237,1,0.7420103
C_shuffled,0,test,141681,1,0.61131996
C_shuffled,0,test,144639,1,0.5974431
C_shuffled,0,test,156299,1,0.5450418
C_shuffled,0,test,156996,1,0.69314367
C_shuffled,0,test,160524,0,0.66920704
C_shuffled,0,test,174525,1,0.698732
C_shuffled,0,test,177730,1,0.5815102
C_shuffled,0,test,179049,0,0.6165884
C_shuffled,0,test,183219,0,0.5112277
C_shuffled,0,test,184161,1,0.78290457
C_shuffled,0,test,199745,0,0.7206188
C_shuffled,0,test,200858,1,0.4323907
C_shuffled,0,test,205829,1,0.557386
C_shuffled,0,test,207626,1,0.72151285
C_shuffled,0,test,208120,0,0.73269415
C_shuffled,0,test,210257,0,0.6564374
C_shuffled,0,test,226106,1,0.45233363
C_shuffled,0,test,226610,1,0.6795163
C_shuffled,0,test,247900,1,0.88996655
C_shuffled,0,test,255650,1,0.7461742
C_shuffled,0,test,266656,1,0.7917435
C_shuffled,0,test,271131,1,0.6335989
C_shuffled,0,test,273824,1,0.70184946
C_shuffled,0,test,274268,1,0.4327482
C_shuffled,0,test,278688,0,0.752511
C_shuffled,0,test,280634,1,0.54027873
C_shuffled,0,test,284088,0,0.63865536
C_shuffled,0,test,286403,1,0.6808461
C_shuffled,0,test,290974,0,0.6289353
C_shuffled,0,test,293205,0,0.5751188
C_shuffled,0,test,298058,1,0.7276971
C_shuffled,0,test,300174,0,0.54817235
C_shuffled,0,test,301917,1,0.59337026
C_shuffled,0,test,308684,1,0.7493019
C_shuffled,0,test,309228,1,0.7889427
C_shuffled,0,test,311717,0,0.5769101
C_shuffled,0,test,315660,1,0.6143909
C_shuffled,0,test,317182,1,0.60024405
C_shuffled,0,test,320374,0,0.6002795
C_shuffled,0,test,323320,0,0.66223043
C_shuffled,0,test,324095,1,0.6127617
C_shuffled,0,test,328714,1,0.6873211
C_shuffled,0,test,329983,1,0.6359037
C_shuffled,0,test,330603,1,0.7640482
C_shuffled,0,test,331536,1,0.7721393
C_shuffled,0,test,333052,0,0.60427105
C_shuffled,0,test,334461,1,0.6272635
C_shuffled,0,test,335240,0,0.63369274
C_shuffled,0,test,345347,1,0.5685159
C_shuffled,0,test,348496,1,0.6065494
C_shuffled,0,test,355419,1,0.6062255
C_shuffled,0,test,359014,0,0.5572565
C_shuffled,0,test,359330,0,0.67884415
C_shuffled,0,test,361397,1,0.6252549
C_shuffled,0,test,361916,1,0.76741403
C_shuffled,0,test,366159,1,0.64713615
C_shuffled,0,test,366344,0,0.6213415
C_shuffled,0,test,367930,1,0.5276175
C_shuffled,0,test,374662,1,0.6904618
C_shuffled,0,test,383626,1,0.7571798
C_shuffled,0,test,388622,1,0.6510443
C_shuffled,0,test,391348,0,0.5002103
C_shuffled,0,test,402720,1,0.5580645
C_shuffled,0,test,410795,1,0.63277864
C_shuffled,0,test,413554,1,0.6784388
C_shuffled,0,test,415824,1,0.55908906
C_shuffled,0,test,418425,0,0.55167496
C_shuffled,0,test,419629,1,0.5665179
C_shuffled,0,test,427380,1,0.7560842
C_shuffled,0,test,430595,1,0.84433234
C_shuffled,0,test,436619,0,0.6808598
C_shuffled,0,test,445545,1,0.6476059
C_shuffled,0,test,457179,1,0.7516437
C_shuffled,0,test,463375,1,0.7058086
C_shuffled,0,test,465489,0,0.68424535
C_shuffled,0,test,471955,1,0.66304517
C_shuffled,0,test,478525,0,0.51351345
C_shuffled,0,test,479849,0,0.67566204
C_shuffled,0,test,479859,0,0.54086804
C_shuffled,0,test,480021,0,0.6287194
C_shuffled,0,test,481454,0,0.7068918
C_shuffled,0,test,486341,0,0.52247286
C_shuffled,0,test,486901,0,0.60702854
C_shuffled,0,test,490630,1,0.70874995
C_shuffled,0,test,490818,1,0.61195725
C_shuffled,0,test,498363,1,0.64735186
C_shuffled,0,test,508572,1,0.66215014
C_shuffled,0,test,510306,0,0.7223246
C_shuffled,0,test,511018,0,0.61882687
C_shuffled,0,test,513568,0,0.7521971
C_shuffled,0,test,524155,0,0.72325855
C_shuffled,0,test,526137,0,0.382724
C_shuffled,0,test,531193,0,0.64917374
C_shuffled,0,test,531815,0,0.58271563
C_shuffled,0,test,534077,1,0.6209127
C_shuffled,0,test,536736,1,0.66376215
C_shuffled,0,test,544153,1,0.44385624
C_shuffled,0,test,548749,1,0.7217319
C_shuffled,0,test,552900,1,0.63805896
C_shuffled,0,test,552901,1,0.5847439
C_shuffled,0,test,553161,0,0.69999677
C_shuffled,0,test,554960,0,0.84942925
C_shuffled,0,test,560123,1,0.7516576
C_shuffled,0,test,565232,1,0.74149406
C_shuffled,0,test,565908,0,0.44045997
C_shuffled,0,test,566012,1,0.7085813
C_shuffled,0,test,569789,0,0.48190993
C_shuffled,0,test,573425,1,0.846142
C_shuffled,0,test,575730,0,0.66413295
C_shuffled,0,test,577067,1,0.62717354
C_shuffled,0,test,580587,0,0.536952
C_shuffled,0,test,584433,0,0.67274535
C_shuffled,0,test,585465,1,0.56523097
C_shuffled,0,test,589139,1,0.7258533
C_shuffled,0,test,596051,1,0.6870877
C_shuffled,0,test,596437,0,0.6644849
C_shuffled,0,test,599359,1,0.6824338
C_shuffled,0,test,606159,1,0.5552945
C_shuffled,0,test,608537,1,0.63595986
C_shuffled,0,test,612686,0,0.5164642
C_shuffled,0,test,616172,1,0.64046466
C_shuffled,0,test,625501,0,0.5172403
C_shuffled,0,test,627006,1,0.7013396
C_shuffled,0,test,627556,1,0.5370226
C_shuffled,0,test,628661,1,0.7860522
C_shuffled,0,test,639645,0,0.55683285
C_shuffled,0,test,646867,1,0.673824
C_shuffled,0,test,648107,1,0.6063025
C_shuffled,0,test,648709,0,0.5453646
C_shuffled,0,test,649449,0,0.5595088
C_shuffled,0,test,654746,1,0.5853297
C_shuffled,0,test,660164,1,0.7139178
C_shuffled,0,test,663130,1,0.64081025
C_shuffled,0,test,663406,1,0.69076043
C_shuffled,0,test,670955,1,0.89275736
C_shuffled,0,test,673553,1,0.61319065
C_shuffled,0,test,675907,0,0.715451
C_shuffled,0,test,677917,1,0.5660461
C_shuffled,0,test,677928,1,0.64503896
C_shuffled,0,test,682565,1,0.6439174
C_shuffled,0,test,690734,0,0.51986074
C_shuffled,0,test,690987,1,0.739618
C_shuffled,0,test,692458,1,0.8718374
C_shuffled,0,test,695588,1,0.57905924
C_shuffled,0,test,697830,0,0.48732167
C_shuffled,0,test,702078,0,0.5342925
C_shuffled,0,test,704317,0,0.6078289
C_shuffled,0,test,706141,1,0.47256392
C_shuffled,0,test,708388,1,0.5084708
C_shuffled,0,test,709192,0,0.45646995
C_shuffled,0,test,709722,1,0.5673646
C_shuffled,0,test,711711,1,0.41586494
C_shuffled,0,test,711782,1,0.5899838
C_shuffled,0,test,714764,0,0.8199029
C_shuffled,0,test,714952,1,0.8040873
C_shuffled,0,test,719050,0,0.5811111
C_shuffled,0,test,719225,1,0.6302728
C_shuffled,0,test,723474,0,0.521314
C_shuffled,0,test,725470,0,0.57364404
C_shuffled,0,test,738078,0,0.7387588
C_shuffled,0,test,741884,0,0.5568269
C_shuffled,0,test,742551,0,0.6326876
C_shuffled,0,test,744145,0,0.61840683
C_shuffled,0,test,744767,0,0.48732978
C_shuffled,0,test,750881,0,0.56973684
C_shuffled,0,test,752970,0,0.68985003
C_shuffled,0,test,755356,0,0.6114327
C_shuffled,0,test,762014,0,0.6782589
C_shuffled,0,test,767773,0,0.6263593
C_shuffled,0,test,768313,1,0.7982933
C_shuffled,0,test,769720,1,0.8631259
C_shuffled,0,test,772900,0,0.5541146
C_shuffled,0,test,776444,1,0.7983849
C_shuffled,0,test,777118,1,0.7884628
C_shuffled,0,test,778111,1,0.5883358
C_shuffled,0,test,779406,0,0.47026163
C_shuffled,0,test,783140,1,0.8754473
C_shuffled,0,test,784920,1,0.6109332
C_shuffled,0,test,786776,0,0.61546826
C_shuffled,0,test,789093,0,0.570702
C_shuffled,0,test,806762,0,0.50139594
C_shuffled,0,test,808258,0,0.5232774
C_shuffled,0,test,809234,1,0.6011574
C_shuffled,0,test,810874,0,0.63558245
C_shuffled,0,test,820729,1,0.5309744
C_shuffled,0,test,822027,0,0.75057983
C_shuffled,0,test,822463,1,0.8807091
C_shuffled,0,test,831454,0,0.64250094
C_shuffled,0,test,835159,1,0.7290899
C_shuffled,0,test,839451,0,0.5784473
C_shuffled,0,test,858119,0,0.59217095
C_shuffled,0,test,859236,0,0.68847066
C_shuffled,0,test,866317,1,0.5678043
C_shuffled,0,test,869519,1,0.62940043
C_shuffled,0,test,873012,1,0.89358443
C_shuffled,0,test,877831,0,0.65358865
C_shuffled,0,test,884569,1,0.6048183
C_shuffled,0,test,889657,1,0.9794744
C_shuffled,0,test,900534,1,0.4940021
C_shuffled,0,test,900750,1,0.6953259
C_shuffled,0,test,903654,1,0.6697184
C_shuffled,0,test,944315,0,0.5787028
C_shuffled,0,test,951654,0,0.74459875
C_shuffled,0,test,952219,0,0.6486267
C_shuffled,0,test,953656,0,0.73073506
C_shuffled,0,test,954477,1,0.60011876
C_shuffled,0,test,955669,0,0.72679365
C_shuffled,0,test,955753,1,0.79833686
C_shuffled,0,test,957325,1,0.57856655
C_shuffled,0,test,959155,0,0.5952248
C_shuffled,0,test,962643,1,0.6826517
C_shuffled,0,test,963985,1,0.6735352
C_shuffled,0,test,969827,0,0.48363024
C_shuffled,0,test,972950,1,0.57642555
C_shuffled,0,test,976523,1,0.591851
C_shuffled,0,test,982253,1,0.56315124
C_shuffled,0,test,982817,0,0.6391874
C_shuffled,0,test,984065,0,0.6038409
C_shuffled,0,test,985152,1,0.61110795
C_shuffled,0,test,989331,1,0.51229715
C_shuffled,0,test,990528,0,0.6333177
C_shuffled,0,test,994044,1,0.7040069
C_shuffled,0,test,994160,1,0.7030559
C_shuffled,0,test,995496,1,0.7285049
C_shuffled,0,test,996219,0,0.49660355
C_shuffled,0,test,996860,0,0.5320396
C_shuffled,0,test,998151,1,0.58496815
C_shuffled,0,test,998708,1,0.6197022
C_shuffled,0,test,1001502,0,0.54831684
C_shuffled,0,test,1001535,1,0.58981997
C_shuffled,0,test,1003409,1,0.6995307
C_shuffled,0,test,1005171,1,0.57477015
C_shuffled,0,test,1005401,1,0.4985826
C_shuffled,0,test,1005619,1,0.6738793
C_shuffled,0,test,1006944,1,0.6556768
C_shuffled,0,test,1012321,1,0.694344
C_shuffled,0,test,1017249,1,0.63548875
C_shuffled,0,test,1043429,1,0.60939807
C_shuffled,0,test,1046104,0,0.55736613
C_shuffled,0,test,1048580,1,0.7548188
C_shuffled,0,test,1049831,0,0.60325456
C_shuffled,0,test,1050525,1,0.59636986
C_shuffled,0,test,1053386,0,0.6212783
C_shuffled,0,test,1054567,0,0.5794355
C_shuffled,0,test,1057686,0,0.5520526
C_shuffled,0,test,1058429,1,0.63174796
C_shuffled,0,test,1063812,0,0.57998353
C_shuffled,0,test,1066129,1,0.6145662
C_shuffled,0,test,1066734,1,0.65964353
C_shuffled,0,test,1067828,1,0.6414078
C_shuffled,0,test,1069003,0,0.7097094
C_shuffled,0,test,1069689,1,0.50835264
C_shuffled,0,test,1071527,1,0.68920594
C_shuffled,0,test,1072194,1,0.6882517
C_shuffled,0,test,1073214,1,0.6183935
C_shuffled,0,test,1073787,1,0.54594886
C_shuffled,0,test,1074093,1,0.5733931
C_shuffled,0,test,1074163,1,0.685707
C_shuffled,0,test,1074275,1,0.5559358
C_shuffled,0,test,1074306,1,0.6295238
C_shuffled,0,test,1075816,1,0.5962419
C_shuffled,0,test,1077606,1,0.6268189
C_shuffled,0,test,1079219,0,0.49353707
C_shuffled,0,test,1079656,1,0.5745437
C_shuffled,0,test,1079923,0,0.4358367
C_shuffled,0,test,1080366,1,0.54275954
C_shuffled,0,test,1080459,1,0.69034547
C_shuffled,0,test,1081059,1,0.5550962
C_shuffled,0,test,1081383,0,0.7236528
C_shuffled,0,test,1082739,1,0.74285895
C_shuffled,0,test,1084267,1,0.6351337
C_shuffled,0,test,1084497,1,0.55506235
C_shuffled,0,test,1085709,1,0.6608462
C_shuffled,0,test,1086243,1,0.795555
C_shuffled,0,test,1086991,0,0.66360664
C_shuffled,0,test,1087391,0,0.68225414
C_shuffled,0,test,1089172,1,0.77782905
C_shuffled,0,test,1090438,1,0.5950036
C_shuffled,0,test,1090543,1,0.8367123
C_shuffled,0,test,1091014,1,0.82779676
C_shuffled,0,test,1091583,1,0.61034954
C_shuffled,0,test,1092848,1,0.91210496
C_shuffled,0,test,1093401,1,0.64312184
C_shuffled,0,test,1094456,1,0.73941886
C_shuffled,0,test,1094730,0,0.8244547
C_shuffled,0,test,1095404,1,0.65149975
C_shuffled,0,test,1097324,1,0.7703394
C_shuffled,0,test,1097843,0,0.7339562
C_shuffled,0,test,1098849,1,0.52890944
C_shuffled,0,test,1099078,1,0.6210831
C_shuffled,0,test,1101406,0,0.56364244
C_shuffled,0,test,1102276,1,0.658383
C_shuffled,0,test,1102389,1,0.7341474
C_shuffled,0,test,1102856,1,0.38374195
C_shuffled,0,test,1102873,1,0.87847054
C_shuffled,0,test,1104038,1,0.6947061
C_shuffled,0,test,1104198,1,0.638989
C_shuffled,0,test,1104592,1,0.6505726
C_shuffled,0,test,1105837,1,0.6418976
C_shuffled,0,test,1106300,1,0.60528386
C_shuffled,0,test,1106784,1,0.6963238
C_shuffled,0,test,1107575,0,0.84088594
C_shuffled,0,test,1107631,1,0.69719386
C_shuffled,0,test,1109280,1,0.78021353
C_shuffled,0,test,1109598,1,0.7697377
C_shuffled,0,test,1110598,0,0.72178614
C_shuffled,0,test,1111123,1,0.6569291
C_shuffled,0,test,1112333,1,0.7530835
C_shuffled,0,test,1112425,1,0.6117055
C_shuffled,0,test,1112671,1,0.73554546
C_shuffled,0,test,1112684,0,0.565044
C_shuffled,0,test,1112999,0,0.6217266
C_shuffled,0,test,1113155,0,0.61363685
C_shuffled,0,test,1113808,0,0.64559317
C_shuffled,0,test,1114105,0,0.5817815
C_shuffled,0,test,1114679,1,0.80137575
C_shuffled,0,test,1115212,1,0.62183404
C_shuffled,0,test,1115227,1,0.5914665
C_shuffled,0,test,1115247,0,0.64246714
C_shuffled,0,test,1115342,0,0.7779427
C_shuffled,0,test,1116507,1,0.57880074
C_shuffled,0,test,1116601,0,0.57986104
C_shuffled,0,test,1117267,1,0.49406028
C_shuffled,0,test,1118542,0,0.5843086
C_shuffled,0,test,1119067,1,0.56851673
C_shuffled,0,test,1119591,1,0.72188
C_shuffled,0,test,1120775,1,0.53863055
C_shuffled,0,test,1121443,0,0.49915493
C_shuffled,0,test,1121623,1,0.65630263
C_shuffled,0,test,1121672,1,0.5885733
C_shuffled,0,test,1121926,1,0.76401097
C_shuffled,0,test,1122760,0,0.5739676
C_shuffled,0,test,1123500,1,0.5849174
C_shuffled,0,test,1123559,0,0.6405613
C_shuffled,0,test,1123910,1,0.63813597
C_shuffled,0,test,1124180,0,0.47115195
C_shuffled,0,test,1124561,0,0.54886514
C_shuffled,0,test,1124658,0,0.5899777
C_shuffled,0,test,1125073,1,0.7008057
C_shuffled,0,test,1125442,1,0.8189166
C_shuffled,0,test,1125468,1,0.56863755
C_shuffled,0,test,1125785,1,0.6787503
C_shuffled,0,test,1125964,1,0.41853476
C_shuffled,0,test,1126244,0,0.70910466
C_shuffled,0,test,1126443,0,0.5176156
C_shuffled,0,test,1127029,0,0.78979903
C_shuffled,0,test,1127233,0,0.51322067
C_shuffled,0,test,1127285,0,0.60838467
C_shuffled,0,test,1127560,1,0.75638753
C_shuffled,0,test,1128027,1,0.6947978
C_shuffled,0,test,1128117,1,0.73614085
C_shuffled,0,test,1128350,1,0.6446344
C_shuffled,0,test,1129253,1,0.5472421
C_shuffled,0,test,1129383,1,0.74048895
C_shuffled,0,test,1129695,1,0.80997705
C_shuffled,0,test,1129961,0,0.6327993
C_shuffled,0,test,1130530,0,0.6462836
C_shuffled,0,test,1130533,1,0.6083687
C_shuffled,0,test,1130623,0,0.64821416
C_shuffled,0,test,1131355,1,0.5929531
C_shuffled,0,test,1132251,1,0.79492116
C_shuffled,0,test,1132286,0,0.55390495
C_shuffled,0,test,1132874,1,0.55659056
C_shuffled,0,test,1133607,1,0.80897313
C_shuffled,0,test,1133778,1,0.6108086
C_shuffled,0,test,1134518,0,0.5614291
C_shuffled,0,test,1134921,1,0.49690777
C_shuffled,0,test,1134927,1,0.4575311
C_shuffled,0,test,1135001,1,0.64254344
C_shuffled,0,test,1135191,0,0.58554256
C_shuffled,0,test,1135626,1,0.62365204
C_shuffled,0,test,1136569,0,0.63588464
C_shuffled,0,test,1136878,1,0.6654288
C_shuffled,0,test,1136925,0,0.6326483
C_shuffled,0,test,1136946,0,0.61728394
C_shuffled,0,test,1136981,1,0.70030713
C_shuffled,0,test,1137818,1,0.67475677
C_shuffled,0,test,1138374,0,0.4755805
C_shuffled,0,test,1138681,1,0.5908015
C_shuffled,0,test,1139209,0,0.46885037
C_shuffled,0,test,1139275,1,0.6317018
C_shuffled,0,test,1139688,1,0.63645667
C_shuffled,0,test,1139774,0,0.6024657
C_shuffled,0,test,1139795,0,0.6058486
C_shuffled,0,test,1142591,0,0.8153132
C_shuffled,0,test,1143113,1,0.46731132
C_shuffled,0,test,1144147,0,0.48368698
C_shuffled,0,test,1144198,1,0.69242615
C_shuffled,0,test,1144465,1,0.563294
C_shuffled,0,test,1145207,0,0.78341717
C_shuffled,0,test,1146057,0,0.72975814
C_shuffled,0,test,1146208,0,0.6239478
C_shuffled,0,test,1146369,1,0.7756604
C_shuffled,0,test,1147189,1,0.50413424
C_shuffled,0,test,1147877,1,0.53130233
C_shuffled,0,test,1148116,1,0.7900431
C_shuffled,0,test,1148548,1,0.7544703
C_shuffled,0,test,1149201,1,0.6757956
C_shuffled,0,test,1150067,1,0.5916025
C_shuffled,0,test,1150178,1,0.5837821
C_shuffled,0,test,1151371,1,0.62082905
C_shuffled,0,test,1151583,1,0.85060865
C_shuffled,0,test,1152038,1,0.7586226
C_shuffled,0,test,1152707,0,0.6096778
C_shuffled,0,test,1152739,0,0.40364778
C_shuffled,0,test,1153155,1,0.49613824
C_shuffled,0,test,1153244,1,0.6816015
C_shuffled,0,test,1154055,1,0.7301698
C_shuffled,0,test,1155460,1,0.7209504
C_shuffled,0,test,1155554,1,0.7085941
C_shuffled,0,test,1156261,1,0.6959167
C_shuffled,0,test,1156634,1,0.827802
C_shuffled,0,test,1156847,1,0.6320452
C_shuffled,0,test,1206184,1,0.83004785
C_shuffled,0,test,1206257,1,0.46664697
C_shuffled,0,test,1206751,1,0.7072741
C_shuffled,0,test,1206811,1,0.4346187
C_shuffled,0,test,1206867,1,0.7027068
C_shuffled,0,test,1207207,1,0.6084301
C_shuffled,0,test,1208078,0,0.61198545
C_shuffled,0,test,1208476,1,0.69107914
C_shuffled,0,test,1208561,1,0.6716778
C_shuffled,0,test,1209069,1,0.7813756
C_shuffled,0,test,1209473,1,0.56251067
C_shuffled,0,test,1209531,0,0.510488
C_shuffled,0,test,1209908,0,0.7489018
C_shuffled,0,test,1210055,0,0.7561877
C_shuffled,0,test,1210080,0,0.5685062
C_shuffled,0,test,1212290,1,0.7885933
C_shuffled,0,test,1212582,1,0.6223774
C_shuffled,0,test,1212738,1,0.81763315
C_shuffled,0,test,1213041,1,0.703851
C_shuffled,0,test,1213071,1,0.6772665
C_shuffled,0,test,1213667,0,0.7115248
C_shuffled,0,test,1214248,1,0.6958493
C_shuffled,0,test,1215252,0,0.6950056
C_shuffled,0,test,1215452,0,0.7219927
C_shuffled,0,test,1215586,0,0.52957296
C_shuffled,0,test,1217110,1,0.47863287
C_shuffled,0,test,1217724,0,0.612359
C_shuffled,0,test,1217757,1,0.6145366
C_shuffled,0,test,1218110,0,0.7149576
C_shuffled,0,test,1218980,0,0.5604482
C_shuffled,0,test,1219802,1,0.6742498
C_shuffled,0,test,1220156,0,1.033407
C_shuffled,0,test,1220269,0,0.7612205
C_shuffled,0,test,1220796,1,0.77073425
C_shuffled,0,test,1220900,1,0.7534425
C_shuffled,0,test,1221603,1,0.5620431
C_shuffled,0,test,1221685,1,0.74629146
C_shuffled,0,test,1221764,1,0.8605223
C_shuffled,0,test,1222037,1,0.7397499
C_shuffled,0,test,1222048,1,0.60164136
C_shuffled,0,test,1222069,1,0.5957367
C_shuffled,0,test,1222115,0,0.4828022
C_shuffled,0,test,1222124,1,0.65103847
C_shuffled,0,test,1222410,0,0.71016574
C_shuffled,0,test,1223017,1,0.54182893
C_shuffled,0,test,1223272,1,0.6474338
C_shuffled,0,test,1224094,0,0.5020633
C_shuffled,0,test,1224536,1,0.72132957
C_shuffled,0,test,1225262,1,0.5833946
C_shuffled,0,test,1225309,1,0.6543071
C_shuffled,0,test,1225334,0,0.9128833
C_shuffled,0,test,1225413,1,0.69386196
C_shuffled,0,test,1225553,1,0.5768956
C_shuffled,0,test,1225716,0,0.61111444
C_shuffled,0,test,1225843,0,0.6105761
C_shuffled,0,test,1225945,0,0.6891162
C_shuffled,0,test,1226065,1,0.60676396
C_shuffled,0,test,1226708,1,0.515108
C_shuffled,0,test,1226825,1,0.52809745
C_shuffled,0,test,1227138,0,0.58395004
C_shuffled,0,test,1227755,1,0.8434663
C_shuffled,0,test,1228267,1,0.4766205
C_shuffled,0,test,1228453,1,0.7344229
C_shuffled,0,test,1228747,1,0.75173306
C_shuffled,0,test,1228820,0,0.5182619
C_shuffled,0,test,1229345,1,0.71304405
C_shuffled,0,test,1229976,1,0.7483798
C_shuffled,0,test,1230265,1,0.8084965
C_shuffled,0,test,1230721,1,0.6170405
C_shuffled,0,test,1230724,1,0.80218804
C_shuffled,0,test,1231353,1,0.5713956
C_shuffled,0,test,1231734,1,0.7199066
C_shuffled,0,test,1231841,0,0.72645813
C_shuffled,0,test,1232099,0,0.6728734
C_shuffled,0,test,1233084,1,0.6667369
C_shuffled,0,test,1233147,1,0.510129
C_shuffled,0,test,1233618,0,0.6031039
C_shuffled,0,test,1233777,1,0.63221943
C_shuffled,0,test,1234410,0,0.6243095
C_shuffled,0,test,1234413,1,0.48448682
C_shuffled,0,test,1234672,0,0.6933583
C_shuffled,0,test,1235697,1,0.51947856
C_shuffled,0,test,1236071,1,0.5663315
C_shuffled,0,test,1236191,1,0.5962398
C_shuffled,0,test,1236410,0,0.66957194
C_shuffled,0,test,1237123,0,0.5323508
C_shuffled,0,test,1237184,0,0.581184
C_shuffled,0,test,1237496,1,0.8750656
C_shuffled,0,test,1237508,1,0.78816414
C_shuffled,0,test,1237793,1,0.60416126
C_shuffled,0,test,1237971,1,0.7847967
C_shuffled,0,test,1238001,0,0.7905291
C_shuffled,0,test,1238292,0,0.73158574
C_shuffled,0,test,1238406,0,0.7628231
C_shuffled,0,test,1238413,1,0.5541959
C_shuffled,0,test,1238443,0,0.48703957
C_shuffled,0,test,1238501,0,0.59673476
C_shuffled,0,test,1238523,1,0.60673624
C_shuffled,0,test,1238553,1,0.6423799
C_shuffled,0,test,1238636,1,0.74001384
C_shuffled,0,test,1238817,0,0.5999217
C_shuffled,0,test,1238964,1,0.78669155
C_shuffled,0,test,1239079,1,0.533778
C_shuffled,0,test,1239094,1,0.84480095
C_shuffled,0,test,1239224,1,0.63616246
C_shuffled,0,test,1239458,0,0.8665083
C_shuffled,0,test,1239936,0,0.54784256
C_shuffled,0,test,1240378,1,0.6876635
C_shuffled,0,test,1240433,1,0.6631725
C_shuffled,0,test,1241090,0,0.5773573
C_shuffled,0,test,1241104,0,0.54524344
C_shuffled,0,test,1241937,0,0.4956671
C_shuffled,0,test,1241954,1,0.6593532
C_shuffled,0,test,1242009,1,0.47825703
C_shuffled,0,test,1242021,1,0.5612026
C_shuffled,0,test,1242267,1,0.6196449
C_shuffled,0,test,1242424,1,0.729565
C_shuffled,0,test,1242536,1,0.7468244
C_shuffled,0,test,1242725,1,0.6698032
C_shuffled,0,test,1242729,1,0.6171121
C_shuffled,0,test,1242755,0,0.6972795
C_shuffled,0,test,1242831,0,0.65052515
C_shuffled,0,test,1243295,1,0.77339625
C_shuffled,0,test,1243442,0,0.74757534
C_shuffled,0,test,1243523,0,0.6032201
C_shuffled,0,test,1244763,0,0.6104305
C_shuffled,0,test,1245846,1,0.47902706
H,0,val,1122,0,0.6321378
H,0,val,4993,1,0.7962916
H,0,val,15488,1,1.0581377
H,0,val,20593,1,0.91964823
H,0,val,22854,1,0.5784838
H,0,val,32097,1,0.95107555
H,0,val,33645,0,0.06862968
H,0,val,40597,1,0.6942157
H,0,val,50696,1,0.5962895
H,0,val,52327,1,1.128484
H,0,val,54388,0,0.33516905
H,0,val,57684,1,0.448582
H,0,val,58630,1,0.7253296
H,0,val,59792,0,0.39996123
H,0,val,72432,1,0.6720334
H,0,val,76273,1,0.8359073
H,0,val,85978,1,0.47296402
H,0,val,86840,1,0.62382215
H,0,val,87973,1,0.75603783
H,0,val,91249,1,0.34291345
H,0,val,112607,1,0.9882605
H,0,val,112715,1,1.0429556
H,0,val,123208,1,0.84625804
H,0,val,140328,0,0.55122244
H,0,val,141620,1,1.0936465
H,0,val,143454,0,0.8470689
H,0,val,144004,0,0.32229358
H,0,val,145109,1,0.12075299
H,0,val,149348,1,0.7663765
H,0,val,152430,1,0.5833912
H,0,val,154041,1,0.4494043
H,0,val,157449,1,0.7142816
H,0,val,162518,1,0.96421635
H,0,val,163423,1,0.85728806
H,0,val,165324,0,0.41838035
H,0,val,165400,0,0.6416234
H,0,val,169372,1,0.82778466
H,0,val,171833,1,0.7834271
H,0,val,171896,1,0.50119615
H,0,val,172578,1,1.1781901
H,0,val,173162,0,0.4506969
H,0,val,176133,1,0.81704247
H,0,val,184936,1,0.86146307
H,0,val,191335,0,0.55087453
H,0,val,193149,0,0.57490104
H,0,val,203640,1,0.8775415
H,0,val,207233,1,1.1668892
H,0,val,213739,0,0.22301617
H,0,val,228543,1,0.8002287
H,0,val,234247,0,0.7191244
H,0,val,237953,1,1.0082372
H,0,val,238407,0,0.37562814
H,0,val,240229,0,0.39153916
H,0,val,243108,1,1.001622
H,0,val,250983,0,0.66019005
H,0,val,258462,0,0.47877467
H,0,val,269426,1,0.426615
H,0,val,273826,1,0.6457072
H,0,val,278485,0,0.2896142
H,0,val,280452,0,0.41790694
H,0,val,282212,1,0.5453039
H,0,val,289992,1,0.7269803
H,0,val,292872,0,0.35766494
H,0,val,299698,1,0.681907
H,0,val,303683,0,0.5561191
H,0,val,308426,1,0.37172008
H,0,val,308485,0,0.4358387
H,0,val,319549,1,0.6779947
H,0,val,321109,0,0.96362424
H,0,val,321989,1,0.8634063
H,0,val,323718,1,0.67885697
H,0,val,323797,0,0.17826691
H,0,val,325318,0,0.72343737
H,0,val,328655,0,0.34702122
H,0,val,332529,1,0.8081912
H,0,val,335955,1,0.48365527
H,0,val,338273,1,0.9054899
H,0,val,345087,1,1.0215483
H,0,val,345361,1,0.9324456
H,0,val,347257,1,1.0732162
H,0,val,349058,1,0.74324447
H,0,val,350012,1,0.7654694
H,0,val,350472,0,0.2795512
H,0,val,352441,0,0.39775252
H,0,val,352893,1,0.7503073
H,0,val,353416,1,0.5691182
H,0,val,357322,0,0.67478675
H,0,val,364228,1,0.80678725
H,0,val,364440,0,0.36964887
H,0,val,368436,1,0.71957225
H,0,val,369818,1,0.97315955
H,0,val,372332,1,0.6589165
H,0,val,375294,1,0.94593155
H,0,val,376880,1,0.9087353
H,0,val,377217,1,0.6295562
H,0,val,377703,1,0.9096353
H,0,val,400944,1,0.6642452
H,0,val,406676,1,0.74833435
H,0,val,407827,1,0.8690149
H,0,val,412716,1,0.9756161
H,0,val,416249,1,0.56260085
H,0,val,420633,1,0.64934367
H,0,val,421283,1,0.7301252
H,0,val,421437,0,0.1940423
H,0,val,423553,1,0.8920001
H,0,val,431921,0,0.5675272
H,0,val,432168,1,0.90746105
H,0,val,432906,1,0.7518381
H,0,val,433303,1,0.7787451
H,0,val,443207,1,0.79193753
H,0,val,445318,0,0.5472917
H,0,val,448027,0,0.22174895
H,0,val,463298,1,0.7792894
H,0,val,469812,0,0.53945005
H,0,val,469865,1,0.84764296
H,0,val,474601,1,0.88709354
H,0,val,475893,0,0.47033674
H,0,val,482448,0,0.7307521
H,0,val,487378,0,0.51647556
H,0,val,488665,0,0.55056477
H,0,val,490941,0,0.08701283
H,0,val,496270,1,0.7479605
H,0,val,502585,0,0.6332843
H,0,val,507011,1,0.53323
H,0,val,509624,1,0.4200915
H,0,val,512180,1,0.8010939
H,0,val,517848,1,0.9543091
H,0,val,518232,1,0.68787915
H,0,val,520868,0,0.21619165
H,0,val,526837,0,0.8266051
H,0,val,529902,1,1.3174683
H,0,val,530038,1,1.085302
H,0,val,531104,1,1.0252613
H,0,val,532533,1,0.8452032
H,0,val,545205,0,0.23932803
H,0,val,546258,1,0.88335365
H,0,val,549363,0,0.23846376
H,0,val,552325,0,0.76845056
H,0,val,552424,0,0.64134663
H,0,val,556177,0,0.5446571
H,0,val,563033,0,0.74177384
H,0,val,564394,0,0.41729566
H,0,val,577668,1,0.5256185
H,0,val,578084,0,0.6401556
H,0,val,583338,1,0.76275563
H,0,val,588986,1,1.1543539
H,0,val,592548,0,0.38061398
H,0,val,599396,0,0.35309556
H,0,val,605160,0,0.60861903
H,0,val,607813,0,0.23724148
H,0,val,608740,0,0.8563623
H,0,val,614481,0,0.1560218
H,0,val,615119,1,0.69380057
H,0,val,615631,1,0.6185315
H,0,val,625366,1,0.84788597
H,0,val,629729,1,0.76442987
H,0,val,647436,0,0.49072853
H,0,val,650259,0,0.49186373
H,0,val,651309,0,0.22843325
H,0,val,651758,1,0.38956344
H,0,val,652123,0,0.30133846
H,0,val,652279,0,0.3998811
H,0,val,656122,1,0.6226809
H,0,val,656138,1,0.6779435
H,0,val,660061,1,0.4080434
H,0,val,660533,0,0.39444184
H,0,val,660938,1,0.51027036
H,0,val,665029,1,0.65431315
H,0,val,665050,1,0.510257
H,0,val,670244,1,0.5199355
H,0,val,671325,0,0.35596865
H,0,val,671576,0,0.26452172
H,0,val,673052,1,0.6203249
H,0,val,675660,0,0.107661545
H,0,val,678199,0,0.39421564
H,0,val,680266,0,0.5316721
H,0,val,682914,1,0.703048
H,0,val,692799,1,0.96033716
H,0,val,696774,1,1.1678859
H,0,val,700558,1,0.6527986
H,0,val,703048,0,0.97748005
H,0,val,705906,1,0.95916843
H,0,val,710625,1,0.90161073
H,0,val,712016,1,0.8593647
H,0,val,718704,1,0.5883297
H,0,val,726126,0,0.096568525
H,0,val,734224,0,0.26783282
H,0,val,738172,0,0.64477366
H,0,val,738715,0,0.61190015
H,0,val,739530,1,0.14190194
H,0,val,740043,1,0.7833756
H,0,val,743121,1,0.60710335
H,0,val,743318,0,0.52106506
H,0,val,745489,1,0.62876207
H,0,val,747568,1,0.56223136
H,0,val,747710,0,0.62515855
H,0,val,748105,0,0.8225077
H,0,val,755156,1,0.9183599
H,0,val,755914,1,0.9533648
H,0,val,761233,1,0.6945626
H,0,val,765473,1,0.6064875
H,0,val,765954,0,0.19054681
H,0,val,766763,1,0.7267265
H,0,val,767066,1,0.6556461
H,0,val,783025,1,0.89908946
H,0,val,788241,1,0.44538307
H,0,val,789437,1,0.71964264
H,0,val,789824,0,0.35485044
H,0,val,793726,0,0.6411416
H,0,val,803606,1,0.7034788
H,0,val,809689,0,0.71566844
H,0,val,817197,0,0.12097186
H,0,val,822633,1,0.47700852
H,0,val,829142,1,0.82073355
H,0,val,829874,0,0.63655454
H,0,val,833210,1,0.8112935
H,0,val,835716,0,0.5131141
H,0,val,835833,1,0.8535627
H,0,val,839278,1,0.77564746
H,0,val,847036,1,0.8094491
H,0,val,848723,1,0.62491596
H,0,val,849472,1,0.7964146
H,0,val,853842,1,0.8714407
H,0,val,857171,1,0.63856107
H,0,val,859109,1,0.9816454
H,0,val,860360,1,0.7293072
H,0,val,866895,0,0.4674725
H,0,val,868318,0,0.580066
H,0,val,870739,1,0.5715578
H,0,val,883479,0,0.710438
H,0,val,883804,1,0.69417334
H,0,val,885394,1,0.6169115
H,0,val,886279,1,0.5378916
H,0,val,898035,1,0.6072558
H,0,val,900648,1,0.8225132
H,0,val,903410,1,0.79574156
H,0,val,936352,0,0.13784319
H,0,val,950405,1,0.7353339
H,0,val,951465,0,0.9081063
H,0,val,951846,0,0.32316583
H,0,val,963197,1,0.6899115
H,0,val,970382,1,0.7598828
H,0,val,975370,0,0.8403038
H,0,val,975728,0,0.50920326
H,0,val,976220,1,0.9363974
H,0,val,977714,1,0.76666373
H,0,val,979369,1,0.903332
H,0,val,979917,1,0.5316926
H,0,val,981736,0,0.37397102
H,0,val,983916,1,0.2098557
H,0,val,986074,1,0.9148151
H,0,val,987997,1,0.86536455
H,0,val,988071,0,0.6110242
H,0,val,989315,1,0.84679055
H,0,val,991060,1,1.2397351
H,0,val,991790,1,0.79382014
H,0,val,991972,1,0.4696114
H,0,val,993562,1,0.8534602
H,0,val,994960,0,0.359703
H,0,val,997176,0,0.13204414
H,0,val,999980,0,0.6645068
H,0,val,1002249,1,0.87613356
H,0,val,1005121,1,1.0058076
H,0,val,1007363,0,0.5568925
H,0,val,1009347,1,0.67285055
H,0,val,1013371,1,0.295706
H,0,val,1026684,1,0.5632243
H,0,val,1027441,1,0.74660707
H,0,val,1029373,1,0.73655504
H,0,val,1042457,0,0.20127779
H,0,val,1043319,0,0.6396972
H,0,val,1049886,1,1.0361347
H,0,val,1057350,0,0.7200759
H,0,val,1057961,0,0.66135585
H,0,val,1058939,1,0.55174583
H,0,val,1065288,0,0.74527496
H,0,val,1065613,0,0.4189815
H,0,val,1067177,1,0.54839444
H,0,val,1067946,0,0.38533452
H,0,val,1068390,1,0.6747974
H,0,val,1068928,0,0.6175937
H,0,val,1070070,1,0.5465733
H,0,val,1070472,0,0.4438981
H,0,val,1070686,0,0.5535383
H,0,val,1071801,0,0.5007804
H,0,val,1072395,1,0.69937235
H,0,val,1073156,1,1.0322189
H,0,val,1073471,1,0.858356
H,0,val,1074753,0,0.5690545
H,0,val,1077187,1,0.85148776
H,0,val,1079282,1,0.7421159
H,0,val,1080609,0,0.48468536
H,0,val,1081377,0,0.09742278
H,0,val,1082433,0,0.12871373
H,0,val,1082987,0,0.28911242
H,0,val,1083817,1,0.4582171
H,0,val,1084185,0,0.42209503
H,0,val,1085216,0,-0.08394849
H,0,val,1087797,1,0.95264745
H,0,val,1088105,1,0.5681121
H,0,val,1088918,1,0.75457704
H,0,val,1091670,1,0.83502805
H,0,val,1092408,1,0.8696214
H,0,val,1092437,1,0.7850865
H,0,val,1092889,1,0.9480629
H,0,val,1092948,1,0.76016843
H,0,val,1093200,0,0.30947712
H,0,val,1093743,0,0.083363175
H,0,val,1093823,1,0.7923236
H,0,val,1096850,1,0.6921924
H,0,val,1097996,1,0.273825
H,0,val,1099660,1,0.6092269
H,0,val,1102314,1,0.9565807
H,0,val,1103360,1,0.71193874
H,0,val,1104219,1,0.2854286
H,0,val,1104443,1,1.0304178
H,0,val,1104599,1,0.8523336
H,0,val,1104649,1,0.97598255
H,0,val,1104803,0,0.33273718
H,0,val,1105121,0,0.20625287
H,0,val,1105416,1,0.25842822
H,0,val,1105688,1,0.64415085
H,0,val,1105902,1,0.5621419
H,0,val,1105904,0,0.33438805
H,0,val,1106632,0,0.4626261
H,0,val,1107348,1,0.5794117
H,0,val,1108706,1,0.8553176
H,0,val,1108945,1,0.9610804
H,0,val,1108949,1,1.0346568
H,0,val,1109030,1,0.58752906
H,0,val,1109526,1,0.7699696
H,0,val,1109829,1,0.8692796
H,0,val,1110232,1,0.7818281
H,0,val,1111153,0,0.41095048
H,0,val,1111471,1,0.7204483
H,0,val,1111860,1,0.7393593
H,0,val,1111920,1,0.75056326
H,0,val,1112111,1,0.7844182
H,0,val,1112465,1,0.29414445
H,0,val,1113756,1,0.9540819
H,0,val,1114556,0,0.52776444
H,0,val,1115316,1,0.7326074
H,0,val,1115713,1,0.7670245
H,0,val,1116372,1,0.64142865
H,0,val,1116860,1,0.6322155
H,0,val,1118398,1,0.53581214
H,0,val,1118773,0,0.4201189
H,0,val,1119526,1,0.60623807
H,0,val,1119929,0,0.7004589
H,0,val,1120625,1,0.38388807
H,0,val,1121493,0,0.4885934
H,0,val,1121766,1,0.5201031
H,0,val,1121995,0,0.51231515
H,0,val,1122004,0,0.13927978
H,0,val,1122557,1,0.610378
H,0,val,1122626,1,0.9360657
H,0,val,1122659,1,0.77433157
H,0,val,1123484,0,0.6576643
H,0,val,1123572,0,0.5550726
H,0,val,1123858,0,0.4279839
H,0,val,1124330,0,0.6586913
H,0,val,1125095,0,0.5621604
H,0,val,1126146,0,0.18292812
H,0,val,1126844,0,0.46787122
H,0,val,1127703,1,0.5885786
H,0,val,1127812,1,0.46144778
H,0,val,1128031,1,1.0649458
H,0,val,1128952,0,0.4110572
H,0,val,1129029,0,0.37555125
H,0,val,1129826,1,0.64747185
H,0,val,1129953,0,0.40255558
H,0,val,1129979,1,0.78869724
H,0,val,1131254,0,0.43926632
H,0,val,1131656,1,0.9387405
H,0,val,1131818,1,0.788255
H,0,val,1131831,1,0.7959732
H,0,val,1131906,1,0.9892007
H,0,val,1132886,0,0.921263
H,0,val,1134339,0,0.24521601
H,0,val,1136675,1,0.7862566
H,0,val,1136723,0,0.38568735
H,0,val,1136790,1,0.6773488
H,0,val,1137743,1,0.9284531
H,0,val,1137897,1,0.6974841
H,0,val,1138091,1,0.7635665
H,0,val,1138316,1,0.6153231
H,0,val,1138699,0,0.2483665
H,0,val,1138864,1,0.5288944
H,0,val,1139249,1,0.5465362
H,0,val,1140109,1,0.827317
H,0,val,1141785,0,0.059951186
H,0,val,1142584,0,0.56666714
H,0,val,1142724,0,0.40761954
H,0,val,1142803,1,0.82056427
H,0,val,1142989,1,0.42949092
H,0,val,1143781,1,0.6118338
H,0,val,1144322,1,0.8879467
H,0,val,1144734,1,0.79029787
H,0,val,1144789,1,1.452667
H,0,val,1145284,1,0.91425383
H,0,val,1145385,0,0.539039
H,0,val,1145393,1,0.5184373
H,0,val,1146323,0,0.40504676
H,0,val,1146488,0,0.4582079
H,0,val,1147005,0,0.40803772
H,0,val,1147155,1,1.0679674
H,0,val,1148332,1,0.8817342
H,0,val,1148772,1,0.47370937
H,0,val,1148848,1,0.7232133
H,0,val,1149102,1,0.51436555
H,0,val,1149196,0,0.630446
H,0,val,1149831,1,0.86235636
H,0,val,1149916,1,0.34429145
H,0,val,1151020,0,0.8657098
H,0,val,1151121,1,0.80765945
H,0,val,1151387,0,0.52370906
H,0,val,1152700,1,0.79667616
H,0,val,1152931,1,0.3003784
H,0,val,1153914,1,0.7511732
H,0,val,1154175,1,0.76906437
H,0,val,1154313,1,0.82436204
H,0,val,1154492,1,0.605515
H,0,val,1154712,1,0.76898485
H,0,val,1155519,1,0.67788273
H,0,val,1156023,1,0.64753705
H,0,val,1156386,1,0.8914093
H,0,val,1156739,1,0.8248776
H,0,val,1157101,1,0.72455126
H,0,val,1157142,1,0.72942734
H,0,val,1157190,1,0.8049239
H,0,val,1205889,1,0.9354058
H,0,val,1206308,0,0.6179539
H,0,val,1206310,1,0.6048092
H,0,val,1206335,0,0.4080001
H,0,val,1206411,1,1.0451591
H,0,val,1206714,1,0.986058
H,0,val,1206862,1,1.0180951
H,0,val,1206997,1,0.96699846
H,0,val,1207017,1,0.674364
H,0,val,1207479,0,0.15047312
H,0,val,1208422,1,0.97248214
H,0,val,1208870,1,0.82503605
H,0,val,1208898,1,0.7550413
H,0,val,1209429,1,0.64293474
H,0,val,1209873,1,0.6107865
H,0,val,1209935,0,0.24329454
H,0,val,1209975,1,0.51966155
H,0,val,1210100,0,0.17360333
H,0,val,1210408,0,0.6671001
H,0,val,1210816,1,0.5027829
H,0,val,1211345,1,0.32632902
H,0,val,1211778,0,0.35097617
H,0,val,1212354,0,0.49620998
H,0,val,1212408,1,0.7946279
H,0,val,1212451,0,0.25192812
H,0,val,1212865,1,0.69659454
H,0,val,1214345,1,0.49644613
H,0,val,1214456,0,0.2781629
H,0,val,1214506,1,0.8279722
H,0,val,1214832,0,0.30319858
H,0,val,1214928,1,0.81191397
H,0,val,1215070,1,0.33303744
H,0,val,1215193,1,0.7534833
H,0,val,1215869,0,0.5213034
H,0,val,1215921,1,0.50930125
H,0,val,1216036,1,0.5839721
H,0,val,1216145,0,0.61359435
H,0,val,1216150,1,0.75040525
H,0,val,1216691,1,0.8562358
H,0,val,1216776,1,0.5667668
H,0,val,1217218,0,0.2186468
H,0,val,1218288,1,0.50778323
H,0,val,1219153,0,0.5237525
H,0,val,1219634,1,0.5642301
H,0,val,1219751,1,0.4963633
H,0,val,1220037,1,0.45526475
H,0,val,1220380,1,0.9251171
H,0,val,1220552,1,0.7448129
H,0,val,1220699,1,0.5789509
H,0,val,1220871,0,0.49070904
H,0,val,1220940,1,0.76736844
H,0,val,1220988,0,0.28550935
H,0,val,1221019,0,0.28317338
H,0,val,1221341,1,0.42540926
H,0,val,1221355,1,0.69248974
H,0,val,1221883,0,0.33612904
H,0,val,1222336,0,0.3960781
H,0,val,1222850,1,0.3854993
H,0,val,1223328,1,0.47760874
H,0,val,1223459,1,0.8669884
H,0,val,1223516,1,0.58273536
H,0,val,1223773,1,0.8482274
H,0,val,1223969,1,0.9078595
H,0,val,1224343,1,0.33839116
H,0,val,1224547,1,0.42898872
H,0,val,1225284,0,0.21920297
H,0,val,1225298,1,0.6440034
H,0,val,1225341,1,0.3887783
H,0,val,1225605,0,0.47095978
H,0,val,1225635,1,0.7830512
H,0,val,1226641,1,0.8655534
H,0,val,1226794,0,0.3275148
H,0,val,1226937,0,0.30555937
H,0,val,1227192,1,0.5180124
H,0,val,1227414,0,0.49047554
H,0,val,1227765,1,1.1751273
H,0,val,1228018,1,0.45409584
H,0,val,1229147,0,0.2583398
H,0,val,1229368,0,0.6465807
H,0,val,1230131,1,0.46288174
H,0,val,1230574,0,0.73132235
H,0,val,1230810,1,0.73087394
H,0,val,1231276,1,0.6004017
H,0,val,1231535,1,0.68677664
H,0,val,1231638,1,0.81238747
H,0,val,1231979,1,1.0859473
H,0,val,1232188,1,0.84336185
H,0,val,1232212,1,0.90824974
H,0,val,1232478,1,1.0587202
H,0,val,1233203,1,0.7403847
H,0,val,1234521,0,0.32182235
H,0,val,1234553,0,0.29577777
H,0,val,1234862,0,0.3507601
H,0,val,1235039,1,1.4158906
H,0,val,1235236,1,0.3396878
H,0,val,1235254,0,0.33975056
H,0,val,1235265,1,0.67008513
H,0,val,1235336,1,0.5917294
H,0,val,1235381,1,0.63698345
H,0,val,1235500,1,0.80124867
H,0,val,1235590,1,0.69718134
H,0,val,1235597,1,0.35755053
H,0,val,1235650,0,0.5103015
H,0,val,1235882,0,0.31603003
H,0,val,1235914,0,0.27716058
H,0,val,1235985,1,0.63068765
H,0,val,1236187,0,0.42190874
H,0,val,1236418,1,0.49082512
H,0,val,1236751,1,0.52889115
H,0,val,1236985,1,0.766695
H,0,val,1237033,1,1.0207202
H,0,val,1237440,1,0.57515955
H,0,val,1237491,1,1.2424507
H,0,val,1237647,0,0.28263956
H,0,val,1237832,1,0.7478841
H,0,val,1238203,1,0.84130156
H,0,val,1238264,1,0.5960765
H,0,val,1238521,1,0.5241437
H,0,val,1238583,0,0.5432677
H,0,val,1238664,1,0.7550362
H,0,val,1238865,1,0.5640334
H,0,val,1238923,0,0.44506443
H,0,val,1238960,1,0.89876807
H,0,val,1239212,0,0.25284994
H,0,val,1239427,1,0.8164316
H,0,val,1239609,1,0.6359848
H,0,val,1239693,0,0.6618925
H,0,val,1239701,0,0.5882194
H,0,val,1239841,1,0.71494675
H,0,val,1240131,1,1.0266325
H,0,val,1240238,0,0.89315826
H,0,val,1240953,0,0.7986433
H,0,val,1241185,0,0.5392836
H,0,val,1241453,0,0.53352785
H,0,val,1241779,1,0.6046145
H,0,val,1241841,1,0.76215446
H,0,val,1242381,0,0.9283263
H,0,val,1242508,1,0.93191075
H,0,val,1242535,1,1.0457923
H,0,val,1242667,0,0.6107686
H,0,val,1242673,1,0.75293887
H,0,val,1243802,0,0.722101
H,0,val,1243838,0,0.73224026
H,0,val,1243992,1,0.73863757
H,0,val,1243993,0,0.4743806
H,0,val,1245441,1,0.4793284
H,0,val,1245905,1,0.91839266
H,0,val,1246508,0,0.21596819
H,0,val,1246702,1,0.5439646
H,0,test,1685,1,0.73413956
H,0,test,16787,0,0.7613902
H,0,test,19126,1,1.0025392
H,0,test,19450,0,0.5856854
H,0,test,28836,1,0.72954595
H,0,test,30502,1,0.5702362
H,0,test,33225,1,0.6661896
H,0,test,34146,1,0.84459496
H,0,test,34428,0,0.31652287
H,0,test,42331,1,0.9800287
H,0,test,42450,1,1.0297318
H,0,test,42908,1,0.85428125
H,0,test,43628,1,1.1840388
H,0,test,56380,1,0.75202566
H,0,test,60519,1,0.7697166
H,0,test,70147,0,0.76399034
H,0,test,71731,1,0.79719627
H,0,test,72256,1,0.72847885
H,0,test,75558,1,0.68159384
H,0,test,78778,0,0.21506476
H,0,test,80412,1,0.6381576
H,0,test,86179,1,0.9297241
H,0,test,86305,1,0.82163954
H,0,test,86310,1,0.54501015
H,0,test,99452,0,0.38761058
H,0,test,100693,1,0.7590272
H,0,test,105892,1,0.69498056
H,0,test,108335,0,0.09054041
H,0,test,120088,1,0.62408286
H,0,test,121258,1,0.3263294
H,0,test,121544,1,0.66984296
H,0,test,121744,1,0.68824047
H,0,test,138237,1,0.5119084
H,0,test,141681,1,0.65197015
H,0,test,144639,1,0.41213644
H,0,test,156299,1,1.1430435
H,0,test,156996,1,0.953248
H,0,test,160524,0,0.5125834
H,0,test,174525,1,0.5981179
H,0,test,177730,1,0.5920298
H,0,test,179049,0,0.44217443
H,0,test,183219,0,0.8639504
H,0,test,184161,1,0.94004273
H,0,test,199745,0,0.23193878
H,0,test,200858,1,0.3385681
H,0,test,205829,1,0.81830925
H,0,test,207626,1,0.43198255
H,0,test,208120,0,0.5953628
H,0,test,210257,0,0.66109073
H,0,test,226106,1,0.5809206
H,0,test,226610,1,0.70894194
H,0,test,247900,1,0.6276596
H,0,test,255650,1,0.92927885
H,0,test,266656,1,0.51940346
H,0,test,271131,1,0.66791046
H,0,test,273824,1,1.0133321
H,0,test,274268,1,0.6028402
H,0,test,278688,0,0.4652883
H,0,test,280634,1,0.5435238
H,0,test,284088,0,0.44487357
H,0,test,286403,1,0.59880555
H,0,test,290974,0,0.5529265
H,0,test,293205,0,0.5361529
H,0,test,298058,1,0.6183527
H,0,test,300174,0,0.46122667
H,0,test,301917,1,0.5178208
H,0,test,308684,1,0.760437
H,0,test,309228,1,0.7725389
H,0,test,311717,0,0.5409242
H,0,test,315660,1,0.5903912
H,0,test,317182,1,0.38669527
H,0,test,320374,0,0.25204304
H,0,test,323320,0,0.1293217
H,0,test,324095,1,0.7151916
H,0,test,328714,1,0.5922135
H,0,test,329983,1,0.8347999
H,0,test,330603,1,0.9411161
H,0,test,331536,1,0.7182179
H,0,test,333052,0,0.3474294
H,0,test,334461,1,0.80546385
H,0,test,335240,0,0.33086008
H,0,test,345347,1,0.86903536
H,0,test,348496,1,1.1058121
H,0,test,355419,1,0.8373977
H,0,test,359014,0,0.8936702
H,0,test,359330,0,0.43212563
H,0,test,361397,1,0.9847514
H,0,test,361916,1,0.79354095
H,0,test,366159,1,0.9587746
H,0,test,366344,0,0.58577025
H,0,test,367930,1,0.68780243
H,0,test,374662,1,0.7690339
H,0,test,383626,1,0.7192134
H,0,test,388622,1,0.663341
H,0,test,391348,0,0.53860974
H,0,test,402720,1,0.9620167
H,0,test,410795,1,0.6736975
H,0,test,413554,1,1.221179
H,0,test,415824,1,1.0380012
H,0,test,418425,0,0.4290061
H,0,test,419629,1,0.83311427
H,0,test,427380,1,0.6215843
H,0,test,430595,1,0.85556084
H,0,test,436619,0,0.4819522
H,0,test,445545,1,0.70942533
H,0,test,457179,1,1.0935159
H,0,test,463375,1,0.69587684
H,0,test,465489,0,0.49287832
H,0,test,471955,1,0.6987115
H,0,test,478525,0,0.3561898
H,0,test,479849,0,0.18772355
H,0,test,479859,0,0.17968947
H,0,test,480021,0,0.91270995
H,0,test,481454,0,0.38133067
H,0,test,486341,0,0.27687636
H,0,test,486901,0,0.436652
H,0,test,490630,1,0.5812857
H,0,test,490818,1,0.91939855
H,0,test,498363,1,1.0534312
H,0,test,508572,1,0.7193247
H,0,test,510306,0,0.2433764
H,0,test,511018,0,0.4757874
H,0,test,513568,0,0.36619002
H,0,test,524155,0,0.520559
H,0,test,526137,0,0.39723134
H,0,test,531193,0,-0.07148546
H,0,test,531815,0,0.8559477
H,0,test,534077,1,0.5170872
H,0,test,536736,1,1.0679892
H,0,test,544153,1,0.8850034
H,0,test,548749,1,0.772548
H,0,test,552900,1,1.0365815
H,0,test,552901,1,0.8811832
H,0,test,553161,0,0.6039123
H,0,test,554960,0,0.41982108
H,0,test,560123,1,0.8592755
H,0,test,565232,1,0.87215054
H,0,test,565908,0,0.59455407
H,0,test,566012,1,0.4147877
H,0,test,569789,0,0.057604074
H,0,test,573425,1,0.6189804
H,0,test,575730,0,0.63456655
H,0,test,577067,1,0.94499767
H,0,test,580587,0,0.25915897
H,0,test,584433,0,0.58413064
H,0,test,585465,1,0.6791108
H,0,test,589139,1,1.0297499
H,0,test,596051,1,0.5131496
H,0,test,596437,0,0.6435588
H,0,test,599359,1,1.0861745
H,0,test,606159,1,0.78897953
H,0,test,608537,1,0.74973285
H,0,test,612686,0,0.4043392
H,0,test,616172,1,0.67103964
H,0,test,625501,0,0.52884156
H,0,test,627006,1,0.7099552
H,0,test,627556,1,0.9922831
H,0,test,628661,1,0.83193654
H,0,test,639645,0,0.43634048
H,0,test,646867,1,0.78804046
H,0,test,648107,1,0.40989015
H,0,test,648709,0,0.22660798
H,0,test,649449,0,0.687835
H,0,test,654746,1,0.6298473
H,0,test,660164,1,0.58603233
H,0,test,663130,1,0.66762936
H,0,test,663406,1,0.43683732
H,0,test,670955,1,0.8671193
H,0,test,673553,1,0.7697607
H,0,test,675907,0,0.5880064
H,0,test,677917,1,0.6551384
H,0,test,677928,1,0.8602781
H,0,test,682565,1,0.5665339
H,0,test,690734,0,0.25277668
H,0,test,690987,1,0.80848634
H,0,test,692458,1,0.8683935
H,0,test,695588,1,0.9074435
H,0,test,697830,0,0.4686398
H,0,test,702078,0,0.55783796
H,0,test,704317,0,0.26052144
H,0,test,706141,1,0.14098099
H,0,test,708388,1,0.7638458
H,0,test,709192,0,0.312123
H,0,test,709722,1,0.7142922
H,0,test,711711,1,0.78756016
H,0,test,711782,1,0.84979236
H,0,test,714764,0,0.8634616
H,0,test,714952,1,0.6915571
H,0,test,719050,0,0.4555394
H,0,test,719225,1,0.9415376
H,0,test,723474,0,0.17264426
H,0,test,725470,0,0.28810912
H,0,test,738078,0,0.33454758
H,0,test,741884,0,0.8859662
H,0,test,742551,0,0.44925153
H,0,test,744145,0,0.47303075
H,0,test,744767,0,0.55301845
H,0,test,750881,0,0.43479246
H,0,test,752970,0,0.3945443
H,0,test,755356,0,0.30604526
H,0,test,762014,0,0.7968253
H,0,test,767773,0,0.42290252
H,0,test,768313,1,0.8268025
H,0,test,769720,1,0.5955259
H,0,test,772900,0,0.92019296
H,0,test,776444,1,0.8094175
H,0,test,777118,1,0.66831124
H,0,test,778111,1,0.8021083
H,0,test,779406,0,0.5404595
H,0,test,783140,1,0.7875411
H,0,test,784920,1,0.9866457
H,0,test,786776,0,0.5923564
H,0,test,789093,0,0.50317496
H,0,test,806762,0,0.44511506
H,0,test,808258,0,0.33018064
H,0,test,809234,1,0.73217446
H,0,test,810874,0,0.4396031
H,0,test,820729,1,0.71170235
H,0,test,822027,0,0.61870146
H,0,test,822463,1,0.71269435
H,0,test,831454,0,0.13861227
H,0,test,835159,1,0.7982218
H,0,test,839451,0,0.5663578
H,0,test,858119,0,0.5310816
H,0,test,859236,0,0.5815429
H,0,test,866317,1,0.9685732
H,0,test,869519,1,0.60921425
H,0,test,873012,1,0.47527546
H,0,test,877831,0,0.40402168
H,0,test,884569,1,0.71868134
H,0,test,889657,1,0.86518764
H,0,test,900534,1,0.7238472
H,0,test,900750,1,0.5943876
H,0,test,903654,1,0.7691233
H,0,test,944315,0,0.43247312
H,0,test,951654,0,0.47349554
H,0,test,952219,0,0.5706742
H,0,test,953656,0,0.5813552
H,0,test,954477,1,0.59923047
H,0,test,955669,0,0.40627444
H,0,test,955753,1,0.50681967
H,0,test,957325,1,0.72915804
H,0,test,959155,0,0.79532164
H,0,test,962643,1,0.59090453
H,0,test,963985,1,0.99926364
H,0,test,969827,0,0.4536404
H,0,test,972950,1,1.0021487
H,0,test,976523,1,0.8320209
H,0,test,982253,1,0.50386816
H,0,test,982817,0,0.13376004
H,0,test,984065,0,0.35457748
H,0,test,985152,1,0.28820258
H,0,test,989331,1,0.831208
H,0,test,990528,0,0.40404406
H,0,test,994044,1,0.75369847
H,0,test,994160,1,1.1279709
H,0,test,995496,1,0.95507526
H,0,test,996219,0,0.43915004
H,0,test,996860,0,0.44325596
H,0,test,998151,1,0.61359316
H,0,test,998708,1,0.70616794
H,0,test,1001502,0,0.3853256
H,0,test,1001535,1,0.6540334
H,0,test,1003409,1,0.7318237
H,0,test,1005171,1,0.8884933
H,0,test,1005401,1,0.793404
H,0,test,1005619,1,0.6795736
H,0,test,1006944,1,0.7349517
H,0,test,1012321,1,0.592345
H,0,test,1017249,1,0.8379108
H,0,test,1043429,1,0.85364807
H,0,test,1046104,0,0.63546336
H,0,test,1048580,1,0.76764256
H,0,test,1049831,0,0.78031147
H,0,test,1050525,1,0.83450437
H,0,test,1053386,0,0.4784013
H,0,test,1054567,0,0.49107888
H,0,test,1057686,0,0.531337
H,0,test,1058429,1,0.753249
H,0,test,1063812,0,0.4272306
H,0,test,1066129,1,0.85438323
H,0,test,1066734,1,0.98203146
H,0,test,1067828,1,0.50249815
H,0,test,1069003,0,0.41153902
H,0,test,1069689,1,0.7926023
H,0,test,1071527,1,0.62926793
H,0,test,1072194,1,0.64623904
H,0,test,1073214,1,0.83354473
H,0,test,1073787,1,0.605221
H,0,test,1074093,1,0.58720446
H,0,test,1074163,1,0.9154774
H,0,test,1074275,1,0.7888837
H,0,test,1074306,1,0.81796175
H,0,test,1075816,1,0.7739756
H,0,test,1077606,1,0.8470876
H,0,test,1079219,0,0.0033980012
H,0,test,1079656,1,0.39466587
H,0,test,1079923,0,0.23190406
H,0,test,1080366,1,0.95456743
H,0,test,1080459,1,1.0710812
H,0,test,1081059,1,0.33523387
H,0,test,1081383,0,0.83491075
H,0,test,1082739,1,0.72065496
H,0,test,1084267,1,0.56874293
H,0,test,1084497,1,0.5632238
H,0,test,1085709,1,0.65013134
H,0,test,1086243,1,0.82445335
H,0,test,1086991,0,0.2759228
H,0,test,1087391,0,0.2724611
H,0,test,1089172,1,0.7258266
H,0,test,1090438,1,1.0371511
H,0,test,1090543,1,0.62047815
H,0,test,1091014,1,0.48860088
H,0,test,1091583,1,0.7905834
H,0,test,1092848,1,0.42185622
H,0,test,1093401,1,0.74110615
H,0,test,1094456,1,0.5391969
H,0,test,1094730,0,0.33886695
H,0,test,1095404,1,0.6155476
H,0,test,1097324,1,0.6363524
H,0,test,1097843,0,0.4171201
H,0,test,1098849,1,0.8122074
H,0,test,1099078,1,0.63145554
H,0,test,1101406,0,0.27832672
H,0,test,1102276,1,0.8070823
H,0,test,1102389,1,0.8988623
H,0,test,1102856,1,0.3296882
H,0,test,1102873,1,0.42888084
H,0,test,1104038,1,1.1088865
H,0,test,1104198,1,0.61427414
H,0,test,1104592,1,0.7684029
H,0,test,1105837,1,0.7524425
H,0,test,1106300,1,0.7767837
H,0,test,1106784,1,0.777344
H,0,test,1107575,0,0.21744323
H,0,test,1107631,1,1.1722128
H,0,test,1109280,1,0.763997
H,0,test,1109598,1,1.0770797
H,0,test,1110598,0,0.51838803
H,0,test,1111123,1,0.45723987
H,0,test,1112333,1,0.8544043
H,0,test,1112425,1,0.8402358
H,0,test,1112671,1,0.8252468
H,0,test,1112684,0,0.46475238
H,0,test,1112999,0,0.30175835
H,0,test,1113155,0,0.61412555
H,0,test,1113808,0,0.23815477
H,0,test,1114105,0,0.71370834
H,0,test,1114679,1,0.6954117
H,0,test,1115212,1,0.8205906
H,0,test,1115227,1,0.34647867
H,0,test,1115247,0,0.8403112
H,0,test,1115342,0,0.4627467
H,0,test,1116507,1,0.73563486
H,0,test,1116601,0,0.3920949
H,0,test,1117267,1,1.1901753
H,0,test,1118542,0,0.3999752
H,0,test,1119067,1,0.8794807
H,0,test,1119591,1,0.9268936
H,0,test,1120775,1,0.5806172
H,0,test,1121443,0,0.37165523
H,0,test,1121623,1,0.55824876
H,0,test,1121672,1,0.5160995
H,0,test,1121926,1,0.56483
H,0,test,1122760,0,0.2714737
H,0,test,1123500,1,0.53531253
H,0,test,1123559,0,0.32771426
H,0,test,1123910,1,0.4691762
H,0,test,1124180,0,0.094914556
H,0,test,1124561,0,0.5317359
H,0,test,1124658,0,0.45402113
H,0,test,1125073,1,0.81990683
H,0,test,1125442,1,0.7870975
H,0,test,1125468,1,1.0422602
H,0,test,1125785,1,0.30845067
H,0,test,1125964,1,0.74043685
H,0,test,1126244,0,0.09983635
H,0,test,1126443,0,0.41328323
H,0,test,1127029,0,0.5122651
H,0,test,1127233,0,0.18555
H,0,test,1127285,0,0.5725218
H,0,test,1127560,1,1.0874876
H,0,test,1128027,1,0.74555725
H,0,test,1128117,1,0.8533313
H,0,test,1128350,1,0.52693135
H,0,test,1129253,1,0.4131785
H,0,test,1129383,1,0.5466531
H,0,test,1129695,1,0.55147296
H,0,test,1129961,0,0.40668634
H,0,test,1130530,0,0.5307853
H,0,test,1130533,1,1.076917
H,0,test,1130623,0,0.4470392
H,0,test,1131355,1,0.58101624
H,0,test,1132251,1,0.74466914
H,0,test,1132286,0,0.7591913
H,0,test,1132874,1,1.035157
H,0,test,1133607,1,0.82430905
H,0,test,1133778,1,1.2323587
H,0,test,1134518,0,0.26467156
H,0,test,1134921,1,0.6646091
H,0,test,1134927,1,0.78682977
H,0,test,1135001,1,0.5192789
H,0,test,1135191,0,0.28897944
H,0,test,1135626,1,0.9057617
H,0,test,1136569,0,0.3364432
H,0,test,1136878,1,0.49086994
H,0,test,1136925,0,0.85638374
H,0,test,1136946,0,0.383623
H,0,test,1136981,1,0.96197605
H,0,test,1137818,1,0.6642347
H,0,test,1138374,0,0.44767782
H,0,test,1138681,1,0.45509702
H,0,test,1139209,0,0.394875
H,0,test,1139275,1,0.90471995
H,0,test,1139688,1,1.1661814
H,0,test,1139774,0,0.5308267
H,0,test,1139795,0,0.14972496
H,0,test,1142591,0,0.7944385
H,0,test,1143113,1,0.66185987
H,0,test,1144147,0,0.3580721
H,0,test,1144198,1,0.8244853
H,0,test,1144465,1,0.87710744
H,0,test,1145207,0,0.5426123
H,0,test,1146057,0,0.061009884
H,0,test,1146208,0,0.23818126
H,0,test,1146369,1,0.9952054
H,0,test,1147189,1,0.46606576
H,0,test,1147877,1,0.46690232
H,0,test,1148116,1,0.9341979
H,0,test,1148548,1,0.97014296
H,0,test,1149201,1,0.58287287
H,0,test,1150067,1,0.8429457
H,0,test,1150178,1,0.81503147
H,0,test,1151371,1,0.9696405
H,0,test,1151583,1,0.7028294
H,0,test,1152038,1,0.51456374
H,0,test,1152707,0,0.9046861
H,0,test,1152739,0,0.56569225
H,0,test,1153155,1,0.7999026
H,0,test,1153244,1,0.14015388
H,0,test,1154055,1,0.6062354
H,0,test,1155460,1,0.6475814
H,0,test,1155554,1,0.7531339
H,0,test,1156261,1,0.47628775
H,0,test,1156634,1,0.7850639
H,0,test,1156847,1,0.8413287
H,0,test,1206184,1,0.37405303
H,0,test,1206257,1,0.7417016
H,0,test,1206751,1,0.95100415
H,0,test,1206811,1,0.7117307
H,0,test,1206867,1,1.1456392
H,0,test,1207207,1,0.75536144
H,0,test,1208078,0,0.574394
H,0,test,1208476,1,0.8129988
H,0,test,1208561,1,0.9363663
H,0,test,1209069,1,0.7504309
H,0,test,1209473,1,0.74078196
H,0,test,1209531,0,0.03829056
H,0,test,1209908,0,0.5625697
H,0,test,1210055,0,0.6882812
H,0,test,1210080,0,0.5993971
H,0,test,1212290,1,0.8288878
H,0,test,1212582,1,0.8730412
H,0,test,1212738,1,0.82880014
H,0,test,1213041,1,0.98812604
H,0,test,1213071,1,0.40856355
H,0,test,1213667,0,0.2288163
H,0,test,1214248,1,1.133518
H,0,test,1215252,0,0.12710029
H,0,test,1215452,0,0.5573151
H,0,test,1215586,0,0.6006508
H,0,test,1217110,1,0.72367036
H,0,test,1217724,0,0.63165015
H,0,test,1217757,1,0.48996097
H,0,test,1218110,0,0.5060321
H,0,test,1218980,0,0.46542302
H,0,test,1219802,1,0.87843287
H,0,test,1220156,0,0.5867306
H,0,test,1220269,0,0.4036705
H,0,test,1220796,1,0.93468285
H,0,test,1220900,1,0.5463983
H,0,test,1221603,1,0.45482054
H,0,test,1221685,1,0.8756888
H,0,test,1221764,1,0.81719214
H,0,test,1222037,1,0.5461728
H,0,test,1222048,1,0.85067904
H,0,test,1222069,1,0.99727565
H,0,test,1222115,0,0.5377132
H,0,test,1222124,1,0.67167926
H,0,test,1222410,0,-0.057420433
H,0,test,1223017,1,0.46042383
H,0,test,1223272,1,0.8818467
H,0,test,1224094,0,0.38783178
H,0,test,1224536,1,0.39868772
H,0,test,1225262,1,0.5955133
H,0,test,1225309,1,0.820181
H,0,test,1225334,0,0.24407306
H,0,test,1225413,1,1.1606379
H,0,test,1225553,1,0.7418595
H,0,test,1225716,0,0.4510073
H,0,test,1225843,0,0.42854333
H,0,test,1225945,0,0.23940665
H,0,test,1226065,1,0.60500395
H,0,test,1226708,1,0.85998106
H,0,test,1226825,1,0.4543616
H,0,test,1227138,0,0.4377154
H,0,test,1227755,1,1.0712831
H,0,test,1228267,1,0.86801875
H,0,test,1228453,1,0.39033192
H,0,test,1228747,1,1.0372825
H,0,test,1228820,0,0.2608657
H,0,test,1229345,1,1.0089649
H,0,test,1229976,1,0.64158314
H,0,test,1230265,1,0.69762605
H,0,test,1230721,1,0.6811513
H,0,test,1230724,1,0.48698854
H,0,test,1231353,1,1.0846303
H,0,test,1231734,1,0.5815592
H,0,test,1231841,0,0.40902
H,0,test,1232099,0,0.6298178
H,0,test,1233084,1,0.8635192
H,0,test,1233147,1,0.6716927
H,0,test,1233618,0,0.51947004
H,0,test,1233777,1,0.966123
H,0,test,1234410,0,0.59634477
H,0,test,1234413,1,0.2969918
H,0,test,1234672,0,0.2871715
H,0,test,1235697,1,0.67036045
H,0,test,1236071,1,0.6194066
H,0,test,1236191,1,0.7067907
H,0,test,1236410,0,0.13265848
H,0,test,1237123,0,0.5006105
H,0,test,1237184,0,0.4725958
H,0,test,1237496,1,0.65055174
H,0,test,1237508,1,0.412457
H,0,test,1237793,1,0.6619768
H,0,test,1237971,1,0.70523953
H,0,test,1238001,0,0.18651298
H,0,test,1238292,0,0.57810366
H,0,test,1238406,0,0.14698803
H,0,test,1238413,1,0.51070315
H,0,test,1238443,0,0.44397983
H,0,test,1238501,0,0.236969
H,0,test,1238523,1,0.92330843
H,0,test,1238553,1,0.31769073
H,0,test,1238636,1,0.7124667
H,0,test,1238817,0,0.5609655
H,0,test,1238964,1,0.5693219
H,0,test,1239079,1,0.6256555
H,0,test,1239094,1,0.6903301
H,0,test,1239224,1,0.5076546
H,0,test,1239458,0,0.6807412
H,0,test,1239936,0,0.5168346
H,0,test,1240378,1,0.5295755
H,0,test,1240433,1,0.74707633
H,0,test,1241090,0,0.6481103
H,0,test,1241104,0,0.1240775
H,0,test,1241937,0,0.7023776
H,0,test,1241954,1,0.68040186
H,0,test,1242009,1,0.65340585
H,0,test,1242021,1,0.86946356
H,0,test,1242267,1,0.74706566
H,0,test,1242424,1,0.83962387
H,0,test,1242536,1,1.1293485
H,0,test,1242725,1,0.5243697
H,0,test,1242729,1,0.6209073
H,0,test,1242755,0,0.63871497
H,0,test,1242831,0,0.40835375
H,0,test,1243295,1,0.795231
H,0,test,1243442,0,0.18037757
H,0,test,1243523,0,0.35498106
H,0,test,1244763,0,0.5577169
H,0,test,1245846,1,0.733067
H_recording,0,val,1122,0,0.75776815
H_recording,0,val,4993,1,0.7289454
H_recording,0,val,15488,1,1.0900167
H_recording,0,val,20593,1,0.8481607
H_recording,0,val,22854,1,0.6213569
H_recording,0,val,32097,1,0.8834471
H_recording,0,val,33645,0,0.007148981
H_recording,0,val,40597,1,0.64025277
H_recording,0,val,50696,1,0.45218223
H_recording,0,val,52327,1,1.0124813
H_recording,0,val,54388,0,0.2795626
H_recording,0,val,57684,1,0.57431686
H_recording,0,val,58630,1,1.0410454
H_recording,0,val,59792,0,0.30085957
H_recording,0,val,72432,1,0.5821749
H_recording,0,val,76273,1,0.91867095
H_recording,0,val,85978,1,0.43456078
H_recording,0,val,86840,1,0.77678263
H_recording,0,val,87973,1,0.86329585
H_recording,0,val,91249,1,0.5040246
H_recording,0,val,112607,1,0.8595921
H_recording,0,val,112715,1,1.1331698
H_recording,0,val,123208,1,1.0899146
H_recording,0,val,140328,0,0.738912
H_recording,0,val,141620,1,1.0844271
H_recording,0,val,143454,0,0.88092464
H_recording,0,val,144004,0,0.23607555
H_recording,0,val,145109,1,0.06422424
H_recording,0,val,149348,1,0.69961506
H_recording,0,val,152430,1,0.55963546
H_recording,0,val,154041,1,0.44496453
H_recording,0,val,157449,1,0.87298167
H_recording,0,val,162518,1,0.9126123
H_recording,0,val,163423,1,0.8610461
H_recording,0,val,165324,0,0.513528
H_recording,0,val,165400,0,0.7115197
H_recording,0,val,169372,1,0.8314549
H_recording,0,val,171833,1,0.76934856
H_recording,0,val,171896,1,0.4252794
H_recording,0,val,172578,1,1.0257348
H_recording,0,val,173162,0,0.3932101
H_recording,0,val,176133,1,0.917377
H_recording,0,val,184936,1,0.8702065
H_recording,0,val,191335,0,0.5387641
H_recording,0,val,193149,0,0.7228462
H_recording,0,val,203640,1,0.6795546
H_recording,0,val,207233,1,1.1355823
H_recording,0,val,213739,0,0.20460576
H_recording,0,val,228543,1,0.68198067
H_recording,0,val,234247,0,0.730095
H_recording,0,val,237953,1,0.71314365
H_recording,0,val,238407,0,0.3421853
H_recording,0,val,240229,0,0.37091255
H_recording,0,val,243108,1,1.162566
H_recording,0,val,250983,0,0.7141513
H_recording,0,val,258462,0,0.4702645
H_recording,0,val,269426,1,0.4693684
H_recording,0,val,273826,1,0.49907866
H_recording,0,val,278485,0,0.18814927
H_recording,0,val,280452,0,0.34564757
H_recording,0,val,282212,1,0.5587692
H_recording,0,val,289992,1,0.7451863
H_recording,0,val,292872,0,0.29055443
H_recording,0,val,299698,1,0.806382
H_recording,0,val,303683,0,0.48999125
H_recording,0,val,308426,1,0.39008814
H_recording,0,val,308485,0,0.4088799
H_recording,0,val,319549,1,0.80143875
H_recording,0,val,321109,0,0.8515634
H_recording,0,val,321989,1,0.8194114
H_recording,0,val,323718,1,0.46740478
H_recording,0,val,323797,0,0.1883483
H_recording,0,val,325318,0,0.6486394
H_recording,0,val,328655,0,0.22247076
H_recording,0,val,332529,1,0.95711553
H_recording,0,val,335955,1,0.3645938
H_recording,0,val,338273,1,1.0078491
H_recording,0,val,345087,1,0.962912
H_recording,0,val,345361,1,1.009615
H_recording,0,val,347257,1,0.9812074
H_recording,0,val,349058,1,0.7759928
H_recording,0,val,350012,1,0.83257127
H_recording,0,val,350472,0,0.36566073
H_recording,0,val,352441,0,0.32924372
H_recording,0,val,352893,1,0.8196115
H_recording,0,val,353416,1,0.60416996
H_recording,0,val,357322,0,0.5864476
H_recording,0,val,364228,1,0.7545344
H_recording,0,val,364440,0,0.5362055
H_recording,0,val,368436,1,0.58016664
H_recording,0,val,369818,1,0.8841639
H_recording,0,val,372332,1,0.89937043
H_recording,0,val,375294,1,1.0235544
H_recording,0,val,376880,1,0.7913034
H_recording,0,val,377217,1,0.7563233
H_recording,0,val,377703,1,0.9359752
H_recording,0,val,400944,1,0.5759526
H_recording,0,val,406676,1,0.8787054
H_recording,0,val,407827,1,0.8590167
H_recording,0,val,412716,1,1.0648044
H_recording,0,val,416249,1,0.50329804
H_recording,0,val,420633,1,0.64344424
H_recording,0,val,421283,1,0.7731875
H_recording,0,val,421437,0,0.24502164
H_recording,0,val,423553,1,0.7385042
H_recording,0,val,431921,0,0.54846704
H_recording,0,val,432168,1,0.675043
H_recording,0,val,432906,1,1.0256813
H_recording,0,val,433303,1,0.80817616
H_recording,0,val,443207,1,0.7748238
H_recording,0,val,445318,0,0.43929905
H_recording,0,val,448027,0,0.23698586
H_recording,0,val,463298,1,0.6927421
H_recording,0,val,469812,0,0.521932
H_recording,0,val,469865,1,0.99419695
H_recording,0,val,474601,1,0.7897253
H_recording,0,val,475893,0,0.550762
H_recording,0,val,482448,0,0.6149184
H_recording,0,val,487378,0,0.44151717
H_recording,0,val,488665,0,0.6585327
H_recording,0,val,490941,0,0.07528919
H_recording,0,val,496270,1,0.57629573
H_recording,0,val,502585,0,0.5523957
H_recording,0,val,507011,1,0.67051756
H_recording,0,val,509624,1,0.4989607
H_recording,0,val,512180,1,0.80631447
H_recording,0,val,517848,1,0.9826127
H_recording,0,val,518232,1,0.5132897
H_recording,0,val,520868,0,0.14712796
H_recording,0,val,526837,0,0.8817969
H_recording,0,val,529902,1,1.3044778
H_recording,0,val,530038,1,1.3183224
H_recording,0,val,531104,1,0.9025678
H_recording,0,val,532533,1,0.738419
H_recording,0,val,545205,0,0.29053023
H_recording,0,val,546258,1,0.7546577
H_recording,0,val,549363,0,0.24715981
H_recording,0,val,552325,0,0.78285295
H_recording,0,val,552424,0,0.77838826
H_recording,0,val,556177,0,0.5369892
H_recording,0,val,563033,0,0.7732891
H_recording,0,val,564394,0,0.24977288
H_recording,0,val,577668,1,0.7583198
H_recording,0,val,578084,0,0.55518126
H_recording,0,val,583338,1,0.7408172
H_recording,0,val,588986,1,1.0134875
H_recording,0,val,592548,0,0.38474703
H_recording,0,val,599396,0,0.23954806
H_recording,0,val,605160,0,0.84514
H_recording,0,val,607813,0,0.33141044
H_recording,0,val,608740,0,0.79392654
H_recording,0,val,614481,0,0.09764099
H_recording,0,val,615119,1,0.9388027
H_recording,0,val,615631,1,0.6776399
H_recording,0,val,625366,1,0.7845435
H_recording,0,val,629729,1,0.8018285
H_recording,0,val,647436,0,0.62319344
H_recording,0,val,650259,0,0.38486776
H_recording,0,val,651309,0,0.34737247
H_recording,0,val,651758,1,0.5873234
H_recording,0,val,652123,0,0.2712506
H_recording,0,val,652279,0,0.28859943
H_recording,0,val,656122,1,0.7572612
H_recording,0,val,656138,1,0.5308456
H_recording,0,val,660061,1,0.32104918
H_recording,0,val,660533,0,0.4266903
H_recording,0,val,660938,1,0.5329756
H_recording,0,val,665029,1,0.55225044
H_recording,0,val,665050,1,0.54032564
H_recording,0,val,670244,1,0.5211371
H_recording,0,val,671325,0,0.3886984
H_recording,0,val,671576,0,0.19653648
H_recording,0,val,673052,1,0.84197134
H_recording,0,val,675660,0,0.008936882
H_recording,0,val,678199,0,0.4461262
H_recording,0,val,680266,0,0.5823883
H_recording,0,val,682914,1,0.61703014
H_recording,0,val,692799,1,0.9223269
H_recording,0,val,696774,1,1.0797187
H_recording,0,val,700558,1,0.5809374
H_recording,0,val,703048,0,1.0819453
H_recording,0,val,705906,1,0.91404164
H_recording,0,val,710625,1,0.9011347
H_recording,0,val,712016,1,0.8544546
H_recording,0,val,718704,1,0.586519
H_recording,0,val,726126,0,0.24267837
H_recording,0,val,734224,0,0.32572296
H_recording,0,val,738172,0,0.6169747
H_recording,0,val,738715,0,0.6722336
H_recording,0,val,739530,1,0.06904471
H_recording,0,val,740043,1,0.60220903
H_recording,0,val,743121,1,0.5806867
H_recording,0,val,743318,0,0.4780367
H_recording,0,val,745489,1,0.61021227
H_recording,0,val,747568,1,0.696518
H_recording,0,val,747710,0,0.6892848
H_recording,0,val,748105,0,0.8944434
H_recording,0,val,755156,1,0.9558552
H_recording,0,val,755914,1,1.1152159
H_recording,0,val,761233,1,0.8049448
H_recording,0,val,765473,1,0.6788878
H_recording,0,val,765954,0,0.13392192
H_recording,0,val,766763,1,0.55638665
H_recording,0,val,767066,1,0.6267688
H_recording,0,val,783025,1,0.83531797
H_recording,0,val,788241,1,0.49100357
H_recording,0,val,789437,1,0.7903818
H_recording,0,val,789824,0,0.3370102
H_recording,0,val,793726,0,0.6641691
H_recording,0,val,803606,1,0.7279943
H_recording,0,val,809689,0,0.85433745
H_recording,0,val,817197,0,0.10551095
H_recording,0,val,822633,1,0.48504257
H_recording,0,val,829142,1,0.78053886
H_recording,0,val,829874,0,0.6472036
H_recording,0,val,833210,1,0.83999336
H_recording,0,val,835716,0,0.4272313
H_recording,0,val,835833,1,0.72100514
H_recording,0,val,839278,1,0.84703934
H_recording,0,val,847036,1,0.9695018
H_recording,0,val,848723,1,0.5177815
H_recording,0,val,849472,1,0.74237466
H_recording,0,val,853842,1,0.93881106
H_recording,0,val,857171,1,0.5310089
H_recording,0,val,859109,1,0.96975017
H_recording,0,val,860360,1,0.7147417
H_recording,0,val,866895,0,0.56304896
H_recording,0,val,868318,0,0.5022921
H_recording,0,val,870739,1,0.8355029
H_recording,0,val,883479,0,0.6562473
H_recording,0,val,883804,1,0.7982117
H_recording,0,val,885394,1,0.5438254
H_recording,0,val,886279,1,0.402432
H_recording,0,val,898035,1,0.70702064
H_recording,0,val,900648,1,0.7546576
H_recording,0,val,903410,1,0.7363818
H_recording,0,val,936352,0,0.07804656
H_recording,0,val,950405,1,0.85639644
H_recording,0,val,951465,0,0.8035939
H_recording,0,val,951846,0,0.4210236
H_recording,0,val,963197,1,0.7849103
H_recording,0,val,970382,1,0.89517707
H_recording,0,val,975370,0,1.0654905
H_recording,0,val,975728,0,0.4711119
H_recording,0,val,976220,1,0.81850535
H_recording,0,val,977714,1,0.84401274
H_recording,0,val,979369,1,0.92192024
H_recording,0,val,979917,1,0.67756766
H_recording,0,val,981736,0,0.43608564
H_recording,0,val,983916,1,0.12951249
H_recording,0,val,986074,1,0.85311234
H_recording,0,val,987997,1,0.8262265
H_recording,0,val,988071,0,0.81972545
H_recording,0,val,989315,1,0.8723301
H_recording,0,val,991060,1,1.1892045
H_recording,0,val,991790,1,0.92999506
H_recording,0,val,991972,1,0.41287294
H_recording,0,val,993562,1,0.8064903
H_recording,0,val,994960,0,0.3345129
H_recording,0,val,997176,0,-0.049075425
H_recording,0,val,999980,0,0.7552937
H_recording,0,val,1002249,1,0.96538025
H_recording,0,val,1005121,1,0.81505305
H_recording,0,val,1007363,0,0.58223
H_recording,0,val,1009347,1,0.54593337
H_recording,0,val,1013371,1,0.32935917
H_recording,0,val,1026684,1,0.31107342
H_recording,0,val,1027441,1,0.54807985
H_recording,0,val,1029373,1,0.92422706
H_recording,0,val,1042457,0,0.087376
H_recording,0,val,1043319,0,0.6185533
H_recording,0,val,1049886,1,1.0881901
H_recording,0,val,1057350,0,0.7227311
H_recording,0,val,1057961,0,0.57039124
H_recording,0,val,1058939,1,0.5316805
H_recording,0,val,1065288,0,0.7365325
H_recording,0,val,1065613,0,0.42708054
H_recording,0,val,1067177,1,0.47058058
H_recording,0,val,1067946,0,0.29973257
H_recording,0,val,1068390,1,0.71893007
H_recording,0,val,1068928,0,0.6512556
H_recording,0,val,1070070,1,0.4912799
H_recording,0,val,1070472,0,0.20147723
H_recording,0,val,1070686,0,0.66696537
H_recording,0,val,1071801,0,0.46864086
H_recording,0,val,1072395,1,0.6556535
H_recording,0,val,1073156,1,0.9011021
H_recording,0,val,1073471,1,0.88688594
H_recording,0,val,1074753,0,0.59009975
H_recording,0,val,1077187,1,0.9167099
H_recording,0,val,1079282,1,0.74977344
H_recording,0,val,1080609,0,0.60786617
H_recording,0,val,1081377,0,0.34137174
H_recording,0,val,1082433,0,0.14330003
H_recording,0,val,1082987,0,0.372856
H_recording,0,val,1083817,1,0.47493064
H_recording,0,val,1084185,0,0.48259565
H_recording,0,val,1085216,0,-0.00017696619
H_recording,0,val,1087797,1,1.0983617
H_recording,0,val,1088105,1,0.6468968
H_recording,0,val,1088918,1,0.6433159
H_recording,0,val,1091670,1,0.86808395
H_recording,0,val,1092408,1,0.79344606
H_recording,0,val,1092437,1,0.8295861
H_recording,0,val,1092889,1,0.8057778
H_recording,0,val,1092948,1,0.7538552
H_recording,0,val,1093200,0,0.41639417
H_recording,0,val,1093743,0,0.010104299
H_recording,0,val,1093823,1,0.85366714
H_recording,0,val,1096850,1,0.5957251
H_recording,0,val,1097996,1,0.1839881
H_recording,0,val,1099660,1,0.6201966
H_recording,0,val,1102314,1,0.9052743
H_recording,0,val,1103360,1,0.64775795
H_recording,0,val,1104219,1,0.33096534
H_recording,0,val,1104443,1,0.67613083
H_recording,0,val,1104599,1,0.98106676
H_recording,0,val,1104649,1,0.92223436
H_recording,0,val,1104803,0,0.34669954
H_recording,0,val,1105121,0,0.3234209
H_recording,0,val,1105416,1,0.28493038
H_recording,0,val,1105688,1,0.62036276
H_recording,0,val,1105902,1,0.5126201
H_recording,0,val,1105904,0,0.33378273
H_recording,0,val,1106632,0,0.4423242
H_recording,0,val,1107348,1,0.716181
H_recording,0,val,1108706,1,0.7574185
H_recording,0,val,1108945,1,1.0144626
H_recording,0,val,1108949,1,1.1125335
H_recording,0,val,1109030,1,0.57175237
H_recording,0,val,1109526,1,0.9860663
H_recording,0,val,1109829,1,0.93790185
H_recording,0,val,1110232,1,0.666174
H_recording,0,val,1111153,0,0.5190877
H_recording,0,val,1111471,1,0.8430322
H_recording,0,val,1111860,1,0.7285936
H_recording,0,val,1111920,1,0.8936077
H_recording,0,val,1112111,1,0.8754447
H_recording,0,val,1112465,1,0.26321188
H_recording,0,val,1113756,1,0.9527307
H_recording,0,val,1114556,0,0.6627674
H_recording,0,val,1115316,1,0.62484723
H_recording,0,val,1115713,1,0.73467684
H_recording,0,val,1116372,1,0.6928092
H_recording,0,val,1116860,1,0.6599601
H_recording,0,val,1118398,1,0.67983615
H_recording,0,val,1118773,0,0.40861768
H_recording,0,val,1119526,1,0.64489114
H_recording,0,val,1119929,0,0.6447759
H_recording,0,val,1120625,1,0.5531525
H_recording,0,val,1121493,0,0.44999093
H_recording,0,val,1121766,1,0.38763598
H_recording,0,val,1121995,0,0.48439056
H_recording,0,val,1122004,0,0.31385988
H_recording,0,val,1122557,1,0.6361447
H_recording,0,val,1122626,1,0.8877659
H_recording,0,val,1122659,1,0.6644269
H_recording,0,val,1123484,0,0.59319174
H_recording,0,val,1123572,0,0.559445
H_recording,0,val,1123858,0,0.50217324
H_recording,0,val,1124330,0,0.7415616
H_recording,0,val,1125095,0,0.4570511
H_recording,0,val,1126146,0,0.24130836
H_recording,0,val,1126844,0,0.64301056
H_recording,0,val,1127703,1,0.68124837
H_recording,0,val,1127812,1,0.33484158
H_recording,0,val,1128031,1,0.970238
H_recording,0,val,1128952,0,0.38737005
H_recording,0,val,1129029,0,0.35902524
H_recording,0,val,1129826,1,0.6542369
H_recording,0,val,1129953,0,0.249428
H_recording,0,val,1129979,1,0.74920225
H_recording,0,val,1131254,0,0.55638826
H_recording,0,val,1131656,1,1.0030291
H_recording,0,val,1131818,1,0.8270359
H_recording,0,val,1131831,1,0.7864704
H_recording,0,val,1131906,1,1.0055567
H_recording,0,val,1132886,0,0.86158526
H_recording,0,val,1134339,0,0.2124098
H_recording,0,val,1136675,1,0.7901577
H_recording,0,val,1136723,0,0.113862336
H_recording,0,val,1136790,1,0.827878
H_recording,0,val,1137743,1,0.96788466
H_recording,0,val,1137897,1,0.7886677
H_recording,0,val,1138091,1,0.62600744
H_recording,0,val,1138316,1,0.73442435
H_recording,0,val,1138699,0,0.32760528
H_recording,0,val,1138864,1,0.54223186
H_recording,0,val,1139249,1,0.552522
H_recording,0,val,1140109,1,0.87606287
H_recording,0,val,1141785,0,0.014267087
H_recording,0,val,1142584,0,0.5187988
H_recording,0,val,1142724,0,0.46282196
H_recording,0,val,1142803,1,0.85316515
H_recording,0,val,1142989,1,0.40465719
H_recording,0,val,1143781,1,0.79480857
H_recording,0,val,1144322,1,0.98669624
H_recording,0,val,1144734,1,0.897112
H_recording,0,val,1144789,1,1.2620361
H_recording,0,val,1145284,1,0.9380552
H_recording,0,val,1145385,0,0.4345685
H_recording,0,val,1145393,1,0.69732624
H_recording,0,val,1146323,0,0.32851416
H_recording,0,val,1146488,0,0.60076326
H_recording,0,val,1147005,0,0.37836206
H_recording,0,val,1147155,1,1.0556784
H_recording,0,val,1148332,1,0.94629353
H_recording,0,val,1148772,1,0.49857906
H_recording,0,val,1148848,1,0.7138854
H_recording,0,val,1149102,1,0.5414675
H_recording,0,val,1149196,0,0.5864092
H_recording,0,val,1149831,1,0.7466083
H_recording,0,val,1149916,1,0.33868977
H_recording,0,val,1151020,0,0.91535383
H_recording,0,val,1151121,1,0.92453283
H_recording,0,val,1151387,0,0.5056288
H_recording,0,val,1152700,1,0.77678925
H_recording,0,val,1152931,1,0.2644457
H_recording,0,val,1153914,1,0.642696
H_recording,0,val,1154175,1,0.804237
H_recording,0,val,1154313,1,0.7549249
H_recording,0,val,1154492,1,0.7556225
H_recording,0,val,1154712,1,0.9085245
H_recording,0,val,1155519,1,0.7090206
H_recording,0,val,1156023,1,0.591213
H_recording,0,val,1156386,1,0.86986434
H_recording,0,val,1156739,1,0.6540124
H_recording,0,val,1157101,1,0.60084313
H_recording,0,val,1157142,1,0.7078084
H_recording,0,val,1157190,1,0.8011982
H_recording,0,val,1205889,1,1.109102
H_recording,0,val,1206308,0,0.5039361
H_recording,0,val,1206310,1,0.5541868
H_recording,0,val,1206335,0,0.3124222
H_recording,0,val,1206411,1,0.9442812
H_recording,0,val,1206714,1,1.1752996
H_recording,0,val,1206862,1,0.9991933
H_recording,0,val,1206997,1,0.81107754
H_recording,0,val,1207017,1,0.6235828
H_recording,0,val,1207479,0,0.17549524
H_recording,0,val,1208422,1,0.8843161
H_recording,0,val,1208870,1,0.8834824
H_recording,0,val,1208898,1,0.6929853
H_recording,0,val,1209429,1,0.63646096
H_recording,0,val,1209873,1,0.66848946
H_recording,0,val,1209935,0,0.31802458
H_recording,0,val,1209975,1,0.49033993
H_recording,0,val,1210100,0,0.16328165
H_recording,0,val,1210408,0,0.716468
H_recording,0,val,1210816,1,0.48686153
H_recording,0,val,1211345,1,0.37354934
H_recording,0,val,1211778,0,0.2691925
H_recording,0,val,1212354,0,0.3956746
H_recording,0,val,1212408,1,0.8361821
H_recording,0,val,1212451,0,0.07967639
H_recording,0,val,1212865,1,0.6577139
H_recording,0,val,1214345,1,0.47744334
H_recording,0,val,1214456,0,0.44546205
H_recording,0,val,1214506,1,1.0000343
H_recording,0,val,1214832,0,0.31125113
H_recording,0,val,1214928,1,0.9256128
H_recording,0,val,1215070,1,0.14349183
H_recording,0,val,1215193,1,0.8211143
H_recording,0,val,1215869,0,0.5473456
H_recording,0,val,1215921,1,0.46777266
H_recording,0,val,1216036,1,0.5122254
H_recording,0,val,1216145,0,0.77086073
H_recording,0,val,1216150,1,0.6524806
H_recording,0,val,1216691,1,0.89171076
H_recording,0,val,1216776,1,0.56204146
H_recording,0,val,1217218,0,0.15926445
H_recording,0,val,1218288,1,0.5135066
H_recording,0,val,1219153,0,0.5445392
H_recording,0,val,1219634,1,0.6243988
H_recording,0,val,1219751,1,0.67807573
H_recording,0,val,1220037,1,0.29860756
H_recording,0,val,1220380,1,0.885142
H_recording,0,val,1220552,1,0.80326164
H_recording,0,val,1220699,1,0.5509478
H_recording,0,val,1220871,0,0.6942985
H_recording,0,val,1220940,1,0.6148227
H_recording,0,val,1220988,0,0.31313404
H_recording,0,val,1221019,0,0.28784853
H_recording,0,val,1221341,1,0.5149739
H_recording,0,val,1221355,1,0.78032434
H_recording,0,val,1221883,0,0.39622658
H_recording,0,val,1222336,0,0.5223673
H_recording,0,val,1222850,1,0.4414698
H_recording,0,val,1223328,1,0.39954305
H_recording,0,val,1223459,1,0.8909366
H_recording,0,val,1223516,1,0.549731
H_recording,0,val,1223773,1,0.8095542
H_recording,0,val,1223969,1,0.93349594
H_recording,0,val,1224343,1,0.38250163
H_recording,0,val,1224547,1,0.34059903
H_recording,0,val,1225284,0,0.19550577
H_recording,0,val,1225298,1,0.56352216
H_recording,0,val,1225341,1,0.3976422
H_recording,0,val,1225605,0,0.3929264
H_recording,0,val,1225635,1,0.79689074
H_recording,0,val,1226641,1,1.1223824
H_recording,0,val,1226794,0,0.31142458
H_recording,0,val,1226937,0,0.2788896
H_recording,0,val,1227192,1,0.4355312
H_recording,0,val,1227414,0,0.42981595
H_recording,0,val,1227765,1,1.1467996
H_recording,0,val,1228018,1,0.30254233
H_recording,0,val,1229147,0,0.09915227
H_recording,0,val,1229368,0,0.5709185
H_recording,0,val,1230131,1,0.40870166
H_recording,0,val,1230574,0,0.8674403
H_recording,0,val,1230810,1,0.71268696
H_recording,0,val,1231276,1,0.69899553
H_recording,0,val,1231535,1,0.6701779
H_recording,0,val,1231638,1,0.82770663
H_recording,0,val,1231979,1,1.1793828
H_recording,0,val,1232188,1,0.9579991
H_recording,0,val,1232212,1,1.0121689
H_recording,0,val,1232478,1,1.0805751
H_recording,0,val,1233203,1,0.8593174
H_recording,0,val,1234521,0,0.27870625
H_recording,0,val,1234553,0,0.41955933
H_recording,0,val,1234862,0,0.49079594
H_recording,0,val,1235039,1,1.4297409
H_recording,0,val,1235236,1,0.35551006
H_recording,0,val,1235254,0,0.2879056
H_recording,0,val,1235265,1,0.81388634
H_recording,0,val,1235336,1,0.57020926
H_recording,0,val,1235381,1,0.6278314
H_recording,0,val,1235500,1,0.72659874
H_recording,0,val,1235590,1,0.5392139
H_recording,0,val,1235597,1,0.3411357
H_recording,0,val,1235650,0,0.50559473
H_recording,0,val,1235882,0,0.3061646
H_recording,0,val,1235914,0,0.3006431
H_recording,0,val,1235985,1,0.56647784
H_recording,0,val,1236187,0,0.49832398
H_recording,0,val,1236418,1,0.70286393
H_recording,0,val,1236751,1,0.531735
H_recording,0,val,1236985,1,0.7157586
H_recording,0,val,1237033,1,0.98699963
H_recording,0,val,1237440,1,0.7483648
H_recording,0,val,1237491,1,1.2879788
H_recording,0,val,1237647,0,0.39981765
H_recording,0,val,1237832,1,0.777437
H_recording,0,val,1238203,1,0.90708417
H_recording,0,val,1238264,1,0.5637183
H_recording,0,val,1238521,1,0.32976505
H_recording,0,val,1238583,0,0.8222642
H_recording,0,val,1238664,1,0.7780969
H_recording,0,val,1238865,1,0.6830575
H_recording,0,val,1238923,0,0.60196865
H_recording,0,val,1238960,1,0.8087459
H_recording,0,val,1239212,0,0.24479032
H_recording,0,val,1239427,1,0.91751814
H_recording,0,val,1239609,1,0.55229706
H_recording,0,val,1239693,0,0.5835633
H_recording,0,val,1239701,0,0.6234173
H_recording,0,val,1239841,1,0.72051907
H_recording,0,val,1240131,1,1.0239987
H_recording,0,val,1240238,0,0.66153985
H_recording,0,val,1240953,0,0.68860805
H_recording,0,val,1241185,0,0.4335078
H_recording,0,val,1241453,0,0.59889305
H_recording,0,val,1241779,1,0.81761736
H_recording,0,val,1241841,1,0.69001126
H_recording,0,val,1242381,0,0.83314854
H_recording,0,val,1242508,1,0.93103194
H_recording,0,val,1242535,1,1.0562363
H_recording,0,val,1242667,0,0.56400913
H_recording,0,val,1242673,1,0.6844671
H_recording,0,val,1243802,0,0.669062
H_recording,0,val,1243838,0,0.8018018
H_recording,0,val,1243992,1,0.6193826
H_recording,0,val,1243993,0,0.48500204
H_recording,0,val,1245441,1,0.4716882
H_recording,0,val,1245905,1,0.9139707
H_recording,0,val,1246508,0,0.016284466
H_recording,0,val,1246702,1,0.65480584
H_recording,0,test,1685,1,0.7207669
H_recording,0,test,16787,0,0.7741374
H_recording,0,test,19126,1,1.0483978
H_recording,0,test,19450,0,0.63127
H_recording,0,test,28836,1,0.844905
H_recording,0,test,30502,1,0.62211776
H_recording,0,test,33225,1,0.5583676
H_recording,0,test,34146,1,0.8540961
H_recording,0,test,34428,0,0.313041
H_recording,0,test,42331,1,0.9487972
H_recording,0,test,42450,1,1.1017768
H_recording,0,test,42908,1,1.0798333
H_recording,0,test,43628,1,1.2361215
H_recording,0,test,56380,1,0.9672875
H_recording,0,test,60519,1,0.6546102
H_recording,0,test,70147,0,0.81830287
H_recording,0,test,71731,1,0.6516888
H_recording,0,test,72256,1,0.7259197
H_recording,0,test,75558,1,0.68186903
H_recording,0,test,78778,0,0.18174136
H_recording,0,test,80412,1,0.6497335
H_recording,0,test,86179,1,1.1731734
H_recording,0,test,86305,1,0.7267127
H_recording,0,test,86310,1,0.51062393
H_recording,0,test,99452,0,0.27059093
H_recording,0,test,100693,1,0.9843412
H_recording,0,test,105892,1,0.79221153
H_recording,0,test,108335,0,0.027835071
H_recording,0,test,120088,1,0.59062386
H_recording,0,test,121258,1,0.34673175
H_recording,0,test,121544,1,0.6758823
H_recording,0,test,121744,1,0.7998713
H_recording,0,test,138237,1,0.4385209
H_recording,0,test,141681,1,0.66574687
H_recording,0,test,144639,1,0.56367594
H_recording,0,test,156299,1,1.1068339
H_recording,0,test,156996,1,0.8966379
H_recording,0,test,160524,0,0.33568498
H_recording,0,test,174525,1,0.6006038
H_recording,0,test,177730,1,0.61658525
H_recording,0,test,179049,0,0.41457963
H_recording,0,test,183219,0,0.73822165
H_recording,0,test,184161,1,1.0921968
H_recording,0,test,199745,0,0.2185818
H_recording,0,test,200858,1,0.40905374
H_recording,0,test,205829,1,0.69137883
H_recording,0,test,207626,1,0.5690495
H_recording,0,test,208120,0,0.62783283
H_recording,0,test,210257,0,0.8294644
H_recording,0,test,226106,1,0.41098487
H_recording,0,test,226610,1,0.7605024
H_recording,0,test,247900,1,0.61583436
H_recording,0,test,255650,1,0.9490427
H_recording,0,test,266656,1,0.66013384
H_recording,0,test,271131,1,0.6447849
H_recording,0,test,273824,1,1.1098927
H_recording,0,test,274268,1,0.5154897
H_recording,0,test,278688,0,0.5412057
H_recording,0,test,280634,1,0.46347934
H_recording,0,test,284088,0,0.38235253
H_recording,0,test,286403,1,0.5723468
H_recording,0,test,290974,0,0.4815563
H_recording,0,test,293205,0,0.5924065
H_recording,0,test,298058,1,0.7224952
H_recording,0,test,300174,0,0.3653741
H_recording,0,test,301917,1,0.5291832
H_recording,0,test,308684,1,0.7412022
H_recording,0,test,309228,1,0.77789897
H_recording,0,test,311717,0,0.53583556
H_recording,0,test,315660,1,0.7359038
H_recording,0,test,317182,1,0.2513674
H_recording,0,test,320374,0,0.08485854
H_recording,0,test,323320,0,0.09617269
H_recording,0,test,324095,1,0.702795
H_recording,0,test,328714,1,0.6810136
H_recording,0,test,329983,1,0.7838381
H_recording,0,test,330603,1,1.1834271
H_recording,0,test,331536,1,0.75521946
H_recording,0,test,333052,0,0.3382297
H_recording,0,test,334461,1,0.83346707
H_recording,0,test,335240,0,0.21733227
H_recording,0,test,345347,1,0.7288884
H_recording,0,test,348496,1,1.1161336
H_recording,0,test,355419,1,0.88808084
H_recording,0,test,359014,0,0.7807473
H_recording,0,test,359330,0,0.41838205
H_recording,0,test,361397,1,0.995716
H_recording,0,test,361916,1,0.91204166
H_recording,0,test,366159,1,1.1605196
H_recording,0,test,366344,0,0.5095993
H_recording,0,test,367930,1,0.56799483
H_recording,0,test,374662,1,0.82429934
H_recording,0,test,383626,1,0.5488195
H_recording,0,test,388622,1,0.7008985
H_recording,0,test,391348,0,0.59586966
H_recording,0,test,402720,1,0.822847
H_recording,0,test,410795,1,0.70291924
H_recording,0,test,413554,1,1.3040503
H_recording,0,test,415824,1,0.97470886
H_recording,0,test,418425,0,0.41042006
H_recording,0,test,419629,1,0.7654558
H_recording,0,test,427380,1,0.7584081
H_recording,0,test,430595,1,0.7569374
H_recording,0,test,436619,0,0.59130645
H_recording,0,test,445545,1,0.76631033
H_recording,0,test,457179,1,1.2359667
H_recording,0,test,463375,1,0.7203181
H_recording,0,test,465489,0,0.47082037
H_recording,0,test,471955,1,0.7499252
H_recording,0,test,478525,0,0.30880055
H_recording,0,test,479849,0,0.15371951
H_recording,0,test,479859,0,0.10022229
H_recording,0,test,480021,0,0.8780761
H_recording,0,test,481454,0,0.41586125
H_recording,0,test,486341,0,0.30410552
H_recording,0,test,486901,0,0.5810809
H_recording,0,test,490630,1,0.5513233
H_recording,0,test,490818,1,1.0277605
H_recording,0,test,498363,1,0.86462814
H_recording,0,test,508572,1,0.7834012
H_recording,0,test,510306,0,0.4029491
H_recording,0,test,511018,0,0.5121633
H_recording,0,test,513568,0,0.45868033
H_recording,0,test,524155,0,0.74356437
H_recording,0,test,526137,0,0.27976066
H_recording,0,test,531193,0,0.0037655234
H_recording,0,test,531815,0,0.74407065
H_recording,0,test,534077,1,0.54348433
H_recording,0,test,536736,1,0.83069164
H_recording,0,test,544153,1,0.79638135
H_recording,0,test,548749,1,0.6503068
H_recording,0,test,552900,1,0.9510919
H_recording,0,test,552901,1,1.0072895
H_recording,0,test,553161,0,0.5094367
H_recording,0,test,554960,0,0.4175538
H_recording,0,test,560123,1,0.91564405
H_recording,0,test,565232,1,1.1976043
H_recording,0,test,565908,0,0.54414684
H_recording,0,test,566012,1,0.4965517
H_recording,0,test,569789,0,-0.0064901114
H_recording,0,test,573425,1,0.67979586
H_recording,0,test,575730,0,0.7644592
H_recording,0,test,577067,1,0.97528553
H_recording,0,test,580587,0,0.27718934
H_recording,0,test,584433,0,0.53276116
H_recording,0,test,585465,1,0.64077
H_recording,0,test,589139,1,0.9408389
H_recording,0,test,596051,1,0.5546608
H_recording,0,test,596437,0,0.64380425
H_recording,0,test,599359,1,1.013283
H_recording,0,test,606159,1,0.6777455
H_recording,0,test,608537,1,0.75237477
H_recording,0,test,612686,0,0.24315688
H_recording,0,test,616172,1,0.67549026
H_recording,0,test,625501,0,0.4120775
H_recording,0,test,627006,1,0.65539694
H_recording,0,test,627556,1,0.99387443
H_recording,0,test,628661,1,0.93983954
H_recording,0,test,639645,0,0.30113184
H_recording,0,test,646867,1,0.68150485
H_recording,0,test,648107,1,0.34301865
H_recording,0,test,648709,0,0.26416668
H_recording,0,test,649449,0,0.6939299
H_recording,0,test,654746,1,0.44973594
H_recording,0,test,660164,1,0.6599955
H_recording,0,test,663130,1,0.64622986
H_recording,0,test,663406,1,0.386014
H_recording,0,test,670955,1,1.162443
H_recording,0,test,673553,1,0.8565229
H_recording,0,test,675907,0,0.60692066
H_recording,0,test,677917,1,0.71582305
H_recording,0,test,677928,1,0.886487
H_recording,0,test,682565,1,0.66368854
H_recording,0,test,690734,0,0.060472548
H_recording,0,test,690987,1,0.9465214
H_recording,0,test,692458,1,0.8229138
H_recording,0,test,695588,1,0.9358517
H_recording,0,test,697830,0,0.5113266
H_recording,0,test,702078,0,0.45084926
H_recording,0,test,704317,0,0.28690627
H_recording,0,test,706141,1,-0.005620539
H_recording,0,test,708388,1,0.54755944
H_recording,0,test,709192,0,0.13601685
H_recording,0,test,709722,1,0.79899824
H_recording,0,test,711711,1,0.7361959
H_recording,0,test,711782,1,0.81288743
H_recording,0,test,714764,0,0.68959206
H_recording,0,test,714952,1,0.77443916
H_recording,0,test,719050,0,0.29223353
H_recording,0,test,719225,1,0.9162511
H_recording,0,test,723474,0,0.17494455
H_recording,0,test,725470,0,0.3278854
H_recording,0,test,738078,0,0.45423788
H_recording,0,test,741884,0,1.1061683
H_recording,0,test,742551,0,0.44286457
H_recording,0,test,744145,0,0.4083541
H_recording,0,test,744767,0,0.571913
H_recording,0,test,750881,0,0.25514
H_recording,0,test,752970,0,0.5125606
H_recording,0,test,755356,0,0.33021095
H_recording,0,test,762014,0,0.76189846
H_recording,0,test,767773,0,0.42760873
H_recording,0,test,768313,1,0.9524429
H_recording,0,test,769720,1,0.653526
H_recording,0,test,772900,0,0.781516
H_recording,0,test,776444,1,0.9069743
H_recording,0,test,777118,1,0.98769456
H_recording,0,test,778111,1,0.8223674
H_recording,0,test,779406,0,0.4896764
H_recording,0,test,783140,1,0.7561713
H_recording,0,test,784920,1,0.8583698
H_recording,0,test,786776,0,0.6529756
H_recording,0,test,789093,0,0.37272838
H_recording,0,test,806762,0,0.30284306
H_recording,0,test,808258,0,0.32870027
H_recording,0,test,809234,1,0.7202207
H_recording,0,test,810874,0,0.36462185
H_recording,0,test,820729,1,0.6280595
H_recording,0,test,822027,0,0.69158155
H_recording,0,test,822463,1,0.7184124
H_recording,0,test,831454,0,0.09349835
H_recording,0,test,835159,1,0.80029696
H_recording,0,test,839451,0,0.46054295
H_recording,0,test,858119,0,0.49320412
H_recording,0,test,859236,0,0.5198399
H_recording,0,test,866317,1,0.9305546
H_recording,0,test,869519,1,0.4639786
H_recording,0,test,873012,1,0.44172794
H_recording,0,test,877831,0,0.43300498
H_recording,0,test,884569,1,0.69481486
H_recording,0,test,889657,1,0.76838696
H_recording,0,test,900534,1,0.6252628
H_recording,0,test,900750,1,0.55468947
H_recording,0,test,903654,1,0.89570606
H_recording,0,test,944315,0,0.26149893
H_recording,0,test,951654,0,0.5065235
H_recording,0,test,952219,0,0.6004291
H_recording,0,test,953656,0,0.65185183
H_recording,0,test,954477,1,0.3773907
H_recording,0,test,955669,0,0.31162807
H_recording,0,test,955753,1,0.81194025
H_recording,0,test,957325,1,0.707661
H_recording,0,test,959155,0,0.7317426
H_recording,0,test,962643,1,0.5471803
H_recording,0,test,963985,1,0.95019865
H_recording,0,test,969827,0,0.4172942
H_recording,0,test,972950,1,1.0719647
H_recording,0,test,976523,1,0.7464872
H_recording,0,test,982253,1,0.4318592
H_recording,0,test,982817,0,0.14473012
H_recording,0,test,984065,0,0.33055755
H_recording,0,test,985152,1,0.5627019
H_recording,0,test,989331,1,0.77866983
H_recording,0,test,990528,0,0.33176476
H_recording,0,test,994044,1,0.9104949
H_recording,0,test,994160,1,0.99730545
H_recording,0,test,995496,1,1.0276027
H_recording,0,test,996219,0,0.35902417
H_recording,0,test,996860,0,0.4213465
H_recording,0,test,998151,1,0.772079
H_recording,0,test,998708,1,0.58116525
H_recording,0,test,1001502,0,0.37935966
H_recording,0,test,1001535,1,0.6267072
H_recording,0,test,1003409,1,0.86263096
H_recording,0,test,1005171,1,1.0335112
H_recording,0,test,1005401,1,0.8722054
H_recording,0,test,1005619,1,0.68783003
H_recording,0,test,1006944,1,0.74736893
H_recording,0,test,1012321,1,0.689096
H_recording,0,test,1017249,1,0.86258805
H_recording,0,test,1043429,1,0.7962498
H_recording,0,test,1046104,0,0.6057472
H_recording,0,test,1048580,1,0.81979394
H_recording,0,test,1049831,0,0.77379316
H_recording,0,test,1050525,1,0.7590445
H_recording,0,test,1053386,0,0.45532903
H_recording,0,test,1054567,0,0.6416891
H_recording,0,test,1057686,0,0.5481262
H_recording,0,test,1058429,1,0.7962818
H_recording,0,test,1063812,0,0.5419075
H_recording,0,test,1066129,1,0.76768446
H_recording,0,test,1066734,1,0.92798567
H_recording,0,test,1067828,1,0.7982731
H_recording,0,test,1069003,0,0.41976982
H_recording,0,test,1069689,1,0.8494012
H_recording,0,test,1071527,1,0.63710773
H_recording,0,test,1072194,1,0.75646627
H_recording,0,test,1073214,1,0.93508184
H_recording,0,test,1073787,1,0.26959142
H_recording,0,test,1074093,1,0.55410016
H_recording,0,test,1074163,1,0.8955475
H_recording,0,test,1074275,1,0.7239777
H_recording,0,test,1074306,1,0.68110275
H_recording,0,test,1075816,1,0.80047554
H_recording,0,test,1077606,1,0.74479795
H_recording,0,test,1079219,0,0.07782042
H_recording,0,test,1079656,1,0.32099855
H_recording,0,test,1079923,0,0.20280442
H_recording,0,test,1080366,1,0.6521713
H_recording,0,test,1080459,1,1.1991858
H_recording,0,test,1081059,1,0.3149378
H_recording,0,test,1081383,0,0.9162382
H_recording,0,test,1082739,1,0.83854985
H_recording,0,test,1084267,1,0.6306963
H_recording,0,test,1084497,1,0.47807282
H_recording,0,test,1085709,1,0.58149123
H_recording,0,test,1086243,1,0.9041821
H_recording,0,test,1086991,0,0.28167373
H_recording,0,test,1087391,0,0.19361359
H_recording,0,test,1089172,1,0.8366759
H_recording,0,test,1090438,1,0.99152637
H_recording,0,test,1090543,1,0.934789
H_recording,0,test,1091014,1,0.5565746
H_recording,0,test,1091583,1,0.7773359
H_recording,0,test,1092848,1,0.39322665
H_recording,0,test,1093401,1,0.6100731
H_recording,0,test,1094456,1,0.6554741
H_recording,0,test,1094730,0,0.44240317
H_recording,0,test,1095404,1,0.66726196
H_recording,0,test,1097324,1,0.69666594
H_recording,0,test,1097843,0,0.5724329
H_recording,0,test,1098849,1,0.77145696
H_recording,0,test,1099078,1,0.5497458
H_recording,0,test,1101406,0,0.34736425
H_recording,0,test,1102276,1,0.87897134
H_recording,0,test,1102389,1,0.809079
H_recording,0,test,1102856,1,0.25964645
H_recording,0,test,1102873,1,0.8917671
H_recording,0,test,1104038,1,1.1762383
H_recording,0,test,1104198,1,0.6099148
H_recording,0,test,1104592,1,0.728299
H_recording,0,test,1105837,1,0.5656746
H_recording,0,test,1106300,1,0.8565566
H_recording,0,test,1106784,1,0.8654795
H_recording,0,test,1107575,0,0.28581408
H_recording,0,test,1107631,1,1.2872614
H_recording,0,test,1109280,1,0.82799983
H_recording,0,test,1109598,1,1.0276577
H_recording,0,test,1110598,0,0.7049137
H_recording,0,test,1111123,1,0.4568925
H_recording,0,test,1112333,1,0.933691
H_recording,0,test,1112425,1,0.87871623
H_recording,0,test,1112671,1,0.8076873
H_recording,0,test,1112684,0,0.33497527
H_recording,0,test,1112999,0,0.27700728
H_recording,0,test,1113155,0,0.503311
H_recording,0,test,1113808,0,0.38381046
H_recording,0,test,1114105,0,0.7686267
H_recording,0,test,1114679,1,0.7507596
H_recording,0,test,1115212,1,0.8176168
H_recording,0,test,1115227,1,0.52776337
H_recording,0,test,1115247,0,0.7616926
H_recording,0,test,1115342,0,0.5329835
H_recording,0,test,1116507,1,0.6875411
H_recording,0,test,1116601,0,0.33929935
H_recording,0,test,1117267,1,0.99757695
H_recording,0,test,1118542,0,0.3534537
H_recording,0,test,1119067,1,0.79758424
H_recording,0,test,1119591,1,0.9465067
H_recording,0,test,1120775,1,0.63934696
H_recording,0,test,1121443,0,0.4407367
H_recording,0,test,1121623,1,0.60212153
H_recording,0,test,1121672,1,0.41058606
H_recording,0,test,1121926,1,0.5591945
H_recording,0,test,1122760,0,0.23469359
H_recording,0,test,1123500,1,0.51123875
H_recording,0,test,1123559,0,0.28003395
H_recording,0,test,1123910,1,0.45876867
H_recording,0,test,1124180,0,0.16215217
H_recording,0,test,1124561,0,0.41879016
H_recording,0,test,1124658,0,0.46403816
H_recording,0,test,1125073,1,0.8034111
H_recording,0,test,1125442,1,0.98819065
H_recording,0,test,1125468,1,1.0225255
H_recording,0,test,1125785,1,0.47144312
H_recording,0,test,1125964,1,0.5621572
H_recording,0,test,1126244,0,0.19728908
H_recording,0,test,1126443,0,0.43433297
H_recording,0,test,1127029,0,0.59003097
H_recording,0,test,1127233,0,0.14695793
H_recording,0,test,1127285,0,0.4057996
H_recording,0,test,1127560,1,1.0542665
H_recording,0,test,1128027,1,0.81496024
H_recording,0,test,1128117,1,0.84669465
H_recording,0,test,1128350,1,0.5692125
H_recording,0,test,1129253,1,0.26669693
H_recording,0,test,1129383,1,0.6318353
H_recording,0,test,1129695,1,0.6046456
H_recording,0,test,1129961,0,0.45013356
H_recording,0,test,1130530,0,0.48958308
H_recording,0,test,1130533,1,0.9462775
H_recording,0,test,1130623,0,0.49585763
H_recording,0,test,1131355,1,0.3507185
H_recording,0,test,1132251,1,0.931815
H_recording,0,test,1132286,0,0.62502086
H_recording,0,test,1132874,1,1.0231314
H_recording,0,test,1133607,1,1.005284
H_recording,0,test,1133778,1,1.0888441
H_recording,0,test,1134518,0,0.2741568
H_recording,0,test,1134921,1,0.70966333
H_recording,0,test,1134927,1,0.66015726
H_recording,0,test,1135001,1,0.47558117
H_recording,0,test,1135191,0,0.25710544
H_recording,0,test,1135626,1,0.93266577
H_recording,0,test,1136569,0,0.2126708
H_recording,0,test,1136878,1,0.5429874
H_recording,0,test,1136925,0,0.8415073
H_recording,0,test,1136946,0,0.41730955
H_recording,0,test,1136981,1,0.99772763
H_recording,0,test,1137818,1,0.89019156
H_recording,0,test,1138374,0,0.43229184
H_recording,0,test,1138681,1,0.4640274
H_recording,0,test,1139209,0,0.43142068
H_recording,0,test,1139275,1,0.9104929
H_recording,0,test,1139688,1,1.1462761
H_recording,0,test,1139774,0,0.5683041
H_recording,0,test,1139795,0,0.038669884
H_recording,0,test,1142591,0,1.0222929
H_recording,0,test,1143113,1,0.5405018
H_recording,0,test,1144147,0,0.25646675
H_recording,0,test,1144198,1,0.85142016
H_recording,0,test,1144465,1,0.8727374
H_recording,0,test,1145207,0,0.5921417
H_recording,0,test,1146057,0,0.21269587
H_recording,0,test,1146208,0,0.2510836
H_recording,0,test,1146369,1,1.146964
H_recording,0,test,1147189,1,0.55939555
H_recording,0,test,1147877,1,0.44916862
H_recording,0,test,1148116,1,0.8103523
H_recording,0,test,1148548,1,0.938468
H_recording,0,test,1149201,1,0.59871984
H_recording,0,test,1150067,1,0.79371786
H_recording,0,test,1150178,1,0.8797403
H_recording,0,test,1151371,1,0.9154823
H_recording,0,test,1151583,1,0.8577244
H_recording,0,test,1152038,1,0.42302442
H_recording,0,test,1152707,0,0.8949376
H_recording,0,test,1152739,0,0.47766882
H_recording,0,test,1153155,1,0.87288606
H_recording,0,test,1153244,1,0.31679997
H_recording,0,test,1154055,1,0.5807328
H_recording,0,test,1155460,1,0.69633585
H_recording,0,test,1155554,1,0.71396023
H_recording,0,test,1156261,1,0.57310057
H_recording,0,test,1156634,1,0.81516373
H_recording,0,test,1156847,1,0.67416424
H_recording,0,test,1206184,1,0.4944752
H_recording,0,test,1206257,1,0.6777373
H_recording,0,test,1206751,1,0.9652543
H_recording,0,test,1206811,1,0.77232033
H_recording,0,test,1206867,1,1.3100102
H_recording,0,test,1207207,1,0.79193497
H_recording,0,test,1208078,0,0.5571674
H_recording,0,test,1208476,1,0.74327344
H_recording,0,test,1208561,1,0.8331165
H_recording,0,test,1209069,1,0.9004888
H_recording,0,test,1209473,1,0.64800197
H_recording,0,test,1209531,0,-0.056043506
H_recording,0,test,1209908,0,0.6424425
H_recording,0,test,1210055,0,0.8682862
H_recording,0,test,1210080,0,0.4323604
H_recording,0,test,1212290,1,0.7326552
H_recording,0,test,1212582,1,0.9161325
H_recording,0,test,1212738,1,1.0138493
H_recording,0,test,1213041,1,0.95375353
H_recording,0,test,1213071,1,0.3165172
H_recording,0,test,1213667,0,0.035782397
H_recording,0,test,1214248,1,1.1683564
H_recording,0,test,1215252,0,0.027210295
H_recording,0,test,1215452,0,0.6379565
H_recording,0,test,1215586,0,0.48709646
H_recording,0,test,1217110,1,0.48279232
H_recording,0,test,1217724,0,0.6547827
H_recording,0,test,1217757,1,0.4935078
H_recording,0,test,1218110,0,0.5004911
H_recording,0,test,1218980,0,0.5790889
H_recording,0,test,1219802,1,1.0051187
H_recording,0,test,1220156,0,0.86168045
H_recording,0,test,1220269,0,0.5035072
H_recording,0,test,1220796,1,0.87682426
H_recording,0,test,1220900,1,0.37596187
H_recording,0,test,1221603,1,0.4708053
H_recording,0,test,1221685,1,0.8839357
H_recording,0,test,1221764,1,1.025803
H_recording,0,test,1222037,1,0.56144434
H_recording,0,test,1222048,1,0.7837249
H_recording,0,test,1222069,1,0.90241134
H_recording,0,test,1222115,0,0.26873675
H_recording,0,test,1222124,1,0.57767546
H_recording,0,test,1222410,0,0.08340913
H_recording,0,test,1223017,1,0.37082687
H_recording,0,test,1223272,1,0.857453
H_recording,0,test,1224094,0,0.33912188
H_recording,0,test,1224536,1,0.37103206
H_recording,0,test,1225262,1,0.5699875
H_recording,0,test,1225309,1,0.8183923
H_recording,0,test,1225334,0,0.4469366
H_recording,0,test,1225413,1,1.1920338
H_recording,0,test,1225553,1,0.803829
H_recording,0,test,1225716,0,0.35456666
H_recording,0,test,1225843,0,0.5043371
H_recording,0,test,1225945,0,0.21691656
H_recording,0,test,1226065,1,0.5690496
H_recording,0,test,1226708,1,1.0223775
H_recording,0,test,1226825,1,0.2779754
H_recording,0,test,1227138,0,0.44151533
H_recording,0,test,1227755,1,1.050705
H_recording,0,test,1228267,1,0.8392383
H_recording,0,test,1228453,1,0.613776
H_recording,0,test,1228747,1,1.1511124
H_recording,0,test,1228820,0,0.11873841
H_recording,0,test,1229345,1,1.0384308
H_recording,0,test,1229976,1,0.7575843
H_recording,0,test,1230265,1,0.8112632
H_recording,0,test,1230721,1,0.710187
H_recording,0,test,1230724,1,0.6017331
H_recording,0,test,1231353,1,1.1738915
H_recording,0,test,1231734,1,0.6462978
H_recording,0,test,1231841,0,0.5139532
H_recording,0,test,1232099,0,0.66805005
H_recording,0,test,1233084,1,0.7636779
H_recording,0,test,1233147,1,0.5919559
H_recording,0,test,1233618,0,0.4914469
H_recording,0,test,1233777,1,0.8728939
H_recording,0,test,1234410,0,0.7236828
H_recording,0,test,1234413,1,0.22267264
H_recording,0,test,1234672,0,0.24359432
H_recording,0,test,1235697,1,0.7083192
H_recording,0,test,1236071,1,0.71937
H_recording,0,test,1236191,1,0.7868097
H_recording,0,test,1236410,0,0.18224561
H_recording,0,test,1237123,0,0.53999114
H_recording,0,test,1237184,0,0.5614936
H_recording,0,test,1237496,1,0.94247174
H_recording,0,test,1237508,1,0.5041841
H_recording,0,test,1237793,1,0.57472193
H_recording,0,test,1237971,1,0.73509276
H_recording,0,test,1238001,0,0.21473756
H_recording,0,test,1238292,0,0.6659843
H_recording,0,test,1238406,0,0.3500639
H_recording,0,test,1238413,1,0.45966136
H_recording,0,test,1238443,0,0.44799984
H_recording,0,test,1238501,0,0.2579522
H_recording,0,test,1238523,1,1.1834501
H_recording,0,test,1238553,1,0.3033331
H_recording,0,test,1238636,1,0.7482683
H_recording,0,test,1238817,0,0.5015701
H_recording,0,test,1238964,1,0.8691373
H_recording,0,test,1239079,1,0.42734665
H_recording,0,test,1239094,1,0.7841959
H_recording,0,test,1239224,1,0.5326746
H_recording,0,test,1239458,0,0.7405931
H_recording,0,test,1239936,0,0.5173055
H_recording,0,test,1240378,1,0.5983956
H_recording,0,test,1240433,1,0.6695578
H_recording,0,test,1241090,0,0.6268318
H_recording,0,test,1241104,0,0.0049090385
H_recording,0,test,1241937,0,0.5862318
H_recording,0,test,1241954,1,0.8246087
H_recording,0,test,1242009,1,0.47613966
H_recording,0,test,1242021,1,0.8939314
H_recording,0,test,1242267,1,0.8183507
H_recording,0,test,1242424,1,0.861451
H_recording,0,test,1242536,1,1.1586645
H_recording,0,test,1242725,1,0.50585467
H_recording,0,test,1242729,1,0.6794112
H_recording,0,test,1242755,0,0.7738071
H_recording,0,test,1242831,0,0.27917337
H_recording,0,test,1243295,1,0.7639187
H_recording,0,test,1243442,0,0.29629302
H_recording,0,test,1243523,0,0.46548927
H_recording,0,test,1244763,0,0.49799374
H_recording,0,test,1245846,1,0.6251026
M_static,1,val,4993,1,0.6402503
M_static,1,val,13412,1,0.6339057
M_static,1,val,22854,1,0.5785036
M_static,1,val,32097,1,0.6803476
M_static,1,val,33368,1,0.59816587
M_static,1,val,42450,1,0.6444924
M_static,1,val,47652,1,0.6843109
M_static,1,val,48755,1,0.74457705
M_static,1,val,50696,1,0.60066986
M_static,1,val,54388,0,0.7139664
M_static,1,val,60519,1,0.66507506
M_static,1,val,70693,0,0.6949197
M_static,1,val,72256,1,0.6748485
M_static,1,val,86179,1,0.6796318
M_static,1,val,86896,0,0.6107604
M_static,1,val,88424,1,0.68018514
M_static,1,val,89850,1,0.67579836
M_static,1,val,93002,1,0.56038266
M_static,1,val,93011,0,0.6772378
M_static,1,val,98629,1,0.5373431
M_static,1,val,99307,0,0.65803486
M_static,1,val,100693,1,0.70576566
M_static,1,val,101232,1,0.628421
M_static,1,val,112047,1,0.53254884
M_static,1,val,121204,0,0.48896143
M_static,1,val,121744,1,0.6456758
M_static,1,val,130131,0,0.7145844
M_static,1,val,130832,1,0.5873255
M_static,1,val,135338,0,0.6298362
M_static,1,val,143353,1,0.71061754
M_static,1,val,145109,1,0.63811785
M_static,1,val,146346,1,0.5863998
M_static,1,val,149348,1,0.6116477
M_static,1,val,149880,1,0.6540481
M_static,1,val,154041,1,0.6619607
M_static,1,val,157774,1,0.6680738
M_static,1,val,160103,1,0.6632494
M_static,1,val,160197,1,0.7245174
M_static,1,val,167963,1,0.5693666
M_static,1,val,174525,1,0.648505
M_static,1,val,175032,0,0.63015866
M_static,1,val,181574,0,0.6796171
M_static,1,val,183204,0,0.61303025
M_static,1,val,186257,0,0.67545027
M_static,1,val,189056,1,0.5811929
M_static,1,val,189685,0,0.49564457
M_static,1,val,193149,0,0.6308801
M_static,1,val,196058,1,0.68132675
M_static,1,val,199177,0,0.593357
M_static,1,val,202968,0,0.53581446
M_static,1,val,210361,1,0.6265236
M_static,1,val,216010,1,0.7200932
M_static,1,val,219309,1,0.67611814
M_static,1,val,220792,0,0.6117561
M_static,1,val,226106,1,0.4903861
M_static,1,val,226610,1,0.68632287
M_static,1,val,234696,1,0.6206384
M_static,1,val,240229,0,0.57103705
M_static,1,val,243108,1,0.7320664
M_static,1,val,248666,1,0.59518296
M_static,1,val,250983,0,0.6126844
M_static,1,val,253033,0,0.6883329
M_static,1,val,256422,1,0.6904592
M_static,1,val,271298,0,0.6765056
M_static,1,val,273148,1,0.63672674
M_static,1,val,273826,1,0.6163793
M_static,1,val,274345,0,0.6943868
M_static,1,val,274563,1,0.6618868
M_static,1,val,275882,1,0.61743385
M_static,1,val,281433,1,0.631562
M_static,1,val,289992,1,0.6061632
M_static,1,val,293922,0,0.6617189
M_static,1,val,297709,0,0.54461014
M_static,1,val,300925,1,0.62878066
M_static,1,val,303683,0,0.5934872
M_static,1,val,305034,0,0.57632434
M_static,1,val,310191,1,0.653689
M_static,1,val,312582,1,0.7457645
M_static,1,val,319661,1,0.66712946
M_static,1,val,324095,1,0.6204866
M_static,1,val,329983,1,0.6007594
M_static,1,val,330071,0,0.59668374
M_static,1,val,330603,1,0.6532957
M_static,1,val,332529,1,0.7424748
M_static,1,val,344909,0,0.61800164
M_static,1,val,345087,1,0.6256361
M_static,1,val,345208,1,0.6005462
M_static,1,val,345670,1,0.6747699
M_static,1,val,348496,1,0.7037728
M_static,1,val,350707,0,0.68554914
M_static,1,val,353416,1,0.6589798
M_static,1,val,354035,1,0.57610595
M_static,1,val,357322,0,0.64654404
M_static,1,val,364502,1,0.69499946
M_static,1,val,366344,0,0.6321774
M_static,1,val,369818,1,0.65064573
M_static,1,val,369915,1,0.578319
M_static,1,val,375005,0,0.6704666
M_static,1,val,376917,1,0.6143814
M_static,1,val,377703,1,0.68844104
M_static,1,val,398007,1,0.644453
M_static,1,val,400944,1,0.60169804
M_static,1,val,402349,0,0.55142784
M_static,1,val,402364,0,0.6733994
M_static,1,val,413173,1,0.63807034
M_static,1,val,413554,1,0.6010893
M_static,1,val,414540,0,0.61276215
M_static,1,val,417147,0,0.49256045
M_static,1,val,419522,1,0.65063876
M_static,1,val,423553,1,0.6166889
M_static,1,val,424946,0,0.69523764
M_static,1,val,431664,0,0.61589694
M_static,1,val,432045,0,0.6265842
M_static,1,val,433233,1,0.5790526
M_static,1,val,435249,1,0.6839783
M_static,1,val,443084,0,0.64655477
M_static,1,val,444684,1,0.5845045
M_static,1,val,445318,0,0.59212214
M_static,1,val,448329,1,0.65584576
M_static,1,val,451424,1,0.6210177
M_static,1,val,451600,1,0.6394981
M_static,1,val,457834,1,0.6295098
M_static,1,val,465292,1,0.5817138
M_static,1,val,467821,0,0.6215199
M_static,1,val,469865,1,0.66565824
M_static,1,val,479371,0,0.58220816
M_static,1,val,480708,1,0.62310934
M_static,1,val,485608,1,0.62546265
M_static,1,val,486901,0,0.61663735
M_static,1,val,487378,0,0.6193096
M_static,1,val,488255,0,0.48101196
M_static,1,val,490630,1,0.69226074
M_static,1,val,493668,1,0.56438094
M_static,1,val,494011,1,0.5576251
M_static,1,val,496270,1,0.6623353
M_static,1,val,501583,1,0.5783506
M_static,1,val,504132,1,0.6060335
M_static,1,val,506819,1,0.6044704
M_static,1,val,508449,0,0.55190396
M_static,1,val,510306,0,0.58983254
M_static,1,val,512180,1,0.6180541
M_static,1,val,513398,0,0.5834947
M_static,1,val,513966,0,0.54998076
M_static,1,val,519298,1,0.5944611
M_static,1,val,524155,0,0.59947574
M_static,1,val,524172,0,0.6257487
M_static,1,val,529499,0,0.5961177
M_static,1,val,529816,1,0.5797592
M_static,1,val,532148,1,0.5925627
M_static,1,val,532751,1,0.59396464
M_static,1,val,534048,1,0.5877296
M_static,1,val,535178,1,0.6912821
M_static,1,val,536493,0,0.5907095
M_static,1,val,541544,1,0.58543813
M_static,1,val,542399,0,0.5922502
M_static,1,val,547939,1,0.6905475
M_static,1,val,560521,0,0.6671702
M_static,1,val,561141,1,0.61502075
M_static,1,val,563271,1,0.6644416
M_static,1,val,565232,1,0.7118921
M_static,1,val,565908,0,0.54155296
M_static,1,val,567390,0,0.53026
M_static,1,val,570049,1,0.6114166
M_static,1,val,570975,0,0.63810766
M_static,1,val,576988,1,0.58483344
M_static,1,val,579106,1,0.6544107
M_static,1,val,595954,1,0.57707953
M_static,1,val,596437,0,0.6116506
M_static,1,val,598165,1,0.6366835
M_static,1,val,598821,0,0.5796821
M_static,1,val,600546,1,0.67052495
M_static,1,val,607482,1,0.5186585
M_static,1,val,608068,1,0.67015094
M_static,1,val,612154,0,0.66788346
M_static,1,val,615631,1,0.6901616
M_static,1,val,624977,0,0.7251313
M_static,1,val,626615,0,0.7587742
M_static,1,val,631543,1,0.5476107
M_static,1,val,643466,1,0.59614944
M_static,1,val,644043,1,0.67034703
M_static,1,val,646681,1,0.598438
M_static,1,val,646867,1,0.681354
M_static,1,val,656122,1,0.6614296
M_static,1,val,660915,1,0.69646066
M_static,1,val,660938,1,0.61361617
M_static,1,val,663406,1,0.6031975
M_static,1,val,665029,1,0.6438768
M_static,1,val,671705,1,0.65789497
M_static,1,val,675008,1,0.6842731
M_static,1,val,677928,1,0.59666866
M_static,1,val,680963,0,0.6539302
M_static,1,val,681205,1,0.63510305
M_static,1,val,682914,1,0.5960834
M_static,1,val,684751,1,0.63706785
M_static,1,val,686482,1,0.6351852
M_static,1,val,687171,1,0.5061318
M_static,1,val,692458,1,0.6398102
M_static,1,val,697830,0,0.6065843
M_static,1,val,698653,1,0.8778317
M_static,1,val,702801,0,0.6195468
M_static,1,val,703629,1,0.6432526
M_static,1,val,703834,1,0.7084569
M_static,1,val,706141,1,0.530887
M_static,1,val,706908,0,0.6187076
M_static,1,val,712016,1,0.5974918
M_static,1,val,713284,0,0.64225036
M_static,1,val,714078,0,0.63843614
M_static,1,val,714644,1,0.6249668
M_static,1,val,714764,0,0.6483812
M_static,1,val,714952,1,0.64508116
M_static,1,val,726126,0,0.6038987
M_static,1,val,731117,1,0.680615
M_static,1,val,739116,1,0.6170989
M_static,1,val,739674,0,0.6705106
M_static,1,val,743852,1,0.5402819
M_static,1,val,744145,0,0.62524164
M_static,1,val,745489,1,0.55930316
M_static,1,val,749211,0,0.57907254
M_static,1,val,759242,1,0.6178884
M_static,1,val,761233,1,0.64422786
M_static,1,val,762014,0,0.65827763
M_static,1,val,767236,0,0.58268154
M_static,1,val,769720,1,0.7059701
M_static,1,val,772900,0,0.61837775
M_static,1,val,777687,1,0.60828847
M_static,1,val,781139,0,0.593958
M_static,1,val,783835,0,0.5340651
M_static,1,val,784920,1,0.6263677
M_static,1,val,791392,1,0.65071636
M_static,1,val,792243,0,0.57726955
M_static,1,val,793601,0,0.6141202
M_static,1,val,793726,0,0.62939006
M_static,1,val,803606,1,0.6246145
M_static,1,val,806286,0,0.6418404
M_static,1,val,808181,0,0.5736997
M_static,1,val,809234,1,0.5911931
M_static,1,val,810874,0,0.60486215
M_static,1,val,813871,1,0.5763851
M_static,1,val,820393,1,0.5217115
M_static,1,val,820729,1,0.60121113
M_static,1,val,821863,1,0.6233373
M_static,1,val,823325,0,0.4923287
M_static,1,val,824734,1,0.55046695
M_static,1,val,828427,0,0.5920502
M_static,1,val,835135,1,0.70087814
M_static,1,val,844964,0,0.6593635
M_static,1,val,850702,1,0.5633097
M_static,1,val,853023,1,0.5494993
M_static,1,val,865733,1,0.61706835
M_static,1,val,868368,1,0.6729674
M_static,1,val,870739,1,0.5769693
M_static,1,val,878491,1,0.60642606
M_static,1,val,885157,1,0.6482885
M_static,1,val,885222,0,0.6445173
M_static,1,val,888866,0,0.7459958
M_static,1,val,892998,0,0.5892423
M_static,1,val,924232,0,0.69894266
M_static,1,val,936352,0,0.5282475
M_static,1,val,944965,1,0.6868817
M_static,1,val,951246,0,0.74199057
M_static,1,val,951846,0,0.63377744
M_static,1,val,958048,1,0.6573166
M_static,1,val,959155,0,0.57565165
M_static,1,val,960726,0,0.6193456
M_static,1,val,968652,1,0.55027574
M_static,1,val,969827,0,0.60263145
M_static,1,val,972980,1,0.63922936
M_static,1,val,975913,0,0.6448559
M_static,1,val,976696,0,0.5800248
M_static,1,val,981850,1,0.59225297
M_static,1,val,982055,0,0.5696518
M_static,1,val,983916,1,0.6062613
M_static,1,val,984568,1,0.5817759
M_static,1,val,986315,1,0.712189
M_static,1,val,987657,1,0.759023
M_static,1,val,989331,1,0.65197134
M_static,1,val,991837,1,0.5835538
M_static,1,val,997176,0,0.6426133
M_static,1,val,1000310,1,0.6213864
M_static,1,val,1005095,1,0.62032866
M_static,1,val,1012389,0,0.6072877
M_static,1,val,1017244,1,0.5813475
M_static,1,val,1017640,1,0.6505797
M_static,1,val,1036745,1,0.6356314
M_static,1,val,1043429,1,0.66342264
M_static,1,val,1048580,1,0.64348125
M_static,1,val,1049831,0,0.6533514
M_static,1,val,1057350,0,0.63182145
M_static,1,val,1062410,1,0.5895048
M_static,1,val,1067041,1,0.6165439
M_static,1,val,1067592,1,0.5644471
M_static,1,val,1069432,1,0.68367386
M_static,1,val,1070777,1,0.629761
M_static,1,val,1071966,1,0.47774276
M_static,1,val,1072395,1,0.6743191
M_static,1,val,1075228,1,0.6707861
M_static,1,val,1075447,1,0.7058367
M_static,1,val,1076650,1,0.59947205
M_static,1,val,1079219,0,0.62983876
M_static,1,val,1079586,0,0.58453226
M_static,1,val,1081383,0,0.62225765
M_static,1,val,1081426,1,0.66244
M_static,1,val,1082124,1,0.46845806
M_static,1,val,1082765,1,0.6711278
M_static,1,val,1083817,1,0.6841809
M_static,1,val,1084214,1,0.5162584
M_static,1,val,1085709,1,0.5844671
M_static,1,val,1086850,0,0.7249398
M_static,1,val,1088707,1,0.6529707
M_static,1,val,1088918,1,0.6126549
M_static,1,val,1089172,1,0.64860874
M_static,1,val,1089175,1,0.61378783
M_static,1,val,1091343,0,0.70704925
M_static,1,val,1092437,1,0.6444257
M_static,1,val,1092557,0,0.6593198
M_static,1,val,1092783,1,0.66928923
M_static,1,val,1092889,1,0.54693705
M_static,1,val,1093743,0,0.5154121
M_static,1,val,1094011,1,0.6704933
M_static,1,val,1094030,1,0.61612195
M_static,1,val,1094046,1,0.6542448
M_static,1,val,1095642,1,0.6546752
M_static,1,val,1095841,1,0.6425918
M_static,1,val,1096276,0,0.68799305
M_static,1,val,1096586,0,0.635831
M_static,1,val,1096850,1,0.6385937
M_static,1,val,1097316,1,0.656741
M_static,1,val,1098204,1,0.6712811
M_static,1,val,1098855,1,0.5500281
M_static,1,val,1099234,1,0.63640267
M_static,1,val,1099660,1,0.59848136
M_static,1,val,1103054,0,0.5712955
M_static,1,val,1103087,1,0.6693758
M_static,1,val,1103360,1,0.55962723
M_static,1,val,1104012,1,0.66772753
M_static,1,val,1104452,1,0.72963756
M_static,1,val,1104470,1,0.68196225
M_static,1,val,1105078,1,0.6456869
M_static,1,val,1105241,0,0.49517262
M_static,1,val,1105345,0,0.60119486
M_static,1,val,1105733,1,0.5275528
M_static,1,val,1105916,1,0.5719123
M_static,1,val,1107291,0,0.62028444
M_static,1,val,1108050,1,0.69702643
M_static,1,val,1109299,1,0.65173244
M_static,1,val,1110598,0,0.64840174
M_static,1,val,1112425,1,0.57075614
M_static,1,val,1112465,1,0.562586
M_static,1,val,1113133,0,0.6039676
M_static,1,val,1113237,1,0.62151533
M_static,1,val,1113756,1,0.6792053
M_static,1,val,1113808,0,0.5872218
M_static,1,val,1113857,0,0.65200025
M_static,1,val,1115247,0,0.5922961
M_static,1,val,1115335,1,0.7349161
M_static,1,val,1115427,1,0.52704865
M_static,1,val,1116144,1,0.6304683
M_static,1,val,1116363,0,0.6894599
M_static,1,val,1116440,0,0.6576225
M_static,1,val,1116580,1,0.6985449
M_static,1,val,1116601,0,0.63408613
M_static,1,val,1116790,0,0.68170184
M_static,1,val,1118641,0,0.65299445
M_static,1,val,1118849,1,0.6136877
M_static,1,val,1119647,1,0.6129398
M_static,1,val,1119855,0,0.6583449
M_static,1,val,1120120,0,0.5687428
M_static,1,val,1120692,1,0.65104514
M_static,1,val,1120869,0,0.6117685
M_static,1,val,1122513,1,0.68989307
M_static,1,val,1122658,1,0.7247404
M_static,1,val,1123222,1,0.5765746
M_static,1,val,1123500,1,0.57542276
M_static,1,val,1124034,1,0.5979691
M_static,1,val,1124658,0,0.6671537
M_static,1,val,1124894,1,0.5489761
M_static,1,val,1125163,1,0.59332895
M_static,1,val,1125748,1,0.5946133
M_static,1,val,1126857,1,0.6372776
M_static,1,val,1128467,1,0.6825392
M_static,1,val,1128618,1,0.7295506
M_static,1,val,1129029,0,0.61997056
M_static,1,val,1129401,1,0.694389
M_static,1,val,1129979,1,0.6217861
M_static,1,val,1130043,1,0.80521977
M_static,1,val,1130533,1,0.6840562
M_static,1,val,1130756,1,0.6371175
M_static,1,val,1131355,1,0.67929053
M_static,1,val,1131386,1,0.50443316
M_static,1,val,1131656,1,0.61144364
M_static,1,val,1132010,0,0.66324776
M_static,1,val,1135241,0,0.6269926
M_static,1,val,1135703,1,0.65745836
M_static,1,val,1136279,0,0.6343781
M_static,1,val,1136310,1,0.64011353
M_static,1,val,1136723,0,0.62713116
M_static,1,val,1137555,1,0.757086
M_static,1,val,1137589,1,0.66271055
M_static,1,val,1138091,1,0.52184045
M_static,1,val,1138321,1,0.54439634
M_static,1,val,1138374,0,0.5384746
M_static,1,val,1138670,1,0.5742207
M_static,1,val,1138870,1,0.6838407
M_static,1,val,1139275,1,0.6664679
M_static,1,val,1140109,1,0.6305608
M_static,1,val,1140316,1,0.69291216
M_static,1,val,1141936,1,0.6894074
M_static,1,val,1142089,1,0.65845597
M_static,1,val,1142188,1,0.59587485
M_static,1,val,1142355,0,0.5897546
M_static,1,val,1142724,0,0.5841252
M_static,1,val,1143869,0,0.64930797
M_static,1,val,1144198,1,0.6690914
M_static,1,val,1144734,1,0.6502986
M_static,1,val,1144792,0,0.6843716
M_static,1,val,1145284,1,0.634688
M_static,1,val,1145959,1,0.615139
M_static,1,val,1145969,1,0.6213901
M_static,1,val,1146989,0,0.60956466
M_static,1,val,1147155,1,0.6436775
M_static,1,val,1147302,0,0.57844335
M_static,1,val,1147838,0,0.60705084
M_static,1,val,1148110,0,0.63305074
M_static,1,val,1148113,1,0.6651279
M_static,1,val,1148332,1,0.6612302
M_static,1,val,1148376,1,0.68675
M_static,1,val,1149831,1,0.59359545
M_static,1,val,1149916,1,0.5310875
M_static,1,val,1150067,1,0.6648225
M_static,1,val,1151454,0,0.4762286
M_static,1,val,1151510,0,0.62266374
M_static,1,val,1151569,1,0.69262356
M_static,1,val,1151818,0,0.64902824
M_static,1,val,1151994,1,0.655943
M_static,1,val,1152380,1,0.61874765
M_static,1,val,1152700,1,0.6889624
M_static,1,val,1152708,1,0.6747323
M_static,1,val,1152877,0,0.55750227
M_static,1,val,1153023,1,0.67624366
M_static,1,val,1153155,1,0.66785276
M_static,1,val,1153931,1,0.6981214
M_static,1,val,1154574,1,0.72182417
M_static,1,val,1155176,1,0.66241926
M_static,1,val,1157142,1,0.61193997
M_static,1,val,1206010,0,0.59998345
M_static,1,val,1206257,1,0.63392925
M_static,1,val,1206334,0,0.6367905
M_static,1,val,1207181,0,0.7346141
M_static,1,val,1207207,1,0.67387944
M_static,1,val,1207367,1,0.63985133
M_static,1,val,1207384,1,0.6381044
M_static,1,val,1207464,1,0.65074605
M_static,1,val,1208159,1,0.657858
M_static,1,val,1208290,1,0.60608166
M_static,1,val,1208422,1,0.7245174
M_static,1,val,1208544,0,0.71605235
M_static,1,val,1208870,1,0.67162204
M_static,1,val,1209034,1,0.67212194
M_static,1,val,1209229,0,0.65277225
M_static,1,val,1209908,0,0.7350471
M_static,1,val,1210816,1,0.6194798
M_static,1,val,1212290,1,0.6566931
M_static,1,val,1212738,1,0.74014616
M_static,1,val,1213667,0,0.5608777
M_static,1,val,1213716,1,0.6711011
M_static,1,val,1213978,0,0.66809106
M_static,1,val,1214063,1,0.6086574
M_static,1,val,1214597,1,0.67081034
M_static,1,val,1215070,1,0.5585011
M_static,1,val,1215132,0,0.57455456
M_static,1,val,1215420,1,0.64227384
M_static,1,val,1215921,1,0.5573058
M_static,1,val,1216025,0,0.6452746
M_static,1,val,1216145,0,0.689435
M_static,1,val,1216188,0,0.5520768
M_static,1,val,1216704,1,0.7119723
M_static,1,val,1216841,0,0.6462108
M_static,1,val,1216904,0,0.63178355
M_static,1,val,1217573,1,0.74941075
M_static,1,val,1217635,1,0.69668525
M_static,1,val,1217948,1,0.56188166
M_static,1,val,1218059,1,0.64793146
M_static,1,val,1218235,1,0.63473237
M_static,1,val,1218421,1,0.661075
M_static,1,val,1218554,1,0.61844504
M_static,1,val,1218726,1,0.6415957
M_static,1,val,1219254,0,0.6267736
M_static,1,val,1219802,1,0.6441144
M_static,1,val,1219877,1,0.6499544
M_static,1,val,1219890,1,0.6217188
M_static,1,val,1219897,1,0.69438124
M_static,1,val,1219949,0,0.5984025
M_static,1,val,1220037,1,0.6457502
M_static,1,val,1220386,0,0.53331167
M_static,1,val,1220475,0,0.6367243
M_static,1,val,1220832,0,0.6996083
M_static,1,val,1221118,0,0.66300565
M_static,1,val,1221764,1,0.61430657
M_static,1,val,1222028,1,0.667731
M_static,1,val,1223017,1,0.5946698
M_static,1,val,1223383,1,0.72641814
M_static,1,val,1224353,0,0.65546614
M_static,1,val,1224371,1,0.5666921
M_static,1,val,1224500,1,0.6337675
M_static,1,val,1225046,0,0.6522315
M_static,1,val,1225309,1,0.6959232
M_static,1,val,1225334,0,0.74233854
M_static,1,val,1225388,0,0.69675875
M_static,1,val,1225500,0,0.7128136
M_static,1,val,1225758,1,0.7084179
M_static,1,val,1226509,1,0.6240868
M_static,1,val,1227545,1,0.81781733
M_static,1,val,1227597,0,0.73410755
M_static,1,val,1227765,1,0.5763714
M_static,1,val,1227804,0,0.66121954
M_static,1,val,1228018,1,0.7297628
M_static,1,val,1228461,1,0.68590856
M_static,1,val,1229605,0,0.69808173
M_static,1,val,1229991,0,0.58531594
M_static,1,val,1230721,1,0.71028715
M_static,1,val,1230968,1,0.65567803
M_static,1,val,1231044,1,0.63170224
M_static,1,val,1231253,0,0.62500894
M_static,1,val,1231339,0,0.6583796
M_static,1,val,1231343,1,0.67103094
M_static,1,val,1231928,1,0.61400855
M_static,1,val,1232006,1,0.6697257
M_static,1,val,1232033,0,0.48049396
M_static,1,val,1232296,1,0.49746788
M_static,1,val,1233154,1,0.524998
M_static,1,val,1233203,1,0.6981575
M_static,1,val,1233369,0,0.59665376
M_static,1,val,1233621,0,0.73025227
M_static,1,val,1233632,1,0.7373946
M_static,1,val,1234472,1,0.66917616
M_static,1,val,1234672,0,0.6584061
M_static,1,val,1234804,1,0.64897317
M_static,1,val,1235172,0,0.6413989
M_static,1,val,1235777,1,0.6829703
M_static,1,val,1235863,1,0.6226605
M_static,1,val,1235882,0,0.64082867
M_static,1,val,1236187,0,0.6041376
M_static,1,val,1237352,1,0.67276233
M_static,1,val,1237367,1,0.64227724
M_static,1,val,1237861,0,0.6384411
M_static,1,val,1237964,0,0.61752087
M_static,1,val,1238200,1,0.6288212
M_static,1,val,1238203,1,0.66608894
M_static,1,val,1238287,0,0.720089
M_static,1,val,1238298,1,0.61359644
M_static,1,val,1238523,1,0.64798045
M_static,1,val,1238594,0,0.5969517
M_static,1,val,1238864,1,0.59230137
M_static,1,val,1238917,0,0.7390364
M_static,1,val,1239127,0,0.639008
M_static,1,val,1239377,1,0.65797246
M_static,1,val,1239474,1,0.63944495
M_static,1,val,1239881,1,0.61385804
M_static,1,val,1240209,1,0.7176532
M_static,1,val,1240705,1,0.6439011
M_static,1,val,1240951,0,0.69711804
M_static,1,val,1241625,0,0.6178012
M_static,1,val,1242009,1,0.61022675
M_static,1,val,1242135,0,0.6507603
M_static,1,val,1242264,0,0.5422886
M_static,1,val,1242338,1,0.67414206
M_static,1,val,1242381,0,0.6651804
M_static,1,val,1242501,1,0.6437923
M_static,1,val,1242645,0,0.70695233
M_static,1,val,1242725,1,0.7050684
M_static,1,val,1242755,0,0.68214935
M_static,1,val,1242835,1,0.6621672
M_static,1,val,1243045,0,0.55907136
M_static,1,val,1243514,1,0.64997613
M_static,1,val,1243838,0,0.65720654
M_static,1,val,1243993,0,0.6526085
M_static,1,val,1244606,1,0.7175907
M_static,1,val,1246490,1,0.61584425
M_static,1,val,1246508,0,0.5512806
M_static,1,test,1922,1,0.48132557
M_static,1,test,12246,1,0.5299335
M_static,1,test,16787,0,0.6763037
M_static,1,test,19126,1,0.660994
M_static,1,test,34428,0,0.6082137
M_static,1,test,42331,1,0.72722566
M_static,1,test,44366,1,0.59337735
M_static,1,test,47250,1,0.6008242
M_static,1,test,48545,0,0.71985716
M_static,1,test,54142,1,0.637378
M_static,1,test,61752,1,0.6444013
M_static,1,test,62606,1,0.67224663
M_static,1,test,66226,1,0.68153125
M_static,1,test,66381,1,0.72356915
M_static,1,test,68648,0,0.6154071
M_static,1,test,70147,0,0.65940315
M_static,1,test,72035,0,0.65651435
M_static,1,test,73899,1,0.6902914
M_static,1,test,88483,1,0.7955457
M_static,1,test,96757,1,0.63558847
M_static,1,test,97998,0,0.6159198
M_static,1,test,102708,1,0.70924544
M_static,1,test,105271,1,0.67050415
M_static,1,test,114318,1,0.7665484
M_static,1,test,120088,1,0.6682001
M_static,1,test,127579,0,0.564407
M_static,1,test,129407,1,0.65105516
M_static,1,test,131155,1,0.6689826
M_static,1,test,136645,1,0.64939487
M_static,1,test,139145,1,0.5796169
M_static,1,test,141620,1,0.6067337
M_static,1,test,147228,1,0.5822181
M_static,1,test,156299,1,0.63314253
M_static,1,test,156996,1,0.5724572
M_static,1,test,157449,1,0.6488002
M_static,1,test,157463,1,0.6452191
M_static,1,test,161593,1,0.64665383
M_static,1,test,163659,1,0.60914725
M_static,1,test,167183,1,0.5204292
M_static,1,test,169457,0,0.59165615
M_static,1,test,171896,1,0.65338105
M_static,1,test,172578,1,0.68432987
M_static,1,test,181466,0,0.6923938
M_static,1,test,184874,1,0.6289107
M_static,1,test,186379,1,0.6564018
M_static,1,test,190049,1,0.6992808
M_static,1,test,190176,0,0.5904018
M_static,1,test,190187,0,0.5897382
M_static,1,test,191335,0,0.697321
M_static,1,test,200131,1,0.6111274
M_static,1,test,200858,1,0.4796958
M_static,1,test,203461,1,0.6467298
M_static,1,test,208652,1,0.65203506
M_static,1,test,216287,0,0.61482054
M_static,1,test,218529,1,0.6966215
M_static,1,test,223651,1,0.6475271
M_static,1,test,228543,1,0.81769276
M_static,1,test,238407,0,0.5307998
M_static,1,test,258335,0,0.5112122
M_static,1,test,278134,1,0.66810036
M_static,1,test,278836,1,0.606823
M_static,1,test,280705,0,0.5872766
M_static,1,test,284088,0,0.6388833
M_static,1,test,290944,0,0.6124066
M_static,1,test,293205,0,0.6680259
M_static,1,test,295284,0,0.6188451
M_static,1,test,298058,1,0.6413756
M_static,1,test,312434,1,0.5819198
M_static,1,test,312810,1,0.6854392
M_static,1,test,318640,1,0.6265033
M_static,1,test,319549,1,0.6697333
M_static,1,test,320867,1,0.5940882
M_static,1,test,321989,1,0.6653413
M_static,1,test,323320,0,0.56365037
M_static,1,test,323939,0,0.58079517
M_static,1,test,335240,0,0.575839
M_static,1,test,335955,1,0.5477168
M_static,1,test,338312,1,0.58494425
M_static,1,test,348589,1,0.56318235
M_static,1,test,351101,1,0.53322357
M_static,1,test,353336,1,0.52969724
M_static,1,test,358239,1,0.61774075
M_static,1,test,360745,1,0.8469515
M_static,1,test,374203,0,0.5804013
M_static,1,test,375294,1,0.5134458
M_static,1,test,380225,1,0.62930596
M_static,1,test,402720,1,0.6551304
M_static,1,test,405843,1,0.641133
M_static,1,test,408105,0,0.61688054
M_static,1,test,419138,0,0.57378864
M_static,1,test,433303,1,0.63769686
M_static,1,test,433686,1,0.6697728
M_static,1,test,442797,1,0.5568331
M_static,1,test,443207,1,0.6472746
M_static,1,test,443610,0,0.60546076
M_static,1,test,444203,0,0.6009256
M_static,1,test,445545,1,0.6061707
M_static,1,test,450155,1,0.86018664
M_static,1,test,451844,1,0.70441365
M_static,1,test,460422,1,0.56575054
M_static,1,test,460580,1,0.6571058
M_static,1,test,461946,1,0.5924444
M_static,1,test,463375,1,0.57862896
M_static,1,test,465489,0,0.5720818
M_static,1,test,466437,1,0.6318261
M_static,1,test,468086,1,0.6498866
M_static,1,test,468548,1,0.57730806
M_static,1,test,474601,1,0.6597033
M_static,1,test,477779,1,0.553311
M_static,1,test,479811,0,0.6136057
M_static,1,test,480021,0,0.64508724
M_static,1,test,480598,1,0.6597484
M_static,1,test,484238,1,0.61748785
M_static,1,test,486892,0,0.6112038
M_static,1,test,488934,0,0.69148916
M_static,1,test,498363,1,0.67924297
M_static,1,test,507011,1,0.66688836
M_static,1,test,510372,1,0.58052874
M_static,1,test,511018,0,0.5839462
M_static,1,test,512053,1,0.61339664
M_static,1,test,517848,1,0.70090276
M_static,1,test,520621,1,0.58228755
M_static,1,test,525300,1,0.58652574
M_static,1,test,532533,1,0.67161655
M_static,1,test,537472,1,0.60319114
M_static,1,test,544153,1,0.5090959
M_static,1,test,544425,0,0.6452617
M_static,1,test,544864,1,0.6143953
M_static,1,test,550892,1,0.6387459
M_static,1,test,552901,1,0.54731363
M_static,1,test,554960,0,0.76328206
M_static,1,test,555492,0,0.62889016
M_static,1,test,559178,1,0.62305766
M_static,1,test,566285,1,0.63345164
M_static,1,test,567847,1,0.6156336
M_static,1,test,569789,0,0.5356308
M_static,1,test,573425,1,0.5807704
M_static,1,test,586109,0,0.65299803
M_static,1,test,589139,1,0.6603496
M_static,1,test,592431,1,0.6514433
M_static,1,test,592548,0,0.63303405
M_static,1,test,595609,1,0.61368364
M_static,1,test,599396,0,0.61272085
M_static,1,test,618335,1,0.57483757
M_static,1,test,619649,1,0.5793336
M_static,1,test,624010,0,0.6035269
M_static,1,test,624692,1,0.63561106
M_static,1,test,627036,1,0.607494
M_static,1,test,629729,1,0.6636464
M_static,1,test,644299,1,0.6336706
M_static,1,test,644744,1,0.691086
M_static,1,test,649217,1,0.5719777
M_static,1,test,649863,1,0.60148776
M_static,1,test,655410,1,0.5746887
M_static,1,test,660061,1,0.61705947
M_static,1,test,661193,0,0.71768534
M_static,1,test,672172,1,0.6386674
M_static,1,test,675660,0,0.65050656
M_static,1,test,675907,0,0.6414992
M_static,1,test,678681,1,0.59111476
M_static,1,test,683148,1,0.624432
M_static,1,test,687290,0,0.6243072
M_static,1,test,690734,0,0.5971901
M_static,1,test,697961,1,0.60915685
M_static,1,test,698579,1,0.6696868
M_static,1,test,700550,1,0.63596827
M_static,1,test,704059,0,0.66228086
M_static,1,test,709192,0,0.7062802
M_static,1,test,711782,1,0.6310913
M_static,1,test,718140,0,0.6957355
M_static,1,test,718508,1,0.6054728
M_static,1,test,719050,0,0.57676893
M_static,1,test,725470,0,0.51354665
M_static,1,test,726612,1,0.5969387
M_static,1,test,727266,1,0.58115774
M_static,1,test,738172,0,0.65233326
M_static,1,test,742847,0,0.73595583
M_static,1,test,747710,0,0.5984144
M_static,1,test,750827,0,0.6130769
M_static,1,test,750881,0,0.62150854
M_static,1,test,752967,1,0.62247026
M_static,1,test,754586,1,0.578396
M_static,1,test,755156,1,0.6259822
M_static,1,test,755294,1,0.64162576
M_static,1,test,760561,0,0.5924661
M_static,1,test,765027,1,0.55486614
M_static,1,test,765473,1,0.72428715
M_static,1,test,765954,0,0.52334464
M_static,1,test,774678,1,0.7561455
M_static,1,test,777118,1,0.634707
M_static,1,test,779240,0,0.71899235
M_static,1,test,781445,0,0.6616892
M_static,1,test,789824,0,0.5977199
M_static,1,test,806762,0,0.6435802
M_static,1,test,809238,0,0.6543457
M_static,1,test,822633,1,0.61413956
M_static,1,test,825913,1,0.61081976
M_static,1,test,828057,0,0.6214199
M_static,1,test,829142,1,0.7266462
M_static,1,test,829697,0,0.6562279
M_static,1,test,834515,0,0.63574785
M_static,1,test,835833,1,0.64803743
M_static,1,test,836571,0,0.597878
M_static,1,test,841534,0,0.53668964
M_static,1,test,847036,1,0.6887825
M_static,1,test,848723,1,0.56288207
M_static,1,test,851816,0,0.6064093
M_static,1,test,854069,1,0.5658181
M_static,1,test,856302,0,0.6056379
M_static,1,test,859236,0,0.63306344
M_static,1,test,866895,0,0.6687158
M_static,1,test,867398,0,0.631274
M_static,1,test,868318,0,0.5537924
M_static,1,test,875038,1,0.71801066
M_static,1,test,877486,1,0.64668775
M_static,1,test,880466,1,0.5955491
M_static,1,test,889657,1,0.838415
M_static,1,test,894409,1,0.6329141
M_static,1,test,899067,0,0.62607735
M_static,1,test,900762,1,0.63999087
M_static,1,test,941626,1,0.6152574
M_static,1,test,943672,1,0.7009592
M_static,1,test,947197,1,0.6117965
M_static,1,test,951465,0,0.67557865
M_static,1,test,951654,0,0.6070456
M_static,1,test,952219,0,0.5548215
M_static,1,test,954440,1,0.61429256
M_static,1,test,955669,0,0.66465485
M_static,1,test,956387,1,0.5915769
M_static,1,test,961563,0,0.6279198
M_static,1,test,961819,0,0.5637885
M_static,1,test,962660,1,0.62494886
M_static,1,test,963985,1,0.6650871
M_static,1,test,964462,0,0.55451125
M_static,1,test,970464,1,0.65425426
M_static,1,test,972111,0,0.65806973
M_static,1,test,979369,1,0.59195524
M_static,1,test,979917,1,0.74044335
M_static,1,test,979941,0,0.5179265
M_static,1,test,980697,0,0.54680544
M_static,1,test,982817,0,0.59600365
M_static,1,test,984065,0,0.6043732
M_static,1,test,986074,1,0.6361757
M_static,1,test,986844,1,0.6399503
M_static,1,test,987078,1,0.6551182
M_static,1,test,987267,1,0.6180514
M_static,1,test,989755,1,0.6141017
M_static,1,test,991790,1,0.6230723
M_static,1,test,993602,1,0.610836
M_static,1,test,994160,1,0.6490592
M_static,1,test,1002373,1,0.53786993
M_static,1,test,1005171,1,0.63385284
M_static,1,test,1006489,0,0.61967295
M_static,1,test,1008354,0,0.5506333
M_static,1,test,1009347,1,0.6861171
M_static,1,test,1020322,0,0.5115847
M_static,1,test,1029192,1,0.6884005
M_static,1,test,1029373,1,0.77230984
M_static,1,test,1030940,1,0.54430735
M_static,1,test,1046104,0,0.59525037
M_static,1,test,1051850,0,0.5553911
M_static,1,test,1054838,0,0.6534562
M_static,1,test,1064446,1,0.6973899
M_static,1,test,1065288,0,0.4772262
M_static,1,test,1066534,1,0.60123175
M_static,1,test,1067406,1,0.60687786
M_static,1,test,1069689,1,0.5631691
M_static,1,test,1070472,0,0.62123257
M_static,1,test,1073839,0,0.6992152
M_static,1,test,1074094,1,0.5944711
M_static,1,test,1074306,1,0.6041855
M_static,1,test,1074427,1,0.6211224
M_static,1,test,1074527,1,0.61888343
M_static,1,test,1074753,0,0.637726
M_static,1,test,1075557,1,0.532832
M_static,1,test,1075699,1,0.6258474
M_static,1,test,1077703,1,0.6936674
M_static,1,test,1078392,1,0.6369888
M_static,1,test,1078893,0,0.69508064
M_static,1,test,1079527,1,0.68427575
M_static,1,test,1080214,1,0.6391232
M_static,1,test,1080366,1,0.6016983
M_static,1,test,1080979,1,0.5537693
M_static,1,test,1081798,0,0.66296315
M_static,1,test,1082641,0,0.6164034
M_static,1,test,1082739,1,0.7643008
M_static,1,test,1084185,0,0.59219295
M_static,1,test,1084364,1,0.6100826
M_static,1,test,1084497,1,0.62760544
M_static,1,test,1085496,1,0.6974846
M_static,1,test,1085579,1,0.57206297
M_static,1,test,1085896,1,0.7673861
M_static,1,test,1086657,1,0.6083694
M_static,1,test,1086770,1,0.6788034
M_static,1,test,1086991,0,0.6347051
M_static,1,test,1087295,1,0.6755371
M_static,1,test,1089310,0,0.57745063
M_static,1,test,1090388,1,0.6528317
M_static,1,test,1090438,1,0.62284493
M_static,1,test,1091071,1,0.67425674
M_static,1,test,1091585,0,0.6850204
M_static,1,test,1092068,0,0.713669
M_static,1,test,1093139,0,0.5338851
M_static,1,test,1093401,1,0.6464755
M_static,1,test,1094060,1,0.6355516
M_static,1,test,1094259,1,0.5611005
M_static,1,test,1096111,1,0.66493624
M_static,1,test,1096858,1,0.57365215
M_static,1,test,1097215,1,0.5580297
M_static,1,test,1097324,1,0.7357168
M_static,1,test,1099078,1,0.652387
M_static,1,test,1100516,0,0.62921023
M_static,1,test,1100923,1,0.6745033
M_static,1,test,1103063,0,0.6053664
M_static,1,test,1104405,1,0.6532713
M_static,1,test,1104599,1,0.5896581
M_static,1,test,1104649,1,0.7401036
M_static,1,test,1105176,1,0.6185949
M_static,1,test,1105837,1,0.64162236
M_static,1,test,1105913,1,0.59001625
M_static,1,test,1105922,1,0.6718038
M_static,1,test,1106300,1,0.6003545
M_static,1,test,1107147,1,0.7641429
M_static,1,test,1107631,1,0.6506122
M_static,1,test,1109275,1,0.61310035
M_static,1,test,1109329,1,0.6489447
M_static,1,test,1109526,1,0.7072475
M_static,1,test,1109829,1,0.62178445
M_static,1,test,1111153,0,0.56253487
M_static,1,test,1111157,0,0.63444746
M_static,1,test,1111471,1,0.5901437
M_static,1,test,1112111,1,0.5697612
M_static,1,test,1113214,0,0.67874193
M_static,1,test,1115227,1,0.60176563
M_static,1,test,1115322,1,0.6323844
M_static,1,test,1115713,1,0.6559339
M_static,1,test,1117370,1,0.7329716
M_static,1,test,1117921,1,0.6089173
M_static,1,test,1117975,1,0.62004286
M_static,1,test,1118291,0,0.47146934
M_static,1,test,1118436,1,0.6443736
M_static,1,test,1118652,0,0.5965903
M_static,1,test,1119012,1,0.73279446
M_static,1,test,1119591,1,0.7341411
M_static,1,test,1119652,1,0.64196014
M_static,1,test,1119930,1,0.6371702
M_static,1,test,1120326,1,0.59583
M_static,1,test,1120775,1,0.6851682
M_static,1,test,1120955,0,0.73638344
M_static,1,test,1121493,0,0.55823004
M_static,1,test,1121705,1,0.6083121
M_static,1,test,1121926,1,0.6273047
M_static,1,test,1122956,1,0.65850365
M_static,1,test,1122990,1,0.66764617
M_static,1,test,1123350,1,0.6855336
M_static,1,test,1123551,0,0.62569755
M_static,1,test,1124329,1,0.6744097
M_static,1,test,1124330,0,0.55583346
M_static,1,test,1124561,0,0.628138
M_static,1,test,1125348,0,0.70896405
M_static,1,test,1125785,1,0.594718
M_static,1,test,1126146,0,0.6380168
M_static,1,test,1126656,0,0.48669544
M_static,1,test,1127029,0,0.70654297
M_static,1,test,1127560,1,0.6231718
M_static,1,test,1129053,1,0.6710767
M_static,1,test,1129961,0,0.6334458
M_static,1,test,1130161,1,0.60128665
M_static,1,test,1131297,0,0.7130966
M_static,1,test,1131833,1,0.6310636
M_static,1,test,1134339,0,0.59014064
M_static,1,test,1134855,0,0.5074062
M_static,1,test,1134927,1,0.5892872
M_static,1,test,1135587,1,0.70368046
M_static,1,test,1135796,1,0.710682
M_static,1,test,1136524,0,0.57649887
M_static,1,test,1136946,0,0.6302691
M_static,1,test,1137506,0,0.7310287
M_static,1,test,1137818,1,0.625066
M_static,1,test,1138108,1,0.5977019
M_static,1,test,1139233,1,0.592045
M_static,1,test,1139249,1,0.6467551
M_static,1,test,1139409,1,0.6593123
M_static,1,test,1139795,0,0.63212615
M_static,1,test,1142126,0,0.5814762
M_static,1,test,1142643,1,0.6590627
M_static,1,test,1142753,1,0.67103255
M_static,1,test,1143415,1,0.64687145
M_static,1,test,1143550,1,0.62908053
M_static,1,test,1144210,1,0.6328987
M_static,1,test,1144260,0,0.6793698
M_static,1,test,1144465,1,0.6525602
M_static,1,test,1144580,1,0.6745322
M_static,1,test,1144621,1,0.6815685
M_static,1,test,1144651,1,0.7377616
M_static,1,test,1145207,0,0.6531101
M_static,1,test,1145385,0,0.6186141
M_static,1,test,1146057,0,0.7119682
M_static,1,test,1146108,0,0.69721025
M_static,1,test,1146318,1,0.5902966
M_static,1,test,1146323,0,0.70721954
M_static,1,test,1146529,1,0.70724654
M_static,1,test,1146584,1,0.64326155
M_static,1,test,1146771,0,0.6925724
M_static,1,test,1146854,1,0.66256964
M_static,1,test,1147012,0,0.63085645
M_static,1,test,1147189,1,0.55457914
M_static,1,test,1148157,1,0.6627796
M_static,1,test,1148437,0,0.5459059
M_static,1,test,1150400,1,0.63425624
M_static,1,test,1151387,0,0.64282817
M_static,1,test,1151422,1,0.70630795
M_static,1,test,1151627,1,0.6563694
M_static,1,test,1151789,1,0.7212824
M_static,1,test,1152038,1,0.63731396
M_static,1,test,1152061,1,0.6607946
M_static,1,test,1152979,1,0.73166263
M_static,1,test,1153702,0,0.6713814
M_static,1,test,1153881,0,0.6658458
M_static,1,test,1154576,1,0.5400291
M_static,1,test,1155404,0,0.58349806
M_static,1,test,1155554,1,0.69022155
M_static,1,test,1155802,1,0.58186114
M_static,1,test,1157101,1,0.6786234
M_static,1,test,1157237,1,0.7362778
M_static,1,test,1157440,0,0.682562
M_static,1,test,1158961,1,0.64425254
M_static,1,test,1206308,0,0.6544569
M_static,1,test,1206667,0,0.6481527
M_static,1,test,1206997,1,0.67645144
M_static,1,test,1207140,1,0.67976856
M_static,1,test,1207980,1,0.70865995
M_static,1,test,1208561,1,0.68501544
M_static,1,test,1209776,0,0.63797545
M_static,1,test,1209958,1,0.61372167
M_static,1,test,1210100,0,0.6282878
M_static,1,test,1210485,1,0.72110635
M_static,1,test,1210786,0,0.5581082
M_static,1,test,1211029,1,0.608577
M_static,1,test,1211042,1,0.6806094
M_static,1,test,1211177,1,0.65622884
M_static,1,test,1211297,1,0.6774127
M_static,1,test,1211505,1,0.6844024
M_static,1,test,1211778,0,0.65565294
M_static,1,test,1212217,1,0.67626435
M_static,1,test,1212354,0,0.6503864
M_static,1,test,1212394,1,0.58210844
M_static,1,test,1212451,0,0.6206958
M_static,1,test,1212582,1,0.6972045
M_static,1,test,1213121,1,0.62347645
M_static,1,test,1213130,1,0.69010395
M_static,1,test,1213344,1,0.6827178
M_static,1,test,1213929,1,0.6891897
M_static,1,test,1213974,0,0.53106225
M_static,1,test,1214144,0,0.6040239
M_static,1,test,1215381,0,0.6357524
M_static,1,test,1215388,0,0.654486
M_static,1,test,1215586,0,0.62803847
M_static,1,test,1216036,1,0.6152618
M_static,1,test,1216045,1,0.62130517
M_static,1,test,1216223,1,0.6162745
M_static,1,test,1216691,1,0.6544742
M_static,1,test,1216776,1,0.6378069
M_static,1,test,1217051,1,0.78239584
M_static,1,test,1217243,1,0.6240108
M_static,1,test,1217708,0,0.58006406
M_static,1,test,1217769,1,0.6495058
M_static,1,test,1218062,1,0.6794575
M_static,1,test,1218110,0,0.64453804
M_static,1,test,1219634,1,0.6472191
M_static,1,test,1219898,1,0.67681956
M_static,1,test,1219958,0,0.67305607
M_static,1,test,1220095,0,0.6169885
M_static,1,test,1220226,0,0.689735
M_static,1,test,1220507,0,0.66760147
M_static,1,test,1220572,0,0.6090072
M_static,1,test,1220694,1,0.60677797
M_static,1,test,1221019,0,0.6848055
M_static,1,test,1221892,1,0.69434583
M_static,1,test,1222069,1,0.6275661
M_static,1,test,1222110,1,0.6698993
M_static,1,test,1222424,1,0.6765313
M_static,1,test,1222589,1,0.5834441
M_static,1,test,1222850,1,0.6352024
M_static,1,test,1223193,0,0.6502039
M_static,1,test,1223272,1,0.6571717
M_static,1,test,1223289,0,0.74195695
M_static,1,test,1223754,0,0.51296693
M_static,1,test,1224109,0,0.6518921
M_static,1,test,1224306,1,0.67377883
M_static,1,test,1224683,1,0.71968955
M_static,1,test,1224968,1,0.6752982
M_static,1,test,1225050,0,0.6342387
M_static,1,test,1225262,1,0.64328736
M_static,1,test,1225323,1,0.5874512
M_static,1,test,1225648,0,0.6708096
M_static,1,test,1225672,1,0.6724497
M_static,1,test,1225716,0,0.6891171
M_static,1,test,1225945,0,0.69376546
M_static,1,test,1226065,1,0.6176078
M_static,1,test,1226588,1,0.73405176
M_static,1,test,1226641,1,0.6575703
M_static,1,test,1226825,1,0.59101796
M_static,1,test,1226937,0,0.6667297
M_static,1,test,1227061,1,0.77636397
M_static,1,test,1227106,1,0.65954876
M_static,1,test,1227138,0,0.69349176
M_static,1,test,1227504,1,0.64707226
M_static,1,test,1228528,0,0.70846087
M_static,1,test,1228888,1,0.6755496
M_static,1,test,1229368,0,0.68498015
M_static,1,test,1229574,0,0.5995788
M_static,1,test,1229725,1,0.59466
M_static,1,test,1229860,1,0.7348645
M_static,1,test,1230265,1,0.7459242
M_static,1,test,1230408,1,0.5938078
M_static,1,test,1230712,0,0.6986294
M_static,1,test,1230724,1,0.6908386
M_static,1,test,1230855,0,0.51392263
M_static,1,test,1230993,0,0.5525092
M_static,1,test,1231114,1,0.66029996
M_static,1,test,1231841,0,0.66858226
M_static,1,test,1232099,0,0.6119271
M_static,1,test,1232676,1,0.5723971
M_static,1,test,1233791,1,0.6064352
M_static,1,test,1233962,0,0.74290884
M_static,1,test,1233970,1,0.6149906
M_static,1,test,1234219,1,0.61933917
M_static,1,test,1234306,1,0.7143127
M_static,1,test,1234549,0,0.58758223
M_static,1,test,1234553,0,0.6787217
M_static,1,test,1235265,1,0.69796926
M_static,1,test,1235275,0,0.57388115
M_static,1,test,1235336,1,0.58766377
M_static,1,test,1236071,1,0.5642919
M_static,1,test,1236410,0,0.65481645
M_static,1,test,1236418,1,0.6102852
M_static,1,test,1236759,1,0.7101594
M_static,1,test,1236938,1,0.6247331
M_static,1,test,1237075,0,0.60172415
M_static,1,test,1237241,1,0.67615944
M_static,1,test,1237496,1,0.686662
M_static,1,test,1237716,0,0.6941847
M_static,1,test,1237793,1,0.6856342
M_static,1,test,1238174,1,0.68110067
M_static,1,test,1238215,1,0.63465583
M_static,1,test,1238443,0,0.5830972
M_static,1,test,1238550,1,0.6273646
M_static,1,test,1238574,0,0.54821324
M_static,1,test,1238865,1,0.6826244
M_static,1,test,1238923,0,0.66186464
M_static,1,test,1239038,0,0.6918197
M_static,1,test,1239693,0,0.6802983
M_static,1,test,1239772,0,0.6430395
M_static,1,test,1239841,1,0.5697006
M_static,1,test,1239988,0,0.5712266
M_static,1,test,1240378,1,0.6740992
M_static,1,test,1240423,1,0.70108795
M_static,1,test,1240598,1,0.6579805
M_static,1,test,1241453,0,0.66483116
M_static,1,test,1241862,1,0.6048046
M_static,1,test,1242372,1,0.6444472
M_static,1,test,1242535,1,0.63681585
M_static,1,test,1242667,0,0.61495143
M_static,1,test,1242811,0,0.68771774
M_static,1,test,1242831,0,0.66302717
M_static,1,test,1243018,1,0.6547383
M_static,1,test,1243083,0,0.7229388
M_static,1,test,1243802,0,0.63301665
M_static,1,test,1243942,1,0.68383914
M_static,1,test,1243992,1,0.6879541
M_static,1,test,1244831,1,0.58701
M_static,1,test,1245228,0,0.57359433
M_temporal,1,val,4993,1,0.6703449
M_temporal,1,val,13412,1,0.65603465
M_temporal,1,val,22854,1,0.5395928
M_temporal,1,val,32097,1,0.7228848
M_temporal,1,val,33368,1,0.66218245
M_temporal,1,val,42450,1,0.83326715
M_temporal,1,val,47652,1,0.6247327
M_temporal,1,val,48755,1,0.8632201
M_temporal,1,val,50696,1,0.5621872
M_temporal,1,val,54388,0,0.5384736
M_temporal,1,val,60519,1,0.589047
M_temporal,1,val,70693,0,0.65278363
M_temporal,1,val,72256,1,0.6996137
M_temporal,1,val,86179,1,0.9715624
M_temporal,1,val,86896,0,0.5995762
M_temporal,1,val,88424,1,0.625575
M_temporal,1,val,89850,1,0.72335947
M_temporal,1,val,93002,1,0.5596024
M_temporal,1,val,93011,0,0.72332406
M_temporal,1,val,98629,1,0.50531405
M_temporal,1,val,99307,0,0.84838766
M_temporal,1,val,100693,1,0.797201
M_temporal,1,val,101232,1,0.50180954
M_temporal,1,val,112047,1,0.6281718
M_temporal,1,val,121204,0,0.5575555
M_temporal,1,val,121744,1,0.7097717
M_temporal,1,val,130131,0,0.5497711
M_temporal,1,val,130832,1,0.5539993
M_temporal,1,val,135338,0,0.64161444
M_temporal,1,val,143353,1,0.7638291
M_temporal,1,val,145109,1,0.55457985
M_temporal,1,val,146346,1,0.52755183
M_temporal,1,val,149348,1,0.6534314
M_temporal,1,val,149880,1,0.628723
M_temporal,1,val,154041,1,0.62208366
M_temporal,1,val,157774,1,0.81959033
M_temporal,1,val,160103,1,0.7561815
M_temporal,1,val,160197,1,0.7457818
M_temporal,1,val,167963,1,0.5582984
M_temporal,1,val,174525,1,0.6445149
M_temporal,1,val,175032,0,0.6138719
M_temporal,1,val,181574,0,0.62684256
M_temporal,1,val,183204,0,0.6351079
M_temporal,1,val,186257,0,0.6981474
M_temporal,1,val,189056,1,0.6514876
M_temporal,1,val,189685,0,0.5299712
M_temporal,1,val,193149,0,0.70158994
M_temporal,1,val,196058,1,0.75304735
M_temporal,1,val,199177,0,0.4662183
M_temporal,1,val,202968,0,0.5256561
M_temporal,1,val,210361,1,0.7045913
M_temporal,1,val,216010,1,0.8860662
M_temporal,1,val,219309,1,0.6297097
M_temporal,1,val,220792,0,0.7243796
M_temporal,1,val,226106,1,0.47277492
M_temporal,1,val,226610,1,0.6848447
M_temporal,1,val,234696,1,0.63606405
M_temporal,1,val,240229,0,0.519693
M_temporal,1,val,243108,1,0.90982825
M_temporal,1,val,248666,1,0.5628007
M_temporal,1,val,250983,0,0.54890925
M_temporal,1,val,253033,0,0.6054904
M_temporal,1,val,256422,1,0.741717
M_temporal,1,val,271298,0,0.80975026
M_temporal,1,val,273148,1,0.63173
M_temporal,1,val,273826,1,0.73406273
M_temporal,1,val,274345,0,0.77489686
M_temporal,1,val,274563,1,0.61447215
M_temporal,1,val,275882,1,0.6386677
M_temporal,1,val,281433,1,0.69600695
M_temporal,1,val,289992,1,0.672823
M_temporal,1,val,293922,0,0.5904357
M_temporal,1,val,297709,0,0.52418494
M_temporal,1,val,300925,1,0.6673523
M_temporal,1,val,303683,0,0.532994
M_temporal,1,val,305034,0,0.56556404
M_temporal,1,val,310191,1,0.80496156
M_temporal,1,val,312582,1,0.7108169
M_temporal,1,val,319661,1,0.81968665
M_temporal,1,val,324095,1,0.7416262
M_temporal,1,val,329983,1,0.54439944
M_temporal,1,val,330071,0,0.6341845
M_temporal,1,val,330603,1,0.8201198
M_temporal,1,val,332529,1,0.7629325
M_temporal,1,val,344909,0,0.6578014
M_temporal,1,val,345087,1,0.5920646
M_temporal,1,val,345208,1,0.62668604
M_temporal,1,val,345670,1,0.74762225
M_temporal,1,val,348496,1,0.73963004
M_temporal,1,val,350707,0,0.612966
M_temporal,1,val,353416,1,0.6910799
M_temporal,1,val,354035,1,0.58949894
M_temporal,1,val,357322,0,0.68346655
M_temporal,1,val,364502,1,0.6749032
M_temporal,1,val,366344,0,0.60653865
M_temporal,1,val,369818,1,0.596391
M_temporal,1,val,369915,1,0.5680795
M_temporal,1,val,375005,0,0.60293585
M_temporal,1,val,376917,1,0.7547051
M_temporal,1,val,377703,1,0.85820436
M_temporal,1,val,398007,1,0.662044
M_temporal,1,val,400944,1,0.592446
M_temporal,1,val,402349,0,0.52242875
M_temporal,1,val,402364,0,0.61339813
M_temporal,1,val,413173,1,0.73009324
M_temporal,1,val,413554,1,0.67040163
M_temporal,1,val,414540,0,0.5815518
M_temporal,1,val,417147,0,0.5616653
M_temporal,1,val,419522,1,0.7342574
M_temporal,1,val,423553,1,0.44530398
M_temporal,1,val,424946,0,0.49302426
M_temporal,1,val,431664,0,0.57122123
M_temporal,1,val,432045,0,0.6518711
M_temporal,1,val,433233,1,0.7094386
M_temporal,1,val,435249,1,0.6392639
M_temporal,1,val,443084,0,0.6119165
M_temporal,1,val,444684,1,0.6280812
M_temporal,1,val,445318,0,0.5539247
M_temporal,1,val,448329,1,0.74768573
M_temporal,1,val,451424,1,0.66051567
M_temporal,1,val,451600,1,0.6621711
M_temporal,1,val,457834,1,0.6115644
M_temporal,1,val,465292,1,0.6132724
M_temporal,1,val,467821,0,0.5394696
M_temporal,1,val,469865,1,0.76285505
M_temporal,1,val,479371,0,0.54428756
M_temporal,1,val,480708,1,0.5808397
M_temporal,1,val,485608,1,0.59825724
M_temporal,1,val,486901,0,0.71779394
M_temporal,1,val,487378,0,0.58586156
M_temporal,1,val,488255,0,0.48950088
M_temporal,1,val,490630,1,0.72108835
M_temporal,1,val,493668,1,0.7060713
M_temporal,1,val,494011,1,0.708403
M_temporal,1,val,496270,1,0.59458214
M_temporal,1,val,501583,1,0.7372552
M_temporal,1,val,504132,1,0.642419
M_temporal,1,val,506819,1,0.5445633
M_temporal,1,val,508449,0,0.5265603
M_temporal,1,val,510306,0,0.658572
M_temporal,1,val,512180,1,0.5847653
M_temporal,1,val,513398,0,0.50624996
M_temporal,1,val,513966,0,0.47483784
M_temporal,1,val,519298,1,0.6702678
M_temporal,1,val,524155,0,0.7098398
M_temporal,1,val,524172,0,0.6514809
M_temporal,1,val,529499,0,0.5770818
M_temporal,1,val,529816,1,0.5490365
M_temporal,1,val,532148,1,0.6455056
M_temporal,1,val,532751,1,0.6965399
M_temporal,1,val,534048,1,0.6255122
M_temporal,1,val,535178,1,0.57367104
M_temporal,1,val,536493,0,0.6357072
M_temporal,1,val,541544,1,0.59798896
M_temporal,1,val,542399,0,0.5935473
M_temporal,1,val,547939,1,0.7961931
M_temporal,1,val,560521,0,0.6544568
M_temporal,1,val,561141,1,0.4937114
M_temporal,1,val,563271,1,0.62575626
M_temporal,1,val,565232,1,0.8910463
M_temporal,1,val,565908,0,0.40129358
M_temporal,1,val,567390,0,0.621781
M_temporal,1,val,570049,1,0.534305
M_temporal,1,val,570975,0,0.70063066
M_temporal,1,val,576988,1,0.6126967
M_temporal,1,val,579106,1,0.5844479
M_temporal,1,val,595954,1,0.62462115
M_temporal,1,val,596437,0,0.6302112
M_temporal,1,val,598165,1,0.7007881
M_temporal,1,val,598821,0,0.5166869
M_temporal,1,val,600546,1,0.644948
M_temporal,1,val,607482,1,0.5723143
M_temporal,1,val,608068,1,0.792852
M_temporal,1,val,612154,0,0.6711066
M_temporal,1,val,615631,1,0.8330785
M_temporal,1,val,624977,0,0.7023404
M_temporal,1,val,626615,0,0.5487133
M_temporal,1,val,631543,1,0.67762893
M_temporal,1,val,643466,1,0.7569456
M_temporal,1,val,644043,1,0.7635286
M_temporal,1,val,646681,1,0.6550324
M_temporal,1,val,646867,1,0.6881577
M_temporal,1,val,656122,1,0.6264899
M_temporal,1,val,660915,1,0.60520315
M_temporal,1,val,660938,1,0.63466525
M_temporal,1,val,663406,1,0.60404664
M_temporal,1,val,665029,1,0.5785388
M_temporal,1,val,671705,1,0.8103879
M_temporal,1,val,675008,1,0.68241125
M_temporal,1,val,677928,1,0.5663644
M_temporal,1,val,680963,0,0.6595421
M_temporal,1,val,681205,1,0.6461921
M_temporal,1,val,682914,1,0.5149649
M_temporal,1,val,684751,1,0.55186784
M_temporal,1,val,686482,1,0.67924875
M_temporal,1,val,687171,1,0.6115479
M_temporal,1,val,692458,1,0.6918188
M_temporal,1,val,697830,0,0.5557976
M_temporal,1,val,698653,1,0.76511407
M_temporal,1,val,702801,0,0.5542554
M_temporal,1,val,703629,1,0.57778114
M_temporal,1,val,703834,1,0.72658616
M_temporal,1,val,706141,1,0.59740096
M_temporal,1,val,706908,0,0.5389479
M_temporal,1,val,712016,1,0.68684226
M_temporal,1,val,713284,0,0.612103
M_temporal,1,val,714078,0,0.62091124
M_temporal,1,val,714644,1,0.5704322
M_temporal,1,val,714764,0,0.66459113
M_temporal,1,val,714952,1,0.61090994
M_temporal,1,val,726126,0,0.6906192
M_temporal,1,val,731117,1,0.7679374
M_temporal,1,val,739116,1,0.6922984
M_temporal,1,val,739674,0,0.6106341
M_temporal,1,val,743852,1,0.5070909
M_temporal,1,val,744145,0,0.7431754
M_temporal,1,val,745489,1,0.5638356
M_temporal,1,val,749211,0,0.5923448
M_temporal,1,val,759242,1,0.7379818
M_temporal,1,val,761233,1,0.68719196
M_temporal,1,val,762014,0,0.5872245
M_temporal,1,val,767236,0,0.46747935
M_temporal,1,val,769720,1,0.81789374
M_temporal,1,val,772900,0,0.63016397
M_temporal,1,val,777687,1,0.5828847
M_temporal,1,val,781139,0,0.5173459
M_temporal,1,val,783835,0,0.4705851
M_temporal,1,val,784920,1,0.57794005
M_temporal,1,val,791392,1,0.6069542
M_temporal,1,val,792243,0,0.6099417
M_temporal,1,val,793601,0,0.6130563
M_temporal,1,val,793726,0,0.5876086
M_temporal,1,val,803606,1,0.625515
M_temporal,1,val,806286,0,0.54194045
M_temporal,1,val,808181,0,0.76597846
M_temporal,1,val,809234,1,0.54388916
M_temporal,1,val,810874,0,0.59622943
M_temporal,1,val,813871,1,0.67074734
M_temporal,1,val,820393,1,0.57602906
M_temporal,1,val,820729,1,0.5774357
M_temporal,1,val,821863,1,0.5247612
M_temporal,1,val,823325,0,0.5344555
M_temporal,1,val,824734,1,0.57799786
M_temporal,1,val,828427,0,0.62104905
M_temporal,1,val,835135,1,0.5864432
M_temporal,1,val,844964,0,0.71696377
M_temporal,1,val,850702,1,0.4699163
M_temporal,1,val,853023,1,0.65563947
M_temporal,1,val,865733,1,0.5199465
M_temporal,1,val,868368,1,0.70350647
M_temporal,1,val,870739,1,0.70799994
M_temporal,1,val,878491,1,0.63863134
M_temporal,1,val,885157,1,0.6798966
M_temporal,1,val,885222,0,0.650945
M_temporal,1,val,888866,0,0.7911182
M_temporal,1,val,892998,0,0.60731447
M_temporal,1,val,924232,0,0.6428975
M_temporal,1,val,936352,0,0.5350961
M_temporal,1,val,944965,1,0.6116136
M_temporal,1,val,951246,0,0.6539449
M_temporal,1,val,951846,0,0.7137733
M_temporal,1,val,958048,1,0.6822488
M_temporal,1,val,959155,0,0.58592206
M_temporal,1,val,960726,0,0.5998393
M_temporal,1,val,968652,1,0.60909605
M_temporal,1,val,969827,0,0.47778052
M_temporal,1,val,972980,1,0.49112526
M_temporal,1,val,975913,0,0.6742149
M_temporal,1,val,976696,0,0.54615384
M_temporal,1,val,981850,1,0.6560894
M_temporal,1,val,982055,0,0.45265922
M_temporal,1,val,983916,1,0.49296832
M_temporal,1,val,984568,1,0.6878649
M_temporal,1,val,986315,1,0.5717015
M_temporal,1,val,987657,1,0.83499336
M_temporal,1,val,989331,1,0.6102371
M_temporal,1,val,991837,1,0.59492713
M_temporal,1,val,997176,0,0.4924463
M_temporal,1,val,1000310,1,0.5975781
M_temporal,1,val,1005095,1,0.814726
M_temporal,1,val,1012389,0,0.6107771
M_temporal,1,val,1017244,1,0.5753781
M_temporal,1,val,1017640,1,0.66309583
M_temporal,1,val,1036745,1,0.6306769
M_temporal,1,val,1043429,1,0.57357275
M_temporal,1,val,1048580,1,0.6280165
M_temporal,1,val,1049831,0,0.6087127
M_temporal,1,val,1057350,0,0.5422631
M_temporal,1,val,1062410,1,0.5967978
M_temporal,1,val,1067041,1,0.7449813
M_temporal,1,val,1067592,1,0.65198547
M_temporal,1,val,1069432,1,0.5684783
M_temporal,1,val,1070777,1,0.6877699
M_temporal,1,val,1071966,1,0.4502517
M_temporal,1,val,1072395,1,0.68990684
M_temporal,1,val,1075228,1,0.7102796
M_temporal,1,val,1075447,1,0.6713228
M_temporal,1,val,1076650,1,0.58264023
M_temporal,1,val,1079219,0,0.5802322
M_temporal,1,val,1079586,0,0.6364862
M_temporal,1,val,1081383,0,0.69331485
M_temporal,1,val,1081426,1,0.5795433
M_temporal,1,val,1082124,1,0.42619222
M_temporal,1,val,1082765,1,0.6077365
M_temporal,1,val,1083817,1,0.60036623
M_temporal,1,val,1084214,1,0.5654226
M_temporal,1,val,1085709,1,0.6814489
M_temporal,1,val,1086850,0,0.7332049
M_temporal,1,val,1088707,1,0.67097276
M_temporal,1,val,1088918,1,0.6351749
M_temporal,1,val,1089172,1,0.6750498
M_temporal,1,val,1089175,1,0.60456073
M_temporal,1,val,1091343,0,0.5992
M_temporal,1,val,1092437,1,0.58035964
M_temporal,1,val,1092557,0,0.6711485
M_temporal,1,val,1092783,1,0.6701829
M_temporal,1,val,1092889,1,0.6807156
M_temporal,1,val,1093743,0,0.48927313
M_temporal,1,val,1094011,1,0.7686771
M_temporal,1,val,1094030,1,0.44771895
M_temporal,1,val,1094046,1,0.6302789
M_temporal,1,val,1095642,1,0.5343817
M_temporal,1,val,1095841,1,0.61395323
M_temporal,1,val,1096276,0,0.5893365
M_temporal,1,val,1096586,0,0.6385776
M_temporal,1,val,1096850,1,0.6466008
M_temporal,1,val,1097316,1,0.6135572
M_temporal,1,val,1098204,1,0.75117373
M_temporal,1,val,1098855,1,0.5179069
M_temporal,1,val,1099234,1,0.64218706
M_temporal,1,val,1099660,1,0.6169322
M_temporal,1,val,1103054,0,0.56891227
M_temporal,1,val,1103087,1,0.6249819
M_temporal,1,val,1103360,1,0.5272159
M_temporal,1,val,1104012,1,0.76231796
M_temporal,1,val,1104452,1,0.68783545
M_temporal,1,val,1104470,1,0.708741
M_temporal,1,val,1105078,1,0.58122027
M_temporal,1,val,1105241,0,0.55760944
M_temporal,1,val,1105345,0,0.6433443
M_temporal,1,val,1105733,1,0.58636963
M_temporal,1,val,1105916,1,0.6153368
M_temporal,1,val,1107291,0,0.53304976
M_temporal,1,val,1108050,1,0.7309828
M_temporal,1,val,1109299,1,0.74069333
M_temporal,1,val,1110598,0,0.5778286
M_temporal,1,val,1112425,1,0.54829395
M_temporal,1,val,1112465,1,0.5375265
M_temporal,1,val,1113133,0,0.54056484
M_temporal,1,val,1113237,1,0.64945865
M_temporal,1,val,1113756,1,0.63761145
M_temporal,1,val,1113808,0,0.48646683
M_temporal,1,val,1113857,0,0.68135434
M_temporal,1,val,1115247,0,0.64131063
M_temporal,1,val,1115335,1,0.6752059
M_temporal,1,val,1115427,1,0.52382183
M_temporal,1,val,1116144,1,0.65727764
M_temporal,1,val,1116363,0,0.6490686
M_temporal,1,val,1116440,0,0.7605603
M_temporal,1,val,1116580,1,0.77019143
M_temporal,1,val,1116601,0,0.5749326
M_temporal,1,val,1116790,0,0.69713604
M_temporal,1,val,1118641,0,0.5718154
M_temporal,1,val,1118849,1,0.5220352
M_temporal,1,val,1119647,1,0.50050217
M_temporal,1,val,1119855,0,0.6530827
M_temporal,1,val,1120120,0,0.5547431
M_temporal,1,val,1120692,1,0.63892776
M_temporal,1,val,1120869,0,0.5567879
M_temporal,1,val,1122513,1,0.5899664
M_temporal,1,val,1122658,1,0.9650183
M_temporal,1,val,1123222,1,0.55638343
M_temporal,1,val,1123500,1,0.5124804
M_temporal,1,val,1124034,1,0.6198424
M_temporal,1,val,1124658,0,0.48865166
M_temporal,1,val,1124894,1,0.60201293
M_temporal,1,val,1125163,1,0.62128955
M_temporal,1,val,1125748,1,0.6240317
M_temporal,1,val,1126857,1,0.62425655
M_temporal,1,val,1128467,1,0.7552855
M_temporal,1,val,1128618,1,0.75214815
M_temporal,1,val,1129029,0,0.5737475
M_temporal,1,val,1129401,1,0.65170854
M_temporal,1,val,1129979,1,0.63277197
M_temporal,1,val,1130043,1,0.87086946
M_temporal,1,val,1130533,1,0.56571406
M_temporal,1,val,1130756,1,0.7148316
M_temporal,1,val,1131355,1,0.48005712
M_temporal,1,val,1131386,1,0.55141973
M_temporal,1,val,1131656,1,0.6796984
M_temporal,1,val,1132010,0,0.64006317
M_temporal,1,val,1135241,0,0.5765394
M_temporal,1,val,1135703,1,0.76114714
M_temporal,1,val,1136279,0,0.76559293
M_temporal,1,val,1136310,1,0.7612191
M_temporal,1,val,1136723,0,0.60803384
M_temporal,1,val,1137555,1,0.76569796
M_temporal,1,val,1137589,1,0.5742298
M_temporal,1,val,1138091,1,0.48311114
M_temporal,1,val,1138321,1,0.6369726
M_temporal,1,val,1138374,0,0.5375643
M_temporal,1,val,1138670,1,0.54974544
M_temporal,1,val,1138870,1,0.60566384
M_temporal,1,val,1139275,1,0.73992795
M_temporal,1,val,1140109,1,0.6892299
M_temporal,1,val,1140316,1,0.7319059
M_temporal,1,val,1141936,1,0.83750385
M_temporal,1,val,1142089,1,0.8184209
M_temporal,1,val,1142188,1,0.5717146
M_temporal,1,val,1142355,0,0.5670256
M_temporal,1,val,1142724,0,0.70556176
M_temporal,1,val,1143869,0,0.6311415
M_temporal,1,val,1144198,1,0.68652004
M_temporal,1,val,1144734,1,0.6766795
M_temporal,1,val,1144792,0,0.7099482
M_temporal,1,val,1145284,1,0.7523543
M_temporal,1,val,1145959,1,0.5706738
M_temporal,1,val,1145969,1,0.5609159
M_temporal,1,val,1146989,0,0.63482237
M_temporal,1,val,1147155,1,0.49609625
M_temporal,1,val,1147302,0,0.5334112
M_temporal,1,val,1147838,0,0.6807829
M_temporal,1,val,1148110,0,0.68048793
M_temporal,1,val,1148113,1,0.604376
M_temporal,1,val,1148332,1,0.68524927
M_temporal,1,val,1148376,1,0.5332191
M_temporal,1,val,1149831,1,0.58173996
M_temporal,1,val,1149916,1,0.5221863
M_temporal,1,val,1150067,1,0.5527982
M_temporal,1,val,1151454,0,0.54423964
M_temporal,1,val,1151510,0,0.4062202
M_temporal,1,val,1151569,1,0.6802837
M_temporal,1,val,1151818,0,0.52281666
M_temporal,1,val,1151994,1,0.6741
M_temporal,1,val,1152380,1,0.64110786
M_temporal,1,val,1152700,1,0.6417946
M_temporal,1,val,1152708,1,0.66909343
M_temporal,1,val,1152877,0,0.77140033
M_temporal,1,val,1153023,1,0.706799
M_temporal,1,val,1153155,1,0.6971131
M_temporal,1,val,1153931,1,0.70724577
M_temporal,1,val,1154574,1,0.6290835
M_temporal,1,val,1155176,1,0.65680534
M_temporal,1,val,1157142,1,0.7212634
M_temporal,1,val,1206010,0,0.72236454
M_temporal,1,val,1206257,1,0.5093419
M_temporal,1,val,1206334,0,0.7411852
M_temporal,1,val,1207181,0,0.75171757
M_temporal,1,val,1207207,1,0.647644
M_temporal,1,val,1207367,1,0.5708371
M_temporal,1,val,1207384,1,0.55716056
M_temporal,1,val,1207464,1,0.8055135
M_temporal,1,val,1208159,1,0.5714817
M_temporal,1,val,1208290,1,0.6177918
M_temporal,1,val,1208422,1,0.7435271
M_temporal,1,val,1208544,0,0.49673837
M_temporal,1,val,1208870,1,0.64613867
M_temporal,1,val,1209034,1,0.5451443
M_temporal,1,val,1209229,0,0.69778556
M_temporal,1,val,1209908,0,0.6907816
M_temporal,1,val,1210816,1,0.53256977
M_temporal,1,val,1212290,1,0.72824025
M_temporal,1,val,1212738,1,0.8406207
M_temporal,1,val,1213667,0,0.53948087
M_temporal,1,val,1213716,1,0.6583463
M_temporal,1,val,1213978,0,0.70113105
M_temporal,1,val,1214063,1,0.6375499
M_temporal,1,val,1214597,1,0.67222446
M_temporal,1,val,1215070,1,0.6792828
M_temporal,1,val,1215132,0,0.5638819
M_temporal,1,val,1215420,1,0.662536
M_temporal,1,val,1215921,1,0.69036573
M_temporal,1,val,1216025,0,0.5790949
M_temporal,1,val,1216145,0,0.7949818
M_temporal,1,val,1216188,0,0.53509045
M_temporal,1,val,1216704,1,0.7492646
M_temporal,1,val,1216841,0,0.6944388
M_temporal,1,val,1216904,0,0.71387154
M_temporal,1,val,1217573,1,0.6582868
M_temporal,1,val,1217635,1,0.654216
M_temporal,1,val,1217948,1,0.5616881
M_temporal,1,val,1218059,1,0.68265456
M_temporal,1,val,1218235,1,0.6175003
M_temporal,1,val,1218421,1,0.73289114
M_temporal,1,val,1218554,1,0.62419075
M_temporal,1,val,1218726,1,0.7045975
M_temporal,1,val,1219254,0,0.7181965
M_temporal,1,val,1219802,1,0.6974273
M_temporal,1,val,1219877,1,0.6225015
M_temporal,1,val,1219890,1,0.67686284
M_temporal,1,val,1219897,1,0.6234826
M_temporal,1,val,1219949,0,0.5600402
M_temporal,1,val,1220037,1,0.673502
M_temporal,1,val,1220386,0,0.626564
M_temporal,1,val,1220475,0,0.598492
M_temporal,1,val,1220832,0,0.682184
M_temporal,1,val,1221118,0,0.69671047
M_temporal,1,val,1221764,1,0.7762313
M_temporal,1,val,1222028,1,0.7071235
M_temporal,1,val,1223017,1,0.6879174
M_temporal,1,val,1223383,1,0.81296885
M_temporal,1,val,1224353,0,0.64100957
M_temporal,1,val,1224371,1,0.5939829
M_temporal,1,val,1224500,1,0.57495415
M_temporal,1,val,1225046,0,0.61485744
M_temporal,1,val,1225309,1,0.66841704
M_temporal,1,val,1225334,0,0.7353915
M_temporal,1,val,1225388,0,0.75843453
M_temporal,1,val,1225500,0,0.6724262
M_temporal,1,val,1225758,1,0.74372566
M_temporal,1,val,1226509,1,0.60286576
M_temporal,1,val,1227545,1,0.82853234
M_temporal,1,val,1227597,0,0.71882814
M_temporal,1,val,1227765,1,0.4902615
M_temporal,1,val,1227804,0,0.6666154
M_temporal,1,val,1228018,1,0.60871226
M_temporal,1,val,1228461,1,0.6896935
M_temporal,1,val,1229605,0,0.83810246
M_temporal,1,val,1229991,0,0.66741246
M_temporal,1,val,1230721,1,0.6343241
M_temporal,1,val,1230968,1,0.7215884
M_temporal,1,val,1231044,1,0.57640284
M_temporal,1,val,1231253,0,0.6105704
M_temporal,1,val,1231339,0,0.66353
M_temporal,1,val,1231343,1,0.8174721
M_temporal,1,val,1231928,1,0.7201648
M_temporal,1,val,1232006,1,0.60700965
M_temporal,1,val,1232033,0,0.48685277
M_temporal,1,val,1232296,1,0.5918715
M_temporal,1,val,1233154,1,0.5746244
M_temporal,1,val,1233203,1,0.7193805
M_temporal,1,val,1233369,0,0.5922578
M_temporal,1,val,1233621,0,0.6950425
M_temporal,1,val,1233632,1,0.7406817
M_temporal,1,val,1234472,1,0.61359954
M_temporal,1,val,1234672,0,0.63441765
M_temporal,1,val,1234804,1,0.6392096
M_temporal,1,val,1235172,0,0.60952735
M_temporal,1,val,1235777,1,0.78948826
M_temporal,1,val,1235863,1,0.6416679
M_temporal,1,val,1235882,0,0.5760528
M_temporal,1,val,1236187,0,0.6240397
M_temporal,1,val,1237352,1,0.8240611
M_temporal,1,val,1237367,1,0.527068
M_temporal,1,val,1237861,0,0.63395035
M_temporal,1,val,1237964,0,0.76603025
M_temporal,1,val,1238200,1,0.72405416
M_temporal,1,val,1238203,1,0.69302803
M_temporal,1,val,1238287,0,0.7066292
M_temporal,1,val,1238298,1,0.7797141
M_temporal,1,val,1238523,1,0.70535874
M_temporal,1,val,1238594,0,0.62347776
M_temporal,1,val,1238864,1,0.6237434
M_temporal,1,val,1238917,0,0.769053
M_temporal,1,val,1239127,0,0.58526194
M_temporal,1,val,1239377,1,0.54195225
M_temporal,1,val,1239474,1,0.79560125
M_temporal,1,val,1239881,1,0.5424033
M_temporal,1,val,1240209,1,0.57957673
M_temporal,1,val,1240705,1,0.5462363
M_temporal,1,val,1240951,0,0.6639584
M_temporal,1,val,1241625,0,0.6657514
M_temporal,1,val,1242009,1,0.5037776
M_temporal,1,val,1242135,0,0.52854556
M_temporal,1,val,1242264,0,0.5555663
M_temporal,1,val,1242338,1,0.7020394
M_temporal,1,val,1242381,0,0.59464115
M_temporal,1,val,1242501,1,0.63047534
M_temporal,1,val,1242645,0,0.78972936
M_temporal,1,val,1242725,1,0.6868399
M_temporal,1,val,1242755,0,0.78233075
M_temporal,1,val,1242835,1,0.8070943
M_temporal,1,val,1243045,0,0.4902931
M_temporal,1,val,1243514,1,0.63761604
M_temporal,1,val,1243838,0,0.7219284
M_temporal,1,val,1243993,0,0.6766454
M_temporal,1,val,1244606,1,0.69247466
M_temporal,1,val,1246490,1,0.7863401
M_temporal,1,val,1246508,0,0.5163122
M_temporal,1,test,1922,1,0.5305799
M_temporal,1,test,12246,1,0.6486519
M_temporal,1,test,16787,0,0.6086371
M_temporal,1,test,19126,1,0.634444
M_temporal,1,test,34428,0,0.4639572
M_temporal,1,test,42331,1,0.7769758
M_temporal,1,test,44366,1,0.5365573
M_temporal,1,test,47250,1,0.5464231
M_temporal,1,test,48545,0,0.6870756
M_temporal,1,test,54142,1,0.6740299
M_temporal,1,test,61752,1,0.5558946
M_temporal,1,test,62606,1,0.5282985
M_temporal,1,test,66226,1,0.5893885
M_temporal,1,test,66381,1,0.7955297
M_temporal,1,test,68648,0,0.568496
M_temporal,1,test,70147,0,0.76175463
M_temporal,1,test,72035,0,0.61287874
M_temporal,1,test,73899,1,0.7147386
M_temporal,1,test,88483,1,0.704149
M_temporal,1,test,96757,1,0.7295962
M_temporal,1,test,97998,0,0.6086874
M_temporal,1,test,102708,1,0.62127
M_temporal,1,test,105271,1,0.62933475
M_temporal,1,test,114318,1,0.670823
M_temporal,1,test,120088,1,0.6723029
M_temporal,1,test,127579,0,0.4678059
M_temporal,1,test,129407,1,0.74701613
M_temporal,1,test,131155,1,0.64183533
M_temporal,1,test,136645,1,0.7216716
M_temporal,1,test,139145,1,0.5890482
M_temporal,1,test,141620,1,0.6494692
M_temporal,1,test,147228,1,0.4582454
M_temporal,1,test,156299,1,0.52224827
M_temporal,1,test,156996,1,0.5923831
M_temporal,1,test,157449,1,0.86997515
M_temporal,1,test,157463,1,0.55157804
M_temporal,1,test,161593,1,0.49336714
M_temporal,1,test,163659,1,0.5734913
M_temporal,1,test,167183,1,0.52597386
M_temporal,1,test,169457,0,0.5610886
M_temporal,1,test,171896,1,0.487183
M_temporal,1,test,172578,1,0.5215592
M_temporal,1,test,181466,0,0.86697954
M_temporal,1,test,184874,1,0.7638556
M_temporal,1,test,186379,1,0.6252176
M_temporal,1,test,190049,1,0.6529191
M_temporal,1,test,190176,0,0.5473929
M_temporal,1,test,190187,0,0.65008193
M_temporal,1,test,191335,0,0.6321899
M_temporal,1,test,200131,1,0.6769679
M_temporal,1,test,200858,1,0.5421778
M_temporal,1,test,203461,1,0.61711323
M_temporal,1,test,208652,1,0.67532176
M_temporal,1,test,216287,0,0.62867826
M_temporal,1,test,218529,1,0.61373466
M_temporal,1,test,223651,1,0.58263683
M_temporal,1,test,228543,1,0.6589069
M_temporal,1,test,238407,0,0.4264488
M_temporal,1,test,258335,0,0.47081167
M_temporal,1,test,278134,1,0.712041
M_temporal,1,test,278836,1,0.5860068
M_temporal,1,test,280705,0,0.55555797
M_temporal,1,test,284088,0,0.64789027
M_temporal,1,test,290944,0,0.5044155
M_temporal,1,test,293205,0,0.5488851
M_temporal,1,test,295284,0,0.6390267
M_temporal,1,test,298058,1,0.6604784
M_temporal,1,test,312434,1,0.5818999
M_temporal,1,test,312810,1,0.65134925
M_temporal,1,test,318640,1,0.5932864
M_temporal,1,test,319549,1,0.71785295
M_temporal,1,test,320867,1,0.5097671
M_temporal,1,test,321989,1,0.77645385
M_temporal,1,test,323320,0,0.57798374
M_temporal,1,test,323939,0,0.46258157
M_temporal,1,test,335240,0,0.43994653
M_temporal,1,test,335955,1,0.6170749
M_temporal,1,test,338312,1,0.44595543
M_temporal,1,test,348589,1,0.6758268
M_temporal,1,test,351101,1,0.5389784
M_temporal,1,test,353336,1,0.59446996
M_temporal,1,test,358239,1,0.64255977
M_temporal,1,test,360745,1,0.8351546
M_temporal,1,test,374203,0,0.5385374
M_temporal,1,test,375294,1,0.51483417
M_temporal,1,test,380225,1,0.61345047
M_temporal,1,test,402720,1,0.54459405
M_temporal,1,test,405843,1,0.6995073
M_temporal,1,test,408105,0,0.5539715
M_temporal,1,test,419138,0,0.6179389
M_temporal,1,test,433303,1,0.6961338
M_temporal,1,test,433686,1,0.6030964
M_temporal,1,test,442797,1,0.54260427
M_temporal,1,test,443207,1,0.69003665
M_temporal,1,test,443610,0,0.69502485
M_temporal,1,test,444203,0,0.5000687
M_temporal,1,test,445545,1,0.6403887
M_temporal,1,test,450155,1,0.79092956
M_temporal,1,test,451844,1,0.69087064
M_temporal,1,test,460422,1,0.5926505
M_temporal,1,test,460580,1,0.6637174
M_temporal,1,test,461946,1,0.57748264
M_temporal,1,test,463375,1,0.5805055
M_temporal,1,test,465489,0,0.5864996
M_temporal,1,test,466437,1,0.64415526
M_temporal,1,test,468086,1,0.7004802
M_temporal,1,test,468548,1,0.6017013
M_temporal,1,test,474601,1,0.57783896
M_temporal,1,test,477779,1,0.51102203
M_temporal,1,test,479811,0,0.5783212
M_temporal,1,test,480021,0,0.6779004
M_temporal,1,test,480598,1,0.646439
M_temporal,1,test,484238,1,0.67931265
M_temporal,1,test,486892,0,0.65482545
M_temporal,1,test,488934,0,0.6937986
M_temporal,1,test,498363,1,0.6895663
M_temporal,1,test,507011,1,0.7048413
M_temporal,1,test,510372,1,0.65796864
M_temporal,1,test,511018,0,0.5411857
M_temporal,1,test,512053,1,0.68697613
M_temporal,1,test,517848,1,0.682424
M_temporal,1,test,520621,1,0.68260425
M_temporal,1,test,525300,1,0.4885503
M_temporal,1,test,532533,1,0.6845461
M_temporal,1,test,537472,1,0.531056
M_temporal,1,test,544153,1,0.5742864
M_temporal,1,test,544425,0,0.5985115
M_temporal,1,test,544864,1,0.6339824
M_temporal,1,test,550892,1,0.63284713
M_temporal,1,test,552901,1,0.6146254
M_temporal,1,test,554960,0,0.7332611
M_temporal,1,test,555492,0,0.5656672
M_temporal,1,test,559178,1,0.71563834
M_temporal,1,test,566285,1,0.61472416
M_temporal,1,test,567847,1,0.7440317
M_temporal,1,test,569789,0,0.50564384
M_temporal,1,test,573425,1,0.73399043
M_temporal,1,test,586109,0,0.70118165
M_temporal,1,test,589139,1,0.60132533
M_temporal,1,test,592431,1,0.64647484
M_temporal,1,test,592548,0,0.6374181
M_temporal,1,test,595609,1,0.51325357
M_temporal,1,test,599396,0,0.5478096
M_temporal,1,test,618335,1,0.5071764
M_temporal,1,test,619649,1,0.65408283
M_temporal,1,test,624010,0,0.67467904
M_temporal,1,test,624692,1,0.6954918
M_temporal,1,test,627036,1,0.71289444
M_temporal,1,test,629729,1,0.6960099
M_temporal,1,test,644299,1,0.6633792
M_temporal,1,test,644744,1,0.77688354
M_temporal,1,test,649217,1,0.53039926
M_temporal,1,test,649863,1,0.70089835
M_temporal,1,test,655410,1,0.8199725
M_temporal,1,test,660061,1,0.6287939
M_temporal,1,test,661193,0,0.6403455
M_temporal,1,test,672172,1,0.552669
M_temporal,1,test,675660,0,0.54381764
M_temporal,1,test,675907,0,0.6551002
M_temporal,1,test,678681,1,0.58836025
M_temporal,1,test,683148,1,0.60961795
M_temporal,1,test,687290,0,0.7131911
M_temporal,1,test,690734,0,0.50049186
M_temporal,1,test,697961,1,0.6668428
M_temporal,1,test,698579,1,0.56241274
M_temporal,1,test,700550,1,0.6245966
M_temporal,1,test,704059,0,0.5421035
M_temporal,1,test,709192,0,0.5527129
M_temporal,1,test,711782,1,0.5882625
M_temporal,1,test,718140,0,0.74605024
M_temporal,1,test,718508,1,0.53560305
M_temporal,1,test,719050,0,0.438223
M_temporal,1,test,725470,0,0.53470117
M_temporal,1,test,726612,1,0.6095208
M_temporal,1,test,727266,1,0.58190596
M_temporal,1,test,738172,0,0.55143493
M_temporal,1,test,742847,0,0.7204496
M_temporal,1,test,747710,0,0.64215
M_temporal,1,test,750827,0,0.6217392
M_temporal,1,test,750881,0,0.4759258
M_temporal,1,test,752967,1,0.58701694
M_temporal,1,test,754586,1,0.54554063
M_temporal,1,test,755156,1,0.64733833
M_temporal,1,test,755294,1,0.62310624
M_temporal,1,test,760561,0,0.59566474
M_temporal,1,test,765027,1,0.56121534
M_temporal,1,test,765473,1,0.62931395
M_temporal,1,test,765954,0,0.5569855
M_temporal,1,test,774678,1,0.68543035
M_temporal,1,test,777118,1,0.78316236
M_temporal,1,test,779240,0,0.8293632
M_temporal,1,test,781445,0,0.60134315
M_temporal,1,test,789824,0,0.5483608
M_temporal,1,test,806762,0,0.43023863
M_temporal,1,test,809238,0,0.6668974
M_temporal,1,test,822633,1,0.6473862
M_temporal,1,test,825913,1,0.73103994
M_temporal,1,test,828057,0,0.59738076
M_temporal,1,test,829142,1,0.7038055
M_temporal,1,test,829697,0,0.54138017
M_temporal,1,test,834515,0,0.64376104
M_temporal,1,test,835833,1,0.5947968
M_temporal,1,test,836571,0,0.58431697
M_temporal,1,test,841534,0,0.5382781
M_temporal,1,test,847036,1,0.6787668
M_temporal,1,test,848723,1,0.5890292
M_temporal,1,test,851816,0,0.6749337
M_temporal,1,test,854069,1,0.50347453
M_temporal,1,test,856302,0,0.60460025
M_temporal,1,test,859236,0,0.6472716
M_temporal,1,test,866895,0,0.7704699
M_temporal,1,test,867398,0,0.46730226
M_temporal,1,test,868318,0,0.4995759
M_temporal,1,test,875038,1,0.7585538
M_temporal,1,test,877486,1,0.59605485
M_temporal,1,test,880466,1,0.6051304
M_temporal,1,test,889657,1,0.718547
M_temporal,1,test,894409,1,0.53829896
M_temporal,1,test,899067,0,0.5204664
M_temporal,1,test,900762,1,0.63574123
M_temporal,1,test,941626,1,0.54545844
M_temporal,1,test,943672,1,0.63749224
M_temporal,1,test,947197,1,0.72448575
M_temporal,1,test,951465,0,0.6001679
M_temporal,1,test,951654,0,0.63292223
M_temporal,1,test,952219,0,0.58357966
M_temporal,1,test,954440,1,0.5434726
M_temporal,1,test,955669,0,0.7064285
M_temporal,1,test,956387,1,0.6471233
M_temporal,1,test,961563,0,0.43376398
M_temporal,1,test,961819,0,0.6222286
M_temporal,1,test,962660,1,0.57828194
M_temporal,1,test,963985,1,0.71226937
M_temporal,1,test,964462,0,0.5384375
M_temporal,1,test,970464,1,0.6030709
M_temporal,1,test,972111,0,0.74496657
M_temporal,1,test,979369,1,0.5250522
M_temporal,1,test,979917,1,0.71530604
M_temporal,1,test,979941,0,0.60766876
M_temporal,1,test,980697,0,0.5705379
M_temporal,1,test,982817,0,0.61389786
M_temporal,1,test,984065,0,0.53594434
M_temporal,1,test,986074,1,0.6138734
M_temporal,1,test,986844,1,0.68284625
M_temporal,1,test,987078,1,0.57139826
M_temporal,1,test,987267,1,0.590937
M_temporal,1,test,989755,1,0.5903867
M_temporal,1,test,991790,1,0.6728529
M_temporal,1,test,993602,1,0.6472286
M_temporal,1,test,994160,1,0.6136432
M_temporal,1,test,1002373,1,0.63696164
M_temporal,1,test,1005171,1,0.63152903
M_temporal,1,test,1006489,0,0.56924516
M_temporal,1,test,1008354,0,0.54144144
M_temporal,1,test,1009347,1,0.64461225
M_temporal,1,test,1020322,0,0.5067214
M_temporal,1,test,1029192,1,0.7414696
M_temporal,1,test,1029373,1,0.8250675
M_temporal,1,test,1030940,1,0.5175059
M_temporal,1,test,1046104,0,0.58857244
M_temporal,1,test,1051850,0,0.5990385
M_temporal,1,test,1054838,0,0.67429316
M_temporal,1,test,1064446,1,0.7757702
M_temporal,1,test,1065288,0,0.58900946
M_temporal,1,test,1066534,1,0.47291434
M_temporal,1,test,1067406,1,0.6129775
M_temporal,1,test,1069689,1,0.63245606
M_temporal,1,test,1070472,0,0.6477379
M_temporal,1,test,1073839,0,0.54762787
M_temporal,1,test,1074094,1,0.66163343
M_temporal,1,test,1074306,1,0.4857995
M_temporal,1,test,1074427,1,0.579864
M_temporal,1,test,1074527,1,0.589253
M_temporal,1,test,1074753,0,0.6475396
M_temporal,1,test,1075557,1,0.50014806
M_temporal,1,test,1075699,1,0.55683506
M_temporal,1,test,1077703,1,0.55737454
M_temporal,1,test,1078392,1,0.57311296
M_temporal,1,test,1078893,0,0.62685895
M_temporal,1,test,1079527,1,0.54809463
M_temporal,1,test,1080214,1,0.60933256
M_temporal,1,test,1080366,1,0.5259611
M_temporal,1,test,1080979,1,0.47469878
M_temporal,1,test,1081798,0,0.6216851
M_temporal,1,test,1082641,0,0.53068453
M_temporal,1,test,1082739,1,0.79106665
M_temporal,1,test,1084185,0,0.5981674
M_temporal,1,test,1084364,1,0.6398564
M_temporal,1,test,1084497,1,0.610614
M_temporal,1,test,1085496,1,0.8826978
M_temporal,1,test,1085579,1,0.55613184
M_temporal,1,test,1085896,1,0.7810308
M_temporal,1,test,1086657,1,0.6332247
M_temporal,1,test,1086770,1,0.5692724
M_temporal,1,test,1086991,0,0.56591547
M_temporal,1,test,1087295,1,0.72471887
M_temporal,1,test,1089310,0,0.6877407
M_temporal,1,test,1090388,1,0.60301435
M_temporal,1,test,1090438,1,0.69055986
M_temporal,1,test,1091071,1,0.79543483
M_temporal,1,test,1091585,0,0.48370558
M_temporal,1,test,1092068,0,0.69279873
M_temporal,1,test,1093139,0,0.5932146
M_temporal,1,test,1093401,1,0.56804556
M_temporal,1,test,1094060,1,0.6591691
M_temporal,1,test,1094259,1,0.4794011
M_temporal,1,test,1096111,1,0.794624
M_temporal,1,test,1096858,1,0.63094854
M_temporal,1,test,1097215,1,0.4110434
M_temporal,1,test,1097324,1,0.79717934
M_temporal,1,test,1099078,1,0.623728
M_temporal,1,test,1100516,0,0.6210579
M_temporal,1,test,1100923,1,0.55057526
M_temporal,1,test,1103063,0,0.6196054
M_temporal,1,test,1104405,1,0.6825511
M_temporal,1,test,1104599,1,0.62010187
M_temporal,1,test,1104649,1,0.6100077
M_temporal,1,test,1105176,1,0.665899
M_temporal,1,test,1105837,1,0.6291333
M_temporal,1,test,1105913,1,0.69649905
M_temporal,1,test,1105922,1,0.838809
M_temporal,1,test,1106300,1,0.5379661
M_temporal,1,test,1107147,1,0.7216271
M_temporal,1,test,1107631,1,0.8372438
M_temporal,1,test,1109275,1,0.5850215
M_temporal,1,test,1109329,1,0.73380363
M_temporal,1,test,1109526,1,0.6836233
M_temporal,1,test,1109829,1,0.65304834
M_temporal,1,test,1111153,0,0.727718
M_temporal,1,test,1111157,0,0.5906816
M_temporal,1,test,1111471,1,0.7489618
M_temporal,1,test,1112111,1,0.5682785
M_temporal,1,test,1113214,0,0.7435903
M_temporal,1,test,1115227,1,0.5054521
M_temporal,1,test,1115322,1,0.6620483
M_temporal,1,test,1115713,1,0.67574394
M_temporal,1,test,1117370,1,0.796209
M_temporal,1,test,1117921,1,0.73342335
M_temporal,1,test,1117975,1,0.76844126
M_temporal,1,test,1118291,0,0.52970475
M_temporal,1,test,1118436,1,0.66702706
M_temporal,1,test,1118652,0,0.6385753
M_temporal,1,test,1119012,1,0.744102
M_temporal,1,test,1119591,1,0.8032268
M_temporal,1,test,1119652,1,0.61441684
M_temporal,1,test,1119930,1,0.6253774
M_temporal,1,test,1120326,1,0.6299932
M_temporal,1,test,1120775,1,0.57948625
M_temporal,1,test,1120955,0,0.6615833
M_temporal,1,test,1121493,0,0.5305526
M_temporal,1,test,1121705,1,0.83258396
M_temporal,1,test,1121926,1,0.6857384
M_temporal,1,test,1122956,1,0.679922
M_temporal,1,test,1122990,1,0.62528497
M_temporal,1,test,1123350,1,0.7362403
M_temporal,1,test,1123551,0,0.55692405
M_temporal,1,test,1124329,1,0.7684439
M_temporal,1,test,1124330,0,0.62563694
M_temporal,1,test,1124561,0,0.6391275
M_temporal,1,test,1125348,0,0.6548113
M_temporal,1,test,1125785,1,0.63835245
M_temporal,1,test,1126146,0,0.6928222
M_temporal,1,test,1126656,0,0.42667282
M_temporal,1,test,1127029,0,0.7731432
M_temporal,1,test,1127560,1,0.7149781
M_temporal,1,test,1129053,1,0.5934802
M_temporal,1,test,1129961,0,0.6429153
M_temporal,1,test,1130161,1,0.61474127
M_temporal,1,test,1131297,0,0.55919325
M_temporal,1,test,1131833,1,0.5001487
M_temporal,1,test,1134339,0,0.5360708
M_temporal,1,test,1134855,0,0.48877645
M_temporal,1,test,1134927,1,0.42850867
M_temporal,1,test,1135587,1,0.80203474
M_temporal,1,test,1135796,1,0.5116124
M_temporal,1,test,1136524,0,0.47420943
M_temporal,1,test,1136946,0,0.62279093
M_temporal,1,test,1137506,0,0.7429564
M_temporal,1,test,1137818,1,0.67242527
M_temporal,1,test,1138108,1,0.65105945
M_temporal,1,test,1139233,1,0.59225893
M_temporal,1,test,1139249,1,0.705716
M_temporal,1,test,1139409,1,0.58674955
M_temporal,1,test,1139795,0,0.5529919
M_temporal,1,test,1142126,0,0.8611776
M_temporal,1,test,1142643,1,0.5477265
M_temporal,1,test,1142753,1,0.6272892
M_temporal,1,test,1143415,1,0.6906725
M_temporal,1,test,1143550,1,0.7581632
M_temporal,1,test,1144210,1,0.8388328
M_temporal,1,test,1144260,0,0.61154616
M_temporal,1,test,1144465,1,0.589687
M_temporal,1,test,1144580,1,0.5745206
M_temporal,1,test,1144621,1,0.65554106
M_temporal,1,test,1144651,1,0.6884219
M_temporal,1,test,1145207,0,0.64779675
M_temporal,1,test,1145385,0,0.5974478
M_temporal,1,test,1146057,0,0.7472982
M_temporal,1,test,1146108,0,0.64227366
M_temporal,1,test,1146318,1,0.8088844
M_temporal,1,test,1146323,0,0.6101704
M_temporal,1,test,1146529,1,0.7992849
M_temporal,1,test,1146584,1,0.5851115
M_temporal,1,test,1146771,0,0.6425921
M_temporal,1,test,1146854,1,0.7800288
M_temporal,1,test,1147012,0,0.5670885
M_temporal,1,test,1147189,1,0.6147273
M_temporal,1,test,1148157,1,0.6068902
M_temporal,1,test,1148437,0,0.4371994
M_temporal,1,test,1150400,1,0.6131899
M_temporal,1,test,1151387,0,0.5875988
M_temporal,1,test,1151422,1,0.81237125
M_temporal,1,test,1151627,1,0.65124965
M_temporal,1,test,1151789,1,0.71285903
M_temporal,1,test,1152038,1,0.6887337
M_temporal,1,test,1152061,1,0.49627316
M_temporal,1,test,1152979,1,0.54787815
M_temporal,1,test,1153702,0,0.71225226
M_temporal,1,test,1153881,0,0.7239295
M_temporal,1,test,1154576,1,0.48885685
M_temporal,1,test,1155404,0,0.73722136
M_temporal,1,test,1155554,1,0.51353943
M_temporal,1,test,1155802,1,0.4851575
M_temporal,1,test,1157101,1,0.63276744
M_temporal,1,test,1157237,1,0.6979172
M_temporal,1,test,1157440,0,0.6815796
M_temporal,1,test,1158961,1,0.5880018
M_temporal,1,test,1206308,0,0.5890064
M_temporal,1,test,1206667,0,0.8307643
M_temporal,1,test,1206997,1,0.8980589
M_temporal,1,test,1207140,1,0.6564856
M_temporal,1,test,1207980,1,0.64514345
M_temporal,1,test,1208561,1,0.63300425
M_temporal,1,test,1209776,0,0.6360722
M_temporal,1,test,1209958,1,0.45452434
M_temporal,1,test,1210100,0,0.69440126
M_temporal,1,test,1210485,1,0.5589199
M_temporal,1,test,1210786,0,0.5696032
M_temporal,1,test,1211029,1,0.7953579
M_temporal,1,test,1211042,1,0.660625
M_temporal,1,test,1211177,1,0.72004366
M_temporal,1,test,1211297,1,0.7811379
M_temporal,1,test,1211505,1,0.5828403
M_temporal,1,test,1211778,0,0.6077214
M_temporal,1,test,1212217,1,0.79884243
M_temporal,1,test,1212354,0,0.48016736
M_temporal,1,test,1212394,1,0.58583266
M_temporal,1,test,1212451,0,0.50256675
M_temporal,1,test,1212582,1,0.6777416
M_temporal,1,test,1213121,1,0.63226783
M_temporal,1,test,1213130,1,0.5925587
M_temporal,1,test,1213344,1,0.75576377
M_temporal,1,test,1213929,1,0.68239933
M_temporal,1,test,1213974,0,0.49773258
M_temporal,1,test,1214144,0,0.6286613
M_temporal,1,test,1215381,0,0.5117005
M_temporal,1,test,1215388,0,0.6784328
M_temporal,1,test,1215586,0,0.63120544
M_temporal,1,test,1216036,1,0.5883685
M_temporal,1,test,1216045,1,0.68690705
M_temporal,1,test,1216223,1,0.48319715
M_temporal,1,test,1216691,1,0.65851504
M_temporal,1,test,1216776,1,0.66050285
M_temporal,1,test,1217051,1,0.8070761
M_temporal,1,test,1217243,1,0.6835249
M_temporal,1,test,1217708,0,0.5749636
M_temporal,1,test,1217769,1,0.684004
M_temporal,1,test,1218062,1,0.676518
M_temporal,1,test,1218110,0,0.6097485
M_temporal,1,test,1219634,1,0.6912981
M_temporal,1,test,1219898,1,0.771211
M_temporal,1,test,1219958,0,0.6440133
M_temporal,1,test,1220095,0,0.619959
M_temporal,1,test,1220226,0,0.7435219
M_temporal,1,test,1220507,0,0.7370745
M_temporal,1,test,1220572,0,0.5682091
M_temporal,1,test,1220694,1,0.58957183
M_temporal,1,test,1221019,0,0.7085756
M_temporal,1,test,1221892,1,0.56665206
M_temporal,1,test,1222069,1,0.5753111
M_temporal,1,test,1222110,1,0.7649505
M_temporal,1,test,1222424,1,0.64742935
M_temporal,1,test,1222589,1,0.6464294
M_temporal,1,test,1222850,1,0.6767801
M_temporal,1,test,1223193,0,0.6580497
M_temporal,1,test,1223272,1,0.60830873
M_temporal,1,test,1223289,0,0.5177819
M_temporal,1,test,1223754,0,0.5555439
M_temporal,1,test,1224109,0,0.73023283
M_temporal,1,test,1224306,1,0.6087582
M_temporal,1,test,1224683,1,0.8489633
M_temporal,1,test,1224968,1,0.7802
M_temporal,1,test,1225050,0,0.68770003
M_temporal,1,test,1225262,1,0.612078
M_temporal,1,test,1225323,1,0.5563478
M_temporal,1,test,1225648,0,0.6786522
M_temporal,1,test,1225672,1,0.5923894
M_temporal,1,test,1225716,0,0.6842556
M_temporal,1,test,1225945,0,0.6387856
M_temporal,1,test,1226065,1,0.8592608
M_temporal,1,test,1226588,1,0.6803085
M_temporal,1,test,1226641,1,0.8358188
M_temporal,1,test,1226825,1,0.573878
M_temporal,1,test,1226937,0,0.5871503
M_temporal,1,test,1227061,1,0.74091154
M_temporal,1,test,1227106,1,0.5212647
M_temporal,1,test,1227138,0,0.5507916
M_temporal,1,test,1227504,1,0.59437406
M_temporal,1,test,1228528,0,0.60237193
M_temporal,1,test,1228888,1,0.6025917
M_temporal,1,test,1229368,0,0.6200283
M_temporal,1,test,1229574,0,0.5135912
M_temporal,1,test,1229725,1,0.7762321
M_temporal,1,test,1229860,1,0.83273196
M_temporal,1,test,1230265,1,0.81249
M_temporal,1,test,1230408,1,0.5836836
M_temporal,1,test,1230712,0,0.65546227
M_temporal,1,test,1230724,1,0.79843265
M_temporal,1,test,1230855,0,0.5443584
M_temporal,1,test,1230993,0,0.5534048
M_temporal,1,test,1231114,1,0.7473506
M_temporal,1,test,1231841,0,0.7352389
M_temporal,1,test,1232099,0,0.6146975
M_temporal,1,test,1232676,1,0.6397813
M_temporal,1,test,1233791,1,0.7005564
M_temporal,1,test,1233962,0,0.65343106
M_temporal,1,test,1233970,1,0.5930903
M_temporal,1,test,1234219,1,0.6664658
M_temporal,1,test,1234306,1,0.6370596
M_temporal,1,test,1234549,0,0.52968335
M_temporal,1,test,1234553,0,0.7083331
M_temporal,1,test,1235265,1,0.7073161
M_temporal,1,test,1235275,0,0.47030878
M_temporal,1,test,1235336,1,0.6629836
M_temporal,1,test,1236071,1,0.5713026
M_temporal,1,test,1236410,0,0.6432258
M_temporal,1,test,1236418,1,0.81478536
M_temporal,1,test,1236759,1,0.759408
M_temporal,1,test,1236938,1,0.51396185
M_temporal,1,test,1237075,0,0.6222288
M_temporal,1,test,1237241,1,0.5762515
M_temporal,1,test,1237496,1,0.90858305
M_temporal,1,test,1237716,0,0.6538649
M_temporal,1,test,1237793,1,0.75056434
M_temporal,1,test,1238174,1,0.6511944
M_temporal,1,test,1238215,1,0.6927056
M_temporal,1,test,1238443,0,0.57956237
M_temporal,1,test,1238550,1,0.61519974
M_temporal,1,test,1238574,0,0.45604557
M_temporal,1,test,1238865,1,0.7638811
M_temporal,1,test,1238923,0,0.80000854
M_temporal,1,test,1239038,0,0.6422421
M_temporal,1,test,1239693,0,0.6480867
M_temporal,1,test,1239772,0,0.62374854
M_temporal,1,test,1239841,1,0.59200084
M_temporal,1,test,1239988,0,0.74339014
M_temporal,1,test,1240378,1,0.6706366
M_temporal,1,test,1240423,1,0.776408
M_temporal,1,test,1240598,1,0.7084926
M_temporal,1,test,1241453,0,0.54338896
M_temporal,1,test,1241862,1,0.5763174
M_temporal,1,test,1242372,1,0.5739492
M_temporal,1,test,1242535,1,0.49925366
M_temporal,1,test,1242667,0,0.4950542
M_temporal,1,test,1242811,0,0.6454106
M_temporal,1,test,1242831,0,0.64936703
M_temporal,1,test,1243018,1,0.5933584
M_temporal,1,test,1243083,0,0.64247084
M_temporal,1,test,1243802,0,0.67185915
M_temporal,1,test,1243942,1,0.6980481
M_temporal,1,test,1243992,1,0.4864798
M_temporal,1,test,1244831,1,0.62729496
M_temporal,1,test,1245228,0,0.5532182
M_shuffled,1,val,4993,1,0.5861616
M_shuffled,1,val,13412,1,0.6483571
M_shuffled,1,val,22854,1,0.54870963
M_shuffled,1,val,32097,1,0.71987
M_shuffled,1,val,33368,1,0.58946496
M_shuffled,1,val,42450,1,0.641775
M_shuffled,1,val,47652,1,0.6609895
M_shuffled,1,val,48755,1,0.83226454
M_shuffled,1,val,50696,1,0.65504426
M_shuffled,1,val,54388,0,0.6902659
M_shuffled,1,val,60519,1,0.64139897
M_shuffled,1,val,70693,0,0.6389097
M_shuffled,1,val,72256,1,0.5609109
M_shuffled,1,val,86179,1,0.90809226
M_shuffled,1,val,86896,0,0.5394972
M_shuffled,1,val,88424,1,0.756024
M_shuffled,1,val,89850,1,0.6946944
M_shuffled,1,val,93002,1,0.54188555
M_shuffled,1,val,93011,0,0.663831
M_shuffled,1,val,98629,1,0.6087332
M_shuffled,1,val,99307,0,0.78318465
M_shuffled,1,val,100693,1,0.88462174
M_shuffled,1,val,101232,1,0.60424143
M_shuffled,1,val,112047,1,0.541226
M_shuffled,1,val,121204,0,0.45222
M_shuffled,1,val,121744,1,0.72066593
M_shuffled,1,val,130131,0,0.7101605
M_shuffled,1,val,130832,1,0.5574214
M_shuffled,1,val,135338,0,0.56003976
M_shuffled,1,val,143353,1,0.7814238
M_shuffled,1,val,145109,1,0.60175985
M_shuffled,1,val,146346,1,0.64549214
M_shuffled,1,val,149348,1,0.665122
M_shuffled,1,val,149880,1,0.64973503
M_shuffled,1,val,154041,1,0.66862965
M_shuffled,1,val,157774,1,0.6868346
M_shuffled,1,val,160103,1,0.67093444
M_shuffled,1,val,160197,1,0.7220121
M_shuffled,1,val,167963,1,0.6409483
M_shuffled,1,val,174525,1,0.6723481
M_shuffled,1,val,175032,0,0.6472587
M_shuffled,1,val,181574,0,0.6109618
M_shuffled,1,val,183204,0,0.5949599
M_shuffled,1,val,186257,0,0.69384646
M_shuffled,1,val,189056,1,0.6965922
M_shuffled,1,val,189685,0,0.5085832
M_shuffled,1,val,193149,0,0.7086433
M_shuffled,1,val,196058,1,0.72118485
M_shuffled,1,val,199177,0,0.5772583
M_shuffled,1,val,202968,0,0.61843956
M_shuffled,1,val,210361,1,0.67411107
M_shuffled,1,val,216010,1,0.78922516
M_shuffled,1,val,219309,1,0.6340639
M_shuffled,1,val,220792,0,0.5616125
M_shuffled,1,val,226106,1,0.36709186
M_shuffled,1,val,226610,1,0.53811675
M_shuffled,1,val,234696,1,0.64837253
M_shuffled,1,val,240229,0,0.5568291
M_shuffled,1,val,243108,1,0.9285721
M_shuffled,1,val,248666,1,0.5225005
M_shuffled,1,val,250983,0,0.65080094
M_shuffled,1,val,253033,0,0.6414793
M_shuffled,1,val,256422,1,0.7566696
M_shuffled,1,val,271298,0,0.7949464
M_shuffled,1,val,273148,1,0.6805091
M_shuffled,1,val,273826,1,0.7742915
M_shuffled,1,val,274345,0,0.7781238
M_shuffled,1,val,274563,1,0.6416017
M_shuffled,1,val,275882,1,0.7067488
M_shuffled,1,val,281433,1,0.6643861
M_shuffled,1,val,289992,1,0.5848049
M_shuffled,1,val,293922,0,0.60318106
M_shuffled,1,val,297709,0,0.6170058
M_shuffled,1,val,300925,1,0.6218893
M_shuffled,1,val,303683,0,0.50381094
M_shuffled,1,val,305034,0,0.5826872
M_shuffled,1,val,310191,1,0.9008069
M_shuffled,1,val,312582,1,0.72299814
M_shuffled,1,val,319661,1,0.8702786
M_shuffled,1,val,324095,1,0.73490286
M_shuffled,1,val,329983,1,0.5897839
M_shuffled,1,val,330071,0,0.55883294
M_shuffled,1,val,330603,1,0.6769802
M_shuffled,1,val,332529,1,0.7384626
M_shuffled,1,val,344909,0,0.6018425
M_shuffled,1,val,345087,1,0.619818
M_shuffled,1,val,345208,1,0.69100213
M_shuffled,1,val,345670,1,0.6981841
M_shuffled,1,val,348496,1,0.6246357
M_shuffled,1,val,350707,0,0.7325359
M_shuffled,1,val,353416,1,0.6233207
M_shuffled,1,val,354035,1,0.6119011
M_shuffled,1,val,357322,0,0.6537635
M_shuffled,1,val,364502,1,0.6264058
M_shuffled,1,val,366344,0,0.6357745
M_shuffled,1,val,369818,1,0.7031071
M_shuffled,1,val,369915,1,0.5476146
M_shuffled,1,val,375005,0,0.65721226
M_shuffled,1,val,376917,1,0.54008913
M_shuffled,1,val,377703,1,0.8558042
M_shuffled,1,val,398007,1,0.64300746
M_shuffled,1,val,400944,1,0.52023375
M_shuffled,1,val,402349,0,0.49627173
M_shuffled,1,val,402364,0,0.6247124
M_shuffled,1,val,413173,1,0.8090394
M_shuffled,1,val,413554,1,0.6510885
M_shuffled,1,val,414540,0,0.62782556
M_shuffled,1,val,417147,0,0.6704111
M_shuffled,1,val,419522,1,0.69553024
M_shuffled,1,val,423553,1,0.49736175
M_shuffled,1,val,424946,0,0.66694385
M_shuffled,1,val,431664,0,0.5755472
M_shuffled,1,val,432045,0,0.6010978
M_shuffled,1,val,433233,1,0.6234262
M_shuffled,1,val,435249,1,0.7053518
M_shuffled,1,val,443084,0,0.6633609
M_shuffled,1,val,444684,1,0.6748679
M_shuffled,1,val,445318,0,0.61127496
M_shuffled,1,val,448329,1,0.6253096
M_shuffled,1,val,451424,1,0.6557601
M_shuffled,1,val,451600,1,0.62529004
M_shuffled,1,val,457834,1,0.5946008
M_shuffled,1,val,465292,1,0.7000903
M_shuffled,1,val,467821,0,0.5571087
M_shuffled,1,val,469865,1,0.77303386
M_shuffled,1,val,479371,0,0.46172506
M_shuffled,1,val,480708,1,0.6641697
M_shuffled,1,val,485608,1,0.62373024
M_shuffled,1,val,486901,0,0.6544122
M_shuffled,1,val,487378,0,0.6067315
M_shuffled,1,val,488255,0,0.43687868
M_shuffled,1,val,490630,1,0.72091126
M_shuffled,1,val,493668,1,0.67647326
M_shuffled,1,val,494011,1,0.6222242
M_shuffled,1,val,496270,1,0.5741116
M_shuffled,1,val,501583,1,0.6363914
M_shuffled,1,val,504132,1,0.667226
M_shuffled,1,val,506819,1,0.52391547
M_shuffled,1,val,508449,0,0.56666154
M_shuffled,1,val,510306,0,0.72896516
M_shuffled,1,val,512180,1,0.61400974
M_shuffled,1,val,513398,0,0.5847026
M_shuffled,1,val,513966,0,0.5122056
M_shuffled,1,val,519298,1,0.55577946
M_shuffled,1,val,524155,0,0.5925847
M_shuffled,1,val,524172,0,0.5016847
M_shuffled,1,val,529499,0,0.527516
M_shuffled,1,val,529816,1,0.58034474
M_shuffled,1,val,532148,1,0.5492148
M_shuffled,1,val,532751,1,0.60276645
M_shuffled,1,val,534048,1,0.5808582
M_shuffled,1,val,535178,1,0.5642599
M_shuffled,1,val,536493,0,0.5711734
M_shuffled,1,val,541544,1,0.5992409
M_shuffled,1,val,542399,0,0.59709114
M_shuffled,1,val,547939,1,0.8374836
M_shuffled,1,val,560521,0,0.728789
M_shuffled,1,val,561141,1,0.50649095
M_shuffled,1,val,563271,1,0.74356216
M_shuffled,1,val,565232,1,0.83608145
M_shuffled,1,val,565908,0,0.45653638
M_shuffled,1,val,567390,0,0.5860888
M_shuffled,1,val,570049,1,0.60666263
M_shuffled,1,val,570975,0,0.60663384
M_shuffled,1,val,576988,1,0.50627387
M_shuffled,1,val,579106,1,0.6160474
M_shuffled,1,val,595954,1,0.5779472
M_shuffled,1,val,596437,0,0.60683924
M_shuffled,1,val,598165,1,0.698865
M_shuffled,1,val,598821,0,0.5521904
M_shuffled,1,val,600546,1,0.58936644
M_shuffled,1,val,607482,1,0.51616806
M_shuffled,1,val,608068,1,0.8019505
M_shuffled,1,val,612154,0,0.6058061
M_shuffled,1,val,615631,1,0.69760066
M_shuffled,1,val,624977,0,0.6805167
M_shuffled,1,val,626615,0,0.5638282
M_shuffled,1,val,631543,1,0.6969298
M_shuffled,1,val,643466,1,0.63157153
M_shuffled,1,val,644043,1,0.7574835
M_shuffled,1,val,646681,1,0.6748043
M_shuffled,1,val,646867,1,0.664909
M_shuffled,1,val,656122,1,0.6122298
M_shuffled,1,val,660915,1,0.57018346
M_shuffled,1,val,660938,1,0.69569737
M_shuffled,1,val,663406,1,0.6940259
M_shuffled,1,val,665029,1,0.5972024
M_shuffled,1,val,671705,1,0.81134224
M_shuffled,1,val,675008,1,0.7328587
M_shuffled,1,val,677928,1,0.66951203
M_shuffled,1,val,680963,0,0.6130932
M_shuffled,1,val,681205,1,0.610808
M_shuffled,1,val,682914,1,0.59692264
M_shuffled,1,val,684751,1,0.5755763
M_shuffled,1,val,686482,1,0.6692228
M_shuffled,1,val,687171,1,0.58874977
M_shuffled,1,val,692458,1,0.6478992
M_shuffled,1,val,697830,0,0.509329
M_shuffled,1,val,698653,1,0.9486544
M_shuffled,1,val,702801,0,0.45744914
M_shuffled,1,val,703629,1,0.6199656
M_shuffled,1,val,703834,1,0.7586526
M_shuffled,1,val,706141,1,0.5642147
M_shuffled,1,val,706908,0,0.5864584
M_shuffled,1,val,712016,1,0.65748113
M_shuffled,1,val,713284,0,0.6283424
M_shuffled,1,val,714078,0,0.57431066
M_shuffled,1,val,714644,1,0.6574276
M_shuffled,1,val,714764,0,0.79886264
M_shuffled,1,val,714952,1,0.6349664
M_shuffled,1,val,726126,0,0.5980272
M_shuffled,1,val,731117,1,0.67237383
M_shuffled,1,val,739116,1,0.6688461
M_shuffled,1,val,739674,0,0.60918856
M_shuffled,1,val,743852,1,0.56372297
M_shuffled,1,val,744145,0,0.6622896
M_shuffled,1,val,745489,1,0.61753845
M_shuffled,1,val,749211,0,0.5238571
M_shuffled,1,val,759242,1,0.60642785
M_shuffled,1,val,761233,1,0.6574655
M_shuffled,1,val,762014,0,0.6625253
M_shuffled,1,val,767236,0,0.5321375
M_shuffled,1,val,769720,1,0.8868972
M_shuffled,1,val,772900,0,0.6141862
M_shuffled,1,val,777687,1,0.69561535
M_shuffled,1,val,781139,0,0.51266927
M_shuffled,1,val,783835,0,0.5661907
M_shuffled,1,val,784920,1,0.7029143
M_shuffled,1,val,791392,1,0.5669997
M_shuffled,1,val,792243,0,0.5422682
M_shuffled,1,val,793601,0,0.60521346
M_shuffled,1,val,793726,0,0.5759006
M_shuffled,1,val,803606,1,0.6728952
M_shuffled,1,val,806286,0,0.51244974
M_shuffled,1,val,808181,0,0.6578201
M_shuffled,1,val,809234,1,0.65169203
M_shuffled,1,val,810874,0,0.5566722
M_shuffled,1,val,813871,1,0.54803324
M_shuffled,1,val,820393,1,0.42052597
M_shuffled,1,val,820729,1,0.6221702
M_shuffled,1,val,821863,1,0.54921854
M_shuffled,1,val,823325,0,0.4931792
M_shuffled,1,val,824734,1,0.5371137
M_shuffled,1,val,828427,0,0.70855296
M_shuffled,1,val,835135,1,0.6699233
M_shuffled,1,val,844964,0,0.72804224
M_shuffled,1,val,850702,1,0.60394377
M_shuffled,1,val,853023,1,0.5705187
M_shuffled,1,val,865733,1,0.5840538
M_shuffled,1,val,868368,1,0.7246398
M_shuffled,1,val,870739,1,0.53396595
M_shuffled,1,val,878491,1,0.6050839
M_shuffled,1,val,885157,1,0.66049534
M_shuffled,1,val,885222,0,0.6587201
M_shuffled,1,val,888866,0,0.865321
M_shuffled,1,val,892998,0,0.48635018
M_shuffled,1,val,924232,0,0.6221583
M_shuffled,1,val,936352,0,0.5213502
M_shuffled,1,val,944965,1,0.5799573
M_shuffled,1,val,951246,0,0.6402748
M_shuffled,1,val,951846,0,0.6155254
M_shuffled,1,val,958048,1,0.6376753
M_shuffled,1,val,959155,0,0.59130824
M_shuffled,1,val,960726,0,0.62317055
M_shuffled,1,val,968652,1,0.6783292
M_shuffled,1,val,969827,0,0.4802554
M_shuffled,1,val,972980,1,0.5632041
M_shuffled,1,val,975913,0,0.5810435
M_shuffled,1,val,976696,0,0.5120106
M_shuffled,1,val,981850,1,0.679059
M_shuffled,1,val,982055,0,0.49088204
M_shuffled,1,val,983916,1,0.5196515
M_shuffled,1,val,984568,1,0.6263804
M_shuffled,1,val,986315,1,0.7035273
M_shuffled,1,val,987657,1,0.6925121
M_shuffled,1,val,989331,1,0.5130328
M_shuffled,1,val,991837,1,0.5947956
M_shuffled,1,val,997176,0,0.6277207
M_shuffled,1,val,1000310,1,0.5881779
M_shuffled,1,val,1005095,1,0.62390417
M_shuffled,1,val,1012389,0,0.62275046
M_shuffled,1,val,1017244,1,0.5414171
M_shuffled,1,val,1017640,1,0.7390648
M_shuffled,1,val,1036745,1,0.68831736
M_shuffled,1,val,1043429,1,0.5775428
M_shuffled,1,val,1048580,1,0.6791085
M_shuffled,1,val,1049831,0,0.6597729
M_shuffled,1,val,1057350,0,0.5745811
M_shuffled,1,val,1062410,1,0.639924
M_shuffled,1,val,1067041,1,0.7816502
M_shuffled,1,val,1067592,1,0.60436124
M_shuffled,1,val,1069432,1,0.6322408
M_shuffled,1,val,1070777,1,0.6744461
M_shuffled,1,val,1071966,1,0.42714605
M_shuffled,1,val,1072395,1,0.6664882
M_shuffled,1,val,1075228,1,0.6692884
M_shuffled,1,val,1075447,1,0.7178016
M_shuffled,1,val,1076650,1,0.63174057
M_shuffled,1,val,1079219,0,0.52174014
M_shuffled,1,val,1079586,0,0.753298
M_shuffled,1,val,1081383,0,0.6328451
M_shuffled,1,val,1081426,1,0.64096266
M_shuffled,1,val,1082124,1,0.43885887
M_shuffled,1,val,1082765,1,0.6495019
M_shuffled,1,val,1083817,1,0.575158
M_shuffled,1,val,1084214,1,0.4329926
M_shuffled,1,val,1085709,1,0.54363745
M_shuffled,1,val,1086850,0,0.7355087
M_shuffled,1,val,1088707,1,0.71647024
M_shuffled,1,val,1088918,1,0.5686617
M_shuffled,1,val,1089172,1,0.7226555
M_shuffled,1,val,1089175,1,0.5369515
M_shuffled,1,val,1091343,0,0.60016197
M_shuffled,1,val,1092437,1,0.64933145
M_shuffled,1,val,1092557,0,0.6817218
M_shuffled,1,val,1092783,1,0.73358274
M_shuffled,1,val,1092889,1,0.5267838
M_shuffled,1,val,1093743,0,0.5953024
M_shuffled,1,val,1094011,1,0.67506146
M_shuffled,1,val,1094030,1,0.61395615
M_shuffled,1,val,1094046,1,0.60764986
M_shuffled,1,val,1095642,1,0.55599236
M_shuffled,1,val,1095841,1,0.6177169
M_shuffled,1,val,1096276,0,0.6256313
M_shuffled,1,val,1096586,0,0.6020681
M_shuffled,1,val,1096850,1,0.66796005
M_shuffled,1,val,1097316,1,0.691085
M_shuffled,1,val,1098204,1,0.7021605
M_shuffled,1,val,1098855,1,0.57986414
M_shuffled,1,val,1099234,1,0.58636826
M_shuffled,1,val,1099660,1,0.5213846
M_shuffled,1,val,1103054,0,0.48604012
M_shuffled,1,val,1103087,1,0.70140535
M_shuffled,1,val,1103360,1,0.56088954
M_shuffled,1,val,1104012,1,0.75210774
M_shuffled,1,val,1104452,1,0.72009873
M_shuffled,1,val,1104470,1,0.6264426
M_shuffled,1,val,1105078,1,0.5859788
M_shuffled,1,val,1105241,0,0.43391716
M_shuffled,1,val,1105345,0,0.7072009
M_shuffled,1,val,1105733,1,0.4951284
M_shuffled,1,val,1105916,1,0.6369583
M_shuffled,1,val,1107291,0,0.59015846
M_shuffled,1,val,1108050,1,0.7686981
M_shuffled,1,val,1109299,1,0.7264676
M_shuffled,1,val,1110598,0,0.64618033
M_shuffled,1,val,1112425,1,0.5650604
M_shuffled,1,val,1112465,1,0.52214235
M_shuffled,1,val,1113133,0,0.5075429
M_shuffled,1,val,1113237,1,0.6983178
M_shuffled,1,val,1113756,1,0.7396717
M_shuffled,1,val,1113808,0,0.5348712
M_shuffled,1,val,1113857,0,0.6705247
M_shuffled,1,val,1115247,0,0.7100426
M_shuffled,1,val,1115335,1,0.73465353
M_shuffled,1,val,1115427,1,0.4529639
M_shuffled,1,val,1116144,1,0.6289981
M_shuffled,1,val,1116363,0,0.71484476
M_shuffled,1,val,1116440,0,0.78639305
M_shuffled,1,val,1116580,1,0.8011313
M_shuffled,1,val,1116601,0,0.65818125
M_shuffled,1,val,1116790,0,0.6944142
M_shuffled,1,val,1118641,0,0.7259439
M_shuffled,1,val,1118849,1,0.6776043
M_shuffled,1,val,1119647,1,0.44769222
M_shuffled,1,val,1119855,0,0.6918112
M_shuffled,1,val,1120120,0,0.6471076
M_shuffled,1,val,1120692,1,0.62999946
M_shuffled,1,val,1120869,0,0.53198844
M_shuffled,1,val,1122513,1,0.57904136
M_shuffled,1,val,1122658,1,1.0191242
M_shuffled,1,val,1123222,1,0.65646183
M_shuffled,1,val,1123500,1,0.5526388
M_shuffled,1,val,1124034,1,0.5557783
M_shuffled,1,val,1124658,0,0.47891325
M_shuffled,1,val,1124894,1,0.57743156
M_shuffled,1,val,1125163,1,0.65924263
M_shuffled,1,val,1125748,1,0.58045393
M_shuffled,1,val,1126857,1,0.6598296
M_shuffled,1,val,1128467,1,0.8274133
M_shuffled,1,val,1128618,1,0.7921865
M_shuffled,1,val,1129029,0,0.58777004
M_shuffled,1,val,1129401,1,0.7425368
M_shuffled,1,val,1129979,1,0.64151084
M_shuffled,1,val,1130043,1,0.8597882
M_shuffled,1,val,1130533,1,0.5933929
M_shuffled,1,val,1130756,1,0.7777017
M_shuffled,1,val,1131355,1,0.686428
M_shuffled,1,val,1131386,1,0.54237396
M_shuffled,1,val,1131656,1,0.5966771
M_shuffled,1,val,1132010,0,0.5786555
M_shuffled,1,val,1135241,0,0.52168554
M_shuffled,1,val,1135703,1,0.6590378
M_shuffled,1,val,1136279,0,0.7694446
M_shuffled,1,val,1136310,1,0.71075124
M_shuffled,1,val,1136723,0,0.61243975
M_shuffled,1,val,1137555,1,0.7542408
M_shuffled,1,val,1137589,1,0.6145721
M_shuffled,1,val,1138091,1,0.4972487
M_shuffled,1,val,1138321,1,0.62736505
M_shuffled,1,val,1138374,0,0.49640036
M_shuffled,1,val,1138670,1,0.6264406
M_shuffled,1,val,1138870,1,0.6096679
M_shuffled,1,val,1139275,1,0.6646923
M_shuffled,1,val,1140109,1,0.7141011
M_shuffled,1,val,1140316,1,0.63344353
M_shuffled,1,val,1141936,1,0.7620573
M_shuffled,1,val,1142089,1,0.8295205
M_shuffled,1,val,1142188,1,0.5419769
M_shuffled,1,val,1142355,0,0.530057
M_shuffled,1,val,1142724,0,0.8367797
M_shuffled,1,val,1143869,0,0.6152353
M_shuffled,1,val,1144198,1,0.5840885
M_shuffled,1,val,1144734,1,0.66641676
M_shuffled,1,val,1144792,0,0.78030443
M_shuffled,1,val,1145284,1,0.77994347
M_shuffled,1,val,1145959,1,0.5298045
M_shuffled,1,val,1145969,1,0.51340914
M_shuffled,1,val,1146989,0,0.5719709
M_shuffled,1,val,1147155,1,0.61090827
M_shuffled,1,val,1147302,0,0.459351
M_shuffled,1,val,1147838,0,0.5154233
M_shuffled,1,val,1148110,0,0.7434794
M_shuffled,1,val,1148113,1,0.63512045
M_shuffled,1,val,1148332,1,0.65679425
M_shuffled,1,val,1148376,1,0.5932942
M_shuffled,1,val,1149831,1,0.6576964
M_shuffled,1,val,1149916,1,0.4999876
M_shuffled,1,val,1150067,1,0.53300315
M_shuffled,1,val,1151454,0,0.564932
M_shuffled,1,val,1151510,0,0.6351236
M_shuffled,1,val,1151569,1,0.6502819
M_shuffled,1,val,1151818,0,0.46802992
M_shuffled,1,val,1151994,1,0.71978235
M_shuffled,1,val,1152380,1,0.55034685
M_shuffled,1,val,1152700,1,0.572605
M_shuffled,1,val,1152708,1,0.6074334
M_shuffled,1,val,1152877,0,0.63542914
M_shuffled,1,val,1153023,1,0.7613597
M_shuffled,1,val,1153155,1,0.60354096
M_shuffled,1,val,1153931,1,0.74593574
M_shuffled,1,val,1154574,1,0.6551998
M_shuffled,1,val,1155176,1,0.6131113
M_shuffled,1,val,1157142,1,0.746381
M_shuffled,1,val,1206010,0,0.6187557
M_shuffled,1,val,1206257,1,0.5424508
M_shuffled,1,val,1206334,0,0.73146963
M_shuffled,1,val,1207181,0,0.77427137
M_shuffled,1,val,1207207,1,0.622127
M_shuffled,1,val,1207367,1,0.56257474
M_shuffled,1,val,1207384,1,0.5729953
M_shuffled,1,val,1207464,1,0.68484837
M_shuffled,1,val,1208159,1,0.54759794
M_shuffled,1,val,1208290,1,0.5755412
M_shuffled,1,val,1208422,1,0.74281263
M_shuffled,1,val,1208544,0,0.58398473
M_shuffled,1,val,1208870,1,0.613806
M_shuffled,1,val,1209034,1,0.5953522
M_shuffled,1,val,1209229,0,0.60698026
M_shuffled,1,val,1209908,0,0.6829479
M_shuffled,1,val,1210816,1,0.5382375
M_shuffled,1,val,1212290,1,0.7164382
M_shuffled,1,val,1212738,1,0.8999309
M_shuffled,1,val,1213667,0,0.60356736
M_shuffled,1,val,1213716,1,0.7995128
M_shuffled,1,val,1213978,0,0.75276506
M_shuffled,1,val,1214063,1,0.6215458
M_shuffled,1,val,1214597,1,0.6917105
M_shuffled,1,val,1215070,1,0.66852075
M_shuffled,1,val,1215132,0,0.5780447
M_shuffled,1,val,1215420,1,0.5965684
M_shuffled,1,val,1215921,1,0.5730596
M_shuffled,1,val,1216025,0,0.65677166
M_shuffled,1,val,1216145,0,0.7120814
M_shuffled,1,val,1216188,0,0.5363524
M_shuffled,1,val,1216704,1,0.87261486
M_shuffled,1,val,1216841,0,0.7166157
M_shuffled,1,val,1216904,0,0.789271
M_shuffled,1,val,1217573,1,0.6988091
M_shuffled,1,val,1217635,1,0.73165953
M_shuffled,1,val,1217948,1,0.46323532
M_shuffled,1,val,1218059,1,0.7738796
M_shuffled,1,val,1218235,1,0.56160575
M_shuffled,1,val,1218421,1,0.77898264
M_shuffled,1,val,1218554,1,0.6324746
M_shuffled,1,val,1218726,1,0.6975949
M_shuffled,1,val,1219254,0,0.7572304
M_shuffled,1,val,1219802,1,0.59565973
M_shuffled,1,val,1219877,1,0.6018856
M_shuffled,1,val,1219890,1,0.5964534
M_shuffled,1,val,1219897,1,0.64976585
M_shuffled,1,val,1219949,0,0.5630109
M_shuffled,1,val,1220037,1,0.611998
M_shuffled,1,val,1220386,0,0.53049266
M_shuffled,1,val,1220475,0,0.6406683
M_shuffled,1,val,1220832,0,0.72609615
M_shuffled,1,val,1221118,0,0.61739326
M_shuffled,1,val,1221764,1,0.90629625
M_shuffled,1,val,1222028,1,0.73987913
M_shuffled,1,val,1223017,1,0.5011221
M_shuffled,1,val,1223383,1,0.9218594
M_shuffled,1,val,1224353,0,0.6831939
M_shuffled,1,val,1224371,1,0.5103729
M_shuffled,1,val,1224500,1,0.5149422
M_shuffled,1,val,1225046,0,0.59991425
M_shuffled,1,val,1225309,1,0.5779267
M_shuffled,1,val,1225334,0,0.8156487
M_shuffled,1,val,1225388,0,0.69543993
M_shuffled,1,val,1225500,0,0.7466099
M_shuffled,1,val,1225758,1,0.80898
M_shuffled,1,val,1226509,1,0.55148995
M_shuffled,1,val,1227545,1,0.7216189
M_shuffled,1,val,1227597,0,0.762885
M_shuffled,1,val,1227765,1,0.4821443
M_shuffled,1,val,1227804,0,0.66601324
M_shuffled,1,val,1228018,1,0.6954986
M_shuffled,1,val,1228461,1,0.6538541
M_shuffled,1,val,1229605,0,0.81433487
M_shuffled,1,val,1229991,0,0.53230023
M_shuffled,1,val,1230721,1,0.5916237
M_shuffled,1,val,1230968,1,0.6078639
M_shuffled,1,val,1231044,1,0.5901267
M_shuffled,1,val,1231253,0,0.5641227
M_shuffled,1,val,1231339,0,0.61555856
M_shuffled,1,val,1231343,1,0.91748583
M_shuffled,1,val,1231928,1,0.70012164
M_shuffled,1,val,1232006,1,0.57378
M_shuffled,1,val,1232033,0,0.6108327
M_shuffled,1,val,1232296,1,0.43414396
M_shuffled,1,val,1233154,1,0.5197184
M_shuffled,1,val,1233203,1,0.7693824
M_shuffled,1,val,1233369,0,0.54967815
M_shuffled,1,val,1233621,0,0.6848409
M_shuffled,1,val,1233632,1,0.69357336
M_shuffled,1,val,1234472,1,0.6060838
M_shuffled,1,val,1234672,0,0.6900705
M_shuffled,1,val,1234804,1,0.59288734
M_shuffled,1,val,1235172,0,0.67557776
M_shuffled,1,val,1235777,1,0.82095116
M_shuffled,1,val,1235863,1,0.5653144
M_shuffled,1,val,1235882,0,0.59065896
M_shuffled,1,val,1236187,0,0.4782209
M_shuffled,1,val,1237352,1,0.9232745
M_shuffled,1,val,1237367,1,0.5063344
M_shuffled,1,val,1237861,0,0.5645636
M_shuffled,1,val,1237964,0,0.7291197
M_shuffled,1,val,1238200,1,0.7521239
M_shuffled,1,val,1238203,1,0.59905857
M_shuffled,1,val,1238287,0,0.7033489
M_shuffled,1,val,1238298,1,0.68286437
M_shuffled,1,val,1238523,1,0.73906577
M_shuffled,1,val,1238594,0,0.56871533
M_shuffled,1,val,1238864,1,0.46043992
M_shuffled,1,val,1238917,0,0.8709011
M_shuffled,1,val,1239127,0,0.73782104
M_shuffled,1,val,1239377,1,0.63374054
M_shuffled,1,val,1239474,1,0.7204587
M_shuffled,1,val,1239881,1,0.50785726
M_shuffled,1,val,1240209,1,0.63347864
M_shuffled,1,val,1240705,1,0.5319905
M_shuffled,1,val,1240951,0,0.62606514
M_shuffled,1,val,1241625,0,0.5838643
M_shuffled,1,val,1242009,1,0.4854802
M_shuffled,1,val,1242135,0,0.52702236
M_shuffled,1,val,1242264,0,0.5410466
M_shuffled,1,val,1242338,1,0.6876832
M_shuffled,1,val,1242381,0,0.62917435
M_shuffled,1,val,1242501,1,0.5608983
M_shuffled,1,val,1242645,0,0.7545256
M_shuffled,1,val,1242725,1,0.75942796
M_shuffled,1,val,1242755,0,0.8438937
M_shuffled,1,val,1242835,1,0.71616054
M_shuffled,1,val,1243045,0,0.6326208
M_shuffled,1,val,1243514,1,0.74121624
M_shuffled,1,val,1243838,0,0.80233264
M_shuffled,1,val,1243993,0,0.63236755
M_shuffled,1,val,1244606,1,0.72499967
M_shuffled,1,val,1246490,1,0.79670674
M_shuffled,1,val,1246508,0,0.63992584
M_shuffled,1,test,1922,1,0.39607647
M_shuffled,1,test,12246,1,0.52593726
M_shuffled,1,test,16787,0,0.58945775
M_shuffled,1,test,19126,1,0.7063323
M_shuffled,1,test,34428,0,0.5229887
M_shuffled,1,test,42331,1,0.6716359
M_shuffled,1,test,44366,1,0.5511813
M_shuffled,1,test,47250,1,0.56207424
M_shuffled,1,test,48545,0,0.71783674
M_shuffled,1,test,54142,1,0.65695775
M_shuffled,1,test,61752,1,0.54715407
M_shuffled,1,test,62606,1,0.75442016
M_shuffled,1,test,66226,1,0.6196166
M_shuffled,1,test,66381,1,0.8555453
M_shuffled,1,test,68648,0,0.56581557
M_shuffled,1,test,70147,0,0.68972594
M_shuffled,1,test,72035,0,0.6444032
M_shuffled,1,test,73899,1,0.7114067
M_shuffled,1,test,88483,1,0.6868813
M_shuffled,1,test,96757,1,0.7366497
M_shuffled,1,test,97998,0,0.64680904
M_shuffled,1,test,102708,1,0.63326603
M_shuffled,1,test,105271,1,0.6415655
M_shuffled,1,test,114318,1,0.73518
M_shuffled,1,test,120088,1,0.6569648
M_shuffled,1,test,127579,0,0.5509285
M_shuffled,1,test,129407,1,0.81098884
M_shuffled,1,test,131155,1,0.6419065
M_shuffled,1,test,136645,1,0.7084266
M_shuffled,1,test,139145,1,0.59460133
M_shuffled,1,test,141620,1,0.52724105
M_shuffled,1,test,147228,1,0.632698
M_shuffled,1,test,156299,1,0.56010973
M_shuffled,1,test,156996,1,0.6179788
M_shuffled,1,test,157449,1,0.7441867
M_shuffled,1,test,157463,1,0.5767478
M_shuffled,1,test,161593,1,0.5389723
M_shuffled,1,test,163659,1,0.59426594
M_shuffled,1,test,167183,1,0.56437606
M_shuffled,1,test,169457,0,0.55038375
M_shuffled,1,test,171896,1,0.610036
M_shuffled,1,test,172578,1,0.59302443
M_shuffled,1,test,181466,0,0.81848425
M_shuffled,1,test,184874,1,0.647197
M_shuffled,1,test,186379,1,0.6106378
M_shuffled,1,test,190049,1,0.7209291
M_shuffled,1,test,190176,0,0.6003844
M_shuffled,1,test,190187,0,0.6833099
M_shuffled,1,test,191335,0,0.67886883
M_shuffled,1,test,200131,1,0.684986
M_shuffled,1,test,200858,1,0.5086152
M_shuffled,1,test,203461,1,0.54350126
M_shuffled,1,test,208652,1,0.7071317
M_shuffled,1,test,216287,0,0.56479305
M_shuffled,1,test,218529,1,0.6415642
M_shuffled,1,test,223651,1,0.5488412
M_shuffled,1,test,228543,1,0.7337353
M_shuffled,1,test,238407,0,0.49298894
M_shuffled,1,test,258335,0,0.40637887
M_shuffled,1,test,278134,1,0.71745366
M_shuffled,1,test,278836,1,0.5313931
M_shuffled,1,test,280705,0,0.539605
M_shuffled,1,test,284088,0,0.6828835
M_shuffled,1,test,290944,0,0.56732565
M_shuffled,1,test,293205,0,0.5924258
M_shuffled,1,test,295284,0,0.54796654
M_shuffled,1,test,298058,1,0.60454035
M_shuffled,1,test,312434,1,0.66627693
M_shuffled,1,test,312810,1,0.6204351
M_shuffled,1,test,318640,1,0.6564568
M_shuffled,1,test,319549,1,0.7457674
M_shuffled,1,test,320867,1,0.5500406
M_shuffled,1,test,321989,1,0.8129754
M_shuffled,1,test,323320,0,0.6280474
M_shuffled,1,test,323939,0,0.5614994
M_shuffled,1,test,335240,0,0.5787252
M_shuffled,1,test,335955,1,0.60147
M_shuffled,1,test,338312,1,0.47615474
M_shuffled,1,test,348589,1,0.5346792
M_shuffled,1,test,351101,1,0.62023544
M_shuffled,1,test,353336,1,0.5877282
M_shuffled,1,test,358239,1,0.7094661
M_shuffled,1,test,360745,1,0.83626705
M_shuffled,1,test,374203,0,0.6586528
M_shuffled,1,test,375294,1,0.6209624
M_shuffled,1,test,380225,1,0.6637386
M_shuffled,1,test,402720,1,0.5410873
M_shuffled,1,test,405843,1,0.6886898
M_shuffled,1,test,408105,0,0.6568904
M_shuffled,1,test,419138,0,0.57683855
M_shuffled,1,test,433303,1,0.5628254
M_shuffled,1,test,433686,1,0.6583262
M_shuffled,1,test,442797,1,0.4997495
M_shuffled,1,test,443207,1,0.6099295
M_shuffled,1,test,443610,0,0.6601097
M_shuffled,1,test,444203,0,0.5339283
M_shuffled,1,test,445545,1,0.6695566
M_shuffled,1,test,450155,1,0.9277741
M_shuffled,1,test,451844,1,0.72952247
M_shuffled,1,test,460422,1,0.57365394
M_shuffled,1,test,460580,1,0.7905705
M_shuffled,1,test,461946,1,0.50149405
M_shuffled,1,test,463375,1,0.5715401
M_shuffled,1,test,465489,0,0.5405596
M_shuffled,1,test,466437,1,0.656582
M_shuffled,1,test,468086,1,0.59376866
M_shuffled,1,test,468548,1,0.62565356
M_shuffled,1,test,474601,1,0.6873954
M_shuffled,1,test,477779,1,0.5132404
M_shuffled,1,test,479811,0,0.62691474
M_shuffled,1,test,480021,0,0.5935783
M_shuffled,1,test,480598,1,0.6250373
M_shuffled,1,test,484238,1,0.7520021
M_shuffled,1,test,486892,0,0.5594225
M_shuffled,1,test,488934,0,0.5794157
M_shuffled,1,test,498363,1,0.62752616
M_shuffled,1,test,507011,1,0.77498364
M_shuffled,1,test,510372,1,0.6573615
M_shuffled,1,test,511018,0,0.5325994
M_shuffled,1,test,512053,1,0.6972817
M_shuffled,1,test,517848,1,0.83616817
M_shuffled,1,test,520621,1,0.6088209
M_shuffled,1,test,525300,1,0.5177607
M_shuffled,1,test,532533,1,0.7425615
M_shuffled,1,test,537472,1,0.58452463
M_shuffled,1,test,544153,1,0.4709
M_shuffled,1,test,544425,0,0.58191454
M_shuffled,1,test,544864,1,0.65030915
M_shuffled,1,test,550892,1,0.5356481
M_shuffled,1,test,552901,1,0.49151653
M_shuffled,1,test,554960,0,0.84575784
M_shuffled,1,test,555492,0,0.517963
M_shuffled,1,test,559178,1,0.78643143
M_shuffled,1,test,566285,1,0.58278036
M_shuffled,1,test,567847,1,0.7085741
M_shuffled,1,test,569789,0,0.33129448
M_shuffled,1,test,573425,1,0.7152135
M_shuffled,1,test,586109,0,0.7147029
M_shuffled,1,test,589139,1,0.72697115
M_shuffled,1,test,592431,1,0.75817275
M_shuffled,1,test,592548,0,0.5809273
M_shuffled,1,test,595609,1,0.56358486
M_shuffled,1,test,599396,0,0.61478335
M_shuffled,1,test,618335,1,0.614983
M_shuffled,1,test,619649,1,0.5088248
M_shuffled,1,test,624010,0,0.66572094
M_shuffled,1,test,624692,1,0.5756838
M_shuffled,1,test,627036,1,0.5665918
M_shuffled,1,test,629729,1,0.65285546
M_shuffled,1,test,644299,1,0.63215435
M_shuffled,1,test,644744,1,0.8310344
M_shuffled,1,test,649217,1,0.5693556
M_shuffled,1,test,649863,1,0.62666
M_shuffled,1,test,655410,1,0.7198233
M_shuffled,1,test,660061,1,0.6522326
M_shuffled,1,test,661193,0,0.6996908
M_shuffled,1,test,672172,1,0.65119743
M_shuffled,1,test,675660,0,0.6614266
M_shuffled,1,test,675907,0,0.79261714
M_shuffled,1,test,678681,1,0.535127
M_shuffled,1,test,683148,1,0.6732149
M_shuffled,1,test,687290,0,0.6856768
M_shuffled,1,test,690734,0,0.5020264
M_shuffled,1,test,697961,1,0.58917737
M_shuffled,1,test,698579,1,0.642633
M_shuffled,1,test,700550,1,0.57406425
M_shuffled,1,test,704059,0,0.6987799
M_shuffled,1,test,709192,0,0.55118394
M_shuffled,1,test,711782,1,0.61097926
M_shuffled,1,test,718140,0,0.6777825
M_shuffled,1,test,718508,1,0.5145455
M_shuffled,1,test,719050,0,0.5479684
M_shuffled,1,test,725470,0,0.5219783
M_shuffled,1,test,726612,1,0.71643305
M_shuffled,1,test,727266,1,0.54480475
M_shuffled,1,test,738172,0,0.515864
M_shuffled,1,test,742847,0,0.74855685
M_shuffled,1,test,747710,0,0.61340004
M_shuffled,1,test,750827,0,0.745299
M_shuffled,1,test,750881,0,0.5422547
M_shuffled,1,test,752967,1,0.588653
M_shuffled,1,test,754586,1,0.6020084
M_shuffled,1,test,755156,1,0.60128963
M_shuffled,1,test,755294,1,0.6451563
M_shuffled,1,test,760561,0,0.51728386
M_shuffled,1,test,765027,1,0.63661736
M_shuffled,1,test,765473,1,0.63755536
M_shuffled,1,test,765954,0,0.52003247
M_shuffled,1,test,774678,1,0.6494703
M_shuffled,1,test,777118,1,0.6267501
M_shuffled,1,test,779240,0,0.7893446
M_shuffled,1,test,781445,0,0.63138634
M_shuffled,1,test,789824,0,0.4925263
M_shuffled,1,test,806762,0,0.4992816
M_shuffled,1,test,809238,0,0.64842016
M_shuffled,1,test,822633,1,0.65149367
M_shuffled,1,test,825913,1,0.61684144
M_shuffled,1,test,828057,0,0.59413123
M_shuffled,1,test,829142,1,0.6599271
M_shuffled,1,test,829697,0,0.614092
M_shuffled,1,test,834515,0,0.6606956
M_shuffled,1,test,835833,1,0.5790297
M_shuffled,1,test,836571,0,0.5976672
M_shuffled,1,test,841534,0,0.5590093
M_shuffled,1,test,847036,1,0.64066994
M_shuffled,1,test,848723,1,0.68230814
M_shuffled,1,test,851816,0,0.67471325
M_shuffled,1,test,854069,1,0.57993615
M_shuffled,1,test,856302,0,0.53291094
M_shuffled,1,test,859236,0,0.6275448
M_shuffled,1,test,866895,0,0.748247
M_shuffled,1,test,867398,0,0.47143847
M_shuffled,1,test,868318,0,0.51741695
M_shuffled,1,test,875038,1,0.7406289
M_shuffled,1,test,877486,1,0.6264011
M_shuffled,1,test,880466,1,0.5126971
M_shuffled,1,test,889657,1,0.8414871
M_shuffled,1,test,894409,1,0.5424929
M_shuffled,1,test,899067,0,0.6355649
M_shuffled,1,test,900762,1,0.75802994
M_shuffled,1,test,941626,1,0.5885625
M_shuffled,1,test,943672,1,0.70035625
M_shuffled,1,test,947197,1,0.6672428
M_shuffled,1,test,951465,0,0.651707
M_shuffled,1,test,951654,0,0.6111516
M_shuffled,1,test,952219,0,0.6153275
M_shuffled,1,test,954440,1,0.5303858
M_shuffled,1,test,955669,0,0.75538915
M_shuffled,1,test,956387,1,0.60637707
M_shuffled,1,test,961563,0,0.44215506
M_shuffled,1,test,961819,0,0.53827834
M_shuffled,1,test,962660,1,0.5639576
M_shuffled,1,test,963985,1,0.63898283
M_shuffled,1,test,964462,0,0.5324263
M_shuffled,1,test,970464,1,0.58615017
M_shuffled,1,test,972111,0,0.72420996
M_shuffled,1,test,979369,1,0.5456872
M_shuffled,1,test,979917,1,0.7770005
M_shuffled,1,test,979941,0,0.5294234
M_shuffled,1,test,980697,0,0.5654035
M_shuffled,1,test,982817,0,0.65480274
M_shuffled,1,test,984065,0,0.5866236
M_shuffled,1,test,986074,1,0.6701455
M_shuffled,1,test,986844,1,0.5609615
M_shuffled,1,test,987078,1,0.60521835
M_shuffled,1,test,987267,1,0.56746316
M_shuffled,1,test,989755,1,0.547403
M_shuffled,1,test,991790,1,0.60169137
M_shuffled,1,test,993602,1,0.6534659
M_shuffled,1,test,994160,1,0.6119914
M_shuffled,1,test,1002373,1,0.514977
M_shuffled,1,test,1005171,1,0.6260867
M_shuffled,1,test,1006489,0,0.50849366
M_shuffled,1,test,1008354,0,0.48129246
M_shuffled,1,test,1009347,1,0.6200917
M_shuffled,1,test,1020322,0,0.57186764
M_shuffled,1,test,1029192,1,0.80986524
M_shuffled,1,test,1029373,1,0.8005645
M_shuffled,1,test,1030940,1,0.5353849
M_shuffled,1,test,1046104,0,0.5985004
M_shuffled,1,test,1051850,0,0.5686132
M_shuffled,1,test,1054838,0,0.6930686
M_shuffled,1,test,1064446,1,0.6159405
M_shuffled,1,test,1065288,0,0.44361126
M_shuffled,1,test,1066534,1,0.5365367
M_shuffled,1,test,1067406,1,0.556966
M_shuffled,1,test,1069689,1,0.5062773
M_shuffled,1,test,1070472,0,0.56200397
M_shuffled,1,test,1073839,0,0.57996494
M_shuffled,1,test,1074094,1,0.73092794
M_shuffled,1,test,1074306,1,0.52661186
M_shuffled,1,test,1074427,1,0.6704862
M_shuffled,1,test,1074527,1,0.62672585
M_shuffled,1,test,1074753,0,0.69736236
M_shuffled,1,test,1075557,1,0.49570143
M_shuffled,1,test,1075699,1,0.47139063
M_shuffled,1,test,1077703,1,0.59847224
M_shuffled,1,test,1078392,1,0.59309864
M_shuffled,1,test,1078893,0,0.5771109
M_shuffled,1,test,1079527,1,0.59590423
M_shuffled,1,test,1080214,1,0.5811531
M_shuffled,1,test,1080366,1,0.6469877
M_shuffled,1,test,1080979,1,0.39632058
M_shuffled,1,test,1081798,0,0.6107235
M_shuffled,1,test,1082641,0,0.5482926
M_shuffled,1,test,1082739,1,0.8178822
M_shuffled,1,test,1084185,0,0.67006826
M_shuffled,1,test,1084364,1,0.6760369
M_shuffled,1,test,1084497,1,0.5749908
M_shuffled,1,test,1085496,1,0.7068757
M_shuffled,1,test,1085579,1,0.5143469
M_shuffled,1,test,1085896,1,0.7501972
M_shuffled,1,test,1086657,1,0.54531217
M_shuffled,1,test,1086770,1,0.55111504
M_shuffled,1,test,1086991,0,0.6419541
M_shuffled,1,test,1087295,1,0.6745083
M_shuffled,1,test,1089310,0,0.7128878
M_shuffled,1,test,1090388,1,0.5700757
M_shuffled,1,test,1090438,1,0.66014427
M_shuffled,1,test,1091071,1,0.7803558
M_shuffled,1,test,1091585,0,0.57697165
M_shuffled,1,test,1092068,0,0.6567532
M_shuffled,1,test,1093139,0,0.61847264
M_shuffled,1,test,1093401,1,0.6406932
M_shuffled,1,test,1094060,1,0.6722678
M_shuffled,1,test,1094259,1,0.5065922
M_shuffled,1,test,1096111,1,0.71750385
M_shuffled,1,test,1096858,1,0.5718664
M_shuffled,1,test,1097215,1,0.44741046
M_shuffled,1,test,1097324,1,0.77612936
M_shuffled,1,test,1099078,1,0.4976688
M_shuffled,1,test,1100516,0,0.641386
M_shuffled,1,test,1100923,1,0.57209337
M_shuffled,1,test,1103063,0,0.66404694
M_shuffled,1,test,1104405,1,0.5642195
M_shuffled,1,test,1104599,1,0.67253995
M_shuffled,1,test,1104649,1,0.6804337
M_shuffled,1,test,1105176,1,0.6691927
M_shuffled,1,test,1105837,1,0.6599431
M_shuffled,1,test,1105913,1,0.57459193
M_shuffled,1,test,1105922,1,0.76714206
M_shuffled,1,test,1106300,1,0.5848422
M_shuffled,1,test,1107147,1,0.7646494
M_shuffled,1,test,1107631,1,0.7215158
M_shuffled,1,test,1109275,1,0.6525755
M_shuffled,1,test,1109329,1,0.6359524
M_shuffled,1,test,1109526,1,0.6918786
M_shuffled,1,test,1109829,1,0.6149654
M_shuffled,1,test,1111153,0,0.6341583
M_shuffled,1,test,1111157,0,0.6071024
M_shuffled,1,test,1111471,1,0.7553318
M_shuffled,1,test,1112111,1,0.58181167
M_shuffled,1,test,1113214,0,0.7341131
M_shuffled,1,test,1115227,1,0.580183
M_shuffled,1,test,1115322,1,0.621308
M_shuffled,1,test,1115713,1,0.7235567
M_shuffled,1,test,1117370,1,0.78410685
M_shuffled,1,test,1117921,1,0.7789352
M_shuffled,1,test,1117975,1,0.60275227
M_shuffled,1,test,1118291,0,0.4871444
M_shuffled,1,test,1118436,1,0.646894
M_shuffled,1,test,1118652,0,0.53055954
M_shuffled,1,test,1119012,1,0.671696
M_shuffled,1,test,1119591,1,0.7878759
M_shuffled,1,test,1119652,1,0.6703825
M_shuffled,1,test,1119930,1,0.67677224
M_shuffled,1,test,1120326,1,0.6609554
M_shuffled,1,test,1120775,1,0.58534086
M_shuffled,1,test,1120955,0,0.63106424
M_shuffled,1,test,1121493,0,0.48627916
M_shuffled,1,test,1121705,1,0.5639542
M_shuffled,1,test,1121926,1,0.7318373
M_shuffled,1,test,1122956,1,0.7248616
M_shuffled,1,test,1122990,1,0.59413403
M_shuffled,1,test,1123350,1,0.6982395
M_shuffled,1,test,1123551,0,0.5117216
M_shuffled,1,test,1124329,1,0.7709578
M_shuffled,1,test,1124330,0,0.51996595
M_shuffled,1,test,1124561,0,0.5959563
M_shuffled,1,test,1125348,0,0.5969528
M_shuffled,1,test,1125785,1,0.63001424
M_shuffled,1,test,1126146,0,0.63016665
M_shuffled,1,test,1126656,0,0.53044057
M_shuffled,1,test,1127029,0,0.9051496
M_shuffled,1,test,1127560,1,0.73528
M_shuffled,1,test,1129053,1,0.690916
M_shuffled,1,test,1129961,0,0.67879117
M_shuffled,1,test,1130161,1,0.66285825
M_shuffled,1,test,1131297,0,0.5857987
M_shuffled,1,test,1131833,1,0.5345539
M_shuffled,1,test,1134339,0,0.5529828
M_shuffled,1,test,1134855,0,0.5041379
M_shuffled,1,test,1134927,1,0.47372073
M_shuffled,1,test,1135587,1,0.75822586
M_shuffled,1,test,1135796,1,0.56879777
M_shuffled,1,test,1136524,0,0.6183955
M_shuffled,1,test,1136946,0,0.5970644
M_shuffled,1,test,1137506,0,0.773891
M_shuffled,1,test,1137818,1,0.6120812
M_shuffled,1,test,1138108,1,0.58540905
M_shuffled,1,test,1139233,1,0.5965851
M_shuffled,1,test,1139249,1,0.70257306
M_shuffled,1,test,1139409,1,0.6613506
M_shuffled,1,test,1139795,0,0.6570835
M_shuffled,1,test,1142126,0,0.7823584
M_shuffled,1,test,1142643,1,0.6225375
M_shuffled,1,test,1142753,1,0.5960207
M_shuffled,1,test,1143415,1,0.7533223
M_shuffled,1,test,1143550,1,0.6779245
M_shuffled,1,test,1144210,1,0.7845047
M_shuffled,1,test,1144260,0,0.6771715
M_shuffled,1,test,1144465,1,0.56761694
M_shuffled,1,test,1144580,1,0.6069512
M_shuffled,1,test,1144621,1,0.5692266
M_shuffled,1,test,1144651,1,0.7755608
M_shuffled,1,test,1145207,0,0.7165085
M_shuffled,1,test,1145385,0,0.53085095
M_shuffled,1,test,1146057,0,0.71492046
M_shuffled,1,test,1146108,0,0.5913063
M_shuffled,1,test,1146318,1,0.7100525
M_shuffled,1,test,1146323,0,0.6463802
M_shuffled,1,test,1146529,1,0.8295727
M_shuffled,1,test,1146584,1,0.55355114
M_shuffled,1,test,1146771,0,0.72055817
M_shuffled,1,test,1146854,1,0.64512604
M_shuffled,1,test,1147012,0,0.7039633
M_shuffled,1,test,1147189,1,0.5544913
M_shuffled,1,test,1148157,1,0.5588849
M_shuffled,1,test,1148437,0,0.59244233
M_shuffled,1,test,1150400,1,0.63778824
M_shuffled,1,test,1151387,0,0.5887172
M_shuffled,1,test,1151422,1,0.767594
M_shuffled,1,test,1151627,1,0.59844625
M_shuffled,1,test,1151789,1,0.62855405
M_shuffled,1,test,1152038,1,0.6621097
M_shuffled,1,test,1152061,1,0.5522494
M_shuffled,1,test,1152979,1,0.63750374
M_shuffled,1,test,1153702,0,0.72336394
M_shuffled,1,test,1153881,0,0.7213319
M_shuffled,1,test,1154576,1,0.48306432
M_shuffled,1,test,1155404,0,0.65851516
M_shuffled,1,test,1155554,1,0.6505909
M_shuffled,1,test,1155802,1,0.642726
M_shuffled,1,test,1157101,1,0.80604666
M_shuffled,1,test,1157237,1,0.7427122
M_shuffled,1,test,1157440,0,0.6415217
M_shuffled,1,test,1158961,1,0.5800487
M_shuffled,1,test,1206308,0,0.71584773
M_shuffled,1,test,1206667,0,0.7727593
M_shuffled,1,test,1206997,1,0.7582351
M_shuffled,1,test,1207140,1,0.5383259
M_shuffled,1,test,1207980,1,0.6759566
M_shuffled,1,test,1208561,1,0.74107826
M_shuffled,1,test,1209776,0,0.63110656
M_shuffled,1,test,1209958,1,0.4583898
M_shuffled,1,test,1210100,0,0.6142573
M_shuffled,1,test,1210485,1,0.5560951
M_shuffled,1,test,1210786,0,0.5807356
M_shuffled,1,test,1211029,1,0.7167243
M_shuffled,1,test,1211042,1,0.68166614
M_shuffled,1,test,1211177,1,0.7407625
M_shuffled,1,test,1211297,1,0.7247019
M_shuffled,1,test,1211505,1,0.61418986
M_shuffled,1,test,1211778,0,0.5798107
M_shuffled,1,test,1212217,1,0.8102251
M_shuffled,1,test,1212354,0,0.5173626
M_shuffled,1,test,1212394,1,0.5012404
M_shuffled,1,test,1212451,0,0.69538105
M_shuffled,1,test,1212582,1,0.6150823
M_shuffled,1,test,1213121,1,0.6346042
M_shuffled,1,test,1213130,1,0.67433107
M_shuffled,1,test,1213344,1,0.64532393
M_shuffled,1,test,1213929,1,0.6100935
M_shuffled,1,test,1213974,0,0.5138945
M_shuffled,1,test,1214144,0,0.6093638
M_shuffled,1,test,1215381,0,0.68819654
M_shuffled,1,test,1215388,0,0.6299109
M_shuffled,1,test,1215586,0,0.61632025
M_shuffled,1,test,1216036,1,0.58775556
M_shuffled,1,test,1216045,1,0.6309738
M_shuffled,1,test,1216223,1,0.60881674
M_shuffled,1,test,1216691,1,0.6845897
M_shuffled,1,test,1216776,1,0.6479091
M_shuffled,1,test,1217051,1,0.7143357
M_shuffled,1,test,1217243,1,0.62319404
M_shuffled,1,test,1217708,0,0.6254849
M_shuffled,1,test,1217769,1,0.7237435
M_shuffled,1,test,1218062,1,0.6858999
M_shuffled,1,test,1218110,0,0.7206081
M_shuffled,1,test,1219634,1,0.7098995
M_shuffled,1,test,1219898,1,0.8085974
M_shuffled,1,test,1219958,0,0.60523283
M_shuffled,1,test,1220095,0,0.66543853
M_shuffled,1,test,1220226,0,0.7403093
M_shuffled,1,test,1220507,0,0.7349764
M_shuffled,1,test,1220572,0,0.5259984
M_shuffled,1,test,1220694,1,0.62987596
M_shuffled,1,test,1221019,0,0.71518
M_shuffled,1,test,1221892,1,0.58762044
M_shuffled,1,test,1222069,1,0.5312092
M_shuffled,1,test,1222110,1,0.7743256
M_shuffled,1,test,1222424,1,0.6783508
M_shuffled,1,test,1222589,1,0.56755173
M_shuffled,1,test,1222850,1,0.65777516
M_shuffled,1,test,1223193,0,0.61992776
M_shuffled,1,test,1223272,1,0.6176308
M_shuffled,1,test,1223289,0,0.66263807
M_shuffled,1,test,1223754,0,0.4892978
M_shuffled,1,test,1224109,0,0.5969464
M_shuffled,1,test,1224306,1,0.6930876
M_shuffled,1,test,1224683,1,0.9013053
M_shuffled,1,test,1224968,1,0.75320685
M_shuffled,1,test,1225050,0,0.6403364
M_shuffled,1,test,1225262,1,0.55651236
M_shuffled,1,test,1225323,1,0.58245283
M_shuffled,1,test,1225648,0,0.7739514
M_shuffled,1,test,1225672,1,0.58048856
M_shuffled,1,test,1225716,0,0.6297154
M_shuffled,1,test,1225945,0,0.73882556
M_shuffled,1,test,1226065,1,0.73902655
M_shuffled,1,test,1226588,1,0.68885446
M_shuffled,1,test,1226641,1,0.7378092
M_shuffled,1,test,1226825,1,0.5713323
M_shuffled,1,test,1226937,0,0.79737806
M_shuffled,1,test,1227061,1,0.90185773
M_shuffled,1,test,1227106,1,0.5770466
M_shuffled,1,test,1227138,0,0.69475657
M_shuffled,1,test,1227504,1,0.56169486
M_shuffled,1,test,1228528,0,0.65125614
M_shuffled,1,test,1228888,1,0.5598762
M_shuffled,1,test,1229368,0,0.620472
M_shuffled,1,test,1229574,0,0.49320275
M_shuffled,1,test,1229725,1,0.59692204
M_shuffled,1,test,1229860,1,0.7640209
M_shuffled,1,test,1230265,1,0.8025236
M_shuffled,1,test,1230408,1,0.596704
M_shuffled,1,test,1230712,0,0.66770744
M_shuffled,1,test,1230724,1,0.867869
M_shuffled,1,test,1230855,0,0.5106664
M_shuffled,1,test,1230993,0,0.5238723
M_shuffled,1,test,1231114,1,0.83463347
M_shuffled,1,test,1231841,0,0.6913807
M_shuffled,1,test,1232099,0,0.5628668
M_shuffled,1,test,1232676,1,0.5837425
M_shuffled,1,test,1233791,1,0.6922228
M_shuffled,1,test,1233962,0,0.6557178
M_shuffled,1,test,1233970,1,0.59742934
M_shuffled,1,test,1234219,1,0.6104292
M_shuffled,1,test,1234306,1,0.67702353
M_shuffled,1,test,1234549,0,0.43506247
M_shuffled,1,test,1234553,0,0.69891727
M_shuffled,1,test,1235265,1,0.6962873
M_shuffled,1,test,1235275,0,0.50534797
M_shuffled,1,test,1235336,1,0.58228964
M_shuffled,1,test,1236071,1,0.5447061
M_shuffled,1,test,1236410,0,0.6812433
M_shuffled,1,test,1236418,1,0.7101891
M_shuffled,1,test,1236759,1,0.68518704
M_shuffled,1,test,1236938,1,0.52316827
M_shuffled,1,test,1237075,0,0.53284895
M_shuffled,1,test,1237241,1,0.57008076
M_shuffled,1,test,1237496,1,0.9183377
M_shuffled,1,test,1237716,0,0.7027946
M_shuffled,1,test,1237793,1,0.6956858
M_shuffled,1,test,1238174,1,0.803167
M_shuffled,1,test,1238215,1,0.63329065
M_shuffled,1,test,1238443,0,0.5037775
M_shuffled,1,test,1238550,1,0.55895793
M_shuffled,1,test,1238574,0,0.52633566
M_shuffled,1,test,1238865,1,0.73676866
M_shuffled,1,test,1238923,0,0.8046831
M_shuffled,1,test,1239038,0,0.780143
M_shuffled,1,test,1239693,0,0.62433106
M_shuffled,1,test,1239772,0,0.5941448
M_shuffled,1,test,1239841,1,0.5506569
M_shuffled,1,test,1239988,0,0.53507113
M_shuffled,1,test,1240378,1,0.6887467
M_shuffled,1,test,1240423,1,0.8141063
M_shuffled,1,test,1240598,1,0.67142504
M_shuffled,1,test,1241453,0,0.5425483
M_shuffled,1,test,1241862,1,0.57996815
M_shuffled,1,test,1242372,1,0.6405094
M_shuffled,1,test,1242535,1,0.6042089
M_shuffled,1,test,1242667,0,0.6183498
M_shuffled,1,test,1242811,0,0.6181614
M_shuffled,1,test,1242831,0,0.59528285
M_shuffled,1,test,1243018,1,0.6344038
M_shuffled,1,test,1243083,0,0.64713037
M_shuffled,1,test,1243802,0,0.69220984
M_shuffled,1,test,1243942,1,0.6382935
M_shuffled,1,test,1243992,1,0.560564
M_shuffled,1,test,1244831,1,0.44763753
M_shuffled,1,test,1245228,0,0.60460615
C_static,1,val,4993,1,0.63728213
C_static,1,val,13412,1,0.63634866
C_static,1,val,22854,1,0.57480025
C_static,1,val,32097,1,0.6806031
C_static,1,val,33368,1,0.5982035
C_static,1,val,42450,1,0.6455426
C_static,1,val,47652,1,0.68507725
C_static,1,val,48755,1,0.75091994
C_static,1,val,50696,1,0.6015774
C_static,1,val,54388,0,0.7207185
C_static,1,val,60519,1,0.66701293
C_static,1,val,70693,0,0.69454193
C_static,1,val,72256,1,0.66694546
C_static,1,val,86179,1,0.6778267
C_static,1,val,86896,0,0.61066246
C_static,1,val,88424,1,0.6804281
C_static,1,val,89850,1,0.6811307
C_static,1,val,93002,1,0.560071
C_static,1,val,93011,0,0.68620926
C_static,1,val,98629,1,0.5438363
C_static,1,val,99307,0,0.6556731
C_static,1,val,100693,1,0.7174199
C_static,1,val,101232,1,0.626625
C_static,1,val,112047,1,0.5302204
C_static,1,val,121204,0,0.49399787
C_static,1,val,121744,1,0.64929646
C_static,1,val,130131,0,0.72230744
C_static,1,val,130832,1,0.58591247
C_static,1,val,135338,0,0.63811755
C_static,1,val,143353,1,0.71380174
C_static,1,val,145109,1,0.68280935
C_static,1,val,146346,1,0.5866204
C_static,1,val,149348,1,0.6191293
C_static,1,val,149880,1,0.652949
C_static,1,val,154041,1,0.65319926
C_static,1,val,157774,1,0.6647434
C_static,1,val,160103,1,0.66070116
C_static,1,val,160197,1,0.7295355
C_static,1,val,167963,1,0.559148
C_static,1,val,174525,1,0.6458897
C_static,1,val,175032,0,0.6344182
C_static,1,val,181574,0,0.6775577
C_static,1,val,183204,0,0.61136603
C_static,1,val,186257,0,0.6716924
C_static,1,val,189056,1,0.57920253
C_static,1,val,189685,0,0.49533698
C_static,1,val,193149,0,0.6297784
C_static,1,val,196058,1,0.68027693
C_static,1,val,199177,0,0.59203094
C_static,1,val,202968,0,0.53685856
C_static,1,val,210361,1,0.62621975
C_static,1,val,216010,1,0.7180754
C_static,1,val,219309,1,0.680854
C_static,1,val,220792,0,0.6075392
C_static,1,val,226106,1,0.48853293
C_static,1,val,226610,1,0.68513656
C_static,1,val,234696,1,0.61692435
C_static,1,val,240229,0,0.5681241
C_static,1,val,243108,1,0.7379189
C_static,1,val,248666,1,0.5912909
C_static,1,val,250983,0,0.6004931
C_static,1,val,253033,0,0.69350666
C_static,1,val,256422,1,0.69095457
C_static,1,val,271298,0,0.6839139
C_static,1,val,273148,1,0.635344
C_static,1,val,273826,1,0.6153821
C_static,1,val,274345,0,0.7000892
C_static,1,val,274563,1,0.66169655
C_static,1,val,275882,1,0.6224969
C_static,1,val,281433,1,0.6335257
C_static,1,val,289992,1,0.6070406
C_static,1,val,293922,0,0.66270334
C_static,1,val,297709,0,0.5408846
C_static,1,val,300925,1,0.6305746
C_static,1,val,303683,0,0.58968127
C_static,1,val,305034,0,0.57154775
C_static,1,val,310191,1,0.65141094
C_static,1,val,312582,1,0.7418346
C_static,1,val,319661,1,0.65393806
C_static,1,val,324095,1,0.62107056
C_static,1,val,329983,1,0.6003967
C_static,1,val,330071,0,0.59298563
C_static,1,val,330603,1,0.6549292
C_static,1,val,332529,1,0.73844874
C_static,1,val,344909,0,0.6185149
C_static,1,val,345087,1,0.6263921
C_static,1,val,345208,1,0.6011306
C_static,1,val,345670,1,0.6712501
C_static,1,val,348496,1,0.70058274
C_static,1,val,350707,0,0.68328327
C_static,1,val,353416,1,0.6555101
C_static,1,val,354035,1,0.575467
C_static,1,val,357322,0,0.6461716
C_static,1,val,364502,1,0.68661124
C_static,1,val,366344,0,0.6286998
C_static,1,val,369818,1,0.6507352
C_static,1,val,369915,1,0.57593846
C_static,1,val,375005,0,0.66843426
C_static,1,val,376917,1,0.61888796
C_static,1,val,377703,1,0.7022391
C_static,1,val,398007,1,0.64478344
C_static,1,val,400944,1,0.60086024
C_static,1,val,402349,0,0.55096745
C_static,1,val,402364,0,0.68075174
C_static,1,val,413173,1,0.63802004
C_static,1,val,413554,1,0.6030203
C_static,1,val,414540,0,0.6114132
C_static,1,val,417147,0,0.48894638
C_static,1,val,419522,1,0.653427
C_static,1,val,423553,1,0.6161561
C_static,1,val,424946,0,0.70305294
C_static,1,val,431664,0,0.61345685
C_static,1,val,432045,0,0.6260677
C_static,1,val,433233,1,0.5752007
C_static,1,val,435249,1,0.6780319
C_static,1,val,443084,0,0.6551816
C_static,1,val,444684,1,0.58021456
C_static,1,val,445318,0,0.5909143
C_static,1,val,448329,1,0.6563197
C_static,1,val,451424,1,0.6179312
C_static,1,val,451600,1,0.634772
C_static,1,val,457834,1,0.6337194
C_static,1,val,465292,1,0.58047444
C_static,1,val,467821,0,0.61847335
C_static,1,val,469865,1,0.66310066
C_static,1,val,479371,0,0.5838722
C_static,1,val,480708,1,0.62554246
C_static,1,val,485608,1,0.62475514
C_static,1,val,486901,0,0.6212838
C_static,1,val,487378,0,0.6225255
C_static,1,val,488255,0,0.48816788
C_static,1,val,490630,1,0.6943962
C_static,1,val,493668,1,0.5654987
C_static,1,val,494011,1,0.56159997
C_static,1,val,496270,1,0.6623491
C_static,1,val,501583,1,0.5779387
C_static,1,val,504132,1,0.6070102
C_static,1,val,506819,1,0.5954436
C_static,1,val,508449,0,0.5556063
C_static,1,val,510306,0,0.588582
C_static,1,val,512180,1,0.61896586
C_static,1,val,513398,0,0.58294064
C_static,1,val,513966,0,0.5531162
C_static,1,val,519298,1,0.5925976
C_static,1,val,524155,0,0.6026652
C_static,1,val,524172,0,0.6231413
C_static,1,val,529499,0,0.58819735
C_static,1,val,529816,1,0.5799165
C_static,1,val,532148,1,0.597807
C_static,1,val,532751,1,0.6019907
C_static,1,val,534048,1,0.5871164
C_static,1,val,535178,1,0.6971328
C_static,1,val,536493,0,0.5971244
C_static,1,val,541544,1,0.582932
C_static,1,val,542399,0,0.59996307
C_static,1,val,547939,1,0.6909895
C_static,1,val,560521,0,0.66804105
C_static,1,val,561141,1,0.6130908
C_static,1,val,563271,1,0.6659393
C_static,1,val,565232,1,0.710035
C_static,1,val,565908,0,0.54104
C_static,1,val,567390,0,0.5353503
C_static,1,val,570049,1,0.60934794
C_static,1,val,570975,0,0.6338823
C_static,1,val,576988,1,0.58304054
C_static,1,val,579106,1,0.65668815
C_static,1,val,595954,1,0.57199764
C_static,1,val,596437,0,0.60753053
C_static,1,val,598165,1,0.63529295
C_static,1,val,598821,0,0.5811418
C_static,1,val,600546,1,0.672159
C_static,1,val,607482,1,0.5197218
C_static,1,val,608068,1,0.67096126
C_static,1,val,612154,0,0.6737908
C_static,1,val,615631,1,0.6961643
C_static,1,val,624977,0,0.72794104
C_static,1,val,626615,0,0.77644265
C_static,1,val,631543,1,0.54481304
C_static,1,val,643466,1,0.60262
C_static,1,val,644043,1,0.665925
C_static,1,val,646681,1,0.5985106
C_static,1,val,646867,1,0.67406535
C_static,1,val,656122,1,0.6578839
C_static,1,val,660915,1,0.70205826
C_static,1,val,660938,1,0.6237227
C_static,1,val,663406,1,0.60467196
C_static,1,val,665029,1,0.6422527
C_static,1,val,671705,1,0.65643233
C_static,1,val,675008,1,0.68558323
C_static,1,val,677928,1,0.5954322
C_static,1,val,680963,0,0.6554669
C_static,1,val,681205,1,0.63277507
C_static,1,val,682914,1,0.5928983
C_static,1,val,684751,1,0.6362971
C_static,1,val,686482,1,0.64113253
C_static,1,val,687171,1,0.5101901
C_static,1,val,692458,1,0.6390527
C_static,1,val,697830,0,0.6059726
C_static,1,val,698653,1,0.88718694
C_static,1,val,702801,0,0.61259836
C_static,1,val,703629,1,0.63868415
C_static,1,val,703834,1,0.714895
C_static,1,val,706141,1,0.52939004
C_static,1,val,706908,0,0.6196505
C_static,1,val,712016,1,0.60276496
C_static,1,val,713284,0,0.6412536
C_static,1,val,714078,0,0.6484483
C_static,1,val,714644,1,0.6259215
C_static,1,val,714764,0,0.6495924
C_static,1,val,714952,1,0.641258
C_static,1,val,726126,0,0.60593015
C_static,1,val,731117,1,0.676951
C_static,1,val,739116,1,0.6117985
C_static,1,val,739674,0,0.6784283
C_static,1,val,743852,1,0.5403992
C_static,1,val,744145,0,0.624895
C_static,1,val,745489,1,0.55477077
C_static,1,val,749211,0,0.5774876
C_static,1,val,759242,1,0.61654043
C_static,1,val,761233,1,0.644763
C_static,1,val,762014,0,0.6561191
C_static,1,val,767236,0,0.5785253
C_static,1,val,769720,1,0.7029245
C_static,1,val,772900,0,0.61828387
C_static,1,val,777687,1,0.5897032
C_static,1,val,781139,0,0.5952086
C_static,1,val,783835,0,0.53637594
C_static,1,val,784920,1,0.633332
C_static,1,val,791392,1,0.6499453
C_static,1,val,792243,0,0.57291937
C_static,1,val,793601,0,0.61587775
C_static,1,val,793726,0,0.6269501
C_static,1,val,803606,1,0.6225055
C_static,1,val,806286,0,0.6393588
C_static,1,val,808181,0,0.5726126
C_static,1,val,809234,1,0.59264916
C_static,1,val,810874,0,0.6042584
C_static,1,val,813871,1,0.5794829
C_static,1,val,820393,1,0.52427787
C_static,1,val,820729,1,0.60917366
C_static,1,val,821863,1,0.6210476
C_static,1,val,823325,0,0.49118626
C_static,1,val,824734,1,0.5522166
C_static,1,val,828427,0,0.5866334
C_static,1,val,835135,1,0.6983715
C_static,1,val,844964,0,0.656045
C_static,1,val,850702,1,0.56324124
C_static,1,val,853023,1,0.55316937
C_static,1,val,865733,1,0.61487806
C_static,1,val,868368,1,0.6702324
C_static,1,val,870739,1,0.5844826
C_static,1,val,878491,1,0.6054467
C_static,1,val,885157,1,0.65163195
C_static,1,val,885222,0,0.6448583
C_static,1,val,888866,0,0.7418643
C_static,1,val,892998,0,0.5840125
C_static,1,val,924232,0,0.69415444
C_static,1,val,936352,0,0.52832395
C_static,1,val,944965,1,0.6825737
C_static,1,val,951246,0,0.7485328
C_static,1,val,951846,0,0.63148403
C_static,1,val,958048,1,0.6509428
C_static,1,val,959155,0,0.5749007
C_static,1,val,960726,0,0.61552733
C_static,1,val,968652,1,0.54496264
C_static,1,val,969827,0,0.59728885
C_static,1,val,972980,1,0.6371068
C_static,1,val,975913,0,0.6425474
C_static,1,val,976696,0,0.5850523
C_static,1,val,981850,1,0.57398224
C_static,1,val,982055,0,0.56894195
C_static,1,val,983916,1,0.5994324
C_static,1,val,984568,1,0.57511467
C_static,1,val,986315,1,0.7159716
C_static,1,val,987657,1,0.75636715
C_static,1,val,989331,1,0.64963186
C_static,1,val,991837,1,0.58118784
C_static,1,val,997176,0,0.6401057
C_static,1,val,1000310,1,0.6223907
C_static,1,val,1005095,1,0.61992806
C_static,1,val,1012389,0,0.60405916
C_static,1,val,1017244,1,0.57802236
C_static,1,val,1017640,1,0.6484074
C_static,1,val,1036745,1,0.6344228
C_static,1,val,1043429,1,0.6622794
C_static,1,val,1048580,1,0.6413684
C_static,1,val,1049831,0,0.6493883
C_static,1,val,1057350,0,0.63089144
C_static,1,val,1062410,1,0.59004813
C_static,1,val,1067041,1,0.6232489
C_static,1,val,1067592,1,0.5614279
C_static,1,val,1069432,1,0.67999506
C_static,1,val,1070777,1,0.62687886
C_static,1,val,1071966,1,0.49691164
C_static,1,val,1072395,1,0.6777165
C_static,1,val,1075228,1,0.67261297
C_static,1,val,1075447,1,0.70903134
C_static,1,val,1076650,1,0.59800893
C_static,1,val,1079219,0,0.6322286
C_static,1,val,1079586,0,0.58223325
C_static,1,val,1081383,0,0.6288337
C_static,1,val,1081426,1,0.6614611
C_static,1,val,1082124,1,0.47705385
C_static,1,val,1082765,1,0.6777301
C_static,1,val,1083817,1,0.68281376
C_static,1,val,1084214,1,0.5198624
C_static,1,val,1085709,1,0.5843134
C_static,1,val,1086850,0,0.7303103
C_static,1,val,1088707,1,0.65333235
C_static,1,val,1088918,1,0.6123758
C_static,1,val,1089172,1,0.6502987
C_static,1,val,1089175,1,0.60935247
C_static,1,val,1091343,0,0.70503163
C_static,1,val,1092437,1,0.63611084
C_static,1,val,1092557,0,0.65887356
C_static,1,val,1092783,1,0.66787654
C_static,1,val,1092889,1,0.55269635
C_static,1,val,1093743,0,0.5141549
C_static,1,val,1094011,1,0.67006403
C_static,1,val,1094030,1,0.6133798
C_static,1,val,1094046,1,0.6512171
C_static,1,val,1095642,1,0.6529133
C_static,1,val,1095841,1,0.6486499
C_static,1,val,1096276,0,0.6881268
C_static,1,val,1096586,0,0.6355639
C_static,1,val,1096850,1,0.63595265
C_static,1,val,1097316,1,0.65431637
C_static,1,val,1098204,1,0.67214996
C_static,1,val,1098855,1,0.5498563
C_static,1,val,1099234,1,0.6339683
C_static,1,val,1099660,1,0.59865594
C_static,1,val,1103054,0,0.57405645
C_static,1,val,1103087,1,0.66713864
C_static,1,val,1103360,1,0.56492007
C_static,1,val,1104012,1,0.66749233
C_static,1,val,1104452,1,0.7353601
C_static,1,val,1104470,1,0.6827636
C_static,1,val,1105078,1,0.64454854
C_static,1,val,1105241,0,0.4949835
C_static,1,val,1105345,0,0.60487103
C_static,1,val,1105733,1,0.5346624
C_static,1,val,1105916,1,0.57736194
C_static,1,val,1107291,0,0.61288875
C_static,1,val,1108050,1,0.6940303
C_static,1,val,1109299,1,0.65775627
C_static,1,val,1110598,0,0.6420895
C_static,1,val,1112425,1,0.5696258
C_static,1,val,1112465,1,0.5611509
C_static,1,val,1113133,0,0.6065039
C_static,1,val,1113237,1,0.61984295
C_static,1,val,1113756,1,0.6936137
C_static,1,val,1113808,0,0.5960376
C_static,1,val,1113857,0,0.6508615
C_static,1,val,1115247,0,0.58581835
C_static,1,val,1115335,1,0.72975236
C_static,1,val,1115427,1,0.52850115
C_static,1,val,1116144,1,0.6304535
C_static,1,val,1116363,0,0.6960558
C_static,1,val,1116440,0,0.66043335
C_static,1,val,1116580,1,0.69604284
C_static,1,val,1116601,0,0.6308885
C_static,1,val,1116790,0,0.68894154
C_static,1,val,1118641,0,0.656385
C_static,1,val,1118849,1,0.6118685
C_static,1,val,1119647,1,0.6113659
C_static,1,val,1119855,0,0.6547284
C_static,1,val,1120120,0,0.5675461
C_static,1,val,1120692,1,0.6575514
C_static,1,val,1120869,0,0.6164891
C_static,1,val,1122513,1,0.66420084
C_static,1,val,1122658,1,0.7345084
C_static,1,val,1123222,1,0.57468396
C_static,1,val,1123500,1,0.576581
C_static,1,val,1124034,1,0.59575874
C_static,1,val,1124658,0,0.668813
C_static,1,val,1124894,1,0.55199933
C_static,1,val,1125163,1,0.59132504
C_static,1,val,1125748,1,0.5948731
C_static,1,val,1126857,1,0.63901
C_static,1,val,1128467,1,0.67987406
C_static,1,val,1128618,1,0.72597283
C_static,1,val,1129029,0,0.62103134
C_static,1,val,1129401,1,0.6947959
C_static,1,val,1129979,1,0.62654924
C_static,1,val,1130043,1,0.8087348
C_static,1,val,1130533,1,0.6891972
C_static,1,val,1130756,1,0.63605076
C_static,1,val,1131355,1,0.7269739
C_static,1,val,1131386,1,0.50344616
C_static,1,val,1131656,1,0.61187464
C_static,1,val,1132010,0,0.66516644
C_static,1,val,1135241,0,0.6229226
C_static,1,val,1135703,1,0.65689933
C_static,1,val,1136279,0,0.63955843
C_static,1,val,1136310,1,0.64786667
C_static,1,val,1136723,0,0.6309111
C_static,1,val,1137555,1,0.75785416
C_static,1,val,1137589,1,0.6632099
C_static,1,val,1138091,1,0.52189916
C_static,1,val,1138321,1,0.5435132
C_static,1,val,1138374,0,0.53708297
C_static,1,val,1138670,1,0.57350147
C_static,1,val,1138870,1,0.68817115
C_static,1,val,1139275,1,0.63992417
C_static,1,val,1140109,1,0.6263229
C_static,1,val,1140316,1,0.69279176
C_static,1,val,1141936,1,0.67168146
C_static,1,val,1142089,1,0.66329163
C_static,1,val,1142188,1,0.6003426
C_static,1,val,1142355,0,0.59025
C_static,1,val,1142724,0,0.58908874
C_static,1,val,1143869,0,0.6476159
C_static,1,val,1144198,1,0.66674805
C_static,1,val,1144734,1,0.64661044
C_static,1,val,1144792,0,0.6890453
C_static,1,val,1145284,1,0.62715656
C_static,1,val,1145959,1,0.6137779
C_static,1,val,1145969,1,0.6192925
C_static,1,val,1146989,0,0.6113656
C_static,1,val,1147155,1,0.6407634
C_static,1,val,1147302,0,0.5782151
C_static,1,val,1147838,0,0.6060956
C_static,1,val,1148110,0,0.6345496
C_static,1,val,1148113,1,0.67061937
C_static,1,val,1148332,1,0.66283846
C_static,1,val,1148376,1,0.67963576
C_static,1,val,1149831,1,0.5909915
C_static,1,val,1149916,1,0.5279143
C_static,1,val,1150067,1,0.6603652
C_static,1,val,1151454,0,0.48975986
C_static,1,val,1151510,0,0.62696064
C_static,1,val,1151569,1,0.692916
C_static,1,val,1151818,0,0.65322375
C_static,1,val,1151994,1,0.66297275
C_static,1,val,1152380,1,0.6091922
C_static,1,val,1152700,1,0.68813187
C_static,1,val,1152708,1,0.6744223
C_static,1,val,1152877,0,0.55829144
C_static,1,val,1153023,1,0.67601514
C_static,1,val,1153155,1,0.6711613
C_static,1,val,1153931,1,0.70296997
C_static,1,val,1154574,1,0.72146493
C_static,1,val,1155176,1,0.66249007
C_static,1,val,1157142,1,0.61021775
C_static,1,val,1206010,0,0.5994019
C_static,1,val,1206257,1,0.63568103
C_static,1,val,1206334,0,0.64696586
C_static,1,val,1207181,0,0.738339
C_static,1,val,1207207,1,0.6737852
C_static,1,val,1207367,1,0.6431982
C_static,1,val,1207384,1,0.6403226
C_static,1,val,1207464,1,0.64861494
C_static,1,val,1208159,1,0.6670943
C_static,1,val,1208290,1,0.6046551
C_static,1,val,1208422,1,0.7242803
C_static,1,val,1208544,0,0.71717703
C_static,1,val,1208870,1,0.6767054
C_static,1,val,1209034,1,0.6737231
C_static,1,val,1209229,0,0.6562057
C_static,1,val,1209908,0,0.73299664
C_static,1,val,1210816,1,0.6273319
C_static,1,val,1212290,1,0.6551612
C_static,1,val,1212738,1,0.74644756
C_static,1,val,1213667,0,0.56066823
C_static,1,val,1213716,1,0.6702874
C_static,1,val,1213978,0,0.6649389
C_static,1,val,1214063,1,0.61297315
C_static,1,val,1214597,1,0.67311025
C_static,1,val,1215070,1,0.56369805
C_static,1,val,1215132,0,0.57567275
C_static,1,val,1215420,1,0.6404745
C_static,1,val,1215921,1,0.55486685
C_static,1,val,1216025,0,0.65202874
C_static,1,val,1216145,0,0.6871469
C_static,1,val,1216188,0,0.5587386
C_static,1,val,1216704,1,0.7171723
C_static,1,val,1216841,0,0.6454447
C_static,1,val,1216904,0,0.6328437
C_static,1,val,1217573,1,0.74718297
C_static,1,val,1217635,1,0.70015424
C_static,1,val,1217948,1,0.557919
C_static,1,val,1218059,1,0.6524197
C_static,1,val,1218235,1,0.63626206
C_static,1,val,1218421,1,0.6689097
C_static,1,val,1218554,1,0.61582065
C_static,1,val,1218726,1,0.64112175
C_static,1,val,1219254,0,0.6281002
C_static,1,val,1219802,1,0.6473542
C_static,1,val,1219877,1,0.6491776
C_static,1,val,1219890,1,0.6188506
C_static,1,val,1219897,1,0.6990615
C_static,1,val,1219949,0,0.60076785
C_static,1,val,1220037,1,0.64412856
C_static,1,val,1220386,0,0.542066
C_static,1,val,1220475,0,0.63373005
C_static,1,val,1220832,0,0.69911385
C_static,1,val,1221118,0,0.66529554
C_static,1,val,1221764,1,0.61736697
C_static,1,val,1222028,1,0.6638181
C_static,1,val,1223017,1,0.5940879
C_static,1,val,1223383,1,0.72433555
C_static,1,val,1224353,0,0.65575397
C_static,1,val,1224371,1,0.5646627
C_static,1,val,1224500,1,0.63544923
C_static,1,val,1225046,0,0.65055895
C_static,1,val,1225309,1,0.695204
C_static,1,val,1225334,0,0.7366602
C_static,1,val,1225388,0,0.6952362
C_static,1,val,1225500,0,0.712872
C_static,1,val,1225758,1,0.70792925
C_static,1,val,1226509,1,0.6265059
C_static,1,val,1227545,1,0.8243325
C_static,1,val,1227597,0,0.7251726
C_static,1,val,1227765,1,0.5778956
C_static,1,val,1227804,0,0.65801185
C_static,1,val,1228018,1,0.7262002
C_static,1,val,1228461,1,0.6813837
C_static,1,val,1229605,0,0.70551836
C_static,1,val,1229991,0,0.58615834
C_static,1,val,1230721,1,0.71176183
C_static,1,val,1230968,1,0.6553796
C_static,1,val,1231044,1,0.6322296
C_static,1,val,1231253,0,0.6289158
C_static,1,val,1231339,0,0.6687212
C_static,1,val,1231343,1,0.6710009
C_static,1,val,1231928,1,0.61846405
C_static,1,val,1232006,1,0.6656154
C_static,1,val,1232033,0,0.47658658
C_static,1,val,1232296,1,0.49658415
C_static,1,val,1233154,1,0.5235145
C_static,1,val,1233203,1,0.70541584
C_static,1,val,1233369,0,0.59945637
C_static,1,val,1233621,0,0.7213929
C_static,1,val,1233632,1,0.73572093
C_static,1,val,1234472,1,0.66896486
C_static,1,val,1234672,0,0.6604766
C_static,1,val,1234804,1,0.6441721
C_static,1,val,1235172,0,0.6430674
C_static,1,val,1235777,1,0.6862388
C_static,1,val,1235863,1,0.6148016
C_static,1,val,1235882,0,0.63983804
C_static,1,val,1236187,0,0.6020793
C_static,1,val,1237352,1,0.68017983
C_static,1,val,1237367,1,0.6352552
C_static,1,val,1237861,0,0.6371121
C_static,1,val,1237964,0,0.6219145
C_static,1,val,1238200,1,0.63818854
C_static,1,val,1238203,1,0.6729471
C_static,1,val,1238287,0,0.72751325
C_static,1,val,1238298,1,0.6159854
C_static,1,val,1238523,1,0.6521391
C_static,1,val,1238594,0,0.5985981
C_static,1,val,1238864,1,0.5903366
C_static,1,val,1238917,0,0.7396835
C_static,1,val,1239127,0,0.64077985
C_static,1,val,1239377,1,0.65495926
C_static,1,val,1239474,1,0.6466804
C_static,1,val,1239881,1,0.6143605
C_static,1,val,1240209,1,0.71645635
C_static,1,val,1240705,1,0.6452513
C_static,1,val,1240951,0,0.6996625
C_static,1,val,1241625,0,0.6155922
C_static,1,val,1242009,1,0.6106591
C_static,1,val,1242135,0,0.6554262
C_static,1,val,1242264,0,0.53923583
C_static,1,val,1242338,1,0.67496675
C_static,1,val,1242381,0,0.66937613
C_static,1,val,1242501,1,0.6331531
C_static,1,val,1242645,0,0.71600676
C_static,1,val,1242725,1,0.7061165
C_static,1,val,1242755,0,0.68873936
C_static,1,val,1242835,1,0.66180885
C_static,1,val,1243045,0,0.5569308
C_static,1,val,1243514,1,0.6479598
C_static,1,val,1243838,0,0.6568239
C_static,1,val,1243993,0,0.65428704
C_static,1,val,1244606,1,0.7166512
C_static,1,val,1246490,1,0.61625564
C_static,1,val,1246508,0,0.55003023
C_static,1,test,1922,1,0.48469087
C_static,1,test,12246,1,0.52930295
C_static,1,test,16787,0,0.6776668
C_static,1,test,19126,1,0.66655016
C_static,1,test,34428,0,0.60630035
C_static,1,test,42331,1,0.7205372
C_static,1,test,44366,1,0.59961665
C_static,1,test,47250,1,0.59906185
C_static,1,test,48545,0,0.71088797
C_static,1,test,54142,1,0.6357292
C_static,1,test,61752,1,0.64494777
C_static,1,test,62606,1,0.67245936
C_static,1,test,66226,1,0.6784857
C_static,1,test,66381,1,0.7275747
C_static,1,test,68648,0,0.62122816
C_static,1,test,70147,0,0.6567575
C_static,1,test,72035,0,0.6541995
C_static,1,test,73899,1,0.69089943
C_static,1,test,88483,1,0.79479146
C_static,1,test,96757,1,0.6342976
C_static,1,test,97998,0,0.6160929
C_static,1,test,102708,1,0.7116617
C_static,1,test,105271,1,0.6668374
C_static,1,test,114318,1,0.7697647
C_static,1,test,120088,1,0.667536
C_static,1,test,127579,0,0.5570119
C_static,1,test,129407,1,0.6506832
C_static,1,test,131155,1,0.6722169
C_static,1,test,136645,1,0.6461824
C_static,1,test,139145,1,0.5768168
C_static,1,test,141620,1,0.6071972
C_static,1,test,147228,1,0.57865095
C_static,1,test,156299,1,0.6327029
C_static,1,test,156996,1,0.56319183
C_static,1,test,157449,1,0.6509668
C_static,1,test,157463,1,0.6447037
C_static,1,test,161593,1,0.6442719
C_static,1,test,163659,1,0.60592306
C_static,1,test,167183,1,0.5212238
C_static,1,test,169457,0,0.5875462
C_static,1,test,171896,1,0.6560909
C_static,1,test,172578,1,0.6909456
C_static,1,test,181466,0,0.6926025
C_static,1,test,184874,1,0.63131934
C_static,1,test,186379,1,0.6600369
C_static,1,test,190049,1,0.70126754
C_static,1,test,190176,0,0.5938249
C_static,1,test,190187,0,0.58785623
C_static,1,test,191335,0,0.66289985
C_static,1,test,200131,1,0.608483
C_static,1,test,200858,1,0.49921596
C_static,1,test,203461,1,0.6446711
C_static,1,test,208652,1,0.64855576
C_static,1,test,216287,0,0.6185833
C_static,1,test,218529,1,0.7006889
C_static,1,test,223651,1,0.64006203
C_static,1,test,228543,1,0.8151519
C_static,1,test,238407,0,0.53099674
C_static,1,test,258335,0,0.5163655
C_static,1,test,278134,1,0.6670718
C_static,1,test,278836,1,0.6007647
C_static,1,test,280705,0,0.5878621
C_static,1,test,284088,0,0.64338136
C_static,1,test,290944,0,0.6087403
C_static,1,test,293205,0,0.67320013
C_static,1,test,295284,0,0.6179467
C_static,1,test,298058,1,0.636856
C_static,1,test,312434,1,0.5786148
C_static,1,test,312810,1,0.6821752
C_static,1,test,318640,1,0.6212388
C_static,1,test,319549,1,0.6690955
C_static,1,test,320867,1,0.588944
C_static,1,test,321989,1,0.6622467
C_static,1,test,323320,0,0.5684004
C_static,1,test,323939,0,0.57943225
C_static,1,test,335240,0,0.5730348
C_static,1,test,335955,1,0.54698646
C_static,1,test,338312,1,0.5809362
C_static,1,test,348589,1,0.5641951
C_static,1,test,351101,1,0.5359098
C_static,1,test,353336,1,0.5360807
C_static,1,test,358239,1,0.6165345
C_static,1,test,360745,1,0.85343844
C_static,1,test,374203,0,0.5793386
C_static,1,test,375294,1,0.5132586
C_static,1,test,380225,1,0.6263673
C_static,1,test,402720,1,0.6602296
C_static,1,test,405843,1,0.6381851
C_static,1,test,408105,0,0.61624473
C_static,1,test,419138,0,0.572043
C_static,1,test,433303,1,0.63598704
C_static,1,test,433686,1,0.6646454
C_static,1,test,442797,1,0.5573319
C_static,1,test,443207,1,0.6437522
C_static,1,test,443610,0,0.6101992
C_static,1,test,444203,0,0.5990597
C_static,1,test,445545,1,0.59896916
C_static,1,test,450155,1,0.85777545
C_static,1,test,451844,1,0.7011622
C_static,1,test,460422,1,0.5641015
C_static,1,test,460580,1,0.66457796
C_static,1,test,461946,1,0.5886557
C_static,1,test,463375,1,0.58625364
C_static,1,test,465489,0,0.5703957
C_static,1,test,466437,1,0.63059664
C_static,1,test,468086,1,0.65350413
C_static,1,test,468548,1,0.57490635
C_static,1,test,474601,1,0.6590702
C_static,1,test,477779,1,0.5528808
C_static,1,test,479811,0,0.61208266
C_static,1,test,480021,0,0.6470357
C_static,1,test,480598,1,0.65906787
C_static,1,test,484238,1,0.6135478
C_static,1,test,486892,0,0.6064206
C_static,1,test,488934,0,0.6876155
C_static,1,test,498363,1,0.6778347
C_static,1,test,507011,1,0.6690552
C_static,1,test,510372,1,0.5800245
C_static,1,test,511018,0,0.58444226
C_static,1,test,512053,1,0.6105392
C_static,1,test,517848,1,0.6994943
C_static,1,test,520621,1,0.5722205
C_static,1,test,525300,1,0.5839561
C_static,1,test,532533,1,0.67382944
C_static,1,test,537472,1,0.6014781
C_static,1,test,544153,1,0.5092242
C_static,1,test,544425,0,0.64289105
C_static,1,test,544864,1,0.6125609
C_static,1,test,550892,1,0.6346421
C_static,1,test,552901,1,0.55023795
C_static,1,test,554960,0,0.7565282
C_static,1,test,555492,0,0.62696904
C_static,1,test,559178,1,0.62103665
C_static,1,test,566285,1,0.6298549
C_static,1,test,567847,1,0.6160426
C_static,1,test,569789,0,0.5334727
C_static,1,test,573425,1,0.58247036
C_static,1,test,586109,0,0.6434794
C_static,1,test,589139,1,0.6559522
C_static,1,test,592431,1,0.65110993
C_static,1,test,592548,0,0.6331852
C_static,1,test,595609,1,0.6121513
C_static,1,test,599396,0,0.6113317
C_static,1,test,618335,1,0.5823723
C_static,1,test,619649,1,0.5799159
C_static,1,test,624010,0,0.60247296
C_static,1,test,624692,1,0.63465023
C_static,1,test,627036,1,0.6091242
C_static,1,test,629729,1,0.66389793
C_static,1,test,644299,1,0.63528985
C_static,1,test,644744,1,0.6925571
C_static,1,test,649217,1,0.5669752
C_static,1,test,649863,1,0.6037304
C_static,1,test,655410,1,0.5713077
C_static,1,test,660061,1,0.6151767
C_static,1,test,661193,0,0.7204196
C_static,1,test,672172,1,0.6578661
C_static,1,test,675660,0,0.656841
C_static,1,test,675907,0,0.6436432
C_static,1,test,678681,1,0.5872497
C_static,1,test,683148,1,0.6276248
C_static,1,test,687290,0,0.62204903
C_static,1,test,690734,0,0.5977945
C_static,1,test,697961,1,0.60819095
C_static,1,test,698579,1,0.6766938
C_static,1,test,700550,1,0.63640344
C_static,1,test,704059,0,0.6657343
C_static,1,test,709192,0,0.71233314
C_static,1,test,711782,1,0.63175124
C_static,1,test,718140,0,0.6918588
C_static,1,test,718508,1,0.6053664
C_static,1,test,719050,0,0.57654434
C_static,1,test,725470,0,0.5114797
C_static,1,test,726612,1,0.5974086
C_static,1,test,727266,1,0.5821272
C_static,1,test,738172,0,0.6515812
C_static,1,test,742847,0,0.73562515
C_static,1,test,747710,0,0.60669565
C_static,1,test,750827,0,0.6102572
C_static,1,test,750881,0,0.62216395
C_static,1,test,752967,1,0.62158996
C_static,1,test,754586,1,0.5767413
C_static,1,test,755156,1,0.6238564
C_static,1,test,755294,1,0.6384241
C_static,1,test,760561,0,0.58968097
C_static,1,test,765027,1,0.55901134
C_static,1,test,765473,1,0.7288146
C_static,1,test,765954,0,0.52085453
C_static,1,test,774678,1,0.7581243
C_static,1,test,777118,1,0.63333565
C_static,1,test,779240,0,0.7150713
C_static,1,test,781445,0,0.6653895
C_static,1,test,789824,0,0.60081285
C_static,1,test,806762,0,0.6421218
C_static,1,test,809238,0,0.65480125
C_static,1,test,822633,1,0.6092908
C_static,1,test,825913,1,0.607426
C_static,1,test,828057,0,0.6143766
C_static,1,test,829142,1,0.7242297
C_static,1,test,829697,0,0.6589958
C_static,1,test,834515,0,0.63438386
C_static,1,test,835833,1,0.63880515
C_static,1,test,836571,0,0.6015245
C_static,1,test,841534,0,0.5302049
C_static,1,test,847036,1,0.687806
C_static,1,test,848723,1,0.5645635
C_static,1,test,851816,0,0.60700417
C_static,1,test,854069,1,0.5662252
C_static,1,test,856302,0,0.6046065
C_static,1,test,859236,0,0.6319168
C_static,1,test,866895,0,0.66488206
C_static,1,test,867398,0,0.63344747
C_static,1,test,868318,0,0.5554118
C_static,1,test,875038,1,0.71486676
C_static,1,test,877486,1,0.64380705
C_static,1,test,880466,1,0.5936332
C_static,1,test,889657,1,0.8436319
C_static,1,test,894409,1,0.63161063
C_static,1,test,899067,0,0.6263227
C_static,1,test,900762,1,0.63961416
C_static,1,test,941626,1,0.6156549
C_static,1,test,943672,1,0.6997255
C_static,1,test,947197,1,0.6156641
C_static,1,test,951465,0,0.6816944
C_static,1,test,951654,0,0.60380614
C_static,1,test,952219,0,0.55775195
C_static,1,test,954440,1,0.61335576
C_static,1,test,955669,0,0.66405976
C_static,1,test,956387,1,0.58829916
C_static,1,test,961563,0,0.624557
C_static,1,test,961819,0,0.56205875
C_static,1,test,962660,1,0.6147256
C_static,1,test,963985,1,0.66207194
C_static,1,test,964462,0,0.55573225
C_static,1,test,970464,1,0.6538337
C_static,1,test,972111,0,0.65672505
C_static,1,test,979369,1,0.5921823
C_static,1,test,979917,1,0.7388551
C_static,1,test,979941,0,0.51052743
C_static,1,test,980697,0,0.54502976
C_static,1,test,982817,0,0.5917453
C_static,1,test,984065,0,0.6026376
C_static,1,test,986074,1,0.63390195
C_static,1,test,986844,1,0.6381066
C_static,1,test,987078,1,0.6532638
C_static,1,test,987267,1,0.62027675
C_static,1,test,989755,1,0.6173565
C_static,1,test,991790,1,0.62653404
C_static,1,test,993602,1,0.60865784
C_static,1,test,994160,1,0.6478112
C_static,1,test,1002373,1,0.53952926
C_static,1,test,1005171,1,0.63433677
C_static,1,test,1006489,0,0.620019
C_static,1,test,1008354,0,0.54977846
C_static,1,test,1009347,1,0.68638396
C_static,1,test,1020322,0,0.5125776
C_static,1,test,1029192,1,0.6893409
C_static,1,test,1029373,1,0.76998264
C_static,1,test,1030940,1,0.54524684
C_static,1,test,1046104,0,0.59210056
C_static,1,test,1051850,0,0.5558717
C_static,1,test,1054838,0,0.6551873
C_static,1,test,1064446,1,0.6960806
C_static,1,test,1065288,0,0.48335302
C_static,1,test,1066534,1,0.59707344
C_static,1,test,1067406,1,0.6070982
C_static,1,test,1069689,1,0.5652653
C_static,1,test,1070472,0,0.61980224
C_static,1,test,1073839,0,0.69859624
C_static,1,test,1074094,1,0.5958805
C_static,1,test,1074306,1,0.6067766
C_static,1,test,1074427,1,0.6188096
C_static,1,test,1074527,1,0.61393833
C_static,1,test,1074753,0,0.6312507
C_static,1,test,1075557,1,0.5313276
C_static,1,test,1075699,1,0.61808246
C_static,1,test,1077703,1,0.6913917
C_static,1,test,1078392,1,0.6366323
C_static,1,test,1078893,0,0.69400895
C_static,1,test,1079527,1,0.68151116
C_static,1,test,1080214,1,0.63802826
C_static,1,test,1080366,1,0.6070688
C_static,1,test,1080979,1,0.5643877
C_static,1,test,1081798,0,0.66243774
C_static,1,test,1082641,0,0.61621445
C_static,1,test,1082739,1,0.7636259
C_static,1,test,1084185,0,0.5836817
C_static,1,test,1084364,1,0.60906535
C_static,1,test,1084497,1,0.62678105
C_static,1,test,1085496,1,0.7018508
C_static,1,test,1085579,1,0.5716568
C_static,1,test,1085896,1,0.7653778
C_static,1,test,1086657,1,0.6076018
C_static,1,test,1086770,1,0.6773934
C_static,1,test,1086991,0,0.62909883
C_static,1,test,1087295,1,0.67585725
C_static,1,test,1089310,0,0.57623136
C_static,1,test,1090388,1,0.64988047
C_static,1,test,1090438,1,0.6218721
C_static,1,test,1091071,1,0.67086273
C_static,1,test,1091585,0,0.6888387
C_static,1,test,1092068,0,0.7206928
C_static,1,test,1093139,0,0.5436773
C_static,1,test,1093401,1,0.642492
C_static,1,test,1094060,1,0.6356152
C_static,1,test,1094259,1,0.5603695
C_static,1,test,1096111,1,0.66618264
C_static,1,test,1096858,1,0.58018565
C_static,1,test,1097215,1,0.5597117
C_static,1,test,1097324,1,0.7353952
C_static,1,test,1099078,1,0.65206397
C_static,1,test,1100516,0,0.63280106
C_static,1,test,1100923,1,0.6736284
C_static,1,test,1103063,0,0.6032796
C_static,1,test,1104405,1,0.65116626
C_static,1,test,1104599,1,0.6063994
C_static,1,test,1104649,1,0.7451309
C_static,1,test,1105176,1,0.61845016
C_static,1,test,1105837,1,0.64098066
C_static,1,test,1105913,1,0.5911573
C_static,1,test,1105922,1,0.67072964
C_static,1,test,1106300,1,0.59968966
C_static,1,test,1107147,1,0.7616886
C_static,1,test,1107631,1,0.657088
C_static,1,test,1109275,1,0.60597664
C_static,1,test,1109329,1,0.6492491
C_static,1,test,1109526,1,0.7148233
C_static,1,test,1109829,1,0.62131846
C_static,1,test,1111153,0,0.55718255
C_static,1,test,1111157,0,0.6314528
C_static,1,test,1111471,1,0.6102923
C_static,1,test,1112111,1,0.567479
C_static,1,test,1113214,0,0.67903775
C_static,1,test,1115227,1,0.6079857
C_static,1,test,1115322,1,0.629217
C_static,1,test,1115713,1,0.66105175
C_static,1,test,1117370,1,0.7410771
C_static,1,test,1117921,1,0.61125666
C_static,1,test,1117975,1,0.6234236
C_static,1,test,1118291,0,0.4738217
C_static,1,test,1118436,1,0.6455533
C_static,1,test,1118652,0,0.59429
C_static,1,test,1119012,1,0.7243185
C_static,1,test,1119591,1,0.7240924
C_static,1,test,1119652,1,0.6398602
C_static,1,test,1119930,1,0.63755006
C_static,1,test,1120326,1,0.6056603
C_static,1,test,1120775,1,0.69041866
C_static,1,test,1120955,0,0.7374876
C_static,1,test,1121493,0,0.5683155
C_static,1,test,1121705,1,0.6071928
C_static,1,test,1121926,1,0.6265919
C_static,1,test,1122956,1,0.65792763
C_static,1,test,1122990,1,0.6622776
C_static,1,test,1123350,1,0.68003845
C_static,1,test,1123551,0,0.63118166
C_static,1,test,1124329,1,0.67840475
C_static,1,test,1124330,0,0.55408293
C_static,1,test,1124561,0,0.59934324
C_static,1,test,1125348,0,0.70558816
C_static,1,test,1125785,1,0.59171486
C_static,1,test,1126146,0,0.6424191
C_static,1,test,1126656,0,0.49208897
C_static,1,test,1127029,0,0.7034537
C_static,1,test,1127560,1,0.63062274
C_static,1,test,1129053,1,0.64862597
C_static,1,test,1129961,0,0.6310243
C_static,1,test,1130161,1,0.60221267
C_static,1,test,1131297,0,0.7170263
C_static,1,test,1131833,1,0.6330744
C_static,1,test,1134339,0,0.5880345
C_static,1,test,1134855,0,0.5083581
C_static,1,test,1134927,1,0.5858507
C_static,1,test,1135587,1,0.70414615
C_static,1,test,1135796,1,0.7194774
C_static,1,test,1136524,0,0.5738186
C_static,1,test,1136946,0,0.62735736
C_static,1,test,1137506,0,0.7319894
C_static,1,test,1137818,1,0.62231046
C_static,1,test,1138108,1,0.59780884
C_static,1,test,1139233,1,0.59025085
C_static,1,test,1139249,1,0.6549348
C_static,1,test,1139409,1,0.65816957
C_static,1,test,1139795,0,0.6328044
C_static,1,test,1142126,0,0.577896
C_static,1,test,1142643,1,0.6557049
C_static,1,test,1142753,1,0.66607356
C_static,1,test,1143415,1,0.6517553
C_static,1,test,1143550,1,0.62662834
C_static,1,test,1144210,1,0.6287592
C_static,1,test,1144260,0,0.6882982
C_static,1,test,1144465,1,0.6560221
C_static,1,test,1144580,1,0.6722094
C_static,1,test,1144621,1,0.6833954
C_static,1,test,1144651,1,0.7422024
C_static,1,test,1145207,0,0.6533607
C_static,1,test,1145385,0,0.61725587
C_static,1,test,1146057,0,0.7134487
C_static,1,test,1146108,0,0.693798
C_static,1,test,1146318,1,0.5878303
C_static,1,test,1146323,0,0.71101767
C_static,1,test,1146529,1,0.71402866
C_static,1,test,1146584,1,0.6448978
C_static,1,test,1146771,0,0.6912656
C_static,1,test,1146854,1,0.6620937
C_static,1,test,1147012,0,0.6365963
C_static,1,test,1147189,1,0.55191594
C_static,1,test,1148157,1,0.6636508
C_static,1,test,1148437,0,0.54144716
C_static,1,test,1150400,1,0.63541555
C_static,1,test,1151387,0,0.64063644
C_static,1,test,1151422,1,0.70611244
C_static,1,test,1151627,1,0.65281135
C_static,1,test,1151789,1,0.7260025
C_static,1,test,1152038,1,0.6349242
C_static,1,test,1152061,1,0.6608462
C_static,1,test,1152979,1,0.73544264
C_static,1,test,1153702,0,0.6683766
C_static,1,test,1153881,0,0.663174
C_static,1,test,1154576,1,0.5415646
C_static,1,test,1155404,0,0.58326924
C_static,1,test,1155554,1,0.69618505
C_static,1,test,1155802,1,0.5792622
C_static,1,test,1157101,1,0.67548513
C_static,1,test,1157237,1,0.73042214
C_static,1,test,1157440,0,0.6888031
C_static,1,test,1158961,1,0.6481227
C_static,1,test,1206308,0,0.6518462
C_static,1,test,1206667,0,0.646773
C_static,1,test,1206997,1,0.67862314
C_static,1,test,1207140,1,0.6841484
C_static,1,test,1207980,1,0.70728934
C_static,1,test,1208561,1,0.68304336
C_static,1,test,1209776,0,0.6401805
C_static,1,test,1209958,1,0.61506
C_static,1,test,1210100,0,0.63398844
C_static,1,test,1210485,1,0.724764
C_static,1,test,1210786,0,0.55710626
C_static,1,test,1211029,1,0.6144501
C_static,1,test,1211042,1,0.68646437
C_static,1,test,1211177,1,0.6567906
C_static,1,test,1211297,1,0.679913
C_static,1,test,1211505,1,0.6904595
C_static,1,test,1211778,0,0.6620684
C_static,1,test,1212217,1,0.6695668
C_static,1,test,1212354,0,0.6522763
C_static,1,test,1212394,1,0.588485
C_static,1,test,1212451,0,0.6257117
C_static,1,test,1212582,1,0.6995288
C_static,1,test,1213121,1,0.62047356
C_static,1,test,1213130,1,0.6876355
C_static,1,test,1213344,1,0.68211854
C_static,1,test,1213929,1,0.6915744
C_static,1,test,1213974,0,0.5325328
C_static,1,test,1214144,0,0.59878
C_static,1,test,1215381,0,0.64115036
C_static,1,test,1215388,0,0.65276617
C_static,1,test,1215586,0,0.6195676
C_static,1,test,1216036,1,0.6158575
C_static,1,test,1216045,1,0.6175739
C_static,1,test,1216223,1,0.61749446
C_static,1,test,1216691,1,0.6553925
C_static,1,test,1216776,1,0.6354932
C_static,1,test,1217051,1,0.7794223
C_static,1,test,1217243,1,0.6234004
C_static,1,test,1217708,0,0.5806243
C_static,1,test,1217769,1,0.6509719
C_static,1,test,1218062,1,0.67657423
C_static,1,test,1218110,0,0.64095116
C_static,1,test,1219634,1,0.64891106
C_static,1,test,1219898,1,0.6772779
C_static,1,test,1219958,0,0.6763811
C_static,1,test,1220095,0,0.61587495
C_static,1,test,1220226,0,0.68625706
C_static,1,test,1220507,0,0.6723447
C_static,1,test,1220572,0,0.61317027
C_static,1,test,1220694,1,0.60812247
C_static,1,test,1221019,0,0.6810702
C_static,1,test,1221892,1,0.6700431
C_static,1,test,1222069,1,0.62494713
C_static,1,test,1222110,1,0.66991264
C_static,1,test,1222424,1,0.67226243
C_static,1,test,1222589,1,0.5841218
C_static,1,test,1222850,1,0.6387303
C_static,1,test,1223193,0,0.65422857
C_static,1,test,1223272,1,0.65601647
C_static,1,test,1223289,0,0.74067867
C_static,1,test,1223754,0,0.5162931
C_static,1,test,1224109,0,0.65436995
C_static,1,test,1224306,1,0.67258745
C_static,1,test,1224683,1,0.7216803
C_static,1,test,1224968,1,0.68305165
C_static,1,test,1225050,0,0.6343006
C_static,1,test,1225262,1,0.6457149
C_static,1,test,1225323,1,0.5896658
C_static,1,test,1225648,0,0.67041415
C_static,1,test,1225672,1,0.6692938
C_static,1,test,1225716,0,0.69100916
C_static,1,test,1225945,0,0.69328433
C_static,1,test,1226065,1,0.622619
C_static,1,test,1226588,1,0.738519
C_static,1,test,1226641,1,0.6647256
C_static,1,test,1226825,1,0.5871918
C_static,1,test,1226937,0,0.6629925
C_static,1,test,1227061,1,0.77870476
C_static,1,test,1227106,1,0.6616337
C_static,1,test,1227138,0,0.6928101
C_static,1,test,1227504,1,0.65482473
C_static,1,test,1228528,0,0.7060773
C_static,1,test,1228888,1,0.6802723
C_static,1,test,1229368,0,0.6868458
C_static,1,test,1229574,0,0.6044214
C_static,1,test,1229725,1,0.5902552
C_static,1,test,1229860,1,0.7374807
C_static,1,test,1230265,1,0.7470052
C_static,1,test,1230408,1,0.5921714
C_static,1,test,1230712,0,0.6951186
C_static,1,test,1230724,1,0.6896731
C_static,1,test,1230855,0,0.5114641
C_static,1,test,1230993,0,0.5510992
C_static,1,test,1231114,1,0.660789
C_static,1,test,1231841,0,0.66323256
C_static,1,test,1232099,0,0.6137433
C_static,1,test,1232676,1,0.57578975
C_static,1,test,1233791,1,0.6026737
C_static,1,test,1233962,0,0.7458043
C_static,1,test,1233970,1,0.6135663
C_static,1,test,1234219,1,0.62661237
C_static,1,test,1234306,1,0.7178467
C_static,1,test,1234549,0,0.5864036
C_static,1,test,1234553,0,0.67927337
C_static,1,test,1235265,1,0.695698
C_static,1,test,1235275,0,0.5721623
C_static,1,test,1235336,1,0.58361876
C_static,1,test,1236071,1,0.557737
C_static,1,test,1236410,0,0.6532207
C_static,1,test,1236418,1,0.613264
C_static,1,test,1236759,1,0.7064294
C_static,1,test,1236938,1,0.628396
C_static,1,test,1237075,0,0.59762955
C_static,1,test,1237241,1,0.6810834
C_static,1,test,1237496,1,0.6872492
C_static,1,test,1237716,0,0.6959039
C_static,1,test,1237793,1,0.68436295
C_static,1,test,1238174,1,0.68555284
C_static,1,test,1238215,1,0.63312274
C_static,1,test,1238443,0,0.5801077
C_static,1,test,1238550,1,0.63400394
C_static,1,test,1238574,0,0.54421645
C_static,1,test,1238865,1,0.6771438
C_static,1,test,1238923,0,0.6643592
C_static,1,test,1239038,0,0.6897844
C_static,1,test,1239693,0,0.67960626
C_static,1,test,1239772,0,0.6413889
C_static,1,test,1239841,1,0.57018465
C_static,1,test,1239988,0,0.57311726
C_static,1,test,1240378,1,0.67259216
C_static,1,test,1240423,1,0.700894
C_static,1,test,1240598,1,0.65930814
C_static,1,test,1241453,0,0.6719121
C_static,1,test,1241862,1,0.60405684
C_static,1,test,1242372,1,0.64104825
C_static,1,test,1242535,1,0.63868904
C_static,1,test,1242667,0,0.61207
C_static,1,test,1242811,0,0.6865295
C_static,1,test,1242831,0,0.6597983
C_static,1,test,1243018,1,0.65073544
C_static,1,test,1243083,0,0.73150134
C_static,1,test,1243802,0,0.6396495
C_static,1,test,1243942,1,0.67444074
C_static,1,test,1243992,1,0.6866905
C_static,1,test,1244831,1,0.5864633
C_static,1,test,1245228,0,0.5704058
C_temporal,1,val,4993,1,0.6408744
C_temporal,1,val,13412,1,0.6104986
C_temporal,1,val,22854,1,0.5833809
C_temporal,1,val,32097,1,0.76295954
C_temporal,1,val,33368,1,0.6643303
C_temporal,1,val,42450,1,0.78845525
C_temporal,1,val,47652,1,0.6335923
C_temporal,1,val,48755,1,0.7330592
C_temporal,1,val,50696,1,0.5530495
C_temporal,1,val,54388,0,0.58146095
C_temporal,1,val,60519,1,0.5675249
C_temporal,1,val,70693,0,0.5962725
C_temporal,1,val,72256,1,0.7611022
C_temporal,1,val,86179,1,0.83913016
C_temporal,1,val,86896,0,0.58504736
C_temporal,1,val,88424,1,0.65985763
C_temporal,1,val,89850,1,0.6885031
C_temporal,1,val,93002,1,0.57076025
C_temporal,1,val,93011,0,0.760815
C_temporal,1,val,98629,1,0.519022
C_temporal,1,val,99307,0,0.7861994
C_temporal,1,val,100693,1,0.8189701
C_temporal,1,val,101232,1,0.5061511
C_temporal,1,val,112047,1,0.60439366
C_temporal,1,val,121204,0,0.5530462
C_temporal,1,val,121744,1,0.76134986
C_temporal,1,val,130131,0,0.53736866
C_temporal,1,val,130832,1,0.5322109
C_temporal,1,val,135338,0,0.5807211
C_temporal,1,val,143353,1,0.75078017
C_temporal,1,val,145109,1,0.55620843
C_temporal,1,val,146346,1,0.5311161
C_temporal,1,val,149348,1,0.6133625
C_temporal,1,val,149880,1,0.592061
C_temporal,1,val,154041,1,0.58801866
C_temporal,1,val,157774,1,0.7956907
C_temporal,1,val,160103,1,0.79905266
C_temporal,1,val,160197,1,0.70769185
C_temporal,1,val,167963,1,0.67866874
C_temporal,1,val,174525,1,0.67867607
C_temporal,1,val,175032,0,0.6491907
C_temporal,1,val,181574,0,0.5700518
C_temporal,1,val,183204,0,0.59003615
C_temporal,1,val,186257,0,0.76889056
C_temporal,1,val,189056,1,0.66574174
C_temporal,1,val,189685,0,0.5411854
C_temporal,1,val,193149,0,0.64965814
C_temporal,1,val,196058,1,0.78164136
C_temporal,1,val,199177,0,0.44268572
C_temporal,1,val,202968,0,0.5820726
C_temporal,1,val,210361,1,0.633759
C_temporal,1,val,216010,1,0.8635953
C_temporal,1,val,219309,1,0.67199725
C_temporal,1,val,220792,0,0.735675
C_temporal,1,val,226106,1,0.468423
C_temporal,1,val,226610,1,0.7159805
C_temporal,1,val,234696,1,0.5873884
C_temporal,1,val,240229,0,0.5454018
C_temporal,1,val,243108,1,0.87366384
C_temporal,1,val,248666,1,0.54629123
C_temporal,1,val,250983,0,0.63616055
C_temporal,1,val,253033,0,0.62327915
C_temporal,1,val,256422,1,0.8046756
C_temporal,1,val,271298,0,0.8207139
C_temporal,1,val,273148,1,0.65085673
C_temporal,1,val,273826,1,0.67702127
C_temporal,1,val,274345,0,0.72076124
C_temporal,1,val,274563,1,0.6552557
C_temporal,1,val,275882,1,0.6936649
C_temporal,1,val,281433,1,0.65883714
C_temporal,1,val,289992,1,0.61749995
C_temporal,1,val,293922,0,0.6604768
C_temporal,1,val,297709,0,0.5907785
C_temporal,1,val,300925,1,0.6927433
C_temporal,1,val,303683,0,0.5346859
C_temporal,1,val,305034,0,0.50031185
C_temporal,1,val,310191,1,0.7743583
C_temporal,1,val,312582,1,0.68267524
C_temporal,1,val,319661,1,0.8376277
C_temporal,1,val,324095,1,0.7013882
C_temporal,1,val,329983,1,0.5731866
C_temporal,1,val,330071,0,0.6434312
C_temporal,1,val,330603,1,0.7511139
C_temporal,1,val,332529,1,0.81449383
C_temporal,1,val,344909,0,0.66062206
C_temporal,1,val,345087,1,0.55528843
C_temporal,1,val,345208,1,0.58948004
C_temporal,1,val,345670,1,0.7789564
C_temporal,1,val,348496,1,0.8034781
C_temporal,1,val,350707,0,0.60752964
C_temporal,1,val,353416,1,0.7242124
C_temporal,1,val,354035,1,0.60260564
C_temporal,1,val,357322,0,0.6624029
C_temporal,1,val,364502,1,0.85073256
C_temporal,1,val,366344,0,0.6117966
C_temporal,1,val,369818,1,0.57637227
C_temporal,1,val,369915,1,0.57740915
C_temporal,1,val,375005,0,0.5880478
C_temporal,1,val,376917,1,0.7729107
C_temporal,1,val,377703,1,0.75544995
C_temporal,1,val,398007,1,0.62542796
C_temporal,1,val,400944,1,0.59838706
C_temporal,1,val,402349,0,0.53789324
C_temporal,1,val,402364,0,0.6354265
C_temporal,1,val,413173,1,0.70286244
C_temporal,1,val,413554,1,0.6984402
C_temporal,1,val,414540,0,0.58561355
C_temporal,1,val,417147,0,0.59777313
C_temporal,1,val,419522,1,0.7327949
C_temporal,1,val,423553,1,0.50400615
C_temporal,1,val,424946,0,0.545625
C_temporal,1,val,431664,0,0.52024543
C_temporal,1,val,432045,0,0.5780102
C_temporal,1,val,433233,1,0.7631886
C_temporal,1,val,435249,1,0.60055226
C_temporal,1,val,443084,0,0.63910687
C_temporal,1,val,444684,1,0.6796917
C_temporal,1,val,445318,0,0.5124271
C_temporal,1,val,448329,1,0.74307513
C_temporal,1,val,451424,1,0.65451187
C_temporal,1,val,451600,1,0.50771046
C_temporal,1,val,457834,1,0.6157045
C_temporal,1,val,465292,1,0.5815347
C_temporal,1,val,467821,0,0.52833176
C_temporal,1,val,469865,1,0.72222
C_temporal,1,val,479371,0,0.65679145
C_temporal,1,val,480708,1,0.6401141
C_temporal,1,val,485608,1,0.6647702
C_temporal,1,val,486901,0,0.7212774
C_temporal,1,val,487378,0,0.5789856
C_temporal,1,val,488255,0,0.5708421
C_temporal,1,val,490630,1,0.68535024
C_temporal,1,val,493668,1,0.7574966
C_temporal,1,val,494011,1,0.72637624
C_temporal,1,val,496270,1,0.6097091
C_temporal,1,val,501583,1,0.7457541
C_temporal,1,val,504132,1,0.7167613
C_temporal,1,val,506819,1,0.5776327
C_temporal,1,val,508449,0,0.50286025
C_temporal,1,val,510306,0,0.7249595
C_temporal,1,val,512180,1,0.71460855
C_temporal,1,val,513398,0,0.64079905
C_temporal,1,val,513966,0,0.52767205
C_temporal,1,val,519298,1,0.7442114
C_temporal,1,val,524155,0,0.7102297
C_temporal,1,val,524172,0,0.6105847
C_temporal,1,val,529499,0,0.51428384
C_temporal,1,val,529816,1,0.5541597
C_temporal,1,val,532148,1,0.67857367
C_temporal,1,val,532751,1,0.6031803
C_temporal,1,val,534048,1,0.6285397
C_temporal,1,val,535178,1,0.5611005
C_temporal,1,val,536493,0,0.6687155
C_temporal,1,val,541544,1,0.5618716
C_temporal,1,val,542399,0,0.60554856
C_temporal,1,val,547939,1,0.71852654
C_temporal,1,val,560521,0,0.6475611
C_temporal,1,val,561141,1,0.47007647
C_temporal,1,val,563271,1,0.66036385
C_temporal,1,val,565232,1,0.8647462
C_temporal,1,val,565908,0,0.39473835
C_temporal,1,val,567390,0,0.5117928
C_temporal,1,val,570049,1,0.53473264
C_temporal,1,val,570975,0,0.62073433
C_temporal,1,val,576988,1,0.5876674
C_temporal,1,val,579106,1,0.6175899
C_temporal,1,val,595954,1,0.54890454
C_temporal,1,val,596437,0,0.64927506
C_temporal,1,val,598165,1,0.66043645
C_temporal,1,val,598821,0,0.5218059
C_temporal,1,val,600546,1,0.8806701
C_temporal,1,val,607482,1,0.52600324
C_temporal,1,val,608068,1,0.7417632
C_temporal,1,val,612154,0,0.65682346
C_temporal,1,val,615631,1,0.82170373
C_temporal,1,val,624977,0,0.6648818
C_temporal,1,val,626615,0,0.59304905
C_temporal,1,val,631543,1,0.54562783
C_temporal,1,val,643466,1,0.8018439
C_temporal,1,val,644043,1,0.70434636
C_temporal,1,val,646681,1,0.6235136
C_temporal,1,val,646867,1,0.69639844
C_temporal,1,val,656122,1,0.7221734
C_temporal,1,val,660915,1,0.6503659
C_temporal,1,val,660938,1,0.6808343
C_temporal,1,val,663406,1,0.6357726
C_temporal,1,val,665029,1,0.5421483
C_temporal,1,val,671705,1,0.766623
C_temporal,1,val,675008,1,0.68716973
C_temporal,1,val,677928,1,0.5928731
C_temporal,1,val,680963,0,0.64409983
C_temporal,1,val,681205,1,0.5848282
C_temporal,1,val,682914,1,0.5810399
C_temporal,1,val,684751,1,0.5553835
C_temporal,1,val,686482,1,0.7486265
C_temporal,1,val,687171,1,0.5564617
C_temporal,1,val,692458,1,0.6929119
C_temporal,1,val,697830,0,0.5576709
C_temporal,1,val,698653,1,0.6468485
C_temporal,1,val,702801,0,0.53815955
C_temporal,1,val,703629,1,0.5465745
C_temporal,1,val,703834,1,0.753424
C_temporal,1,val,706141,1,0.5594643
C_temporal,1,val,706908,0,0.53197443
C_temporal,1,val,712016,1,0.638227
C_temporal,1,val,713284,0,0.6021535
C_temporal,1,val,714078,0,0.6436846
C_temporal,1,val,714644,1,0.6185656
C_temporal,1,val,714764,0,0.7031647
C_temporal,1,val,714952,1,0.67372453
C_temporal,1,val,726126,0,0.75336015
C_temporal,1,val,731117,1,0.89873415
C_temporal,1,val,739116,1,0.648391
C_temporal,1,val,739674,0,0.5893247
C_temporal,1,val,743852,1,0.5383072
C_temporal,1,val,744145,0,0.5835978
C_temporal,1,val,745489,1,0.561236
C_temporal,1,val,749211,0,0.6502106
C_temporal,1,val,759242,1,0.7498632
C_temporal,1,val,761233,1,0.89765036
C_temporal,1,val,762014,0,0.5732963
C_temporal,1,val,767236,0,0.45281938
C_temporal,1,val,769720,1,0.8183248
C_temporal,1,val,772900,0,0.5988769
C_temporal,1,val,777687,1,0.49425256
C_temporal,1,val,781139,0,0.53023875
C_temporal,1,val,783835,0,0.47754586
C_temporal,1,val,784920,1,0.5914426
C_temporal,1,val,791392,1,0.62143296
C_temporal,1,val,792243,0,0.58991367
C_temporal,1,val,793601,0,0.6114919
C_temporal,1,val,793726,0,0.62069595
C_temporal,1,val,803606,1,0.6191162
C_temporal,1,val,806286,0,0.48240876
C_temporal,1,val,808181,0,0.7109757
C_temporal,1,val,809234,1,0.5016496
C_temporal,1,val,810874,0,0.5955115
C_temporal,1,val,813871,1,0.6521293
C_temporal,1,val,820393,1,0.61213875
C_temporal,1,val,820729,1,0.597417
C_temporal,1,val,821863,1,0.52487785
C_temporal,1,val,823325,0,0.45284045
C_temporal,1,val,824734,1,0.651008
C_temporal,1,val,828427,0,0.6480614
C_temporal,1,val,835135,1,0.5832732
C_temporal,1,val,844964,0,0.8016803
C_temporal,1,val,850702,1,0.5255002
C_temporal,1,val,853023,1,0.6310304
C_temporal,1,val,865733,1,0.5363877
C_temporal,1,val,868368,1,0.75536126
C_temporal,1,val,870739,1,0.62570584
C_temporal,1,val,878491,1,0.6308361
C_temporal,1,val,885157,1,0.72739804
C_temporal,1,val,885222,0,0.64077616
C_temporal,1,val,888866,0,0.8525442
C_temporal,1,val,892998,0,0.5239377
C_temporal,1,val,924232,0,0.66360116
C_temporal,1,val,936352,0,0.5127546
C_temporal,1,val,944965,1,0.6054382
C_temporal,1,val,951246,0,0.68466234
C_temporal,1,val,951846,0,0.74162906
C_temporal,1,val,958048,1,0.7523495
C_temporal,1,val,959155,0,0.5803305
C_temporal,1,val,960726,0,0.62595266
C_temporal,1,val,968652,1,0.598155
C_temporal,1,val,969827,0,0.43410888
C_temporal,1,val,972980,1,0.48945117
C_temporal,1,val,975913,0,0.70865434
C_temporal,1,val,976696,0,0.6898784
C_temporal,1,val,981850,1,0.6052748
C_temporal,1,val,982055,0,0.5227957
C_temporal,1,val,983916,1,0.45565337
C_temporal,1,val,984568,1,0.60188574
C_temporal,1,val,986315,1,0.62230766
C_temporal,1,val,987657,1,0.8250211
C_temporal,1,val,989331,1,0.6332896
C_temporal,1,val,991837,1,0.5532361
C_temporal,1,val,997176,0,0.4552297
C_temporal,1,val,1000310,1,0.5797279
C_temporal,1,val,1005095,1,0.83193207
C_temporal,1,val,1012389,0,0.60801536
C_temporal,1,val,1017244,1,0.52569014
C_temporal,1,val,1017640,1,0.67763054
C_temporal,1,val,1036745,1,0.626515
C_temporal,1,val,1043429,1,0.58179677
C_temporal,1,val,1048580,1,0.6501619
C_temporal,1,val,1049831,0,0.677376
C_temporal,1,val,1057350,0,0.6353902
C_temporal,1,val,1062410,1,0.67202014
C_temporal,1,val,1067041,1,0.69073635
C_temporal,1,val,1067592,1,0.5624099
C_temporal,1,val,1069432,1,0.64795846
C_temporal,1,val,1070777,1,0.6709096
C_temporal,1,val,1071966,1,0.47467124
C_temporal,1,val,1072395,1,0.64702755
C_temporal,1,val,1075228,1,0.8122373
C_temporal,1,val,1075447,1,0.6394293
C_temporal,1,val,1076650,1,0.59093475
C_temporal,1,val,1079219,0,0.57386374
C_temporal,1,val,1079586,0,0.6086378
C_temporal,1,val,1081383,0,0.7252915
C_temporal,1,val,1081426,1,0.5603703
C_temporal,1,val,1082124,1,0.41537383
C_temporal,1,val,1082765,1,0.54624313
C_temporal,1,val,1083817,1,0.6129329
C_temporal,1,val,1084214,1,0.5579608
C_temporal,1,val,1085709,1,0.6285869
C_temporal,1,val,1086850,0,0.7084156
C_temporal,1,val,1088707,1,0.7022029
C_temporal,1,val,1088918,1,0.5053418
C_temporal,1,val,1089172,1,0.69501424
C_temporal,1,val,1089175,1,0.6236558
C_temporal,1,val,1091343,0,0.6543637
C_temporal,1,val,1092437,1,0.583276
C_temporal,1,val,1092557,0,0.6597751
C_temporal,1,val,1092783,1,0.6371897
C_temporal,1,val,1092889,1,0.69127285
C_temporal,1,val,1093743,0,0.5012412
C_temporal,1,val,1094011,1,0.7472893
C_temporal,1,val,1094030,1,0.45602575
C_temporal,1,val,1094046,1,0.60762703
C_temporal,1,val,1095642,1,0.5926193
C_temporal,1,val,1095841,1,0.557278
C_temporal,1,val,1096276,0,0.6317224
C_temporal,1,val,1096586,0,0.65484935
C_temporal,1,val,1096850,1,0.61890775
C_temporal,1,val,1097316,1,0.616155
C_temporal,1,val,1098204,1,0.7010968
C_temporal,1,val,1098855,1,0.54822874
C_temporal,1,val,1099234,1,0.648612
C_temporal,1,val,1099660,1,0.62166953
C_temporal,1,val,1103054,0,0.5625623
C_temporal,1,val,1103087,1,0.57942665
C_temporal,1,val,1103360,1,0.5273459
C_temporal,1,val,1104012,1,0.70232403
C_temporal,1,val,1104452,1,0.65775675
C_temporal,1,val,1104470,1,0.685893
C_temporal,1,val,1105078,1,0.712345
C_temporal,1,val,1105241,0,0.46929622
C_temporal,1,val,1105345,0,0.6903117
C_temporal,1,val,1105733,1,0.5131435
C_temporal,1,val,1105916,1,0.6624967
C_temporal,1,val,1107291,0,0.47617686
C_temporal,1,val,1108050,1,0.66348505
C_temporal,1,val,1109299,1,0.7325968
C_temporal,1,val,1110598,0,0.6710913
C_temporal,1,val,1112425,1,0.6037741
C_temporal,1,val,1112465,1,0.45965517
C_temporal,1,val,1113133,0,0.60681355
C_temporal,1,val,1113237,1,0.6150415
C_temporal,1,val,1113756,1,0.687752
C_temporal,1,val,1113808,0,0.53128344
C_temporal,1,val,1113857,0,0.68565816
C_temporal,1,val,1115247,0,0.55377996
C_temporal,1,val,1115335,1,0.74159646
C_temporal,1,val,1115427,1,0.5433086
C_temporal,1,val,1116144,1,0.65852946
C_temporal,1,val,1116363,0,0.6370731
C_temporal,1,val,1116440,0,0.779544
C_temporal,1,val,1116580,1,0.72826207
C_temporal,1,val,1116601,0,0.57167727
C_temporal,1,val,1116790,0,0.6915577
C_temporal,1,val,1118641,0,0.5649349
C_temporal,1,val,1118849,1,0.52055526
C_temporal,1,val,1119647,1,0.48517352
C_temporal,1,val,1119855,0,0.6040371
C_temporal,1,val,1120120,0,0.62297106
C_temporal,1,val,1120692,1,0.76022655
C_temporal,1,val,1120869,0,0.60109305
C_temporal,1,val,1122513,1,0.57631683
C_temporal,1,val,1122658,1,0.85982406
C_temporal,1,val,1123222,1,0.5550837
C_temporal,1,val,1123500,1,0.5840441
C_temporal,1,val,1124034,1,0.64234716
C_temporal,1,val,1124658,0,0.66090816
C_temporal,1,val,1124894,1,0.5837495
C_temporal,1,val,1125163,1,0.66152364
C_temporal,1,val,1125748,1,0.68262976
C_temporal,1,val,1126857,1,0.64539665
C_temporal,1,val,1128467,1,0.69601476
C_temporal,1,val,1128618,1,0.80951655
C_temporal,1,val,1129029,0,0.55706084
C_temporal,1,val,1129401,1,0.5830434
C_temporal,1,val,1129979,1,0.6308725
C_temporal,1,val,1130043,1,0.8094337
C_temporal,1,val,1130533,1,0.5865237
C_temporal,1,val,1130756,1,0.6679414
C_temporal,1,val,1131355,1,0.5011899
C_temporal,1,val,1131386,1,0.5795674
C_temporal,1,val,1131656,1,0.6901117
C_temporal,1,val,1132010,0,0.604578
C_temporal,1,val,1135241,0,0.5045891
C_temporal,1,val,1135703,1,0.63064015
C_temporal,1,val,1136279,0,0.7058262
C_temporal,1,val,1136310,1,0.7347733
C_temporal,1,val,1136723,0,0.625893
C_temporal,1,val,1137555,1,0.8167543
C_temporal,1,val,1137589,1,0.7558112
C_temporal,1,val,1138091,1,0.48046458
C_temporal,1,val,1138321,1,0.63751143
C_temporal,1,val,1138374,0,0.5643226
C_temporal,1,val,1138670,1,0.49551034
C_temporal,1,val,1138870,1,0.5626772
C_temporal,1,val,1139275,1,0.74250925
C_temporal,1,val,1140109,1,0.67959625
C_temporal,1,val,1140316,1,0.7287605
C_temporal,1,val,1141936,1,0.6386034
C_temporal,1,val,1142089,1,0.7631304
C_temporal,1,val,1142188,1,0.6122019
C_temporal,1,val,1142355,0,0.5540071
C_temporal,1,val,1142724,0,0.68682224
C_temporal,1,val,1143869,0,0.64884067
C_temporal,1,val,1144198,1,0.76816237
C_temporal,1,val,1144734,1,0.71846145
C_temporal,1,val,1144792,0,0.6727409
C_temporal,1,val,1145284,1,0.7361074
C_temporal,1,val,1145959,1,0.6693643
C_temporal,1,val,1145969,1,0.6470416
C_temporal,1,val,1146989,0,0.6757982
C_temporal,1,val,1147155,1,0.55291015
C_temporal,1,val,1147302,0,0.59396094
C_temporal,1,val,1147838,0,0.664915
C_temporal,1,val,1148110,0,0.7082983
C_temporal,1,val,1148113,1,0.5729882
C_temporal,1,val,1148332,1,0.6585349
C_temporal,1,val,1148376,1,0.47914976
C_temporal,1,val,1149831,1,0.57834375
C_temporal,1,val,1149916,1,0.5064845
C_temporal,1,val,1150067,1,0.5622097
C_temporal,1,val,1151454,0,0.5321327
C_temporal,1,val,1151510,0,0.4902086
C_temporal,1,val,1151569,1,0.75657254
C_temporal,1,val,1151818,0,0.5281076
C_temporal,1,val,1151994,1,0.79389393
C_temporal,1,val,1152380,1,0.64651155
C_temporal,1,val,1152700,1,0.699725
C_temporal,1,val,1152708,1,0.6731244
C_temporal,1,val,1152877,0,0.86035156
C_temporal,1,val,1153023,1,0.6865956
C_temporal,1,val,1153155,1,0.67089105
C_temporal,1,val,1153931,1,0.6967898
C_temporal,1,val,1154574,1,0.7107732
C_temporal,1,val,1155176,1,0.6725814
C_temporal,1,val,1157142,1,0.71584314
C_temporal,1,val,1206010,0,0.70611125
C_temporal,1,val,1206257,1,0.48185396
C_temporal,1,val,1206334,0,0.7090595
C_temporal,1,val,1207181,0,0.71619904
C_temporal,1,val,1207207,1,0.6377397
C_temporal,1,val,1207367,1,0.48981112
C_temporal,1,val,1207384,1,0.6237087
C_temporal,1,val,1207464,1,0.77514523
C_temporal,1,val,1208159,1,0.7317774
C_temporal,1,val,1208290,1,0.6301362
C_temporal,1,val,1208422,1,0.6969834
C_temporal,1,val,1208544,0,0.5084517
C_temporal,1,val,1208870,1,0.8117684
C_temporal,1,val,1209034,1,0.60020703
C_temporal,1,val,1209229,0,0.70100963
C_temporal,1,val,1209908,0,0.6492255
C_temporal,1,val,1210816,1,0.6068892
C_temporal,1,val,1212290,1,0.6979797
C_temporal,1,val,1212738,1,0.8892629
C_temporal,1,val,1213667,0,0.5418733
C_temporal,1,val,1213716,1,0.61211646
C_temporal,1,val,1213978,0,0.6748076
C_temporal,1,val,1214063,1,0.61978364
C_temporal,1,val,1214597,1,0.7225871
C_temporal,1,val,1215070,1,0.591183
C_temporal,1,val,1215132,0,0.55470914
C_temporal,1,val,1215420,1,0.64016795
C_temporal,1,val,1215921,1,0.6908025
C_temporal,1,val,1216025,0,0.5636861
C_temporal,1,val,1216145,0,0.86011
C_temporal,1,val,1216188,0,0.49885547
C_temporal,1,val,1216704,1,0.8284592
C_temporal,1,val,1216841,0,0.72258097
C_temporal,1,val,1216904,0,0.71123827
C_temporal,1,val,1217573,1,0.5885824
C_temporal,1,val,1217635,1,0.7157887
C_temporal,1,val,1217948,1,0.55859214
C_temporal,1,val,1218059,1,0.62179875
C_temporal,1,val,1218235,1,0.6780965
C_temporal,1,val,1218421,1,0.70531744
C_temporal,1,val,1218554,1,0.59577894
C_temporal,1,val,1218726,1,0.73938143
C_temporal,1,val,1219254,0,0.6998887
C_temporal,1,val,1219802,1,0.72732633
C_temporal,1,val,1219877,1,0.64672
C_temporal,1,val,1219890,1,0.68715703
C_temporal,1,val,1219897,1,0.74530524
C_temporal,1,val,1219949,0,0.6451588
C_temporal,1,val,1220037,1,0.6140683
C_temporal,1,val,1220386,0,0.59321046
C_temporal,1,val,1220475,0,0.5414161
C_temporal,1,val,1220832,0,0.6462293
C_temporal,1,val,1221118,0,0.7121102
C_temporal,1,val,1221764,1,0.71225494
C_temporal,1,val,1222028,1,0.6845534
C_temporal,1,val,1223017,1,0.6386073
C_temporal,1,val,1223383,1,0.78708273
C_temporal,1,val,1224353,0,0.6284785
C_temporal,1,val,1224371,1,0.66735536
C_temporal,1,val,1224500,1,0.56154394
C_temporal,1,val,1225046,0,0.6090842
C_temporal,1,val,1225309,1,0.7653371
C_temporal,1,val,1225334,0,0.8297489
C_temporal,1,val,1225388,0,0.7124469
C_temporal,1,val,1225500,0,0.6621295
C_temporal,1,val,1225758,1,0.6893641
C_temporal,1,val,1226509,1,0.5855939
C_temporal,1,val,1227545,1,0.8250485
C_temporal,1,val,1227597,0,0.81308544
C_temporal,1,val,1227765,1,0.536944
C_temporal,1,val,1227804,0,0.6231935
C_temporal,1,val,1228018,1,0.6708224
C_temporal,1,val,1228461,1,0.7211241
C_temporal,1,val,1229605,0,0.7982579
C_temporal,1,val,1229991,0,0.64891475
C_temporal,1,val,1230721,1,0.64074886
C_temporal,1,val,1230968,1,0.6935047
C_temporal,1,val,1231044,1,0.7094097
C_temporal,1,val,1231253,0,0.6907409
C_temporal,1,val,1231339,0,0.7044823
C_temporal,1,val,1231343,1,0.8029628
C_temporal,1,val,1231928,1,0.745705
C_temporal,1,val,1232006,1,0.61779004
C_temporal,1,val,1232033,0,0.41722727
C_temporal,1,val,1232296,1,0.55704874
C_temporal,1,val,1233154,1,0.53016216
C_temporal,1,val,1233203,1,0.67351884
C_temporal,1,val,1233369,0,0.55713505
C_temporal,1,val,1233621,0,0.71641237
C_temporal,1,val,1233632,1,0.7334483
C_temporal,1,val,1234472,1,0.6395556
C_temporal,1,val,1234672,0,0.631749
C_temporal,1,val,1234804,1,0.6464173
C_temporal,1,val,1235172,0,0.5640468
C_temporal,1,val,1235777,1,0.7517071
C_temporal,1,val,1235863,1,0.6748928
C_temporal,1,val,1235882,0,0.5864219
C_temporal,1,val,1236187,0,0.71838236
C_temporal,1,val,1237352,1,0.7558516
C_temporal,1,val,1237367,1,0.55767846
C_temporal,1,val,1237861,0,0.6417705
C_temporal,1,val,1237964,0,0.70070535
C_temporal,1,val,1238200,1,0.7272949
C_temporal,1,val,1238203,1,0.76094735
C_temporal,1,val,1238287,0,0.6252464
C_temporal,1,val,1238298,1,0.74210656
C_temporal,1,val,1238523,1,0.71325606
C_temporal,1,val,1238594,0,0.56678486
C_temporal,1,val,1238864,1,0.56740785
C_temporal,1,val,1238917,0,0.76421773
C_temporal,1,val,1239127,0,0.58523744
C_temporal,1,val,1239377,1,0.51751703
C_temporal,1,val,1239474,1,0.89737064
C_temporal,1,val,1239881,1,0.54594636
C_temporal,1,val,1240209,1,0.7106686
C_temporal,1,val,1240705,1,0.6087006
C_temporal,1,val,1240951,0,0.7512971
C_temporal,1,val,1241625,0,0.65644777
C_temporal,1,val,1242009,1,0.4753915
C_temporal,1,val,1242135,0,0.4989567
C_temporal,1,val,1242264,0,0.62552285
C_temporal,1,val,1242338,1,0.6990794
C_temporal,1,val,1242381,0,0.6858285
C_temporal,1,val,1242501,1,0.63510233
C_temporal,1,val,1242645,0,0.81990045
C_temporal,1,val,1242725,1,0.66111034
C_temporal,1,val,1242755,0,0.7592496
C_temporal,1,val,1242835,1,0.81640166
C_temporal,1,val,1243045,0,0.489313
C_temporal,1,val,1243514,1,0.61041147
C_temporal,1,val,1243838,0,0.72880554
C_temporal,1,val,1243993,0,0.7259287
C_temporal,1,val,1244606,1,0.64234525
C_temporal,1,val,1246490,1,0.80831945
C_temporal,1,val,1246508,0,0.45250338
C_temporal,1,test,1922,1,0.5065709
C_temporal,1,test,12246,1,0.6131979
C_temporal,1,test,16787,0,0.6258551
C_temporal,1,test,19126,1,0.6623005
C_temporal,1,test,34428,0,0.4881752
C_temporal,1,test,42331,1,0.7263861
C_temporal,1,test,44366,1,0.5903743
C_temporal,1,test,47250,1,0.5169654
C_temporal,1,test,48545,0,0.65676135
C_temporal,1,test,54142,1,0.70281583
C_temporal,1,test,61752,1,0.5297475
C_temporal,1,test,62606,1,0.4908921
C_temporal,1,test,66226,1,0.5618239
C_temporal,1,test,66381,1,0.8163097
C_temporal,1,test,68648,0,0.54780704
C_temporal,1,test,70147,0,0.66884226
C_temporal,1,test,72035,0,0.662996
C_temporal,1,test,73899,1,0.71869993
C_temporal,1,test,88483,1,0.70800817
C_temporal,1,test,96757,1,0.7738608
C_temporal,1,test,97998,0,0.5741102
C_temporal,1,test,102708,1,0.56221086
C_temporal,1,test,105271,1,0.6613949
C_temporal,1,test,114318,1,0.6505073
C_temporal,1,test,120088,1,0.65748775
C_temporal,1,test,127579,0,0.5006583
C_temporal,1,test,129407,1,0.6922116
C_temporal,1,test,131155,1,0.701107
C_temporal,1,test,136645,1,0.669178
C_temporal,1,test,139145,1,0.5530957
C_temporal,1,test,141620,1,0.6607834
C_temporal,1,test,147228,1,0.5471237
C_temporal,1,test,156299,1,0.49258864
C_temporal,1,test,156996,1,0.5859563
C_temporal,1,test,157449,1,0.84820783
C_temporal,1,test,157463,1,0.520841
C_temporal,1,test,161593,1,0.50235665
C_temporal,1,test,163659,1,0.53436834
C_temporal,1,test,167183,1,0.5186669
C_temporal,1,test,169457,0,0.5320648
C_temporal,1,test,171896,1,0.49541867
C_temporal,1,test,172578,1,0.53781223
C_temporal,1,test,181466,0,0.8165562
C_temporal,1,test,184874,1,0.758104
C_temporal,1,test,186379,1,0.73014504
C_temporal,1,test,190049,1,0.70344436
C_temporal,1,test,190176,0,0.58962446
C_temporal,1,test,190187,0,0.6892278
C_temporal,1,test,191335,0,0.5812273
C_temporal,1,test,200131,1,0.638596
C_temporal,1,test,200858,1,0.54265696
C_temporal,1,test,203461,1,0.6004667
C_temporal,1,test,208652,1,0.66196716
C_temporal,1,test,216287,0,0.62840575
C_temporal,1,test,218529,1,0.6592052
C_temporal,1,test,223651,1,0.5555905
C_temporal,1,test,228543,1,0.6854464
C_temporal,1,test,238407,0,0.4116274
C_temporal,1,test,258335,0,0.4596746
C_temporal,1,test,278134,1,0.7268135
C_temporal,1,test,278836,1,0.5523657
C_temporal,1,test,280705,0,0.5936238
C_temporal,1,test,284088,0,0.70317864
C_temporal,1,test,290944,0,0.5780305
C_temporal,1,test,293205,0,0.5307246
C_temporal,1,test,295284,0,0.58608407
C_temporal,1,test,298058,1,0.7600106
C_temporal,1,test,312434,1,0.57387143
C_temporal,1,test,312810,1,0.64717096
C_temporal,1,test,318640,1,0.61297345
C_temporal,1,test,319549,1,0.76072145
C_temporal,1,test,320867,1,0.43654904
C_temporal,1,test,321989,1,0.74953073
C_temporal,1,test,323320,0,0.5821763
C_temporal,1,test,323939,0,0.42466646
C_temporal,1,test,335240,0,0.430521
C_temporal,1,test,335955,1,0.51946515
C_temporal,1,test,338312,1,0.48294365
C_temporal,1,test,348589,1,0.64508194
C_temporal,1,test,351101,1,0.55636245
C_temporal,1,test,353336,1,0.6359087
C_temporal,1,test,358239,1,0.6516491
C_temporal,1,test,360745,1,0.8692658
C_temporal,1,test,374203,0,0.4614306
C_temporal,1,test,375294,1,0.53796697
C_temporal,1,test,380225,1,0.6373827
C_temporal,1,test,402720,1,0.55335176
C_temporal,1,test,405843,1,0.685103
C_temporal,1,test,408105,0,0.53679764
C_temporal,1,test,419138,0,0.6448906
C_temporal,1,test,433303,1,0.753694
C_temporal,1,test,433686,1,0.5746009
C_temporal,1,test,442797,1,0.5718143
C_temporal,1,test,443207,1,0.67046154
C_temporal,1,test,443610,0,0.6995647
C_temporal,1,test,444203,0,0.4526563
C_temporal,1,test,445545,1,0.67229193
C_temporal,1,test,450155,1,0.7808745
C_temporal,1,test,451844,1,0.6514245
C_temporal,1,test,460422,1,0.55674404
C_temporal,1,test,460580,1,0.7300774
C_temporal,1,test,461946,1,0.5690793
C_temporal,1,test,463375,1,0.5797832
C_temporal,1,test,465489,0,0.66055995
C_temporal,1,test,466437,1,0.6546852
C_temporal,1,test,468086,1,0.7472026
C_temporal,1,test,468548,1,0.6163239
C_temporal,1,test,474601,1,0.558953
C_temporal,1,test,477779,1,0.48510534
C_temporal,1,test,479811,0,0.5782017
C_temporal,1,test,480021,0,0.71123415
C_temporal,1,test,480598,1,0.75120485
C_temporal,1,test,484238,1,0.71891063
C_temporal,1,test,486892,0,0.56060797
C_temporal,1,test,488934,0,0.7158663
C_temporal,1,test,498363,1,0.6316745
C_temporal,1,test,507011,1,0.67067677
C_temporal,1,test,510372,1,0.71826893
C_temporal,1,test,511018,0,0.54744816
C_temporal,1,test,512053,1,0.63940585
C_temporal,1,test,517848,1,0.70918477
C_temporal,1,test,520621,1,0.6289931
C_temporal,1,test,525300,1,0.49393606
C_temporal,1,test,532533,1,0.6541907
C_temporal,1,test,537472,1,0.4928453
C_temporal,1,test,544153,1,0.59184337
C_temporal,1,test,544425,0,0.65806174
C_temporal,1,test,544864,1,0.5947833
C_temporal,1,test,550892,1,0.6633936
C_temporal,1,test,552901,1,0.5945847
C_temporal,1,test,554960,0,0.77245116
C_temporal,1,test,555492,0,0.5044637
C_temporal,1,test,559178,1,0.6765142
C_temporal,1,test,566285,1,0.5976825
C_temporal,1,test,567847,1,0.7352977
C_temporal,1,test,569789,0,0.4872475
C_temporal,1,test,573425,1,0.62046427
C_temporal,1,test,586109,0,0.6483677
C_temporal,1,test,589139,1,0.6155765
C_temporal,1,test,592431,1,0.72161746
C_temporal,1,test,592548,0,0.65499896
C_temporal,1,test,595609,1,0.5262494
C_temporal,1,test,599396,0,0.55059546
C_temporal,1,test,618335,1,0.53957134
C_temporal,1,test,619649,1,0.6250975
C_temporal,1,test,624010,0,0.6760942
C_temporal,1,test,624692,1,0.72943807
C_temporal,1,test,627036,1,0.71200824
C_temporal,1,test,629729,1,0.67338145
C_temporal,1,test,644299,1,0.6734602
C_temporal,1,test,644744,1,0.7231524
C_temporal,1,test,649217,1,0.5186
C_temporal,1,test,649863,1,0.6774726
C_temporal,1,test,655410,1,0.7802851
C_temporal,1,test,660061,1,0.55735105
C_temporal,1,test,661193,0,0.64051074
C_temporal,1,test,672172,1,0.6425238
C_temporal,1,test,675660,0,0.5531759
C_temporal,1,test,675907,0,0.6973836
C_temporal,1,test,678681,1,0.5579302
C_temporal,1,test,683148,1,0.5935056
C_temporal,1,test,687290,0,0.68655956
C_temporal,1,test,690734,0,0.46176767
C_temporal,1,test,697961,1,0.6340194
C_temporal,1,test,698579,1,0.6714268
C_temporal,1,test,700550,1,0.6573487
C_temporal,1,test,704059,0,0.55069786
C_temporal,1,test,709192,0,0.486681
C_temporal,1,test,711782,1,0.63134456
C_temporal,1,test,718140,0,0.69970244
C_temporal,1,test,718508,1,0.53987837
C_temporal,1,test,719050,0,0.4541845
C_temporal,1,test,725470,0,0.53491825
C_temporal,1,test,726612,1,0.6825725
C_temporal,1,test,727266,1,0.6229508
C_temporal,1,test,738172,0,0.5830896
C_temporal,1,test,742847,0,0.676489
C_temporal,1,test,747710,0,0.6366874
C_temporal,1,test,750827,0,0.60717285
C_temporal,1,test,750881,0,0.5000528
C_temporal,1,test,752967,1,0.70765847
C_temporal,1,test,754586,1,0.6098765
C_temporal,1,test,755156,1,0.6181391
C_temporal,1,test,755294,1,0.6831996
C_temporal,1,test,760561,0,0.6203097
C_temporal,1,test,765027,1,0.57246274
C_temporal,1,test,765473,1,0.66115266
C_temporal,1,test,765954,0,0.57563806
C_temporal,1,test,774678,1,0.64680797
C_temporal,1,test,777118,1,0.81443626
C_temporal,1,test,779240,0,0.75038844
C_temporal,1,test,781445,0,0.6332896
C_temporal,1,test,789824,0,0.5447012
C_temporal,1,test,806762,0,0.433078
C_temporal,1,test,809238,0,0.67425716
C_temporal,1,test,822633,1,0.57901156
C_temporal,1,test,825913,1,0.7129541
C_temporal,1,test,828057,0,0.58865845
C_temporal,1,test,829142,1,0.7092251
C_temporal,1,test,829697,0,0.50944716
C_temporal,1,test,834515,0,0.65654594
C_temporal,1,test,835833,1,0.54246044
C_temporal,1,test,836571,0,0.59048426
C_temporal,1,test,841534,0,0.53246266
C_temporal,1,test,847036,1,0.71250385
C_temporal,1,test,848723,1,0.5125104
C_temporal,1,test,851816,0,0.64697313
C_temporal,1,test,854069,1,0.47293335
C_temporal,1,test,856302,0,0.5788063
C_temporal,1,test,859236,0,0.6687808
C_temporal,1,test,866895,0,0.6879182
C_temporal,1,test,867398,0,0.49740824
C_temporal,1,test,868318,0,0.581607
C_temporal,1,test,875038,1,0.7430516
C_temporal,1,test,877486,1,0.6250061
C_temporal,1,test,880466,1,0.591104
C_temporal,1,test,889657,1,0.73085535
C_temporal,1,test,894409,1,0.4799515
C_temporal,1,test,899067,0,0.5292512
C_temporal,1,test,900762,1,0.59081155
C_temporal,1,test,941626,1,0.4628302
C_temporal,1,test,943672,1,0.6744514
C_temporal,1,test,947197,1,0.71469486
C_temporal,1,test,951465,0,0.73599374
C_temporal,1,test,951654,0,0.632642
C_temporal,1,test,952219,0,0.6292022
C_temporal,1,test,954440,1,0.5018293
C_temporal,1,test,955669,0,0.6607151
C_temporal,1,test,956387,1,0.6196153
C_temporal,1,test,961563,0,0.40353662
C_temporal,1,test,961819,0,0.6541855
C_temporal,1,test,962660,1,0.5657829
C_temporal,1,test,963985,1,0.6520741
C_temporal,1,test,964462,0,0.51601267
C_temporal,1,test,970464,1,0.64560974
C_temporal,1,test,972111,0,0.58077896
C_temporal,1,test,979369,1,0.5830496
C_temporal,1,test,979917,1,0.688504
C_temporal,1,test,979941,0,0.45640093
C_temporal,1,test,980697,0,0.5315972
C_temporal,1,test,982817,0,0.5859478
C_temporal,1,test,984065,0,0.5316968
C_temporal,1,test,986074,1,0.5697291
C_temporal,1,test,986844,1,0.64318043
C_temporal,1,test,987078,1,0.52405035
C_temporal,1,test,987267,1,0.58854514
C_temporal,1,test,989755,1,0.5943542
C_temporal,1,test,991790,1,0.6614225
C_temporal,1,test,993602,1,0.5833113
C_temporal,1,test,994160,1,0.63160366
C_temporal,1,test,1002373,1,0.6874188
C_temporal,1,test,1005171,1,0.6764393
C_temporal,1,test,1006489,0,0.5416512
C_temporal,1,test,1008354,0,0.5444783
C_temporal,1,test,1009347,1,0.71029997
C_temporal,1,test,1020322,0,0.5159181
C_temporal,1,test,1029192,1,0.79067194
C_temporal,1,test,1029373,1,0.8409387
C_temporal,1,test,1030940,1,0.5166977
C_temporal,1,test,1046104,0,0.61412483
C_temporal,1,test,1051850,0,0.60389775
C_temporal,1,test,1054838,0,0.6438185
C_temporal,1,test,1064446,1,0.82564205
C_temporal,1,test,1065288,0,0.56840646
C_temporal,1,test,1066534,1,0.4968512
C_temporal,1,test,1067406,1,0.71210223
C_temporal,1,test,1069689,1,0.61959517
C_temporal,1,test,1070472,0,0.63041866
C_temporal,1,test,1073839,0,0.55284935
C_temporal,1,test,1074094,1,0.6894348
C_temporal,1,test,1074306,1,0.51973987
C_temporal,1,test,1074427,1,0.6722496
C_temporal,1,test,1074527,1,0.6394626
C_temporal,1,test,1074753,0,0.70809746
C_temporal,1,test,1075557,1,0.52221924
C_temporal,1,test,1075699,1,0.58200574
C_temporal,1,test,1077703,1,0.5120082
C_temporal,1,test,1078392,1,0.5977371
C_temporal,1,test,1078893,0,0.661675
C_temporal,1,test,1079527,1,0.56740177
C_temporal,1,test,1080214,1,0.75664485
C_temporal,1,test,1080366,1,0.5749825
C_temporal,1,test,1080979,1,0.44001538
C_temporal,1,test,1081798,0,0.62518805
C_temporal,1,test,1082641,0,0.5094552
C_temporal,1,test,1082739,1,0.8084547
C_temporal,1,test,1084185,0,0.5819965
C_temporal,1,test,1084364,1,0.6413973
C_temporal,1,test,1084497,1,0.63637555
C_temporal,1,test,1085496,1,0.8473839
C_temporal,1,test,1085579,1,0.6270343
C_temporal,1,test,1085896,1,0.76228964
C_temporal,1,test,1086657,1,0.63297886
C_temporal,1,test,1086770,1,0.5891145
C_temporal,1,test,1086991,0,0.5052084
C_temporal,1,test,1087295,1,0.6732288
C_temporal,1,test,1089310,0,0.6379124
C_temporal,1,test,1090388,1,0.7357457
C_temporal,1,test,1090438,1,0.64862216
C_temporal,1,test,1091071,1,0.75275135
C_temporal,1,test,1091585,0,0.5152656
C_temporal,1,test,1092068,0,0.7239015
C_temporal,1,test,1093139,0,0.6033559
C_temporal,1,test,1093401,1,0.57605004
C_temporal,1,test,1094060,1,0.79968995
C_temporal,1,test,1094259,1,0.4498789
C_temporal,1,test,1096111,1,0.76208216
C_temporal,1,test,1096858,1,0.6253161
C_temporal,1,test,1097215,1,0.4980128
C_temporal,1,test,1097324,1,0.7137052
C_temporal,1,test,1099078,1,0.64974844
C_temporal,1,test,1100516,0,0.6236136
C_temporal,1,test,1100923,1,0.51113474
C_temporal,1,test,1103063,0,0.6030295
C_temporal,1,test,1104405,1,0.5824604
C_temporal,1,test,1104599,1,0.5450665
C_temporal,1,test,1104649,1,0.6188286
C_temporal,1,test,1105176,1,0.6810434
C_temporal,1,test,1105837,1,0.5709683
C_temporal,1,test,1105913,1,0.72859555
C_temporal,1,test,1105922,1,0.87461126
C_temporal,1,test,1106300,1,0.47475702
C_temporal,1,test,1107147,1,0.69510114
C_temporal,1,test,1107631,1,0.83035105
C_temporal,1,test,1109275,1,0.6746784
C_temporal,1,test,1109329,1,0.7547597
C_temporal,1,test,1109526,1,0.6713475
C_temporal,1,test,1109829,1,0.6176878
C_temporal,1,test,1111153,0,0.67811716
C_temporal,1,test,1111157,0,0.5987549
C_temporal,1,test,1111471,1,0.7041226
C_temporal,1,test,1112111,1,0.70392305
C_temporal,1,test,1113214,0,0.69898725
C_temporal,1,test,1115227,1,0.56891924
C_temporal,1,test,1115322,1,0.62614053
C_temporal,1,test,1115713,1,0.63045216
C_temporal,1,test,1117370,1,0.7646297
C_temporal,1,test,1117921,1,0.69902945
C_temporal,1,test,1117975,1,0.7143776
C_temporal,1,test,1118291,0,0.5446481
C_temporal,1,test,1118436,1,0.63245136
C_temporal,1,test,1118652,0,0.5855044
C_temporal,1,test,1119012,1,0.7680286
C_temporal,1,test,1119591,1,0.7472452
C_temporal,1,test,1119652,1,0.6021646
C_temporal,1,test,1119930,1,0.59599984
C_temporal,1,test,1120326,1,0.6174355
C_temporal,1,test,1120775,1,0.58886606
C_temporal,1,test,1120955,0,0.6179036
C_temporal,1,test,1121493,0,0.53932434
C_temporal,1,test,1121705,1,0.90301305
C_temporal,1,test,1121926,1,0.6839966
C_temporal,1,test,1122956,1,0.5903779
C_temporal,1,test,1122990,1,0.59518254
C_temporal,1,test,1123350,1,0.7503884
C_temporal,1,test,1123551,0,0.62813187
C_temporal,1,test,1124329,1,0.78425586
C_temporal,1,test,1124330,0,0.62233156
C_temporal,1,test,1124561,0,0.59109616
C_temporal,1,test,1125348,0,0.6317537
C_temporal,1,test,1125785,1,0.5828696
C_temporal,1,test,1126146,0,0.6346176
C_temporal,1,test,1126656,0,0.4297957
C_temporal,1,test,1127029,0,0.7817056
C_temporal,1,test,1127560,1,0.7481326
C_temporal,1,test,1129053,1,0.51152444
C_temporal,1,test,1129961,0,0.5905784
C_temporal,1,test,1130161,1,0.56183547
C_temporal,1,test,1131297,0,0.572683
C_temporal,1,test,1131833,1,0.5444572
C_temporal,1,test,1134339,0,0.51832545
C_temporal,1,test,1134855,0,0.45257542
C_temporal,1,test,1134927,1,0.4708876
C_temporal,1,test,1135587,1,0.76663166
C_temporal,1,test,1135796,1,0.5631731
C_temporal,1,test,1136524,0,0.50448453
C_temporal,1,test,1136946,0,0.6054332
C_temporal,1,test,1137506,0,0.6909439
C_temporal,1,test,1137818,1,0.71522856
C_temporal,1,test,1138108,1,0.73469543
C_temporal,1,test,1139233,1,0.6672849
C_temporal,1,test,1139249,1,0.7968155
C_temporal,1,test,1139409,1,0.5845979
C_temporal,1,test,1139795,0,0.5145943
C_temporal,1,test,1142126,0,0.76671875
C_temporal,1,test,1142643,1,0.50720155
C_temporal,1,test,1142753,1,0.705369
C_temporal,1,test,1143415,1,0.6331319
C_temporal,1,test,1143550,1,0.75066584
C_temporal,1,test,1144210,1,0.8035209
C_temporal,1,test,1144260,0,0.6366253
C_temporal,1,test,1144465,1,0.58914983
C_temporal,1,test,1144580,1,0.5620795
C_temporal,1,test,1144621,1,0.59277856
C_temporal,1,test,1144651,1,0.70089716
C_temporal,1,test,1145207,0,0.6623677
C_temporal,1,test,1145385,0,0.6447473
C_temporal,1,test,1146057,0,0.75578856
C_temporal,1,test,1146108,0,0.60310286
C_temporal,1,test,1146318,1,0.7810746
C_temporal,1,test,1146323,0,0.5868837
C_temporal,1,test,1146529,1,0.82557976
C_temporal,1,test,1146584,1,0.63642615
C_temporal,1,test,1146771,0,0.6626054
C_temporal,1,test,1146854,1,0.6663107
C_temporal,1,test,1147012,0,0.5821935
C_temporal,1,test,1147189,1,0.65155464
C_temporal,1,test,1148157,1,0.5563622
C_temporal,1,test,1148437,0,0.49276817
C_temporal,1,test,1150400,1,0.69783694
C_temporal,1,test,1151387,0,0.64674526
C_temporal,1,test,1151422,1,0.80063665
C_temporal,1,test,1151627,1,0.60452616
C_temporal,1,test,1151789,1,0.65058225
C_temporal,1,test,1152038,1,0.70992345
C_temporal,1,test,1152061,1,0.5299668
C_temporal,1,test,1152979,1,0.5231928
C_temporal,1,test,1153702,0,0.6190833
C_temporal,1,test,1153881,0,0.75720483
C_temporal,1,test,1154576,1,0.47568083
C_temporal,1,test,1155404,0,0.67447776
C_temporal,1,test,1155554,1,0.59675056
C_temporal,1,test,1155802,1,0.5290581
C_temporal,1,test,1157101,1,0.6830481
C_temporal,1,test,1157237,1,0.7100712
C_temporal,1,test,1157440,0,0.7024784
C_temporal,1,test,1158961,1,0.57602906
C_temporal,1,test,1206308,0,0.61188966
C_temporal,1,test,1206667,0,0.82819974
C_temporal,1,test,1206997,1,0.80442035
C_temporal,1,test,1207140,1,0.64966524
C_temporal,1,test,1207980,1,0.76919174
C_temporal,1,test,1208561,1,0.6201476
C_temporal,1,test,1209776,0,0.60199106
C_temporal,1,test,1209958,1,0.47178307
C_temporal,1,test,1210100,0,0.6699578
C_temporal,1,test,1210485,1,0.59678173
C_temporal,1,test,1210786,0,0.6076757
C_temporal,1,test,1211029,1,0.71853125
C_temporal,1,test,1211042,1,0.6642353
C_temporal,1,test,1211177,1,0.7278353
C_temporal,1,test,1211297,1,0.75201684
C_temporal,1,test,1211505,1,0.6472505
C_temporal,1,test,1211778,0,0.6479944
C_temporal,1,test,1212217,1,0.7829883
C_temporal,1,test,1212354,0,0.52182275
C_temporal,1,test,1212394,1,0.58818376
C_temporal,1,test,1212451,0,0.49483198
C_temporal,1,test,1212582,1,0.76329744
C_temporal,1,test,1213121,1,0.59241647
C_temporal,1,test,1213130,1,0.67515737
C_temporal,1,test,1213344,1,0.7271085
C_temporal,1,test,1213929,1,0.66603434
C_temporal,1,test,1213974,0,0.51158357
C_temporal,1,test,1214144,0,0.6463781
C_temporal,1,test,1215381,0,0.5986134
C_temporal,1,test,1215388,0,0.74739945
C_temporal,1,test,1215586,0,0.62448716
C_temporal,1,test,1216036,1,0.59121704
C_temporal,1,test,1216045,1,0.68668026
C_temporal,1,test,1216223,1,0.5338971
C_temporal,1,test,1216691,1,0.6392044
C_temporal,1,test,1216776,1,0.6205016
C_temporal,1,test,1217051,1,0.7426074
C_temporal,1,test,1217243,1,0.67735946
C_temporal,1,test,1217708,0,0.5111819
C_temporal,1,test,1217769,1,0.69530207
C_temporal,1,test,1218062,1,0.639004
C_temporal,1,test,1218110,0,0.65802956
C_temporal,1,test,1219634,1,0.72485536
C_temporal,1,test,1219898,1,0.7584555
C_temporal,1,test,1219958,0,0.62108606
C_temporal,1,test,1220095,0,0.6187225
C_temporal,1,test,1220226,0,0.7068786
C_temporal,1,test,1220507,0,0.7257725
C_temporal,1,test,1220572,0,0.5513144
C_temporal,1,test,1220694,1,0.6753699
C_temporal,1,test,1221019,0,0.6164089
C_temporal,1,test,1221892,1,0.54167354
C_temporal,1,test,1222069,1,0.6404116
C_temporal,1,test,1222110,1,0.7420732
C_temporal,1,test,1222424,1,0.6803572
C_temporal,1,test,1222589,1,0.66147244
C_temporal,1,test,1222850,1,0.7566048
C_temporal,1,test,1223193,0,0.6222127
C_temporal,1,test,1223272,1,0.6395637
C_temporal,1,test,1223289,0,0.52727634
C_temporal,1,test,1223754,0,0.60931176
C_temporal,1,test,1224109,0,0.679429
C_temporal,1,test,1224306,1,0.6196852
C_temporal,1,test,1224683,1,0.8182677
C_temporal,1,test,1224968,1,0.69925946
C_temporal,1,test,1225050,0,0.65582067
C_temporal,1,test,1225262,1,0.6465872
C_temporal,1,test,1225323,1,0.6344398
C_temporal,1,test,1225648,0,0.62937194
C_temporal,1,test,1225672,1,0.5511095
C_temporal,1,test,1225716,0,0.6441297
C_temporal,1,test,1225945,0,0.6442654
C_temporal,1,test,1226065,1,0.8100145
C_temporal,1,test,1226588,1,0.65968156
C_temporal,1,test,1226641,1,0.8361282
C_temporal,1,test,1226825,1,0.5906602
C_temporal,1,test,1226937,0,0.56577003
C_temporal,1,test,1227061,1,0.67659783
C_temporal,1,test,1227106,1,0.6061308
C_temporal,1,test,1227138,0,0.54043806
C_temporal,1,test,1227504,1,0.5067453
C_temporal,1,test,1228528,0,0.5932367
C_temporal,1,test,1228888,1,0.5302508
C_temporal,1,test,1229368,0,0.6190038
C_temporal,1,test,1229574,0,0.5178596
C_temporal,1,test,1229725,1,0.8092722
C_temporal,1,test,1229860,1,0.8266973
C_temporal,1,test,1230265,1,0.8135502
C_temporal,1,test,1230408,1,0.5390285
C_temporal,1,test,1230712,0,0.6893182
C_temporal,1,test,1230724,1,0.776702
C_temporal,1,test,1230855,0,0.5159796
C_temporal,1,test,1230993,0,0.5375546
C_temporal,1,test,1231114,1,0.7691991
C_temporal,1,test,1231841,0,0.6915863
C_temporal,1,test,1232099,0,0.6312556
C_temporal,1,test,1232676,1,0.64314336
C_temporal,1,test,1233791,1,0.67322546
C_temporal,1,test,1233962,0,0.65863436
C_temporal,1,test,1233970,1,0.64512944
C_temporal,1,test,1234219,1,0.7131312
C_temporal,1,test,1234306,1,0.6357903
C_temporal,1,test,1234549,0,0.508808
C_temporal,1,test,1234553,0,0.6826763
C_temporal,1,test,1235265,1,0.7508862
C_temporal,1,test,1235275,0,0.46973228
C_temporal,1,test,1235336,1,0.6109192
C_temporal,1,test,1236071,1,0.6295403
C_temporal,1,test,1236410,0,0.6155226
C_temporal,1,test,1236418,1,0.7786645
C_temporal,1,test,1236759,1,0.79525596
C_temporal,1,test,1236938,1,0.5127056
C_temporal,1,test,1237075,0,0.60893244
C_temporal,1,test,1237241,1,0.48853868
C_temporal,1,test,1237496,1,0.8748851
C_temporal,1,test,1237716,0,0.70814866
C_temporal,1,test,1237793,1,0.63400847
C_temporal,1,test,1238174,1,0.6509191
C_temporal,1,test,1238215,1,0.6863212
C_temporal,1,test,1238443,0,0.59318066
C_temporal,1,test,1238550,1,0.68851894
C_temporal,1,test,1238574,0,0.4310983
C_temporal,1,test,1238865,1,0.73377067
C_temporal,1,test,1238923,0,0.79058695
C_temporal,1,test,1239038,0,0.62973857
C_temporal,1,test,1239693,0,0.62517524
C_temporal,1,test,1239772,0,0.58054686
C_temporal,1,test,1239841,1,0.5725848
C_temporal,1,test,1239988,0,0.70499426
C_temporal,1,test,1240378,1,0.64780897
C_temporal,1,test,1240423,1,0.72189695
C_temporal,1,test,1240598,1,0.6536786
C_temporal,1,test,1241453,0,0.624795
C_temporal,1,test,1241862,1,0.6464866
C_temporal,1,test,1242372,1,0.58818924
C_temporal,1,test,1242535,1,0.49132085
C_temporal,1,test,1242667,0,0.5484804
C_temporal,1,test,1242811,0,0.61412734
C_temporal,1,test,1242831,0,0.65448123
C_temporal,1,test,1243018,1,0.56462526
C_temporal,1,test,1243083,0,0.58796614
C_temporal,1,test,1243802,0,0.74475473
C_temporal,1,test,1243942,1,0.7161589
C_temporal,1,test,1243992,1,0.5156098
C_temporal,1,test,1244831,1,0.6204642
C_temporal,1,test,1245228,0,0.55003583
C_shuffled,1,val,4993,1,0.55060124
C_shuffled,1,val,13412,1,0.6825466
C_shuffled,1,val,22854,1,0.58781046
C_shuffled,1,val,32097,1,0.65894383
C_shuffled,1,val,33368,1,0.58263373
C_shuffled,1,val,42450,1,0.7226285
C_shuffled,1,val,47652,1,0.61577076
C_shuffled,1,val,48755,1,0.74952555
C_shuffled,1,val,50696,1,0.6242301
C_shuffled,1,val,54388,0,0.6297566
C_shuffled,1,val,60519,1,0.6038022
C_shuffled,1,val,70693,0,0.60028726
C_shuffled,1,val,72256,1,0.6669156
C_shuffled,1,val,86179,1,0.86726093
C_shuffled,1,val,86896,0,0.51013136
C_shuffled,1,val,88424,1,0.6486586
C_shuffled,1,val,89850,1,0.73063934
C_shuffled,1,val,93002,1,0.575554
C_shuffled,1,val,93011,0,0.73744714
C_shuffled,1,val,98629,1,0.6020704
C_shuffled,1,val,99307,0,0.7800364
C_shuffled,1,val,100693,1,1.0010788
C_shuffled,1,val,101232,1,0.55263364
C_shuffled,1,val,112047,1,0.56736445
C_shuffled,1,val,121204,0,0.4737758
C_shuffled,1,val,121744,1,0.76350135
C_shuffled,1,val,130131,0,0.6574044
C_shuffled,1,val,130832,1,0.4522894
C_shuffled,1,val,135338,0,0.57041955
C_shuffled,1,val,143353,1,0.78933203
C_shuffled,1,val,145109,1,0.6220876
C_shuffled,1,val,146346,1,0.5905313
C_shuffled,1,val,149348,1,0.6359212
C_shuffled,1,val,149880,1,0.58277875
C_shuffled,1,val,154041,1,0.6195724
C_shuffled,1,val,157774,1,0.77561915
C_shuffled,1,val,160103,1,0.75864387
C_shuffled,1,val,160197,1,0.7223132
C_shuffled,1,val,167963,1,0.77958906
C_shuffled,1,val,174525,1,0.6607669
C_shuffled,1,val,175032,0,0.6829888
C_shuffled,1,val,181574,0,0.4947564
C_shuffled,1,val,183204,0,0.5739864
C_shuffled,1,val,186257,0,0.81494594
C_shuffled,1,val,189056,1,0.72274196
C_shuffled,1,val,189685,0,0.5250901
C_shuffled,1,val,193149,0,0.69677955
C_shuffled,1,val,196058,1,0.79452324
C_shuffled,1,val,199177,0,0.47154385
C_shuffled,1,val,202968,0,0.5914081
C_shuffled,1,val,210361,1,0.6805717
C_shuffled,1,val,216010,1,0.8692364
C_shuffled,1,val,219309,1,0.66816896
C_shuffled,1,val,220792,0,0.66316944
C_shuffled,1,val,226106,1,0.40644485
C_shuffled,1,val,226610,1,0.63667774
C_shuffled,1,val,234696,1,0.7011865
C_shuffled,1,val,240229,0,0.5011275
C_shuffled,1,val,243108,1,0.8739559
C_shuffled,1,val,248666,1,0.52951354
C_shuffled,1,val,250983,0,0.7204568
C_shuffled,1,val,253033,0,0.72801816
C_shuffled,1,val,256422,1,0.7786341
C_shuffled,1,val,271298,0,0.8306935
C_shuffled,1,val,273148,1,0.70960915
C_shuffled,1,val,273826,1,0.6383724
C_shuffled,1,val,274345,0,0.79870844
C_shuffled,1,val,274563,1,0.65092546
C_shuffled,1,val,275882,1,0.62906915
C_shuffled,1,val,281433,1,0.6451149
C_shuffled,1,val,289992,1,0.60787475
C_shuffled,1,val,293922,0,0.67666984
C_shuffled,1,val,297709,0,0.62733734
C_shuffled,1,val,300925,1,0.66004723
C_shuffled,1,val,303683,0,0.46677464
C_shuffled,1,val,305034,0,0.4227541
C_shuffled,1,val,310191,1,0.8235848
C_shuffled,1,val,312582,1,0.6110278
C_shuffled,1,val,319661,1,0.8610639
C_shuffled,1,val,324095,1,0.6996919
C_shuffled,1,val,329983,1,0.6305818
C_shuffled,1,val,330071,0,0.53893125
C_shuffled,1,val,330603,1,0.71285754
C_shuffled,1,val,332529,1,0.71766675
C_shuffled,1,val,344909,0,0.66431516
C_shuffled,1,val,345087,1,0.5932475
C_shuffled,1,val,345208,1,0.69661605
C_shuffled,1,val,345670,1,0.7406304
C_shuffled,1,val,348496,1,0.62871283
C_shuffled,1,val,350707,0,0.7021681
C_shuffled,1,val,353416,1,0.68265134
C_shuffled,1,val,354035,1,0.621828
C_shuffled,1,val,357322,0,0.5915189
C_shuffled,1,val,364502,1,0.8312656
C_shuffled,1,val,366344,0,0.59876364
C_shuffled,1,val,369818,1,0.63443446
C_shuffled,1,val,369915,1,0.5303588
C_shuffled,1,val,375005,0,0.60280275
C_shuffled,1,val,376917,1,0.6461945
C_shuffled,1,val,377703,1,0.88128644
C_shuffled,1,val,398007,1,0.609347
C_shuffled,1,val,400944,1,0.59709543
C_shuffled,1,val,402349,0,0.45273632
C_shuffled,1,val,402364,0,0.66116655
C_shuffled,1,val,413173,1,0.792505
C_shuffled,1,val,413554,1,0.661345
C_shuffled,1,val,414540,0,0.6193541
C_shuffled,1,val,417147,0,0.5666819
C_shuffled,1,val,419522,1,0.7485564
C_shuffled,1,val,423553,1,0.5169075
C_shuffled,1,val,424946,0,0.5761069
C_shuffled,1,val,431664,0,0.58529294
C_shuffled,1,val,432045,0,0.6037049
C_shuffled,1,val,433233,1,0.70003766
C_shuffled,1,val,435249,1,0.60868007
C_shuffled,1,val,443084,0,0.6058452
C_shuffled,1,val,444684,1,0.65642625
C_shuffled,1,val,445318,0,0.5812248
C_shuffled,1,val,448329,1,0.6510845
C_shuffled,1,val,451424,1,0.6621417
C_shuffled,1,val,451600,1,0.71176493
C_shuffled,1,val,457834,1,0.61332756
C_shuffled,1,val,465292,1,0.6126667
C_shuffled,1,val,467821,0,0.467811
C_shuffled,1,val,469865,1,0.79648465
C_shuffled,1,val,479371,0,0.5333256
C_shuffled,1,val,480708,1,0.69698066
C_shuffled,1,val,485608,1,0.6201054
C_shuffled,1,val,486901,0,0.677705
C_shuffled,1,val,487378,0,0.6451471
C_shuffled,1,val,488255,0,0.43759167
C_shuffled,1,val,490630,1,0.7185335
C_shuffled,1,val,493668,1,0.7014254
C_shuffled,1,val,494011,1,0.73048854
C_shuffled,1,val,496270,1,0.6634745
C_shuffled,1,val,501583,1,0.6729055
C_shuffled,1,val,504132,1,0.749484
C_shuffled,1,val,506819,1,0.46825665
C_shuffled,1,val,508449,0,0.5273685
C_shuffled,1,val,510306,0,0.7623503
C_shuffled,1,val,512180,1,0.66436005
C_shuffled,1,val,513398,0,0.5993154
C_shuffled,1,val,513966,0,0.49697644
C_shuffled,1,val,519298,1,0.54963404
C_shuffled,1,val,524155,0,0.6985184
C_shuffled,1,val,524172,0,0.4883973
C_shuffled,1,val,529499,0,0.46435183
C_shuffled,1,val,529816,1,0.5150437
C_shuffled,1,val,532148,1,0.598554
C_shuffled,1,val,532751,1,0.6185095
C_shuffled,1,val,534048,1,0.5406601
C_shuffled,1,val,535178,1,0.5428082
C_shuffled,1,val,536493,0,0.6853458
C_shuffled,1,val,541544,1,0.58870417
C_shuffled,1,val,542399,0,0.7117413
C_shuffled,1,val,547939,1,0.74539834
C_shuffled,1,val,560521,0,0.6948502
C_shuffled,1,val,561141,1,0.4253321
C_shuffled,1,val,563271,1,0.6740873
C_shuffled,1,val,565232,1,0.8144159
C_shuffled,1,val,565908,0,0.44776464
C_shuffled,1,val,567390,0,0.5728182
C_shuffled,1,val,570049,1,0.6471188
C_shuffled,1,val,570975,0,0.5236838
C_shuffled,1,val,576988,1,0.57548475
C_shuffled,1,val,579106,1,0.6256403
C_shuffled,1,val,595954,1,0.53564584
C_shuffled,1,val,596437,0,0.65593404
C_shuffled,1,val,598165,1,0.6782604
C_shuffled,1,val,598821,0,0.5845337
C_shuffled,1,val,600546,1,0.79130983
C_shuffled,1,val,607482,1,0.49256042
C_shuffled,1,val,608068,1,0.7962754
C_shuffled,1,val,612154,0,0.6257193
C_shuffled,1,val,615631,1,0.74398625
C_shuffled,1,val,624977,0,0.7120895
C_shuffled,1,val,626615,0,0.58419275
C_shuffled,1,val,631543,1,0.5808953
C_shuffled,1,val,643466,1,0.63878375
C_shuffled,1,val,644043,1,0.8159107
C_shuffled,1,val,646681,1,0.6165741
C_shuffled,1,val,646867,1,0.71789336
C_shuffled,1,val,656122,1,0.68066454
C_shuffled,1,val,660915,1,0.548154
C_shuffled,1,val,660938,1,0.7692616
C_shuffled,1,val,663406,1,0.62237734
C_shuffled,1,val,665029,1,0.5790727
C_shuffled,1,val,671705,1,0.81044996
C_shuffled,1,val,675008,1,0.74682915
C_shuffled,1,val,677928,1,0.6495788
C_shuffled,1,val,680963,0,0.6650172
C_shuffled,1,val,681205,1,0.5921793
C_shuffled,1,val,682914,1,0.6384746
C_shuffled,1,val,684751,1,0.51066107
C_shuffled,1,val,686482,1,0.6913274
C_shuffled,1,val,687171,1,0.45075157
C_shuffled,1,val,692458,1,0.730205
C_shuffled,1,val,697830,0,0.4957322
C_shuffled,1,val,698653,1,0.9396298
C_shuffled,1,val,702801,0,0.5300985
C_shuffled,1,val,703629,1,0.5800249
C_shuffled,1,val,703834,1,0.6951767
C_shuffled,1,val,706141,1,0.5192565
C_shuffled,1,val,706908,0,0.58732456
C_shuffled,1,val,712016,1,0.6455302
C_shuffled,1,val,713284,0,0.5681199
C_shuffled,1,val,714078,0,0.65711486
C_shuffled,1,val,714644,1,0.64667624
C_shuffled,1,val,714764,0,0.7497283
C_shuffled,1,val,714952,1,0.66059023
C_shuffled,1,val,726126,0,0.70460266
C_shuffled,1,val,731117,1,0.86246353
C_shuffled,1,val,739116,1,0.6414962
C_shuffled,1,val,739674,0,0.6083909
C_shuffled,1,val,743852,1,0.5981121
C_shuffled,1,val,744145,0,0.59975624
C_shuffled,1,val,745489,1,0.5936781
C_shuffled,1,val,749211,0,0.597837
C_shuffled,1,val,759242,1,0.6578764
C_shuffled,1,val,761233,1,0.7350675
C_shuffled,1,val,762014,0,0.6816357
C_shuffled,1,val,767236,0,0.49879915
C_shuffled,1,val,769720,1,0.88978565
C_shuffled,1,val,772900,0,0.5531747
C_shuffled,1,val,777687,1,0.46528804
C_shuffled,1,val,781139,0,0.51046264
C_shuffled,1,val,783835,0,0.49600267
C_shuffled,1,val,784920,1,0.6072024
C_shuffled,1,val,791392,1,0.6149619
C_shuffled,1,val,792243,0,0.56487924
C_shuffled,1,val,793601,0,0.58721876
C_shuffled,1,val,793726,0,0.63313967
C_shuffled,1,val,803606,1,0.66951895
C_shuffled,1,val,806286,0,0.4943924
C_shuffled,1,val,808181,0,0.7025171
C_shuffled,1,val,809234,1,0.5892824
C_shuffled,1,val,810874,0,0.52130216
C_shuffled,1,val,813871,1,0.67660964
C_shuffled,1,val,820393,1,0.48275447
C_shuffled,1,val,820729,1,0.5693737
C_shuffled,1,val,821863,1,0.53157216
C_shuffled,1,val,823325,0,0.4774943
C_shuffled,1,val,824734,1,0.69836056
C_shuffled,1,val,828427,0,0.80360615
C_shuffled,1,val,835135,1,0.56329757
C_shuffled,1,val,844964,0,0.8205776
C_shuffled,1,val,850702,1,0.597352
C_shuffled,1,val,853023,1,0.5630011
C_shuffled,1,val,865733,1,0.5521875
C_shuffled,1,val,868368,1,0.72948456
C_shuffled,1,val,870739,1,0.48272243
C_shuffled,1,val,878491,1,0.617096
C_shuffled,1,val,885157,1,0.70999295
C_shuffled,1,val,885222,0,0.66740435
C_shuffled,1,val,888866,0,0.96531594
C_shuffled,1,val,892998,0,0.3877786
C_shuffled,1,val,924232,0,0.6445325
C_shuffled,1,val,936352,0,0.49214983
C_shuffled,1,val,944965,1,0.5969784
C_shuffled,1,val,951246,0,0.74579823
C_shuffled,1,val,951846,0,0.7817113
C_shuffled,1,val,958048,1,0.70740336
C_shuffled,1,val,959155,0,0.58702326
C_shuffled,1,val,960726,0,0.61820257
C_shuffled,1,val,968652,1,0.68042964
C_shuffled,1,val,969827,0,0.44376445
C_shuffled,1,val,972980,1,0.5087941
C_shuffled,1,val,975913,0,0.71204144
C_shuffled,1,val,976696,0,0.6722017
C_shuffled,1,val,981850,1,0.47304964
C_shuffled,1,val,982055,0,0.48361436
C_shuffled,1,val,983916,1,0.49183536
C_shuffled,1,val,984568,1,0.6638565
C_shuffled,1,val,986315,1,0.6406466
C_shuffled,1,val,987657,1,0.6684756
C_shuffled,1,val,989331,1,0.45962667
C_shuffled,1,val,991837,1,0.5194006
C_shuffled,1,val,997176,0,0.51254606
C_shuffled,1,val,1000310,1,0.6285161
C_shuffled,1,val,1005095,1,0.7740834
C_shuffled,1,val,1012389,0,0.50904536
C_shuffled,1,val,1017244,1,0.47731856
C_shuffled,1,val,1017640,1,0.7813769
C_shuffled,1,val,1036745,1,0.7078636
C_shuffled,1,val,1043429,1,0.59674233
C_shuffled,1,val,1048580,1,0.7277366
C_shuffled,1,val,1049831,0,0.6473443
C_shuffled,1,val,1057350,0,0.5801483
C_shuffled,1,val,1062410,1,0.6680931
C_shuffled,1,val,1067041,1,0.6381811
C_shuffled,1,val,1067592,1,0.47956407
C_shuffled,1,val,1069432,1,0.6772203
C_shuffled,1,val,1070777,1,0.66883284
C_shuffled,1,val,1071966,1,0.4748992
C_shuffled,1,val,1072395,1,0.67605245
C_shuffled,1,val,1075228,1,0.7634991
C_shuffled,1,val,1075447,1,0.75149286
C_shuffled,1,val,1076650,1,0.6540717
C_shuffled,1,val,1079219,0,0.4976406
C_shuffled,1,val,1079586,0,0.70256823
C_shuffled,1,val,1081383,0,0.58104616
C_shuffled,1,val,1081426,1,0.6200477
C_shuffled,1,val,1082124,1,0.43964666
C_shuffled,1,val,1082765,1,0.6031598
C_shuffled,1,val,1083817,1,0.59744
C_shuffled,1,val,1084214,1,0.43533164
C_shuffled,1,val,1085709,1,0.60212505
C_shuffled,1,val,1086850,0,0.7705418
C_shuffled,1,val,1088707,1,0.7241818
C_shuffled,1,val,1088918,1,0.5293243
C_shuffled,1,val,1089172,1,0.760235
C_shuffled,1,val,1089175,1,0.57401794
C_shuffled,1,val,1091343,0,0.66320735
C_shuffled,1,val,1092437,1,0.6509196
C_shuffled,1,val,1092557,0,0.6753374
C_shuffled,1,val,1092783,1,0.70971715
C_shuffled,1,val,1092889,1,0.62579477
C_shuffled,1,val,1093743,0,0.5351293
C_shuffled,1,val,1094011,1,0.70345306
C_shuffled,1,val,1094030,1,0.51914406
C_shuffled,1,val,1094046,1,0.6270763
C_shuffled,1,val,1095642,1,0.6489351
C_shuffled,1,val,1095841,1,0.6017575
C_shuffled,1,val,1096276,0,0.62680036
C_shuffled,1,val,1096586,0,0.51442134
C_shuffled,1,val,1096850,1,0.68581367
C_shuffled,1,val,1097316,1,0.6284034
C_shuffled,1,val,1098204,1,0.7436367
C_shuffled,1,val,1098855,1,0.4985568
C_shuffled,1,val,1099234,1,0.5288257
C_shuffled,1,val,1099660,1,0.5262506
C_shuffled,1,val,1103054,0,0.5415427
C_shuffled,1,val,1103087,1,0.6773284
C_shuffled,1,val,1103360,1,0.59071267
C_shuffled,1,val,1104012,1,0.6776017
C_shuffled,1,val,1104452,1,0.5904574
C_shuffled,1,val,1104470,1,0.69266194
C_shuffled,1,val,1105078,1,0.56463957
C_shuffled,1,val,1105241,0,0.48366523
C_shuffled,1,val,1105345,0,0.6636987
C_shuffled,1,val,1105733,1,0.536624
C_shuffled,1,val,1105916,1,0.6894396
C_shuffled,1,val,1107291,0,0.50719154
C_shuffled,1,val,1108050,1,0.73664916
C_shuffled,1,val,1109299,1,0.75579464
C_shuffled,1,val,1110598,0,0.7221561
C_shuffled,1,val,1112425,1,0.5572716
C_shuffled,1,val,1112465,1,0.4736763
C_shuffled,1,val,1113133,0,0.5470859
C_shuffled,1,val,1113237,1,0.63582593
C_shuffled,1,val,1113756,1,0.83572656
C_shuffled,1,val,1113808,0,0.60957974
C_shuffled,1,val,1113857,0,0.63103694
C_shuffled,1,val,1115247,0,0.713349
C_shuffled,1,val,1115335,1,0.7161029
C_shuffled,1,val,1115427,1,0.44797927
C_shuffled,1,val,1116144,1,0.56764424
C_shuffled,1,val,1116363,0,0.63027865
C_shuffled,1,val,1116440,0,0.82017976
C_shuffled,1,val,1116580,1,0.7860274
C_shuffled,1,val,1116601,0,0.6107204
C_shuffled,1,val,1116790,0,0.6654151
C_shuffled,1,val,1118641,0,0.72979283
C_shuffled,1,val,1118849,1,0.6007697
C_shuffled,1,val,1119647,1,0.49216297
C_shuffled,1,val,1119855,0,0.70301753
C_shuffled,1,val,1120120,0,0.5822402
C_shuffled,1,val,1120692,1,0.7600459
C_shuffled,1,val,1120869,0,0.519892
C_shuffled,1,val,1122513,1,0.3804146
C_shuffled,1,val,1122658,1,1.1005602
C_shuffled,1,val,1123222,1,0.6166216
C_shuffled,1,val,1123500,1,0.57239157
C_shuffled,1,val,1124034,1,0.53518796
C_shuffled,1,val,1124658,0,0.63680124
C_shuffled,1,val,1124894,1,0.6304349
C_shuffled,1,val,1125163,1,0.68865716
C_shuffled,1,val,1125748,1,0.63157374
C_shuffled,1,val,1126857,1,0.6589471
C_shuffled,1,val,1128467,1,0.80796313
C_shuffled,1,val,1128618,1,0.7889104
C_shuffled,1,val,1129029,0,0.52184653
C_shuffled,1,val,1129401,1,0.6999482
C_shuffled,1,val,1129979,1,0.70893025
C_shuffled,1,val,1130043,1,0.89722455
C_shuffled,1,val,1130533,1,0.5957891
C_shuffled,1,val,1130756,1,0.7278116
C_shuffled,1,val,1131355,1,0.6567503
C_shuffled,1,val,1131386,1,0.6198743
C_shuffled,1,val,1131656,1,0.73477644
C_shuffled,1,val,1132010,0,0.5958515
C_shuffled,1,val,1135241,0,0.4714218
C_shuffled,1,val,1135703,1,0.7071493
C_shuffled,1,val,1136279,0,0.6826803
C_shuffled,1,val,1136310,1,0.827096
C_shuffled,1,val,1136723,0,0.66908336
C_shuffled,1,val,1137555,1,0.86472857
C_shuffled,1,val,1137589,1,0.68619573
C_shuffled,1,val,1138091,1,0.43936944
C_shuffled,1,val,1138321,1,0.63137347
C_shuffled,1,val,1138374,0,0.5547387
C_shuffled,1,val,1138670,1,0.62374634
C_shuffled,1,val,1138870,1,0.5300431
C_shuffled,1,val,1139275,1,0.52685165
C_shuffled,1,val,1140109,1,0.6776697
C_shuffled,1,val,1140316,1,0.7411072
C_shuffled,1,val,1141936,1,1.0257964
C_shuffled,1,val,1142089,1,0.78536713
C_shuffled,1,val,1142188,1,0.5519544
C_shuffled,1,val,1142355,0,0.60878235
C_shuffled,1,val,1142724,0,0.70780444
C_shuffled,1,val,1143869,0,0.6033539
C_shuffled,1,val,1144198,1,0.69461423
C_shuffled,1,val,1144734,1,0.70574224
C_shuffled,1,val,1144792,0,0.7254046
C_shuffled,1,val,1145284,1,0.7048561
C_shuffled,1,val,1145959,1,0.6938119
C_shuffled,1,val,1145969,1,0.5087913
C_shuffled,1,val,1146989,0,0.63696045
C_shuffled,1,val,1147155,1,0.55554646
C_shuffled,1,val,1147302,0,0.5392391
C_shuffled,1,val,1147838,0,0.54825956
C_shuffled,1,val,1148110,0,0.6936799
C_shuffled,1,val,1148113,1,0.7142488
C_shuffled,1,val,1148332,1,0.7070637
C_shuffled,1,val,1148376,1,0.5337059
C_shuffled,1,val,1149831,1,0.6140684
C_shuffled,1,val,1149916,1,0.4927082
C_shuffled,1,val,1150067,1,0.5280936
C_shuffled,1,val,1151454,0,0.4886312
C_shuffled,1,val,1151510,0,0.51478136
C_shuffled,1,val,1151569,1,0.70283204
C_shuffled,1,val,1151818,0,0.50474143
C_shuffled,1,val,1151994,1,0.8359879
C_shuffled,1,val,1152380,1,0.51309764
C_shuffled,1,val,1152700,1,0.688029
C_shuffled,1,val,1152708,1,0.6538685
C_shuffled,1,val,1152877,0,0.6867725
C_shuffled,1,val,1153023,1,0.71226734
C_shuffled,1,val,1153155,1,0.58795273
C_shuffled,1,val,1153931,1,0.6370725
C_shuffled,1,val,1154574,1,0.76281047
C_shuffled,1,val,1155176,1,0.68292415
C_shuffled,1,val,1157142,1,0.70126283
C_shuffled,1,val,1206010,0,0.63734317
C_shuffled,1,val,1206257,1,0.45908713
C_shuffled,1,val,1206334,0,0.8038619
C_shuffled,1,val,1207181,0,0.7933963
C_shuffled,1,val,1207207,1,0.6308618
C_shuffled,1,val,1207367,1,0.43338585
C_shuffled,1,val,1207384,1,0.5486657
C_shuffled,1,val,1207464,1,0.76721174
C_shuffled,1,val,1208159,1,0.65817595
C_shuffled,1,val,1208290,1,0.6321165
C_shuffled,1,val,1208422,1,0.60404843
C_shuffled,1,val,1208544,0,0.53122246
C_shuffled,1,val,1208870,1,0.84855276
C_shuffled,1,val,1209034,1,0.55977505
C_shuffled,1,val,1209229,0,0.6911926
C_shuffled,1,val,1209908,0,0.6365546
C_shuffled,1,val,1210816,1,0.6104245
C_shuffled,1,val,1212290,1,0.72516763
C_shuffled,1,val,1212738,1,0.93008494
C_shuffled,1,val,1213667,0,0.60902727
C_shuffled,1,val,1213716,1,0.6972859
C_shuffled,1,val,1213978,0,0.6965166
C_shuffled,1,val,1214063,1,0.60545325
C_shuffled,1,val,1214597,1,0.6991335
C_shuffled,1,val,1215070,1,0.6266125
C_shuffled,1,val,1215132,0,0.5834566
C_shuffled,1,val,1215420,1,0.566799
C_shuffled,1,val,1215921,1,0.6516826
C_shuffled,1,val,1216025,0,0.6358131
C_shuffled,1,val,1216145,0,0.76059026
C_shuffled,1,val,1216188,0,0.54796374
C_shuffled,1,val,1216704,1,0.85855716
C_shuffled,1,val,1216841,0,0.6918733
C_shuffled,1,val,1216904,0,0.744463
C_shuffled,1,val,1217573,1,0.6589383
C_shuffled,1,val,1217635,1,0.7486607
C_shuffled,1,val,1217948,1,0.48282665
C_shuffled,1,val,1218059,1,0.70294863
C_shuffled,1,val,1218235,1,0.64873785
C_shuffled,1,val,1218421,1,0.70936126
C_shuffled,1,val,1218554,1,0.62950194
C_shuffled,1,val,1218726,1,0.79300463
C_shuffled,1,val,1219254,0,0.7471262
C_shuffled,1,val,1219802,1,0.6773137
C_shuffled,1,val,1219877,1,0.60600275
C_shuffled,1,val,1219890,1,0.5583459
C_shuffled,1,val,1219897,1,0.76642954
C_shuffled,1,val,1219949,0,0.6135881
C_shuffled,1,val,1220037,1,0.72330093
C_shuffled,1,val,1220386,0,0.52192634
C_shuffled,1,val,1220475,0,0.61279833
C_shuffled,1,val,1220832,0,0.6485576
C_shuffled,1,val,1221118,0,0.60527474
C_shuffled,1,val,1221764,1,0.84470934
C_shuffled,1,val,1222028,1,0.80795944
C_shuffled,1,val,1223017,1,0.5457105
C_shuffled,1,val,1223383,1,0.9077588
C_shuffled,1,val,1224353,0,0.77800524
C_shuffled,1,val,1224371,1,0.5928406
C_shuffled,1,val,1224500,1,0.44629782
C_shuffled,1,val,1225046,0,0.50812906
C_shuffled,1,val,1225309,1,0.6720704
C_shuffled,1,val,1225334,0,0.93845785
C_shuffled,1,val,1225388,0,0.69928545
C_shuffled,1,val,1225500,0,0.64532936
C_shuffled,1,val,1225758,1,0.73923296
C_shuffled,1,val,1226509,1,0.5463865
C_shuffled,1,val,1227545,1,0.7760247
C_shuffled,1,val,1227597,0,0.82011724
C_shuffled,1,val,1227765,1,0.4946162
C_shuffled,1,val,1227804,0,0.5971974
C_shuffled,1,val,1228018,1,0.7581637
C_shuffled,1,val,1228461,1,0.6884237
C_shuffled,1,val,1229605,0,0.79799545
C_shuffled,1,val,1229991,0,0.6430723
C_shuffled,1,val,1230721,1,0.6281859
C_shuffled,1,val,1230968,1,0.6583558
C_shuffled,1,val,1231044,1,0.64009035
C_shuffled,1,val,1231253,0,0.6569726
C_shuffled,1,val,1231339,0,0.6978808
C_shuffled,1,val,1231343,1,0.865072
C_shuffled,1,val,1231928,1,0.68538225
C_shuffled,1,val,1232006,1,0.5735724
C_shuffled,1,val,1232033,0,0.55407965
C_shuffled,1,val,1232296,1,0.45262003
C_shuffled,1,val,1233154,1,0.50220275
C_shuffled,1,val,1233203,1,0.697575
C_shuffled,1,val,1233369,0,0.50230396
C_shuffled,1,val,1233621,0,0.643858
C_shuffled,1,val,1233632,1,0.78470296
C_shuffled,1,val,1234472,1,0.57883006
C_shuffled,1,val,1234672,0,0.72462606
C_shuffled,1,val,1234804,1,0.6227327
C_shuffled,1,val,1235172,0,0.62262887
C_shuffled,1,val,1235777,1,0.8078249
C_shuffled,1,val,1235863,1,0.5459151
C_shuffled,1,val,1235882,0,0.5041766
C_shuffled,1,val,1236187,0,0.62421113
C_shuffled,1,val,1237352,1,0.8640858
C_shuffled,1,val,1237367,1,0.557369
C_shuffled,1,val,1237861,0,0.57685983
C_shuffled,1,val,1237964,0,0.70679593
C_shuffled,1,val,1238200,1,0.84258217
C_shuffled,1,val,1238203,1,0.6706327
C_shuffled,1,val,1238287,0,0.7024723
C_shuffled,1,val,1238298,1,0.7086177
C_shuffled,1,val,1238523,1,0.6943762
C_shuffled,1,val,1238594,0,0.5359109
C_shuffled,1,val,1238864,1,0.5027313
C_shuffled,1,val,1238917,0,0.851118
C_shuffled,1,val,1239127,0,0.5976932
C_shuffled,1,val,1239377,1,0.51232994
C_shuffled,1,val,1239474,1,0.8472491
C_shuffled,1,val,1239881,1,0.4428956
C_shuffled,1,val,1240209,1,0.77975076
C_shuffled,1,val,1240705,1,0.6486993
C_shuffled,1,val,1240951,0,0.96867454
C_shuffled,1,val,1241625,0,0.5246199
C_shuffled,1,val,1242009,1,0.4990469
C_shuffled,1,val,1242135,0,0.52044547
C_shuffled,1,val,1242264,0,0.57576954
C_shuffled,1,val,1242338,1,0.7433449
C_shuffled,1,val,1242381,0,0.6290699
C_shuffled,1,val,1242501,1,0.60471886
C_shuffled,1,val,1242645,0,0.85033107
C_shuffled,1,val,1242725,1,0.75024223
C_shuffled,1,val,1242755,0,0.7671624
C_shuffled,1,val,1242835,1,0.8733221
C_shuffled,1,val,1243045,0,0.47994295
C_shuffled,1,val,1243514,1,0.72178125
C_shuffled,1,val,1243838,0,0.79972214
C_shuffled,1,val,1243993,0,0.68644553
C_shuffled,1,val,1244606,1,0.76984394
C_shuffled,1,val,1246490,1,0.80912125
C_shuffled,1,val,1246508,0,0.64371324
C_shuffled,1,test,1922,1,0.43896437
C_shuffled,1,test,12246,1,0.49439198
C_shuffled,1,test,16787,0,0.5777054
C_shuffled,1,test,19126,1,0.6722646
C_shuffled,1,test,34428,0,0.47892874
C_shuffled,1,test,42331,1,0.67721593
C_shuffled,1,test,44366,1,0.51496315
C_shuffled,1,test,47250,1,0.4753065
C_shuffled,1,test,48545,0,0.58311754
C_shuffled,1,test,54142,1,0.6526678
C_shuffled,1,test,61752,1,0.46735096
C_shuffled,1,test,62606,1,0.63672096
C_shuffled,1,test,66226,1,0.5325926
C_shuffled,1,test,66381,1,0.8986335
C_shuffled,1,test,68648,0,0.52620775
C_shuffled,1,test,70147,0,0.6698193
C_shuffled,1,test,72035,0,0.5673504
C_shuffled,1,test,73899,1,0.7278371
C_shuffled,1,test,88483,1,0.71548325
C_shuffled,1,test,96757,1,0.8065013
C_shuffled,1,test,97998,0,0.57401973
C_shuffled,1,test,102708,1,0.5445546
C_shuffled,1,test,105271,1,0.6450634
C_shuffled,1,test,114318,1,0.7839572
C_shuffled,1,test,120088,1,0.6851112
C_shuffled,1,test,127579,0,0.5182989
C_shuffled,1,test,129407,1,0.76464826
C_shuffled,1,test,131155,1,0.6585862
C_shuffled,1,test,136645,1,0.68185794
C_shuffled,1,test,139145,1,0.57351613
C_shuffled,1,test,141620,1,0.51063746
C_shuffled,1,test,147228,1,0.6094597
C_shuffled,1,test,156299,1,0.54599094
C_shuffled,1,test,156996,1,0.61035097
C_shuffled,1,test,157449,1,0.7768825
C_shuffled,1,test,157463,1,0.53473115
C_shuffled,1,test,161593,1,0.57115686
C_shuffled,1,test,163659,1,0.57794976
C_shuffled,1,test,167183,1,0.5359816
C_shuffled,1,test,169457,0,0.45954016
C_shuffled,1,test,171896,1,0.52809703
C_shuffled,1,test,172578,1,0.55688584
C_shuffled,1,test,181466,0,0.7828779
C_shuffled,1,test,184874,1,0.6136501
C_shuffled,1,test,186379,1,0.7034254
C_shuffled,1,test,190049,1,0.7043861
C_shuffled,1,test,190176,0,0.579677
C_shuffled,1,test,190187,0,0.7556622
C_shuffled,1,test,191335,0,0.5689104
C_shuffled,1,test,200131,1,0.64210945
C_shuffled,1,test,200858,1,0.44204858
C_shuffled,1,test,203461,1,0.5595749
C_shuffled,1,test,208652,1,0.7304433
C_shuffled,1,test,216287,0,0.6200909
C_shuffled,1,test,218529,1,0.6226273
C_shuffled,1,test,223651,1,0.51090425
C_shuffled,1,test,228543,1,0.78858775
C_shuffled,1,test,238407,0,0.4346227
C_shuffled,1,test,258335,0,0.35960045
C_shuffled,1,test,278134,1,0.70380443
C_shuffled,1,test,278836,1,0.44042218
C_shuffled,1,test,280705,0,0.63126594
C_shuffled,1,test,284088,0,0.7247602
C_shuffled,1,test,290944,0,0.56073886
C_shuffled,1,test,293205,0,0.5827383
C_shuffled,1,test,295284,0,0.54492044
C_shuffled,1,test,298058,1,0.6688647
C_shuffled,1,test,312434,1,0.64425206
C_shuffled,1,test,312810,1,0.5671221
C_shuffled,1,test,318640,1,0.76823056
C_shuffled,1,test,319549,1,0.769295
C_shuffled,1,test,320867,1,0.50947845
C_shuffled,1,test,321989,1,0.746308
C_shuffled,1,test,323320,0,0.6725429
C_shuffled,1,test,323939,0,0.45124727
C_shuffled,1,test,335240,0,0.5356601
C_shuffled,1,test,335955,1,0.5329603
C_shuffled,1,test,338312,1,0.45894778
C_shuffled,1,test,348589,1,0.5633257
C_shuffled,1,test,351101,1,0.55986166
C_shuffled,1,test,353336,1,0.55175376
C_shuffled,1,test,358239,1,0.6392835
C_shuffled,1,test,360745,1,0.85501194
C_shuffled,1,test,374203,0,0.57728803
C_shuffled,1,test,375294,1,0.4982327
C_shuffled,1,test,380225,1,0.61738974
C_shuffled,1,test,402720,1,0.54152226
C_shuffled,1,test,405843,1,0.7180553
C_shuffled,1,test,408105,0,0.6327327
C_shuffled,1,test,419138,0,0.66978097
C_shuffled,1,test,433303,1,0.6092616
C_shuffled,1,test,433686,1,0.55298585
C_shuffled,1,test,442797,1,0.4545454
C_shuffled,1,test,443207,1,0.61723894
C_shuffled,1,test,443610,0,0.59935796
C_shuffled,1,test,444203,0,0.5189678
C_shuffled,1,test,445545,1,0.7029749
C_shuffled,1,test,450155,1,0.9251579
C_shuffled,1,test,451844,1,0.70063263
C_shuffled,1,test,460422,1,0.53256756
C_shuffled,1,test,460580,1,0.8097843
C_shuffled,1,test,461946,1,0.53503036
C_shuffled,1,test,463375,1,0.6867221
C_shuffled,1,test,465489,0,0.645731
C_shuffled,1,test,466437,1,0.58867866
C_shuffled,1,test,468086,1,0.61415964
C_shuffled,1,test,468548,1,0.61839396
C_shuffled,1,test,474601,1,0.5935688
C_shuffled,1,test,477779,1,0.5464462
C_shuffled,1,test,479811,0,0.6028989
C_shuffled,1,test,480021,0,0.648324
C_shuffled,1,test,480598,1,0.7174831
C_shuffled,1,test,484238,1,0.75793636
C_shuffled,1,test,486892,0,0.5465326
C_shuffled,1,test,488934,0,0.6212305
C_shuffled,1,test,498363,1,0.653601
C_shuffled,1,test,507011,1,0.74227566
C_shuffled,1,test,510372,1,0.6442347
C_shuffled,1,test,511018,0,0.5093297
C_shuffled,1,test,512053,1,0.6888317
C_shuffled,1,test,517848,1,0.8605303
C_shuffled,1,test,520621,1,0.3890425
C_shuffled,1,test,525300,1,0.52332824
C_shuffled,1,test,532533,1,0.66578823
C_shuffled,1,test,537472,1,0.5214839
C_shuffled,1,test,544153,1,0.44028392
C_shuffled,1,test,544425,0,0.6776687
C_shuffled,1,test,544864,1,0.6659524
C_shuffled,1,test,550892,1,0.5716785
C_shuffled,1,test,552901,1,0.6042632
C_shuffled,1,test,554960,0,0.82781094
C_shuffled,1,test,555492,0,0.550635
C_shuffled,1,test,559178,1,0.724411
C_shuffled,1,test,566285,1,0.53746724
C_shuffled,1,test,567847,1,0.67470974
C_shuffled,1,test,569789,0,0.36074537
C_shuffled,1,test,573425,1,0.82741547
C_shuffled,1,test,586109,0,0.6983296
C_shuffled,1,test,589139,1,0.77315485
C_shuffled,1,test,592431,1,0.78170675
C_shuffled,1,test,592548,0,0.57669103
C_shuffled,1,test,595609,1,0.49664414
C_shuffled,1,test,599396,0,0.5758673
C_shuffled,1,test,618335,1,0.5212173
C_shuffled,1,test,619649,1,0.5694791
C_shuffled,1,test,624010,0,0.67106944
C_shuffled,1,test,624692,1,0.71441257
C_shuffled,1,test,627036,1,0.5972701
C_shuffled,1,test,629729,1,0.66991335
C_shuffled,1,test,644299,1,0.61297774
C_shuffled,1,test,644744,1,0.7990547
C_shuffled,1,test,649217,1,0.52535266
C_shuffled,1,test,649863,1,0.5837549
C_shuffled,1,test,655410,1,0.7420303
C_shuffled,1,test,660061,1,0.6418463
C_shuffled,1,test,661193,0,0.6865641
C_shuffled,1,test,672172,1,0.6778848
C_shuffled,1,test,675660,0,0.6218582
C_shuffled,1,test,675907,0,0.75137633
C_shuffled,1,test,678681,1,0.5353902
C_shuffled,1,test,683148,1,0.6578602
C_shuffled,1,test,687290,0,0.7580794
C_shuffled,1,test,690734,0,0.48775417
C_shuffled,1,test,697961,1,0.5139897
C_shuffled,1,test,698579,1,0.65987116
C_shuffled,1,test,700550,1,0.7144381
C_shuffled,1,test,704059,0,0.59238476
C_shuffled,1,test,709192,0,0.5269685
C_shuffled,1,test,711782,1,0.55268425
C_shuffled,1,test,718140,0,0.70802414
C_shuffled,1,test,718508,1,0.5052856
C_shuffled,1,test,719050,0,0.53487855
C_shuffled,1,test,725470,0,0.4027476
C_shuffled,1,test,726612,1,0.7588703
C_shuffled,1,test,727266,1,0.58286643
C_shuffled,1,test,738172,0,0.49859554
C_shuffled,1,test,742847,0,0.74053645
C_shuffled,1,test,747710,0,0.6753589
C_shuffled,1,test,750827,0,0.7472456
C_shuffled,1,test,750881,0,0.5483983
C_shuffled,1,test,752967,1,0.6829088
C_shuffled,1,test,754586,1,0.64770913
C_shuffled,1,test,755156,1,0.5499418
C_shuffled,1,test,755294,1,0.60951024
C_shuffled,1,test,760561,0,0.6287992
C_shuffled,1,test,765027,1,0.54988617
C_shuffled,1,test,765473,1,0.75193965
C_shuffled,1,test,765954,0,0.41703394
C_shuffled,1,test,774678,1,0.6098139
C_shuffled,1,test,777118,1,0.77282697
C_shuffled,1,test,779240,0,0.7645881
C_shuffled,1,test,781445,0,0.6094755
C_shuffled,1,test,789824,0,0.5422876
C_shuffled,1,test,806762,0,0.43303865
C_shuffled,1,test,809238,0,0.67676383
C_shuffled,1,test,822633,1,0.6390917
C_shuffled,1,test,825913,1,0.6325845
C_shuffled,1,test,828057,0,0.5651347
C_shuffled,1,test,829142,1,0.68143535
C_shuffled,1,test,829697,0,0.5869107
C_shuffled,1,test,834515,0,0.6710826
C_shuffled,1,test,835833,1,0.5532985
C_shuffled,1,test,836571,0,0.62015426
C_shuffled,1,test,841534,0,0.38714436
C_shuffled,1,test,847036,1,0.6306286
C_shuffled,1,test,848723,1,0.74488676
C_shuffled,1,test,851816,0,0.70386785
C_shuffled,1,test,854069,1,0.45795783
C_shuffled,1,test,856302,0,0.5247563
C_shuffled,1,test,859236,0,0.6483211
C_shuffled,1,test,866895,0,0.7490017
C_shuffled,1,test,867398,0,0.48740727
C_shuffled,1,test,868318,0,0.54039544
C_shuffled,1,test,875038,1,0.77938086
C_shuffled,1,test,877486,1,0.66462904
C_shuffled,1,test,880466,1,0.48162502
C_shuffled,1,test,889657,1,0.8409221
C_shuffled,1,test,894409,1,0.4575314
C_shuffled,1,test,899067,0,0.58846986
C_shuffled,1,test,900762,1,0.65246356
C_shuffled,1,test,941626,1,0.59533036
C_shuffled,1,test,943672,1,0.67367405
C_shuffled,1,test,947197,1,0.63358855
C_shuffled,1,test,951465,0,0.7490566
C_shuffled,1,test,951654,0,0.6967886
C_shuffled,1,test,952219,0,0.68790853
C_shuffled,1,test,954440,1,0.5342083
C_shuffled,1,test,955669,0,0.7555837
C_shuffled,1,test,956387,1,0.6516413
C_shuffled,1,test,961563,0,0.3556859
C_shuffled,1,test,961819,0,0.5382247
C_shuffled,1,test,962660,1,0.6338479
C_shuffled,1,test,963985,1,0.62266153
C_shuffled,1,test,964462,0,0.49250942
C_shuffled,1,test,970464,1,0.61556554
C_shuffled,1,test,972111,0,0.6661773
C_shuffled,1,test,979369,1,0.6558322
C_shuffled,1,test,979917,1,0.78070086
C_shuffled,1,test,979941,0,0.56506747
C_shuffled,1,test,980697,0,0.5936875
C_shuffled,1,test,982817,0,0.6769114
C_shuffled,1,test,984065,0,0.59609085
C_shuffled,1,test,986074,1,0.6877372
C_shuffled,1,test,986844,1,0.54833484
C_shuffled,1,test,987078,1,0.5648224
C_shuffled,1,test,987267,1,0.5347945
C_shuffled,1,test,989755,1,0.53765833
C_shuffled,1,test,991790,1,0.6493271
C_shuffled,1,test,993602,1,0.6015167
C_shuffled,1,test,994160,1,0.6636967
C_shuffled,1,test,1002373,1,0.54951817
C_shuffled,1,test,1005171,1,0.5903995
C_shuffled,1,test,1006489,0,0.5018896
C_shuffled,1,test,1008354,0,0.47109315
C_shuffled,1,test,1009347,1,0.6176257
C_shuffled,1,test,1020322,0,0.55097294
C_shuffled,1,test,1029192,1,0.772723
C_shuffled,1,test,1029373,1,0.874337
C_shuffled,1,test,1030940,1,0.4325588
C_shuffled,1,test,1046104,0,0.5006567
C_shuffled,1,test,1051850,0,0.5794535
C_shuffled,1,test,1054838,0,0.75596505
C_shuffled,1,test,1064446,1,0.73686373
C_shuffled,1,test,1065288,0,0.49657595
C_shuffled,1,test,1066534,1,0.5398016
C_shuffled,1,test,1067406,1,0.65718716
C_shuffled,1,test,1069689,1,0.6024806
C_shuffled,1,test,1070472,0,0.4805995
C_shuffled,1,test,1073839,0,0.5687205
C_shuffled,1,test,1074094,1,0.77561224
C_shuffled,1,test,1074306,1,0.53604937
C_shuffled,1,test,1074427,1,0.7070396
C_shuffled,1,test,1074527,1,0.6605867
C_shuffled,1,test,1074753,0,0.7691906
C_shuffled,1,test,1075557,1,0.47230744
C_shuffled,1,test,1075699,1,0.5932383
C_shuffled,1,test,1077703,1,0.5147231
C_shuffled,1,test,1078392,1,0.6806562
C_shuffled,1,test,1078893,0,0.6235507
C_shuffled,1,test,1079527,1,0.6613489
C_shuffled,1,test,1080214,1,0.69961935
C_shuffled,1,test,1080366,1,0.59003365
C_shuffled,1,test,1080979,1,0.43799052
C_shuffled,1,test,1081798,0,0.6104985
C_shuffled,1,test,1082641,0,0.5349187
C_shuffled,1,test,1082739,1,0.8311181
C_shuffled,1,test,1084185,0,0.5928358
C_shuffled,1,test,1084364,1,0.7107589
C_shuffled,1,test,1084497,1,0.5841479
C_shuffled,1,test,1085496,1,0.77049446
C_shuffled,1,test,1085579,1,0.54171634
C_shuffled,1,test,1085896,1,0.7452355
C_shuffled,1,test,1086657,1,0.55814326
C_shuffled,1,test,1086770,1,0.54125994
C_shuffled,1,test,1086991,0,0.56040806
C_shuffled,1,test,1087295,1,0.73954815
C_shuffled,1,test,1089310,0,0.67872506
C_shuffled,1,test,1090388,1,0.75221616
C_shuffled,1,test,1090438,1,0.5765919
C_shuffled,1,test,1091071,1,0.75923955
C_shuffled,1,test,1091585,0,0.60490686
C_shuffled,1,test,1092068,0,0.6757359
C_shuffled,1,test,1093139,0,0.6243436
C_shuffled,1,test,1093401,1,0.6285149
C_shuffled,1,test,1094060,1,0.7030028
C_shuffled,1,test,1094259,1,0.43103063
C_shuffled,1,test,1096111,1,0.701528
C_shuffled,1,test,1096858,1,0.48892933
C_shuffled,1,test,1097215,1,0.5421951
C_shuffled,1,test,1097324,1,0.76227456
C_shuffled,1,test,1099078,1,0.5866391
C_shuffled,1,test,1100516,0,0.6771035
C_shuffled,1,test,1100923,1,0.5548265
C_shuffled,1,test,1103063,0,0.5921968
C_shuffled,1,test,1104405,1,0.5046958
C_shuffled,1,test,1104599,1,0.6428212
C_shuffled,1,test,1104649,1,0.7051495
C_shuffled,1,test,1105176,1,0.6158326
C_shuffled,1,test,1105837,1,0.6298735
C_shuffled,1,test,1105913,1,0.5813135
C_shuffled,1,test,1105922,1,0.8736738
C_shuffled,1,test,1106300,1,0.60219234
C_shuffled,1,test,1107147,1,0.68599325
C_shuffled,1,test,1107631,1,0.74274373
C_shuffled,1,test,1109275,1,0.7749087
C_shuffled,1,test,1109329,1,0.649047
C_shuffled,1,test,1109526,1,0.6377259
C_shuffled,1,test,1109829,1,0.6134239
C_shuffled,1,test,1111153,0,0.66496027
C_shuffled,1,test,1111157,0,0.6656701
C_shuffled,1,test,1111471,1,0.6897498
C_shuffled,1,test,1112111,1,0.648457
C_shuffled,1,test,1113214,0,0.709585
C_shuffled,1,test,1115227,1,0.5339958
C_shuffled,1,test,1115322,1,0.5652073
C_shuffled,1,test,1115713,1,0.66718996
C_shuffled,1,test,1117370,1,0.78390974
C_shuffled,1,test,1117921,1,0.68943423
C_shuffled,1,test,1117975,1,0.59554076
C_shuffled,1,test,1118291,0,0.5557037
C_shuffled,1,test,1118436,1,0.67250645
C_shuffled,1,test,1118652,0,0.42825803
C_shuffled,1,test,1119012,1,0.6927566
C_shuffled,1,test,1119591,1,0.7419396
C_shuffled,1,test,1119652,1,0.56407875
C_shuffled,1,test,1119930,1,0.5888298
C_shuffled,1,test,1120326,1,0.7167008
C_shuffled,1,test,1120775,1,0.569235
C_shuffled,1,test,1120955,0,0.56564
C_shuffled,1,test,1121493,0,0.56203604
C_shuffled,1,test,1121705,1,0.7742153
C_shuffled,1,test,1121926,1,0.78886384
C_shuffled,1,test,1122956,1,0.701818
C_shuffled,1,test,1122990,1,0.57228833
C_shuffled,1,test,1123350,1,0.69956225
C_shuffled,1,test,1123551,0,0.68148166
C_shuffled,1,test,1124329,1,0.7902092
C_shuffled,1,test,1124330,0,0.64268315
C_shuffled,1,test,1124561,0,0.48935217
C_shuffled,1,test,1125348,0,0.58775073
C_shuffled,1,test,1125785,1,0.6367454
C_shuffled,1,test,1126146,0,0.5385022
C_shuffled,1,test,1126656,0,0.46351135
C_shuffled,1,test,1127029,0,0.8367268
C_shuffled,1,test,1127560,1,0.71995115
C_shuffled,1,test,1129053,1,0.7133812
C_shuffled,1,test,1129961,0,0.62427455
C_shuffled,1,test,1130161,1,0.6369982
C_shuffled,1,test,1131297,0,0.5863302
C_shuffled,1,test,1131833,1,0.48396552
C_shuffled,1,test,1134339,0,0.4606623
C_shuffled,1,test,1134855,0,0.39007366
C_shuffled,1,test,1134927,1,0.48809642
C_shuffled,1,test,1135587,1,0.7378707
C_shuffled,1,test,1135796,1,0.4801197
C_shuffled,1,test,1136524,0,0.6345275
C_shuffled,1,test,1136946,0,0.5887951
C_shuffled,1,test,1137506,0,0.7448215
C_shuffled,1,test,1137818,1,0.53079736
C_shuffled,1,test,1138108,1,0.6897482
C_shuffled,1,test,1139233,1,0.6576988
C_shuffled,1,test,1139249,1,0.7820543
C_shuffled,1,test,1139409,1,0.6227542
C_shuffled,1,test,1139795,0,0.6286557
C_shuffled,1,test,1142126,0,0.70255846
C_shuffled,1,test,1142643,1,0.6822817
C_shuffled,1,test,1142753,1,0.6577333
C_shuffled,1,test,1143415,1,0.7024152
C_shuffled,1,test,1143550,1,0.782883
C_shuffled,1,test,1144210,1,0.7179642
C_shuffled,1,test,1144260,0,0.79193467
C_shuffled,1,test,1144465,1,0.5811001
C_shuffled,1,test,1144580,1,0.5794031
C_shuffled,1,test,1144621,1,0.5873685
C_shuffled,1,test,1144651,1,0.8104342
C_shuffled,1,test,1145207,0,0.7654265
C_shuffled,1,test,1145385,0,0.53193223
C_shuffled,1,test,1146057,0,0.7660098
C_shuffled,1,test,1146108,0,0.63089967
C_shuffled,1,test,1146318,1,0.7263363
C_shuffled,1,test,1146323,0,0.59822565
C_shuffled,1,test,1146529,1,0.8219877
C_shuffled,1,test,1146584,1,0.61772597
C_shuffled,1,test,1146771,0,0.7074728
C_shuffled,1,test,1146854,1,0.72553706
C_shuffled,1,test,1147012,0,0.71963555
C_shuffled,1,test,1147189,1,0.53931725
C_shuffled,1,test,1148157,1,0.5964751
C_shuffled,1,test,1148437,0,0.5655681
C_shuffled,1,test,1150400,1,0.67507505
C_shuffled,1,test,1151387,0,0.6662482
C_shuffled,1,test,1151422,1,0.7766986
C_shuffled,1,test,1151627,1,0.5772913
C_shuffled,1,test,1151789,1,0.6533669
C_shuffled,1,test,1152038,1,0.7355821
C_shuffled,1,test,1152061,1,0.551937
C_shuffled,1,test,1152979,1,0.60420686
C_shuffled,1,test,1153702,0,0.6524604
C_shuffled,1,test,1153881,0,0.66185707
C_shuffled,1,test,1154576,1,0.39813685
C_shuffled,1,test,1155404,0,0.68586856
C_shuffled,1,test,1155554,1,0.78264797
C_shuffled,1,test,1155802,1,0.58176243
C_shuffled,1,test,1157101,1,0.7072187
C_shuffled,1,test,1157237,1,0.7628951
C_shuffled,1,test,1157440,0,0.7094816
C_shuffled,1,test,1158961,1,0.57958496
C_shuffled,1,test,1206308,0,0.7415323
C_shuffled,1,test,1206667,0,0.79423314
C_shuffled,1,test,1206997,1,0.7066021
C_shuffled,1,test,1207140,1,0.57077575
C_shuffled,1,test,1207980,1,0.77814424
C_shuffled,1,test,1208561,1,0.65914273
C_shuffled,1,test,1209776,0,0.6041122
C_shuffled,1,test,1209958,1,0.49457884
C_shuffled,1,test,1210100,0,0.63923967
C_shuffled,1,test,1210485,1,0.60341007
C_shuffled,1,test,1210786,0,0.6323466
C_shuffled,1,test,1211029,1,0.647153
C_shuffled,1,test,1211042,1,0.69156754
C_shuffled,1,test,1211177,1,0.6985039
C_shuffled,1,test,1211297,1,0.75994074
C_shuffled,1,test,1211505,1,0.59791493
C_shuffled,1,test,1211778,0,0.63059723
C_shuffled,1,test,1212217,1,0.7748782
C_shuffled,1,test,1212354,0,0.54031175
C_shuffled,1,test,1212394,1,0.6257362
C_shuffled,1,test,1212451,0,0.6341571
C_shuffled,1,test,1212582,1,0.62959707
C_shuffled,1,test,1213121,1,0.6373699
C_shuffled,1,test,1213130,1,0.7375814
C_shuffled,1,test,1213344,1,0.76989
C_shuffled,1,test,1213929,1,0.6711771
C_shuffled,1,test,1213974,0,0.48323935
C_shuffled,1,test,1214144,0,0.6317824
C_shuffled,1,test,1215381,0,0.65674603
C_shuffled,1,test,1215388,0,0.5885446
C_shuffled,1,test,1215586,0,0.5675551
C_shuffled,1,test,1216036,1,0.58514625
C_shuffled,1,test,1216045,1,0.6410768
C_shuffled,1,test,1216223,1,0.5882987
C_shuffled,1,test,1216691,1,0.59810185
C_shuffled,1,test,1216776,1,0.63993484
C_shuffled,1,test,1217051,1,0.7340494
C_shuffled,1,test,1217243,1,0.64052576
C_shuffled,1,test,1217708,0,0.6565331
C_shuffled,1,test,1217769,1,0.6823285
C_shuffled,1,test,1218062,1,0.65429306
C_shuffled,1,test,1218110,0,0.6238336
C_shuffled,1,test,1219634,1,0.69156414
C_shuffled,1,test,1219898,1,0.72790194
C_shuffled,1,test,1219958,0,0.6354507
C_shuffled,1,test,1220095,0,0.6421334
C_shuffled,1,test,1220226,0,0.72152615
C_shuffled,1,test,1220507,0,0.6816609
C_shuffled,1,test,1220572,0,0.44645363
C_shuffled,1,test,1220694,1,0.61626834
C_shuffled,1,test,1221019,0,0.76051784
C_shuffled,1,test,1221892,1,0.50900745
C_shuffled,1,test,1222069,1,0.56496084
C_shuffled,1,test,1222110,1,0.7635516
C_shuffled,1,test,1222424,1,0.70353067
C_shuffled,1,test,1222589,1,0.67648447
C_shuffled,1,test,1222850,1,0.7157696
C_shuffled,1,test,1223193,0,0.62154955
C_shuffled,1,test,1223272,1,0.7142462
C_shuffled,1,test,1223289,0,0.5202422
C_shuffled,1,test,1223754,0,0.49077126
C_shuffled,1,test,1224109,0,0.58598346
C_shuffled,1,test,1224306,1,0.63264394
C_shuffled,1,test,1224683,1,0.8934922
C_shuffled,1,test,1224968,1,0.77816933
C_shuffled,1,test,1225050,0,0.66985077
C_shuffled,1,test,1225262,1,0.63873076
C_shuffled,1,test,1225323,1,0.6128136
C_shuffled,1,test,1225648,0,0.7535535
C_shuffled,1,test,1225672,1,0.6042894
C_shuffled,1,test,1225716,0,0.69261205
C_shuffled,1,test,1225945,0,0.72457206
C_shuffled,1,test,1226065,1,0.69951165
C_shuffled,1,test,1226588,1,0.7160707
C_shuffled,1,test,1226641,1,0.8910026
C_shuffled,1,test,1226825,1,0.498262
C_shuffled,1,test,1226937,0,0.8262194
C_shuffled,1,test,1227061,1,0.92601275
C_shuffled,1,test,1227106,1,0.63020235
C_shuffled,1,test,1227138,0,0.6410698
C_shuffled,1,test,1227504,1,0.5844811
C_shuffled,1,test,1228528,0,0.6114232
C_shuffled,1,test,1228888,1,0.51295674
C_shuffled,1,test,1229368,0,0.6901343
C_shuffled,1,test,1229574,0,0.46419016
C_shuffled,1,test,1229725,1,0.71400726
C_shuffled,1,test,1229860,1,0.7406464
C_shuffled,1,test,1230265,1,0.83045036
C_shuffled,1,test,1230408,1,0.5010874
C_shuffled,1,test,1230712,0,0.69240993
C_shuffled,1,test,1230724,1,0.8093429
C_shuffled,1,test,1230855,0,0.49087635
C_shuffled,1,test,1230993,0,0.5122678
C_shuffled,1,test,1231114,1,0.8036332
C_shuffled,1,test,1231841,0,0.6945033
C_shuffled,1,test,1232099,0,0.641366
C_shuffled,1,test,1232676,1,0.6172813
C_shuffled,1,test,1233791,1,0.6655852
C_shuffled,1,test,1233962,0,0.6834393
C_shuffled,1,test,1233970,1,0.58790874
C_shuffled,1,test,1234219,1,0.70387065
C_shuffled,1,test,1234306,1,0.62569004
C_shuffled,1,test,1234549,0,0.3566666
C_shuffled,1,test,1234553,0,0.6498653
C_shuffled,1,test,1235265,1,0.7552496
C_shuffled,1,test,1235275,0,0.42089105
C_shuffled,1,test,1235336,1,0.6182962
C_shuffled,1,test,1236071,1,0.60691756
C_shuffled,1,test,1236410,0,0.6637521
C_shuffled,1,test,1236418,1,0.75719213
C_shuffled,1,test,1236759,1,0.71768355
C_shuffled,1,test,1236938,1,0.42754072
C_shuffled,1,test,1237075,0,0.5124582
C_shuffled,1,test,1237241,1,0.5127852
C_shuffled,1,test,1237496,1,0.87224776
C_shuffled,1,test,1237716,0,0.7277259
C_shuffled,1,test,1237793,1,0.66062856
C_shuffled,1,test,1238174,1,0.6511785
C_shuffled,1,test,1238215,1,0.7003336
C_shuffled,1,test,1238443,0,0.51916337
C_shuffled,1,test,1238550,1,0.6870136
C_shuffled,1,test,1238574,0,0.47043157
C_shuffled,1,test,1238865,1,0.7229313
C_shuffled,1,test,1238923,0,0.78781843
C_shuffled,1,test,1239038,0,0.6958366
C_shuffled,1,test,1239693,0,0.69265085
C_shuffled,1,test,1239772,0,0.5375013
C_shuffled,1,test,1239841,1,0.5527914
C_shuffled,1,test,1239988,0,0.58861333
C_shuffled,1,test,1240378,1,0.6695206
C_shuffled,1,test,1240423,1,0.7527432
C_shuffled,1,test,1240598,1,0.6646465
C_shuffled,1,test,1241453,0,0.6591727
C_shuffled,1,test,1241862,1,0.5162
C_shuffled,1,test,1242372,1,0.5439595
C_shuffled,1,test,1242535,1,0.5280086
C_shuffled,1,test,1242667,0,0.593066
C_shuffled,1,test,1242811,0,0.6506951
C_shuffled,1,test,1242831,0,0.6312002
C_shuffled,1,test,1243018,1,0.67500824
C_shuffled,1,test,1243083,0,0.60798687
C_shuffled,1,test,1243802,0,0.6187982
C_shuffled,1,test,1243942,1,0.5807196
C_shuffled,1,test,1243992,1,0.52968913
C_shuffled,1,test,1244831,1,0.4311874
C_shuffled,1,test,1245228,0,0.5825509
H,1,val,4993,1,0.7784369
H,1,val,13412,1,0.7085451
H,1,val,22854,1,0.7110275
H,1,val,32097,1,1.0043743
H,1,val,33368,1,0.62034374
H,1,val,42450,1,0.90959764
H,1,val,47652,1,0.837127
H,1,val,48755,1,0.79117346
H,1,val,50696,1,0.4726287
H,1,val,54388,0,0.06578064
H,1,val,60519,1,0.77273935
H,1,val,70693,0,0.3775844
H,1,val,72256,1,0.7900046
H,1,val,86179,1,1.3565145
H,1,val,86896,0,0.64279175
H,1,val,88424,1,0.8483218
H,1,val,89850,1,0.07849014
H,1,val,93002,1,1.6476717
H,1,val,93011,0,0.2593672
H,1,val,98629,1,0.49798834
H,1,val,99307,0,0.69922817
H,1,val,100693,1,0.98634523
H,1,val,101232,1,0.89270437
H,1,val,112047,1,0.47417605
H,1,val,121204,0,0.22290981
H,1,val,121744,1,0.70257396
H,1,val,130131,0,0.04646814
H,1,val,130832,1,1.0014665
H,1,val,135338,0,0.17073876
H,1,val,143353,1,0.8634944
H,1,val,145109,1,-0.26775151
H,1,val,146346,1,0.24014404
H,1,val,149348,1,0.8577077
H,1,val,149880,1,0.86177355
H,1,val,154041,1,0.45468956
H,1,val,157774,1,0.9991606
H,1,val,160103,1,0.8819108
H,1,val,160197,1,0.51881045
H,1,val,167963,1,0.6835316
H,1,val,174525,1,0.34481886
H,1,val,175032,0,0.32348943
H,1,val,181574,0,0.53349483
H,1,val,183204,0,0.69059306
H,1,val,186257,0,0.46805477
H,1,val,189056,1,0.6554972
H,1,val,189685,0,0.42841667
H,1,val,193149,0,0.6365029
H,1,val,196058,1,0.26252767
H,1,val,199177,0,0.21736014
H,1,val,202968,0,0.7504747
H,1,val,210361,1,0.62650436
H,1,val,216010,1,0.7383875
H,1,val,219309,1,0.85959154
H,1,val,220792,0,0.38414633
H,1,val,226106,1,0.6905872
H,1,val,226610,1,0.77541023
H,1,val,234696,1,0.5935639
H,1,val,240229,0,0.18130606
H,1,val,243108,1,1.0466534
H,1,val,248666,1,0.91790074
H,1,val,250983,0,0.47578222
H,1,val,253033,0,1.1852715
H,1,val,256422,1,1.0381081
H,1,val,271298,0,0.65230036
H,1,val,273148,1,0.77146715
H,1,val,273826,1,0.29684862
H,1,val,274345,0,0.19754559
H,1,val,274563,1,0.95412576
H,1,val,275882,1,0.63426757
H,1,val,281433,1,0.87439084
H,1,val,289992,1,0.77524924
H,1,val,293922,0,0.22875518
H,1,val,297709,0,-0.113681495
H,1,val,300925,1,0.58553237
H,1,val,303683,0,0.7014998
H,1,val,305034,0,0.14388332
H,1,val,310191,1,0.43810862
H,1,val,312582,1,1.0696633
H,1,val,319661,1,0.42124754
H,1,val,324095,1,1.0273553
H,1,val,329983,1,0.84242177
H,1,val,330071,0,0.71926475
H,1,val,330603,1,0.85231405
H,1,val,332529,1,0.6232461
H,1,val,344909,0,0.36878303
H,1,val,345087,1,1.1058325
H,1,val,345208,1,0.57356924
H,1,val,345670,1,0.775603
H,1,val,348496,1,0.858033
H,1,val,350707,0,0.3055117
H,1,val,353416,1,0.43057814
H,1,val,354035,1,0.45975912
H,1,val,357322,0,0.698897
H,1,val,364502,1,0.6280341
H,1,val,366344,0,0.47556376
H,1,val,369818,1,1.061905
H,1,val,369915,1,0.93972254
H,1,val,375005,0,0.38141268
H,1,val,376917,1,0.8039086
H,1,val,377703,1,1.2206485
H,1,val,398007,1,0.56617445
H,1,val,400944,1,0.61291003
H,1,val,402349,0,-0.24474359
H,1,val,402364,0,0.11230332
H,1,val,413173,1,0.7396356
H,1,val,413554,1,1.2864873
H,1,val,414540,0,0.81257796
H,1,val,417147,0,0.6423239
H,1,val,419522,1,0.58605534
H,1,val,423553,1,0.97793114
H,1,val,424946,0,0.23037475
H,1,val,431664,0,-0.07529932
H,1,val,432045,0,-0.028762221
H,1,val,433233,1,0.6646266
H,1,val,435249,1,1.0787354
H,1,val,443084,0,0.05552298
H,1,val,444684,1,0.8214108
H,1,val,445318,0,0.15381745
H,1,val,448329,1,0.8905642
H,1,val,451424,1,0.5956837
H,1,val,451600,1,0.68517756
H,1,val,457834,1,0.72338325
H,1,val,465292,1,1.0238796
H,1,val,467821,0,0.28402233
H,1,val,469865,1,0.8598653
H,1,val,479371,0,0.29842436
H,1,val,480708,1,0.8335053
H,1,val,485608,1,1.2274296
H,1,val,486901,0,0.46584702
H,1,val,487378,0,0.21034384
H,1,val,488255,0,0.17607409
H,1,val,490630,1,0.60038334
H,1,val,493668,1,0.4139106
H,1,val,494011,1,0.05094278
H,1,val,496270,1,0.90140224
H,1,val,501583,1,0.66058046
H,1,val,504132,1,1.0408094
H,1,val,506819,1,0.7857158
H,1,val,508449,0,0.6057348
H,1,val,510306,0,0.0014999509
H,1,val,512180,1,0.8505507
H,1,val,513398,0,0.25715488
H,1,val,513966,0,0.6287161
H,1,val,519298,1,0.4666009
H,1,val,524155,0,0.69064534
H,1,val,524172,0,0.14936289
H,1,val,529499,0,0.3265967
H,1,val,529816,1,0.65665776
H,1,val,532148,1,1.0811116
H,1,val,532751,1,0.94832027
H,1,val,534048,1,0.75484526
H,1,val,535178,1,0.68378574
H,1,val,536493,0,-0.13886952
H,1,val,541544,1,0.8906324
H,1,val,542399,0,0.47770798
H,1,val,547939,1,0.46651626
H,1,val,560521,0,0.47314852
H,1,val,561141,1,0.46404746
H,1,val,563271,1,1.2125729
H,1,val,565232,1,0.7661739
H,1,val,565908,0,0.41395137
H,1,val,567390,0,0.47526127
H,1,val,570049,1,0.9169504
H,1,val,570975,0,0.1866943
H,1,val,576988,1,-0.029595256
H,1,val,579106,1,0.8935742
H,1,val,595954,1,1.0888395
H,1,val,596437,0,0.57900757
H,1,val,598165,1,0.67714846
H,1,val,598821,0,0.0014483929
H,1,val,600546,1,0.23917955
H,1,val,607482,1,0.4188211
H,1,val,608068,1,0.36342496
H,1,val,612154,0,0.53742635
H,1,val,615631,1,0.94693494
H,1,val,624977,0,0.46190158
H,1,val,626615,0,0.539374
H,1,val,631543,1,1.1764963
H,1,val,643466,1,0.6176651
H,1,val,644043,1,0.38798514
H,1,val,646681,1,0.8468274
H,1,val,646867,1,0.8524663
H,1,val,656122,1,0.78877854
H,1,val,660915,1,0.57650745
H,1,val,660938,1,0.81000084
H,1,val,663406,1,0.31627896
H,1,val,665029,1,0.8335414
H,1,val,671705,1,0.14275736
H,1,val,675008,1,0.435719
H,1,val,677928,1,1.0996755
H,1,val,680963,0,0.6953859
H,1,val,681205,1,1.0619419
H,1,val,682914,1,0.68950015
H,1,val,684751,1,0.81468153
H,1,val,686482,1,0.7899966
H,1,val,687171,1,0.7964469
H,1,val,692458,1,0.73080385
H,1,val,697830,0,0.18471941
H,1,val,698653,1,0.94797945
H,1,val,702801,0,0.27287257
H,1,val,703629,1,0.91289496
H,1,val,703834,1,1.2290835
H,1,val,706141,1,0.008974254
H,1,val,706908,0,0.12965077
H,1,val,712016,1,0.6311986
H,1,val,713284,0,0.33823612
H,1,val,714078,0,0.79291904
H,1,val,714644,1,1.5482225
H,1,val,714764,0,0.83357257
H,1,val,714952,1,0.79133916
H,1,val,726126,0,-0.067227185
H,1,val,731117,1,0.8848008
H,1,val,739116,1,0.6049918
H,1,val,739674,0,1.079981
H,1,val,743852,1,0.58203375
H,1,val,744145,0,0.5700678
H,1,val,745489,1,0.50395083
H,1,val,749211,0,0.46514428
H,1,val,759242,1,0.8204671
H,1,val,761233,1,0.7067115
H,1,val,762014,0,0.70136195
H,1,val,767236,0,0.15760422
H,1,val,769720,1,0.60764533
H,1,val,772900,0,0.8333425
H,1,val,777687,1,0.2974871
H,1,val,781139,0,0.5080526
H,1,val,783835,0,0.12046695
H,1,val,784920,1,1.0386058
H,1,val,791392,1,0.78871435
H,1,val,792243,0,0.5501915
H,1,val,793601,0,0.33241206
H,1,val,793726,0,0.7443285
H,1,val,803606,1,0.54828936
H,1,val,806286,0,0.03426987
H,1,val,808181,0,0.60901725
H,1,val,809234,1,0.7939552
H,1,val,810874,0,0.48351598
H,1,val,813871,1,0.38380516
H,1,val,820393,1,0.7605387
H,1,val,820729,1,0.9648598
H,1,val,821863,1,0.9821454
H,1,val,823325,0,0.63740927
H,1,val,824734,1,-0.05310321
H,1,val,828427,0,0.4452343
H,1,val,835135,1,1.0664222
H,1,val,844964,0,0.5907773
H,1,val,850702,1,0.584079
H,1,val,853023,1,0.948558
H,1,val,865733,1,0.017571926
H,1,val,868368,1,0.4386199
H,1,val,870739,1,0.22216201
H,1,val,878491,1,0.46789756
H,1,val,885157,1,0.8555578
H,1,val,885222,0,0.6999858
H,1,val,888866,0,0.90999746
H,1,val,892998,0,0.65685105
H,1,val,924232,0,0.5643219
H,1,val,936352,0,-0.0028448105
H,1,val,944965,1,1.1229165
H,1,val,951246,0,0.10198212
H,1,val,951846,0,0.27679184
H,1,val,958048,1,0.71915936
H,1,val,959155,0,0.8673035
H,1,val,960726,0,0.23208144
H,1,val,968652,1,0.22730201
H,1,val,969827,0,0.3956641
H,1,val,972980,1,1.1186
H,1,val,975913,0,0.39336553
H,1,val,976696,0,0.017491102
H,1,val,981850,1,0.69135624
H,1,val,982055,0,0.07440543
H,1,val,983916,1,0.09643966
H,1,val,984568,1,0.1651147
H,1,val,986315,1,0.9995682
H,1,val,987657,1,1.2840438
H,1,val,989331,1,0.94650275
H,1,val,991837,1,0.87009776
H,1,val,997176,0,0.010034978
H,1,val,1000310,1,0.1800861
H,1,val,1005095,1,0.3596777
H,1,val,1012389,0,0.2060101
H,1,val,1017244,1,0.81538475
H,1,val,1017640,1,0.62472266
H,1,val,1036745,1,0.98657405
H,1,val,1043429,1,0.90756965
H,1,val,1048580,1,0.8130738
H,1,val,1049831,0,0.5161371
H,1,val,1057350,0,0.5343988
H,1,val,1062410,1,0.82569575
H,1,val,1067041,1,0.7935526
H,1,val,1067592,1,0.3886414
H,1,val,1069432,1,1.0088423
H,1,val,1070777,1,0.33879986
H,1,val,1071966,1,0.39647353
H,1,val,1072395,1,0.7851037
H,1,val,1075228,1,1.2226634
H,1,val,1075447,1,0.623653
H,1,val,1076650,1,1.0752234
H,1,val,1079219,0,-0.029353201
H,1,val,1079586,0,0.40966892
H,1,val,1081383,0,0.7867583
H,1,val,1081426,1,0.70827687
H,1,val,1082124,1,0.7394158
H,1,val,1082765,1,1.2839736
H,1,val,1083817,1,0.26228586
H,1,val,1084214,1,0.70414174
H,1,val,1085709,1,0.72720027
H,1,val,1086850,0,0.21549028
H,1,val,1088707,1,0.65508366
H,1,val,1088918,1,0.4777438
H,1,val,1089172,1,0.6697131
H,1,val,1089175,1,0.5116854
H,1,val,1091343,0,0.25231087
H,1,val,1092437,1,0.53045017
H,1,val,1092557,0,0.6700078
H,1,val,1092783,1,0.82988614
H,1,val,1092889,1,1.1482133
H,1,val,1093743,0,-0.107372046
H,1,val,1094011,1,0.5026272
H,1,val,1094030,1,0.66424924
H,1,val,1094046,1,0.78158987
H,1,val,1095642,1,1.2194036
H,1,val,1095841,1,1.180202
H,1,val,1096276,0,0.52371085
H,1,val,1096586,0,0.5896638
H,1,val,1096850,1,0.7344713
H,1,val,1097316,1,0.58811337
H,1,val,1098204,1,0.9610935
H,1,val,1098855,1,0.63076365
H,1,val,1099234,1,0.541283
H,1,val,1099660,1,0.8019786
H,1,val,1103054,0,0.2626803
H,1,val,1103087,1,0.551358
H,1,val,1103360,1,0.4523993
H,1,val,1104012,1,1.3327619
H,1,val,1104452,1,1.0354142
H,1,val,1104470,1,1.1433988
H,1,val,1105078,1,0.61711484
H,1,val,1105241,0,0.29591078
H,1,val,1105345,0,0.4888029
H,1,val,1105733,1,0.3051169
H,1,val,1105916,1,0.1897451
H,1,val,1107291,0,-0.12918955
H,1,val,1108050,1,1.0744984
H,1,val,1109299,1,0.4497528
H,1,val,1110598,0,0.24286014
H,1,val,1112425,1,0.86790323
H,1,val,1112465,1,0.25899574
H,1,val,1113133,0,0.35239103
H,1,val,1113237,1,0.6053636
H,1,val,1113756,1,1.2453992
H,1,val,1113808,0,0.44575456
H,1,val,1113857,0,0.6121197
H,1,val,1115247,0,0.6997364
H,1,val,1115335,1,0.84920657
H,1,val,1115427,1,0.7767345
H,1,val,1116144,1,1.1814314
H,1,val,1116363,0,0.33691567
H,1,val,1116440,0,0.33615488
H,1,val,1116580,1,0.93928057
H,1,val,1116601,0,0.24748218
H,1,val,1116790,0,0.6865408
H,1,val,1118641,0,0.5579233
H,1,val,1118849,1,0.6270748
H,1,val,1119647,1,0.38695484
H,1,val,1119855,0,0.5484638
H,1,val,1120120,0,0.5127029
H,1,val,1120692,1,1.0422511
H,1,val,1120869,0,0.3062503
H,1,val,1122513,1,0.32744062
H,1,val,1122658,1,1.0558584
H,1,val,1123222,1,0.68728405
H,1,val,1123500,1,0.69533026
H,1,val,1124034,1,0.71358377
H,1,val,1124658,0,0.37050796
H,1,val,1124894,1,0.31747103
H,1,val,1125163,1,0.08181852
H,1,val,1125748,1,0.5310183
H,1,val,1126857,1,0.5109094
H,1,val,1128467,1,0.7177613
H,1,val,1128618,1,1.0460149
H,1,val,1129029,0,0.22072205
H,1,val,1129401,1,0.45171255
H,1,val,1129979,1,0.7173764
H,1,val,1130043,1,0.8692385
H,1,val,1130533,1,1.1630385
H,1,val,1130756,1,0.99061126
H,1,val,1131355,1,0.61360395
H,1,val,1131386,1,0.80105245
H,1,val,1131656,1,0.8901864
H,1,val,1132010,0,0.16020143
H,1,val,1135241,0,0.077691495
H,1,val,1135703,1,0.9042728
H,1,val,1136279,0,0.32681218
H,1,val,1136310,1,0.22522536
H,1,val,1136723,0,0.64540863
H,1,val,1137555,1,0.7228172
H,1,val,1137589,1,0.71459174
H,1,val,1138091,1,1.0369202
H,1,val,1138321,1,1.0022345
H,1,val,1138374,0,0.3464564
H,1,val,1138670,1,0.58412015
H,1,val,1138870,1,0.7202929
H,1,val,1139275,1,0.8931241
H,1,val,1140109,1,0.99968934
H,1,val,1140316,1,1.0961497
H,1,val,1141936,1,0.80779505
H,1,val,1142089,1,1.1922278
H,1,val,1142188,1,0.7602202
H,1,val,1142355,0,0.42961192
H,1,val,1142724,0,0.30308938
H,1,val,1143869,0,0.5542318
H,1,val,1144198,1,0.8039937
H,1,val,1144734,1,0.80731624
H,1,val,1144792,0,0.34144133
H,1,val,1145284,1,0.8011007
H,1,val,1145959,1,0.3546714
H,1,val,1145969,1,0.85681397
H,1,val,1146989,0,0.19588998
H,1,val,1147155,1,1.2390991
H,1,val,1147302,0,0.0948475
H,1,val,1147838,0,0.5918962
H,1,val,1148110,0,0.37110502
H,1,val,1148113,1,0.42280012
H,1,val,1148332,1,0.9526291
H,1,val,1148376,1,0.46650898
H,1,val,1149831,1,1.1764975
H,1,val,1149916,1,0.25867847
H,1,val,1150067,1,0.94066346
H,1,val,1151454,0,0.7829529
H,1,val,1151510,0,0.0852291
H,1,val,1151569,1,0.9905221
H,1,val,1151818,0,0.37407568
H,1,val,1151994,1,0.7298231
H,1,val,1152380,1,0.59894156
H,1,val,1152700,1,0.9217082
H,1,val,1152708,1,0.42065716
H,1,val,1152877,0,0.13740653
H,1,val,1153023,1,0.5932379
H,1,val,1153155,1,0.6489778
H,1,val,1153931,1,0.74220943
H,1,val,1154574,1,0.7799948
H,1,val,1155176,1,0.8939309
H,1,val,1157142,1,1.1791148
H,1,val,1206010,0,0.76047826
H,1,val,1206257,1,0.5585388
H,1,val,1206334,0,-0.25551075
H,1,val,1207181,0,0.7862086
H,1,val,1207207,1,0.82705235
H,1,val,1207367,1,1.0698122
H,1,val,1207384,1,0.9371766
H,1,val,1207464,1,0.62399185
H,1,val,1208159,1,0.55339783
H,1,val,1208290,1,0.7896497
H,1,val,1208422,1,1.0446135
H,1,val,1208544,0,0.40014756
H,1,val,1208870,1,0.59123296
H,1,val,1209034,1,0.571
H,1,val,1209229,0,0.4182551
H,1,val,1209908,0,0.3385175
H,1,val,1210816,1,0.084370315
H,1,val,1212290,1,0.73900735
H,1,val,1212738,1,0.8423962
H,1,val,1213667,0,0.16386569
H,1,val,1213716,1,0.97634804
H,1,val,1213978,0,0.059449136
H,1,val,1214063,1,0.7300455
H,1,val,1214597,1,-0.016662657
H,1,val,1215070,1,0.38898206
H,1,val,1215132,0,0.092784345
H,1,val,1215420,1,0.21314725
H,1,val,1215921,1,0.57578444
H,1,val,1216025,0,0.47830802
H,1,val,1216145,0,0.52108836
H,1,val,1216188,0,0.42755127
H,1,val,1216704,1,0.5462267
H,1,val,1216841,0,0.56473035
H,1,val,1216904,0,0.03360933
H,1,val,1217573,1,0.7212744
H,1,val,1217635,1,0.84324354
H,1,val,1217948,1,1.1797917
H,1,val,1218059,1,0.60555613
H,1,val,1218235,1,1.0937002
H,1,val,1218421,1,0.5663496
H,1,val,1218554,1,1.0971773
H,1,val,1218726,1,0.86503685
H,1,val,1219254,0,-0.47580612
H,1,val,1219802,1,1.2278271
H,1,val,1219877,1,0.7068385
H,1,val,1219890,1,0.7451446
H,1,val,1219897,1,0.7116784
H,1,val,1219949,0,0.36617425
H,1,val,1220037,1,0.37698728
H,1,val,1220386,0,0.16605955
H,1,val,1220475,0,0.094314516
H,1,val,1220832,0,0.520298
H,1,val,1221118,0,1.0954403
H,1,val,1221764,1,0.7239807
H,1,val,1222028,1,0.63464403
H,1,val,1223017,1,0.37772918
H,1,val,1223383,1,1.1356367
H,1,val,1224353,0,0.44741794
H,1,val,1224371,1,0.33586684
H,1,val,1224500,1,0.65851414
H,1,val,1225046,0,0.63874555
H,1,val,1225309,1,0.824836
H,1,val,1225334,0,0.35984516
H,1,val,1225388,0,0.51192504
H,1,val,1225500,0,0.6784483
H,1,val,1225758,1,0.8749562
H,1,val,1226509,1,0.52183706
H,1,val,1227545,1,0.45300385
H,1,val,1227597,0,0.36511388
H,1,val,1227765,1,1.2841775
H,1,val,1227804,0,0.75598633
H,1,val,1228018,1,0.6880238
H,1,val,1228461,1,0.73838466
H,1,val,1229605,0,0.24910855
H,1,val,1229991,0,0.9473211
H,1,val,1230721,1,0.74512416
H,1,val,1230968,1,0.80170655
H,1,val,1231044,1,0.72702926
H,1,val,1231253,0,0.80808055
H,1,val,1231339,0,0.40325025
H,1,val,1231343,1,1.0845027
H,1,val,1231928,1,1.1611333
H,1,val,1232006,1,0.8043538
H,1,val,1232033,0,0.089300275
H,1,val,1232296,1,0.49575412
H,1,val,1233154,1,0.6224986
H,1,val,1233203,1,0.8725966
H,1,val,1233369,0,-0.010877311
H,1,val,1233621,0,0.41270512
H,1,val,1233632,1,0.7335508
H,1,val,1234472,1,0.6551921
H,1,val,1234672,0,0.011239529
H,1,val,1234804,1,1.2676864
H,1,val,1235172,0,0.5430858
H,1,val,1235777,1,0.7457262
H,1,val,1235863,1,0.55310947
H,1,val,1235882,0,0.36705974
H,1,val,1236187,0,0.4750086
H,1,val,1237352,1,0.37658522
H,1,val,1237367,1,0.7539908
H,1,val,1237861,0,0.06892884
H,1,val,1237964,0,0.10225576
H,1,val,1238200,1,1.1997771
H,1,val,1238203,1,0.97213167
H,1,val,1238287,0,0.8405346
H,1,val,1238298,1,0.8178221
H,1,val,1238523,1,1.0278106
H,1,val,1238594,0,0.41924053
H,1,val,1238864,1,0.81847024
H,1,val,1238917,0,0.4455204
H,1,val,1239127,0,0.78667337
H,1,val,1239377,1,0.8373176
H,1,val,1239474,1,0.5796113
H,1,val,1239881,1,0.9224938
H,1,val,1240209,1,1.0664825
H,1,val,1240705,1,0.5620579
H,1,val,1240951,0,0.0621261
H,1,val,1241625,0,0.56062084
H,1,val,1242009,1,0.72730476
H,1,val,1242135,0,0.5944626
H,1,val,1242264,0,0.7591421
H,1,val,1242338,1,0.8312074
H,1,val,1242381,0,0.74261576
H,1,val,1242501,1,1.0514002
H,1,val,1242645,0,0.4785064
H,1,val,1242725,1,0.72430915
H,1,val,1242755,0,0.3656398
H,1,val,1242835,1,1.0386553
H,1,val,1243045,0,-0.03181076
H,1,val,1243514,1,1.5493023
H,1,val,1243838,0,0.7077008
H,1,val,1243993,0,0.37370744
H,1,val,1244606,1,0.96594894
H,1,val,1246490,1,1.258869
H,1,val,1246508,0,0.2270141
H,1,test,1922,1,0.14653501
H,1,test,12246,1,0.38842544
H,1,test,16787,0,1.0135624
H,1,test,19126,1,1.3489501
H,1,test,34428,0,0.14325264
H,1,test,42331,1,0.7356946
H,1,test,44366,1,0.65559787
H,1,test,47250,1,0.9879241
H,1,test,48545,0,0.6693562
H,1,test,54142,1,0.58008677
H,1,test,61752,1,0.6769111
H,1,test,62606,1,0.4566664
H,1,test,66226,1,0.96548647
H,1,test,66381,1,1.514961
H,1,test,68648,0,0.8545627
H,1,test,70147,0,0.71905214
H,1,test,72035,0,0.8262422
H,1,test,73899,1,0.9638395
H,1,test,88483,1,0.6251572
H,1,test,96757,1,0.3924535
H,1,test,97998,0,0.02725935
H,1,test,102708,1,1.0696511
H,1,test,105271,1,0.8687743
H,1,test,114318,1,0.3903756
H,1,test,120088,1,0.7374696
H,1,test,127579,0,-0.3911401
H,1,test,129407,1,0.57442427
H,1,test,131155,1,0.28559682
H,1,test,136645,1,0.7153325
H,1,test,139145,1,0.848619
H,1,test,141620,1,1.115308
H,1,test,147228,1,0.6369378
H,1,test,156299,1,1.2087964
H,1,test,156996,1,0.883669
H,1,test,157449,1,0.6098057
H,1,test,157463,1,0.5398097
H,1,test,161593,1,1.2445853
H,1,test,163659,1,0.5651466
H,1,test,167183,1,1.1248257
H,1,test,169457,0,0.23502833
H,1,test,171896,1,0.5470762
H,1,test,172578,1,1.4487443
H,1,test,181466,0,0.60279834
H,1,test,184874,1,1.0951614
H,1,test,186379,1,0.5438276
H,1,test,190049,1,0.08837098
H,1,test,190176,0,0.99288034
H,1,test,190187,0,0.7529271
H,1,test,191335,0,0.48960376
H,1,test,200131,1,0.73141485
H,1,test,200858,1,0.4187271
H,1,test,203461,1,0.58200115
H,1,test,208652,1,0.5375422
H,1,test,216287,0,0.30737334
H,1,test,218529,1,0.71984744
H,1,test,223651,1,0.5818376
H,1,test,228543,1,0.89495015
H,1,test,238407,0,0.22050777
H,1,test,258335,0,0.36897057
H,1,test,278134,1,0.97354317
H,1,test,278836,1,0.6389496
H,1,test,280705,0,0.41432118
H,1,test,284088,0,0.17945006
H,1,test,290944,0,-0.04237628
H,1,test,293205,0,0.5895123
H,1,test,295284,0,0.7940935
H,1,test,298058,1,0.6072662
H,1,test,312434,1,0.6303743
H,1,test,312810,1,1.1421232
H,1,test,318640,1,0.94480455
H,1,test,319549,1,0.90240514
H,1,test,320867,1,0.86292624
H,1,test,321989,1,1.1273572
H,1,test,323320,0,0.20774552
H,1,test,323939,0,0.24345365
H,1,test,335240,0,0.16924274
H,1,test,335955,1,0.37334153
H,1,test,338312,1,0.098490536
H,1,test,348589,1,1.2755082
H,1,test,351101,1,0.7761116
H,1,test,353336,1,0.45883256
H,1,test,358239,1,0.7288651
H,1,test,360745,1,0.88227266
H,1,test,374203,0,0.3166198
H,1,test,375294,1,0.8727721
H,1,test,380225,1,0.6379889
H,1,test,402720,1,0.9056473
H,1,test,405843,1,1.2117963
H,1,test,408105,0,0.4375754
H,1,test,419138,0,0.27803177
H,1,test,433303,1,0.8358278
H,1,test,433686,1,0.83379406
H,1,test,442797,1,0.8527738
H,1,test,443207,1,0.6159249
H,1,test,443610,0,0.44616807
H,1,test,444203,0,0.18676719
H,1,test,445545,1,0.7115292
H,1,test,450155,1,1.4516554
H,1,test,451844,1,0.88535243
H,1,test,460422,1,0.46942675
H,1,test,460580,1,0.5694433
H,1,test,461946,1,0.81372374
H,1,test,463375,1,0.34634572
H,1,test,465489,0,0.43275505
H,1,test,466437,1,0.74706787
H,1,test,468086,1,0.9189246
H,1,test,468548,1,0.779137
H,1,test,474601,1,1.0477958
H,1,test,477779,1,0.89794016
H,1,test,479811,0,0.97990847
H,1,test,480021,0,0.75402737
H,1,test,480598,1,0.51830405
H,1,test,484238,1,0.74648446
H,1,test,486892,0,0.7753109
H,1,test,488934,0,0.13160062
H,1,test,498363,1,0.71769047
H,1,test,507011,1,0.566098
H,1,test,510372,1,0.7883387
H,1,test,511018,0,0.58594805
H,1,test,512053,1,0.8526815
H,1,test,517848,1,1.0921698
H,1,test,520621,1,0.7378874
H,1,test,525300,1,0.8023069
H,1,test,532533,1,0.88463783
H,1,test,537472,1,0.5728204
H,1,test,544153,1,0.8882463
H,1,test,544425,0,0.2025721
H,1,test,544864,1,0.86556226
H,1,test,550892,1,0.90085
H,1,test,552901,1,0.6846773
H,1,test,554960,0,0.051380694
H,1,test,555492,0,0.4031478
H,1,test,559178,1,0.4676456
H,1,test,566285,1,0.8440077
H,1,test,567847,1,0.7908511
H,1,test,569789,0,-0.2420885
H,1,test,573425,1,0.63673544
H,1,test,586109,0,0.92686975
H,1,test,589139,1,0.9142139
H,1,test,592431,1,1.1748881
H,1,test,592548,0,0.34620374
H,1,test,595609,1,1.014487
H,1,test,599396,0,0.084824264
H,1,test,618335,1,0.93299794
H,1,test,619649,1,1.1042266
H,1,test,624010,0,0.23916277
H,1,test,624692,1,0.71764207
H,1,test,627036,1,0.7399458
H,1,test,629729,1,0.836814
H,1,test,644299,1,0.6140746
H,1,test,644744,1,1.1996303
H,1,test,649217,1,0.73101395
H,1,test,649863,1,0.84978294
H,1,test,655410,1,0.3937626
H,1,test,660061,1,0.25936276
H,1,test,661193,0,0.29597113
H,1,test,672172,1,0.81082016
H,1,test,675660,0,0.08915329
H,1,test,675907,0,0.72999454
H,1,test,678681,1,0.51896745
H,1,test,683148,1,1.0049865
H,1,test,687290,0,0.38533053
H,1,test,690734,0,0.13917017
H,1,test,697961,1,0.8005069
H,1,test,698579,1,0.9483597
H,1,test,700550,1,0.8963612
H,1,test,704059,0,0.6973222
H,1,test,709192,0,0.22658575
H,1,test,711782,1,1.0509777
H,1,test,718140,0,0.5648041
H,1,test,718508,1,0.78746915
H,1,test,719050,0,0.14041474
H,1,test,725470,0,0.20207027
H,1,test,726612,1,1.0253402
H,1,test,727266,1,0.15191087
H,1,test,738172,0,0.56083244
H,1,test,742847,0,0.5858206
H,1,test,747710,0,0.5643993
H,1,test,750827,0,0.5043242
H,1,test,750881,0,0.31898788
H,1,test,752967,1,1.1739849
H,1,test,754586,1,0.77149457
H,1,test,755156,1,0.9318297
H,1,test,755294,1,0.83106565
H,1,test,760561,0,0.50029063
H,1,test,765027,1,0.3781778
H,1,test,765473,1,0.74512947
H,1,test,765954,0,0.05869496
H,1,test,774678,1,0.7502295
H,1,test,777118,1,0.6417455
H,1,test,779240,0,0.9528363
H,1,test,781445,0,0.44414726
H,1,test,789824,0,0.2098051
H,1,test,806762,0,0.1573332
H,1,test,809238,0,0.93805
H,1,test,822633,1,0.4024465
H,1,test,825913,1,0.71981436
H,1,test,828057,0,0.072903335
H,1,test,829142,1,0.871354
H,1,test,829697,0,0.6269761
H,1,test,834515,0,0.7027812
H,1,test,835833,1,0.88297766
H,1,test,836571,0,0.27258402
H,1,test,841534,0,0.49955267
H,1,test,847036,1,0.9557569
H,1,test,848723,1,0.69636655
H,1,test,851816,0,0.06885481
H,1,test,854069,1,0.80418473
H,1,test,856302,0,0.8115259
H,1,test,859236,0,0.30435115
H,1,test,866895,0,0.18171343
H,1,test,867398,0,0.4321025
H,1,test,868318,0,0.873293
H,1,test,875038,1,1.2703325
H,1,test,877486,1,0.44746852
H,1,test,880466,1,0.69276845
H,1,test,889657,1,0.86195934
H,1,test,894409,1,0.49513415
H,1,test,899067,0,0.59512544
H,1,test,900762,1,0.71524256
H,1,test,941626,1,0.5491721
H,1,test,943672,1,1.0842049
H,1,test,947197,1,0.70800143
H,1,test,951465,0,0.9201692
H,1,test,951654,0,0.5816639
H,1,test,952219,0,0.3653825
H,1,test,954440,1,0.7606005
H,1,test,955669,0,0.13051844
H,1,test,956387,1,0.19039199
H,1,test,961563,0,0.16214073
H,1,test,961819,0,0.1483171
H,1,test,962660,1,0.5621948
H,1,test,963985,1,0.8880355
H,1,test,964462,0,0.6086328
H,1,test,970464,1,1.1722398
H,1,test,972111,0,0.101298094
H,1,test,979369,1,1.1744258
H,1,test,979917,1,0.57533664
H,1,test,979941,0,0.35557708
H,1,test,980697,0,0.5338942
H,1,test,982817,0,-0.03111583
H,1,test,984065,0,0.120266736
H,1,test,986074,1,1.0669273
H,1,test,986844,1,0.52162075
H,1,test,987078,1,0.31438044
H,1,test,987267,1,0.55872726
H,1,test,989755,1,1.1709046
H,1,test,991790,1,0.94716716
H,1,test,993602,1,0.37210193
H,1,test,994160,1,1.2068961
H,1,test,1002373,1,0.9037484
H,1,test,1005171,1,0.9363307
H,1,test,1006489,0,0.9969575
H,1,test,1008354,0,0.63199407
H,1,test,1009347,1,0.6330707
H,1,test,1020322,0,0.46464038
H,1,test,1029192,1,1.2802142
H,1,test,1029373,1,0.8409672
H,1,test,1030940,1,0.61546904
H,1,test,1046104,0,0.73561704
H,1,test,1051850,0,0.5209099
H,1,test,1054838,0,0.97111064
H,1,test,1064446,1,1.6737119
H,1,test,1065288,0,0.84176993
H,1,test,1066534,1,0.8900451
H,1,test,1067406,1,0.7480937
H,1,test,1069689,1,0.70766574
H,1,test,1070472,0,0.5014226
H,1,test,1073839,0,0.5919475
H,1,test,1074094,1,0.33461583
H,1,test,1074306,1,0.72853553
H,1,test,1074427,1,0.5768263
H,1,test,1074527,1,0.5937586
H,1,test,1074753,0,0.4218807
H,1,test,1075557,1,1.3504595
H,1,test,1075699,1,0.42636222
H,1,test,1077703,1,0.83221734
H,1,test,1078392,1,0.696929
H,1,test,1078893,0,0.29130602
H,1,test,1079527,1,0.8044033
H,1,test,1080214,1,0.4731514
H,1,test,1080366,1,1.2414292
H,1,test,1080979,1,0.79407895
H,1,test,1081798,0,0.15366471
H,1,test,1082641,0,-0.109276354
H,1,test,1082739,1,0.65312064
H,1,test,1084185,0,0.42531347
H,1,test,1084364,1,0.5846061
H,1,test,1084497,1,0.6075367
H,1,test,1085496,1,0.85964066
H,1,test,1085579,1,0.39218566
H,1,test,1085896,1,1.1867499
H,1,test,1086657,1,1.2091262
H,1,test,1086770,1,0.9351331
H,1,test,1086991,0,0.33609307
H,1,test,1087295,1,0.61722344
H,1,test,1089310,0,0.4021299
H,1,test,1090388,1,0.99413705
H,1,test,1090438,1,1.1613092
H,1,test,1091071,1,1.4014573
H,1,test,1091585,0,0.41168013
H,1,test,1092068,0,0.115057945
H,1,test,1093139,0,0.8090079
H,1,test,1093401,1,0.90790546
H,1,test,1094060,1,1.1143458
H,1,test,1094259,1,0.5300302
H,1,test,1096111,1,0.7761715
H,1,test,1096858,1,1.1977284
H,1,test,1097215,1,0.30456665
H,1,test,1097324,1,0.782745
H,1,test,1099078,1,0.5143965
H,1,test,1100516,0,0.39742976
H,1,test,1100923,1,0.48498
H,1,test,1103063,0,0.41673958
H,1,test,1104405,1,0.9532959
H,1,test,1104599,1,0.73292613
H,1,test,1104649,1,0.8924247
H,1,test,1105176,1,0.48879048
H,1,test,1105837,1,0.44666234
H,1,test,1105913,1,0.92749494
H,1,test,1105922,1,0.7740588
H,1,test,1106300,1,0.8060124
H,1,test,1107147,1,1.1338245
H,1,test,1107631,1,1.5014195
H,1,test,1109275,1,0.6483982
H,1,test,1109329,1,0.7009795
H,1,test,1109526,1,0.65206015
H,1,test,1109829,1,0.75629246
H,1,test,1111153,0,0.4399619
H,1,test,1111157,0,0.72707075
H,1,test,1111471,1,1.2363069
H,1,test,1112111,1,0.69376546
H,1,test,1113214,0,0.43163198
H,1,test,1115227,1,0.48994112
H,1,test,1115322,1,0.96366847
H,1,test,1115713,1,0.8638325
H,1,test,1117370,1,0.93932736
H,1,test,1117921,1,0.72671497
H,1,test,1117975,1,0.7620825
H,1,test,1118291,0,0.39043552
H,1,test,1118436,1,0.9526188
H,1,test,1118652,0,0.21724299
H,1,test,1119012,1,0.53403556
H,1,test,1119591,1,0.93223464
H,1,test,1119652,1,0.7974357
H,1,test,1119930,1,1.1205705
H,1,test,1120326,1,0.27812254
H,1,test,1120775,1,0.8555414
H,1,test,1120955,0,0.56991667
H,1,test,1121493,0,0.24610871
H,1,test,1121705,1,1.4842479
H,1,test,1121926,1,0.618608
H,1,test,1122956,1,0.93534887
H,1,test,1122990,1,0.5200441
H,1,test,1123350,1,0.9135883
H,1,test,1123551,0,0.036107123
H,1,test,1124329,1,0.84471977
H,1,test,1124330,0,0.64482176
H,1,test,1124561,0,0.42262635
H,1,test,1125348,0,-0.022053659
H,1,test,1125785,1,0.4805439
H,1,test,1126146,0,-0.20841873
H,1,test,1126656,0,0.0038943887
H,1,test,1127029,0,0.14308265
H,1,test,1127560,1,1.1016573
H,1,test,1129053,1,0.61475736
H,1,test,1129961,0,0.26207405
H,1,test,1130161,1,0.22405237
H,1,test,1131297,0,1.0300516
H,1,test,1131833,1,0.7010215
H,1,test,1134339,0,0.2779022
H,1,test,1134855,0,0.32899392
H,1,test,1134927,1,0.6214362
H,1,test,1135587,1,0.59427345
H,1,test,1135796,1,1.1441593
H,1,test,1136524,0,0.34342664
H,1,test,1136946,0,0.15135795
H,1,test,1137506,0,0.38278112
H,1,test,1137818,1,0.7787729
H,1,test,1138108,1,0.91490114
H,1,test,1139233,1,1.3955692
H,1,test,1139249,1,0.5535746
H,1,test,1139409,1,0.82371235
H,1,test,1139795,0,-0.2656417
H,1,test,1142126,0,0.20061728
H,1,test,1142643,1,0.79144305
H,1,test,1142753,1,0.65816504
H,1,test,1143415,1,0.82517594
H,1,test,1143550,1,0.98296154
H,1,test,1144210,1,0.6422283
H,1,test,1144260,0,0.7908634
H,1,test,1144465,1,0.97892946
H,1,test,1144580,1,0.7531954
H,1,test,1144621,1,0.3527535
H,1,test,1144651,1,0.36294267
H,1,test,1145207,0,0.35131848
H,1,test,1145385,0,0.56555074
H,1,test,1146057,0,0.11563462
H,1,test,1146108,0,0.2031599
H,1,test,1146318,1,0.47765195
H,1,test,1146323,0,0.46562868
H,1,test,1146529,1,1.1165683
H,1,test,1146584,1,0.6692904
H,1,test,1146771,0,0.46136895
H,1,test,1146854,1,0.6342302
H,1,test,1147012,0,0.3076738
H,1,test,1147189,1,0.4028373
H,1,test,1148157,1,0.8190441
H,1,test,1148437,0,0.9079051
H,1,test,1150400,1,0.45101288
H,1,test,1151387,0,0.47331834
H,1,test,1151422,1,0.8826027
H,1,test,1151627,1,0.74486583
H,1,test,1151789,1,1.2429447
H,1,test,1152038,1,0.67967165
H,1,test,1152061,1,0.75135714
H,1,test,1152979,1,0.37129024
H,1,test,1153702,0,0.27126616
H,1,test,1153881,0,0.19279316
H,1,test,1154576,1,0.561757
H,1,test,1155404,0,0.4627091
H,1,test,1155554,1,0.9150506
H,1,test,1155802,1,0.66377836
H,1,test,1157101,1,0.8111788
H,1,test,1157237,1,0.8508438
H,1,test,1157440,0,0.4219016
H,1,test,1158961,1,1.1449313
H,1,test,1206308,0,0.6556438
H,1,test,1206667,0,0.7318676
H,1,test,1206997,1,0.9820633
H,1,test,1207140,1,1.0048835
H,1,test,1207980,1,0.5786337
H,1,test,1208561,1,1.2015138
H,1,test,1209776,0,0.5584065
H,1,test,1209958,1,0.093895555
H,1,test,1210100,0,-0.048378408
H,1,test,1210485,1,0.85044277
H,1,test,1210786,0,-0.14614207
H,1,test,1211029,1,0.80043304
H,1,test,1211042,1,0.80065495
H,1,test,1211177,1,0.67910093
H,1,test,1211297,1,0.908162
H,1,test,1211505,1,0.55656636
H,1,test,1211778,0,0.29849422
H,1,test,1212217,1,0.30293578
H,1,test,1212354,0,0.59602475
H,1,test,1212394,1,0.19664127
H,1,test,1212451,0,0.047231674
H,1,test,1212582,1,0.8970245
H,1,test,1213121,1,0.3451152
H,1,test,1213130,1,0.52445054
H,1,test,1213344,1,0.79926527
H,1,test,1213929,1,0.6760583
H,1,test,1213974,0,0.51042217
H,1,test,1214144,0,0.7620014
H,1,test,1215381,0,0.39735973
H,1,test,1215388,0,0.2687938
H,1,test,1215586,0,0.5985167
H,1,test,1216036,1,0.91110355
H,1,test,1216045,1,0.85347384
H,1,test,1216223,1,0.80485636
H,1,test,1216691,1,1.0910382
H,1,test,1216776,1,0.47684717
H,1,test,1217051,1,0.98969495
H,1,test,1217243,1,0.54754806
H,1,test,1217708,0,0.118444026
H,1,test,1217769,1,0.5769795
H,1,test,1218062,1,0.9387438
H,1,test,1218110,0,0.394305
H,1,test,1219634,1,0.59877574
H,1,test,1219898,1,0.54123044
H,1,test,1219958,0,0.38642335
H,1,test,1220095,0,0.5865746
H,1,test,1220226,0,0.35022423
H,1,test,1220507,0,0.57717514
H,1,test,1220572,0,0.35776174
H,1,test,1220694,1,1.0691829
H,1,test,1221019,0,0.526803
H,1,test,1221892,1,0.7341233
H,1,test,1222069,1,1.1340756
H,1,test,1222110,1,0.54791105
H,1,test,1222424,1,0.7654357
H,1,test,1222589,1,0.7681695
H,1,test,1222850,1,0.59830505
H,1,test,1223193,0,0.75604236
H,1,test,1223272,1,0.6146393
H,1,test,1223289,0,0.85217017
H,1,test,1223754,0,0.45884058
H,1,test,1224109,0,0.46333122
H,1,test,1224306,1,0.77670985
H,1,test,1224683,1,0.7750976
H,1,test,1224968,1,0.6631163
H,1,test,1225050,0,0.37187496
H,1,test,1225262,1,0.423931
H,1,test,1225323,1,0.7325132
H,1,test,1225648,0,0.46433955
H,1,test,1225672,1,0.88339865
H,1,test,1225716,0,0.38363522
H,1,test,1225945,0,-0.32464826
H,1,test,1226065,1,1.0139351
H,1,test,1226588,1,1.0321825
H,1,test,1226641,1,1.0807296
H,1,test,1226825,1,0.5067165
H,1,test,1226937,0,0.34743625
H,1,test,1227061,1,0.68999505
H,1,test,1227106,1,0.7285257
H,1,test,1227138,0,0.19185445
H,1,test,1227504,1,0.42264915
H,1,test,1228528,0,0.20366746
H,1,test,1228888,1,0.54458064
H,1,test,1229368,0,0.5187221
H,1,test,1229574,0,0.047782302
H,1,test,1229725,1,1.3660262
H,1,test,1229860,1,0.83630407
H,1,test,1230265,1,0.66879714
H,1,test,1230408,1,0.5780974
H,1,test,1230712,0,0.5432523
H,1,test,1230724,1,0.46931303
H,1,test,1230855,0,0.018592834
H,1,test,1230993,0,0.30309695
H,1,test,1231114,1,0.97742474
H,1,test,1231841,0,0.43995702
H,1,test,1232099,0,0.64433956
H,1,test,1232676,1,0.6851164
H,1,test,1233791,1,0.7039782
H,1,test,1233962,0,0.5025413
H,1,test,1233970,1,0.59387386
H,1,test,1234219,1,0.67130554
H,1,test,1234306,1,0.2878939
H,1,test,1234549,0,0.55004376
H,1,test,1234553,0,0.22210929
H,1,test,1235265,1,0.69108886
H,1,test,1235275,0,0.0995999
H,1,test,1235336,1,0.6678014
H,1,test,1236071,1,0.5990106
H,1,test,1236410,0,-0.111236155
H,1,test,1236418,1,0.592788
H,1,test,1236759,1,0.95009845
H,1,test,1236938,1,0.62397045
H,1,test,1237075,0,-0.19129324
H,1,test,1237241,1,0.62848884
H,1,test,1237496,1,0.8801863
H,1,test,1237716,0,0.083720565
H,1,test,1237793,1,0.64486665
H,1,test,1238174,1,0.4168002
H,1,test,1238215,1,0.83111143
H,1,test,1238443,0,0.3005284
H,1,test,1238550,1,0.9639472
H,1,test,1238574,0,0.19219026
H,1,test,1238865,1,0.5046344
H,1,test,1238923,0,0.575816
H,1,test,1239038,0,0.19268528
H,1,test,1239693,0,0.93919253
H,1,test,1239772,0,0.17610216
H,1,test,1239841,1,0.5647144
H,1,test,1239988,0,0.19278812
H,1,test,1240378,1,0.9939382
H,1,test,1240423,1,0.58546907
H,1,test,1240598,1,0.55503595
H,1,test,1241453,0,0.31772578
H,1,test,1241862,1,0.97304004
H,1,test,1242372,1,0.88283694
H,1,test,1242535,1,1.0831952
H,1,test,1242667,0,0.7855375
H,1,test,1242811,0,0.47867835
H,1,test,1242831,0,0.58955723
H,1,test,1243018,1,0.6141448
H,1,test,1243083,0,0.71019506
H,1,test,1243802,0,0.48214078
H,1,test,1243942,1,1.0383985
H,1,test,1243992,1,0.731549
H,1,test,1244831,1,0.5175882
H,1,test,1245228,0,0.20930472
H_recording,1,val,4993,1,0.68634754
H_recording,1,val,13412,1,0.33794907
H_recording,1,val,22854,1,0.58984625
H_recording,1,val,32097,1,1.0231047
H_recording,1,val,33368,1,0.73681545
H_recording,1,val,42450,1,1.0046558
H_recording,1,val,47652,1,0.6556666
H_recording,1,val,48755,1,0.78767407
H_recording,1,val,50696,1,0.35276318
H_recording,1,val,54388,0,0.1475716
H_recording,1,val,60519,1,0.695843
H_recording,1,val,70693,0,0.5872113
H_recording,1,val,72256,1,0.81700367
H_recording,1,val,86179,1,1.3288872
H_recording,1,val,86896,0,0.62576807
H_recording,1,val,88424,1,0.7756463
H_recording,1,val,89850,1,0.23830453
H_recording,1,val,93002,1,1.2754936
H_recording,1,val,93011,0,0.47402963
H_recording,1,val,98629,1,0.25603753
H_recording,1,val,99307,0,0.74552953
H_recording,1,val,100693,1,0.95457995
H_recording,1,val,101232,1,0.59561443
H_recording,1,val,112047,1,0.7428645
H_recording,1,val,121204,0,0.5997071
H_recording,1,val,121744,1,0.8730017
H_recording,1,val,130131,0,0.2605448
H_recording,1,val,130832,1,0.85118514
H_recording,1,val,135338,0,0.24070776
H_recording,1,val,143353,1,0.78188044
H_recording,1,val,145109,1,0.18939424
H_recording,1,val,146346,1,0.3400837
H_recording,1,val,149348,1,0.6853105
H_recording,1,val,149880,1,0.84555745
H_recording,1,val,154041,1,0.5095493
H_recording,1,val,157774,1,0.9488417
H_recording,1,val,160103,1,0.8181201
H_recording,1,val,160197,1,0.48169124
H_recording,1,val,167963,1,0.9144185
H_recording,1,val,174525,1,0.6053644
H_recording,1,val,175032,0,0.44383723
H_recording,1,val,181574,0,0.5336337
H_recording,1,val,183204,0,0.57629657
H_recording,1,val,186257,0,0.52226484
H_recording,1,val,189056,1,0.65720797
H_recording,1,val,189685,0,0.46464187
H_recording,1,val,193149,0,0.8410026
H_recording,1,val,196058,1,0.51432514
H_recording,1,val,199177,0,0.32356957
H_recording,1,val,202968,0,0.71093786
H_recording,1,val,210361,1,0.5477443
H_recording,1,val,216010,1,0.81231654
H_recording,1,val,219309,1,0.71203095
H_recording,1,val,220792,0,0.5844048
H_recording,1,val,226106,1,0.5273182
H_recording,1,val,226610,1,0.8442635
H_recording,1,val,234696,1,0.45674387
H_recording,1,val,240229,0,0.28784412
H_recording,1,val,243108,1,1.2301183
H_recording,1,val,248666,1,0.78509325
H_recording,1,val,250983,0,0.808851
H_recording,1,val,253033,0,0.93162024
H_recording,1,val,256422,1,1.0713255
H_recording,1,val,271298,0,0.6915618
H_recording,1,val,273148,1,1.0070024
H_recording,1,val,273826,1,0.4932248
H_recording,1,val,274345,0,0.414263
H_recording,1,val,274563,1,0.7199698
H_recording,1,val,275882,1,0.91909736
H_recording,1,val,281433,1,0.6160855
H_recording,1,val,289992,1,0.9416275
H_recording,1,val,293922,0,0.3869407
H_recording,1,val,297709,0,0.24203795
H_recording,1,val,300925,1,0.66223323
H_recording,1,val,303683,0,0.51728386
H_recording,1,val,305034,0,0.20736647
H_recording,1,val,310191,1,0.7444387
H_recording,1,val,312582,1,0.95719165
H_recording,1,val,319661,1,0.76511
H_recording,1,val,324095,1,0.81965697
H_recording,1,val,329983,1,0.7843896
H_recording,1,val,330071,0,0.62967545
H_recording,1,val,330603,1,1.1629429
H_recording,1,val,332529,1,0.6864406
H_recording,1,val,344909,0,0.5290179
H_recording,1,val,345087,1,0.8403122
H_recording,1,val,345208,1,0.4364384
H_recording,1,val,345670,1,0.79552835
H_recording,1,val,348496,1,1.1643405
H_recording,1,val,350707,0,0.36761552
H_recording,1,val,353416,1,0.52334833
H_recording,1,val,354035,1,0.42653328
H_recording,1,val,357322,0,0.6671465
H_recording,1,val,364502,1,0.98411274
H_recording,1,val,366344,0,0.5071272
H_recording,1,val,369818,1,0.8342333
H_recording,1,val,369915,1,0.84570515
H_recording,1,val,375005,0,0.28589296
H_recording,1,val,376917,1,0.78187436
H_recording,1,val,377703,1,1.0328267
H_recording,1,val,398007,1,0.43277973
H_recording,1,val,400944,1,0.6044064
H_recording,1,val,402349,0,0.016016185
H_recording,1,val,402364,0,0.06417388
H_recording,1,val,413173,1,0.7606373
H_recording,1,val,413554,1,1.1577473
H_recording,1,val,414540,0,0.7585796
H_recording,1,val,417147,0,0.818488
H_recording,1,val,419522,1,0.8691849
H_recording,1,val,423553,1,0.69543487
H_recording,1,val,424946,0,0.059595168
H_recording,1,val,431664,0,0.043771505
H_recording,1,val,432045,0,-0.21820825
H_recording,1,val,433233,1,0.7899034
H_recording,1,val,435249,1,0.9625114
H_recording,1,val,443084,0,0.22465816
H_recording,1,val,444684,1,0.6923978
H_recording,1,val,445318,0,0.25892085
H_recording,1,val,448329,1,0.77046144
H_recording,1,val,451424,1,0.71623576
H_recording,1,val,451600,1,0.47702155
H_recording,1,val,457834,1,0.8714967
H_recording,1,val,465292,1,1.1335092
H_recording,1,val,467821,0,0.25232306
H_recording,1,val,469865,1,0.89123
H_recording,1,val,479371,0,0.4965545
H_recording,1,val,480708,1,0.99024683
H_recording,1,val,485608,1,1.3098283
H_recording,1,val,486901,0,0.6934239
H_recording,1,val,487378,0,0.274329
H_recording,1,val,488255,0,0.3630813
H_recording,1,val,490630,1,0.5289176
H_recording,1,val,493668,1,0.74124014
H_recording,1,val,494011,1,0.4719812
H_recording,1,val,496270,1,0.6454681
H_recording,1,val,501583,1,0.71380204
H_recording,1,val,504132,1,0.9853089
H_recording,1,val,506819,1,0.575742
H_recording,1,val,508449,0,0.5595331
H_recording,1,val,510306,0,0.30709422
H_recording,1,val,512180,1,0.8682103
H_recording,1,val,513398,0,0.4537806
H_recording,1,val,513966,0,0.40682453
H_recording,1,val,519298,1,0.75195336
H_recording,1,val,524155,0,0.68615645
H_recording,1,val,524172,0,0.26936328
H_recording,1,val,529499,0,0.3866149
H_recording,1,val,529816,1,0.4202639
H_recording,1,val,532148,1,1.0324174
H_recording,1,val,532751,1,0.79761404
H_recording,1,val,534048,1,1.0622596
H_recording,1,val,535178,1,0.8024734
H_recording,1,val,536493,0,0.13307571
H_recording,1,val,541544,1,0.6431701
H_recording,1,val,542399,0,0.58753884
H_recording,1,val,547939,1,0.48086524
H_recording,1,val,560521,0,0.51398253
H_recording,1,val,561141,1,0.47401017
H_recording,1,val,563271,1,0.92648864
H_recording,1,val,565232,1,1.1984334
H_recording,1,val,565908,0,0.36354208
H_recording,1,val,567390,0,0.6127869
H_recording,1,val,570049,1,0.61707526
H_recording,1,val,570975,0,0.12722641
H_recording,1,val,576988,1,0.2816237
H_recording,1,val,579106,1,0.9158914
H_recording,1,val,595954,1,0.736142
H_recording,1,val,596437,0,0.6455924
H_recording,1,val,598165,1,0.67510265
H_recording,1,val,598821,0,0.118409514
H_recording,1,val,600546,1,0.63116837
H_recording,1,val,607482,1,0.7186244
H_recording,1,val,608068,1,0.5436992
H_recording,1,val,612154,0,0.56405807
H_recording,1,val,615631,1,0.81255364
H_recording,1,val,624977,0,0.5073762
H_recording,1,val,626615,0,0.49712124
H_recording,1,val,631543,1,0.851585
H_recording,1,val,643466,1,0.74222904
H_recording,1,val,644043,1,0.6975815
H_recording,1,val,646681,1,0.58631045
H_recording,1,val,646867,1,0.6829628
H_recording,1,val,656122,1,0.71217126
H_recording,1,val,660915,1,0.76015675
H_recording,1,val,660938,1,0.78541136
H_recording,1,val,663406,1,0.39158204
H_recording,1,val,665029,1,0.56487083
H_recording,1,val,671705,1,0.2646102
H_recording,1,val,675008,1,0.28485033
H_recording,1,val,677928,1,0.8409414
H_recording,1,val,680963,0,0.6082818
H_recording,1,val,681205,1,0.6315912
H_recording,1,val,682914,1,0.5611237
H_recording,1,val,684751,1,0.7991812
H_recording,1,val,686482,1,0.84857655
H_recording,1,val,687171,1,0.6358274
H_recording,1,val,692458,1,0.7674805
H_recording,1,val,697830,0,0.42072022
H_recording,1,val,698653,1,0.59058994
H_recording,1,val,702801,0,0.272398
H_recording,1,val,703629,1,0.7808465
H_recording,1,val,703834,1,0.83987284
H_recording,1,val,706141,1,0.13543445
H_recording,1,val,706908,0,0.64707386
H_recording,1,val,712016,1,0.678367
H_recording,1,val,713284,0,0.43278643
H_recording,1,val,714078,0,0.76361495
H_recording,1,val,714644,1,1.1289418
H_recording,1,val,714764,0,0.7029449
H_recording,1,val,714952,1,0.7446683
H_recording,1,val,726126,0,0.21451771
H_recording,1,val,731117,1,0.9561682
H_recording,1,val,739116,1,0.7539499
H_recording,1,val,739674,0,0.61521375
H_recording,1,val,743852,1,0.4253223
H_recording,1,val,744145,0,0.4041161
H_recording,1,val,745489,1,0.6000777
H_recording,1,val,749211,0,0.5157622
H_recording,1,val,759242,1,1.2182354
H_recording,1,val,761233,1,0.96933997
H_recording,1,val,762014,0,0.6749685
H_recording,1,val,767236,0,0.4432413
H_recording,1,val,769720,1,0.6944031
H_recording,1,val,772900,0,0.8274412
H_recording,1,val,777687,1,0.24541637
H_recording,1,val,781139,0,0.3243542
H_recording,1,val,783835,0,0.116907
H_recording,1,val,784920,1,0.77758795
H_recording,1,val,791392,1,0.598853
H_recording,1,val,792243,0,0.70603937
H_recording,1,val,793601,0,0.5213528
H_recording,1,val,793726,0,0.57129604
H_recording,1,val,803606,1,0.6953929
H_recording,1,val,806286,0,0.07294923
H_recording,1,val,808181,0,0.7062524
H_recording,1,val,809234,1,0.683593
H_recording,1,val,810874,0,0.46322855
H_recording,1,val,813871,1,0.65104336
H_recording,1,val,820393,1,0.85038435
H_recording,1,val,820729,1,0.72543836
H_recording,1,val,821863,1,0.81564295
H_recording,1,val,823325,0,0.5498484
H_recording,1,val,824734,1,0.35289282
H_recording,1,val,828427,0,0.46602315
H_recording,1,val,835135,1,0.97570026
H_recording,1,val,844964,0,0.875184
H_recording,1,val,850702,1,0.572838
H_recording,1,val,853023,1,1.0990012
H_recording,1,val,865733,1,0.25914493
H_recording,1,val,868368,1,0.72691935
H_recording,1,val,870739,1,0.52419496
H_recording,1,val,878491,1,0.52895194
H_recording,1,val,885157,1,0.8442205
H_recording,1,val,885222,0,0.581762
H_recording,1,val,888866,0,1.0505402
H_recording,1,val,892998,0,0.5479101
H_recording,1,val,924232,0,0.45347154
H_recording,1,val,936352,0,-0.068606675
H_recording,1,val,944965,1,0.8595587
H_recording,1,val,951246,0,0.22868156
H_recording,1,val,951846,0,0.37646565
H_recording,1,val,958048,1,0.80115795
H_recording,1,val,959155,0,0.7435805
H_recording,1,val,960726,0,0.37306505
H_recording,1,val,968652,1,0.4704343
H_recording,1,val,969827,0,0.14731663
H_recording,1,val,972980,1,0.969596
H_recording,1,val,975913,0,0.6750434
H_recording,1,val,976696,0,0.45608473
H_recording,1,val,981850,1,0.5784683
H_recording,1,val,982055,0,0.33114198
H_recording,1,val,983916,1,0.21883386
H_recording,1,val,984568,1,0.24990442
H_recording,1,val,986315,1,0.91407824
H_recording,1,val,987657,1,1.0522537
H_recording,1,val,989331,1,0.73374486
H_recording,1,val,991837,1,0.66862595
H_recording,1,val,997176,0,-0.054183125
H_recording,1,val,1000310,1,0.28335324
H_recording,1,val,1005095,1,0.58265406
H_recording,1,val,1012389,0,0.37481958
H_recording,1,val,1017244,1,0.7126529
H_recording,1,val,1017640,1,0.66430104
H_recording,1,val,1036745,1,0.89954627
H_recording,1,val,1043429,1,0.72652596
H_recording,1,val,1048580,1,0.8357904
H_recording,1,val,1049831,0,0.61794776
H_recording,1,val,1057350,0,0.6388756
H_recording,1,val,1062410,1,0.56297684
H_recording,1,val,1067041,1,1.1673503
H_recording,1,val,1067592,1,0.34125507
H_recording,1,val,1069432,1,1.0030639
H_recording,1,val,1070777,1,0.6667501
H_recording,1,val,1071966,1,0.28665143
H_recording,1,val,1072395,1,0.691183
H_recording,1,val,1075228,1,1.2214823
H_recording,1,val,1075447,1,0.5024202
H_recording,1,val,1076650,1,1.1423388
H_recording,1,val,1079219,0,0.02273947
H_recording,1,val,1079586,0,0.4056488
H_recording,1,val,1081383,0,0.9660994
H_recording,1,val,1081426,1,0.43705803
H_recording,1,val,1082124,1,0.6647123
H_recording,1,val,1082765,1,1.0852563
H_recording,1,val,1083817,1,0.40569824
H_recording,1,val,1084214,1,0.6712662
H_recording,1,val,1085709,1,0.5926178
H_recording,1,val,1086850,0,0.31472835
H_recording,1,val,1088707,1,0.6576936
H_recording,1,val,1088918,1,0.50375044
H_recording,1,val,1089172,1,0.79784715
H_recording,1,val,1089175,1,0.6816695
H_recording,1,val,1091343,0,0.46281227
H_recording,1,val,1092437,1,0.6929691
H_recording,1,val,1092557,0,0.58765733
H_recording,1,val,1092783,1,0.9129907
H_recording,1,val,1092889,1,1.0886613
H_recording,1,val,1093743,0,-0.0046865344
H_recording,1,val,1094011,1,0.6717659
H_recording,1,val,1094030,1,0.4667083
H_recording,1,val,1094046,1,0.68125486
H_recording,1,val,1095642,1,0.9511569
H_recording,1,val,1095841,1,0.8322679
H_recording,1,val,1096276,0,0.27571577
H_recording,1,val,1096586,0,0.5568525
H_recording,1,val,1096850,1,0.6371935
H_recording,1,val,1097316,1,0.63112485
H_recording,1,val,1098204,1,0.9402056
H_recording,1,val,1098855,1,0.69005257
H_recording,1,val,1099234,1,0.6444443
H_recording,1,val,1099660,1,0.75887835
H_recording,1,val,1103054,0,0.33557993
H_recording,1,val,1103087,1,0.4385482
H_recording,1,val,1103360,1,0.6952597
H_recording,1,val,1104012,1,1.2106497
H_recording,1,val,1104452,1,0.5970258
H_recording,1,val,1104470,1,1.0325906
H_recording,1,val,1105078,1,0.5995864
H_recording,1,val,1105241,0,0.45602578
H_recording,1,val,1105345,0,0.697992
H_recording,1,val,1105733,1,0.21687248
H_recording,1,val,1105916,1,0.15100646
H_recording,1,val,1107291,0,0.036575377
H_recording,1,val,1108050,1,1.050071
H_recording,1,val,1109299,1,0.5327852
H_recording,1,val,1110598,0,0.62163615
H_recording,1,val,1112425,1,0.79779285
H_recording,1,val,1112465,1,0.18965912
H_recording,1,val,1113133,0,0.3360814
H_recording,1,val,1113237,1,0.7514371
H_recording,1,val,1113756,1,1.0119117
H_recording,1,val,1113808,0,0.39684802
H_recording,1,val,1113857,0,0.5046902
H_recording,1,val,1115247,0,0.728661
H_recording,1,val,1115335,1,0.99267393
H_recording,1,val,1115427,1,0.68086934
H_recording,1,val,1116144,1,1.0067291
H_recording,1,val,1116363,0,0.5019836
H_recording,1,val,1116440,0,0.39471543
H_recording,1,val,1116580,1,0.76934344
H_recording,1,val,1116601,0,0.38501918
H_recording,1,val,1116790,0,0.93105423
H_recording,1,val,1118641,0,0.22375432
H_recording,1,val,1118849,1,0.5004353
H_recording,1,val,1119647,1,0.55448854
H_recording,1,val,1119855,0,0.599995
H_recording,1,val,1120120,0,0.6201255
H_recording,1,val,1120692,1,1.0511663
H_recording,1,val,1120869,0,0.3632397
H_recording,1,val,1122513,1,0.21806896
H_recording,1,val,1122658,1,0.9654028
H_recording,1,val,1123222,1,0.57519114
H_recording,1,val,1123500,1,0.43040276
H_recording,1,val,1124034,1,0.7341945
H_recording,1,val,1124658,0,0.5878416
H_recording,1,val,1124894,1,0.43888742
H_recording,1,val,1125163,1,0.52876014
H_recording,1,val,1125748,1,0.7178405
H_recording,1,val,1126857,1,0.6636056
H_recording,1,val,1128467,1,0.8180356
H_recording,1,val,1128618,1,1.1669667
H_recording,1,val,1129029,0,0.3871291
H_recording,1,val,1129401,1,0.19970635
H_recording,1,val,1129979,1,0.736114
H_recording,1,val,1130043,1,0.73120886
H_recording,1,val,1130533,1,0.86302483
H_recording,1,val,1130756,1,0.8960565
H_recording,1,val,1131355,1,0.65545505
H_recording,1,val,1131386,1,0.7131376
H_recording,1,val,1131656,1,1.0923648
H_recording,1,val,1132010,0,0.13885528
H_recording,1,val,1135241,0,0.31306928
H_recording,1,val,1135703,1,0.7556643
H_recording,1,val,1136279,0,0.41281998
H_recording,1,val,1136310,1,0.2852654
H_recording,1,val,1136723,0,0.2503816
H_recording,1,val,1137555,1,0.8580955
H_recording,1,val,1137589,1,0.8210842
H_recording,1,val,1138091,1,0.7337678
H_recording,1,val,1138321,1,0.8501975
H_recording,1,val,1138374,0,0.4364168
H_recording,1,val,1138670,1,0.32385403
H_recording,1,val,1138870,1,0.62713003
H_recording,1,val,1139275,1,0.8381504
H_recording,1,val,1140109,1,0.8531224
H_recording,1,val,1140316,1,1.062405
H_recording,1,val,1141936,1,0.75838447
H_recording,1,val,1142089,1,1.2705369
H_recording,1,val,1142188,1,0.76942533
H_recording,1,val,1142355,0,0.3441394
H_recording,1,val,1142724,0,0.50688046
H_recording,1,val,1143869,0,0.54742384
H_recording,1,val,1144198,1,0.8780811
H_recording,1,val,1144734,1,0.7566089
H_recording,1,val,1144792,0,0.3748941
H_recording,1,val,1145284,1,0.97632647
H_recording,1,val,1145959,1,0.7767373
H_recording,1,val,1145969,1,0.74525344
H_recording,1,val,1146989,0,0.27893254
H_recording,1,val,1147155,1,0.9887078
H_recording,1,val,1147302,0,0.1524452
H_recording,1,val,1147838,0,0.65960145
H_recording,1,val,1148110,0,0.65919906
H_recording,1,val,1148113,1,0.29575625
H_recording,1,val,1148332,1,0.99649096
H_recording,1,val,1148376,1,0.48065048
H_recording,1,val,1149831,1,0.91660684
H_recording,1,val,1149916,1,0.2229695
H_recording,1,val,1150067,1,0.86358577
H_recording,1,val,1151454,0,0.7420444
H_recording,1,val,1151510,0,0.3682416
H_recording,1,val,1151569,1,0.93206894
H_recording,1,val,1151818,0,0.370885
H_recording,1,val,1151994,1,0.92774737
H_recording,1,val,1152380,1,0.7488215
H_recording,1,val,1152700,1,0.72074014
H_recording,1,val,1152708,1,0.6272949
H_recording,1,val,1152877,0,0.55224246
H_recording,1,val,1153023,1,0.60872406
H_recording,1,val,1153155,1,0.7218871
H_recording,1,val,1153931,1,0.6700197
H_recording,1,val,1154574,1,0.63023555
H_recording,1,val,1155176,1,0.93877983
H_recording,1,val,1157142,1,0.9638042
H_recording,1,val,1206010,0,0.6952063
H_recording,1,val,1206257,1,0.53102565
H_recording,1,val,1206334,0,0.26439655
H_recording,1,val,1207181,0,0.769711
H_recording,1,val,1207207,1,0.713255
H_recording,1,val,1207367,1,0.9664
H_recording,1,val,1207384,1,0.7350084
H_recording,1,val,1207464,1,0.6991252
H_recording,1,val,1208159,1,0.83707136
H_recording,1,val,1208290,1,0.6169935
H_recording,1,val,1208422,1,0.85754263
H_recording,1,val,1208544,0,0.43639475
H_recording,1,val,1208870,1,0.7361795
H_recording,1,val,1209034,1,0.6363124
H_recording,1,val,1209229,0,0.5959909
H_recording,1,val,1209908,0,0.4375701
H_recording,1,val,1210816,1,0.3850689
H_recording,1,val,1212290,1,0.7525459
H_recording,1,val,1212738,1,0.9957514
H_recording,1,val,1213667,0,0.19580913
H_recording,1,val,1213716,1,0.88738793
H_recording,1,val,1213978,0,0.15545261
H_recording,1,val,1214063,1,0.5207735
H_recording,1,val,1214597,1,0.24362022
H_recording,1,val,1215070,1,0.21281016
H_recording,1,val,1215132,0,-0.046210587
H_recording,1,val,1215420,1,0.41433477
H_recording,1,val,1215921,1,0.44911683
H_recording,1,val,1216025,0,0.5062439
H_recording,1,val,1216145,0,0.78201467
H_recording,1,val,1216188,0,0.5818621
H_recording,1,val,1216704,1,0.8316469
H_recording,1,val,1216841,0,0.8683865
H_recording,1,val,1216904,0,0.14942503
H_recording,1,val,1217573,1,0.47427648
H_recording,1,val,1217635,1,0.8451034
H_recording,1,val,1217948,1,0.68643695
H_recording,1,val,1218059,1,0.9074789
H_recording,1,val,1218235,1,0.930137
H_recording,1,val,1218421,1,0.52215225
H_recording,1,val,1218554,1,1.0710685
H_recording,1,val,1218726,1,1.1583267
H_recording,1,val,1219254,0,-0.09932572
H_recording,1,val,1219802,1,1.0739777
H_recording,1,val,1219877,1,0.6341985
H_recording,1,val,1219890,1,0.8634964
H_recording,1,val,1219897,1,0.7169976
H_recording,1,val,1219949,0,0.49398416
H_recording,1,val,1220037,1,0.37475634
H_recording,1,val,1220386,0,0.30391008
H_recording,1,val,1220475,0,0.30304155
H_recording,1,val,1220832,0,0.5400052
H_recording,1,val,1221118,0,1.0061786
H_recording,1,val,1221764,1,1.0604069
H_recording,1,val,1222028,1,0.65967613
H_recording,1,val,1223017,1,0.4681344
H_recording,1,val,1223383,1,1.0988098
H_recording,1,val,1224353,0,0.48915464
H_recording,1,val,1224371,1,0.43134195
H_recording,1,val,1224500,1,0.697224
H_recording,1,val,1225046,0,0.48672125
H_recording,1,val,1225309,1,1.045891
H_recording,1,val,1225334,0,0.48320743
H_recording,1,val,1225388,0,0.42168587
H_recording,1,val,1225500,0,0.5461605
H_recording,1,val,1225758,1,0.8033969
H_recording,1,val,1226509,1,0.47861195
H_recording,1,val,1227545,1,0.76364243
H_recording,1,val,1227597,0,0.45230404
H_recording,1,val,1227765,1,1.0861425
H_recording,1,val,1227804,0,0.7639877
H_recording,1,val,1228018,1,0.397503
H_recording,1,val,1228461,1,1.0122819
H_recording,1,val,1229605,0,0.5136422
H_recording,1,val,1229991,0,1.1165358
H_recording,1,val,1230721,1,0.6226619
H_recording,1,val,1230968,1,0.8263776
H_recording,1,val,1231044,1,0.6054091
H_recording,1,val,1231253,0,0.6364752
H_recording,1,val,1231339,0,0.45825
H_recording,1,val,1231343,1,1.0593069
H_recording,1,val,1231928,1,1.2748443
H_recording,1,val,1232006,1,0.62103105
H_recording,1,val,1232033,0,0.22949815
H_recording,1,val,1232296,1,0.49827784
H_recording,1,val,1233154,1,0.837519
H_recording,1,val,1233203,1,0.83568406
H_recording,1,val,1233369,0,0.17536792
H_recording,1,val,1233621,0,0.48977405
H_recording,1,val,1233632,1,0.58147174
H_recording,1,val,1234472,1,0.7053737
H_recording,1,val,1234672,0,0.26389363
H_recording,1,val,1234804,1,0.9635078
H_recording,1,val,1235172,0,0.5515406
H_recording,1,val,1235777,1,0.5874398
H_recording,1,val,1235863,1,0.45486003
H_recording,1,val,1235882,0,0.278325
H_recording,1,val,1236187,0,0.536197
H_recording,1,val,1237352,1,0.61256474
H_recording,1,val,1237367,1,0.544445
H_recording,1,val,1237861,0,0.3958364
H_recording,1,val,1237964,0,0.23372474
H_recording,1,val,1238200,1,1.0363845
H_recording,1,val,1238203,1,0.9104552
H_recording,1,val,1238287,0,0.4881603
H_recording,1,val,1238298,1,0.6431528
H_recording,1,val,1238523,1,1.13119
H_recording,1,val,1238594,0,0.28657597
H_recording,1,val,1238864,1,0.7018376
H_recording,1,val,1238917,0,0.3870405
H_recording,1,val,1239127,0,0.86461633
H_recording,1,val,1239377,1,0.6685203
H_recording,1,val,1239474,1,0.66130453
H_recording,1,val,1239881,1,0.83946073
H_recording,1,val,1240209,1,0.90036434
H_recording,1,val,1240705,1,0.63695604
H_recording,1,val,1240951,0,0.32763994
H_recording,1,val,1241625,0,0.3782943
H_recording,1,val,1242009,1,0.6081461
H_recording,1,val,1242135,0,0.44770405
H_recording,1,val,1242264,0,0.7108714
H_recording,1,val,1242338,1,0.96701384
H_recording,1,val,1242381,0,0.8642514
H_recording,1,val,1242501,1,0.92023474
H_recording,1,val,1242645,0,0.6363519
H_recording,1,val,1242725,1,0.52908605
H_recording,1,val,1242755,0,0.70904785
H_recording,1,val,1242835,1,1.0216995
H_recording,1,val,1243045,0,0.007930338
H_recording,1,val,1243514,1,1.5073614
H_recording,1,val,1243838,0,0.8058093
H_recording,1,val,1243993,0,0.4710574
H_recording,1,val,1244606,1,0.7889959
H_recording,1,val,1246490,1,1.2336195
H_recording,1,val,1246508,0,0.0664382
H_recording,1,test,1922,1,0.13837934
H_recording,1,test,12246,1,0.7401986
H_recording,1,test,16787,0,0.77602386
H_recording,1,test,19126,1,0.9355034
H_recording,1,test,34428,0,0.090028465
H_recording,1,test,42331,1,0.80679744
H_recording,1,test,44366,1,0.87470376
H_recording,1,test,47250,1,0.7767659
H_recording,1,test,48545,0,0.4972927
H_recording,1,test,54142,1,0.72825754
H_recording,1,test,61752,1,0.77307475
H_recording,1,test,62606,1,0.15162846
H_recording,1,test,66226,1,0.7745117
H_recording,1,test,66381,1,1.2999771
H_recording,1,test,68648,0,0.9515859
H_recording,1,test,70147,0,0.81501275
H_recording,1,test,72035,0,0.91308796
H_recording,1,test,73899,1,1.0425266
H_recording,1,test,88483,1,0.7078552
H_recording,1,test,96757,1,0.5166532
H_recording,1,test,97998,0,-0.01585406
H_recording,1,test,102708,1,0.7627029
H_recording,1,test,105271,1,0.7346885
H_recording,1,test,114318,1,0.49511072
H_recording,1,test,120088,1,0.73860174
H_recording,1,test,127579,0,-0.2032724
H_recording,1,test,129407,1,0.55256075
H_recording,1,test,131155,1,0.120173335
H_recording,1,test,136645,1,0.7641439
H_recording,1,test,139145,1,0.8860141
H_recording,1,test,141620,1,1.0896835
H_recording,1,test,147228,1,0.69740295
H_recording,1,test,156299,1,1.0899103
H_recording,1,test,156996,1,0.8684012
H_recording,1,test,157449,1,0.96538574
H_recording,1,test,157463,1,0.46124974
H_recording,1,test,161593,1,1.113127
H_recording,1,test,163659,1,0.36352506
H_recording,1,test,167183,1,0.6822178
H_recording,1,test,169457,0,0.268971
H_recording,1,test,171896,1,0.44154066
H_recording,1,test,172578,1,1.1511583
H_recording,1,test,181466,0,0.7269745
H_recording,1,test,184874,1,0.91514313
H_recording,1,test,186379,1,0.893959
H_recording,1,test,190049,1,0.45793897
H_recording,1,test,190176,0,0.8692396
H_recording,1,test,190187,0,0.8414798
H_recording,1,test,191335,0,0.4076857
H_recording,1,test,200131,1,0.7549991
H_recording,1,test,200858,1,0.27167663
H_recording,1,test,203461,1,0.57773185
H_recording,1,test,208652,1,0.57674354
H_recording,1,test,216287,0,0.40633374
H_recording,1,test,218529,1,0.85748696
H_recording,1,test,223651,1,0.31521022
H_recording,1,test,228543,1,0.73556393
H_recording,1,test,238407,0,0.24659419
H_recording,1,test,258335,0,0.39651304
H_recording,1,test,278134,1,0.80276597
H_recording,1,test,278836,1,0.711698
H_recording,1,test,280705,0,0.40837726
H_recording,1,test,284088,0,0.32470712
H_recording,1,test,290944,0,0.13637537
H_recording,1,test,293205,0,0.570199
H_recording,1,test,295284,0,0.8372301
H_recording,1,test,298058,1,0.7042968
H_recording,1,test,312434,1,0.73637277
H_recording,1,test,312810,1,1.1322008
H_recording,1,test,318640,1,0.9704853
H_recording,1,test,319549,1,0.7241108
H_recording,1,test,320867,1,0.643034
H_recording,1,test,321989,1,1.0383515
H_recording,1,test,323320,0,0.21318257
H_recording,1,test,323939,0,0.31187636
H_recording,1,test,335240,0,0.076235294
H_recording,1,test,335955,1,0.3847081
H_recording,1,test,338312,1,0.18474245
H_recording,1,test,348589,1,1.0782973
H_recording,1,test,351101,1,0.54655707
H_recording,1,test,353336,1,0.38957816
H_recording,1,test,358239,1,0.7057937
H_recording,1,test,360745,1,0.7081557
H_recording,1,test,374203,0,0.28558296
H_recording,1,test,375294,1,0.8128869
H_recording,1,test,380225,1,0.7880192
H_recording,1,test,402720,1,0.87881505
H_recording,1,test,405843,1,1.0398899
H_recording,1,test,408105,0,0.45854852
H_recording,1,test,419138,0,0.3478487
H_recording,1,test,433303,1,0.7637279
H_recording,1,test,433686,1,0.52857906
H_recording,1,test,442797,1,0.83758557
H_recording,1,test,443207,1,0.68979156
H_recording,1,test,443610,0,0.5671241
H_recording,1,test,444203,0,0.113266826
H_recording,1,test,445545,1,0.77904123
H_recording,1,test,450155,1,1.1413022
H_recording,1,test,451844,1,0.9698371
H_recording,1,test,460422,1,0.38200283
H_recording,1,test,460580,1,0.54644245
H_recording,1,test,461946,1,0.6161438
H_recording,1,test,463375,1,0.74515265
H_recording,1,test,465489,0,0.46315855
H_recording,1,test,466437,1,1.032793
H_recording,1,test,468086,1,0.9007586
H_recording,1,test,468548,1,0.66609734
H_recording,1,test,474601,1,0.8329079
H_recording,1,test,477779,1,0.91424143
H_recording,1,test,479811,0,0.6542295
H_recording,1,test,480021,0,0.9539038
H_recording,1,test,480598,1,0.7312194
H_recording,1,test,484238,1,0.758741
H_recording,1,test,486892,0,0.65335417
H_recording,1,test,488934,0,0.30849412
H_recording,1,test,498363,1,0.8000369
H_recording,1,test,507011,1,0.6261175
H_recording,1,test,510372,1,0.9362906
H_recording,1,test,511018,0,0.38223153
H_recording,1,test,512053,1,0.7406
H_recording,1,test,517848,1,0.9998404
H_recording,1,test,520621,1,0.60535765
H_recording,1,test,525300,1,0.63742805
H_recording,1,test,532533,1,0.7103479
H_recording,1,test,537472,1,0.5017284
H_recording,1,test,544153,1,0.78287756
H_recording,1,test,544425,0,0.2558493
H_recording,1,test,544864,1,0.8200638
H_recording,1,test,550892,1,0.8756994
H_recording,1,test,552901,1,0.8826932
H_recording,1,test,554960,0,0.2715287
H_recording,1,test,555492,0,0.23807114
H_recording,1,test,559178,1,0.79305834
H_recording,1,test,566285,1,1.0611992
H_recording,1,test,567847,1,0.8648505
H_recording,1,test,569789,0,0.015780032
H_recording,1,test,573425,1,0.7051229
H_recording,1,test,586109,0,0.623224
H_recording,1,test,589139,1,0.8806703
H_recording,1,test,592431,1,0.96929747
H_recording,1,test,592548,0,0.37787545
H_recording,1,test,595609,1,0.67480105
H_recording,1,test,599396,0,0.23892564
H_recording,1,test,618335,1,0.7919099
H_recording,1,test,619649,1,0.7262213
H_recording,1,test,624010,0,0.28923616
H_recording,1,test,624692,1,0.692608
H_recording,1,test,627036,1,0.771902
H_recording,1,test,629729,1,0.78771603
H_recording,1,test,644299,1,0.9230743
H_recording,1,test,644744,1,1.0747771
H_recording,1,test,649217,1,0.53311634
H_recording,1,test,649863,1,0.7476042
H_recording,1,test,655410,1,0.57394224
H_recording,1,test,660061,1,0.26274148
H_recording,1,test,661193,0,0.4393254
H_recording,1,test,672172,1,0.6253468
H_recording,1,test,675660,0,0.03139496
H_recording,1,test,675907,0,0.49078584
H_recording,1,test,678681,1,0.5539384
H_recording,1,test,683148,1,0.7687579
H_recording,1,test,687290,0,0.44567108
H_recording,1,test,690734,0,0.058305204
H_recording,1,test,697961,1,0.82018113
H_recording,1,test,698579,1,1.0021206
H_recording,1,test,700550,1,0.826446
H_recording,1,test,704059,0,0.58834213
H_recording,1,test,709192,0,0.13135087
H_recording,1,test,711782,1,0.836439
H_recording,1,test,718140,0,0.5123161
H_recording,1,test,718508,1,0.73002285
H_recording,1,test,719050,0,0.24326289
H_recording,1,test,725470,0,0.30404305
H_recording,1,test,726612,1,0.86620545
H_recording,1,test,727266,1,0.42567956
H_recording,1,test,738172,0,0.44990453
H_recording,1,test,742847,0,0.5217909
H_recording,1,test,747710,0,0.79428893
H_recording,1,test,750827,0,0.43624038
H_recording,1,test,750881,0,0.38147622
H_recording,1,test,752967,1,1.0845083
H_recording,1,test,754586,1,0.65033746
H_recording,1,test,755156,1,1.0154736
H_recording,1,test,755294,1,0.74030393
H_recording,1,test,760561,0,0.46038145
H_recording,1,test,765027,1,0.33760658
H_recording,1,test,765473,1,0.7046375
H_recording,1,test,765954,0,0.061365306
H_recording,1,test,774678,1,0.58945775
H_recording,1,test,777118,1,0.8756992
H_recording,1,test,779240,0,0.7370662
H_recording,1,test,781445,0,0.18195567
H_recording,1,test,789824,0,0.1286611
H_recording,1,test,806762,0,0.22010908
H_recording,1,test,809238,0,1.0335575
H_recording,1,test,822633,1,0.46833384
H_recording,1,test,825913,1,0.8520305
H_recording,1,test,828057,0,0.23252666
H_recording,1,test,829142,1,0.9329428
H_recording,1,test,829697,0,0.4955666
H_recording,1,test,834515,0,0.6549244
H_recording,1,test,835833,1,0.76596946
H_recording,1,test,836571,0,0.25457302
H_recording,1,test,841534,0,0.43534026
H_recording,1,test,847036,1,0.8927542
H_recording,1,test,848723,1,0.61833435
H_recording,1,test,851816,0,0.22141483
H_recording,1,test,854069,1,0.60066575
H_recording,1,test,856302,0,0.5307561
H_recording,1,test,859236,0,0.37492013
H_recording,1,test,866895,0,0.53089845
H_recording,1,test,867398,0,0.32693025
H_recording,1,test,868318,0,0.47073483
H_recording,1,test,875038,1,1.290832
H_recording,1,test,877486,1,0.29192352
H_recording,1,test,880466,1,0.7864522
H_recording,1,test,889657,1,0.7678013
H_recording,1,test,894409,1,0.46281636
H_recording,1,test,899067,0,0.49318585
H_recording,1,test,900762,1,0.7333474
H_recording,1,test,941626,1,0.3340122
H_recording,1,test,943672,1,1.0495932
H_recording,1,test,947197,1,0.5261372
H_recording,1,test,951465,0,0.77714384
H_recording,1,test,951654,0,0.49566203
H_recording,1,test,952219,0,0.4825964
H_recording,1,test,954440,1,0.5660843
H_recording,1,test,955669,0,0.2919576
H_recording,1,test,956387,1,0.25699526
H_recording,1,test,961563,0,0.24095672
H_recording,1,test,961819,0,0.11473018
H_recording,1,test,962660,1,0.28032458
H_recording,1,test,963985,1,0.92375076
H_recording,1,test,964462,0,0.47248092
H_recording,1,test,970464,1,0.93366313
H_recording,1,test,972111,0,0.3474698
H_recording,1,test,979369,1,0.87534803
H_recording,1,test,979917,1,0.50341177
H_recording,1,test,979941,0,0.40775478
H_recording,1,test,980697,0,0.64448285
H_recording,1,test,982817,0,0.1292333
H_recording,1,test,984065,0,0.088385165
H_recording,1,test,986074,1,0.8299372
H_recording,1,test,986844,1,0.49673006
H_recording,1,test,987078,1,0.34457973
H_recording,1,test,987267,1,0.7586911
H_recording,1,test,989755,1,0.9492905
H_recording,1,test,991790,1,0.9448906
H_recording,1,test,993602,1,0.65600836
H_recording,1,test,994160,1,1.0131224
H_recording,1,test,1002373,1,0.93721634
H_recording,1,test,1005171,1,0.9910649
H_recording,1,test,1006489,0,0.5902978
H_recording,1,test,1008354,0,0.65336835
H_recording,1,test,1009347,1,0.5840922
H_recording,1,test,1020322,0,0.49388593
H_recording,1,test,1029192,1,1.1112858
H_recording,1,test,1029373,1,0.96707654
H_recording,1,test,1030940,1,0.43437666
H_recording,1,test,1046104,0,0.6901939
H_recording,1,test,1051850,0,0.5513
H_recording,1,test,1054838,0,0.8425212
H_recording,1,test,1064446,1,1.5707667
H_recording,1,test,1065288,0,0.81642365
H_recording,1,test,1066534,1,0.58869773
H_recording,1,test,1067406,1,0.5394189
H_recording,1,test,1069689,1,0.7859186
H_recording,1,test,1070472,0,0.42135042
H_recording,1,test,1073839,0,0.3404792
H_recording,1,test,1074094,1,0.56465816
H_recording,1,test,1074306,1,0.59432155
H_recording,1,test,1074427,1,0.66474086
H_recording,1,test,1074527,1,0.6261038
H_recording,1,test,1074753,0,0.529944
H_recording,1,test,1075557,1,0.98749167
H_recording,1,test,1075699,1,0.49273142
H_recording,1,test,1077703,1,0.5998843
H_recording,1,test,1078392,1,0.29926386
H_recording,1,test,1078893,0,0.48019955
H_recording,1,test,1079527,1,0.62764484
H_recording,1,test,1080214,1,0.6265768
H_recording,1,test,1080366,1,0.6930562
H_recording,1,test,1080979,1,0.61853844
H_recording,1,test,1081798,0,0.3333695
H_recording,1,test,1082641,0,-0.054053903
H_recording,1,test,1082739,1,0.73068947
H_recording,1,test,1084185,0,0.4877783
H_recording,1,test,1084364,1,0.6819551
H_recording,1,test,1084497,1,0.5242001
H_recording,1,test,1085496,1,1.0577193
H_recording,1,test,1085579,1,0.64993566
H_recording,1,test,1085896,1,1.172574
H_recording,1,test,1086657,1,0.9200779
H_recording,1,test,1086770,1,0.8787037
H_recording,1,test,1086991,0,0.34317607
H_recording,1,test,1087295,1,0.6001474
H_recording,1,test,1089310,0,0.7360638
H_recording,1,test,1090388,1,0.78186166
H_recording,1,test,1090438,1,1.0423708
H_recording,1,test,1091071,1,1.1247633
H_recording,1,test,1091585,0,0.22747889
H_recording,1,test,1092068,0,0.35966286
H_recording,1,test,1093139,0,0.7806438
H_recording,1,test,1093401,1,0.75665987
H_recording,1,test,1094060,1,1.0262722
H_recording,1,test,1094259,1,0.47776628
H_recording,1,test,1096111,1,0.9186543
H_recording,1,test,1096858,1,0.9814832
H_recording,1,test,1097215,1,0.32339528
H_recording,1,test,1097324,1,0.80680436
H_recording,1,test,1099078,1,0.54934067
H_recording,1,test,1100516,0,0.52949023
H_recording,1,test,1100923,1,0.65709317
H_recording,1,test,1103063,0,0.60190123
H_recording,1,test,1104405,1,0.6976719
H_recording,1,test,1104599,1,0.7762339
H_recording,1,test,1104649,1,0.81585205
H_recording,1,test,1105176,1,0.60670155
H_recording,1,test,1105837,1,0.5352536
H_recording,1,test,1105913,1,0.8268962
H_recording,1,test,1105922,1,0.97691715
H_recording,1,test,1106300,1,0.5977786
H_recording,1,test,1107147,1,0.81286806
H_recording,1,test,1107631,1,1.1202341
H_recording,1,test,1109275,1,0.77766716
H_recording,1,test,1109329,1,0.9311826
H_recording,1,test,1109526,1,0.72676474
H_recording,1,test,1109829,1,0.969507
H_recording,1,test,1111153,0,0.48706594
H_recording,1,test,1111157,0,0.8137679
H_recording,1,test,1111471,1,0.7515843
H_recording,1,test,1112111,1,0.81223
H_recording,1,test,1113214,0,0.54360205
H_recording,1,test,1115227,1,0.6249717
H_recording,1,test,1115322,1,0.9112431
H_recording,1,test,1115713,1,0.8437439
H_recording,1,test,1117370,1,1.1461347
H_recording,1,test,1117921,1,0.8998008
H_recording,1,test,1117975,1,1.0848558
H_recording,1,test,1118291,0,0.39134896
H_recording,1,test,1118436,1,0.9394449
H_recording,1,test,1118652,0,0.23051989
H_recording,1,test,1119012,1,0.5264496
H_recording,1,test,1119591,1,1.0865681
H_recording,1,test,1119652,1,0.79978085
H_recording,1,test,1119930,1,0.8867317
H_recording,1,test,1120326,1,0.3098732
H_recording,1,test,1120775,1,0.5885298
H_recording,1,test,1120955,0,0.42305863
H_recording,1,test,1121493,0,0.45821095
H_recording,1,test,1121705,1,1.5667858
H_recording,1,test,1121926,1,0.7864961
H_recording,1,test,1122956,1,0.706565
H_recording,1,test,1122990,1,0.722962
H_recording,1,test,1123350,1,0.7688644
H_recording,1,test,1123551,0,0.35334638
H_recording,1,test,1124329,1,0.8720875
H_recording,1,test,1124330,0,0.6646759
H_recording,1,test,1124561,0,0.3575269
H_recording,1,test,1125348,0,0.18834043
H_recording,1,test,1125785,1,0.6745889
H_recording,1,test,1126146,0,0.2032327
H_recording,1,test,1126656,0,0.20913738
H_recording,1,test,1127029,0,0.62008846
H_recording,1,test,1127560,1,1.1804566
H_recording,1,test,1129053,1,0.42115563
H_recording,1,test,1129961,0,0.3703261
H_recording,1,test,1130161,1,0.25386047
H_recording,1,test,1131297,0,0.9097986
H_recording,1,test,1131833,1,0.5683798
H_recording,1,test,1134339,0,0.10896534
H_recording,1,test,1134855,0,0.30687293
H_recording,1,test,1134927,1,0.6506914
H_recording,1,test,1135587,1,1.1393692
H_recording,1,test,1135796,1,0.9380244
H_recording,1,test,1136524,0,0.30905777
H_recording,1,test,1136946,0,0.32796937
H_recording,1,test,1137506,0,0.37886968
H_recording,1,test,1137818,1,0.7461319
H_recording,1,test,1138108,1,0.91349506
H_recording,1,test,1139233,1,1.2605135
H_recording,1,test,1139249,1,0.5690125
H_recording,1,test,1139409,1,0.746548
H_recording,1,test,1139795,0,-0.04012698
H_recording,1,test,1142126,0,0.3154623
H_recording,1,test,1142643,1,0.52634245
H_recording,1,test,1142753,1,0.7123531
H_recording,1,test,1143415,1,0.78547627
H_recording,1,test,1143550,1,0.9189235
H_recording,1,test,1144210,1,0.8460906
H_recording,1,test,1144260,0,0.55071956
H_recording,1,test,1144465,1,0.8607173
H_recording,1,test,1144580,1,0.57606435
H_recording,1,test,1144621,1,0.29720345
H_recording,1,test,1144651,1,0.42772055
H_recording,1,test,1145207,0,0.4878424
H_recording,1,test,1145385,0,0.5202968
H_recording,1,test,1146057,0,0.15908763
H_recording,1,test,1146108,0,0.3398591
H_recording,1,test,1146318,1,0.6126356
H_recording,1,test,1146323,0,0.3680208
H_recording,1,test,1146529,1,1.2418876
H_recording,1,test,1146584,1,0.6978486
H_recording,1,test,1146771,0,0.3245846
H_recording,1,test,1146854,1,0.69564515
H_recording,1,test,1147012,0,0.275845
H_recording,1,test,1147189,1,0.5883759
H_recording,1,test,1148157,1,0.7344933
H_recording,1,test,1148437,0,0.6821673
H_recording,1,test,1150400,1,0.46738172
H_recording,1,test,1151387,0,0.54575455
H_recording,1,test,1151422,1,1.0433419
H_recording,1,test,1151627,1,0.54302764
H_recording,1,test,1151789,1,0.8110426
H_recording,1,test,1152038,1,0.51080734
H_recording,1,test,1152061,1,0.5203794
H_recording,1,test,1152979,1,0.4452852
H_recording,1,test,1153702,0,0.48927194
H_recording,1,test,1153881,0,0.49703747
H_recording,1,test,1154576,1,0.4679575
H_recording,1,test,1155404,0,0.6288476
H_recording,1,test,1155554,1,0.6878581
H_recording,1,test,1155802,1,0.7581918
H_recording,1,test,1157101,1,0.7522869
H_recording,1,test,1157237,1,1.0108277
H_recording,1,test,1157440,0,0.5669338
H_recording,1,test,1158961,1,1.0836422
H_recording,1,test,1206308,0,0.5646283
H_recording,1,test,1206667,0,0.916
H_recording,1,test,1206997,1,1.0463402
H_recording,1,test,1207140,1,0.75297266
H_recording,1,test,1207980,1,0.688633
H_recording,1,test,1208561,1,0.8780931
H_recording,1,test,1209776,0,0.61502296
H_recording,1,test,1209958,1,0.2447069
H_recording,1,test,1210100,0,0.023216844
H_recording,1,test,1210485,1,0.71696377
H_recording,1,test,1210786,0,0.13091952
H_recording,1,test,1211029,1,0.9161048
H_recording,1,test,1211042,1,0.6828222
H_recording,1,test,1211177,1,0.64805007
H_recording,1,test,1211297,1,0.6720789
H_recording,1,test,1211505,1,0.59185296
H_recording,1,test,1211778,0,0.20294878
H_recording,1,test,1212217,1,0.5864399
H_recording,1,test,1212354,0,0.34796435
H_recording,1,test,1212394,1,0.271155
H_recording,1,test,1212451,0,-0.021125019
H_recording,1,test,1212582,1,0.9206408
H_recording,1,test,1213121,1,0.2689364
H_recording,1,test,1213130,1,0.4663274
H_recording,1,test,1213344,1,0.7593289
H_recording,1,test,1213929,1,0.7106329
H_recording,1,test,1213974,0,0.43312752
H_recording,1,test,1214144,0,0.6077321
H_recording,1,test,1215381,0,0.61352104
H_recording,1,test,1215388,0,0.33725432
H_recording,1,test,1215586,0,0.4848335
H_recording,1,test,1216036,1,0.6166849
H_recording,1,test,1216045,1,0.6489243
H_recording,1,test,1216223,1,0.58146
H_recording,1,test,1216691,1,0.86485934
H_recording,1,test,1216776,1,0.5413011
H_recording,1,test,1217051,1,0.91905284
H_recording,1,test,1217243,1,0.66711104
H_recording,1,test,1217708,0,0.2951345
H_recording,1,test,1217769,1,0.47699243
H_recording,1,test,1218062,1,0.77825576
H_recording,1,test,1218110,0,0.4900587
H_recording,1,test,1219634,1,0.7284945
H_recording,1,test,1219898,1,0.83944154
H_recording,1,test,1219958,0,0.42134053
H_recording,1,test,1220095,0,0.54638773
H_recording,1,test,1220226,0,0.4558879
H_recording,1,test,1220507,0,0.6711484
H_recording,1,test,1220572,0,0.5034291
H_recording,1,test,1220694,1,1.059082
H_recording,1,test,1221019,0,0.39758927
H_recording,1,test,1221892,1,0.6746878
H_recording,1,test,1222069,1,0.8746354
H_recording,1,test,1222110,1,0.5622462
H_recording,1,test,1222424,1,0.5860612
H_recording,1,test,1222589,1,0.8522594
H_recording,1,test,1222850,1,0.63682914
H_recording,1,test,1223193,0,0.66716784
H_recording,1,test,1223272,1,0.65588427
H_recording,1,test,1223289,0,0.6333194
H_recording,1,test,1223754,0,0.7551817
H_recording,1,test,1224109,0,0.37084547
H_recording,1,test,1224306,1,0.6430875
H_recording,1,test,1224683,1,0.7172895
H_recording,1,test,1224968,1,0.7320119
H_recording,1,test,1225050,0,0.20626289
H_recording,1,test,1225262,1,0.31629694
H_recording,1,test,1225323,1,0.60583633
H_recording,1,test,1225648,0,0.3493345
H_recording,1,test,1225672,1,0.61151713
H_recording,1,test,1225716,0,0.5398172
H_recording,1,test,1225945,0,0.04258871
H_recording,1,test,1226065,1,0.75243616
H_recording,1,test,1226588,1,0.99612343
H_recording,1,test,1226641,1,1.2271552
H_recording,1,test,1226825,1,0.33662838
H_recording,1,test,1226937,0,0.40334904
H_recording,1,test,1227061,1,0.671428
H_recording,1,test,1227106,1,0.7096243
H_recording,1,test,1227138,0,0.24853975
H_recording,1,test,1227504,1,0.4491084
H_recording,1,test,1228528,0,0.27320606
H_recording,1,test,1228888,1,0.40203196
H_recording,1,test,1229368,0,0.48981237
H_recording,1,test,1229574,0,0.14216396
H_recording,1,test,1229725,1,1.4756457
H_recording,1,test,1229860,1,0.8767437
H_recording,1,test,1230265,1,0.8056112
H_recording,1,test,1230408,1,0.65883654
H_recording,1,test,1230712,0,0.6360511
H_recording,1,test,1230724,1,0.48069018
H_recording,1,test,1230855,0,0.2489126
H_recording,1,test,1230993,0,0.33941618
H_recording,1,test,1231114,1,1.0991905
H_recording,1,test,1231841,0,0.53176236
H_recording,1,test,1232099,0,0.7366636
H_recording,1,test,1232676,1,0.76777375
H_recording,1,test,1233791,1,0.6282756
H_recording,1,test,1233962,0,0.42668456
H_recording,1,test,1233970,1,0.5749718
H_recording,1,test,1234219,1,0.5060573
H_recording,1,test,1234306,1,0.26456258
H_recording,1,test,1234549,0,0.35726485
H_recording,1,test,1234553,0,0.33016586
H_recording,1,test,1235265,1,0.7125813
H_recording,1,test,1235275,0,0.17186028
H_recording,1,test,1235336,1,0.649543
H_recording,1,test,1236071,1,0.6016315
H_recording,1,test,1236410,0,0.07394123
H_recording,1,test,1236418,1,0.7792262
H_recording,1,test,1236759,1,1.0298154
H_recording,1,test,1236938,1,0.42635313
H_recording,1,test,1237075,0,0.06976539
H_recording,1,test,1237241,1,0.53996223
H_recording,1,test,1237496,1,1.018611
H_recording,1,test,1237716,0,0.26751068
H_recording,1,test,1237793,1,0.5134295
H_recording,1,test,1238174,1,0.46021017
H_recording,1,test,1238215,1,0.86057687
H_recording,1,test,1238443,0,0.29768968
H_recording,1,test,1238550,1,1.0316426
H_recording,1,test,1238574,0,0.12687558
H_recording,1,test,1238865,1,0.59313786
H_recording,1,test,1238923,0,0.6770741
H_recording,1,test,1239038,0,0.39045912
H_recording,1,test,1239693,0,0.6022568
H_recording,1,test,1239772,0,0.20487016
H_recording,1,test,1239841,1,0.6690264
H_recording,1,test,1239988,0,0.4061609
H_recording,1,test,1240378,1,0.68633795
H_recording,1,test,1240423,1,0.5798477
H_recording,1,test,1240598,1,0.7425585
H_recording,1,test,1241453,0,0.6037565
H_recording,1,test,1241862,1,0.84880817
H_recording,1,test,1242372,1,0.4841356
H_recording,1,test,1242535,1,0.9724226
H_recording,1,test,1242667,0,0.5097186
H_recording,1,test,1242811,0,0.45160434
H_recording,1,test,1242831,0,0.3461998
H_recording,1,test,1243018,1,0.5241523
H_recording,1,test,1243083,0,0.7757054
H_recording,1,test,1243802,0,0.67653406
H_recording,1,test,1243942,1,1.0834875
H_recording,1,test,1243992,1,0.51080763
H_recording,1,test,1244831,1,0.6089993
H_recording,1,test,1245228,0,0.20562595
M_static,2,val,12246,1,0.5157522
M_static,2,val,15488,1,0.61369425
M_static,2,val,16787,0,0.6629849
M_static,2,val,20993,1,0.6179915
M_static,2,val,28836,1,0.6868191
M_static,2,val,31619,1,0.65507966
M_static,2,val,32089,0,0.68764323
M_static,2,val,33225,1,0.60013384
M_static,2,val,35136,1,0.6897646
M_static,2,val,38963,1,0.5956347
M_static,2,val,43310,1,0.6491363
M_static,2,val,45419,1,0.63550824
M_static,2,val,62606,1,0.690148
M_static,2,val,64928,1,0.5328381
M_static,2,val,66226,1,0.6907461
M_static,2,val,68648,0,0.6073214
M_static,2,val,86896,0,0.5928675
M_static,2,val,88424,1,0.66626537
M_static,2,val,93202,0,0.62159246
M_static,2,val,95626,1,0.6551871
M_static,2,val,100595,0,0.63678473
M_static,2,val,112715,1,0.59150004
M_static,2,val,116182,1,0.61547995
M_static,2,val,121258,1,0.6009514
M_static,2,val,121744,1,0.6512548
M_static,2,val,123208,1,0.6766543
M_static,2,val,125059,1,0.655108
M_static,2,val,129040,1,0.6637036
M_static,2,val,130832,1,0.5979389
M_static,2,val,139693,0,0.62770975
M_static,2,val,140328,0,0.65163887
M_static,2,val,152430,1,0.6003878
M_static,2,val,154147,1,0.67638886
M_static,2,val,156299,1,0.6288623
M_static,2,val,159617,1,0.64290017
M_static,2,val,162979,1,0.56518316
M_static,2,val,163659,1,0.61250436
M_static,2,val,167183,1,0.48313716
M_static,2,val,169449,1,0.59072125
M_static,2,val,169727,0,0.6919773
M_static,2,val,173162,0,0.65203476
M_static,2,val,175032,0,0.61893713
M_static,2,val,181466,0,0.6831418
M_static,2,val,184874,1,0.6151925
M_static,2,val,186257,0,0.67273164
M_static,2,val,190187,0,0.6069701
M_static,2,val,198213,1,0.6116761
M_static,2,val,202039,0,0.6030296
M_static,2,val,203640,1,0.65013826
M_static,2,val,210361,1,0.6399724
M_static,2,val,216010,1,0.7190865
M_static,2,val,217013,0,0.6121404
M_static,2,val,219309,1,0.6550867
M_static,2,val,226859,0,0.4259923
M_static,2,val,227399,0,0.43064797
M_static,2,val,234696,1,0.61917984
M_static,2,val,245427,1,0.6425328
M_static,2,val,248666,1,0.5807004
M_static,2,val,255374,0,0.616405
M_static,2,val,271883,1,0.5105284
M_static,2,val,274322,1,0.7026632
M_static,2,val,274345,0,0.7179776
M_static,2,val,274563,1,0.6609838
M_static,2,val,277012,1,0.5811411
M_static,2,val,278134,1,0.70606947
M_static,2,val,282212,1,0.4429892
M_static,2,val,285801,1,0.6259008
M_static,2,val,290944,0,0.62077594
M_static,2,val,305034,0,0.5858135
M_static,2,val,306770,0,0.45468754
M_static,2,val,308426,1,0.70250255
M_static,2,val,310464,1,0.5428954
M_static,2,val,310596,0,0.66613024
M_static,2,val,311547,1,0.5518673
M_static,2,val,311717,0,0.6368879
M_static,2,val,312810,1,0.69724095
M_static,2,val,313664,1,0.6089644
M_static,2,val,319549,1,0.6932796
M_static,2,val,324095,1,0.6376901
M_static,2,val,331536,1,0.64358723
M_static,2,val,332529,1,0.7270403
M_static,2,val,337613,1,0.6552004
M_static,2,val,338312,1,0.602724
M_static,2,val,345087,1,0.64649606
M_static,2,val,345832,0,0.7228208
M_static,2,val,348567,1,0.6174025
M_static,2,val,348988,1,0.6928848
M_static,2,val,352441,0,0.678252
M_static,2,val,353886,0,0.63378775
M_static,2,val,355783,0,0.6685527
M_static,2,val,368436,1,0.73973423
M_static,2,val,370843,1,0.6571981
M_static,2,val,383287,0,0.63917047
M_static,2,val,387760,1,0.72906625
M_static,2,val,398520,1,0.65909165
M_static,2,val,400416,0,0.58098847
M_static,2,val,400944,1,0.59922385
M_static,2,val,402364,0,0.7041163
M_static,2,val,409952,1,0.6786507
M_static,2,val,412024,1,0.6604534
M_static,2,val,413554,1,0.58828104
M_static,2,val,419138,0,0.5809899
M_static,2,val,421493,0,0.40633738
M_static,2,val,422674,1,0.6190602
M_static,2,val,431921,0,0.6555379
M_static,2,val,432168,1,0.63334
M_static,2,val,432540,1,0.6483091
M_static,2,val,432906,1,0.57115525
M_static,2,val,435436,0,0.60766226
M_static,2,val,445545,1,0.6154244
M_static,2,val,448027,0,0.6364733
M_static,2,val,450155,1,0.8499014
M_static,2,val,451844,1,0.71182007
M_static,2,val,463298,1,0.6111356
M_static,2,val,465401,1,0.65179634
M_static,2,val,467821,0,0.5882172
M_static,2,val,468086,1,0.64234656
M_static,2,val,470865,1,0.611046
M_static,2,val,477981,1,0.57780993
M_static,2,val,482448,0,0.6394417
M_static,2,val,486901,0,0.6589464
M_static,2,val,487515,1,0.6800268
M_static,2,val,490818,1,0.7269671
M_static,2,val,490962,1,0.59715456
M_static,2,val,493534,0,0.5927324
M_static,2,val,506609,1,0.6552907
M_static,2,val,508572,1,0.6415233
M_static,2,val,513568,0,0.6374291
M_static,2,val,518232,1,0.5346736
M_static,2,val,518961,1,0.69874173
M_static,2,val,520017,0,0.6269264
M_static,2,val,526518,0,0.5781878
M_static,2,val,528647,1,0.6566337
M_static,2,val,531193,0,0.6624613
M_static,2,val,531462,1,0.6493636
M_static,2,val,532148,1,0.6230226
M_static,2,val,535178,1,0.6923188
M_static,2,val,541544,1,0.5699308
M_static,2,val,544153,1,0.4980656
M_static,2,val,545205,0,0.45599613
M_static,2,val,547533,1,0.5279503
M_static,2,val,556177,0,0.6571551
M_static,2,val,563033,0,0.62322634
M_static,2,val,570135,0,0.6793137
M_static,2,val,573425,1,0.55880827
M_static,2,val,578084,0,0.6593956
M_static,2,val,578406,1,0.6249714
M_static,2,val,580750,0,0.6699185
M_static,2,val,581298,1,0.59758854
M_static,2,val,585465,1,0.69032454
M_static,2,val,589139,1,0.6574498
M_static,2,val,593504,1,0.63529265
M_static,2,val,597579,1,0.84747124
M_static,2,val,598821,0,0.581906
M_static,2,val,612720,1,0.669793
M_static,2,val,615119,1,0.70031977
M_static,2,val,619649,1,0.58651453
M_static,2,val,620975,1,0.6785143
M_static,2,val,624977,0,0.70872056
M_static,2,val,627036,1,0.5903662
M_static,2,val,629729,1,0.69174767
M_static,2,val,644744,1,0.73001826
M_static,2,val,651309,0,0.6138826
M_static,2,val,653987,0,0.6254402
M_static,2,val,657533,1,0.69078124
M_static,2,val,660061,1,0.61380535
M_static,2,val,660533,0,0.7005368
M_static,2,val,661193,0,0.71429235
M_static,2,val,673553,1,0.68188584
M_static,2,val,677928,1,0.5855757
M_static,2,val,681205,1,0.64369524
M_static,2,val,681852,1,0.6457838
M_static,2,val,682914,1,0.5949681
M_static,2,val,686482,1,0.658048
M_static,2,val,689380,1,0.63341177
M_static,2,val,690904,1,0.6643661
M_static,2,val,695455,0,0.6228647
M_static,2,val,697961,1,0.607455
M_static,2,val,700550,1,0.6642929
M_static,2,val,704317,0,0.64940995
M_static,2,val,705906,1,0.56423867
M_static,2,val,707482,1,0.6398398
M_static,2,val,707873,1,0.6600083
M_static,2,val,714644,1,0.62947565
M_static,2,val,715113,1,0.62356275
M_static,2,val,718140,0,0.715414
M_static,2,val,719050,0,0.5596595
M_static,2,val,719439,1,0.6135415
M_static,2,val,726126,0,0.58941305
M_static,2,val,726953,0,0.65798086
M_static,2,val,738715,0,0.50006735
M_static,2,val,743380,1,0.6693289
M_static,2,val,744145,0,0.6405761
M_static,2,val,745143,0,0.61860156
M_static,2,val,745489,1,0.52198774
M_static,2,val,746867,0,0.4253565
M_static,2,val,747906,0,0.6256454
M_static,2,val,749268,1,0.6567137
M_static,2,val,752967,1,0.6184993
M_static,2,val,752970,0,0.6221995
M_static,2,val,755914,1,0.6299407
M_static,2,val,757410,0,0.7057255
M_static,2,val,765618,1,0.64367473
M_static,2,val,766763,1,0.6067217
M_static,2,val,767066,1,0.63547045
M_static,2,val,769720,1,0.7357803
M_static,2,val,770052,0,0.5499195
M_static,2,val,803606,1,0.625564
M_static,2,val,804052,1,0.53739256
M_static,2,val,806326,0,0.66659355
M_static,2,val,807529,0,0.64726317
M_static,2,val,813769,0,0.6161084
M_static,2,val,820530,1,0.7030495
M_static,2,val,822633,1,0.60662615
M_static,2,val,827739,0,0.60789686
M_static,2,val,829943,1,0.5672455
M_static,2,val,833210,1,0.6196477
M_static,2,val,834130,0,0.6009731
M_static,2,val,834393,0,0.64022744
M_static,2,val,834446,1,0.5992665
M_static,2,val,835833,1,0.6127905
M_static,2,val,836931,1,0.60525775
M_static,2,val,844104,1,0.7449964
M_static,2,val,848723,1,0.5235073
M_static,2,val,849297,1,0.57079595
M_static,2,val,853842,1,0.62954754
M_static,2,val,857171,1,0.5878045
M_static,2,val,857521,0,0.59692526
M_static,2,val,857621,1,0.6436846
M_static,2,val,859236,0,0.6614438
M_static,2,val,867398,0,0.6325407
M_static,2,val,867481,0,0.6347049
M_static,2,val,868318,0,0.52635914
M_static,2,val,873206,1,0.71601665
M_static,2,val,875241,1,0.5620599
M_static,2,val,876098,1,0.62611115
M_static,2,val,877486,1,0.6746846
M_static,2,val,880466,1,0.583955
M_static,2,val,885222,0,0.6684113
M_static,2,val,898035,1,0.530136
M_static,2,val,899067,0,0.6269429
M_static,2,val,899206,1,0.6110322
M_static,2,val,899668,1,0.5495848
M_static,2,val,903654,1,0.6006107
M_static,2,val,935158,1,0.65392196
M_static,2,val,953310,1,0.60898054
M_static,2,val,953656,0,0.6848169
M_static,2,val,957325,1,0.63176394
M_static,2,val,959771,1,0.6396643
M_static,2,val,960726,0,0.63699466
M_static,2,val,961563,0,0.6200046
M_static,2,val,962643,1,0.6274756
M_static,2,val,963182,1,0.5848313
M_static,2,val,963540,1,0.64780086
M_static,2,val,967064,1,0.5569088
M_static,2,val,972111,0,0.66340464
M_static,2,val,975370,0,0.5389428
M_static,2,val,976220,1,0.64388865
M_static,2,val,978990,0,0.58211756
M_static,2,val,982055,0,0.57086134
M_static,2,val,982477,0,0.5768711
M_static,2,val,982545,1,0.5849156
M_static,2,val,983856,1,0.6015982
M_static,2,val,983916,1,0.6047068
M_static,2,val,985152,1,0.5281374
M_static,2,val,987657,1,0.7598883
M_static,2,val,988590,1,0.82928175
M_static,2,val,989038,1,0.62933296
M_static,2,val,990510,1,0.671494
M_static,2,val,991790,1,0.615876
M_static,2,val,993731,1,0.6648841
M_static,2,val,994160,1,0.67433006
M_static,2,val,994960,0,0.6216608
M_static,2,val,995346,0,0.6122368
M_static,2,val,1000434,1,0.5641439
M_static,2,val,1002373,1,0.58403826
M_static,2,val,1002968,1,0.67699975
M_static,2,val,1005095,1,0.65327644
M_static,2,val,1006489,0,0.6116685
M_static,2,val,1013371,1,0.59795195
M_static,2,val,1021541,1,0.60812855
M_static,2,val,1030940,1,0.56881857
M_static,2,val,1033938,0,0.6595181
M_static,2,val,1036745,1,0.63782555
M_static,2,val,1040848,0,0.63490903
M_static,2,val,1042457,0,0.60165745
M_static,2,val,1048580,1,0.64919794
M_static,2,val,1049886,1,0.67555976
M_static,2,val,1050525,1,0.7043373
M_static,2,val,1056454,1,0.7051923
M_static,2,val,1057961,0,0.6218326
M_static,2,val,1058939,1,0.6509915
M_static,2,val,1058965,1,0.60887897
M_static,2,val,1061023,1,0.6694855
M_static,2,val,1065129,1,0.6559297
M_static,2,val,1068977,0,0.55811214
M_static,2,val,1069003,0,0.6353827
M_static,2,val,1071801,0,0.6344588
M_static,2,val,1073471,1,0.6529291
M_static,2,val,1073751,1,0.5054616
M_static,2,val,1073787,1,0.6369357
M_static,2,val,1074093,1,0.5676609
M_static,2,val,1075990,0,0.67186654
M_static,2,val,1076383,1,0.6327492
M_static,2,val,1077013,1,0.62707126
M_static,2,val,1078392,1,0.69207585
M_static,2,val,1079219,0,0.6291859
M_static,2,val,1079586,0,0.5787796
M_static,2,val,1079656,1,0.6568856
M_static,2,val,1079923,0,0.6106366
M_static,2,val,1080470,1,0.5371159
M_static,2,val,1081738,1,0.63433343
M_static,2,val,1082124,1,0.4155148
M_static,2,val,1084347,0,0.5717545
M_static,2,val,1085496,1,0.6652907
M_static,2,val,1087391,0,0.66155
M_static,2,val,1087667,1,0.58812904
M_static,2,val,1087796,0,0.5920091
M_static,2,val,1088918,1,0.62028044
M_static,2,val,1089436,0,0.59086394
M_static,2,val,1089796,1,0.6047758
M_static,2,val,1090438,1,0.64769244
M_static,2,val,1090543,1,0.6242343
M_static,2,val,1092437,1,0.6638305
M_static,2,val,1092848,1,0.6075355
M_static,2,val,1092889,1,0.511954
M_static,2,val,1092948,1,0.6528038
M_static,2,val,1093743,0,0.49289957
M_static,2,val,1093823,1,0.59691507
M_static,2,val,1094730,0,0.60567325
M_static,2,val,1097465,1,0.64931214
M_static,2,val,1097474,1,0.59111875
M_static,2,val,1098204,1,0.6542132
M_static,2,val,1099234,1,0.62025845
M_static,2,val,1099979,0,0.65053576
M_static,2,val,1101522,0,0.65576327
M_static,2,val,1102276,1,0.6554728
M_static,2,val,1102856,1,0.5722356
M_static,2,val,1103434,0,0.5440768
M_static,2,val,1103891,1,0.4358033
M_static,2,val,1104649,1,0.7517758
M_static,2,val,1105121,0,0.65530443
M_static,2,val,1105241,0,0.46802863
M_static,2,val,1105299,0,0.6359446
M_static,2,val,1105715,1,0.7549418
M_static,2,val,1107359,1,0.7117709
M_static,2,val,1107910,1,0.66865873
M_static,2,val,1109280,1,0.66261274
M_static,2,val,1109782,1,0.66347754
M_static,2,val,1111153,0,0.5701301
M_static,2,val,1111157,0,0.6302464
M_static,2,val,1111426,0,0.6105222
M_static,2,val,1111513,1,0.689454
M_static,2,val,1111920,1,0.6710851
M_static,2,val,1112811,1,0.58479714
M_static,2,val,1113155,0,0.6573043
M_static,2,val,1113398,1,0.6188369
M_static,2,val,1115212,1,0.63573056
M_static,2,val,1115427,1,0.4901835
M_static,2,val,1116007,0,0.49628782
M_static,2,val,1116601,0,0.62262267
M_static,2,val,1116926,1,0.66905326
M_static,2,val,1117576,0,0.6258817
M_static,2,val,1117714,1,0.7588896
M_static,2,val,1117752,1,0.6655769
M_static,2,val,1117975,1,0.65085906
M_static,2,val,1118436,1,0.6718212
M_static,2,val,1118542,0,0.63580024
M_static,2,val,1118849,1,0.6221494
M_static,2,val,1119248,1,0.62952906
M_static,2,val,1119520,0,0.4261807
M_static,2,val,1119526,1,0.6952053
M_static,2,val,1119652,1,0.62152964
M_static,2,val,1119666,1,0.6896958
M_static,2,val,1119802,1,0.623103
M_static,2,val,1119855,0,0.6085912
M_static,2,val,1120326,1,0.6218466
M_static,2,val,1120436,0,0.63999236
M_static,2,val,1120645,0,0.4570011
M_static,2,val,1120684,0,0.63419557
M_static,2,val,1120869,0,0.6315133
M_static,2,val,1121493,0,0.52054185
M_static,2,val,1121705,1,0.6150718
M_static,2,val,1121914,1,0.7355314
M_static,2,val,1122025,1,0.5370676
M_static,2,val,1122057,0,0.6341784
M_static,2,val,1122513,1,0.6995376
M_static,2,val,1123015,0,0.6806253
M_static,2,val,1123071,1,0.73263365
M_static,2,val,1124095,1,0.583091
M_static,2,val,1125442,1,0.7005382
M_static,2,val,1127285,0,0.6184608
M_static,2,val,1127560,1,0.6280763
M_static,2,val,1128117,1,0.675626
M_static,2,val,1128350,1,0.63920844
M_static,2,val,1129711,0,0.6968658
M_static,2,val,1129961,0,0.6407092
M_static,2,val,1131906,1,0.69478106
M_static,2,val,1132251,1,0.64968425
M_static,2,val,1132255,0,0.7345957
M_static,2,val,1132760,0,0.6638145
M_static,2,val,1133011,0,0.699139
M_static,2,val,1133607,1,0.6403568
M_static,2,val,1134095,1,0.533666
M_static,2,val,1134921,1,0.5080276
M_static,2,val,1135094,0,0.655953
M_static,2,val,1135191,0,0.61659026
M_static,2,val,1136524,0,0.59692097
M_static,2,val,1136723,0,0.6226753
M_static,2,val,1136790,1,0.67535305
M_static,2,val,1136946,0,0.65103775
M_static,2,val,1136981,1,0.6441907
M_static,2,val,1137743,1,0.71417916
M_static,2,val,1137897,1,0.7118537
M_static,2,val,1138757,1,0.66628873
M_static,2,val,1139275,1,0.6745744
M_static,2,val,1140239,1,0.62317514
M_static,2,val,1141115,1,0.7284951
M_static,2,val,1141596,0,0.67817813
M_static,2,val,1142051,1,0.6603318
M_static,2,val,1142643,1,0.66309947
M_static,2,val,1142724,0,0.5713797
M_static,2,val,1143116,0,0.6187353
M_static,2,val,1143964,1,0.7409886
M_static,2,val,1144198,1,0.6749085
M_static,2,val,1144614,1,0.67555076
M_static,2,val,1145385,0,0.6132998
M_static,2,val,1145450,0,0.59617937
M_static,2,val,1145704,1,0.68727887
M_static,2,val,1146057,0,0.7310381
M_static,2,val,1146465,0,0.55808955
M_static,2,val,1146999,1,0.62678015
M_static,2,val,1147005,0,0.6179849
M_static,2,val,1147122,1,0.663333
M_static,2,val,1147843,1,0.611289
M_static,2,val,1148270,0,0.60071224
M_static,2,val,1149196,0,0.6524346
M_static,2,val,1149831,1,0.6126112
M_static,2,val,1149904,0,0.64156514
M_static,2,val,1150324,0,0.6405168
M_static,2,val,1150911,0,0.6537556
M_static,2,val,1151371,1,0.59345996
M_static,2,val,1151387,0,0.6402619
M_static,2,val,1151393,1,0.73750263
M_static,2,val,1151510,0,0.61480063
M_static,2,val,1152877,0,0.5487709
M_static,2,val,1153056,1,0.73864263
M_static,2,val,1153155,1,0.6773574
M_static,2,val,1153931,1,0.6895739
M_static,2,val,1155546,1,0.4753425
M_static,2,val,1155802,1,0.59583485
M_static,2,val,1156057,0,0.6545275
M_static,2,val,1156739,1,0.74780476
M_static,2,val,1156847,1,0.7267262
M_static,2,val,1156904,1,0.7734484
M_static,2,val,1157181,1,0.7410552
M_static,2,val,1205869,1,0.7729118
M_static,2,val,1205937,0,0.7118731
M_static,2,val,1206010,0,0.6094752
M_static,2,val,1206766,1,0.5112697
M_static,2,val,1207435,1,0.730775
M_static,2,val,1207793,1,0.6766428
M_static,2,val,1207923,1,0.73835874
M_static,2,val,1208350,1,0.6865989
M_static,2,val,1208880,1,0.5531499
M_static,2,val,1209469,1,0.6563824
M_static,2,val,1209502,0,0.6363395
M_static,2,val,1209699,0,0.64772
M_static,2,val,1210123,0,0.67257905
M_static,2,val,1210315,0,0.67075866
M_static,2,val,1211177,1,0.68334246
M_static,2,val,1211297,1,0.6962857
M_static,2,val,1211321,1,0.66617966
M_static,2,val,1211878,1,0.6801909
M_static,2,val,1212103,1,0.6944598
M_static,2,val,1212313,0,0.6201269
M_static,2,val,1212354,0,0.64331895
M_static,2,val,1212394,1,0.57760406
M_static,2,val,1212797,1,0.69140255
M_static,2,val,1213174,1,0.54451185
M_static,2,val,1213716,1,0.66945726
M_static,2,val,1213929,1,0.67981106
M_static,2,val,1214506,1,0.67140895
M_static,2,val,1215252,0,0.7049896
M_static,2,val,1215332,0,0.6331082
M_static,2,val,1215381,0,0.6636498
M_static,2,val,1215388,0,0.6482255
M_static,2,val,1215420,1,0.65755457
M_static,2,val,1215443,0,0.66561574
M_static,2,val,1215869,0,0.68660086
M_static,2,val,1216904,0,0.6261098
M_static,2,val,1217080,1,0.722994
M_static,2,val,1217218,0,0.5776409
M_static,2,val,1217635,1,0.7109259
M_static,2,val,1217769,1,0.64459664
M_static,2,val,1218335,1,0.64273494
M_static,2,val,1218829,1,0.69827765
M_static,2,val,1219765,1,0.6691455
M_static,2,val,1219935,1,0.75938237
M_static,2,val,1220475,0,0.6286542
M_static,2,val,1220500,1,0.54143953
M_static,2,val,1220605,1,0.779818
M_static,2,val,1220959,1,0.6834973
M_static,2,val,1221268,1,0.52033955
M_static,2,val,1221554,0,0.65763193
M_static,2,val,1221883,0,0.6186786
M_static,2,val,1222037,1,0.68796444
M_static,2,val,1223272,1,0.6434644
M_static,2,val,1223459,1,0.65587854
M_static,2,val,1223585,1,0.70200735
M_static,2,val,1223773,1,0.67964184
M_static,2,val,1223866,1,0.7065113
M_static,2,val,1223969,1,0.6670534
M_static,2,val,1224121,0,0.6581377
M_static,2,val,1224698,0,0.6210667
M_static,2,val,1225046,0,0.646093
M_static,2,val,1225751,1,0.7328429
M_static,2,val,1225914,0,0.6251446
M_static,2,val,1226824,0,0.6713903
M_static,2,val,1227195,1,0.62131464
M_static,2,val,1228020,1,0.62109095
M_static,2,val,1228509,1,0.68955517
M_static,2,val,1228820,0,0.7548885
M_static,2,val,1229766,1,0.7456745
M_static,2,val,1229837,0,0.5365444
M_static,2,val,1229860,1,0.7082885
M_static,2,val,1229920,1,0.64696443
M_static,2,val,1230241,1,0.6712546
M_static,2,val,1230259,1,0.599931
M_static,2,val,1230724,1,0.69014335
M_static,2,val,1230781,0,0.63800657
M_static,2,val,1230810,1,0.6284647
M_static,2,val,1231114,1,0.6480359
M_static,2,val,1231343,1,0.66949487
M_static,2,val,1231638,1,0.60826105
M_static,2,val,1232033,0,0.48238343
M_static,2,val,1232188,1,0.6321764
M_static,2,val,1232333,1,0.63382137
M_static,2,val,1233203,1,0.7014155
M_static,2,val,1233777,1,0.6253344
M_static,2,val,1233962,0,0.75813925
M_static,2,val,1233970,1,0.5892292
M_static,2,val,1234198,0,0.70944285
M_static,2,val,1235172,0,0.67262346
M_static,2,val,1235254,0,0.667859
M_static,2,val,1235265,1,0.68858826
M_static,2,val,1235697,1,0.5444597
M_static,2,val,1236071,1,0.5531986
M_static,2,val,1236083,0,0.7236719
M_static,2,val,1236734,1,0.6500423
M_static,2,val,1237352,1,0.65049064
M_static,2,val,1237367,1,0.638098
M_static,2,val,1237508,1,0.7492989
M_static,2,val,1237839,0,0.63775325
M_static,2,val,1237971,1,0.6984278
M_static,2,val,1238001,0,0.7218282
M_static,2,val,1238292,0,0.59172505
M_static,2,val,1239029,1,0.6415458
M_static,2,val,1239095,1,0.669234
M_static,2,val,1239127,0,0.6209522
M_static,2,val,1239331,1,0.55196166
M_static,2,val,1239701,0,0.6537536
M_static,2,val,1239881,1,0.6114639
M_static,2,val,1240282,0,0.59519804
M_static,2,val,1240710,1,0.5884479
M_static,2,val,1241104,0,0.7237824
M_static,2,val,1241185,0,0.57331425
M_static,2,val,1242267,1,0.6620673
M_static,2,val,1242283,0,0.5666315
M_static,2,val,1243098,1,0.7224326
M_static,2,val,1243427,1,0.5871756
M_static,2,val,1243514,1,0.63272667
M_static,2,val,1243942,1,0.6758846
M_static,2,val,1244606,1,0.7359368
M_static,2,val,1244680,1,0.6581926
M_static,2,val,1245566,1,0.53385514
M_static,2,val,1245696,1,0.6295923
M_static,2,val,1246095,1,0.57435215
M_static,2,val,1246508,0,0.4756578
M_static,2,test,17109,1,0.6551565
M_static,2,test,22019,0,0.59983784
M_static,2,test,30603,1,0.69112563
M_static,2,test,36502,0,0.6294763
M_static,2,test,42908,1,0.5787637
M_static,2,test,52327,1,0.7213761
M_static,2,test,52609,1,0.5672518
M_static,2,test,54828,1,0.69196963
M_static,2,test,61867,0,0.53887546
M_static,2,test,63449,0,0.45743713
M_static,2,test,65596,0,0.65208375
M_static,2,test,68483,1,0.52913916
M_static,2,test,70693,0,0.72154915
M_static,2,test,74146,0,0.6255545
M_static,2,test,85978,1,0.59187293
M_static,2,test,86305,1,0.5656459
M_static,2,test,86310,1,0.64058363
M_static,2,test,91934,0,0.57127833
M_static,2,test,93011,0,0.6711396
M_static,2,test,98629,1,0.5445338
M_static,2,test,102312,1,0.7146617
M_static,2,test,105772,1,0.62797683
M_static,2,test,108509,1,0.512624
M_static,2,test,113763,0,0.63269067
M_static,2,test,121544,1,0.6673828
M_static,2,test,132583,0,0.75481737
M_static,2,test,143353,1,0.7264539
M_static,2,test,144004,0,0.565767
M_static,2,test,157463,1,0.6687113
M_static,2,test,160103,1,0.6631184
M_static,2,test,160197,1,0.7491547
M_static,2,test,163423,1,0.68417156
M_static,2,test,164362,1,0.3894357
M_static,2,test,165324,0,0.7215008
M_static,2,test,166451,1,0.6900084
M_static,2,test,167707,1,0.6739284
M_static,2,test,180001,0,0.68539286
M_static,2,test,181034,1,0.61931723
M_static,2,test,182595,0,0.6236318
M_static,2,test,183219,0,0.6268304
M_static,2,test,184704,0,0.7238894
M_static,2,test,190049,1,0.71053153
M_static,2,test,203461,1,0.6616987
M_static,2,test,208652,1,0.67010796
M_static,2,test,216589,1,0.534016
M_static,2,test,218529,1,0.724877
M_static,2,test,220792,0,0.6277149
M_static,2,test,223651,1,0.6104019
M_static,2,test,229959,1,0.6563877
M_static,2,test,234398,0,0.60987383
M_static,2,test,234471,0,0.67078966
M_static,2,test,240229,0,0.56485975
M_static,2,test,250983,0,0.6545048
M_static,2,test,252362,0,0.59206843
M_static,2,test,271298,0,0.6585104
M_static,2,test,274179,0,0.6787168
M_static,2,test,275882,1,0.6540304
M_static,2,test,278098,0,0.50375384
M_static,2,test,278230,0,0.66284496
M_static,2,test,278485,0,0.633848
M_static,2,test,285173,1,0.69205314
M_static,2,test,288581,1,0.5486938
M_static,2,test,293811,0,0.6223253
M_static,2,test,304034,0,0.6646265
M_static,2,test,309162,1,0.4588737
M_static,2,test,309228,1,0.7180921
M_static,2,test,315569,1,0.6614703
M_static,2,test,325318,0,0.5245869
M_static,2,test,327943,1,0.6468007
M_static,2,test,335403,0,0.6812162
M_static,2,test,345895,1,0.62003803
M_static,2,test,350707,0,0.7022809
M_static,2,test,353416,1,0.68562466
M_static,2,test,354035,1,0.5777881
M_static,2,test,360745,1,0.872778
M_static,2,test,367686,0,0.6622394
M_static,2,test,369915,1,0.5685476
M_static,2,test,372332,1,0.7853175
M_static,2,test,374203,0,0.5771263
M_static,2,test,376880,1,0.7790593
M_static,2,test,377217,1,0.567741
M_static,2,test,383626,1,0.6737816
M_static,2,test,384429,0,0.60782075
M_static,2,test,391348,0,0.70812476
M_static,2,test,398295,0,0.6900188
M_static,2,test,398592,1,0.5546802
M_static,2,test,400980,1,0.6669344
M_static,2,test,403399,0,0.63497126
M_static,2,test,405843,1,0.6194451
M_static,2,test,409579,1,0.7010813
M_static,2,test,410795,1,0.63046396
M_static,2,test,412716,1,0.6686626
M_static,2,test,419522,1,0.66959554
M_static,2,test,432045,0,0.6307452
M_static,2,test,432782,0,0.65905404
M_static,2,test,433303,1,0.63648254
M_static,2,test,438187,1,0.7469655
M_static,2,test,442019,0,0.6324608
M_static,2,test,442797,1,0.53282404
M_static,2,test,442895,1,0.6369024
M_static,2,test,443207,1,0.6615595
M_static,2,test,443610,0,0.6068735
M_static,2,test,445318,0,0.59357464
M_static,2,test,451415,1,0.49320167
M_static,2,test,460422,1,0.59366727
M_static,2,test,460580,1,0.65402806
M_static,2,test,463375,1,0.57986313
M_static,2,test,465763,1,0.6248922
M_static,2,test,468342,1,0.6207775
M_static,2,test,469078,1,0.5883585
M_static,2,test,476977,1,0.47748202
M_static,2,test,477285,1,0.6555048
M_static,2,test,486523,0,0.5962603
M_static,2,test,488255,0,0.4546665
M_static,2,test,490630,1,0.7189232
M_static,2,test,492132,0,0.640303
M_static,2,test,492492,0,0.6055813
M_static,2,test,507011,1,0.65784806
M_static,2,test,508867,1,0.669821
M_static,2,test,511417,1,0.60699123
M_static,2,test,512053,1,0.5987701
M_static,2,test,512180,1,0.6214418
M_static,2,test,515887,1,0.56747615
M_static,2,test,516493,0,0.5408035
M_static,2,test,525973,0,0.70572376
M_static,2,test,529750,0,0.5887414
M_static,2,test,536935,1,0.6310875
M_static,2,test,549363,0,0.55470747
M_static,2,test,552901,1,0.55966926
M_static,2,test,555492,0,0.6364355
M_static,2,test,559178,1,0.62249595
M_static,2,test,565908,0,0.51892686
M_static,2,test,575773,1,0.68128514
M_static,2,test,580587,0,0.6710981
M_static,2,test,581598,1,0.6765183
M_static,2,test,588986,1,0.5551898
M_static,2,test,589857,0,0.72292
M_static,2,test,591051,1,0.6328194
M_static,2,test,592121,0,0.61968964
M_static,2,test,592548,0,0.65275055
M_static,2,test,595954,1,0.55767596
M_static,2,test,596445,0,0.5748109
M_static,2,test,602165,1,0.7445886
M_static,2,test,604557,1,0.6028818
M_static,2,test,605762,0,0.5827656
M_static,2,test,607813,0,0.66455746
M_static,2,test,610488,0,0.5293301
M_static,2,test,611309,0,0.6953808
M_static,2,test,615384,1,0.5342693
M_static,2,test,617695,0,0.66456056
M_static,2,test,618335,1,0.5523793
M_static,2,test,624692,1,0.6621524
M_static,2,test,626615,0,0.7527893
M_static,2,test,627587,1,0.65169966
M_static,2,test,628861,1,0.5530858
M_static,2,test,644091,1,0.59629023
M_static,2,test,644443,1,0.59419024
M_static,2,test,647436,0,0.67872906
M_static,2,test,650259,0,0.63493234
M_static,2,test,657738,0,0.6821681
M_static,2,test,660164,1,0.6667688
M_static,2,test,660433,0,0.65704083
M_static,2,test,663130,1,0.6862343
M_static,2,test,663548,1,0.60983604
M_static,2,test,665050,1,0.5893384
M_static,2,test,665220,1,0.68152845
M_static,2,test,671576,0,0.59687245
M_static,2,test,672172,1,0.62637717
M_static,2,test,677259,0,0.63244367
M_static,2,test,681120,1,0.64086133
M_static,2,test,684963,1,0.6720256
M_static,2,test,687171,1,0.4621056
M_static,2,test,690734,0,0.615473
M_static,2,test,693326,1,0.5727487
M_static,2,test,696029,0,0.61171514
M_static,2,test,699877,0,0.6282494
M_static,2,test,701498,1,0.6735274
M_static,2,test,702078,0,0.6877103
M_static,2,test,702801,0,0.61637145
M_static,2,test,704059,0,0.6769476
M_static,2,test,704101,1,0.70055133
M_static,2,test,709805,1,0.6309003
M_static,2,test,711782,1,0.6599647
M_static,2,test,711787,1,0.6054743
M_static,2,test,712016,1,0.58336693
M_static,2,test,714764,0,0.6688353
M_static,2,test,715221,1,0.66349137
M_static,2,test,723474,0,0.7265955
M_static,2,test,726409,0,0.58748555
M_static,2,test,726499,0,0.58927536
M_static,2,test,740043,1,0.5824399
M_static,2,test,742847,0,0.7251754
M_static,2,test,743605,1,0.65381366
M_static,2,test,747584,1,0.5509319
M_static,2,test,750881,0,0.6511137
M_static,2,test,751252,0,0.4378559
M_static,2,test,755294,1,0.66845787
M_static,2,test,780355,1,0.6782857
M_static,2,test,789437,1,0.47930226
M_static,2,test,803706,1,0.65685683
M_static,2,test,806762,0,0.64780325
M_static,2,test,808258,0,0.5664303
M_static,2,test,809234,1,0.59395814
M_static,2,test,818267,1,0.634682
M_static,2,test,829142,1,0.7429382
M_static,2,test,835463,1,0.6575202
M_static,2,test,839278,1,0.5641098
M_static,2,test,841534,0,0.505785
M_static,2,test,841748,1,0.55427253
M_static,2,test,844964,0,0.64884
M_static,2,test,851163,1,0.6318903
M_static,2,test,851639,1,0.59696853
M_static,2,test,854069,1,0.5807204
M_static,2,test,855223,1,0.7060846
M_static,2,test,857435,1,0.7218008
M_static,2,test,860381,0,0.6444722
M_static,2,test,861607,0,0.47912627
M_static,2,test,872844,1,0.6250493
M_static,2,test,877831,0,0.66440886
M_static,2,test,878721,0,0.54469866
M_static,2,test,882885,1,0.6440094
M_static,2,test,883112,1,0.5956166
M_static,2,test,883479,0,0.5305868
M_static,2,test,885394,1,0.606788
M_static,2,test,899469,1,0.65029716
M_static,2,test,900762,1,0.6813437
M_static,2,test,900957,1,0.66204107
M_static,2,test,924232,0,0.7158693
M_static,2,test,934409,0,0.6153024
M_static,2,test,941626,1,0.5966939
M_static,2,test,947197,1,0.60677016
M_static,2,test,951246,0,0.75852543
M_static,2,test,954440,1,0.6359446
M_static,2,test,956387,1,0.58284795
M_static,2,test,963985,1,0.68867195
M_static,2,test,966701,0,0.6159111
M_static,2,test,968655,0,0.6062766
M_static,2,test,976523,1,0.7441814
M_static,2,test,977714,1,0.6005255
M_static,2,test,979369,1,0.60863924
M_static,2,test,980871,1,0.51401687
M_static,2,test,981562,0,0.6375463
M_static,2,test,986260,1,0.6931364
M_static,2,test,986510,1,0.7099649
M_static,2,test,989331,1,0.648279
M_static,2,test,991197,0,0.62835497
M_static,2,test,991829,1,0.5699222
M_static,2,test,993100,1,0.6275359
M_static,2,test,993602,1,0.61121196
M_static,2,test,995694,1,0.76737213
M_static,2,test,996219,0,0.610239
M_static,2,test,996551,0,0.59926236
M_static,2,test,1000725,1,0.613551
M_static,2,test,1001535,1,0.6032003
M_static,2,test,1003409,1,0.65098983
M_static,2,test,1005121,1,0.61461306
M_static,2,test,1005171,1,0.6129228
M_static,2,test,1005619,1,0.59961385
M_static,2,test,1007363,0,0.6508671
M_static,2,test,1058429,1,0.63148624
M_static,2,test,1061584,1,0.540271
M_static,2,test,1062066,0,0.647508
M_static,2,test,1066534,1,0.60150874
M_static,2,test,1067041,1,0.6090609
M_static,2,test,1067177,1,0.64614385
M_static,2,test,1068069,1,0.5965304
M_static,2,test,1068151,0,0.59675086
M_static,2,test,1068390,1,0.6662301
M_static,2,test,1068426,1,0.61789334
M_static,2,test,1068928,0,0.67271143
M_static,2,test,1069432,1,0.66560304
M_static,2,test,1069948,1,0.6538291
M_static,2,test,1070002,1,0.58300656
M_static,2,test,1070070,1,0.60801476
M_static,2,test,1070173,1,0.6530219
M_static,2,test,1071053,0,0.63934785
M_static,2,test,1071949,1,0.61236006
M_static,2,test,1072395,1,0.69887793
M_static,2,test,1073214,1,0.6042107
M_static,2,test,1073232,0,0.54376507
M_static,2,test,1073268,1,0.6059373
M_static,2,test,1073839,0,0.7233549
M_static,2,test,1074312,0,0.6060077
M_static,2,test,1074427,1,0.5804361
M_static,2,test,1074571,1,0.5905346
M_static,2,test,1074753,0,0.6470198
M_static,2,test,1075228,1,0.69404614
M_static,2,test,1075404,1,0.6710935
M_static,2,test,1075699,1,0.6622643
M_static,2,test,1077606,1,0.6560191
M_static,2,test,1079282,1,0.68588316
M_static,2,test,1081059,1,0.44330403
M_static,2,test,1081377,0,0.5892286
M_static,2,test,1081798,0,0.6600032
M_static,2,test,1082290,0,0.6572347
M_static,2,test,1082987,0,0.60701156
M_static,2,test,1084214,1,0.47769263
M_static,2,test,1084630,1,0.601778
M_static,2,test,1085216,0,0.6617081
M_static,2,test,1086129,1,0.55240893
M_static,2,test,1086243,1,0.7021633
M_static,2,test,1086770,1,0.6841742
M_static,2,test,1086772,1,0.60340583
M_static,2,test,1087850,0,0.5087319
M_static,2,test,1089310,0,0.5738983
M_static,2,test,1089629,0,0.73050374
M_static,2,test,1091748,1,0.73246646
M_static,2,test,1093139,0,0.49811584
M_static,2,test,1093650,1,0.6274632
M_static,2,test,1094011,1,0.69200426
M_static,2,test,1094046,1,0.6395853
M_static,2,test,1094897,1,0.6794487
M_static,2,test,1095869,1,0.6388395
M_static,2,test,1095940,1,0.62906235
M_static,2,test,1096850,1,0.64010197
M_static,2,test,1096858,1,0.5468523
M_static,2,test,1098886,1,0.59881383
M_static,2,test,1103930,1,0.6221122
M_static,2,test,1104113,1,0.6741829
M_static,2,test,1104452,1,0.7328202
M_static,2,test,1104592,1,0.58217895
M_static,2,test,1105198,0,0.5705343
M_static,2,test,1105837,1,0.63021743
M_static,2,test,1106300,1,0.59253466
M_static,2,test,1106596,0,0.672238
M_static,2,test,1107096,1,0.5841555
M_static,2,test,1107291,0,0.64578784
M_static,2,test,1107631,1,0.6563701
M_static,2,test,1108050,1,0.70311105
M_static,2,test,1109506,1,0.7284419
M_static,2,test,1109526,1,0.7043406
M_static,2,test,1109598,1,0.7158021
M_static,2,test,1109983,1,0.5936191
M_static,2,test,1111098,1,0.73233855
M_static,2,test,1111860,1,0.7167133
M_static,2,test,1113294,1,0.61076754
M_static,2,test,1113365,1,0.6105846
M_static,2,test,1113808,0,0.57819957
M_static,2,test,1115713,1,0.6766659
M_static,2,test,1116144,1,0.6267003
M_static,2,test,1116479,0,0.62165964
M_static,2,test,1116580,1,0.68016815
M_static,2,test,1117063,0,0.62658757
M_static,2,test,1117243,1,0.5792334
M_static,2,test,1117669,0,0.7718699
M_static,2,test,1117701,1,0.67035896
M_static,2,test,1117869,1,0.5444729
M_static,2,test,1118191,1,0.5691507
M_static,2,test,1118291,0,0.436634
M_static,2,test,1118398,1,0.67227715
M_static,2,test,1118511,1,0.6311347
M_static,2,test,1118641,0,0.6195403
M_static,2,test,1119092,1,0.5972581
M_static,2,test,1119930,1,0.65619785
M_static,2,test,1120836,1,0.6988153
M_static,2,test,1121365,1,0.6783096
M_static,2,test,1121559,1,0.635497
M_static,2,test,1121672,1,0.5062538
M_static,2,test,1121736,0,0.6811535
M_static,2,test,1121795,1,0.7283857
M_static,2,test,1121927,1,0.6043535
M_static,2,test,1122004,0,0.56155604
M_static,2,test,1122185,1,0.68063134
M_static,2,test,1122658,1,0.74886787
M_static,2,test,1122760,0,0.6949311
M_static,2,test,1123435,1,0.6018177
M_static,2,test,1123551,0,0.57521915
M_static,2,test,1123858,0,0.55377656
M_static,2,test,1124152,0,0.7013475
M_static,2,test,1124180,0,0.4284762
M_static,2,test,1124482,1,0.69390947
M_static,2,test,1126244,0,0.6842393
M_static,2,test,1126628,1,0.6760518
M_static,2,test,1126767,0,0.6225044
M_static,2,test,1127029,0,0.6822385
M_static,2,test,1127812,1,0.6721927
M_static,2,test,1128467,1,0.69590855
M_static,2,test,1128811,0,0.6862048
M_static,2,test,1129353,0,0.6708729
M_static,2,test,1129383,1,0.60345525
M_static,2,test,1129401,1,0.70932305
M_static,2,test,1130020,1,0.61029214
M_static,2,test,1130043,1,0.81443775
M_static,2,test,1130495,1,0.5608864
M_static,2,test,1130530,0,0.66973054
M_static,2,test,1131124,1,0.6784742
M_static,2,test,1131656,1,0.634721
M_static,2,test,1132058,1,0.6277337
M_static,2,test,1132465,1,0.62047774
M_static,2,test,1132886,0,0.6711699
M_static,2,test,1133211,1,0.6300306
M_static,2,test,1134193,1,0.6347023
M_static,2,test,1134339,0,0.59186226
M_static,2,test,1135004,0,0.5587971
M_static,2,test,1136675,1,0.66394496
M_static,2,test,1136878,1,0.6109655
M_static,2,test,1137456,0,0.60200095
M_static,2,test,1137818,1,0.6185804
M_static,2,test,1138670,1,0.5612387
M_static,2,test,1138681,1,0.54450727
M_static,2,test,1138864,1,0.56735754
M_static,2,test,1140316,1,0.70132005
M_static,2,test,1142126,0,0.6255485
M_static,2,test,1142188,1,0.6129283
M_static,2,test,1144028,0,0.6839263
M_static,2,test,1144147,0,0.59449226
M_static,2,test,1144488,1,0.65659976
M_static,2,test,1144757,1,0.77319354
M_static,2,test,1145720,0,0.68790257
M_static,2,test,1146563,0,0.6558961
M_static,2,test,1146584,1,0.6334728
M_static,2,test,1148113,1,0.6650319
M_static,2,test,1148157,1,0.6786009
M_static,2,test,1148282,1,0.6641078
M_static,2,test,1148607,1,0.68677235
M_static,2,test,1148756,1,0.7106302
M_static,2,test,1148957,1,0.6518239
M_static,2,test,1149553,1,0.68054616
M_static,2,test,1149963,1,0.61483014
M_static,2,test,1150067,1,0.667109
M_static,2,test,1150178,1,0.6445694
M_static,2,test,1151052,0,0.6177947
M_static,2,test,1151422,1,0.70800865
M_static,2,test,1151513,1,0.62129146
M_static,2,test,1151818,0,0.62053555
M_static,2,test,1152700,1,0.6810171
M_static,2,test,1152707,0,0.59437597
M_static,2,test,1153263,0,0.6474526
M_static,2,test,1153649,0,0.62140465
M_static,2,test,1153914,1,0.6809389
M_static,2,test,1154191,1,0.6388667
M_static,2,test,1154313,1,0.6729245
M_static,2,test,1154712,1,0.6611148
M_static,2,test,1155176,1,0.64706427
M_static,2,test,1155575,1,0.616929
M_static,2,test,1156251,1,0.6148456
M_static,2,test,1156386,1,0.6362048
M_static,2,test,1156786,1,0.60163885
M_static,2,test,1156887,1,0.6524903
M_static,2,test,1158961,1,0.6371116
M_static,2,test,1205766,1,0.7546215
M_static,2,test,1205889,1,0.6873081
M_static,2,test,1206310,1,0.57125807
M_static,2,test,1207017,1,0.619733
M_static,2,test,1207116,1,0.63749063
M_static,2,test,1207484,0,0.7287184
M_static,2,test,1207861,1,0.6282595
M_static,2,test,1207963,1,0.73707783
M_static,2,test,1208561,1,0.671636
M_static,2,test,1208898,1,0.67546165
M_static,2,test,1209022,1,0.5811583
M_static,2,test,1209496,0,0.409792
M_static,2,test,1210080,0,0.6619957
M_static,2,test,1210100,0,0.6402383
M_static,2,test,1210485,1,0.69964075
M_static,2,test,1210639,1,0.6047926
M_static,2,test,1210786,0,0.5522646
M_static,2,test,1210809,1,0.6993732
M_static,2,test,1211001,1,0.6250868
M_static,2,test,1211380,1,0.71058744
M_static,2,test,1212066,0,0.6886219
M_static,2,test,1212451,0,0.6469463
M_static,2,test,1212582,1,0.70626456
M_static,2,test,1213071,1,0.5875598
M_static,2,test,1213526,1,0.66567993
M_static,2,test,1214739,0,0.6943381
M_static,2,test,1214832,0,0.61116743
M_static,2,test,1215142,0,0.6444096
M_static,2,test,1215607,0,0.666292
M_static,2,test,1216041,1,0.5044714
M_static,2,test,1216045,1,0.5979723
M_static,2,test,1216704,1,0.6850106
M_static,2,test,1216776,1,0.6509282
M_static,2,test,1217243,1,0.6240238
M_static,2,test,1218194,1,0.7732039
M_static,2,test,1218554,1,0.6098772
M_static,2,test,1218673,1,0.55447716
M_static,2,test,1219597,0,0.72862864
M_static,2,test,1219877,1,0.68243754
M_static,2,test,1220226,0,0.667828
M_static,2,test,1220426,0,0.6805386
M_static,2,test,1220526,1,0.66383386
M_static,2,test,1220699,1,0.6191057
M_static,2,test,1220702,0,0.62471575
M_static,2,test,1220802,1,0.69797355
M_static,2,test,1220833,1,0.7277985
M_static,2,test,1220875,0,0.65281594
M_static,2,test,1221102,0,0.6719874
M_static,2,test,1221236,1,0.6494886
M_static,2,test,1221707,0,0.7234862
M_static,2,test,1222369,0,0.6058628
M_static,2,test,1222988,1,0.6139747
M_static,2,test,1223193,0,0.6461297
M_static,2,test,1223568,1,0.6689638
M_static,2,test,1223754,0,0.53534174
M_static,2,test,1224229,1,0.6471181
M_static,2,test,1224519,1,0.7667614
M_static,2,test,1224731,1,0.64591634
M_static,2,test,1225050,0,0.66110504
M_static,2,test,1225323,1,0.5744049
M_static,2,test,1225341,1,0.67799294
M_static,2,test,1225388,0,0.6933929
M_static,2,test,1225413,1,0.6825853
M_static,2,test,1225605,0,0.66807264
M_static,2,test,1226794,0,0.7206032
M_static,2,test,1226946,1,0.5839408
M_static,2,test,1227262,1,0.6722268
M_static,2,test,1227437,1,0.61846405
M_static,2,test,1227597,0,0.73372674
M_static,2,test,1227732,1,0.6697204
M_static,2,test,1227755,1,0.70100415
M_static,2,test,1227765,1,0.58051383
M_static,2,test,1228018,1,0.7494649
M_static,2,test,1228461,1,0.6795529
M_static,2,test,1228842,0,0.77156895
M_static,2,test,1229345,1,0.67377174
M_static,2,test,1229605,0,0.6916499
M_static,2,test,1230051,1,0.6984763
M_static,2,test,1230374,1,0.67890084
M_static,2,test,1230384,0,0.5942469
M_static,2,test,1230408,1,0.5785313
M_static,2,test,1230574,0,0.46921402
M_static,2,test,1230712,0,0.68056005
M_static,2,test,1230855,0,0.4899518
M_static,2,test,1231339,0,0.69240785
M_static,2,test,1232028,0,0.5962549
M_static,2,test,1233241,0,0.6507392
M_static,2,test,1233508,1,0.5830594
M_static,2,test,1233527,1,0.662119
M_static,2,test,1233621,0,0.7422394
M_static,2,test,1233632,1,0.73779374
M_static,2,test,1233791,1,0.6159907
M_static,2,test,1234521,0,0.6266421
M_static,2,test,1235863,1,0.66011214
M_static,2,test,1235882,0,0.6529611
M_static,2,test,1235914,0,0.6260982
M_static,2,test,1235985,1,0.6757681
M_static,2,test,1236656,0,0.67099935
M_static,2,test,1237272,1,0.72368014
M_static,2,test,1237647,0,0.70192677
M_static,2,test,1238245,1,0.6293755
M_static,2,test,1238297,0,0.7446724
M_static,2,test,1238348,0,0.680131
M_static,2,test,1238457,1,0.56413174
M_static,2,test,1238537,0,0.6614124
M_static,2,test,1238550,1,0.6386351
M_static,2,test,1238559,1,0.6840771
M_static,2,test,1238835,1,0.66246617
M_static,2,test,1238864,1,0.5838398
M_static,2,test,1238867,1,0.6299336
M_static,2,test,1238917,0,0.7546389
M_static,2,test,1238960,1,0.68867564
M_static,2,test,1239042,1,0.5293052
M_static,2,test,1239079,1,0.7068768
M_static,2,test,1239224,1,0.5513802
M_static,2,test,1239283,1,0.5897743
M_static,2,test,1239427,1,0.68831295
M_static,2,test,1239611,1,0.69522
M_static,2,test,1239907,1,0.65449893
M_static,2,test,1241318,1,0.5808041
M_static,2,test,1241362,1,0.7032964
M_static,2,test,1241625,0,0.6225343
M_static,2,test,1241779,1,0.6011357
M_static,2,test,1242413,1,0.6867356
M_static,2,test,1242831,0,0.65568453
M_static,2,test,1243993,0,0.6471676
M_static,2,test,1244763,0,0.7139348
M_static,2,test,1244765,0,0.641689
M_static,2,test,1245905,1,0.57757056
M_static,2,test,1245930,0,0.6756265
M_static,2,test,1246192,1,0.5518239
M_static,2,test,1246490,1,0.6139039
M_static,2,test,1246702,1,0.65370405
M_temporal,2,val,12246,1,0.5635114
M_temporal,2,val,15488,1,0.58446974
M_temporal,2,val,16787,0,0.66196805
M_temporal,2,val,20993,1,0.6256611
M_temporal,2,val,28836,1,0.9073347
M_temporal,2,val,31619,1,0.8244188
M_temporal,2,val,32089,0,0.6256454
M_temporal,2,val,33225,1,0.50635463
M_temporal,2,val,35136,1,0.58599097
M_temporal,2,val,38963,1,0.5864201
M_temporal,2,val,43310,1,0.5235973
M_temporal,2,val,45419,1,0.8424229
M_temporal,2,val,62606,1,0.5331671
M_temporal,2,val,64928,1,0.56127405
M_temporal,2,val,66226,1,0.52611774
M_temporal,2,val,68648,0,0.5864157
M_temporal,2,val,86896,0,0.6273883
M_temporal,2,val,88424,1,0.70642895
M_temporal,2,val,93202,0,0.5745776
M_temporal,2,val,95626,1,0.68470925
M_temporal,2,val,100595,0,0.74780506
M_temporal,2,val,112715,1,0.81902075
M_temporal,2,val,116182,1,0.60331565
M_temporal,2,val,121258,1,0.5865187
M_temporal,2,val,121744,1,0.7319475
M_temporal,2,val,123208,1,0.85329753
M_temporal,2,val,125059,1,0.59123874
M_temporal,2,val,129040,1,0.4768746
M_temporal,2,val,130832,1,0.56962794
M_temporal,2,val,139693,0,0.62559474
M_temporal,2,val,140328,0,0.76880574
M_temporal,2,val,152430,1,0.6652931
M_temporal,2,val,154147,1,0.8787231
M_temporal,2,val,156299,1,0.59734786
M_temporal,2,val,159617,1,0.71311104
M_temporal,2,val,162979,1,0.53463805
M_temporal,2,val,163659,1,0.57843155
M_temporal,2,val,167183,1,0.5273907
M_temporal,2,val,169449,1,0.5820116
M_temporal,2,val,169727,0,0.6973934
M_temporal,2,val,173162,0,0.66780484
M_temporal,2,val,175032,0,0.610372
M_temporal,2,val,181466,0,0.9065477
M_temporal,2,val,184874,1,0.6934762
M_temporal,2,val,186257,0,0.7077389
M_temporal,2,val,190187,0,0.6813869
M_temporal,2,val,198213,1,0.67755437
M_temporal,2,val,202039,0,0.5285597
M_temporal,2,val,203640,1,0.4745323
M_temporal,2,val,210361,1,0.7032302
M_temporal,2,val,216010,1,0.9617288
M_temporal,2,val,217013,0,0.67586756
M_temporal,2,val,219309,1,0.59595513
M_temporal,2,val,226859,0,0.30522004
M_temporal,2,val,227399,0,0.33424282
M_temporal,2,val,234696,1,0.66873515
M_temporal,2,val,245427,1,0.7396842
M_temporal,2,val,248666,1,0.5555321
M_temporal,2,val,255374,0,0.63308936
M_temporal,2,val,271883,1,0.7937809
M_temporal,2,val,274322,1,0.6523151
M_temporal,2,val,274345,0,0.77819335
M_temporal,2,val,274563,1,0.62565756
M_temporal,2,val,277012,1,0.67317367
M_temporal,2,val,278134,1,0.68664676
M_temporal,2,val,282212,1,0.2698994
M_temporal,2,val,285801,1,0.7072631
M_temporal,2,val,290944,0,0.55761796
M_temporal,2,val,305034,0,0.517643
M_temporal,2,val,306770,0,0.40886706
M_temporal,2,val,308426,1,0.65008
M_temporal,2,val,310464,1,0.4185161
M_temporal,2,val,310596,0,0.7499164
M_temporal,2,val,311547,1,0.5306224
M_temporal,2,val,311717,0,0.6952446
M_temporal,2,val,312810,1,0.6773638
M_temporal,2,val,313664,1,0.43173003
M_temporal,2,val,319549,1,0.626007
M_temporal,2,val,324095,1,0.7260395
M_temporal,2,val,331536,1,0.803906
M_temporal,2,val,332529,1,0.7799411
M_temporal,2,val,337613,1,0.5702146
M_temporal,2,val,338312,1,0.38189855
M_temporal,2,val,345087,1,0.66469675
M_temporal,2,val,345832,0,0.6955379
M_temporal,2,val,348567,1,0.77416825
M_temporal,2,val,348988,1,0.6874778
M_temporal,2,val,352441,0,0.47308406
M_temporal,2,val,353886,0,0.5504037
M_temporal,2,val,355783,0,0.61732584
M_temporal,2,val,368436,1,0.7870018
M_temporal,2,val,370843,1,0.5702618
M_temporal,2,val,383287,0,0.72728807
M_temporal,2,val,387760,1,0.80367804
M_temporal,2,val,398520,1,0.72441685
M_temporal,2,val,400416,0,0.5703798
M_temporal,2,val,400944,1,0.52419096
M_temporal,2,val,402364,0,0.4962551
M_temporal,2,val,409952,1,0.7733921
M_temporal,2,val,412024,1,0.6867543
M_temporal,2,val,413554,1,0.65201503
M_temporal,2,val,419138,0,0.54878724
M_temporal,2,val,421493,0,0.29440522
M_temporal,2,val,422674,1,0.43100268
M_temporal,2,val,431921,0,0.600245
M_temporal,2,val,432168,1,0.35815343
M_temporal,2,val,432540,1,0.56407535
M_temporal,2,val,432906,1,0.6520382
M_temporal,2,val,435436,0,0.61560285
M_temporal,2,val,445545,1,0.642279
M_temporal,2,val,448027,0,0.6332625
M_temporal,2,val,450155,1,0.82088697
M_temporal,2,val,451844,1,0.7974226
M_temporal,2,val,463298,1,0.57121503
M_temporal,2,val,465401,1,0.6643426
M_temporal,2,val,467821,0,0.46722358
M_temporal,2,val,468086,1,0.7619859
M_temporal,2,val,470865,1,0.4198985
M_temporal,2,val,477981,1,0.60919863
M_temporal,2,val,482448,0,0.508898
M_temporal,2,val,486901,0,0.82048297
M_temporal,2,val,487515,1,0.61996555
M_temporal,2,val,490818,1,0.8049037
M_temporal,2,val,490962,1,0.5714089
M_temporal,2,val,493534,0,0.7369788
M_temporal,2,val,506609,1,0.61136943
M_temporal,2,val,508572,1,0.6102083
M_temporal,2,val,513568,0,0.7476536
M_temporal,2,val,518232,1,0.30735558
M_temporal,2,val,518961,1,0.7460324
M_temporal,2,val,520017,0,0.5778977
M_temporal,2,val,526518,0,0.46945423
M_temporal,2,val,528647,1,0.69910944
M_temporal,2,val,531193,0,0.6576231
M_temporal,2,val,531462,1,0.7337583
M_temporal,2,val,532148,1,0.6357175
M_temporal,2,val,535178,1,0.8013458
M_temporal,2,val,541544,1,0.57245505
M_temporal,2,val,544153,1,0.45683366
M_temporal,2,val,545205,0,0.38448077
M_temporal,2,val,547533,1,0.56475925
M_temporal,2,val,556177,0,0.71649593
M_temporal,2,val,563033,0,0.6574398
M_temporal,2,val,570135,0,0.8124021
M_temporal,2,val,573425,1,0.78000116
M_temporal,2,val,578084,0,0.58310163
M_temporal,2,val,578406,1,0.727778
M_temporal,2,val,580750,0,0.7161362
M_temporal,2,val,581298,1,0.52981174
M_temporal,2,val,585465,1,0.5713104
M_temporal,2,val,589139,1,0.5915087
M_temporal,2,val,593504,1,0.6908548
M_temporal,2,val,597579,1,0.8738959
M_temporal,2,val,598821,0,0.36675346
M_temporal,2,val,612720,1,0.8141685
M_temporal,2,val,615119,1,1.0376196
M_temporal,2,val,619649,1,0.597993
M_temporal,2,val,620975,1,0.67612004
M_temporal,2,val,624977,0,0.69731045
M_temporal,2,val,627036,1,0.73145115
M_temporal,2,val,629729,1,0.795219
M_temporal,2,val,644744,1,0.8198564
M_temporal,2,val,651309,0,0.6278503
M_temporal,2,val,653987,0,0.61736685
M_temporal,2,val,657533,1,0.8673769
M_temporal,2,val,660061,1,0.5975984
M_temporal,2,val,660533,0,0.67639977
M_temporal,2,val,661193,0,0.6369054
M_temporal,2,val,673553,1,0.630453
M_temporal,2,val,677928,1,0.5758187
M_temporal,2,val,681205,1,0.616927
M_temporal,2,val,681852,1,0.8334685
M_temporal,2,val,682914,1,0.50491625
M_temporal,2,val,686482,1,0.76584655
M_temporal,2,val,689380,1,0.49642682
M_temporal,2,val,690904,1,0.80301094
M_temporal,2,val,695455,0,0.6557784
M_temporal,2,val,697961,1,0.68954265
M_temporal,2,val,700550,1,0.6024941
M_temporal,2,val,704317,0,0.5942595
M_temporal,2,val,705906,1,0.60902333
M_temporal,2,val,707482,1,0.74521124
M_temporal,2,val,707873,1,0.6594258
M_temporal,2,val,714644,1,0.5029182
M_temporal,2,val,715113,1,0.6967646
M_temporal,2,val,718140,0,0.78844464
M_temporal,2,val,719050,0,0.41794267
M_temporal,2,val,719439,1,0.51252663
M_temporal,2,val,726126,0,0.7302172
M_temporal,2,val,726953,0,0.51975155
M_temporal,2,val,738715,0,0.71769017
M_temporal,2,val,743380,1,0.7842934
M_temporal,2,val,744145,0,0.7429737
M_temporal,2,val,745143,0,0.59591585
M_temporal,2,val,745489,1,0.5212959
M_temporal,2,val,746867,0,0.3863617
M_temporal,2,val,747906,0,0.48439142
M_temporal,2,val,749268,1,0.61088693
M_temporal,2,val,752967,1,0.666144
M_temporal,2,val,752970,0,0.6870299
M_temporal,2,val,755914,1,0.88237685
M_temporal,2,val,757410,0,0.72487044
M_temporal,2,val,765618,1,0.5897799
M_temporal,2,val,766763,1,0.45903218
M_temporal,2,val,767066,1,0.502277
M_temporal,2,val,769720,1,0.8787091
M_temporal,2,val,770052,0,0.50629675
M_temporal,2,val,803606,1,0.6637849
M_temporal,2,val,804052,1,0.5068782
M_temporal,2,val,806326,0,0.5836164
M_temporal,2,val,807529,0,0.6427561
M_temporal,2,val,813769,0,0.6224627
M_temporal,2,val,820530,1,0.7313806
M_temporal,2,val,822633,1,0.67410576
M_temporal,2,val,827739,0,0.63648856
M_temporal,2,val,829943,1,0.6562003
M_temporal,2,val,833210,1,0.5183899
M_temporal,2,val,834130,0,0.46210176
M_temporal,2,val,834393,0,0.64122814
M_temporal,2,val,834446,1,0.581142
M_temporal,2,val,835833,1,0.6053222
M_temporal,2,val,836931,1,0.51701784
M_temporal,2,val,844104,1,0.6592921
M_temporal,2,val,848723,1,0.45709753
M_temporal,2,val,849297,1,0.5546805
M_temporal,2,val,853842,1,0.66309065
M_temporal,2,val,857171,1,0.48670888
M_temporal,2,val,857521,0,0.5836639
M_temporal,2,val,857621,1,0.54575485
M_temporal,2,val,859236,0,0.64332306
M_temporal,2,val,867398,0,0.53628796
M_temporal,2,val,867481,0,0.63581574
M_temporal,2,val,868318,0,0.40275395
M_temporal,2,val,873206,1,0.5776084
M_temporal,2,val,875241,1,0.60966647
M_temporal,2,val,876098,1,0.6062624
M_temporal,2,val,877486,1,0.6363268
M_temporal,2,val,880466,1,0.64202255
M_temporal,2,val,885222,0,0.65923375
M_temporal,2,val,898035,1,0.4212783
M_temporal,2,val,899067,0,0.5364058
M_temporal,2,val,899206,1,0.6300965
M_temporal,2,val,899668,1,0.50777626
M_temporal,2,val,903654,1,0.7490981
M_temporal,2,val,935158,1,0.81160265
M_temporal,2,val,953310,1,0.5904826
M_temporal,2,val,953656,0,0.6731492
M_temporal,2,val,957325,1,0.5700302
M_temporal,2,val,959771,1,0.70727086
M_temporal,2,val,960726,0,0.61218584
M_temporal,2,val,961563,0,0.37652546
M_temporal,2,val,962643,1,0.5373355
M_temporal,2,val,963182,1,0.6528545
M_temporal,2,val,963540,1,0.88761014
M_temporal,2,val,967064,1,0.3753161
M_temporal,2,val,972111,0,0.68627715
M_temporal,2,val,975370,0,0.8590126
M_temporal,2,val,976220,1,0.5890427
M_temporal,2,val,978990,0,0.3733532
M_temporal,2,val,982055,0,0.49583247
M_temporal,2,val,982477,0,0.58747363
M_temporal,2,val,982545,1,0.6415966
M_temporal,2,val,983856,1,0.5397486
M_temporal,2,val,983916,1,0.47075158
M_temporal,2,val,985152,1,0.70370615
M_temporal,2,val,987657,1,0.91489774
M_temporal,2,val,988590,1,0.91056097
M_temporal,2,val,989038,1,0.61460465
M_temporal,2,val,990510,1,0.7110866
M_temporal,2,val,991790,1,0.7230263
M_temporal,2,val,993731,1,0.63291705
M_temporal,2,val,994160,1,0.61243594
M_temporal,2,val,994960,0,0.5063923
M_temporal,2,val,995346,0,0.6246575
M_temporal,2,val,1000434,1,0.5429281
M_temporal,2,val,1002373,1,0.7895345
M_temporal,2,val,1002968,1,0.70186156
M_temporal,2,val,1005095,1,0.85880953
M_temporal,2,val,1006489,0,0.5808664
M_temporal,2,val,1013371,1,0.6766444
M_temporal,2,val,1021541,1,0.5708012
M_temporal,2,val,1030940,1,0.4206578
M_temporal,2,val,1033938,0,0.7658258
M_temporal,2,val,1036745,1,0.60221684
M_temporal,2,val,1040848,0,0.7136142
M_temporal,2,val,1042457,0,0.42195776
M_temporal,2,val,1048580,1,0.6319371
M_temporal,2,val,1049886,1,0.6829275
M_temporal,2,val,1050525,1,0.63755023
M_temporal,2,val,1056454,1,0.81980276
M_temporal,2,val,1057961,0,0.5164543
M_temporal,2,val,1058939,1,0.5987888
M_temporal,2,val,1058965,1,0.4687987
M_temporal,2,val,1061023,1,0.7769983
M_temporal,2,val,1065129,1,0.5019973
M_temporal,2,val,1068977,0,0.6265599
M_temporal,2,val,1069003,0,0.75962687
M_temporal,2,val,1071801,0,0.5827181
M_temporal,2,val,1073471,1,0.6832124
M_temporal,2,val,1073751,1,0.30724263
M_temporal,2,val,1073787,1,0.4160623
M_temporal,2,val,1074093,1,0.6329966
M_temporal,2,val,1075990,0,0.49911097
M_temporal,2,val,1076383,1,0.63605833
M_temporal,2,val,1077013,1,0.6632243
M_temporal,2,val,1078392,1,0.6045097
M_temporal,2,val,1079219,0,0.57282805
M_temporal,2,val,1079586,0,0.58773947
M_temporal,2,val,1079656,1,0.60185564
M_temporal,2,val,1079923,0,0.48245
M_temporal,2,val,1080470,1,0.53056294
M_temporal,2,val,1081738,1,0.6022109
M_temporal,2,val,1082124,1,0.3232328
M_temporal,2,val,1084347,0,0.5299751
M_temporal,2,val,1085496,1,0.9299568
M_temporal,2,val,1087391,0,0.561637
M_temporal,2,val,1087667,1,0.58178514
M_temporal,2,val,1087796,0,0.49782306
M_temporal,2,val,1088918,1,0.51028275
M_temporal,2,val,1089436,0,0.44662797
M_temporal,2,val,1089796,1,0.5948484
M_temporal,2,val,1090438,1,0.7458076
M_temporal,2,val,1090543,1,0.6578384
M_temporal,2,val,1092437,1,0.61377877
M_temporal,2,val,1092848,1,0.6789103
M_temporal,2,val,1092889,1,0.44613725
M_temporal,2,val,1092948,1,0.6285445
M_temporal,2,val,1093743,0,0.33295813
M_temporal,2,val,1093823,1,0.65041196
M_temporal,2,val,1094730,0,0.6449801
M_temporal,2,val,1097465,1,0.75225335
M_temporal,2,val,1097474,1,0.55105954
M_temporal,2,val,1098204,1,0.8035005
M_temporal,2,val,1099234,1,0.63677186
M_temporal,2,val,1099979,0,0.83045816
M_temporal,2,val,1101522,0,0.5260199
M_temporal,2,val,1102276,1,0.6565709
M_temporal,2,val,1102856,1,0.44875956
M_temporal,2,val,1103434,0,0.52585447
M_temporal,2,val,1103891,1,0.3585705
M_temporal,2,val,1104649,1,0.65054023
M_temporal,2,val,1105121,0,0.7951706
M_temporal,2,val,1105241,0,0.5275424
M_temporal,2,val,1105299,0,0.56981176
M_temporal,2,val,1105715,1,0.80199194
M_temporal,2,val,1107359,1,0.74674124
M_temporal,2,val,1107910,1,0.61260295
M_temporal,2,val,1109280,1,0.76578695
M_temporal,2,val,1109782,1,0.6505353
M_temporal,2,val,1111153,0,0.6372115
M_temporal,2,val,1111157,0,0.6269747
M_temporal,2,val,1111426,0,0.4843524
M_temporal,2,val,1111513,1,0.71590066
M_temporal,2,val,1111920,1,0.7665059
M_temporal,2,val,1112811,1,0.57410896
M_temporal,2,val,1113155,0,0.5725407
M_temporal,2,val,1113398,1,0.53315943
M_temporal,2,val,1115212,1,0.67770046
M_temporal,2,val,1115427,1,0.53116953
M_temporal,2,val,1116007,0,0.41297984
M_temporal,2,val,1116601,0,0.58584476
M_temporal,2,val,1116926,1,0.7918481
M_temporal,2,val,1117576,0,0.59369177
M_temporal,2,val,1117714,1,0.8962796
M_temporal,2,val,1117752,1,0.73827285
M_temporal,2,val,1117975,1,0.9155967
M_temporal,2,val,1118436,1,0.69832194
M_temporal,2,val,1118542,0,0.6426144
M_temporal,2,val,1118849,1,0.49618846
M_temporal,2,val,1119248,1,0.6658437
M_temporal,2,val,1119520,0,0.58491296
M_temporal,2,val,1119526,1,0.67826587
M_temporal,2,val,1119652,1,0.7053479
M_temporal,2,val,1119666,1,0.6804019
M_temporal,2,val,1119802,1,0.60832703
M_temporal,2,val,1119855,0,0.7368188
M_temporal,2,val,1120326,1,0.5808411
M_temporal,2,val,1120436,0,0.54543144
M_temporal,2,val,1120645,0,0.25413632
M_temporal,2,val,1120684,0,0.6561193
M_temporal,2,val,1120869,0,0.5186448
M_temporal,2,val,1121493,0,0.4740392
M_temporal,2,val,1121705,1,0.86694443
M_temporal,2,val,1121914,1,0.82291245
M_temporal,2,val,1122025,1,0.60128534
M_temporal,2,val,1122057,0,0.5773182
M_temporal,2,val,1122513,1,0.57182086
M_temporal,2,val,1123015,0,0.6890674
M_temporal,2,val,1123071,1,0.48225796
M_temporal,2,val,1124095,1,0.6067258
M_temporal,2,val,1125442,1,1.034807
M_temporal,2,val,1127285,0,0.4588406
M_temporal,2,val,1127560,1,0.7538204
M_temporal,2,val,1128117,1,0.61293167
M_temporal,2,val,1128350,1,0.63910955
M_temporal,2,val,1129711,0,0.57891005
M_temporal,2,val,1129961,0,0.59199643
M_temporal,2,val,1131906,1,0.6252786
M_temporal,2,val,1132251,1,0.7294169
M_temporal,2,val,1132255,0,0.6988752
M_temporal,2,val,1132760,0,0.8115287
M_temporal,2,val,1133011,0,0.5348717
M_temporal,2,val,1133607,1,0.5975802
M_temporal,2,val,1134095,1,0.48905966
M_temporal,2,val,1134921,1,0.6194355
M_temporal,2,val,1135094,0,0.6537498
M_temporal,2,val,1135191,0,0.6629842
M_temporal,2,val,1136524,0,0.40895987
M_temporal,2,val,1136723,0,0.43171972
M_temporal,2,val,1136790,1,0.7641164
M_temporal,2,val,1136946,0,0.6022322
M_temporal,2,val,1136981,1,0.61392564
M_temporal,2,val,1137743,1,0.70812774
M_temporal,2,val,1137897,1,0.8278878
M_temporal,2,val,1138757,1,0.64019644
M_temporal,2,val,1139275,1,0.7591491
M_temporal,2,val,1140239,1,0.696524
M_temporal,2,val,1141115,1,0.860926
M_temporal,2,val,1141596,0,0.63618666
M_temporal,2,val,1142051,1,0.77108663
M_temporal,2,val,1142643,1,0.59359676
M_temporal,2,val,1142724,0,0.75386584
M_temporal,2,val,1143116,0,0.6143123
M_temporal,2,val,1143964,1,0.89986265
M_temporal,2,val,1144198,1,0.635923
M_temporal,2,val,1144614,1,0.7163864
M_temporal,2,val,1145385,0,0.5273895
M_temporal,2,val,1145450,0,0.49796683
M_temporal,2,val,1145704,1,0.5929838
M_temporal,2,val,1146057,0,0.8218576
M_temporal,2,val,1146465,0,0.5703509
M_temporal,2,val,1146999,1,0.6827937
M_temporal,2,val,1147005,0,0.5025118
M_temporal,2,val,1147122,1,0.66570294
M_temporal,2,val,1147843,1,0.58411014
M_temporal,2,val,1148270,0,0.6049121
M_temporal,2,val,1149196,0,0.7257647
M_temporal,2,val,1149831,1,0.60064375
M_temporal,2,val,1149904,0,0.56260496
M_temporal,2,val,1150324,0,0.6072791
M_temporal,2,val,1150911,0,0.54531294
M_temporal,2,val,1151371,1,0.60130477
M_temporal,2,val,1151387,0,0.6281722
M_temporal,2,val,1151393,1,0.7630762
M_temporal,2,val,1151510,0,0.5260464
M_temporal,2,val,1152877,0,0.8375673
M_temporal,2,val,1153056,1,0.65294605
M_temporal,2,val,1153155,1,0.7706415
M_temporal,2,val,1153931,1,0.67205846
M_temporal,2,val,1155546,1,0.50224173
M_temporal,2,val,1155802,1,0.4259681
M_temporal,2,val,1156057,0,0.8295943
M_temporal,2,val,1156739,1,0.8025154
M_temporal,2,val,1156847,1,0.6176495
M_temporal,2,val,1156904,1,0.97786117
M_temporal,2,val,1157181,1,0.7474449
M_temporal,2,val,1205869,1,0.9127842
M_temporal,2,val,1205937,0,0.7331998
M_temporal,2,val,1206010,0,0.66818213
M_temporal,2,val,1206766,1,0.46832624
M_temporal,2,val,1207435,1,0.7067048
M_temporal,2,val,1207793,1,0.60423297
M_temporal,2,val,1207923,1,0.64229304
M_temporal,2,val,1208350,1,0.78159064
M_temporal,2,val,1208880,1,0.32439288
M_temporal,2,val,1209469,1,0.5980994
M_temporal,2,val,1209502,0,0.6013479
M_temporal,2,val,1209699,0,0.51140064
M_temporal,2,val,1210123,0,0.80324465
M_temporal,2,val,1210315,0,0.59625626
M_temporal,2,val,1211177,1,0.73155004
M_temporal,2,val,1211297,1,0.7831086
M_temporal,2,val,1211321,1,0.49646792
M_temporal,2,val,1211878,1,0.68192995
M_temporal,2,val,1212103,1,0.7196817
M_temporal,2,val,1212313,0,0.6319688
M_temporal,2,val,1212354,0,0.39007178
M_temporal,2,val,1212394,1,0.63097715
M_temporal,2,val,1212797,1,0.8205246
M_temporal,2,val,1213174,1,0.49275225
M_temporal,2,val,1213716,1,0.6579958
M_temporal,2,val,1213929,1,0.72388196
M_temporal,2,val,1214506,1,0.98153484
M_temporal,2,val,1215252,0,0.6197151
M_temporal,2,val,1215332,0,0.7958135
M_temporal,2,val,1215381,0,0.5680936
M_temporal,2,val,1215388,0,0.6747469
M_temporal,2,val,1215420,1,0.76249397
M_temporal,2,val,1215443,0,0.78904516
M_temporal,2,val,1215869,0,0.76507443
M_temporal,2,val,1216904,0,0.7642129
M_temporal,2,val,1217080,1,0.7953019
M_temporal,2,val,1217218,0,0.49324608
M_temporal,2,val,1217635,1,0.8314887
M_temporal,2,val,1217769,1,0.66216713
M_temporal,2,val,1218335,1,0.6622933
M_temporal,2,val,1218829,1,0.77880025
M_temporal,2,val,1219765,1,0.8500258
M_temporal,2,val,1219935,1,0.8131
M_temporal,2,val,1220475,0,0.52741784
M_temporal,2,val,1220500,1,0.5427543
M_temporal,2,val,1220605,1,0.83820087
M_temporal,2,val,1220959,1,0.68673515
M_temporal,2,val,1221268,1,0.49946803
M_temporal,2,val,1221554,0,0.5614492
M_temporal,2,val,1221883,0,0.4876884
M_temporal,2,val,1222037,1,0.88546467
M_temporal,2,val,1223272,1,0.6619005
M_temporal,2,val,1223459,1,0.7040479
M_temporal,2,val,1223585,1,0.7492869
M_temporal,2,val,1223773,1,0.63935417
M_temporal,2,val,1223866,1,0.75847435
M_temporal,2,val,1223969,1,0.75525254
M_temporal,2,val,1224121,0,0.806094
M_temporal,2,val,1224698,0,0.62799835
M_temporal,2,val,1225046,0,0.5749335
M_temporal,2,val,1225751,1,0.7371225
M_temporal,2,val,1225914,0,0.6617127
M_temporal,2,val,1226824,0,0.5928798
M_temporal,2,val,1227195,1,0.73493063
M_temporal,2,val,1228020,1,0.7355442
M_temporal,2,val,1228509,1,0.76150596
M_temporal,2,val,1228820,0,0.5860008
M_temporal,2,val,1229766,1,0.708585
M_temporal,2,val,1229837,0,0.5196419
M_temporal,2,val,1229860,1,0.8577104
M_temporal,2,val,1229920,1,0.667342
M_temporal,2,val,1230241,1,0.7087326
M_temporal,2,val,1230259,1,0.6344887
M_temporal,2,val,1230724,1,0.8027438
M_temporal,2,val,1230781,0,0.49859637
M_temporal,2,val,1230810,1,0.6658992
M_temporal,2,val,1231114,1,0.6790284
M_temporal,2,val,1231343,1,0.71303314
M_temporal,2,val,1231638,1,0.51137066
M_temporal,2,val,1232033,0,0.34595734
M_temporal,2,val,1232188,1,0.73802286
M_temporal,2,val,1232333,1,0.5745674
M_temporal,2,val,1233203,1,0.80919176
M_temporal,2,val,1233777,1,0.51545775
M_temporal,2,val,1233962,0,0.67329425
M_temporal,2,val,1233970,1,0.5583004
M_temporal,2,val,1234198,0,0.6318844
M_temporal,2,val,1235172,0,0.60464305
M_temporal,2,val,1235254,0,0.51730424
M_temporal,2,val,1235265,1,0.7844485
M_temporal,2,val,1235697,1,0.39851713
M_temporal,2,val,1236071,1,0.59563696
M_temporal,2,val,1236083,0,0.6567271
M_temporal,2,val,1236734,1,0.6906542
M_temporal,2,val,1237352,1,0.84185463
M_temporal,2,val,1237367,1,0.5128153
M_temporal,2,val,1237508,1,0.85340685
M_temporal,2,val,1237839,0,0.6343457
M_temporal,2,val,1237971,1,0.73791414
M_temporal,2,val,1238001,0,0.86655974
M_temporal,2,val,1238292,0,0.62254834
M_temporal,2,val,1239029,1,0.69953954
M_temporal,2,val,1239095,1,0.6800188
M_temporal,2,val,1239127,0,0.51623625
M_temporal,2,val,1239331,1,0.6388616
M_temporal,2,val,1239701,0,0.6187793
M_temporal,2,val,1239881,1,0.49247193
M_temporal,2,val,1240282,0,0.53354406
M_temporal,2,val,1240710,1,0.65486556
M_temporal,2,val,1241104,0,0.53442264
M_temporal,2,val,1241185,0,0.44796243
M_temporal,2,val,1242267,1,0.9213495
M_temporal,2,val,1242283,0,0.6491571
M_temporal,2,val,1243098,1,0.838742
M_temporal,2,val,1243427,1,0.7080439
M_temporal,2,val,1243514,1,0.76954836
M_temporal,2,val,1243942,1,0.69987315
M_temporal,2,val,1244606,1,0.70898086
M_temporal,2,val,1244680,1,0.5283695
M_temporal,2,val,1245566,1,0.5275657
M_temporal,2,val,1245696,1,0.64498293
M_temporal,2,val,1246095,1,0.39481583
M_temporal,2,val,1246508,0,0.4125797
M_temporal,2,test,17109,1,0.58677197
M_temporal,2,test,22019,0,0.5586226
M_temporal,2,test,30603,1,0.80829346
M_temporal,2,test,36502,0,0.37534457
M_temporal,2,test,42908,1,0.6177157
M_temporal,2,test,52327,1,0.59085935
M_temporal,2,test,52609,1,0.6021688
M_temporal,2,test,54828,1,0.6470421
M_temporal,2,test,61867,0,0.6919273
M_temporal,2,test,63449,0,0.3280279
M_temporal,2,test,65596,0,0.77871424
M_temporal,2,test,68483,1,0.51209617
M_temporal,2,test,70693,0,0.7212346
M_temporal,2,test,74146,0,0.66469145
M_temporal,2,test,85978,1,0.5084019
M_temporal,2,test,86305,1,0.4563395
M_temporal,2,test,86310,1,0.63425165
M_temporal,2,test,91934,0,0.6015105
M_temporal,2,test,93011,0,0.67602503
M_temporal,2,test,98629,1,0.56216717
M_temporal,2,test,102312,1,0.5966544
M_temporal,2,test,105772,1,0.6796332
M_temporal,2,test,108509,1,0.47354996
M_temporal,2,test,113763,0,0.72270775
M_temporal,2,test,121544,1,0.66551495
M_temporal,2,test,132583,0,0.577842
M_temporal,2,test,143353,1,0.753268
M_temporal,2,test,144004,0,0.524898
M_temporal,2,test,157463,1,0.5298594
M_temporal,2,test,160103,1,0.782349
M_temporal,2,test,160197,1,0.8609578
M_temporal,2,test,163423,1,0.750461
M_temporal,2,test,164362,1,0.28952932
M_temporal,2,test,165324,0,0.6305765
M_temporal,2,test,166451,1,0.94281685
M_temporal,2,test,167707,1,0.64599764
M_temporal,2,test,180001,0,0.5246047
M_temporal,2,test,181034,1,0.46667296
M_temporal,2,test,182595,0,0.6708873
M_temporal,2,test,183219,0,0.5343405
M_temporal,2,test,184704,0,0.51550883
M_temporal,2,test,190049,1,0.7679342
M_temporal,2,test,203461,1,0.63642466
M_temporal,2,test,208652,1,0.7150545
M_temporal,2,test,216589,1,0.5528196
M_temporal,2,test,218529,1,0.64836293
M_temporal,2,test,220792,0,0.7638384
M_temporal,2,test,223651,1,0.4620497
M_temporal,2,test,229959,1,0.6134621
M_temporal,2,test,234398,0,0.55752677
M_temporal,2,test,234471,0,0.5302718
M_temporal,2,test,240229,0,0.54219955
M_temporal,2,test,250983,0,0.5384235
M_temporal,2,test,252362,0,0.6315939
M_temporal,2,test,271298,0,0.84120226
M_temporal,2,test,274179,0,0.8340193
M_temporal,2,test,275882,1,0.5393645
M_temporal,2,test,278098,0,0.48455268
M_temporal,2,test,278230,0,0.6377759
M_temporal,2,test,278485,0,0.45023936
M_temporal,2,test,285173,1,0.7581864
M_temporal,2,test,288581,1,0.48211858
M_temporal,2,test,293811,0,0.6742674
M_temporal,2,test,304034,0,0.82159555
M_temporal,2,test,309162,1,0.8044121
M_temporal,2,test,309228,1,0.7381388
M_temporal,2,test,315569,1,0.6661455
M_temporal,2,test,325318,0,0.42646828
M_temporal,2,test,327943,1,0.6964421
M_temporal,2,test,335403,0,0.466555
M_temporal,2,test,345895,1,0.75693315
M_temporal,2,test,350707,0,0.639351
M_temporal,2,test,353416,1,0.7765381
M_temporal,2,test,354035,1,0.70578414
M_temporal,2,test,360745,1,0.8722166
M_temporal,2,test,367686,0,0.55637807
M_temporal,2,test,369915,1,0.5172282
M_temporal,2,test,372332,1,0.8195605
M_temporal,2,test,374203,0,0.55205715
M_temporal,2,test,376880,1,0.7446694
M_temporal,2,test,377217,1,0.64423615
M_temporal,2,test,383626,1,0.73515314
M_temporal,2,test,384429,0,0.5049087
M_temporal,2,test,391348,0,0.61534876
M_temporal,2,test,398295,0,0.50903064
M_temporal,2,test,398592,1,0.52782524
M_temporal,2,test,400980,1,0.7029965
M_temporal,2,test,403399,0,0.5961749
M_temporal,2,test,405843,1,0.6521609
M_temporal,2,test,409579,1,0.74025965
M_temporal,2,test,410795,1,0.5739991
M_temporal,2,test,412716,1,0.69511884
M_temporal,2,test,419522,1,0.81870764
M_temporal,2,test,432045,0,0.6966629
M_temporal,2,test,432782,0,0.5525303
M_temporal,2,test,433303,1,0.69827867
M_temporal,2,test,438187,1,0.7734062
M_temporal,2,test,442019,0,0.7709844
M_temporal,2,test,442797,1,0.59912896
M_temporal,2,test,442895,1,0.65660954
M_temporal,2,test,443207,1,0.7918098
M_temporal,2,test,443610,0,0.7099103
M_temporal,2,test,445318,0,0.554696
M_temporal,2,test,451415,1,0.34530416
M_temporal,2,test,460422,1,0.7063261
M_temporal,2,test,460580,1,0.72784853
M_temporal,2,test,463375,1,0.4729221
M_temporal,2,test,465763,1,0.7244165
M_temporal,2,test,468342,1,0.722026
M_temporal,2,test,469078,1,0.5546508
M_temporal,2,test,476977,1,0.41373
M_temporal,2,test,477285,1,0.68426216
M_temporal,2,test,486523,0,0.3604951
M_temporal,2,test,488255,0,0.4406971
M_temporal,2,test,490630,1,0.7459769
M_temporal,2,test,492132,0,0.6639617
M_temporal,2,test,492492,0,0.4795094
M_temporal,2,test,507011,1,0.80442786
M_temporal,2,test,508867,1,0.5856632
M_temporal,2,test,511417,1,0.78928584
M_temporal,2,test,512053,1,0.646866
M_temporal,2,test,512180,1,0.61949694
M_temporal,2,test,515887,1,0.5784865
M_temporal,2,test,516493,0,0.6407934
M_temporal,2,test,525973,0,0.78365564
M_temporal,2,test,529750,0,0.66980284
M_temporal,2,test,536935,1,0.64170355
M_temporal,2,test,549363,0,0.49897748
M_temporal,2,test,552901,1,0.7361251
M_temporal,2,test,555492,0,0.54294
M_temporal,2,test,559178,1,0.6939793
M_temporal,2,test,565908,0,0.34229937
M_temporal,2,test,575773,1,0.71972775
M_temporal,2,test,580587,0,0.4820376
M_temporal,2,test,581598,1,0.64590317
M_temporal,2,test,588986,1,0.47396362
M_temporal,2,test,589857,0,0.7396359
M_temporal,2,test,591051,1,0.6642785
M_temporal,2,test,592121,0,0.5773498
M_temporal,2,test,592548,0,0.6802058
M_temporal,2,test,595954,1,0.6430456
M_temporal,2,test,596445,0,0.5395365
M_temporal,2,test,602165,1,0.631085
M_temporal,2,test,604557,1,0.61070013
M_temporal,2,test,605762,0,0.5013828
M_temporal,2,test,607813,0,0.61689794
M_temporal,2,test,610488,0,0.5113763
M_temporal,2,test,611309,0,0.5625682
M_temporal,2,test,615384,1,0.5378427
M_temporal,2,test,617695,0,0.6235209
M_temporal,2,test,618335,1,0.38816014
M_temporal,2,test,624692,1,0.7099645
M_temporal,2,test,626615,0,0.7716151
M_temporal,2,test,627587,1,0.6147525
M_temporal,2,test,628861,1,0.4768378
M_temporal,2,test,644091,1,0.571515
M_temporal,2,test,644443,1,0.4522039
M_temporal,2,test,647436,0,0.67525154
M_temporal,2,test,650259,0,0.67146
M_temporal,2,test,657738,0,0.7437786
M_temporal,2,test,660164,1,0.5694076
M_temporal,2,test,660433,0,0.6815364
M_temporal,2,test,663130,1,0.62039274
M_temporal,2,test,663548,1,0.6666858
M_temporal,2,test,665050,1,0.7439782
M_temporal,2,test,665220,1,0.8430734
M_temporal,2,test,671576,0,0.5839674
M_temporal,2,test,672172,1,0.28503063
M_temporal,2,test,677259,0,0.6359928
M_temporal,2,test,681120,1,0.72239375
M_temporal,2,test,684963,1,0.42412826
M_temporal,2,test,687171,1,0.52153003
M_temporal,2,test,690734,0,0.45873454
M_temporal,2,test,693326,1,0.35318336
M_temporal,2,test,696029,0,0.5364603
M_temporal,2,test,699877,0,0.62409997
M_temporal,2,test,701498,1,0.5669071
M_temporal,2,test,702078,0,0.50407696
M_temporal,2,test,702801,0,0.47183856
M_temporal,2,test,704059,0,0.5813001
M_temporal,2,test,704101,1,0.63326484
M_temporal,2,test,709805,1,0.70634097
M_temporal,2,test,711782,1,0.6522905
M_temporal,2,test,711787,1,0.65402186
M_temporal,2,test,712016,1,0.67225355
M_temporal,2,test,714764,0,0.55752736
M_temporal,2,test,715221,1,0.49121004
M_temporal,2,test,723474,0,0.5735643
M_temporal,2,test,726409,0,0.61187506
M_temporal,2,test,726499,0,0.50121444
M_temporal,2,test,740043,1,0.4958051
M_temporal,2,test,742847,0,0.8116613
M_temporal,2,test,743605,1,0.75002855
M_temporal,2,test,747584,1,0.66224897
M_temporal,2,test,750881,0,0.2789816
M_temporal,2,test,751252,0,0.38538864
M_temporal,2,test,755294,1,0.6201772
M_temporal,2,test,780355,1,0.68264097
M_temporal,2,test,789437,1,0.46159402
M_temporal,2,test,803706,1,0.526173
M_temporal,2,test,806762,0,0.4258789
M_temporal,2,test,808258,0,0.5006398
M_temporal,2,test,809234,1,0.6280406
M_temporal,2,test,818267,1,0.5299673
M_temporal,2,test,829142,1,0.7374378
M_temporal,2,test,835463,1,0.53494114
M_temporal,2,test,839278,1,0.6153079
M_temporal,2,test,841534,0,0.40485996
M_temporal,2,test,841748,1,0.7002747
M_temporal,2,test,844964,0,0.79760844
M_temporal,2,test,851163,1,0.72035414
M_temporal,2,test,851639,1,0.60923666
M_temporal,2,test,854069,1,0.47699118
M_temporal,2,test,855223,1,0.8781249
M_temporal,2,test,857435,1,0.76439786
M_temporal,2,test,860381,0,0.72356683
M_temporal,2,test,861607,0,0.39734158
M_temporal,2,test,872844,1,0.68979967
M_temporal,2,test,877831,0,0.6637059
M_temporal,2,test,878721,0,0.7058357
M_temporal,2,test,882885,1,0.65126693
M_temporal,2,test,883112,1,0.6624948
M_temporal,2,test,883479,0,0.56026465
M_temporal,2,test,885394,1,0.5032828
M_temporal,2,test,899469,1,0.6149864
M_temporal,2,test,900762,1,0.7373968
M_temporal,2,test,900957,1,0.85632706
M_temporal,2,test,924232,0,0.74963284
M_temporal,2,test,934409,0,0.5225415
M_temporal,2,test,941626,1,0.52052265
M_temporal,2,test,947197,1,0.6662712
M_temporal,2,test,951246,0,0.7690313
M_temporal,2,test,954440,1,0.5497437
M_temporal,2,test,956387,1,0.6541699
M_temporal,2,test,963985,1,0.73856074
M_temporal,2,test,966701,0,0.38763246
M_temporal,2,test,968655,0,0.49052924
M_temporal,2,test,976523,1,0.7001876
M_temporal,2,test,977714,1,0.72627974
M_temporal,2,test,979369,1,0.521981
M_temporal,2,test,980871,1,0.8099594
M_temporal,2,test,981562,0,0.57515574
M_temporal,2,test,986260,1,0.6923545
M_temporal,2,test,986510,1,0.7961346
M_temporal,2,test,989331,1,0.66662055
M_temporal,2,test,991197,0,0.51838756
M_temporal,2,test,991829,1,0.62949467
M_temporal,2,test,993100,1,0.7501242
M_temporal,2,test,993602,1,0.67378575
M_temporal,2,test,995694,1,0.71584606
M_temporal,2,test,996219,0,0.45939133
M_temporal,2,test,996551,0,0.63962847
M_temporal,2,test,1000725,1,0.40407187
M_temporal,2,test,1001535,1,0.54509157
M_temporal,2,test,1003409,1,0.8798594
M_temporal,2,test,1005121,1,0.54312545
M_temporal,2,test,1005171,1,0.6580995
M_temporal,2,test,1005619,1,0.6352649
M_temporal,2,test,1007363,0,0.56163675
M_temporal,2,test,1058429,1,0.66154087
M_temporal,2,test,1061584,1,0.754946
M_temporal,2,test,1062066,0,0.61906034
M_temporal,2,test,1066534,1,0.45494127
M_temporal,2,test,1067041,1,0.7442993
M_temporal,2,test,1067177,1,0.5543166
M_temporal,2,test,1068069,1,0.58073395
M_temporal,2,test,1068151,0,0.5876165
M_temporal,2,test,1068390,1,0.55914587
M_temporal,2,test,1068426,1,0.5838686
M_temporal,2,test,1068928,0,0.60639167
M_temporal,2,test,1069432,1,0.58644676
M_temporal,2,test,1069948,1,0.6920373
M_temporal,2,test,1070002,1,0.5251088
M_temporal,2,test,1070070,1,0.6399685
M_temporal,2,test,1070173,1,0.7251174
M_temporal,2,test,1071053,0,0.69719374
M_temporal,2,test,1071949,1,0.36134064
M_temporal,2,test,1072395,1,0.67844623
M_temporal,2,test,1073214,1,0.6833962
M_temporal,2,test,1073232,0,0.6390681
M_temporal,2,test,1073268,1,0.59785986
M_temporal,2,test,1073839,0,0.53671974
M_temporal,2,test,1074312,0,0.64642906
M_temporal,2,test,1074427,1,0.58834606
M_temporal,2,test,1074571,1,0.53752977
M_temporal,2,test,1074753,0,0.6994656
M_temporal,2,test,1075228,1,0.7218262
M_temporal,2,test,1075404,1,0.644797
M_temporal,2,test,1075699,1,0.6328914
M_temporal,2,test,1077606,1,0.58865243
M_temporal,2,test,1079282,1,0.82973874
M_temporal,2,test,1081059,1,0.2860239
M_temporal,2,test,1081377,0,0.7167987
M_temporal,2,test,1081798,0,0.59850216
M_temporal,2,test,1082290,0,0.6680996
M_temporal,2,test,1082987,0,0.78202313
M_temporal,2,test,1084214,1,0.5857539
M_temporal,2,test,1084630,1,0.54157305
M_temporal,2,test,1085216,0,0.43310463
M_temporal,2,test,1086129,1,0.4971853
M_temporal,2,test,1086243,1,0.823016
M_temporal,2,test,1086770,1,0.6257904
M_temporal,2,test,1086772,1,0.54930526
M_temporal,2,test,1087850,0,0.375943
M_temporal,2,test,1089310,0,0.6904303
M_temporal,2,test,1089629,0,0.7486079
M_temporal,2,test,1091748,1,0.82396597
M_temporal,2,test,1093139,0,0.6438507
M_temporal,2,test,1093650,1,0.74220574
M_temporal,2,test,1094011,1,0.7460965
M_temporal,2,test,1094046,1,0.5494627
M_temporal,2,test,1094897,1,0.7670662
M_temporal,2,test,1095869,1,0.77761406
M_temporal,2,test,1095940,1,0.5654495
M_temporal,2,test,1096850,1,0.6712712
M_temporal,2,test,1096858,1,0.5808588
M_temporal,2,test,1098886,1,0.58253574
M_temporal,2,test,1103930,1,0.5045395
M_temporal,2,test,1104113,1,0.9179835
M_temporal,2,test,1104452,1,0.8342582
M_temporal,2,test,1104592,1,0.6222639
M_temporal,2,test,1105198,0,0.5376959
M_temporal,2,test,1105837,1,0.48166394
M_temporal,2,test,1106300,1,0.5784823
M_temporal,2,test,1106596,0,0.6586479
M_temporal,2,test,1107096,1,0.6043184
M_temporal,2,test,1107291,0,0.53962755
M_temporal,2,test,1107631,1,0.8812262
M_temporal,2,test,1108050,1,0.72543406
M_temporal,2,test,1109506,1,0.932816
M_temporal,2,test,1109526,1,0.75821704
M_temporal,2,test,1109598,1,0.8067543
M_temporal,2,test,1109983,1,0.6214062
M_temporal,2,test,1111098,1,0.736731
M_temporal,2,test,1111860,1,0.63508457
M_temporal,2,test,1113294,1,0.46056598
M_temporal,2,test,1113365,1,0.72017807
M_temporal,2,test,1113808,0,0.4950851
M_temporal,2,test,1115713,1,0.5695388
M_temporal,2,test,1116144,1,0.6058246
M_temporal,2,test,1116479,0,0.5454808
M_temporal,2,test,1116580,1,0.7937435
M_temporal,2,test,1117063,0,0.58984125
M_temporal,2,test,1117243,1,0.7689109
M_temporal,2,test,1117669,0,0.71944785
M_temporal,2,test,1117701,1,0.7289626
M_temporal,2,test,1117869,1,0.5715842
M_temporal,2,test,1118191,1,0.64722455
M_temporal,2,test,1118291,0,0.4497641
M_temporal,2,test,1118398,1,0.7219177
M_temporal,2,test,1118511,1,0.6427101
M_temporal,2,test,1118641,0,0.5269153
M_temporal,2,test,1119092,1,0.65217465
M_temporal,2,test,1119930,1,0.63150275
M_temporal,2,test,1120836,1,0.8198887
M_temporal,2,test,1121365,1,0.7220475
M_temporal,2,test,1121559,1,0.65939665
M_temporal,2,test,1121672,1,0.3880058
M_temporal,2,test,1121736,0,0.697186
M_temporal,2,test,1121795,1,0.87062967
M_temporal,2,test,1121927,1,0.66391
M_temporal,2,test,1122004,0,0.52599263
M_temporal,2,test,1122185,1,0.67719215
M_temporal,2,test,1122658,1,0.9301554
M_temporal,2,test,1122760,0,0.5212402
M_temporal,2,test,1123435,1,0.5739402
M_temporal,2,test,1123551,0,0.42058206
M_temporal,2,test,1123858,0,0.6719049
M_temporal,2,test,1124152,0,0.6265533
M_temporal,2,test,1124180,0,0.5804829
M_temporal,2,test,1124482,1,0.8225905
M_temporal,2,test,1126244,0,0.76387215
M_temporal,2,test,1126628,1,0.52415013
M_temporal,2,test,1126767,0,0.6792103
M_temporal,2,test,1127029,0,0.7409509
M_temporal,2,test,1127812,1,0.48776165
M_temporal,2,test,1128467,1,0.76704365
M_temporal,2,test,1128811,0,0.66234887
M_temporal,2,test,1129353,0,0.716648
M_temporal,2,test,1129383,1,0.80999494
M_temporal,2,test,1129401,1,0.67744166
M_temporal,2,test,1130020,1,0.6773075
M_temporal,2,test,1130043,1,1.0324994
M_temporal,2,test,1130495,1,0.50267553
M_temporal,2,test,1130530,0,0.5856216
M_temporal,2,test,1131124,1,0.58755785
M_temporal,2,test,1131656,1,0.6989629
M_temporal,2,test,1132058,1,0.7282284
M_temporal,2,test,1132465,1,0.42184305
M_temporal,2,test,1132886,0,0.5706276
M_temporal,2,test,1133211,1,0.52655476
M_temporal,2,test,1134193,1,0.6447801
M_temporal,2,test,1134339,0,0.5624328
M_temporal,2,test,1135004,0,0.50698286
M_temporal,2,test,1136675,1,0.683322
M_temporal,2,test,1136878,1,0.4989155
M_temporal,2,test,1137456,0,0.39402658
M_temporal,2,test,1137818,1,0.7453153
M_temporal,2,test,1138670,1,0.5061307
M_temporal,2,test,1138681,1,0.5137889
M_temporal,2,test,1138864,1,0.42145962
M_temporal,2,test,1140316,1,0.87473744
M_temporal,2,test,1142126,0,0.7689669
M_temporal,2,test,1142188,1,0.5890731
M_temporal,2,test,1144028,0,0.97306013
M_temporal,2,test,1144147,0,0.527395
M_temporal,2,test,1144488,1,0.7656547
M_temporal,2,test,1144757,1,0.6923765
M_temporal,2,test,1145720,0,0.6676391
M_temporal,2,test,1146563,0,0.6814859
M_temporal,2,test,1146584,1,0.51115173
M_temporal,2,test,1148113,1,0.5736679
M_temporal,2,test,1148157,1,0.6685206
M_temporal,2,test,1148282,1,0.6653886
M_temporal,2,test,1148607,1,0.6774884
M_temporal,2,test,1148756,1,0.74099934
M_temporal,2,test,1148957,1,0.60516167
M_temporal,2,test,1149553,1,0.84557855
M_temporal,2,test,1149963,1,0.6803175
M_temporal,2,test,1150067,1,0.56048506
M_temporal,2,test,1150178,1,0.66757464
M_temporal,2,test,1151052,0,0.57075393
M_temporal,2,test,1151422,1,0.8722052
M_temporal,2,test,1151513,1,0.6889593
M_temporal,2,test,1151818,0,0.4756344
M_temporal,2,test,1152700,1,0.64065385
M_temporal,2,test,1152707,0,0.6647416
M_temporal,2,test,1153263,0,0.6015086
M_temporal,2,test,1153649,0,0.69468397
M_temporal,2,test,1153914,1,0.61295575
M_temporal,2,test,1154191,1,0.5604254
M_temporal,2,test,1154313,1,0.6823155
M_temporal,2,test,1154712,1,0.7325088
M_temporal,2,test,1155176,1,0.62657964
M_temporal,2,test,1155575,1,0.49564788
M_temporal,2,test,1156251,1,0.5445211
M_temporal,2,test,1156386,1,0.7447065
M_temporal,2,test,1156786,1,0.68062055
M_temporal,2,test,1156887,1,0.7083811
M_temporal,2,test,1158961,1,0.58208245
M_temporal,2,test,1205766,1,0.75816524
M_temporal,2,test,1205889,1,0.83390325
M_temporal,2,test,1206310,1,0.4768654
M_temporal,2,test,1207017,1,0.56618214
M_temporal,2,test,1207116,1,0.5870571
M_temporal,2,test,1207484,0,0.6114915
M_temporal,2,test,1207861,1,0.6363561
M_temporal,2,test,1207963,1,0.7898631
M_temporal,2,test,1208561,1,0.54667544
M_temporal,2,test,1208898,1,0.518752
M_temporal,2,test,1209022,1,0.93019855
M_temporal,2,test,1209496,0,0.3325235
M_temporal,2,test,1210080,0,0.49655336
M_temporal,2,test,1210100,0,0.6842005
M_temporal,2,test,1210485,1,0.53596544
M_temporal,2,test,1210639,1,0.6930689
M_temporal,2,test,1210786,0,0.539405
M_temporal,2,test,1210809,1,0.58619153
M_temporal,2,test,1211001,1,0.7817585
M_temporal,2,test,1211380,1,0.7331659
M_temporal,2,test,1212066,0,0.6853792
M_temporal,2,test,1212451,0,0.5244254
M_temporal,2,test,1212582,1,0.65544677
M_temporal,2,test,1213071,1,0.2674331
M_temporal,2,test,1213526,1,0.5921492
M_temporal,2,test,1214739,0,0.7122423
M_temporal,2,test,1214832,0,0.52406734
M_temporal,2,test,1215142,0,0.61265165
M_temporal,2,test,1215607,0,0.80977786
M_temporal,2,test,1216041,1,0.5082878
M_temporal,2,test,1216045,1,0.78621125
M_temporal,2,test,1216704,1,0.68073106
M_temporal,2,test,1216776,1,0.6877876
M_temporal,2,test,1217243,1,0.69635963
M_temporal,2,test,1218194,1,0.9196045
M_temporal,2,test,1218554,1,0.6321965
M_temporal,2,test,1218673,1,0.5043006
M_temporal,2,test,1219597,0,0.83730483
M_temporal,2,test,1219877,1,0.52199554
M_temporal,2,test,1220226,0,0.72138965
M_temporal,2,test,1220426,0,0.7285631
M_temporal,2,test,1220526,1,0.8549825
M_temporal,2,test,1220699,1,0.61526406
M_temporal,2,test,1220702,0,0.52309704
M_temporal,2,test,1220802,1,0.70429546
M_temporal,2,test,1220833,1,0.7056698
M_temporal,2,test,1220875,0,0.7257066
M_temporal,2,test,1221102,0,0.66341
M_temporal,2,test,1221236,1,0.704787
M_temporal,2,test,1221707,0,0.84463704
M_temporal,2,test,1222369,0,0.56233996
M_temporal,2,test,1222988,1,0.63312435
M_temporal,2,test,1223193,0,0.62139755
M_temporal,2,test,1223568,1,0.7337334
M_temporal,2,test,1223754,0,0.5565158
M_temporal,2,test,1224229,1,0.6063804
M_temporal,2,test,1224519,1,0.7939162
M_temporal,2,test,1224731,1,0.64585596
M_temporal,2,test,1225050,0,0.71839255
M_temporal,2,test,1225323,1,0.6330566
M_temporal,2,test,1225341,1,0.6309958
M_temporal,2,test,1225388,0,0.7622439
M_temporal,2,test,1225413,1,0.66721547
M_temporal,2,test,1225605,0,0.41314185
M_temporal,2,test,1226794,0,0.76025486
M_temporal,2,test,1226946,1,0.5471223
M_temporal,2,test,1227262,1,0.44364265
M_temporal,2,test,1227437,1,0.64066255
M_temporal,2,test,1227597,0,0.7965482
M_temporal,2,test,1227732,1,0.71686256
M_temporal,2,test,1227755,1,0.7280094
M_temporal,2,test,1227765,1,0.49524418
M_temporal,2,test,1228018,1,0.5329897
M_temporal,2,test,1228461,1,0.7996054
M_temporal,2,test,1228842,0,0.7612121
M_temporal,2,test,1229345,1,0.7127015
M_temporal,2,test,1229605,0,0.8712194
M_temporal,2,test,1230051,1,0.73370934
M_temporal,2,test,1230374,1,0.79384685
M_temporal,2,test,1230384,0,0.6689558
M_temporal,2,test,1230408,1,0.5069509
M_temporal,2,test,1230574,0,0.6583667
M_temporal,2,test,1230712,0,0.5955339
M_temporal,2,test,1230855,0,0.4565857
M_temporal,2,test,1231339,0,0.6374011
M_temporal,2,test,1232028,0,0.56833553
M_temporal,2,test,1233241,0,0.67025274
M_temporal,2,test,1233508,1,0.664231
M_temporal,2,test,1233527,1,0.74869573
M_temporal,2,test,1233621,0,0.7167702
M_temporal,2,test,1233632,1,0.8150656
M_temporal,2,test,1233791,1,0.62072843
M_temporal,2,test,1234521,0,0.5514832
M_temporal,2,test,1235863,1,0.6176636
M_temporal,2,test,1235882,0,0.5821788
M_temporal,2,test,1235914,0,0.5963181
M_temporal,2,test,1235985,1,0.59365416
M_temporal,2,test,1236656,0,0.5908826
M_temporal,2,test,1237272,1,0.6685862
M_temporal,2,test,1237647,0,0.78119725
M_temporal,2,test,1238245,1,0.70814264
M_temporal,2,test,1238297,0,0.89395106
M_temporal,2,test,1238348,0,0.5859226
M_temporal,2,test,1238457,1,0.5992971
M_temporal,2,test,1238537,0,0.910632
M_temporal,2,test,1238550,1,0.61925787
M_temporal,2,test,1238559,1,0.769634
M_temporal,2,test,1238835,1,0.51839226
M_temporal,2,test,1238864,1,0.6224519
M_temporal,2,test,1238867,1,0.755629
M_temporal,2,test,1238917,0,0.7311701
M_temporal,2,test,1238960,1,0.67567694
M_temporal,2,test,1239042,1,0.40597564
M_temporal,2,test,1239079,1,0.48093402
M_temporal,2,test,1239224,1,0.49108893
M_temporal,2,test,1239283,1,0.59885955
M_temporal,2,test,1239427,1,0.84426063
M_temporal,2,test,1239611,1,0.6509384
M_temporal,2,test,1239907,1,0.67225444
M_temporal,2,test,1241318,1,0.44000098
M_temporal,2,test,1241362,1,0.891376
M_temporal,2,test,1241625,0,0.68806326
M_temporal,2,test,1241779,1,0.7790616
M_temporal,2,test,1242413,1,0.6687128
M_temporal,2,test,1242831,0,0.6040486
M_temporal,2,test,1243993,0,0.6010092
M_temporal,2,test,1244763,0,0.49354902
M_temporal,2,test,1244765,0,0.44800085
M_temporal,2,test,1245905,1,0.5077982
M_temporal,2,test,1245930,0,0.4746917
M_temporal,2,test,1246192,1,0.72549033
M_temporal,2,test,1246490,1,0.70024025
M_temporal,2,test,1246702,1,0.63890505
M_shuffled,2,val,12246,1,0.4247938
M_shuffled,2,val,15488,1,0.49453932
M_shuffled,2,val,16787,0,0.5908294
M_shuffled,2,val,20993,1,0.66509295
M_shuffled,2,val,28836,1,0.8250845
M_shuffled,2,val,31619,1,0.6075952
M_shuffled,2,val,32089,0,0.7357004
M_shuffled,2,val,33225,1,0.5254748
M_shuffled,2,val,35136,1,0.57399154
M_shuffled,2,val,38963,1,0.57215506
M_shuffled,2,val,43310,1,0.6884793
M_shuffled,2,val,45419,1,0.6075783
M_shuffled,2,val,62606,1,0.73330075
M_shuffled,2,val,64928,1,0.45550245
M_shuffled,2,val,66226,1,0.64855826
M_shuffled,2,val,68648,0,0.5877008
M_shuffled,2,val,86896,0,0.5793952
M_shuffled,2,val,88424,1,0.64411175
M_shuffled,2,val,93202,0,0.6606203
M_shuffled,2,val,95626,1,0.7090092
M_shuffled,2,val,100595,0,0.70227635
M_shuffled,2,val,112715,1,0.67901194
M_shuffled,2,val,116182,1,0.65597224
M_shuffled,2,val,121258,1,0.5871222
M_shuffled,2,val,121744,1,0.71093124
M_shuffled,2,val,123208,1,0.640531
M_shuffled,2,val,125059,1,0.63689774
M_shuffled,2,val,129040,1,0.5699456
M_shuffled,2,val,130832,1,0.57085454
M_shuffled,2,val,139693,0,0.64858425
M_shuffled,2,val,140328,0,0.7025085
M_shuffled,2,val,152430,1,0.70928824
M_shuffled,2,val,154147,1,0.7723476
M_shuffled,2,val,156299,1,0.61887896
M_shuffled,2,val,159617,1,0.63441616
M_shuffled,2,val,162979,1,0.60144925
M_shuffled,2,val,163659,1,0.67445785
M_shuffled,2,val,167183,1,0.60464036
M_shuffled,2,val,169449,1,0.5707842
M_shuffled,2,val,169727,0,0.7059168
M_shuffled,2,val,173162,0,0.5715032
M_shuffled,2,val,175032,0,0.6391891
M_shuffled,2,val,181466,0,0.7608141
M_shuffled,2,val,184874,1,0.6322976
M_shuffled,2,val,186257,0,0.6825614
M_shuffled,2,val,190187,0,0.705105
M_shuffled,2,val,198213,1,0.6115873
M_shuffled,2,val,202039,0,0.640205
M_shuffled,2,val,203640,1,0.6957028
M_shuffled,2,val,210361,1,0.7095559
M_shuffled,2,val,216010,1,0.7680389
M_shuffled,2,val,217013,0,0.855258
M_shuffled,2,val,219309,1,0.627658
M_shuffled,2,val,226859,0,0.50567114
M_shuffled,2,val,227399,0,0.45303974
M_shuffled,2,val,234696,1,0.67112374
M_shuffled,2,val,245427,1,0.7176378
M_shuffled,2,val,248666,1,0.5431205
M_shuffled,2,val,255374,0,0.6292752
M_shuffled,2,val,271883,1,0.5372859
M_shuffled,2,val,274322,1,0.66329473
M_shuffled,2,val,274345,0,0.7624453
M_shuffled,2,val,274563,1,0.6558263
M_shuffled,2,val,277012,1,0.48079312
M_shuffled,2,val,278134,1,0.7209697
M_shuffled,2,val,282212,1,0.5088512
M_shuffled,2,val,285801,1,0.59185886
M_shuffled,2,val,290944,0,0.5917968
M_shuffled,2,val,305034,0,0.5623704
M_shuffled,2,val,306770,0,0.5522487
M_shuffled,2,val,308426,1,0.6239531
M_shuffled,2,val,310464,1,0.59730685
M_shuffled,2,val,310596,0,0.60328794
M_shuffled,2,val,311547,1,0.5888452
M_shuffled,2,val,311717,0,0.5990359
M_shuffled,2,val,312810,1,0.59638524
M_shuffled,2,val,313664,1,0.57466686
M_shuffled,2,val,319549,1,0.7610345
M_shuffled,2,val,324095,1,0.69454396
M_shuffled,2,val,331536,1,0.6063563
M_shuffled,2,val,332529,1,0.68844295
M_shuffled,2,val,337613,1,0.64047664
M_shuffled,2,val,338312,1,0.5677936
M_shuffled,2,val,345087,1,0.6493983
M_shuffled,2,val,345832,0,0.6344526
M_shuffled,2,val,348567,1,0.69457227
M_shuffled,2,val,348988,1,0.582846
M_shuffled,2,val,352441,0,0.6466369
M_shuffled,2,val,353886,0,0.63659126
M_shuffled,2,val,355783,0,0.58446985
M_shuffled,2,val,368436,1,0.76613104
M_shuffled,2,val,370843,1,0.6875863
M_shuffled,2,val,383287,0,0.5742008
M_shuffled,2,val,387760,1,0.6961074
M_shuffled,2,val,398520,1,0.6595228
M_shuffled,2,val,400416,0,0.5066165
M_shuffled,2,val,400944,1,0.56234634
M_shuffled,2,val,402364,0,0.6684972
M_shuffled,2,val,409952,1,0.75298417
M_shuffled,2,val,412024,1,0.60561216
M_shuffled,2,val,413554,1,0.62181824
M_shuffled,2,val,419138,0,0.609246
M_shuffled,2,val,421493,0,0.3802294
M_shuffled,2,val,422674,1,0.70481133
M_shuffled,2,val,431921,0,0.62579185
M_shuffled,2,val,432168,1,0.6169569
M_shuffled,2,val,432540,1,0.71746004
M_shuffled,2,val,432906,1,0.55853367
M_shuffled,2,val,435436,0,0.58898616
M_shuffled,2,val,445545,1,0.63094044
M_shuffled,2,val,448027,0,0.5106603
M_shuffled,2,val,450155,1,0.9438208
M_shuffled,2,val,451844,1,0.7200646
M_shuffled,2,val,463298,1,0.78200275
M_shuffled,2,val,465401,1,0.7379191
M_shuffled,2,val,467821,0,0.5052065
M_shuffled,2,val,468086,1,0.5978126
M_shuffled,2,val,470865,1,0.585616
M_shuffled,2,val,477981,1,0.54547364
M_shuffled,2,val,482448,0,0.5945036
M_shuffled,2,val,486901,0,0.64988977
M_shuffled,2,val,487515,1,0.58870727
M_shuffled,2,val,490818,1,0.7008764
M_shuffled,2,val,490962,1,0.5970733
M_shuffled,2,val,493534,0,0.4427691
M_shuffled,2,val,506609,1,0.54153836
M_shuffled,2,val,508572,1,0.69429016
M_shuffled,2,val,513568,0,0.7002952
M_shuffled,2,val,518232,1,0.577468
M_shuffled,2,val,518961,1,0.6416141
M_shuffled,2,val,520017,0,0.6183419
M_shuffled,2,val,526518,0,0.53708994
M_shuffled,2,val,528647,1,0.68404937
M_shuffled,2,val,531193,0,0.6858707
M_shuffled,2,val,531462,1,0.6901813
M_shuffled,2,val,532148,1,0.5944858
M_shuffled,2,val,535178,1,0.57683045
M_shuffled,2,val,541544,1,0.58651876
M_shuffled,2,val,544153,1,0.54482913
M_shuffled,2,val,545205,0,0.5295316
M_shuffled,2,val,547533,1,0.5747297
M_shuffled,2,val,556177,0,0.75149274
M_shuffled,2,val,563033,0,0.5894511
M_shuffled,2,val,570135,0,0.66086936
M_shuffled,2,val,573425,1,0.61904997
M_shuffled,2,val,578084,0,0.58694094
M_shuffled,2,val,578406,1,0.6998549
M_shuffled,2,val,580750,0,0.72547776
M_shuffled,2,val,581298,1,0.5978374
M_shuffled,2,val,585465,1,0.61768353
M_shuffled,2,val,589139,1,0.65095437
M_shuffled,2,val,593504,1,0.71254116
M_shuffled,2,val,597579,1,0.8171493
M_shuffled,2,val,598821,0,0.54644614
M_shuffled,2,val,612720,1,0.7761466
M_shuffled,2,val,615119,1,0.80185723
M_shuffled,2,val,619649,1,0.53546
M_shuffled,2,val,620975,1,0.6173048
M_shuffled,2,val,624977,0,0.6618585
M_shuffled,2,val,627036,1,0.57689065
M_shuffled,2,val,629729,1,0.68644506
M_shuffled,2,val,644744,1,0.8060109
M_shuffled,2,val,651309,0,0.5649242
M_shuffled,2,val,653987,0,0.6769868
M_shuffled,2,val,657533,1,0.7475563
M_shuffled,2,val,660061,1,0.6630681
M_shuffled,2,val,660533,0,0.7011928
M_shuffled,2,val,661193,0,0.6490257
M_shuffled,2,val,673553,1,0.7244282
M_shuffled,2,val,677928,1,0.68389356
M_shuffled,2,val,681205,1,0.6014017
M_shuffled,2,val,681852,1,0.6500076
M_shuffled,2,val,682914,1,0.5311024
M_shuffled,2,val,686482,1,0.6691228
M_shuffled,2,val,689380,1,0.6075568
M_shuffled,2,val,690904,1,0.72845393
M_shuffled,2,val,695455,0,0.7940601
M_shuffled,2,val,697961,1,0.62199605
M_shuffled,2,val,700550,1,0.6645705
M_shuffled,2,val,704317,0,0.5703723
M_shuffled,2,val,705906,1,0.60617375
M_shuffled,2,val,707482,1,0.61464864
M_shuffled,2,val,707873,1,0.5498701
M_shuffled,2,val,714644,1,0.56958544
M_shuffled,2,val,715113,1,0.71665204
M_shuffled,2,val,718140,0,0.6993248
M_shuffled,2,val,719050,0,0.5641871
M_shuffled,2,val,719439,1,0.6415794
M_shuffled,2,val,726126,0,0.5394615
M_shuffled,2,val,726953,0,0.54733866
M_shuffled,2,val,738715,0,0.52270854
M_shuffled,2,val,743380,1,0.7006671
M_shuffled,2,val,744145,0,0.6561474
M_shuffled,2,val,745143,0,0.54343736
M_shuffled,2,val,745489,1,0.53420854
M_shuffled,2,val,746867,0,0.3582647
M_shuffled,2,val,747906,0,0.5841677
M_shuffled,2,val,749268,1,0.65430087
M_shuffled,2,val,752967,1,0.62538314
M_shuffled,2,val,752970,0,0.6040305
M_shuffled,2,val,755914,1,0.6669329
M_shuffled,2,val,757410,0,0.7894245
M_shuffled,2,val,765618,1,0.586995
M_shuffled,2,val,766763,1,0.6349018
M_shuffled,2,val,767066,1,0.6829742
M_shuffled,2,val,769720,1,0.8531569
M_shuffled,2,val,770052,0,0.5807206
M_shuffled,2,val,803606,1,0.7093691
M_shuffled,2,val,804052,1,0.4696747
M_shuffled,2,val,806326,0,0.552497
M_shuffled,2,val,807529,0,0.5912869
M_shuffled,2,val,813769,0,0.62141
M_shuffled,2,val,820530,1,0.65186894
M_shuffled,2,val,822633,1,0.5930795
M_shuffled,2,val,827739,0,0.7393215
M_shuffled,2,val,829943,1,0.59868646
M_shuffled,2,val,833210,1,0.5513016
M_shuffled,2,val,834130,0,0.6024128
M_shuffled,2,val,834393,0,0.6395166
M_shuffled,2,val,834446,1,0.5206664
M_shuffled,2,val,835833,1,0.6050856
M_shuffled,2,val,836931,1,0.55147576
M_shuffled,2,val,844104,1,0.60407
M_shuffled,2,val,848723,1,0.6553361
M_shuffled,2,val,849297,1,0.5540345
M_shuffled,2,val,853842,1,0.57793325
M_shuffled,2,val,857171,1,0.55525774
M_shuffled,2,val,857521,0,0.57328135
M_shuffled,2,val,857621,1,0.5939727
M_shuffled,2,val,859236,0,0.6526597
M_shuffled,2,val,867398,0,0.55715376
M_shuffled,2,val,867481,0,0.58484685
M_shuffled,2,val,868318,0,0.49191934
M_shuffled,2,val,873206,1,0.6558948
M_shuffled,2,val,875241,1,0.561492
M_shuffled,2,val,876098,1,0.63700086
M_shuffled,2,val,877486,1,0.6629427
M_shuffled,2,val,880466,1,0.5309313
M_shuffled,2,val,885222,0,0.732229
M_shuffled,2,val,898035,1,0.47079033
M_shuffled,2,val,899067,0,0.64708096
M_shuffled,2,val,899206,1,0.594555
M_shuffled,2,val,899668,1,0.5459381
M_shuffled,2,val,903654,1,0.6933708
M_shuffled,2,val,935158,1,0.64810634
M_shuffled,2,val,953310,1,0.65043485
M_shuffled,2,val,953656,0,0.6815449
M_shuffled,2,val,957325,1,0.71895444
M_shuffled,2,val,959771,1,0.6911424
M_shuffled,2,val,960726,0,0.6122739
M_shuffled,2,val,961563,0,0.48622227
M_shuffled,2,val,962643,1,0.7613312
M_shuffled,2,val,963182,1,0.5535732
M_shuffled,2,val,963540,1,0.7526706
M_shuffled,2,val,967064,1,0.4809392
M_shuffled,2,val,972111,0,0.75793934
M_shuffled,2,val,975370,0,0.59808415
M_shuffled,2,val,976220,1,0.61224616
M_shuffled,2,val,978990,0,0.62394106
M_shuffled,2,val,982055,0,0.5076153
M_shuffled,2,val,982477,0,0.61180323
M_shuffled,2,val,982545,1,0.5681591
M_shuffled,2,val,983856,1,0.64371705
M_shuffled,2,val,983916,1,0.52547574
M_shuffled,2,val,985152,1,0.5391915
M_shuffled,2,val,987657,1,0.7457953
M_shuffled,2,val,988590,1,0.82007915
M_shuffled,2,val,989038,1,0.6467221
M_shuffled,2,val,990510,1,0.61607057
M_shuffled,2,val,991790,1,0.6172257
M_shuffled,2,val,993731,1,0.67109346
M_shuffled,2,val,994160,1,0.64640105
M_shuffled,2,val,994960,0,0.6459438
M_shuffled,2,val,995346,0,0.72204715
M_shuffled,2,val,1000434,1,0.48585147
M_shuffled,2,val,1002373,1,0.5302207
M_shuffled,2,val,1002968,1,0.53302
M_shuffled,2,val,1005095,1,0.73024845
M_shuffled,2,val,1006489,0,0.5474143
M_shuffled,2,val,1013371,1,0.5968909
M_shuffled,2,val,1021541,1,0.55830765
M_shuffled,2,val,1030940,1,0.59424573
M_shuffled,2,val,1033938,0,0.8164077
M_shuffled,2,val,1036745,1,0.646073
M_shuffled,2,val,1040848,0,0.65848
M_shuffled,2,val,1042457,0,0.5328701
M_shuffled,2,val,1048580,1,0.6419748
M_shuffled,2,val,1049886,1,0.67566
M_shuffled,2,val,1050525,1,0.6000549
M_shuffled,2,val,1056454,1,0.74349624
M_shuffled,2,val,1057961,0,0.4898305
M_shuffled,2,val,1058939,1,0.6592734
M_shuffled,2,val,1058965,1,0.53266954
M_shuffled,2,val,1061023,1,0.72865057
M_shuffled,2,val,1065129,1,0.7008169
M_shuffled,2,val,1068977,0,0.5674272
M_shuffled,2,val,1069003,0,0.76812094
M_shuffled,2,val,1071801,0,0.6920007
M_shuffled,2,val,1073471,1,0.6978361
M_shuffled,2,val,1073751,1,0.4979652
M_shuffled,2,val,1073787,1,0.5683781
M_shuffled,2,val,1074093,1,0.54787284
M_shuffled,2,val,1075990,0,0.7107997
M_shuffled,2,val,1076383,1,0.6803886
M_shuffled,2,val,1077013,1,0.5943006
M_shuffled,2,val,1078392,1,0.66083354
M_shuffled,2,val,1079219,0,0.466894
M_shuffled,2,val,1079586,0,0.7629633
M_shuffled,2,val,1079656,1,0.716017
M_shuffled,2,val,1079923,0,0.4340601
M_shuffled,2,val,1080470,1,0.45734343
M_shuffled,2,val,1081738,1,0.5648562
M_shuffled,2,val,1082124,1,0.41607732
M_shuffled,2,val,1084347,0,0.6224843
M_shuffled,2,val,1085496,1,0.66269207
M_shuffled,2,val,1087391,0,0.6789125
M_shuffled,2,val,1087667,1,0.55886406
M_shuffled,2,val,1087796,0,0.5100967
M_shuffled,2,val,1088918,1,0.5950471
M_shuffled,2,val,1089436,0,0.5554405
M_shuffled,2,val,1089796,1,0.5210135
M_shuffled,2,val,1090438,1,0.6206868
M_shuffled,2,val,1090543,1,0.6465117
M_shuffled,2,val,1092437,1,0.63331956
M_shuffled,2,val,1092848,1,0.6985922
M_shuffled,2,val,1092889,1,0.4605231
M_shuffled,2,val,1092948,1,0.71523756
M_shuffled,2,val,1093743,0,0.49784762
M_shuffled,2,val,1093823,1,0.5583062
M_shuffled,2,val,1094730,0,0.7128627
M_shuffled,2,val,1097465,1,0.7375653
M_shuffled,2,val,1097474,1,0.72193503
M_shuffled,2,val,1098204,1,0.6932056
M_shuffled,2,val,1099234,1,0.5824622
M_shuffled,2,val,1099979,0,0.6763087
M_shuffled,2,val,1101522,0,0.57554567
M_shuffled,2,val,1102276,1,0.71860796
M_shuffled,2,val,1102856,1,0.46665108
M_shuffled,2,val,1103434,0,0.53503937
M_shuffled,2,val,1103891,1,0.41136506
M_shuffled,2,val,1104649,1,0.6824139
M_shuffled,2,val,1105121,0,0.6248017
M_shuffled,2,val,1105241,0,0.45942855
M_shuffled,2,val,1105299,0,0.66084707
M_shuffled,2,val,1105715,1,0.78194386
M_shuffled,2,val,1107359,1,0.72671527
M_shuffled,2,val,1107910,1,0.6555776
M_shuffled,2,val,1109280,1,0.6651857
M_shuffled,2,val,1109782,1,0.55584955
M_shuffled,2,val,1111153,0,0.6035456
M_shuffled,2,val,1111157,0,0.64380246
M_shuffled,2,val,1111426,0,0.55958664
M_shuffled,2,val,1111513,1,0.77302
M_shuffled,2,val,1111920,1,0.6523422
M_shuffled,2,val,1112811,1,0.56633425
M_shuffled,2,val,1113155,0,0.635792
M_shuffled,2,val,1113398,1,0.6493421
M_shuffled,2,val,1115212,1,0.60890186
M_shuffled,2,val,1115427,1,0.48056293
M_shuffled,2,val,1116007,0,0.49566266
M_shuffled,2,val,1116601,0,0.6374487
M_shuffled,2,val,1116926,1,0.7547975
M_shuffled,2,val,1117576,0,0.6083173
M_shuffled,2,val,1117714,1,0.7198434
M_shuffled,2,val,1117752,1,0.63177806
M_shuffled,2,val,1117975,1,0.6299264
M_shuffled,2,val,1118436,1,0.6582495
M_shuffled,2,val,1118542,0,0.63070863
M_shuffled,2,val,1118849,1,0.68116343
M_shuffled,2,val,1119248,1,0.64180326
M_shuffled,2,val,1119520,0,0.41782463
M_shuffled,2,val,1119526,1,0.74390936
M_shuffled,2,val,1119652,1,0.64837945
M_shuffled,2,val,1119666,1,0.64848876
M_shuffled,2,val,1119802,1,0.7809038
M_shuffled,2,val,1119855,0,0.55391383
M_shuffled,2,val,1120326,1,0.65842766
M_shuffled,2,val,1120436,0,0.5896984
M_shuffled,2,val,1120645,0,0.47839558
M_shuffled,2,val,1120684,0,0.56569827
M_shuffled,2,val,1120869,0,0.53455514
M_shuffled,2,val,1121493,0,0.47357517
M_shuffled,2,val,1121705,1,0.6447033
M_shuffled,2,val,1121914,1,0.76061654
M_shuffled,2,val,1122025,1,0.5345379
M_shuffled,2,val,1122057,0,0.55682844
M_shuffled,2,val,1122513,1,0.6161865
M_shuffled,2,val,1123015,0,0.75950825
M_shuffled,2,val,1123071,1,0.6279521
M_shuffled,2,val,1124095,1,0.69253016
M_shuffled,2,val,1125442,1,0.8111279
M_shuffled,2,val,1127285,0,0.6185721
M_shuffled,2,val,1127560,1,0.73659146
M_shuffled,2,val,1128117,1,0.6207386
M_shuffled,2,val,1128350,1,0.61947894
M_shuffled,2,val,1129711,0,0.7002256
M_shuffled,2,val,1129961,0,0.7019223
M_shuffled,2,val,1131906,1,0.69184715
M_shuffled,2,val,1132251,1,0.7381751
M_shuffled,2,val,1132255,0,0.6351722
M_shuffled,2,val,1132760,0,0.8124885
M_shuffled,2,val,1133011,0,0.6637037
M_shuffled,2,val,1133607,1,0.6667842
M_shuffled,2,val,1134095,1,0.47294694
M_shuffled,2,val,1134921,1,0.40165392
M_shuffled,2,val,1135094,0,0.755889
M_shuffled,2,val,1135191,0,0.58064646
M_shuffled,2,val,1136524,0,0.6363297
M_shuffled,2,val,1136723,0,0.57795495
M_shuffled,2,val,1136790,1,0.6162214
M_shuffled,2,val,1136946,0,0.6160704
M_shuffled,2,val,1136981,1,0.5711843
M_shuffled,2,val,1137743,1,0.6796835
M_shuffled,2,val,1137897,1,0.8212166
M_shuffled,2,val,1138757,1,0.6682529
M_shuffled,2,val,1139275,1,0.7161037
M_shuffled,2,val,1140239,1,0.69713336
M_shuffled,2,val,1141115,1,0.7607165
M_shuffled,2,val,1141596,0,0.7383039
M_shuffled,2,val,1142051,1,0.9421203
M_shuffled,2,val,1142643,1,0.6227663
M_shuffled,2,val,1142724,0,0.78922266
M_shuffled,2,val,1143116,0,0.61607444
M_shuffled,2,val,1143964,1,0.7494345
M_shuffled,2,val,1144198,1,0.6217378
M_shuffled,2,val,1144614,1,0.7683719
M_shuffled,2,val,1145385,0,0.5346102
M_shuffled,2,val,1145450,0,0.6657707
M_shuffled,2,val,1145704,1,0.60830104
M_shuffled,2,val,1146057,0,0.733328
M_shuffled,2,val,1146465,0,0.5231649
M_shuffled,2,val,1146999,1,0.55087113
M_shuffled,2,val,1147005,0,0.5762454
M_shuffled,2,val,1147122,1,0.6894787
M_shuffled,2,val,1147843,1,0.60912013
M_shuffled,2,val,1148270,0,0.6147662
M_shuffled,2,val,1149196,0,0.7029511
M_shuffled,2,val,1149831,1,0.7103257
M_shuffled,2,val,1149904,0,0.60047346
M_shuffled,2,val,1150324,0,0.62151086
M_shuffled,2,val,1150911,0,0.56034005
M_shuffled,2,val,1151371,1,0.6705605
M_shuffled,2,val,1151387,0,0.66686463
M_shuffled,2,val,1151393,1,0.8244645
M_shuffled,2,val,1151510,0,0.65093887
M_shuffled,2,val,1152877,0,0.60364974
M_shuffled,2,val,1153056,1,0.64319843
M_shuffled,2,val,1153155,1,0.5965654
M_shuffled,2,val,1153931,1,0.6989337
M_shuffled,2,val,1155546,1,0.60766447
M_shuffled,2,val,1155802,1,0.69151926
M_shuffled,2,val,1156057,0,0.81268865
M_shuffled,2,val,1156739,1,0.7220364
M_shuffled,2,val,1156847,1,0.60399646
M_shuffled,2,val,1156904,1,0.8964679
M_shuffled,2,val,1157181,1,0.71045995
M_shuffled,2,val,1205869,1,0.8513073
M_shuffled,2,val,1205937,0,0.6949535
M_shuffled,2,val,1206010,0,0.6486691
M_shuffled,2,val,1206766,1,0.49328226
M_shuffled,2,val,1207435,1,0.75704235
M_shuffled,2,val,1207793,1,0.6947879
M_shuffled,2,val,1207923,1,0.62339354
M_shuffled,2,val,1208350,1,0.70703024
M_shuffled,2,val,1208880,1,0.44304505
M_shuffled,2,val,1209469,1,0.647364
M_shuffled,2,val,1209502,0,0.5276148
M_shuffled,2,val,1209699,0,0.63173246
M_shuffled,2,val,1210123,0,0.807515
M_shuffled,2,val,1210315,0,0.6246916
M_shuffled,2,val,1211177,1,0.7741182
M_shuffled,2,val,1211297,1,0.79322743
M_shuffled,2,val,1211321,1,0.5724705
M_shuffled,2,val,1211878,1,0.76520467
M_shuffled,2,val,1212103,1,0.7148134
M_shuffled,2,val,1212313,0,0.6425264
M_shuffled,2,val,1212354,0,0.5490844
M_shuffled,2,val,1212394,1,0.63787615
M_shuffled,2,val,1212797,1,0.8072126
M_shuffled,2,val,1213174,1,0.47580764
M_shuffled,2,val,1213716,1,0.7791291
M_shuffled,2,val,1213929,1,0.6220464
M_shuffled,2,val,1214506,1,0.7270672
M_shuffled,2,val,1215252,0,0.733359
M_shuffled,2,val,1215332,0,0.69577235
M_shuffled,2,val,1215381,0,0.75700057
M_shuffled,2,val,1215388,0,0.67092717
M_shuffled,2,val,1215420,1,0.627663
M_shuffled,2,val,1215443,0,0.7900479
M_shuffled,2,val,1215869,0,0.6313145
M_shuffled,2,val,1216904,0,0.70935124
M_shuffled,2,val,1217080,1,0.79834443
M_shuffled,2,val,1217218,0,0.6243802
M_shuffled,2,val,1217635,1,0.7646602
M_shuffled,2,val,1217769,1,0.71322286
M_shuffled,2,val,1218335,1,0.7782378
M_shuffled,2,val,1218829,1,0.68397033
M_shuffled,2,val,1219765,1,0.6778622
M_shuffled,2,val,1219935,1,0.96731937
M_shuffled,2,val,1220475,0,0.62446064
M_shuffled,2,val,1220500,1,0.5398006
M_shuffled,2,val,1220605,1,0.89387965
M_shuffled,2,val,1220959,1,0.665239
M_shuffled,2,val,1221268,1,0.50392467
M_shuffled,2,val,1221554,0,0.63639
M_shuffled,2,val,1221883,0,0.602867
M_shuffled,2,val,1222037,1,0.76366127
M_shuffled,2,val,1223272,1,0.68108803
M_shuffled,2,val,1223459,1,0.6482303
M_shuffled,2,val,1223585,1,0.7127171
M_shuffled,2,val,1223773,1,0.5354274
M_shuffled,2,val,1223866,1,0.72524035
M_shuffled,2,val,1223969,1,0.662005
M_shuffled,2,val,1224121,0,0.71963096
M_shuffled,2,val,1224698,0,0.56653214
M_shuffled,2,val,1225046,0,0.6321561
M_shuffled,2,val,1225751,1,0.7441387
M_shuffled,2,val,1225914,0,0.5148889
M_shuffled,2,val,1226824,0,0.6235827
M_shuffled,2,val,1227195,1,0.76685786
M_shuffled,2,val,1228020,1,0.70410085
M_shuffled,2,val,1228509,1,0.8054634
M_shuffled,2,val,1228820,0,0.5980649
M_shuffled,2,val,1229766,1,0.6940397
M_shuffled,2,val,1229837,0,0.48049933
M_shuffled,2,val,1229860,1,0.78307384
M_shuffled,2,val,1229920,1,0.67257595
M_shuffled,2,val,1230241,1,0.66444254
M_shuffled,2,val,1230259,1,0.6857821
M_shuffled,2,val,1230724,1,0.8024281
M_shuffled,2,val,1230781,0,0.6046662
M_shuffled,2,val,1230810,1,0.7019376
M_shuffled,2,val,1231114,1,0.7006657
M_shuffled,2,val,1231343,1,0.9397822
M_shuffled,2,val,1231638,1,0.6767374
M_shuffled,2,val,1232033,0,0.57412994
M_shuffled,2,val,1232188,1,0.5426702
M_shuffled,2,val,1232333,1,0.5483426
M_shuffled,2,val,1233203,1,0.77936
M_shuffled,2,val,1233777,1,0.7496011
M_shuffled,2,val,1233962,0,0.6548348
M_shuffled,2,val,1233970,1,0.48094156
M_shuffled,2,val,1234198,0,0.6624426
M_shuffled,2,val,1235172,0,0.7019482
M_shuffled,2,val,1235254,0,0.5461674
M_shuffled,2,val,1235265,1,0.58784586
M_shuffled,2,val,1235697,1,0.61782444
M_shuffled,2,val,1236071,1,0.5192048
M_shuffled,2,val,1236083,0,0.74147636
M_shuffled,2,val,1236734,1,0.710289
M_shuffled,2,val,1237352,1,0.8825143
M_shuffled,2,val,1237367,1,0.52347916
M_shuffled,2,val,1237508,1,0.7008
M_shuffled,2,val,1237839,0,0.70540434
M_shuffled,2,val,1237971,1,0.7574319
M_shuffled,2,val,1238001,0,0.89162135
M_shuffled,2,val,1238292,0,0.6165429
M_shuffled,2,val,1239029,1,0.64337796
M_shuffled,2,val,1239095,1,0.6489567
M_shuffled,2,val,1239127,0,0.6722087
M_shuffled,2,val,1239331,1,0.50882256
M_shuffled,2,val,1239701,0,0.6490631
M_shuffled,2,val,1239881,1,0.53168404
M_shuffled,2,val,1240282,0,0.5267352
M_shuffled,2,val,1240710,1,0.49594414
M_shuffled,2,val,1241104,0,0.6437195
M_shuffled,2,val,1241185,0,0.56857765
M_shuffled,2,val,1242267,1,0.6753042
M_shuffled,2,val,1242283,0,0.61287177
M_shuffled,2,val,1243098,1,0.7319825
M_shuffled,2,val,1243427,1,0.65384275
M_shuffled,2,val,1243514,1,0.7758305
M_shuffled,2,val,1243942,1,0.62161225
M_shuffled,2,val,1244606,1,0.70857716
M_shuffled,2,val,1244680,1,0.7168285
M_shuffled,2,val,1245566,1,0.5335723
M_shuffled,2,val,1245696,1,0.63988423
M_shuffled,2,val,1246095,1,0.5985403
M_shuffled,2,val,1246508,0,0.5875032
M_shuffled,2,test,17109,1,0.7171371
M_shuffled,2,test,22019,0,0.6218609
M_shuffled,2,test,30603,1,0.6749494
M_shuffled,2,test,36502,0,0.57589346
M_shuffled,2,test,42908,1,0.524337
M_shuffled,2,test,52327,1,0.65907365
M_shuffled,2,test,52609,1,0.63343227
M_shuffled,2,test,54828,1,0.66085905
M_shuffled,2,test,61867,0,0.51404315
M_shuffled,2,test,63449,0,0.42902744
M_shuffled,2,test,65596,0,0.7669696
M_shuffled,2,test,68483,1,0.5888529
M_shuffled,2,test,70693,0,0.6477052
M_shuffled,2,test,74146,0,0.5724444
M_shuffled,2,test,85978,1,0.5069486
M_shuffled,2,test,86305,1,0.6295894
M_shuffled,2,test,86310,1,0.5625283
M_shuffled,2,test,91934,0,0.4517222
M_shuffled,2,test,93011,0,0.64053655
M_shuffled,2,test,98629,1,0.54384655
M_shuffled,2,test,102312,1,0.58906186
M_shuffled,2,test,105772,1,0.55927527
M_shuffled,2,test,108509,1,0.48699176
M_shuffled,2,test,113763,0,0.588674
M_shuffled,2,test,121544,1,0.6917902
M_shuffled,2,test,132583,0,0.71978897
M_shuffled,2,test,143353,1,0.7768651
M_shuffled,2,test,144004,0,0.47589245
M_shuffled,2,test,157463,1,0.64882684
M_shuffled,2,test,160103,1,0.6586297
M_shuffled,2,test,160197,1,0.7470681
M_shuffled,2,test,163423,1,0.6942466
M_shuffled,2,test,164362,1,0.36932284
M_shuffled,2,test,165324,0,0.663923
M_shuffled,2,test,166451,1,0.82193905
M_shuffled,2,test,167707,1,0.72223413
M_shuffled,2,test,180001,0,0.5380536
M_shuffled,2,test,181034,1,0.56995666
M_shuffled,2,test,182595,0,0.59889686
M_shuffled,2,test,183219,0,0.57628375
M_shuffled,2,test,184704,0,0.54866517
M_shuffled,2,test,190049,1,0.76829743
M_shuffled,2,test,203461,1,0.5859384
M_shuffled,2,test,208652,1,0.7409505
M_shuffled,2,test,216589,1,0.55425125
M_shuffled,2,test,218529,1,0.6772048
M_shuffled,2,test,220792,0,0.5956896
M_shuffled,2,test,223651,1,0.58939314
M_shuffled,2,test,229959,1,0.6296747
M_shuffled,2,test,234398,0,0.50107265
M_shuffled,2,test,234471,0,0.67195165
M_shuffled,2,test,240229,0,0.5821189
M_shuffled,2,test,250983,0,0.7320308
M_shuffled,2,test,252362,0,0.50929123
M_shuffled,2,test,271298,0,0.7344266
M_shuffled,2,test,274179,0,0.7574421
M_shuffled,2,test,275882,1,0.7153409
M_shuffled,2,test,278098,0,0.46790883
M_shuffled,2,test,278230,0,0.74993145
M_shuffled,2,test,278485,0,0.5989359
M_shuffled,2,test,285173,1,0.7452831
M_shuffled,2,test,288581,1,0.5299697
M_shuffled,2,test,293811,0,0.6390238
M_shuffled,2,test,304034,0,0.70224637
M_shuffled,2,test,309162,1,0.5584935
M_shuffled,2,test,309228,1,0.7028633
M_shuffled,2,test,315569,1,0.65091383
M_shuffled,2,test,325318,0,0.5834668
M_shuffled,2,test,327943,1,0.54682064
M_shuffled,2,test,335403,0,0.6011103
M_shuffled,2,test,345895,1,0.65515417
M_shuffled,2,test,350707,0,0.6909083
M_shuffled,2,test,353416,1,0.715774
M_shuffled,2,test,354035,1,0.6014182
M_shuffled,2,test,360745,1,0.9082562
M_shuffled,2,test,367686,0,0.64048815
M_shuffled,2,test,369915,1,0.538212
M_shuffled,2,test,372332,1,0.86420846
M_shuffled,2,test,374203,0,0.7080258
M_shuffled,2,test,376880,1,0.7158971
M_shuffled,2,test,377217,1,0.7114995
M_shuffled,2,test,383626,1,0.755884
M_shuffled,2,test,384429,0,0.5243544
M_shuffled,2,test,391348,0,0.55011743
M_shuffled,2,test,398295,0,0.6002975
M_shuffled,2,test,398592,1,0.60664934
M_shuffled,2,test,400980,1,0.7682309
M_shuffled,2,test,403399,0,0.6592021
M_shuffled,2,test,405843,1,0.70718765
M_shuffled,2,test,409579,1,0.68223596
M_shuffled,2,test,410795,1,0.6761541
M_shuffled,2,test,412716,1,0.82011706
M_shuffled,2,test,419522,1,0.68841326
M_shuffled,2,test,432045,0,0.6640514
M_shuffled,2,test,432782,0,0.57179296
M_shuffled,2,test,433303,1,0.6410448
M_shuffled,2,test,438187,1,0.80380505
M_shuffled,2,test,442019,0,0.6912894
M_shuffled,2,test,442797,1,0.3905812
M_shuffled,2,test,442895,1,0.5785677
M_shuffled,2,test,443207,1,0.64262164
M_shuffled,2,test,443610,0,0.59458375
M_shuffled,2,test,445318,0,0.6463659
M_shuffled,2,test,451415,1,0.41366172
M_shuffled,2,test,460422,1,0.6164241
M_shuffled,2,test,460580,1,0.744069
M_shuffled,2,test,463375,1,0.64847845
M_shuffled,2,test,465763,1,0.7604786
M_shuffled,2,test,468342,1,0.62054974
M_shuffled,2,test,469078,1,0.5220513
M_shuffled,2,test,476977,1,0.57700795
M_shuffled,2,test,477285,1,0.586541
M_shuffled,2,test,486523,0,0.5916195
M_shuffled,2,test,488255,0,0.41838038
M_shuffled,2,test,490630,1,0.7576874
M_shuffled,2,test,492132,0,0.60330343
M_shuffled,2,test,492492,0,0.6611043
M_shuffled,2,test,507011,1,0.7331749
M_shuffled,2,test,508867,1,0.6953434
M_shuffled,2,test,511417,1,0.6513141
M_shuffled,2,test,512053,1,0.6801893
M_shuffled,2,test,512180,1,0.6446714
M_shuffled,2,test,515887,1,0.5085779
M_shuffled,2,test,516493,0,0.4639292
M_shuffled,2,test,525973,0,0.69397575
M_shuffled,2,test,529750,0,0.59429675
M_shuffled,2,test,536935,1,0.63028294
M_shuffled,2,test,549363,0,0.55318147
M_shuffled,2,test,552901,1,0.565123
M_shuffled,2,test,555492,0,0.54799175
M_shuffled,2,test,559178,1,0.71954155
M_shuffled,2,test,565908,0,0.4192677
M_shuffled,2,test,575773,1,0.6544968
M_shuffled,2,test,580587,0,0.5933019
M_shuffled,2,test,581598,1,0.5485501
M_shuffled,2,test,588986,1,0.592125
M_shuffled,2,test,589857,0,0.73161745
M_shuffled,2,test,591051,1,0.57679296
M_shuffled,2,test,592121,0,0.62178034
M_shuffled,2,test,592548,0,0.6077421
M_shuffled,2,test,595954,1,0.6275333
M_shuffled,2,test,596445,0,0.5684937
M_shuffled,2,test,602165,1,0.7461316
M_shuffled,2,test,604557,1,0.6081469
M_shuffled,2,test,605762,0,0.47447157
M_shuffled,2,test,607813,0,0.66144943
M_shuffled,2,test,610488,0,0.447387
M_shuffled,2,test,611309,0,0.6473306
M_shuffled,2,test,615384,1,0.49617308
M_shuffled,2,test,617695,0,0.67571497
M_shuffled,2,test,618335,1,0.60908705
M_shuffled,2,test,624692,1,0.59125006
M_shuffled,2,test,626615,0,0.61225295
M_shuffled,2,test,627587,1,0.6748033
M_shuffled,2,test,628861,1,0.4907252
M_shuffled,2,test,644091,1,0.59521055
M_shuffled,2,test,644443,1,0.62708277
M_shuffled,2,test,647436,0,0.599318
M_shuffled,2,test,650259,0,0.6691824
M_shuffled,2,test,657738,0,0.69071823
M_shuffled,2,test,660164,1,0.7070571
M_shuffled,2,test,660433,0,0.625048
M_shuffled,2,test,663130,1,0.64046276
M_shuffled,2,test,663548,1,0.67919093
M_shuffled,2,test,665050,1,0.6574551
M_shuffled,2,test,665220,1,0.75676066
M_shuffled,2,test,671576,0,0.55573934
M_shuffled,2,test,672172,1,0.57075584
M_shuffled,2,test,677259,0,0.65408903
M_shuffled,2,test,681120,1,0.58828145
M_shuffled,2,test,684963,1,0.55509186
M_shuffled,2,test,687171,1,0.4176198
M_shuffled,2,test,690734,0,0.5528183
M_shuffled,2,test,693326,1,0.60496277
M_shuffled,2,test,696029,0,0.6292795
M_shuffled,2,test,699877,0,0.63934314
M_shuffled,2,test,701498,1,0.6182636
M_shuffled,2,test,702078,0,0.53013587
M_shuffled,2,test,702801,0,0.5050957
M_shuffled,2,test,704059,0,0.66975564
M_shuffled,2,test,704101,1,0.6616976
M_shuffled,2,test,709805,1,0.67468286
M_shuffled,2,test,711782,1,0.6416768
M_shuffled,2,test,711787,1,0.53822577
M_shuffled,2,test,712016,1,0.65217495
M_shuffled,2,test,714764,0,0.76201195
M_shuffled,2,test,715221,1,0.67397046
M_shuffled,2,test,723474,0,0.5461154
M_shuffled,2,test,726409,0,0.5223514
M_shuffled,2,test,726499,0,0.5364038
M_shuffled,2,test,740043,1,0.5399543
M_shuffled,2,test,742847,0,0.7874361
M_shuffled,2,test,743605,1,0.6423825
M_shuffled,2,test,747584,1,0.5322876
M_shuffled,2,test,750881,0,0.6252529
M_shuffled,2,test,751252,0,0.47410822
M_shuffled,2,test,755294,1,0.6490064
M_shuffled,2,test,780355,1,0.60408944
M_shuffled,2,test,789437,1,0.4441898
M_shuffled,2,test,803706,1,0.5424207
M_shuffled,2,test,806762,0,0.5192829
M_shuffled,2,test,808258,0,0.5772829
M_shuffled,2,test,809234,1,0.5884213
M_shuffled,2,test,818267,1,0.53651416
M_shuffled,2,test,829142,1,0.69497764
M_shuffled,2,test,835463,1,0.6113949
M_shuffled,2,test,839278,1,0.4985308
M_shuffled,2,test,841534,0,0.48750728
M_shuffled,2,test,841748,1,0.6315638
M_shuffled,2,test,844964,0,0.78216267
M_shuffled,2,test,851163,1,0.6123412
M_shuffled,2,test,851639,1,0.65865135
M_shuffled,2,test,854069,1,0.6151371
M_shuffled,2,test,855223,1,0.57823205
M_shuffled,2,test,857435,1,0.78691983
M_shuffled,2,test,860381,0,0.70267075
M_shuffled,2,test,861607,0,0.45624387
M_shuffled,2,test,872844,1,0.6663838
M_shuffled,2,test,877831,0,0.6623689
M_shuffled,2,test,878721,0,0.55764353
M_shuffled,2,test,882885,1,0.67066395
M_shuffled,2,test,883112,1,0.57295066
M_shuffled,2,test,883479,0,0.53476214
M_shuffled,2,test,885394,1,0.5231582
M_shuffled,2,test,899469,1,0.66978604
M_shuffled,2,test,900762,1,0.8374278
M_shuffled,2,test,900957,1,0.8303399
M_shuffled,2,test,924232,0,0.6688514
M_shuffled,2,test,934409,0,0.62933123
M_shuffled,2,test,941626,1,0.5970461
M_shuffled,2,test,947197,1,0.6482477
M_shuffled,2,test,951246,0,0.6709809
M_shuffled,2,test,954440,1,0.5772644
M_shuffled,2,test,956387,1,0.6238054
M_shuffled,2,test,963985,1,0.67770165
M_shuffled,2,test,966701,0,0.5974168
M_shuffled,2,test,968655,0,0.64063615
M_shuffled,2,test,976523,1,0.7692497
M_shuffled,2,test,977714,1,0.6315779
M_shuffled,2,test,979369,1,0.55585486
M_shuffled,2,test,980871,1,0.58047825
M_shuffled,2,test,981562,0,0.6857513
M_shuffled,2,test,986260,1,0.6737782
M_shuffled,2,test,986510,1,0.78379214
M_shuffled,2,test,989331,1,0.51963377
M_shuffled,2,test,991197,0,0.5934235
M_shuffled,2,test,991829,1,0.63980824
M_shuffled,2,test,993100,1,0.74027705
M_shuffled,2,test,993602,1,0.6607365
M_shuffled,2,test,995694,1,0.6882146
M_shuffled,2,test,996219,0,0.596026
M_shuffled,2,test,996551,0,0.6804249
M_shuffled,2,test,1000725,1,0.5618991
M_shuffled,2,test,1001535,1,0.5798671
M_shuffled,2,test,1003409,1,0.73853487
M_shuffled,2,test,1005121,1,0.517794
M_shuffled,2,test,1005171,1,0.56601936
M_shuffled,2,test,1005619,1,0.59159327
M_shuffled,2,test,1007363,0,0.6415296
M_shuffled,2,test,1058429,1,0.63798976
M_shuffled,2,test,1061584,1,0.63606834
M_shuffled,2,test,1062066,0,0.54240793
M_shuffled,2,test,1066534,1,0.55074024
M_shuffled,2,test,1067041,1,0.6690265
M_shuffled,2,test,1067177,1,0.7152495
M_shuffled,2,test,1068069,1,0.60734034
M_shuffled,2,test,1068151,0,0.5944908
M_shuffled,2,test,1068390,1,0.6620994
M_shuffled,2,test,1068426,1,0.5660263
M_shuffled,2,test,1068928,0,0.6266324
M_shuffled,2,test,1069432,1,0.62244254
M_shuffled,2,test,1069948,1,0.6541078
M_shuffled,2,test,1070002,1,0.5188234
M_shuffled,2,test,1070070,1,0.60610425
M_shuffled,2,test,1070173,1,0.66057193
M_shuffled,2,test,1071053,0,0.6851909
M_shuffled,2,test,1071949,1,0.66592056
M_shuffled,2,test,1072395,1,0.680391
M_shuffled,2,test,1073214,1,0.6378943
M_shuffled,2,test,1073232,0,0.56639564
M_shuffled,2,test,1073268,1,0.643864
M_shuffled,2,test,1073839,0,0.61960936
M_shuffled,2,test,1074312,0,0.46411657
M_shuffled,2,test,1074427,1,0.6612502
M_shuffled,2,test,1074571,1,0.4791516
M_shuffled,2,test,1074753,0,0.72361445
M_shuffled,2,test,1075228,1,0.70428586
M_shuffled,2,test,1075404,1,0.7229234
M_shuffled,2,test,1075699,1,0.55895925
M_shuffled,2,test,1077606,1,0.6014673
M_shuffled,2,test,1079282,1,0.8303542
M_shuffled,2,test,1081059,1,0.52609605
M_shuffled,2,test,1081377,0,0.7891591
M_shuffled,2,test,1081798,0,0.6410423
M_shuffled,2,test,1082290,0,0.65679526
M_shuffled,2,test,1082987,0,0.5781487
M_shuffled,2,test,1084214,1,0.461594
M_shuffled,2,test,1084630,1,0.7345861
M_shuffled,2,test,1085216,0,0.6929841
M_shuffled,2,test,1086129,1,0.5967764
M_shuffled,2,test,1086243,1,0.75666195
M_shuffled,2,test,1086770,1,0.60163844
M_shuffled,2,test,1086772,1,0.53142977
M_shuffled,2,test,1087850,0,0.47190136
M_shuffled,2,test,1089310,0,0.6183637
M_shuffled,2,test,1089629,0,0.68577915
M_shuffled,2,test,1091748,1,0.7806214
M_shuffled,2,test,1093139,0,0.4754574
M_shuffled,2,test,1093650,1,0.55242926
M_shuffled,2,test,1094011,1,0.7280284
M_shuffled,2,test,1094046,1,0.63008225
M_shuffled,2,test,1094897,1,0.6523463
M_shuffled,2,test,1095869,1,0.6516748
M_shuffled,2,test,1095940,1,0.6717427
M_shuffled,2,test,1096850,1,0.62144655
M_shuffled,2,test,1096858,1,0.43574858
M_shuffled,2,test,1098886,1,0.5596064
M_shuffled,2,test,1103930,1,0.59920734
M_shuffled,2,test,1104113,1,0.68720436
M_shuffled,2,test,1104452,1,0.7708736
M_shuffled,2,test,1104592,1,0.66247916
M_shuffled,2,test,1105198,0,0.6595938
M_shuffled,2,test,1105837,1,0.6806305
M_shuffled,2,test,1106300,1,0.5648048
M_shuffled,2,test,1106596,0,0.76023275
M_shuffled,2,test,1107096,1,0.5252557
M_shuffled,2,test,1107291,0,0.5961583
M_shuffled,2,test,1107631,1,0.72347194
M_shuffled,2,test,1108050,1,0.74154717
M_shuffled,2,test,1109506,1,0.71286625
M_shuffled,2,test,1109526,1,0.65098596
M_shuffled,2,test,1109598,1,0.70797217
M_shuffled,2,test,1109983,1,0.5973295
M_shuffled,2,test,1111098,1,0.7284503
M_shuffled,2,test,1111860,1,0.68081254
M_shuffled,2,test,1113294,1,0.5271865
M_shuffled,2,test,1113365,1,0.6052282
M_shuffled,2,test,1113808,0,0.5778034
M_shuffled,2,test,1115713,1,0.7207927
M_shuffled,2,test,1116144,1,0.6703469
M_shuffled,2,test,1116479,0,0.49909544
M_shuffled,2,test,1116580,1,0.76746714
M_shuffled,2,test,1117063,0,0.5967033
M_shuffled,2,test,1117243,1,0.57030904
M_shuffled,2,test,1117669,0,0.66374725
M_shuffled,2,test,1117701,1,0.6487129
M_shuffled,2,test,1117869,1,0.5097257
M_shuffled,2,test,1118191,1,0.40506
M_shuffled,2,test,1118291,0,0.4069857
M_shuffled,2,test,1118398,1,0.6635676
M_shuffled,2,test,1118511,1,0.7111654
M_shuffled,2,test,1118641,0,0.6941758
M_shuffled,2,test,1119092,1,0.54348207
M_shuffled,2,test,1119930,1,0.6234582
M_shuffled,2,test,1120836,1,0.7186705
M_shuffled,2,test,1121365,1,0.7055453
M_shuffled,2,test,1121559,1,0.66265666
M_shuffled,2,test,1121672,1,0.52868557
M_shuffled,2,test,1121736,0,0.7160011
M_shuffled,2,test,1121795,1,0.8936063
M_shuffled,2,test,1121927,1,0.61258936
M_shuffled,2,test,1122004,0,0.55242616
M_shuffled,2,test,1122185,1,0.61055326
M_shuffled,2,test,1122658,1,1.0245459
M_shuffled,2,test,1122760,0,0.598729
M_shuffled,2,test,1123435,1,0.6908403
M_shuffled,2,test,1123551,0,0.528549
M_shuffled,2,test,1123858,0,0.58808684
M_shuffled,2,test,1124152,0,0.6437889
M_shuffled,2,test,1124180,0,0.45528
M_shuffled,2,test,1124482,1,0.66960686
M_shuffled,2,test,1126244,0,0.8199005
M_shuffled,2,test,1126628,1,0.49439737
M_shuffled,2,test,1126767,0,0.6251061
M_shuffled,2,test,1127029,0,0.82445306
M_shuffled,2,test,1127812,1,0.560385
M_shuffled,2,test,1128467,1,0.8070128
M_shuffled,2,test,1128811,0,0.679617
M_shuffled,2,test,1129353,0,0.6729093
M_shuffled,2,test,1129383,1,0.73017454
M_shuffled,2,test,1129401,1,0.73835313
M_shuffled,2,test,1130020,1,0.63842833
M_shuffled,2,test,1130043,1,0.90991986
M_shuffled,2,test,1130495,1,0.5631205
M_shuffled,2,test,1130530,0,0.6394798
M_shuffled,2,test,1131124,1,0.58159345
M_shuffled,2,test,1131656,1,0.59134346
M_shuffled,2,test,1132058,1,0.6697912
M_shuffled,2,test,1132465,1,0.6038007
M_shuffled,2,test,1132886,0,0.81290275
M_shuffled,2,test,1133211,1,0.5592886
M_shuffled,2,test,1134193,1,0.6806547
M_shuffled,2,test,1134339,0,0.61471105
M_shuffled,2,test,1135004,0,0.61462545
M_shuffled,2,test,1136675,1,0.67682874
M_shuffled,2,test,1136878,1,0.64316493
M_shuffled,2,test,1137456,0,0.6022159
M_shuffled,2,test,1137818,1,0.6790548
M_shuffled,2,test,1138670,1,0.6589342
M_shuffled,2,test,1138681,1,0.6086643
M_shuffled,2,test,1138864,1,0.5217256
M_shuffled,2,test,1140316,1,0.658491
M_shuffled,2,test,1142126,0,0.7561353
M_shuffled,2,test,1142188,1,0.6020993
M_shuffled,2,test,1144028,0,0.64501894
M_shuffled,2,test,1144147,0,0.45634198
M_shuffled,2,test,1144488,1,0.5723146
M_shuffled,2,test,1144757,1,0.74906284
M_shuffled,2,test,1145720,0,0.5682592
M_shuffled,2,test,1146563,0,0.61359817
M_shuffled,2,test,1146584,1,0.57092094
M_shuffled,2,test,1148113,1,0.6242021
M_shuffled,2,test,1148157,1,0.5945293
M_shuffled,2,test,1148282,1,0.7563727
M_shuffled,2,test,1148607,1,0.6531594
M_shuffled,2,test,1148756,1,0.7458925
M_shuffled,2,test,1148957,1,0.700487
M_shuffled,2,test,1149553,1,0.63913673
M_shuffled,2,test,1149963,1,0.5309301
M_shuffled,2,test,1150067,1,0.58688754
M_shuffled,2,test,1150178,1,0.6148137
M_shuffled,2,test,1151052,0,0.6020102
M_shuffled,2,test,1151422,1,0.7897508
M_shuffled,2,test,1151513,1,0.7294843
M_shuffled,2,test,1151818,0,0.52290803
M_shuffled,2,test,1152700,1,0.571853
M_shuffled,2,test,1152707,0,0.5203562
M_shuffled,2,test,1153263,0,0.6302458
M_shuffled,2,test,1153649,0,0.56373173
M_shuffled,2,test,1153914,1,0.69973075
M_shuffled,2,test,1154191,1,0.59419036
M_shuffled,2,test,1154313,1,0.68109447
M_shuffled,2,test,1154712,1,0.7485702
M_shuffled,2,test,1155176,1,0.58467776
M_shuffled,2,test,1155575,1,0.5410858
M_shuffled,2,test,1156251,1,0.48613477
M_shuffled,2,test,1156386,1,0.6278913
M_shuffled,2,test,1156786,1,0.6550298
M_shuffled,2,test,1156887,1,0.64849776
M_shuffled,2,test,1158961,1,0.57966965
M_shuffled,2,test,1205766,1,0.78981376
M_shuffled,2,test,1205889,1,0.7071416
M_shuffled,2,test,1206310,1,0.57968736
M_shuffled,2,test,1207017,1,0.4900698
M_shuffled,2,test,1207116,1,0.621111
M_shuffled,2,test,1207484,0,0.7675547
M_shuffled,2,test,1207861,1,0.65668356
M_shuffled,2,test,1207963,1,0.84497464
M_shuffled,2,test,1208561,1,0.6874544
M_shuffled,2,test,1208898,1,0.6033082
M_shuffled,2,test,1209022,1,0.6586415
M_shuffled,2,test,1209496,0,0.43152928
M_shuffled,2,test,1210080,0,0.61769384
M_shuffled,2,test,1210100,0,0.6297792
M_shuffled,2,test,1210485,1,0.56719244
M_shuffled,2,test,1210639,1,0.5938388
M_shuffled,2,test,1210786,0,0.5589592
M_shuffled,2,test,1210809,1,0.63113624
M_shuffled,2,test,1211001,1,0.66431713
M_shuffled,2,test,1211380,1,0.7300502
M_shuffled,2,test,1212066,0,0.6335738
M_shuffled,2,test,1212451,0,0.717772
M_shuffled,2,test,1212582,1,0.62726396
M_shuffled,2,test,1213071,1,0.56920624
M_shuffled,2,test,1213526,1,0.62191945
M_shuffled,2,test,1214739,0,0.59833056
M_shuffled,2,test,1214832,0,0.5499734
M_shuffled,2,test,1215142,0,0.6647367
M_shuffled,2,test,1215607,0,0.676955
M_shuffled,2,test,1216041,1,0.6029022
M_shuffled,2,test,1216045,1,0.62839943
M_shuffled,2,test,1216704,1,0.78015435
M_shuffled,2,test,1216776,1,0.7352592
M_shuffled,2,test,1217243,1,0.63259435
M_shuffled,2,test,1218194,1,0.7678194
M_shuffled,2,test,1218554,1,0.68812466
M_shuffled,2,test,1218673,1,0.47691184
M_shuffled,2,test,1219597,0,0.6809095
M_shuffled,2,test,1219877,1,0.6217466
M_shuffled,2,test,1220226,0,0.68382794
M_shuffled,2,test,1220426,0,0.6364115
M_shuffled,2,test,1220526,1,0.7128993
M_shuffled,2,test,1220699,1,0.60382515
M_shuffled,2,test,1220702,0,0.5167552
M_shuffled,2,test,1220802,1,0.62095296
M_shuffled,2,test,1220833,1,0.7063234
M_shuffled,2,test,1220875,0,0.7141959
M_shuffled,2,test,1221102,0,0.5708958
M_shuffled,2,test,1221236,1,0.5984143
M_shuffled,2,test,1221707,0,0.80339235
M_shuffled,2,test,1222369,0,0.53378326
M_shuffled,2,test,1222988,1,0.6057092
M_shuffled,2,test,1223193,0,0.6194724
M_shuffled,2,test,1223568,1,0.639306
M_shuffled,2,test,1223754,0,0.4634189
M_shuffled,2,test,1224229,1,0.5393963
M_shuffled,2,test,1224519,1,0.80535007
M_shuffled,2,test,1224731,1,0.60505337
M_shuffled,2,test,1225050,0,0.703957
M_shuffled,2,test,1225323,1,0.4947496
M_shuffled,2,test,1225341,1,0.6845337
M_shuffled,2,test,1225388,0,0.71829313
M_shuffled,2,test,1225413,1,0.69971997
M_shuffled,2,test,1225605,0,0.6281188
M_shuffled,2,test,1226794,0,0.7429081
M_shuffled,2,test,1226946,1,0.606615
M_shuffled,2,test,1227262,1,0.6267518
M_shuffled,2,test,1227437,1,0.63697624
M_shuffled,2,test,1227597,0,0.7294102
M_shuffled,2,test,1227732,1,0.7015741
M_shuffled,2,test,1227755,1,0.8896817
M_shuffled,2,test,1227765,1,0.56703556
M_shuffled,2,test,1228018,1,0.68524945
M_shuffled,2,test,1228461,1,0.6360336
M_shuffled,2,test,1228842,0,0.773848
M_shuffled,2,test,1229345,1,0.81548494
M_shuffled,2,test,1229605,0,0.7298734
M_shuffled,2,test,1230051,1,0.68823665
M_shuffled,2,test,1230374,1,0.8241346
M_shuffled,2,test,1230384,0,0.5132934
M_shuffled,2,test,1230408,1,0.63004845
M_shuffled,2,test,1230574,0,0.46450132
M_shuffled,2,test,1230712,0,0.7299955
M_shuffled,2,test,1230855,0,0.50392807
M_shuffled,2,test,1231339,0,0.6397211
M_shuffled,2,test,1232028,0,0.5426688
M_shuffled,2,test,1233241,0,0.6026761
M_shuffled,2,test,1233508,1,0.56198347
M_shuffled,2,test,1233527,1,0.65558136
M_shuffled,2,test,1233621,0,0.6931655
M_shuffled,2,test,1233632,1,0.8397363
M_shuffled,2,test,1233791,1,0.7215778
M_shuffled,2,test,1234521,0,0.6354457
M_shuffled,2,test,1235863,1,0.6450841
M_shuffled,2,test,1235882,0,0.60381424
M_shuffled,2,test,1235914,0,0.6729012
M_shuffled,2,test,1235985,1,0.57091475
M_shuffled,2,test,1236656,0,0.6047374
M_shuffled,2,test,1237272,1,0.6649992
M_shuffled,2,test,1237647,0,0.69171923
M_shuffled,2,test,1238245,1,0.6733485
M_shuffled,2,test,1238297,0,0.7396514
M_shuffled,2,test,1238348,0,0.6036828
M_shuffled,2,test,1238457,1,0.56259435
M_shuffled,2,test,1238537,0,0.84459573
M_shuffled,2,test,1238550,1,0.61496216
M_shuffled,2,test,1238559,1,0.6843902
M_shuffled,2,test,1238835,1,0.6413967
M_shuffled,2,test,1238864,1,0.47199154
M_shuffled,2,test,1238867,1,0.6978169
M_shuffled,2,test,1238917,0,0.83797026
M_shuffled,2,test,1238960,1,0.7150868
M_shuffled,2,test,1239042,1,0.56654805
M_shuffled,2,test,1239079,1,0.66459423
M_shuffled,2,test,1239224,1,0.59539115
M_shuffled,2,test,1239283,1,0.45491767
M_shuffled,2,test,1239427,1,0.7857091
M_shuffled,2,test,1239611,1,0.63943505
M_shuffled,2,test,1239907,1,0.61584896
M_shuffled,2,test,1241318,1,0.58292586
M_shuffled,2,test,1241362,1,0.766163
M_shuffled,2,test,1241625,0,0.56264186
M_shuffled,2,test,1241779,1,0.6550664
M_shuffled,2,test,1242413,1,0.7160301
M_shuffled,2,test,1242831,0,0.6354565
M_shuffled,2,test,1243993,0,0.6149282
M_shuffled,2,test,1244763,0,0.6388281
M_shuffled,2,test,1244765,0,0.71944326
M_shuffled,2,test,1245905,1,0.5407632
M_shuffled,2,test,1245930,0,0.59744054
M_shuffled,2,test,1246192,1,0.576411
M_shuffled,2,test,1246490,1,0.8179473
M_shuffled,2,test,1246702,1,0.7333135
C_static,2,val,12246,1,0.51489663
C_static,2,val,15488,1,0.6131683
C_static,2,val,16787,0,0.66411626
C_static,2,val,20993,1,0.62052906
C_static,2,val,28836,1,0.68563896
C_static,2,val,31619,1,0.65106004
C_static,2,val,32089,0,0.68225515
C_static,2,val,33225,1,0.6025768
C_static,2,val,35136,1,0.6863341
C_static,2,val,38963,1,0.5952317
C_static,2,val,43310,1,0.6512643
C_static,2,val,45419,1,0.63906795
C_static,2,val,62606,1,0.68960375
C_static,2,val,64928,1,0.5325977
C_static,2,val,66226,1,0.6909108
C_static,2,val,68648,0,0.61085886
C_static,2,val,86896,0,0.593202
C_static,2,val,88424,1,0.66408074
C_static,2,val,93202,0,0.6192214
C_static,2,val,95626,1,0.6512077
C_static,2,val,100595,0,0.64236593
C_static,2,val,112715,1,0.59495366
C_static,2,val,116182,1,0.61277854
C_static,2,val,121258,1,0.59981257
C_static,2,val,121744,1,0.6498937
C_static,2,val,123208,1,0.67342204
C_static,2,val,125059,1,0.65642947
C_static,2,val,129040,1,0.6583094
C_static,2,val,130832,1,0.59883
C_static,2,val,139693,0,0.62616444
C_static,2,val,140328,0,0.652412
C_static,2,val,152430,1,0.59661055
C_static,2,val,154147,1,0.6765883
C_static,2,val,156299,1,0.62622046
C_static,2,val,159617,1,0.6375691
C_static,2,val,162979,1,0.5706235
C_static,2,val,163659,1,0.6113827
C_static,2,val,167183,1,0.48530662
C_static,2,val,169449,1,0.58335865
C_static,2,val,169727,0,0.6898154
C_static,2,val,173162,0,0.6513236
C_static,2,val,175032,0,0.6229754
C_static,2,val,181466,0,0.6838099
C_static,2,val,184874,1,0.6192653
C_static,2,val,186257,0,0.6682353
C_static,2,val,190187,0,0.6027918
C_static,2,val,198213,1,0.61529404
C_static,2,val,202039,0,0.60366905
C_static,2,val,203640,1,0.6510363
C_static,2,val,210361,1,0.6418737
C_static,2,val,216010,1,0.7197627
C_static,2,val,217013,0,0.612388
C_static,2,val,219309,1,0.66226983
C_static,2,val,226859,0,0.43103802
C_static,2,val,227399,0,0.4312093
C_static,2,val,234696,1,0.6150144
C_static,2,val,245427,1,0.6410769
C_static,2,val,248666,1,0.57860124
C_static,2,val,255374,0,0.61602384
C_static,2,val,271883,1,0.51754224
C_static,2,val,274322,1,0.70416045
C_static,2,val,274345,0,0.7207529
C_static,2,val,274563,1,0.66100377
C_static,2,val,277012,1,0.5879981
C_static,2,val,278134,1,0.7058529
C_static,2,val,282212,1,0.44485337
C_static,2,val,285801,1,0.6242923
C_static,2,val,290944,0,0.6157995
C_static,2,val,305034,0,0.5800149
C_static,2,val,306770,0,0.46232212
C_static,2,val,308426,1,0.7009135
C_static,2,val,310464,1,0.54458
C_static,2,val,310596,0,0.66310877
C_static,2,val,311547,1,0.55513334
C_static,2,val,311717,0,0.6363905
C_static,2,val,312810,1,0.69341487
C_static,2,val,313664,1,0.6083358
C_static,2,val,319549,1,0.6919085
C_static,2,val,324095,1,0.637576
C_static,2,val,331536,1,0.6453282
C_static,2,val,332529,1,0.7283052
C_static,2,val,337613,1,0.6566596
C_static,2,val,338312,1,0.6005311
C_static,2,val,345087,1,0.6479144
C_static,2,val,345832,0,0.7231254
C_static,2,val,348567,1,0.60976154
C_static,2,val,348988,1,0.6940962
C_static,2,val,352441,0,0.67521113
C_static,2,val,353886,0,0.632971
C_static,2,val,355783,0,0.66922575
C_static,2,val,368436,1,0.7368072
C_static,2,val,370843,1,0.6549509
C_static,2,val,383287,0,0.63861865
C_static,2,val,387760,1,0.7271489
C_static,2,val,398520,1,0.6578173
C_static,2,val,400416,0,0.5822012
C_static,2,val,400944,1,0.59617454
C_static,2,val,402364,0,0.70737255
C_static,2,val,409952,1,0.67969364
C_static,2,val,412024,1,0.661092
C_static,2,val,413554,1,0.5901548
C_static,2,val,419138,0,0.5803779
C_static,2,val,421493,0,0.41150266
C_static,2,val,422674,1,0.61659044
C_static,2,val,431921,0,0.6535246
C_static,2,val,432168,1,0.6356781
C_static,2,val,432540,1,0.64389634
C_static,2,val,432906,1,0.5739406
C_static,2,val,435436,0,0.61049527
C_static,2,val,445545,1,0.60985184
C_static,2,val,448027,0,0.63615066
C_static,2,val,450155,1,0.84854984
C_static,2,val,451844,1,0.7092767
C_static,2,val,463298,1,0.6057661
C_static,2,val,465401,1,0.6569487
C_static,2,val,467821,0,0.5861404
C_static,2,val,468086,1,0.64582366
C_static,2,val,470865,1,0.61349624
C_static,2,val,477981,1,0.5765357
C_static,2,val,482448,0,0.6381588
C_static,2,val,486901,0,0.6601947
C_static,2,val,487515,1,0.68599313
C_static,2,val,490818,1,0.7231761
C_static,2,val,490962,1,0.59726965
C_static,2,val,493534,0,0.59307903
C_static,2,val,506609,1,0.654355
C_static,2,val,508572,1,0.64122903
C_static,2,val,513568,0,0.63584495
C_static,2,val,518232,1,0.5236957
C_static,2,val,518961,1,0.7067429
C_static,2,val,520017,0,0.63092226
C_static,2,val,526518,0,0.57778835
C_static,2,val,528647,1,0.6656775
C_static,2,val,531193,0,0.6646934
C_static,2,val,531462,1,0.6508448
C_static,2,val,532148,1,0.62593025
C_static,2,val,535178,1,0.6900142
C_static,2,val,541544,1,0.5691436
C_static,2,val,544153,1,0.49719584
C_static,2,val,545205,0,0.4642401
C_static,2,val,547533,1,0.52647394
C_static,2,val,556177,0,0.6557356
C_static,2,val,563033,0,0.62526363
C_static,2,val,570135,0,0.6768586
C_static,2,val,573425,1,0.56047994
C_static,2,val,578084,0,0.6587149
C_static,2,val,578406,1,0.63481534
C_static,2,val,580750,0,0.67321515
C_static,2,val,581298,1,0.5983988
C_static,2,val,585465,1,0.6891205
C_static,2,val,589139,1,0.6571583
C_static,2,val,593504,1,0.6356969
C_static,2,val,597579,1,0.84381574
C_static,2,val,598821,0,0.58374125
C_static,2,val,612720,1,0.67100954
C_static,2,val,615119,1,0.70573133
C_static,2,val,619649,1,0.5862441
C_static,2,val,620975,1,0.68143994
C_static,2,val,624977,0,0.7107684
C_static,2,val,627036,1,0.5917769
C_static,2,val,629729,1,0.69310075
C_static,2,val,644744,1,0.73320496
C_static,2,val,651309,0,0.61598593
C_static,2,val,653987,0,0.62646466
C_static,2,val,657533,1,0.6897289
C_static,2,val,660061,1,0.61318153
C_static,2,val,660533,0,0.7026142
C_static,2,val,661193,0,0.713421
C_static,2,val,673553,1,0.6873856
C_static,2,val,677928,1,0.58436275
C_static,2,val,681205,1,0.6429429
C_static,2,val,681852,1,0.65066594
C_static,2,val,682914,1,0.5947685
C_static,2,val,686482,1,0.6641369
C_static,2,val,689380,1,0.6337455
C_static,2,val,690904,1,0.66305333
C_static,2,val,695455,0,0.6082206
C_static,2,val,697961,1,0.6062769
C_static,2,val,700550,1,0.6627658
C_static,2,val,704317,0,0.6504853
C_static,2,val,705906,1,0.5664352
C_static,2,val,707482,1,0.6404463
C_static,2,val,707873,1,0.6676624
C_static,2,val,714644,1,0.6307575
C_static,2,val,715113,1,0.62306046
C_static,2,val,718140,0,0.7103672
C_static,2,val,719050,0,0.55886817
C_static,2,val,719439,1,0.6090803
C_static,2,val,726126,0,0.59209335
C_static,2,val,726953,0,0.6541154
C_static,2,val,738715,0,0.5031545
C_static,2,val,743380,1,0.6622768
C_static,2,val,744145,0,0.6401875
C_static,2,val,745143,0,0.6193867
C_static,2,val,745489,1,0.51859874
C_static,2,val,746867,0,0.42721874
C_static,2,val,747906,0,0.62838537
C_static,2,val,749268,1,0.6595599
C_static,2,val,752967,1,0.6186877
C_static,2,val,752970,0,0.6212409
C_static,2,val,755914,1,0.6312912
C_static,2,val,757410,0,0.70565915
C_static,2,val,765618,1,0.639111
C_static,2,val,766763,1,0.60932547
C_static,2,val,767066,1,0.6307941
C_static,2,val,769720,1,0.7312818
C_static,2,val,770052,0,0.5495058
C_static,2,val,803606,1,0.6232674
C_static,2,val,804052,1,0.5361085
C_static,2,val,806326,0,0.667653
C_static,2,val,807529,0,0.6534414
C_static,2,val,813769,0,0.6168537
C_static,2,val,820530,1,0.70018303
C_static,2,val,822633,1,0.60336035
C_static,2,val,827739,0,0.6080296
C_static,2,val,829943,1,0.56527066
C_static,2,val,833210,1,0.61634815
C_static,2,val,834130,0,0.5970604
C_static,2,val,834393,0,0.64177954
C_static,2,val,834446,1,0.5969782
C_static,2,val,835833,1,0.60323995
C_static,2,val,836931,1,0.6075093
C_static,2,val,844104,1,0.7426419
C_static,2,val,848723,1,0.52777344
C_static,2,val,849297,1,0.57417303
C_static,2,val,853842,1,0.6297148
C_static,2,val,857171,1,0.58999574
C_static,2,val,857521,0,0.5948652
C_static,2,val,857621,1,0.6438261
C_static,2,val,859236,0,0.6578577
C_static,2,val,867398,0,0.6369849
C_static,2,val,867481,0,0.6334982
C_static,2,val,868318,0,0.52853626
C_static,2,val,873206,1,0.71262485
C_static,2,val,875241,1,0.5625458
C_static,2,val,876098,1,0.6273074
C_static,2,val,877486,1,0.6726833
C_static,2,val,880466,1,0.58296347
C_static,2,val,885222,0,0.6702967
C_static,2,val,898035,1,0.53085643
C_static,2,val,899067,0,0.6271983
C_static,2,val,899206,1,0.6078928
C_static,2,val,899668,1,0.54887325
C_static,2,val,903654,1,0.6007019
C_static,2,val,935158,1,0.6462752
C_static,2,val,953310,1,0.6082009
C_static,2,val,953656,0,0.68538076
C_static,2,val,957325,1,0.6367428
C_static,2,val,959771,1,0.63898027
C_static,2,val,960726,0,0.632263
C_static,2,val,961563,0,0.6178368
C_static,2,val,962643,1,0.6266437
C_static,2,val,963182,1,0.5857968
C_static,2,val,963540,1,0.6472825
C_static,2,val,967064,1,0.5564625
C_static,2,val,972111,0,0.66440773
C_static,2,val,975370,0,0.54367375
C_static,2,val,976220,1,0.6409872
C_static,2,val,978990,0,0.5819071
C_static,2,val,982055,0,0.572525
C_static,2,val,982477,0,0.57797253
C_static,2,val,982545,1,0.5862497
C_static,2,val,983856,1,0.60107154
C_static,2,val,983916,1,0.5970315
C_static,2,val,985152,1,0.5290223
C_static,2,val,987657,1,0.75280267
C_static,2,val,988590,1,0.83446825
C_static,2,val,989038,1,0.6317095
C_static,2,val,990510,1,0.674587
C_static,2,val,991790,1,0.61915725
C_static,2,val,993731,1,0.666624
C_static,2,val,994160,1,0.6740307
C_static,2,val,994960,0,0.61957014
C_static,2,val,995346,0,0.62124217
C_static,2,val,1000434,1,0.5685342
C_static,2,val,1002373,1,0.58120835
C_static,2,val,1002968,1,0.67667145
C_static,2,val,1005095,1,0.6521709
C_static,2,val,1006489,0,0.6124857
C_static,2,val,1013371,1,0.60164434
C_static,2,val,1021541,1,0.6077688
C_static,2,val,1030940,1,0.56932807
C_static,2,val,1033938,0,0.6597444
C_static,2,val,1036745,1,0.6379113
C_static,2,val,1040848,0,0.6329145
C_static,2,val,1042457,0,0.6019685
C_static,2,val,1048580,1,0.6486069
C_static,2,val,1049886,1,0.67140925
C_static,2,val,1050525,1,0.7040142
C_static,2,val,1056454,1,0.704013
C_static,2,val,1057961,0,0.62420726
C_static,2,val,1058939,1,0.6459043
C_static,2,val,1058965,1,0.6077777
C_static,2,val,1061023,1,0.67349464
C_static,2,val,1065129,1,0.6516814
C_static,2,val,1068977,0,0.5598465
C_static,2,val,1069003,0,0.6378724
C_static,2,val,1071801,0,0.635632
C_static,2,val,1073471,1,0.6513343
C_static,2,val,1073751,1,0.50607777
C_static,2,val,1073787,1,0.63873655
C_static,2,val,1074093,1,0.5700314
C_static,2,val,1075990,0,0.67460155
C_static,2,val,1076383,1,0.63473374
C_static,2,val,1077013,1,0.6241818
C_static,2,val,1078392,1,0.6896316
C_static,2,val,1079219,0,0.6315786
C_static,2,val,1079586,0,0.57722884
C_static,2,val,1079656,1,0.6497842
C_static,2,val,1079923,0,0.61133623
C_static,2,val,1080470,1,0.5357553
C_static,2,val,1081738,1,0.63246125
C_static,2,val,1082124,1,0.42371947
C_static,2,val,1084347,0,0.5730574
C_static,2,val,1085496,1,0.66953874
C_static,2,val,1087391,0,0.6616149
C_static,2,val,1087667,1,0.58848566
C_static,2,val,1087796,0,0.5965375
C_static,2,val,1088918,1,0.6218868
C_static,2,val,1089436,0,0.59199
C_static,2,val,1089796,1,0.60696137
C_static,2,val,1090438,1,0.6428041
C_static,2,val,1090543,1,0.6298286
C_static,2,val,1092437,1,0.6574685
C_static,2,val,1092848,1,0.61188304
C_static,2,val,1092889,1,0.51540637
C_static,2,val,1092948,1,0.65532684
C_static,2,val,1093743,0,0.48994786
C_static,2,val,1093823,1,0.5992748
C_static,2,val,1094730,0,0.61476064
C_static,2,val,1097465,1,0.6459973
C_static,2,val,1097474,1,0.5877192
C_static,2,val,1098204,1,0.6550936
C_static,2,val,1099234,1,0.6207525
C_static,2,val,1099979,0,0.6380235
C_static,2,val,1101522,0,0.65613264
C_static,2,val,1102276,1,0.65515447
C_static,2,val,1102856,1,0.57066363
C_static,2,val,1103434,0,0.5443648
C_static,2,val,1103891,1,0.4376955
C_static,2,val,1104649,1,0.7548989
C_static,2,val,1105121,0,0.6512075
C_static,2,val,1105241,0,0.4698504
C_static,2,val,1105299,0,0.6349922
C_static,2,val,1105715,1,0.75324017
C_static,2,val,1107359,1,0.7176293
C_static,2,val,1107910,1,0.66963667
C_static,2,val,1109280,1,0.6599331
C_static,2,val,1109782,1,0.66337156
C_static,2,val,1111153,0,0.567451
C_static,2,val,1111157,0,0.6292986
C_static,2,val,1111426,0,0.6100807
C_static,2,val,1111513,1,0.6895353
C_static,2,val,1111920,1,0.6744367
C_static,2,val,1112811,1,0.5850434
C_static,2,val,1113155,0,0.6579612
C_static,2,val,1113398,1,0.6219764
C_static,2,val,1115212,1,0.6357802
C_static,2,val,1115427,1,0.49257195
C_static,2,val,1116007,0,0.49859327
C_static,2,val,1116601,0,0.62236106
C_static,2,val,1116926,1,0.66634595
C_static,2,val,1117576,0,0.6236143
C_static,2,val,1117714,1,0.7617938
C_static,2,val,1117752,1,0.6716591
C_static,2,val,1117975,1,0.6480632
C_static,2,val,1118436,1,0.67241967
C_static,2,val,1118542,0,0.6361136
C_static,2,val,1118849,1,0.6210256
C_static,2,val,1119248,1,0.62854874
C_static,2,val,1119520,0,0.43490505
C_static,2,val,1119526,1,0.70019746
C_static,2,val,1119652,1,0.623922
C_static,2,val,1119666,1,0.68905425
C_static,2,val,1119802,1,0.62216914
C_static,2,val,1119855,0,0.6077634
C_static,2,val,1120326,1,0.6330793
C_static,2,val,1120436,0,0.63966805
C_static,2,val,1120645,0,0.45263162
C_static,2,val,1120684,0,0.6279669
C_static,2,val,1120869,0,0.6348898
C_static,2,val,1121493,0,0.5255275
C_static,2,val,1121705,1,0.61389244
C_static,2,val,1121914,1,0.73886585
C_static,2,val,1122025,1,0.534855
C_static,2,val,1122057,0,0.63287306
C_static,2,val,1122513,1,0.6705829
C_static,2,val,1123015,0,0.67984045
C_static,2,val,1123071,1,0.73264146
C_static,2,val,1124095,1,0.5854771
C_static,2,val,1125442,1,0.69173205
C_static,2,val,1127285,0,0.61549556
C_static,2,val,1127560,1,0.63338524
C_static,2,val,1128117,1,0.673632
C_static,2,val,1128350,1,0.6412396
C_static,2,val,1129711,0,0.701125
C_static,2,val,1129961,0,0.6403188
C_static,2,val,1131906,1,0.6932117
C_static,2,val,1132251,1,0.62407833
C_static,2,val,1132255,0,0.7361146
C_static,2,val,1132760,0,0.66241735
C_static,2,val,1133011,0,0.6985289
C_static,2,val,1133607,1,0.64159566
C_static,2,val,1134095,1,0.52845055
C_static,2,val,1134921,1,0.5061877
C_static,2,val,1135094,0,0.65773433
C_static,2,val,1135191,0,0.6139414
C_static,2,val,1136524,0,0.59260553
C_static,2,val,1136723,0,0.62807405
C_static,2,val,1136790,1,0.67233026
C_static,2,val,1136946,0,0.6509971
C_static,2,val,1136981,1,0.6447054
C_static,2,val,1137743,1,0.71325505
C_static,2,val,1137897,1,0.7166608
C_static,2,val,1138757,1,0.6621966
C_static,2,val,1139275,1,0.64784336
C_static,2,val,1140239,1,0.61987793
C_static,2,val,1141115,1,0.7268218
C_static,2,val,1141596,0,0.68045217
C_static,2,val,1142051,1,0.6664666
C_static,2,val,1142643,1,0.6616888
C_static,2,val,1142724,0,0.5752852
C_static,2,val,1143116,0,0.6191744
C_static,2,val,1143964,1,0.73208255
C_static,2,val,1144198,1,0.67063004
C_static,2,val,1144614,1,0.67475694
C_static,2,val,1145385,0,0.61390984
C_static,2,val,1145450,0,0.596009
C_static,2,val,1145704,1,0.6897861
C_static,2,val,1146057,0,0.7338355
C_static,2,val,1146465,0,0.5607079
C_static,2,val,1146999,1,0.62484217
C_static,2,val,1147005,0,0.6198132
C_static,2,val,1147122,1,0.6614829
C_static,2,val,1147843,1,0.61399597
C_static,2,val,1148270,0,0.6028782
C_static,2,val,1149196,0,0.6529098
C_static,2,val,1149831,1,0.6133095
C_static,2,val,1149904,0,0.64061224
C_static,2,val,1150324,0,0.63948435
C_static,2,val,1150911,0,0.65047884
C_static,2,val,1151371,1,0.59142053
C_static,2,val,1151387,0,0.6400759
C_static,2,val,1151393,1,0.7331812
C_static,2,val,1151510,0,0.6176007
C_static,2,val,1152877,0,0.5462576
C_static,2,val,1153056,1,0.7373897
C_static,2,val,1153155,1,0.6792501
C_static,2,val,1153931,1,0.6923572
C_static,2,val,1155546,1,0.4710924
C_static,2,val,1155802,1,0.5882912
C_static,2,val,1156057,0,0.65374464
C_static,2,val,1156739,1,0.7555846
C_static,2,val,1156847,1,0.7210186
C_static,2,val,1156904,1,0.7783191
C_static,2,val,1157181,1,0.7453109
C_static,2,val,1205869,1,0.77615774
C_static,2,val,1205937,0,0.7086529
C_static,2,val,1206010,0,0.61290133
C_static,2,val,1206766,1,0.5141275
C_static,2,val,1207435,1,0.72573745
C_static,2,val,1207793,1,0.67048955
C_static,2,val,1207923,1,0.74043566
C_static,2,val,1208350,1,0.68734425
C_static,2,val,1208880,1,0.5580608
C_static,2,val,1209469,1,0.65619564
C_static,2,val,1209502,0,0.6340769
C_static,2,val,1209699,0,0.6426473
C_static,2,val,1210123,0,0.6757962
C_static,2,val,1210315,0,0.66982377
C_static,2,val,1211177,1,0.68622196
C_static,2,val,1211297,1,0.6980495
C_static,2,val,1211321,1,0.66771513
C_static,2,val,1211878,1,0.67337096
C_static,2,val,1212103,1,0.69621706
C_static,2,val,1212313,0,0.61533105
C_static,2,val,1212354,0,0.64319336
C_static,2,val,1212394,1,0.58459735
C_static,2,val,1212797,1,0.6898498
C_static,2,val,1213174,1,0.54401433
C_static,2,val,1213716,1,0.66796625
C_static,2,val,1213929,1,0.6813688
C_static,2,val,1214506,1,0.6655415
C_static,2,val,1215252,0,0.6928382
C_static,2,val,1215332,0,0.63628525
C_static,2,val,1215381,0,0.66725075
C_static,2,val,1215388,0,0.6486918
C_static,2,val,1215420,1,0.6560166
C_static,2,val,1215443,0,0.6676747
C_static,2,val,1215869,0,0.6851923
C_static,2,val,1216904,0,0.6289919
C_static,2,val,1217080,1,0.7243561
C_static,2,val,1217218,0,0.5743116
C_static,2,val,1217635,1,0.7100823
C_static,2,val,1217769,1,0.6461038
C_static,2,val,1218335,1,0.6459965
C_static,2,val,1218829,1,0.69969696
C_static,2,val,1219765,1,0.6790108
C_static,2,val,1219935,1,0.75652856
C_static,2,val,1220475,0,0.6267076
C_static,2,val,1220500,1,0.54243124
C_static,2,val,1220605,1,0.7781708
C_static,2,val,1220959,1,0.69059694
C_static,2,val,1221268,1,0.520735
C_static,2,val,1221554,0,0.65462554
C_static,2,val,1221883,0,0.621017
C_static,2,val,1222037,1,0.6835706
C_static,2,val,1223272,1,0.64117
C_static,2,val,1223459,1,0.65245783
C_static,2,val,1223585,1,0.69528955
C_static,2,val,1223773,1,0.6754716
C_static,2,val,1223866,1,0.7062321
C_static,2,val,1223969,1,0.66912043
C_static,2,val,1224121,0,0.6483806
C_static,2,val,1224698,0,0.6204193
C_static,2,val,1225046,0,0.6441186
C_static,2,val,1225751,1,0.7335881
C_static,2,val,1225914,0,0.6320731
C_static,2,val,1226824,0,0.67097044
C_static,2,val,1227195,1,0.6259115
C_static,2,val,1228020,1,0.6206787
C_static,2,val,1228509,1,0.69171757
C_static,2,val,1228820,0,0.7509843
C_static,2,val,1229766,1,0.75004953
C_static,2,val,1229837,0,0.5353186
C_static,2,val,1229860,1,0.7130279
C_static,2,val,1229920,1,0.6457766
C_static,2,val,1230241,1,0.65067124
C_static,2,val,1230259,1,0.59793705
C_static,2,val,1230724,1,0.68743026
C_static,2,val,1230781,0,0.6393699
C_static,2,val,1230810,1,0.6274912
C_static,2,val,1231114,1,0.64788026
C_static,2,val,1231343,1,0.6692898
C_static,2,val,1231638,1,0.6073493
C_static,2,val,1232033,0,0.479583
C_static,2,val,1232188,1,0.63404584
C_static,2,val,1232333,1,0.6368141
C_static,2,val,1233203,1,0.70602065
C_static,2,val,1233777,1,0.62460285
C_static,2,val,1233962,0,0.75961924
C_static,2,val,1233970,1,0.5887516
C_static,2,val,1234198,0,0.7121568
C_static,2,val,1235172,0,0.6676688
C_static,2,val,1235254,0,0.66729873
C_static,2,val,1235265,1,0.68690556
C_static,2,val,1235697,1,0.5451543
C_static,2,val,1236071,1,0.54639053
C_static,2,val,1236083,0,0.72346246
C_static,2,val,1236734,1,0.6499748
C_static,2,val,1237352,1,0.65486
C_static,2,val,1237367,1,0.6382727
C_static,2,val,1237508,1,0.73747337
C_static,2,val,1237839,0,0.63656193
C_static,2,val,1237971,1,0.695797
C_static,2,val,1238001,0,0.7154254
C_static,2,val,1238292,0,0.5910165
C_static,2,val,1239029,1,0.6314341
C_static,2,val,1239095,1,0.66504335
C_static,2,val,1239127,0,0.6165409
C_static,2,val,1239331,1,0.5516083
C_static,2,val,1239701,0,0.65455604
C_static,2,val,1239881,1,0.6116709
C_static,2,val,1240282,0,0.5949799
C_static,2,val,1240710,1,0.58821446
C_static,2,val,1241104,0,0.72034204
C_static,2,val,1241185,0,0.56983936
C_static,2,val,1242267,1,0.660623
C_static,2,val,1242283,0,0.56651497
C_static,2,val,1243098,1,0.7175762
C_static,2,val,1243427,1,0.59296525
C_static,2,val,1243514,1,0.6302056
C_static,2,val,1243942,1,0.67204374
C_static,2,val,1244606,1,0.73173285
C_static,2,val,1244680,1,0.65559614
C_static,2,val,1245566,1,0.5356388
C_static,2,val,1245696,1,0.636189
C_static,2,val,1246095,1,0.57512033
C_static,2,val,1246508,0,0.47906417
C_static,2,test,17109,1,0.6517183
C_static,2,test,22019,0,0.6030047
C_static,2,test,30603,1,0.6894573
C_static,2,test,36502,0,0.6223306
C_static,2,test,42908,1,0.5837064
C_static,2,test,52327,1,0.7291624
C_static,2,test,52609,1,0.5673487
C_static,2,test,54828,1,0.6908678
C_static,2,test,61867,0,0.5389469
C_static,2,test,63449,0,0.45892692
C_static,2,test,65596,0,0.6536566
C_static,2,test,68483,1,0.5312618
C_static,2,test,70693,0,0.71811765
C_static,2,test,74146,0,0.62355614
C_static,2,test,85978,1,0.5935568
C_static,2,test,86305,1,0.56563663
C_static,2,test,86310,1,0.6409931
C_static,2,test,91934,0,0.5673791
C_static,2,test,93011,0,0.67767984
C_static,2,test,98629,1,0.5480451
C_static,2,test,102312,1,0.71460676
C_static,2,test,105772,1,0.62888396
C_static,2,test,108509,1,0.51340127
C_static,2,test,113763,0,0.6354204
C_static,2,test,121544,1,0.6686673
C_static,2,test,132583,0,0.7533273
C_static,2,test,143353,1,0.72982895
C_static,2,test,144004,0,0.564329
C_static,2,test,157463,1,0.6688035
C_static,2,test,160103,1,0.66355217
C_static,2,test,160197,1,0.7544209
C_static,2,test,163423,1,0.6798911
C_static,2,test,164362,1,0.39552504
C_static,2,test,165324,0,0.7160403
C_static,2,test,166451,1,0.69162256
C_static,2,test,167707,1,0.6782801
C_static,2,test,180001,0,0.6897258
C_static,2,test,181034,1,0.6174212
C_static,2,test,182595,0,0.6211235
C_static,2,test,183219,0,0.6278113
C_static,2,test,184704,0,0.7256166
C_static,2,test,190049,1,0.7075505
C_static,2,test,203461,1,0.6602831
C_static,2,test,208652,1,0.66692114
C_static,2,test,216589,1,0.5366757
C_static,2,test,218529,1,0.72836316
C_static,2,test,220792,0,0.62421626
C_static,2,test,223651,1,0.60202086
C_static,2,test,229959,1,0.6546531
C_static,2,test,234398,0,0.61045235
C_static,2,test,234471,0,0.66866064
C_static,2,test,240229,0,0.56366867
C_static,2,test,250983,0,0.642388
C_static,2,test,252362,0,0.5852821
C_static,2,test,271298,0,0.6620166
C_static,2,test,274179,0,0.68255424
C_static,2,test,275882,1,0.6591167
C_static,2,test,278098,0,0.5040817
C_static,2,test,278230,0,0.6585218
C_static,2,test,278485,0,0.6325209
C_static,2,test,285173,1,0.6866292
C_static,2,test,288581,1,0.5494831
C_static,2,test,293811,0,0.62389225
C_static,2,test,304034,0,0.6609401
C_static,2,test,309162,1,0.4729872
C_static,2,test,309228,1,0.71953195
C_static,2,test,315569,1,0.6589332
C_static,2,test,325318,0,0.5261199
C_static,2,test,327943,1,0.64390355
C_static,2,test,335403,0,0.6772688
C_static,2,test,345895,1,0.6241238
C_static,2,test,350707,0,0.7008911
C_static,2,test,353416,1,0.683509
C_static,2,test,354035,1,0.5781796
C_static,2,test,360745,1,0.87762207
C_static,2,test,367686,0,0.6537698
C_static,2,test,369915,1,0.5671586
C_static,2,test,372332,1,0.79386175
C_static,2,test,374203,0,0.57602394
C_static,2,test,376880,1,0.7801947
C_static,2,test,377217,1,0.56466234
C_static,2,test,383626,1,0.67759293
C_static,2,test,384429,0,0.6052354
C_static,2,test,391348,0,0.7048192
C_static,2,test,398295,0,0.68944424
C_static,2,test,398592,1,0.5531976
C_static,2,test,400980,1,0.6631699
C_static,2,test,403399,0,0.59649503
C_static,2,test,405843,1,0.61816585
C_static,2,test,409579,1,0.6984276
C_static,2,test,410795,1,0.6337784
C_static,2,test,412716,1,0.67053664
C_static,2,test,419522,1,0.67295784
C_static,2,test,432045,0,0.63274825
C_static,2,test,432782,0,0.6619972
C_static,2,test,433303,1,0.6354262
C_static,2,test,438187,1,0.74273306
C_static,2,test,442019,0,0.6261557
C_static,2,test,442797,1,0.53376365
C_static,2,test,442895,1,0.6405052
C_static,2,test,443207,1,0.6584294
C_static,2,test,443610,0,0.61059475
C_static,2,test,445318,0,0.59197503
C_static,2,test,451415,1,0.48738712
C_static,2,test,460422,1,0.5956602
C_static,2,test,460580,1,0.65905625
C_static,2,test,463375,1,0.5846386
C_static,2,test,465763,1,0.62490183
C_static,2,test,468342,1,0.61961365
C_static,2,test,469078,1,0.5909911
C_static,2,test,476977,1,0.4824014
C_static,2,test,477285,1,0.6712597
C_static,2,test,486523,0,0.596879
C_static,2,test,488255,0,0.4604622
C_static,2,test,490630,1,0.72247565
C_static,2,test,492132,0,0.640349
C_static,2,test,492492,0,0.63233864
C_static,2,test,507011,1,0.6608275
C_static,2,test,508867,1,0.6710651
C_static,2,test,511417,1,0.6067416
C_static,2,test,512053,1,0.5976762
C_static,2,test,512180,1,0.62361324
C_static,2,test,515887,1,0.5678801
C_static,2,test,516493,0,0.5422559
C_static,2,test,525973,0,0.69634384
C_static,2,test,529750,0,0.58716977
C_static,2,test,536935,1,0.6272776
C_static,2,test,549363,0,0.553551
C_static,2,test,552901,1,0.5606215
C_static,2,test,555492,0,0.63542163
C_static,2,test,559178,1,0.6221057
C_static,2,test,565908,0,0.5185514
C_static,2,test,575773,1,0.68475765
C_static,2,test,580587,0,0.6773868
C_static,2,test,581598,1,0.66777015
C_static,2,test,588986,1,0.55321825
C_static,2,test,589857,0,0.7267428
C_static,2,test,591051,1,0.63087755
C_static,2,test,592121,0,0.6177181
C_static,2,test,592548,0,0.65153193
C_static,2,test,595954,1,0.555615
C_static,2,test,596445,0,0.57537425
C_static,2,test,602165,1,0.7501321
C_static,2,test,604557,1,0.60281205
C_static,2,test,605762,0,0.58383197
C_static,2,test,607813,0,0.66565645
C_static,2,test,610488,0,0.53041995
C_static,2,test,611309,0,0.685276
C_static,2,test,615384,1,0.53918874
C_static,2,test,617695,0,0.6647202
C_static,2,test,618335,1,0.55681354
C_static,2,test,624692,1,0.65834904
C_static,2,test,626615,0,0.76705545
C_static,2,test,627587,1,0.6476349
C_static,2,test,628861,1,0.57224244
C_static,2,test,644091,1,0.5931158
C_static,2,test,644443,1,0.59441185
C_static,2,test,647436,0,0.6772655
C_static,2,test,650259,0,0.6284856
C_static,2,test,657738,0,0.65707403
C_static,2,test,660164,1,0.66434795
C_static,2,test,660433,0,0.65775734
C_static,2,test,663130,1,0.6851001
C_static,2,test,663548,1,0.6100976
C_static,2,test,665050,1,0.605197
C_static,2,test,665220,1,0.6777843
C_static,2,test,671576,0,0.5984871
C_static,2,test,672172,1,0.6467803
C_static,2,test,677259,0,0.6314557
C_static,2,test,681120,1,0.641926
C_static,2,test,684963,1,0.6696992
C_static,2,test,687171,1,0.4690854
C_static,2,test,690734,0,0.61767507
C_static,2,test,693326,1,0.5726633
C_static,2,test,696029,0,0.6128723
C_static,2,test,699877,0,0.62564003
C_static,2,test,701498,1,0.673528
C_static,2,test,702078,0,0.68534917
C_static,2,test,702801,0,0.61241007
C_static,2,test,704059,0,0.6819929
C_static,2,test,704101,1,0.6984792
C_static,2,test,709805,1,0.62902164
C_static,2,test,711782,1,0.66362613
C_static,2,test,711787,1,0.6163975
C_static,2,test,712016,1,0.5883131
C_static,2,test,714764,0,0.6716919
C_static,2,test,715221,1,0.66342753
C_static,2,test,723474,0,0.7213434
C_static,2,test,726409,0,0.5879357
C_static,2,test,726499,0,0.59171563
C_static,2,test,740043,1,0.5817285
C_static,2,test,742847,0,0.728165
C_static,2,test,743605,1,0.65178955
C_static,2,test,747584,1,0.5507501
C_static,2,test,750881,0,0.64968956
C_static,2,test,751252,0,0.4455995
C_static,2,test,755294,1,0.6662569
C_static,2,test,780355,1,0.6783943
C_static,2,test,789437,1,0.48253876
C_static,2,test,803706,1,0.6573189
C_static,2,test,806762,0,0.645979
C_static,2,test,808258,0,0.56603545
C_static,2,test,809234,1,0.595044
C_static,2,test,818267,1,0.63474965
C_static,2,test,829142,1,0.7435895
C_static,2,test,835463,1,0.6562322
C_static,2,test,839278,1,0.5676331
C_static,2,test,841534,0,0.4945981
C_static,2,test,841748,1,0.556317
C_static,2,test,844964,0,0.65044564
C_static,2,test,851163,1,0.63115716
C_static,2,test,851639,1,0.59260476
C_static,2,test,854069,1,0.5819336
C_static,2,test,855223,1,0.70146745
C_static,2,test,857435,1,0.72464573
C_static,2,test,860381,0,0.6406777
C_static,2,test,861607,0,0.48556328
C_static,2,test,872844,1,0.6225112
C_static,2,test,877831,0,0.66261935
C_static,2,test,878721,0,0.54596496
C_static,2,test,882885,1,0.6417089
C_static,2,test,883112,1,0.59463716
C_static,2,test,883479,0,0.53666914
C_static,2,test,885394,1,0.6053287
C_static,2,test,899469,1,0.6521253
C_static,2,test,900762,1,0.67778826
C_static,2,test,900957,1,0.6621699
C_static,2,test,924232,0,0.71348757
C_static,2,test,934409,0,0.6145046
C_static,2,test,941626,1,0.5971262
C_static,2,test,947197,1,0.60863054
C_static,2,test,951246,0,0.76451916
C_static,2,test,954440,1,0.63811946
C_static,2,test,956387,1,0.5810866
C_static,2,test,963985,1,0.68779135
C_static,2,test,966701,0,0.6148912
C_static,2,test,968655,0,0.608452
C_static,2,test,976523,1,0.73899674
C_static,2,test,977714,1,0.6079331
C_static,2,test,979369,1,0.60952526
C_static,2,test,980871,1,0.5164298
C_static,2,test,981562,0,0.63778937
C_static,2,test,986260,1,0.6948864
C_static,2,test,986510,1,0.71055526
C_static,2,test,989331,1,0.6462076
C_static,2,test,991197,0,0.6301848
C_static,2,test,991829,1,0.57802796
C_static,2,test,993100,1,0.6363187
C_static,2,test,993602,1,0.6105603
C_static,2,test,995694,1,0.7698915
C_static,2,test,996219,0,0.6094959
C_static,2,test,996551,0,0.60104233
C_static,2,test,1000725,1,0.6124822
C_static,2,test,1001535,1,0.6018013
C_static,2,test,1003409,1,0.65608394
C_static,2,test,1005121,1,0.6188843
C_static,2,test,1005171,1,0.61380064
C_static,2,test,1005619,1,0.60282296
C_static,2,test,1007363,0,0.648886
C_static,2,test,1058429,1,0.6304749
C_static,2,test,1061584,1,0.53784454
C_static,2,test,1062066,0,0.6458414
C_static,2,test,1066534,1,0.59908044
C_static,2,test,1067041,1,0.61238223
C_static,2,test,1067177,1,0.6505737
C_static,2,test,1068069,1,0.58767015
C_static,2,test,1068151,0,0.58942235
C_static,2,test,1068390,1,0.6671825
C_static,2,test,1068426,1,0.61496854
C_static,2,test,1068928,0,0.6695735
C_static,2,test,1069432,1,0.66007316
C_static,2,test,1069948,1,0.6556227
C_static,2,test,1070002,1,0.5831428
C_static,2,test,1070070,1,0.60708493
C_static,2,test,1070173,1,0.6530722
C_static,2,test,1071053,0,0.64205366
C_static,2,test,1071949,1,0.6160245
C_static,2,test,1072395,1,0.700576
C_static,2,test,1073214,1,0.6067726
C_static,2,test,1073232,0,0.542868
C_static,2,test,1073268,1,0.6066896
C_static,2,test,1073839,0,0.72330266
C_static,2,test,1074312,0,0.6022792
C_static,2,test,1074427,1,0.5810063
C_static,2,test,1074571,1,0.5899656
C_static,2,test,1074753,0,0.6449556
C_static,2,test,1075228,1,0.69632846
C_static,2,test,1075404,1,0.6664722
C_static,2,test,1075699,1,0.652692
C_static,2,test,1077606,1,0.65325063
C_static,2,test,1079282,1,0.6885459
C_static,2,test,1081059,1,0.44875878
C_static,2,test,1081377,0,0.6095084
C_static,2,test,1081798,0,0.6613029
C_static,2,test,1082290,0,0.6584532
C_static,2,test,1082987,0,0.60642815
C_static,2,test,1084214,1,0.48517954
C_static,2,test,1084630,1,0.5993713
C_static,2,test,1085216,0,0.66181195
C_static,2,test,1086129,1,0.55618185
C_static,2,test,1086243,1,0.69799197
C_static,2,test,1086770,1,0.6841963
C_static,2,test,1086772,1,0.6008201
C_static,2,test,1087850,0,0.5089948
C_static,2,test,1089310,0,0.57220244
C_static,2,test,1089629,0,0.7336399
C_static,2,test,1091748,1,0.7204106
C_static,2,test,1093139,0,0.50620365
C_static,2,test,1093650,1,0.62562174
C_static,2,test,1094011,1,0.6928311
C_static,2,test,1094046,1,0.6377306
C_static,2,test,1094897,1,0.6752673
C_static,2,test,1095869,1,0.6399079
C_static,2,test,1095940,1,0.62491304
C_static,2,test,1096850,1,0.63873
C_static,2,test,1096858,1,0.54978555
C_static,2,test,1098886,1,0.59816897
C_static,2,test,1103930,1,0.62619156
C_static,2,test,1104113,1,0.6715973
C_static,2,test,1104452,1,0.7362262
C_static,2,test,1104592,1,0.58074844
C_static,2,test,1105198,0,0.56887585
C_static,2,test,1105837,1,0.6322693
C_static,2,test,1106300,1,0.5920661
C_static,2,test,1106596,0,0.6734557
C_static,2,test,1107096,1,0.5819006
C_static,2,test,1107291,0,0.6401619
C_static,2,test,1107631,1,0.66539395
C_static,2,test,1108050,1,0.7015912
C_static,2,test,1109506,1,0.7303042
C_static,2,test,1109526,1,0.7078476
C_static,2,test,1109598,1,0.6939008
C_static,2,test,1109983,1,0.59110075
C_static,2,test,1111098,1,0.7335669
C_static,2,test,1111860,1,0.71492904
C_static,2,test,1113294,1,0.61212045
C_static,2,test,1113365,1,0.6112732
C_static,2,test,1113808,0,0.5855688
C_static,2,test,1115713,1,0.6799683
C_static,2,test,1116144,1,0.6286011
C_static,2,test,1116479,0,0.62136453
C_static,2,test,1116580,1,0.67648596
C_static,2,test,1117063,0,0.62621844
C_static,2,test,1117243,1,0.5762415
C_static,2,test,1117669,0,0.7768154
C_static,2,test,1117701,1,0.6691137
C_static,2,test,1117869,1,0.5367651
C_static,2,test,1118191,1,0.56737655
C_static,2,test,1118291,0,0.43805817
C_static,2,test,1118398,1,0.67500216
C_static,2,test,1118511,1,0.6301113
C_static,2,test,1118641,0,0.6236507
C_static,2,test,1119092,1,0.59530765
C_static,2,test,1119930,1,0.6582227
C_static,2,test,1120836,1,0.6986748
C_static,2,test,1121365,1,0.68115216
C_static,2,test,1121559,1,0.6353421
C_static,2,test,1121672,1,0.50967
C_static,2,test,1121736,0,0.68760794
C_static,2,test,1121795,1,0.70625913
C_static,2,test,1121927,1,0.6049446
C_static,2,test,1122004,0,0.5590848
C_static,2,test,1122185,1,0.6786847
C_static,2,test,1122658,1,0.7564638
C_static,2,test,1122760,0,0.69593424
C_static,2,test,1123435,1,0.602339
C_static,2,test,1123551,0,0.57854074
C_static,2,test,1123858,0,0.5468921
C_static,2,test,1124152,0,0.6998525
C_static,2,test,1124180,0,0.43358427
C_static,2,test,1124482,1,0.69365895
C_static,2,test,1126244,0,0.6901729
C_static,2,test,1126628,1,0.67203534
C_static,2,test,1126767,0,0.6201657
C_static,2,test,1127029,0,0.67470485
C_static,2,test,1127812,1,0.66043454
C_static,2,test,1128467,1,0.69416934
C_static,2,test,1128811,0,0.6840079
C_static,2,test,1129353,0,0.6684412
C_static,2,test,1129383,1,0.6011856
C_static,2,test,1129401,1,0.7075912
C_static,2,test,1130020,1,0.6088408
C_static,2,test,1130043,1,0.8171821
C_static,2,test,1130495,1,0.56121397
C_static,2,test,1130530,0,0.67062896
C_static,2,test,1131124,1,0.68003947
C_static,2,test,1131656,1,0.6380182
C_static,2,test,1132058,1,0.62846327
C_static,2,test,1132465,1,0.6227137
C_static,2,test,1132886,0,0.6734271
C_static,2,test,1133211,1,0.6317124
C_static,2,test,1134193,1,0.63141704
C_static,2,test,1134339,0,0.5901527
C_static,2,test,1135004,0,0.561345
C_static,2,test,1136675,1,0.6712867
C_static,2,test,1136878,1,0.610425
C_static,2,test,1137456,0,0.60130465
C_static,2,test,1137818,1,0.61847556
C_static,2,test,1138670,1,0.5587619
C_static,2,test,1138681,1,0.5433447
C_static,2,test,1138864,1,0.57093215
C_static,2,test,1140316,1,0.70178133
C_static,2,test,1142126,0,0.62137634
C_static,2,test,1142188,1,0.6149151
C_static,2,test,1144028,0,0.7059465
C_static,2,test,1144147,0,0.58969164
C_static,2,test,1144488,1,0.6583032
C_static,2,test,1144757,1,0.7676462
C_static,2,test,1145720,0,0.68634915
C_static,2,test,1146563,0,0.6554508
C_static,2,test,1146584,1,0.636591
C_static,2,test,1148113,1,0.6708032
C_static,2,test,1148157,1,0.6805368
C_static,2,test,1148282,1,0.66542447
C_static,2,test,1148607,1,0.6886799
C_static,2,test,1148756,1,0.7152857
C_static,2,test,1148957,1,0.65557104
C_static,2,test,1149553,1,0.6794733
C_static,2,test,1149963,1,0.6157933
C_static,2,test,1150067,1,0.66428334
C_static,2,test,1150178,1,0.6405091
C_static,2,test,1151052,0,0.61330014
C_static,2,test,1151422,1,0.7075552
C_static,2,test,1151513,1,0.62349516
C_static,2,test,1151818,0,0.6230089
C_static,2,test,1152700,1,0.68125296
C_static,2,test,1152707,0,0.5976908
C_static,2,test,1153263,0,0.6471816
C_static,2,test,1153649,0,0.604723
C_static,2,test,1153914,1,0.6788571
C_static,2,test,1154191,1,0.6394972
C_static,2,test,1154313,1,0.67301506
C_static,2,test,1154712,1,0.66066575
C_static,2,test,1155176,1,0.64521736
C_static,2,test,1155575,1,0.61984485
C_static,2,test,1156251,1,0.6130458
C_static,2,test,1156386,1,0.63799554
C_static,2,test,1156786,1,0.6070479
C_static,2,test,1156887,1,0.6485635
C_static,2,test,1158961,1,0.6376437
C_static,2,test,1205766,1,0.75245434
C_static,2,test,1205889,1,0.68406093
C_static,2,test,1206310,1,0.5704775
C_static,2,test,1207017,1,0.62068164
C_static,2,test,1207116,1,0.6310951
C_static,2,test,1207484,0,0.7226083
C_static,2,test,1207861,1,0.64328355
C_static,2,test,1207963,1,0.74208355
C_static,2,test,1208561,1,0.6692275
C_static,2,test,1208898,1,0.67485493
C_static,2,test,1209022,1,0.5850684
C_static,2,test,1209496,0,0.41561547
C_static,2,test,1210080,0,0.6629534
C_static,2,test,1210100,0,0.6448725
C_static,2,test,1210485,1,0.70189667
C_static,2,test,1210639,1,0.60342
C_static,2,test,1210786,0,0.5499129
C_static,2,test,1210809,1,0.6978517
C_static,2,test,1211001,1,0.6228359
C_static,2,test,1211380,1,0.7088782
C_static,2,test,1212066,0,0.6913675
C_static,2,test,1212451,0,0.64767045
C_static,2,test,1212582,1,0.70756453
C_static,2,test,1213071,1,0.59970456
C_static,2,test,1213526,1,0.66715044
C_static,2,test,1214739,0,0.6968663
C_static,2,test,1214832,0,0.61581063
C_static,2,test,1215142,0,0.6418714
C_static,2,test,1215607,0,0.66278696
C_static,2,test,1216041,1,0.5039059
C_static,2,test,1216045,1,0.5953728
C_static,2,test,1216704,1,0.6863599
C_static,2,test,1216776,1,0.6522083
C_static,2,test,1217243,1,0.6234864
C_static,2,test,1218194,1,0.76725084
C_static,2,test,1218554,1,0.6086737
C_static,2,test,1218673,1,0.55737424
C_static,2,test,1219597,0,0.7270899
C_static,2,test,1219877,1,0.6827101
C_static,2,test,1220226,0,0.66202265
C_static,2,test,1220426,0,0.6834036
C_static,2,test,1220526,1,0.6673689
C_static,2,test,1220699,1,0.6170867
C_static,2,test,1220702,0,0.6276726
C_static,2,test,1220802,1,0.6995737
C_static,2,test,1220833,1,0.72635126
C_static,2,test,1220875,0,0.64588225
C_static,2,test,1221102,0,0.67137504
C_static,2,test,1221236,1,0.6499555
C_static,2,test,1221707,0,0.7279161
C_static,2,test,1222369,0,0.60652655
C_static,2,test,1222988,1,0.6111985
C_static,2,test,1223193,0,0.6466268
C_static,2,test,1223568,1,0.6713027
C_static,2,test,1223754,0,0.53503793
C_static,2,test,1224229,1,0.6441014
C_static,2,test,1224519,1,0.77484286
C_static,2,test,1224731,1,0.6398138
C_static,2,test,1225050,0,0.6578628
C_static,2,test,1225323,1,0.57669985
C_static,2,test,1225341,1,0.6772454
C_static,2,test,1225388,0,0.6945681
C_static,2,test,1225413,1,0.6777753
C_static,2,test,1225605,0,0.670046
C_static,2,test,1226794,0,0.7108116
C_static,2,test,1226946,1,0.5837669
C_static,2,test,1227262,1,0.67538136
C_static,2,test,1227437,1,0.6190511
C_static,2,test,1227597,0,0.7260146
C_static,2,test,1227732,1,0.66976285
C_static,2,test,1227755,1,0.69980687
C_static,2,test,1227765,1,0.58088195
C_static,2,test,1228018,1,0.7479994
C_static,2,test,1228461,1,0.67690384
C_static,2,test,1228842,0,0.7714402
C_static,2,test,1229345,1,0.67621964
C_static,2,test,1229605,0,0.6924908
C_static,2,test,1230051,1,0.6903434
C_static,2,test,1230374,1,0.6855283
C_static,2,test,1230384,0,0.5937446
C_static,2,test,1230408,1,0.5775583
C_static,2,test,1230574,0,0.47800812
C_static,2,test,1230712,0,0.6777449
C_static,2,test,1230855,0,0.48723602
C_static,2,test,1231339,0,0.7011383
C_static,2,test,1232028,0,0.5976893
C_static,2,test,1233241,0,0.6511416
C_static,2,test,1233508,1,0.58022296
C_static,2,test,1233527,1,0.66013247
C_static,2,test,1233621,0,0.73622966
C_static,2,test,1233632,1,0.74210995
C_static,2,test,1233791,1,0.6157879
C_static,2,test,1234521,0,0.62390155
C_static,2,test,1235863,1,0.65627706
C_static,2,test,1235882,0,0.65092075
C_static,2,test,1235914,0,0.6265831
C_static,2,test,1235985,1,0.6770068
C_static,2,test,1236656,0,0.67276067
C_static,2,test,1237272,1,0.7202422
C_static,2,test,1237647,0,0.6960409
C_static,2,test,1238245,1,0.62407595
C_static,2,test,1238297,0,0.74060863
C_static,2,test,1238348,0,0.6847811
C_static,2,test,1238457,1,0.5631333
C_static,2,test,1238537,0,0.65724975
C_static,2,test,1238550,1,0.641762
C_static,2,test,1238559,1,0.6840369
C_static,2,test,1238835,1,0.6657123
C_static,2,test,1238864,1,0.58289164
C_static,2,test,1238867,1,0.6272192
C_static,2,test,1238917,0,0.7571469
C_static,2,test,1238960,1,0.68990314
C_static,2,test,1239042,1,0.53155285
C_static,2,test,1239079,1,0.70759046
C_static,2,test,1239224,1,0.54812384
C_static,2,test,1239283,1,0.5875244
C_static,2,test,1239427,1,0.69458246
C_static,2,test,1239611,1,0.69669306
C_static,2,test,1239907,1,0.6516572
C_static,2,test,1241318,1,0.58164054
C_static,2,test,1241362,1,0.70878553
C_static,2,test,1241625,0,0.6210348
C_static,2,test,1241779,1,0.6010847
C_static,2,test,1242413,1,0.6867572
C_static,2,test,1242831,0,0.651105
C_static,2,test,1243993,0,0.64815336
C_static,2,test,1244763,0,0.71613264
C_static,2,test,1244765,0,0.6412432
C_static,2,test,1245905,1,0.5748854
C_static,2,test,1245930,0,0.67219317
C_static,2,test,1246192,1,0.5529711
C_static,2,test,1246490,1,0.61384445
C_static,2,test,1246702,1,0.64888644
C_temporal,2,val,12246,1,0.5642488
C_temporal,2,val,15488,1,0.60377496
C_temporal,2,val,16787,0,0.71326315
C_temporal,2,val,20993,1,0.7346261
C_temporal,2,val,28836,1,0.75883985
C_temporal,2,val,31619,1,0.8503459
C_temporal,2,val,32089,0,0.61457676
C_temporal,2,val,33225,1,0.5943413
C_temporal,2,val,35136,1,0.60716814
C_temporal,2,val,38963,1,0.5376265
C_temporal,2,val,43310,1,0.55653703
C_temporal,2,val,45419,1,0.9017466
C_temporal,2,val,62606,1,0.47127253
C_temporal,2,val,64928,1,0.5968095
C_temporal,2,val,66226,1,0.43105316
C_temporal,2,val,68648,0,0.4633227
C_temporal,2,val,86896,0,0.5813701
C_temporal,2,val,88424,1,0.70551527
C_temporal,2,val,93202,0,0.5800039
C_temporal,2,val,95626,1,0.53146297
C_temporal,2,val,100595,0,0.6371156
C_temporal,2,val,112715,1,0.71283144
C_temporal,2,val,116182,1,0.58332324
C_temporal,2,val,121258,1,0.61753327
C_temporal,2,val,121744,1,0.9138674
C_temporal,2,val,123208,1,0.879986
C_temporal,2,val,125059,1,0.6036078
C_temporal,2,val,129040,1,0.38172698
C_temporal,2,val,130832,1,0.53054404
C_temporal,2,val,139693,0,0.566133
C_temporal,2,val,140328,0,0.9305029
C_temporal,2,val,152430,1,0.5934525
C_temporal,2,val,154147,1,0.80592734
C_temporal,2,val,156299,1,0.57749635
C_temporal,2,val,159617,1,0.73331565
C_temporal,2,val,162979,1,0.4817924
C_temporal,2,val,163659,1,0.64377975
C_temporal,2,val,167183,1,0.5752038
C_temporal,2,val,169449,1,0.62995476
C_temporal,2,val,169727,0,0.62227136
C_temporal,2,val,173162,0,0.5738506
C_temporal,2,val,175032,0,0.67537415
C_temporal,2,val,181466,0,0.9569588
C_temporal,2,val,184874,1,0.7707505
C_temporal,2,val,186257,0,0.82757103
C_temporal,2,val,190187,0,0.7857116
C_temporal,2,val,198213,1,0.58593816
C_temporal,2,val,202039,0,0.47662926
C_temporal,2,val,203640,1,0.43712455
C_temporal,2,val,210361,1,0.6649494
C_temporal,2,val,216010,1,0.873556
C_temporal,2,val,217013,0,0.673074
C_temporal,2,val,219309,1,0.55545205
C_temporal,2,val,226859,0,0.27870598
C_temporal,2,val,227399,0,0.36468726
C_temporal,2,val,234696,1,0.6331179
C_temporal,2,val,245427,1,0.64358544
C_temporal,2,val,248666,1,0.59299845
C_temporal,2,val,255374,0,0.6066966
C_temporal,2,val,271883,1,0.79792845
C_temporal,2,val,274322,1,0.74493444
C_temporal,2,val,274345,0,0.69201404
C_temporal,2,val,274563,1,0.59331083
C_temporal,2,val,277012,1,0.665625
C_temporal,2,val,278134,1,0.71471
C_temporal,2,val,282212,1,0.4508003
C_temporal,2,val,285801,1,0.70166695
C_temporal,2,val,290944,0,0.5997435
C_temporal,2,val,305034,0,0.4219667
C_temporal,2,val,306770,0,0.43904096
C_temporal,2,val,308426,1,0.5097372
C_temporal,2,val,310464,1,0.32727236
C_temporal,2,val,310596,0,0.77066123
C_temporal,2,val,311547,1,0.606552
C_temporal,2,val,311717,0,0.75022435
C_temporal,2,val,312810,1,0.76193815
C_temporal,2,val,313664,1,0.41063386
C_temporal,2,val,319549,1,0.77635914
C_temporal,2,val,324095,1,0.6953145
C_temporal,2,val,331536,1,0.7055475
C_temporal,2,val,332529,1,0.8243296
C_temporal,2,val,337613,1,0.5142187
C_temporal,2,val,338312,1,0.36280152
C_temporal,2,val,345087,1,0.7142445
C_temporal,2,val,345832,0,0.78836507
C_temporal,2,val,348567,1,1.0852427
C_temporal,2,val,348988,1,0.68060094
C_temporal,2,val,352441,0,0.4373843
C_temporal,2,val,353886,0,0.5217658
C_temporal,2,val,355783,0,0.6725756
C_temporal,2,val,368436,1,0.55692995
C_temporal,2,val,370843,1,0.70138943
C_temporal,2,val,383287,0,0.596217
C_temporal,2,val,387760,1,0.83768344
C_temporal,2,val,398520,1,0.696409
C_temporal,2,val,400416,0,0.51551235
C_temporal,2,val,400944,1,0.5316241
C_temporal,2,val,402364,0,0.5493127
C_temporal,2,val,409952,1,0.80222917
C_temporal,2,val,412024,1,0.68746233
C_temporal,2,val,413554,1,0.609393
C_temporal,2,val,419138,0,0.5408362
C_temporal,2,val,421493,0,0.367363
C_temporal,2,val,422674,1,0.53116876
C_temporal,2,val,431921,0,0.58386993
C_temporal,2,val,432168,1,0.46772468
C_temporal,2,val,432540,1,0.5772757
C_temporal,2,val,432906,1,0.72581416
C_temporal,2,val,435436,0,0.6060106
C_temporal,2,val,445545,1,0.67546225
C_temporal,2,val,448027,0,0.5612731
C_temporal,2,val,450155,1,0.9851187
C_temporal,2,val,451844,1,0.74242765
C_temporal,2,val,463298,1,0.4339378
C_temporal,2,val,465401,1,0.6780319
C_temporal,2,val,467821,0,0.36286968
C_temporal,2,val,468086,1,0.880138
C_temporal,2,val,470865,1,0.49102828
C_temporal,2,val,477981,1,0.561359
C_temporal,2,val,482448,0,0.5957884
C_temporal,2,val,486901,0,0.8055677
C_temporal,2,val,487515,1,0.6367777
C_temporal,2,val,490818,1,0.73074716
C_temporal,2,val,490962,1,0.52308637
C_temporal,2,val,493534,0,0.7055289
C_temporal,2,val,506609,1,0.66150695
C_temporal,2,val,508572,1,0.5561627
C_temporal,2,val,513568,0,0.8091443
C_temporal,2,val,518232,1,0.28824255
C_temporal,2,val,518961,1,0.6985307
C_temporal,2,val,520017,0,0.56197375
C_temporal,2,val,526518,0,0.47034693
C_temporal,2,val,528647,1,0.90205765
C_temporal,2,val,531193,0,0.6118473
C_temporal,2,val,531462,1,0.6408856
C_temporal,2,val,532148,1,0.7044129
C_temporal,2,val,535178,1,0.6906098
C_temporal,2,val,541544,1,0.55448914
C_temporal,2,val,544153,1,0.5093684
C_temporal,2,val,545205,0,0.5228057
C_temporal,2,val,547533,1,0.6355556
C_temporal,2,val,556177,0,0.7267738
C_temporal,2,val,563033,0,0.67476696
C_temporal,2,val,570135,0,0.77408683
C_temporal,2,val,573425,1,0.6306232
C_temporal,2,val,578084,0,0.5911831
C_temporal,2,val,578406,1,0.7003318
C_temporal,2,val,580750,0,0.6746522
C_temporal,2,val,581298,1,0.70525104
C_temporal,2,val,585465,1,0.6229171
C_temporal,2,val,589139,1,0.51671463
C_temporal,2,val,593504,1,0.6226819
C_temporal,2,val,597579,1,0.93946815
C_temporal,2,val,598821,0,0.44004375
C_temporal,2,val,612720,1,0.895162
C_temporal,2,val,615119,1,0.9040481
C_temporal,2,val,619649,1,0.51074463
C_temporal,2,val,620975,1,0.7950667
C_temporal,2,val,624977,0,0.6529959
C_temporal,2,val,627036,1,0.7311748
C_temporal,2,val,629729,1,0.8299195
C_temporal,2,val,644744,1,0.7788464
C_temporal,2,val,651309,0,0.78131497
C_temporal,2,val,653987,0,0.63389444
C_temporal,2,val,657533,1,0.8257313
C_temporal,2,val,660061,1,0.5464405
C_temporal,2,val,660533,0,0.69434977
C_temporal,2,val,661193,0,0.6436826
C_temporal,2,val,673553,1,0.6334108
C_temporal,2,val,677928,1,0.60823387
C_temporal,2,val,681205,1,0.5290131
C_temporal,2,val,681852,1,0.9932405
C_temporal,2,val,682914,1,0.59598273
C_temporal,2,val,686482,1,0.8009888
C_temporal,2,val,689380,1,0.50710887
C_temporal,2,val,690904,1,0.72408706
C_temporal,2,val,695455,0,0.5052966
C_temporal,2,val,697961,1,0.6776079
C_temporal,2,val,700550,1,0.6667019
C_temporal,2,val,704317,0,0.5785717
C_temporal,2,val,705906,1,0.6830827
C_temporal,2,val,707482,1,0.92287076
C_temporal,2,val,707873,1,0.6913416
C_temporal,2,val,714644,1,0.58653253
C_temporal,2,val,715113,1,0.7393048
C_temporal,2,val,718140,0,0.7679685
C_temporal,2,val,719050,0,0.37812948
C_temporal,2,val,719439,1,0.5644041
C_temporal,2,val,726126,0,0.7521731
C_temporal,2,val,726953,0,0.71857285
C_temporal,2,val,738715,0,0.69442534
C_temporal,2,val,743380,1,0.81319267
C_temporal,2,val,744145,0,0.55737597
C_temporal,2,val,745143,0,0.6147384
C_temporal,2,val,745489,1,0.46883988
C_temporal,2,val,746867,0,0.33264866
C_temporal,2,val,747906,0,0.44040138
C_temporal,2,val,749268,1,0.5958246
C_temporal,2,val,752967,1,0.8583998
C_temporal,2,val,752970,0,0.61951125
C_temporal,2,val,755914,1,0.9562079
C_temporal,2,val,757410,0,0.75422233
C_temporal,2,val,765618,1,0.69464576
C_temporal,2,val,766763,1,0.4882645
C_temporal,2,val,767066,1,0.44984788
C_temporal,2,val,769720,1,0.82172
C_temporal,2,val,770052,0,0.60305697
C_temporal,2,val,803606,1,0.7027021
C_temporal,2,val,804052,1,0.37920037
C_temporal,2,val,806326,0,0.65494734
C_temporal,2,val,807529,0,0.53729194
C_temporal,2,val,813769,0,0.53880894
C_temporal,2,val,820530,1,0.7954586
C_temporal,2,val,822633,1,0.5628397
C_temporal,2,val,827739,0,0.62407005
C_temporal,2,val,829943,1,0.6669526
C_temporal,2,val,833210,1,0.55671877
C_temporal,2,val,834130,0,0.4005493
C_temporal,2,val,834393,0,0.611507
C_temporal,2,val,834446,1,0.5408704
C_temporal,2,val,835833,1,0.4481069
C_temporal,2,val,836931,1,0.5711164
C_temporal,2,val,844104,1,0.6006714
C_temporal,2,val,848723,1,0.35043976
C_temporal,2,val,849297,1,0.47098783
C_temporal,2,val,853842,1,0.8029979
C_temporal,2,val,857171,1,0.5160109
C_temporal,2,val,857521,0,0.5829722
C_temporal,2,val,857621,1,0.6034917
C_temporal,2,val,859236,0,0.6677545
C_temporal,2,val,867398,0,0.47721934
C_temporal,2,val,867481,0,0.65567195
C_temporal,2,val,868318,0,0.45649523
C_temporal,2,val,873206,1,0.7632121
C_temporal,2,val,875241,1,0.58977246
C_temporal,2,val,876098,1,0.56390464
C_temporal,2,val,877486,1,0.70158124
C_temporal,2,val,880466,1,0.6503458
C_temporal,2,val,885222,0,0.6253533
C_temporal,2,val,898035,1,0.53912455
C_temporal,2,val,899067,0,0.5437738
C_temporal,2,val,899206,1,0.59321773
C_temporal,2,val,899668,1,0.5363438
C_temporal,2,val,903654,1,0.6920454
C_temporal,2,val,935158,1,1.0116476
C_temporal,2,val,953310,1,0.71765196
C_temporal,2,val,953656,0,0.6398395
C_temporal,2,val,957325,1,0.51051414
C_temporal,2,val,959771,1,0.71368456
C_temporal,2,val,960726,0,0.6661867
C_temporal,2,val,961563,0,0.36860743
C_temporal,2,val,962643,1,0.5597336
C_temporal,2,val,963182,1,0.73589486
C_temporal,2,val,963540,1,0.8512082
C_temporal,2,val,967064,1,0.29715312
C_temporal,2,val,972111,0,0.5870266
C_temporal,2,val,975370,0,1.0797306
C_temporal,2,val,976220,1,0.6471863
C_temporal,2,val,978990,0,0.5041766
C_temporal,2,val,982055,0,0.5977495
C_temporal,2,val,982477,0,0.6669897
C_temporal,2,val,982545,1,0.5834004
C_temporal,2,val,983856,1,0.5570655
C_temporal,2,val,983916,1,0.3719113
C_temporal,2,val,985152,1,0.5913673
C_temporal,2,val,987657,1,0.9994287
C_temporal,2,val,988590,1,0.82586586
C_temporal,2,val,989038,1,0.5462464
C_temporal,2,val,990510,1,0.735939
C_temporal,2,val,991790,1,0.75511616
C_temporal,2,val,993731,1,0.631224
C_temporal,2,val,994160,1,0.6303034
C_temporal,2,val,994960,0,0.48536724
C_temporal,2,val,995346,0,0.6540737
C_temporal,2,val,1000434,1,0.47772622
C_temporal,2,val,1002373,1,0.8576029
C_temporal,2,val,1002968,1,0.71866155
C_temporal,2,val,1005095,1,0.91987693
C_temporal,2,val,1006489,0,0.5176527
C_temporal,2,val,1013371,1,0.5620142
C_temporal,2,val,1021541,1,0.5823519
C_temporal,2,val,1030940,1,0.405462
C_temporal,2,val,1033938,0,0.80386204
C_temporal,2,val,1036745,1,0.64273655
C_temporal,2,val,1040848,0,0.6557498
C_temporal,2,val,1042457,0,0.38643453
C_temporal,2,val,1048580,1,0.6328082
C_temporal,2,val,1049886,1,0.75808084
C_temporal,2,val,1050525,1,0.66387534
C_temporal,2,val,1056454,1,0.7553382
C_temporal,2,val,1057961,0,0.45977396
C_temporal,2,val,1058939,1,0.539634
C_temporal,2,val,1058965,1,0.38114926
C_temporal,2,val,1061023,1,0.75360215
C_temporal,2,val,1065129,1,0.49720693
C_temporal,2,val,1068977,0,0.49342805
C_temporal,2,val,1069003,0,0.6893742
C_temporal,2,val,1071801,0,0.5815276
C_temporal,2,val,1073471,1,0.6845267
C_temporal,2,val,1073751,1,0.26342726
C_temporal,2,val,1073787,1,0.36405972
C_temporal,2,val,1074093,1,0.55350894
C_temporal,2,val,1075990,0,0.5406036
C_temporal,2,val,1076383,1,0.6531927
C_temporal,2,val,1077013,1,0.58661985
C_temporal,2,val,1078392,1,0.5641043
C_temporal,2,val,1079219,0,0.5568118
C_temporal,2,val,1079586,0,0.5953737
C_temporal,2,val,1079656,1,0.63640696
C_temporal,2,val,1079923,0,0.5224963
C_temporal,2,val,1080470,1,0.5550348
C_temporal,2,val,1081738,1,0.5997011
C_temporal,2,val,1082124,1,0.34963894
C_temporal,2,val,1084347,0,0.49800837
C_temporal,2,val,1085496,1,0.92132676
C_temporal,2,val,1087391,0,0.62866694
C_temporal,2,val,1087667,1,0.56004936
C_temporal,2,val,1087796,0,0.4706398
C_temporal,2,val,1088918,1,0.3928681
C_temporal,2,val,1089436,0,0.62141716
C_temporal,2,val,1089796,1,0.6588455
C_temporal,2,val,1090438,1,0.6431559
C_temporal,2,val,1090543,1,0.7522745
C_temporal,2,val,1092437,1,0.62954134
C_temporal,2,val,1092848,1,0.69202733
C_temporal,2,val,1092889,1,0.5118927
C_temporal,2,val,1092948,1,0.5955961
C_temporal,2,val,1093743,0,0.3832715
C_temporal,2,val,1093823,1,0.5893299
C_temporal,2,val,1094730,0,0.89907855
C_temporal,2,val,1097465,1,0.80944836
C_temporal,2,val,1097474,1,0.63185763
C_temporal,2,val,1098204,1,0.71547574
C_temporal,2,val,1099234,1,0.6696316
C_temporal,2,val,1099979,0,0.8647014
C_temporal,2,val,1101522,0,0.47308797
C_temporal,2,val,1102276,1,0.56846154
C_temporal,2,val,1102856,1,0.4072448
C_temporal,2,val,1103434,0,0.64191884
C_temporal,2,val,1103891,1,0.42163867
C_temporal,2,val,1104649,1,0.62779206
C_temporal,2,val,1105121,0,0.831018
C_temporal,2,val,1105241,0,0.4527105
C_temporal,2,val,1105299,0,0.6449871
C_temporal,2,val,1105715,1,0.71840763
C_temporal,2,val,1107359,1,0.6755585
C_temporal,2,val,1107910,1,0.62117076
C_temporal,2,val,1109280,1,0.9035621
C_temporal,2,val,1109782,1,0.5183077
C_temporal,2,val,1111153,0,0.68515706
C_temporal,2,val,1111157,0,0.6134675
C_temporal,2,val,1111426,0,0.47494304
C_temporal,2,val,1111513,1,0.71252733
C_temporal,2,val,1111920,1,0.9451332
C_temporal,2,val,1112811,1,0.51641726
C_temporal,2,val,1113155,0,0.5513841
C_temporal,2,val,1113398,1,0.5897165
C_temporal,2,val,1115212,1,0.63129056
C_temporal,2,val,1115427,1,0.50924146
C_temporal,2,val,1116007,0,0.37712073
C_temporal,2,val,1116601,0,0.5960826
C_temporal,2,val,1116926,1,0.77181387
C_temporal,2,val,1117576,0,0.6592363
C_temporal,2,val,1117714,1,1.0094011
C_temporal,2,val,1117752,1,0.70450807
C_temporal,2,val,1117975,1,0.8084852
C_temporal,2,val,1118436,1,0.6131594
C_temporal,2,val,1118542,0,0.4149313
C_temporal,2,val,1118849,1,0.5034233
C_temporal,2,val,1119248,1,0.6338038
C_temporal,2,val,1119520,0,0.6844634
C_temporal,2,val,1119526,1,0.69820553
C_temporal,2,val,1119652,1,0.6864514
C_temporal,2,val,1119666,1,0.60984325
C_temporal,2,val,1119802,1,0.5536563
C_temporal,2,val,1119855,0,0.6491685
C_temporal,2,val,1120326,1,0.48053867
C_temporal,2,val,1120436,0,0.5270777
C_temporal,2,val,1120645,0,0.17959306
C_temporal,2,val,1120684,0,0.68998563
C_temporal,2,val,1120869,0,0.6165739
C_temporal,2,val,1121493,0,0.5391871
C_temporal,2,val,1121705,1,0.9352691
C_temporal,2,val,1121914,1,0.8553163
C_temporal,2,val,1122025,1,0.4493108
C_temporal,2,val,1122057,0,0.53175235
C_temporal,2,val,1122513,1,0.46625888
C_temporal,2,val,1123015,0,0.69939953
C_temporal,2,val,1123071,1,0.45946234
C_temporal,2,val,1124095,1,0.43992707
C_temporal,2,val,1125442,1,1.0983695
C_temporal,2,val,1127285,0,0.46491176
C_temporal,2,val,1127560,1,0.8012226
C_temporal,2,val,1128117,1,0.7560983
C_temporal,2,val,1128350,1,0.6622631
C_temporal,2,val,1129711,0,0.5008426
C_temporal,2,val,1129961,0,0.5835093
C_temporal,2,val,1131906,1,0.6204746
C_temporal,2,val,1132251,1,0.728493
C_temporal,2,val,1132255,0,0.5761405
C_temporal,2,val,1132760,0,0.82343924
C_temporal,2,val,1133011,0,0.62556577
C_temporal,2,val,1133607,1,0.819515
C_temporal,2,val,1134095,1,0.47644132
C_temporal,2,val,1134921,1,0.6093278
C_temporal,2,val,1135094,0,0.6578713
C_temporal,2,val,1135191,0,0.6468802
C_temporal,2,val,1136524,0,0.34622863
C_temporal,2,val,1136723,0,0.37923175
C_temporal,2,val,1136790,1,0.8055531
C_temporal,2,val,1136946,0,0.61864454
C_temporal,2,val,1136981,1,0.73162717
C_temporal,2,val,1137743,1,0.675692
C_temporal,2,val,1137897,1,0.9493641
C_temporal,2,val,1138757,1,0.6952246
C_temporal,2,val,1139275,1,0.6852323
C_temporal,2,val,1140239,1,0.70974386
C_temporal,2,val,1141115,1,0.86964196
C_temporal,2,val,1141596,0,0.62070274
C_temporal,2,val,1142051,1,0.7484725
C_temporal,2,val,1142643,1,0.60172045
C_temporal,2,val,1142724,0,0.71708465
C_temporal,2,val,1143116,0,0.49842507
C_temporal,2,val,1143964,1,0.94431406
C_temporal,2,val,1144198,1,0.76022506
C_temporal,2,val,1144614,1,0.6730273
C_temporal,2,val,1145385,0,0.54698
C_temporal,2,val,1145450,0,0.44574067
C_temporal,2,val,1145704,1,0.58742887
C_temporal,2,val,1146057,0,0.82289374
C_temporal,2,val,1146465,0,0.51564425
C_temporal,2,val,1146999,1,0.6772797
C_temporal,2,val,1147005,0,0.5443308
C_temporal,2,val,1147122,1,0.5616207
C_temporal,2,val,1147843,1,0.5896357
C_temporal,2,val,1148270,0,0.5687773
C_temporal,2,val,1149196,0,0.696557
C_temporal,2,val,1149831,1,0.55144435
C_temporal,2,val,1149904,0,0.59435284
C_temporal,2,val,1150324,0,0.66294616
C_temporal,2,val,1150911,0,0.4869883
C_temporal,2,val,1151371,1,0.56820637
C_temporal,2,val,1151387,0,0.6817969
C_temporal,2,val,1151393,1,0.758698
C_temporal,2,val,1151510,0,0.6007121
C_temporal,2,val,1152877,0,1.0997338
C_temporal,2,val,1153056,1,0.8339987
C_temporal,2,val,1153155,1,0.6667173
C_temporal,2,val,1153931,1,0.6946085
C_temporal,2,val,1155546,1,0.366482
C_temporal,2,val,1155802,1,0.53727627
C_temporal,2,val,1156057,0,0.86463976
C_temporal,2,val,1156739,1,0.8032279
C_temporal,2,val,1156847,1,0.5668313
C_temporal,2,val,1156904,1,0.9035826
C_temporal,2,val,1157181,1,0.7661841
C_temporal,2,val,1205869,1,0.8831584
C_temporal,2,val,1205937,0,0.53033596
C_temporal,2,val,1206010,0,0.68648446
C_temporal,2,val,1206766,1,0.5158055
C_temporal,2,val,1207435,1,0.71722794
C_temporal,2,val,1207793,1,0.6046205
C_temporal,2,val,1207923,1,0.7290452
C_temporal,2,val,1208350,1,0.7300656
C_temporal,2,val,1208880,1,0.30280033
C_temporal,2,val,1209469,1,0.597682
C_temporal,2,val,1209502,0,0.48164898
C_temporal,2,val,1209699,0,0.5086948
C_temporal,2,val,1210123,0,0.7162005
C_temporal,2,val,1210315,0,0.48374975
C_temporal,2,val,1211177,1,0.71796346
C_temporal,2,val,1211297,1,0.76595277
C_temporal,2,val,1211321,1,0.40076792
C_temporal,2,val,1211878,1,0.70062816
C_temporal,2,val,1212103,1,0.71076053
C_temporal,2,val,1212313,0,0.6440984
C_temporal,2,val,1212354,0,0.40399358
C_temporal,2,val,1212394,1,0.5398332
C_temporal,2,val,1212797,1,0.83288026
C_temporal,2,val,1213174,1,0.42562142
C_temporal,2,val,1213716,1,0.5196591
C_temporal,2,val,1213929,1,0.73028445
C_temporal,2,val,1214506,1,1.0273955
C_temporal,2,val,1215252,0,0.55503696
C_temporal,2,val,1215332,0,0.75020653
C_temporal,2,val,1215381,0,0.6200254
C_temporal,2,val,1215388,0,0.71186596
C_temporal,2,val,1215420,1,0.6997816
C_temporal,2,val,1215443,0,0.8081716
C_temporal,2,val,1215869,0,0.6269596
C_temporal,2,val,1216904,0,0.7111112
C_temporal,2,val,1217080,1,0.83340293
C_temporal,2,val,1217218,0,0.44373238
C_temporal,2,val,1217635,1,0.78903234
C_temporal,2,val,1217769,1,0.6314751
C_temporal,2,val,1218335,1,0.57192314
C_temporal,2,val,1218829,1,0.7820549
C_temporal,2,val,1219765,1,0.88831127
C_temporal,2,val,1219935,1,0.8066609
C_temporal,2,val,1220475,0,0.4761812
C_temporal,2,val,1220500,1,0.5601348
C_temporal,2,val,1220605,1,0.9217274
C_temporal,2,val,1220959,1,0.6267434
C_temporal,2,val,1221268,1,0.47240168
C_temporal,2,val,1221554,0,0.5249266
C_temporal,2,val,1221883,0,0.39038864
C_temporal,2,val,1222037,1,0.86666965
C_temporal,2,val,1223272,1,0.6803822
C_temporal,2,val,1223459,1,0.563402
C_temporal,2,val,1223585,1,0.7145278
C_temporal,2,val,1223773,1,0.6739729
C_temporal,2,val,1223866,1,0.716651
C_temporal,2,val,1223969,1,0.67093545
C_temporal,2,val,1224121,0,0.8328547
C_temporal,2,val,1224698,0,0.71938527
C_temporal,2,val,1225046,0,0.47337815
C_temporal,2,val,1225751,1,0.85288393
C_temporal,2,val,1225914,0,0.5502236
C_temporal,2,val,1226824,0,0.40916246
C_temporal,2,val,1227195,1,0.7702973
C_temporal,2,val,1228020,1,0.7382016
C_temporal,2,val,1228509,1,0.7950909
C_temporal,2,val,1228820,0,0.5537251
C_temporal,2,val,1229766,1,0.6800994
C_temporal,2,val,1229837,0,0.3859132
C_temporal,2,val,1229860,1,0.9167833
C_temporal,2,val,1229920,1,0.7483785
C_temporal,2,val,1230241,1,0.60919434
C_temporal,2,val,1230259,1,0.3924283
C_temporal,2,val,1230724,1,0.8060287
C_temporal,2,val,1230781,0,0.4015031
C_temporal,2,val,1230810,1,0.666388
C_temporal,2,val,1231114,1,0.6822903
C_temporal,2,val,1231343,1,0.7316879
C_temporal,2,val,1231638,1,0.59762406
C_temporal,2,val,1232033,0,0.3162147
C_temporal,2,val,1232188,1,0.7816452
C_temporal,2,val,1232333,1,0.5110711
C_temporal,2,val,1233203,1,0.75441664
C_temporal,2,val,1233777,1,0.5302929
C_temporal,2,val,1233962,0,0.6419806
C_temporal,2,val,1233970,1,0.57801664
C_temporal,2,val,1234198,0,0.6389876
C_temporal,2,val,1235172,0,0.58466476
C_temporal,2,val,1235254,0,0.5188788
C_temporal,2,val,1235265,1,0.7771042
C_temporal,2,val,1235697,1,0.4231603
C_temporal,2,val,1236071,1,0.6257655
C_temporal,2,val,1236083,0,0.63779527
C_temporal,2,val,1236734,1,0.6816795
C_temporal,2,val,1237352,1,0.78997624
C_temporal,2,val,1237367,1,0.50914276
C_temporal,2,val,1237508,1,0.80225784
C_temporal,2,val,1237839,0,0.57977206
C_temporal,2,val,1237971,1,0.7336912
C_temporal,2,val,1238001,0,0.6682292
C_temporal,2,val,1238292,0,0.7117288
C_temporal,2,val,1239029,1,0.80561924
C_temporal,2,val,1239095,1,0.6741216
C_temporal,2,val,1239127,0,0.41809377
C_temporal,2,val,1239331,1,0.58054024
C_temporal,2,val,1239701,0,0.58379567
C_temporal,2,val,1239881,1,0.59663177
C_temporal,2,val,1240282,0,0.61522365
C_temporal,2,val,1240710,1,0.5061139
C_temporal,2,val,1241104,0,0.57766956
C_temporal,2,val,1241185,0,0.45699418
C_temporal,2,val,1242267,1,0.8687601
C_temporal,2,val,1242283,0,0.6402166
C_temporal,2,val,1243098,1,0.7548498
C_temporal,2,val,1243427,1,0.7467574
C_temporal,2,val,1243514,1,0.8243441
C_temporal,2,val,1243942,1,0.7052984
C_temporal,2,val,1244606,1,0.75881183
C_temporal,2,val,1244680,1,0.5354534
C_temporal,2,val,1245566,1,0.64280045
C_temporal,2,val,1245696,1,0.586323
C_temporal,2,val,1246095,1,0.3870925
C_temporal,2,val,1246508,0,0.2908273
C_temporal,2,test,17109,1,0.6783134
C_temporal,2,test,22019,0,0.5666016
C_temporal,2,test,30603,1,0.7627115
C_temporal,2,test,36502,0,0.39602494
C_temporal,2,test,42908,1,0.6694869
C_temporal,2,test,52327,1,0.56539935
C_temporal,2,test,52609,1,0.67608166
C_temporal,2,test,54828,1,0.63781154
C_temporal,2,test,61867,0,0.73900354
C_temporal,2,test,63449,0,0.37076873
C_temporal,2,test,65596,0,0.643154
C_temporal,2,test,68483,1,0.5950018
C_temporal,2,test,70693,0,0.67938155
C_temporal,2,test,74146,0,0.6065553
C_temporal,2,test,85978,1,0.40397963
C_temporal,2,test,86305,1,0.4858079
C_temporal,2,test,86310,1,0.49934423
C_temporal,2,test,91934,0,0.6529926
C_temporal,2,test,93011,0,0.73140794
C_temporal,2,test,98629,1,0.63840544
C_temporal,2,test,102312,1,0.58567226
C_temporal,2,test,105772,1,0.55863667
C_temporal,2,test,108509,1,0.5014308
C_temporal,2,test,113763,0,0.6856734
C_temporal,2,test,121544,1,0.6766605
C_temporal,2,test,132583,0,0.6582808
C_temporal,2,test,143353,1,0.7676383
C_temporal,2,test,144004,0,0.39201188
C_temporal,2,test,157463,1,0.4537199
C_temporal,2,test,160103,1,0.8845209
C_temporal,2,test,160197,1,0.72754717
C_temporal,2,test,163423,1,0.92532814
C_temporal,2,test,164362,1,0.16498047
C_temporal,2,test,165324,0,0.57961255
C_temporal,2,test,166451,1,0.8757398
C_temporal,2,test,167707,1,0.679745
C_temporal,2,test,180001,0,0.4769597
C_temporal,2,test,181034,1,0.6889403
C_temporal,2,test,182595,0,0.7123006
C_temporal,2,test,183219,0,0.47444254
C_temporal,2,test,184704,0,0.45588648
C_temporal,2,test,190049,1,0.84033597
C_temporal,2,test,203461,1,0.5608205
C_temporal,2,test,208652,1,0.7043664
C_temporal,2,test,216589,1,0.4204039
C_temporal,2,test,218529,1,0.6208365
C_temporal,2,test,220792,0,0.76485014
C_temporal,2,test,223651,1,0.4550063
C_temporal,2,test,229959,1,0.6408159
C_temporal,2,test,234398,0,0.5393192
C_temporal,2,test,234471,0,0.63154066
C_temporal,2,test,240229,0,0.50640345
C_temporal,2,test,250983,0,0.6613271
C_temporal,2,test,252362,0,0.59931755
C_temporal,2,test,271298,0,0.7676171
C_temporal,2,test,274179,0,0.85152864
C_temporal,2,test,275882,1,0.53501827
C_temporal,2,test,278098,0,0.5927287
C_temporal,2,test,278230,0,0.64726627
C_temporal,2,test,278485,0,0.53063935
C_temporal,2,test,285173,1,0.6719272
C_temporal,2,test,288581,1,0.4638891
C_temporal,2,test,293811,0,0.6875424
C_temporal,2,test,304034,0,0.76957184
C_temporal,2,test,309162,1,0.7219329
C_temporal,2,test,309228,1,0.76218355
C_temporal,2,test,315569,1,0.85318553
C_temporal,2,test,325318,0,0.50460714
C_temporal,2,test,327943,1,0.78599614
C_temporal,2,test,335403,0,0.44994062
C_temporal,2,test,345895,1,0.7564722
C_temporal,2,test,350707,0,0.55980784
C_temporal,2,test,353416,1,0.8675095
C_temporal,2,test,354035,1,0.7574427
C_temporal,2,test,360745,1,1.0148594
C_temporal,2,test,367686,0,0.60161483
C_temporal,2,test,369915,1,0.53302246
C_temporal,2,test,372332,1,0.885903
C_temporal,2,test,374203,0,0.38808057
C_temporal,2,test,376880,1,0.72786236
C_temporal,2,test,377217,1,0.6683862
C_temporal,2,test,383626,1,0.6589267
C_temporal,2,test,384429,0,0.5528964
C_temporal,2,test,391348,0,0.5863545
C_temporal,2,test,398295,0,0.51890516
C_temporal,2,test,398592,1,0.5655544
C_temporal,2,test,400980,1,0.66249394
C_temporal,2,test,403399,0,0.41803867
C_temporal,2,test,405843,1,0.6893295
C_temporal,2,test,409579,1,0.7254061
C_temporal,2,test,410795,1,0.5170105
C_temporal,2,test,412716,1,0.79061717
C_temporal,2,test,419522,1,0.8335371
C_temporal,2,test,432045,0,0.6372404
C_temporal,2,test,432782,0,0.6362155
C_temporal,2,test,433303,1,0.77607894
C_temporal,2,test,438187,1,0.90383244
C_temporal,2,test,442019,0,0.86568964
C_temporal,2,test,442797,1,0.65986913
C_temporal,2,test,442895,1,0.5465132
C_temporal,2,test,443207,1,0.73845863
C_temporal,2,test,443610,0,0.6817973
C_temporal,2,test,445318,0,0.54870164
C_temporal,2,test,451415,1,0.3849024
C_temporal,2,test,460422,1,0.6001245
C_temporal,2,test,460580,1,0.7332112
C_temporal,2,test,463375,1,0.478766
C_temporal,2,test,465763,1,0.7884228
C_temporal,2,test,468342,1,0.6666896
C_temporal,2,test,469078,1,0.5132899
C_temporal,2,test,476977,1,0.633249
C_temporal,2,test,477285,1,0.6788342
C_temporal,2,test,486523,0,0.36384022
C_temporal,2,test,488255,0,0.59849817
C_temporal,2,test,490630,1,0.654406
C_temporal,2,test,492132,0,0.70409626
C_temporal,2,test,492492,0,0.5587023
C_temporal,2,test,507011,1,0.80415666
C_temporal,2,test,508867,1,0.6176137
C_temporal,2,test,511417,1,0.76414114
C_temporal,2,test,512053,1,0.5935527
C_temporal,2,test,512180,1,0.7461892
C_temporal,2,test,515887,1,0.39489317
C_temporal,2,test,516493,0,0.6789925
C_temporal,2,test,525973,0,0.84055334
C_temporal,2,test,529750,0,0.6216043
C_temporal,2,test,536935,1,0.7135675
C_temporal,2,test,549363,0,0.436334
C_temporal,2,test,552901,1,0.7350365
C_temporal,2,test,555492,0,0.46260297
C_temporal,2,test,559178,1,0.7426202
C_temporal,2,test,565908,0,0.29449338
C_temporal,2,test,575773,1,0.58795446
C_temporal,2,test,580587,0,0.46200055
C_temporal,2,test,581598,1,0.7103006
C_temporal,2,test,588986,1,0.54784536
C_temporal,2,test,589857,0,0.7633349
C_temporal,2,test,591051,1,0.6998493
C_temporal,2,test,592121,0,0.55219465
C_temporal,2,test,592548,0,0.67619264
C_temporal,2,test,595954,1,0.47002423
C_temporal,2,test,596445,0,0.68305224
C_temporal,2,test,602165,1,0.6852712
C_temporal,2,test,604557,1,0.6947682
C_temporal,2,test,605762,0,0.50681937
C_temporal,2,test,607813,0,0.5239955
C_temporal,2,test,610488,0,0.64434075
C_temporal,2,test,611309,0,0.54181814
C_temporal,2,test,615384,1,0.55622613
C_temporal,2,test,617695,0,0.6094725
C_temporal,2,test,618335,1,0.43120962
C_temporal,2,test,624692,1,0.727243
C_temporal,2,test,626615,0,0.77454275
C_temporal,2,test,627587,1,0.5497759
C_temporal,2,test,628861,1,0.26779738
C_temporal,2,test,644091,1,0.46778277
C_temporal,2,test,644443,1,0.42302245
C_temporal,2,test,647436,0,0.7234646
C_temporal,2,test,650259,0,0.82122296
C_temporal,2,test,657738,0,0.62877744
C_temporal,2,test,660164,1,0.6223044
C_temporal,2,test,660433,0,0.6099445
C_temporal,2,test,663130,1,0.5766327
C_temporal,2,test,663548,1,0.7704079
C_temporal,2,test,665050,1,0.4096487
C_temporal,2,test,665220,1,0.83143425
C_temporal,2,test,671576,0,0.49669397
C_temporal,2,test,672172,1,0.33299437
C_temporal,2,test,677259,0,0.78340924
C_temporal,2,test,681120,1,0.71899754
C_temporal,2,test,684963,1,0.4180355
C_temporal,2,test,687171,1,0.4595024
C_temporal,2,test,690734,0,0.39494538
C_temporal,2,test,693326,1,0.5193253
C_temporal,2,test,696029,0,0.6088442
C_temporal,2,test,699877,0,0.80900407
C_temporal,2,test,701498,1,0.6467764
C_temporal,2,test,702078,0,0.46401083
C_temporal,2,test,702801,0,0.39578545
C_temporal,2,test,704059,0,0.53212845
C_temporal,2,test,704101,1,0.62165874
C_temporal,2,test,709805,1,0.8336134
C_temporal,2,test,711782,1,0.67368215
C_temporal,2,test,711787,1,0.61018336
C_temporal,2,test,712016,1,0.72754586
C_temporal,2,test,714764,0,0.58384585
C_temporal,2,test,715221,1,0.5645163
C_temporal,2,test,723474,0,0.539078
C_temporal,2,test,726409,0,0.6815773
C_temporal,2,test,726499,0,0.37450033
C_temporal,2,test,740043,1,0.45113605
C_temporal,2,test,742847,0,0.6929659
C_temporal,2,test,743605,1,0.6603984
C_temporal,2,test,747584,1,0.5742909
C_temporal,2,test,750881,0,0.31187522
C_temporal,2,test,751252,0,0.37246686
C_temporal,2,test,755294,1,0.76102716
C_temporal,2,test,780355,1,0.80425453
C_temporal,2,test,789437,1,0.5333276
C_temporal,2,test,803706,1,0.4808694
C_temporal,2,test,806762,0,0.43619186
C_temporal,2,test,808258,0,0.43699947
C_temporal,2,test,809234,1,0.55196065
C_temporal,2,test,818267,1,0.47322536
C_temporal,2,test,829142,1,0.73056006
C_temporal,2,test,835463,1,0.47459877
C_temporal,2,test,839278,1,0.7119716
C_temporal,2,test,841534,0,0.42169088
C_temporal,2,test,841748,1,0.7472935
C_temporal,2,test,844964,0,1.0143154
C_temporal,2,test,851163,1,0.7178061
C_temporal,2,test,851639,1,0.5830903
C_temporal,2,test,854069,1,0.42077237
C_temporal,2,test,855223,1,0.8378801
C_temporal,2,test,857435,1,0.6483503
C_temporal,2,test,860381,0,0.7200285
C_temporal,2,test,861607,0,0.5301206
C_temporal,2,test,872844,1,0.6733829
C_temporal,2,test,877831,0,0.72054696
C_temporal,2,test,878721,0,0.68280166
C_temporal,2,test,882885,1,0.64159024
C_temporal,2,test,883112,1,0.61465716
C_temporal,2,test,883479,0,0.56157875
C_temporal,2,test,885394,1,0.38872468
C_temporal,2,test,899469,1,0.6045175
C_temporal,2,test,900762,1,0.7153393
C_temporal,2,test,900957,1,0.74263287
C_temporal,2,test,924232,0,0.66015416
C_temporal,2,test,934409,0,0.6254683
C_temporal,2,test,941626,1,0.42982608
C_temporal,2,test,947197,1,0.6851027
C_temporal,2,test,951246,0,0.81198263
C_temporal,2,test,954440,1,0.47212985
C_temporal,2,test,956387,1,0.66936195
C_temporal,2,test,963985,1,0.70361024
C_temporal,2,test,966701,0,0.5318433
C_temporal,2,test,968655,0,0.49696165
C_temporal,2,test,976523,1,0.623342
C_temporal,2,test,977714,1,0.67779803
C_temporal,2,test,979369,1,0.6217155
C_temporal,2,test,980871,1,0.73707074
C_temporal,2,test,981562,0,0.56286776
C_temporal,2,test,986260,1,0.6864857
C_temporal,2,test,986510,1,0.63427716
C_temporal,2,test,989331,1,0.69535387
C_temporal,2,test,991197,0,0.5016948
C_temporal,2,test,991829,1,0.5092824
C_temporal,2,test,993100,1,0.73999894
C_temporal,2,test,993602,1,0.59801686
C_temporal,2,test,995694,1,0.6498161
C_temporal,2,test,996219,0,0.49707562
C_temporal,2,test,996551,0,0.52166367
C_temporal,2,test,1000725,1,0.38114423
C_temporal,2,test,1001535,1,0.53106546
C_temporal,2,test,1003409,1,0.88738346
C_temporal,2,test,1005121,1,0.49278837
C_temporal,2,test,1005171,1,0.73409116
C_temporal,2,test,1005619,1,0.7599314
C_temporal,2,test,1007363,0,0.5114349
C_temporal,2,test,1058429,1,0.7627381
C_temporal,2,test,1061584,1,0.6776555
C_temporal,2,test,1062066,0,0.66780347
C_temporal,2,test,1066534,1,0.34573373
C_temporal,2,test,1067041,1,0.66379774
C_temporal,2,test,1067177,1,0.53360456
C_temporal,2,test,1068069,1,0.5516269
C_temporal,2,test,1068151,0,0.64334416
C_temporal,2,test,1068390,1,0.6237989
C_temporal,2,test,1068426,1,0.8647566
C_temporal,2,test,1068928,0,0.6083052
C_temporal,2,test,1069432,1,0.7870555
C_temporal,2,test,1069948,1,0.7263235
C_temporal,2,test,1070002,1,0.629461
C_temporal,2,test,1070070,1,0.6794386
C_temporal,2,test,1070173,1,0.8077201
C_temporal,2,test,1071053,0,0.6842288
C_temporal,2,test,1071949,1,0.38108093
C_temporal,2,test,1072395,1,0.62976736
C_temporal,2,test,1073214,1,0.7702414
C_temporal,2,test,1073232,0,0.77017105
C_temporal,2,test,1073268,1,0.59158236
C_temporal,2,test,1073839,0,0.5008712
C_temporal,2,test,1074312,0,0.6439284
C_temporal,2,test,1074427,1,0.6681225
C_temporal,2,test,1074571,1,0.5922865
C_temporal,2,test,1074753,0,0.8378211
C_temporal,2,test,1075228,1,0.9006455
C_temporal,2,test,1075404,1,0.6760698
C_temporal,2,test,1075699,1,0.57842267
C_temporal,2,test,1077606,1,0.53970873
C_temporal,2,test,1079282,1,0.84760606
C_temporal,2,test,1081059,1,0.45225424
C_temporal,2,test,1081377,0,0.8069165
C_temporal,2,test,1081798,0,0.5193167
C_temporal,2,test,1082290,0,0.8642831
C_temporal,2,test,1082987,0,0.7820645
C_temporal,2,test,1084214,1,0.6175935
C_temporal,2,test,1084630,1,0.6793153
C_temporal,2,test,1085216,0,0.43361998
C_temporal,2,test,1086129,1,0.46705443
C_temporal,2,test,1086243,1,0.8970644
C_temporal,2,test,1086770,1,0.6495144
C_temporal,2,test,1086772,1,0.49930823
C_temporal,2,test,1087850,0,0.3595228
C_temporal,2,test,1089310,0,0.63565224
C_temporal,2,test,1089629,0,0.7129725
C_temporal,2,test,1091748,1,0.7431452
C_temporal,2,test,1093139,0,0.6217152
C_temporal,2,test,1093650,1,0.8778982
C_temporal,2,test,1094011,1,0.76086926
C_temporal,2,test,1094046,1,0.6179654
C_temporal,2,test,1094897,1,0.6975086
C_temporal,2,test,1095869,1,0.86755496
C_temporal,2,test,1095940,1,0.6326358
C_temporal,2,test,1096850,1,0.6248987
C_temporal,2,test,1096858,1,0.53323257
C_temporal,2,test,1098886,1,0.5750109
C_temporal,2,test,1103930,1,0.4961015
C_temporal,2,test,1104113,1,0.8672596
C_temporal,2,test,1104452,1,0.7496065
C_temporal,2,test,1104592,1,0.66092634
C_temporal,2,test,1105198,0,0.56642467
C_temporal,2,test,1105837,1,0.4530772
C_temporal,2,test,1106300,1,0.51659286
C_temporal,2,test,1106596,0,0.7149531
C_temporal,2,test,1107096,1,0.61394674
C_temporal,2,test,1107291,0,0.46998113
C_temporal,2,test,1107631,1,0.99184483
C_temporal,2,test,1108050,1,0.6753236
C_temporal,2,test,1109506,1,0.7686686
C_temporal,2,test,1109526,1,0.787585
C_temporal,2,test,1109598,1,0.7131737
C_temporal,2,test,1109983,1,0.6921184
C_temporal,2,test,1111098,1,0.78814876
C_temporal,2,test,1111860,1,0.66592526
C_temporal,2,test,1113294,1,0.44566908
C_temporal,2,test,1113365,1,0.66804224
C_temporal,2,test,1113808,0,0.55533504
C_temporal,2,test,1115713,1,0.58172894
C_temporal,2,test,1116144,1,0.642308
C_temporal,2,test,1116479,0,0.4629202
C_temporal,2,test,1116580,1,0.7502276
C_temporal,2,test,1117063,0,0.5137252
C_temporal,2,test,1117243,1,0.63696414
C_temporal,2,test,1117669,0,0.6070216
C_temporal,2,test,1117701,1,0.7728386
C_temporal,2,test,1117869,1,0.6790211
C_temporal,2,test,1118191,1,0.71600217
C_temporal,2,test,1118291,0,0.51363814
C_temporal,2,test,1118398,1,0.8711271
C_temporal,2,test,1118511,1,0.5456692
C_temporal,2,test,1118641,0,0.48407704
C_temporal,2,test,1119092,1,0.6414771
C_temporal,2,test,1119930,1,0.61989474
C_temporal,2,test,1120836,1,0.9074013
C_temporal,2,test,1121365,1,0.7045158
C_temporal,2,test,1121559,1,0.5906832
C_temporal,2,test,1121672,1,0.2676562
C_temporal,2,test,1121736,0,0.6214669
C_temporal,2,test,1121795,1,0.7935908
C_temporal,2,test,1121927,1,0.6034059
C_temporal,2,test,1122004,0,0.5284889
C_temporal,2,test,1122185,1,0.56772053
C_temporal,2,test,1122658,1,0.9573768
C_temporal,2,test,1122760,0,0.44670695
C_temporal,2,test,1123435,1,0.81073
C_temporal,2,test,1123551,0,0.5367274
C_temporal,2,test,1123858,0,0.473136
C_temporal,2,test,1124152,0,0.62984145
C_temporal,2,test,1124180,0,0.58818007
C_temporal,2,test,1124482,1,0.7431214
C_temporal,2,test,1126244,0,0.69166535
C_temporal,2,test,1126628,1,0.5506455
C_temporal,2,test,1126767,0,0.67913437
C_temporal,2,test,1127029,0,0.7740263
C_temporal,2,test,1127812,1,0.40496773
C_temporal,2,test,1128467,1,0.67888117
C_temporal,2,test,1128811,0,0.59205866
C_temporal,2,test,1129353,0,0.6905652
C_temporal,2,test,1129383,1,0.941558
C_temporal,2,test,1129401,1,0.59629065
C_temporal,2,test,1130020,1,0.7016002
C_temporal,2,test,1130043,1,0.9369702
C_temporal,2,test,1130495,1,0.5150723
C_temporal,2,test,1130530,0,0.5962898
C_temporal,2,test,1131124,1,0.56553507
C_temporal,2,test,1131656,1,0.7303292
C_temporal,2,test,1132058,1,0.6412935
C_temporal,2,test,1132465,1,0.43994865
C_temporal,2,test,1132886,0,0.45780224
C_temporal,2,test,1133211,1,0.5173389
C_temporal,2,test,1134193,1,0.6029115
C_temporal,2,test,1134339,0,0.5144437
C_temporal,2,test,1135004,0,0.515206
C_temporal,2,test,1136675,1,0.6170318
C_temporal,2,test,1136878,1,0.5077372
C_temporal,2,test,1137456,0,0.4404133
C_temporal,2,test,1137818,1,0.8697869
C_temporal,2,test,1138670,1,0.49229336
C_temporal,2,test,1138681,1,0.52605516
C_temporal,2,test,1138864,1,0.44380838
C_temporal,2,test,1140316,1,0.8200885
C_temporal,2,test,1142126,0,0.7711632
C_temporal,2,test,1142188,1,0.53448665
C_temporal,2,test,1144028,0,0.75866824
C_temporal,2,test,1144147,0,0.41154367
C_temporal,2,test,1144488,1,0.7885338
C_temporal,2,test,1144757,1,0.7431905
C_temporal,2,test,1145720,0,0.665795
C_temporal,2,test,1146563,0,0.66418606
C_temporal,2,test,1146584,1,0.5709796
C_temporal,2,test,1148113,1,0.48773968
C_temporal,2,test,1148157,1,0.58160776
C_temporal,2,test,1148282,1,0.702416
C_temporal,2,test,1148607,1,0.62626505
C_temporal,2,test,1148756,1,0.7764299
C_temporal,2,test,1148957,1,0.6950912
C_temporal,2,test,1149553,1,1.0178874
C_temporal,2,test,1149963,1,0.7100454
C_temporal,2,test,1150067,1,0.52228236
C_temporal,2,test,1150178,1,0.49176055
C_temporal,2,test,1151052,0,0.5426334
C_temporal,2,test,1151422,1,0.83939934
C_temporal,2,test,1151513,1,0.6290515
C_temporal,2,test,1151818,0,0.48148686
C_temporal,2,test,1152700,1,0.7260981
C_temporal,2,test,1152707,0,0.64373815
C_temporal,2,test,1153263,0,0.5330748
C_temporal,2,test,1153649,0,0.4997118
C_temporal,2,test,1153914,1,0.54414845
C_temporal,2,test,1154191,1,0.46229473
C_temporal,2,test,1154313,1,0.6701151
C_temporal,2,test,1154712,1,0.7822305
C_temporal,2,test,1155176,1,0.6309488
C_temporal,2,test,1155575,1,0.706424
C_temporal,2,test,1156251,1,0.6755393
C_temporal,2,test,1156386,1,0.69984215
C_temporal,2,test,1156786,1,0.6292024
C_temporal,2,test,1156887,1,0.71574533
C_temporal,2,test,1158961,1,0.59690464
C_temporal,2,test,1205766,1,0.75251144
C_temporal,2,test,1205889,1,0.8930635
C_temporal,2,test,1206310,1,0.57422376
C_temporal,2,test,1207017,1,0.5030459
C_temporal,2,test,1207116,1,0.5688626
C_temporal,2,test,1207484,0,0.7134901
C_temporal,2,test,1207861,1,0.72846615
C_temporal,2,test,1207963,1,0.7715722
C_temporal,2,test,1208561,1,0.59963983
C_temporal,2,test,1208898,1,0.63847566
C_temporal,2,test,1209022,1,0.88701504
C_temporal,2,test,1209496,0,0.48386145
C_temporal,2,test,1210080,0,0.4288037
C_temporal,2,test,1210100,0,0.6410241
C_temporal,2,test,1210485,1,0.5809089
C_temporal,2,test,1210639,1,0.7050693
C_temporal,2,test,1210786,0,0.6517755
C_temporal,2,test,1210809,1,0.65703726
C_temporal,2,test,1211001,1,0.8287258
C_temporal,2,test,1211380,1,0.72696173
C_temporal,2,test,1212066,0,0.5973936
C_temporal,2,test,1212451,0,0.4080366
C_temporal,2,test,1212582,1,0.743971
C_temporal,2,test,1213071,1,0.32244155
C_temporal,2,test,1213526,1,0.43497327
C_temporal,2,test,1214739,0,0.661744
C_temporal,2,test,1214832,0,0.56665516
C_temporal,2,test,1215142,0,0.82720405
C_temporal,2,test,1215607,0,0.6811039
C_temporal,2,test,1216041,1,0.48508474
C_temporal,2,test,1216045,1,0.79038846
C_temporal,2,test,1216704,1,0.703033
C_temporal,2,test,1216776,1,0.6266428
C_temporal,2,test,1217243,1,0.75990355
C_temporal,2,test,1218194,1,0.8547931
C_temporal,2,test,1218554,1,0.569942
C_temporal,2,test,1218673,1,0.51415956
C_temporal,2,test,1219597,0,0.7872927
C_temporal,2,test,1219877,1,0.64573383
C_temporal,2,test,1220226,0,0.7189544
C_temporal,2,test,1220426,0,0.5605389
C_temporal,2,test,1220526,1,0.80846906
C_temporal,2,test,1220699,1,0.6054731
C_temporal,2,test,1220702,0,0.49335092
C_temporal,2,test,1220802,1,0.61590177
C_temporal,2,test,1220833,1,0.6818018
C_temporal,2,test,1220875,0,0.7742479
C_temporal,2,test,1221102,0,0.5435989
C_temporal,2,test,1221236,1,0.5623936
C_temporal,2,test,1221707,0,0.83220637
C_temporal,2,test,1222369,0,0.54704326
C_temporal,2,test,1222988,1,0.6031571
C_temporal,2,test,1223193,0,0.6018154
C_temporal,2,test,1223568,1,0.7291428
C_temporal,2,test,1223754,0,0.7610776
C_temporal,2,test,1224229,1,0.6519196
C_temporal,2,test,1224519,1,0.8511199
C_temporal,2,test,1224731,1,0.5903309
C_temporal,2,test,1225050,0,0.67482316
C_temporal,2,test,1225323,1,0.65938324
C_temporal,2,test,1225341,1,0.60121137
C_temporal,2,test,1225388,0,0.75165457
C_temporal,2,test,1225413,1,0.8028252
C_temporal,2,test,1225605,0,0.4872935
C_temporal,2,test,1226794,0,0.666798
C_temporal,2,test,1226946,1,0.59539795
C_temporal,2,test,1227262,1,0.4339133
C_temporal,2,test,1227437,1,0.8232062
C_temporal,2,test,1227597,0,0.93190706
C_temporal,2,test,1227732,1,0.7284983
C_temporal,2,test,1227755,1,0.7019323
C_temporal,2,test,1227765,1,0.58424073
C_temporal,2,test,1228018,1,0.6273873
C_temporal,2,test,1228461,1,0.80207294
C_temporal,2,test,1228842,0,0.8608551
C_temporal,2,test,1229345,1,0.6753748
C_temporal,2,test,1229605,0,0.79415584
C_temporal,2,test,1230051,1,0.66926295
C_temporal,2,test,1230374,1,0.79429436
C_temporal,2,test,1230384,0,0.6655079
C_temporal,2,test,1230408,1,0.48433632
C_temporal,2,test,1230574,0,0.56485146
C_temporal,2,test,1230712,0,0.6933129
C_temporal,2,test,1230855,0,0.49108487
C_temporal,2,test,1231339,0,0.717194
C_temporal,2,test,1232028,0,0.56998265
C_temporal,2,test,1233241,0,0.6793394
C_temporal,2,test,1233508,1,0.7992603
C_temporal,2,test,1233527,1,0.69788307
C_temporal,2,test,1233621,0,0.6831431
C_temporal,2,test,1233632,1,0.8656351
C_temporal,2,test,1233791,1,0.6904403
C_temporal,2,test,1234521,0,0.42109853
C_temporal,2,test,1235863,1,0.6630742
C_temporal,2,test,1235882,0,0.5440373
C_temporal,2,test,1235914,0,0.59144104
C_temporal,2,test,1235985,1,0.585693
C_temporal,2,test,1236656,0,0.4469406
C_temporal,2,test,1237272,1,0.6362372
C_temporal,2,test,1237647,0,0.73204577
C_temporal,2,test,1238245,1,0.6945788
C_temporal,2,test,1238297,0,0.7326802
C_temporal,2,test,1238348,0,0.48533913
C_temporal,2,test,1238457,1,0.5423981
C_temporal,2,test,1238537,0,0.84182775
C_temporal,2,test,1238550,1,0.7107849
C_temporal,2,test,1238559,1,0.77879465
C_temporal,2,test,1238835,1,0.64109933
C_temporal,2,test,1238864,1,0.53934205
C_temporal,2,test,1238867,1,0.77971065
C_temporal,2,test,1238917,0,0.7747583
C_temporal,2,test,1238960,1,0.64682245
C_temporal,2,test,1239042,1,0.35372013
C_temporal,2,test,1239079,1,0.56936437
C_temporal,2,test,1239224,1,0.5342498
C_temporal,2,test,1239283,1,0.6020162
C_temporal,2,test,1239427,1,0.9163345
C_temporal,2,test,1239611,1,0.58170915
C_temporal,2,test,1239907,1,0.5469119
C_temporal,2,test,1241318,1,0.56410134
C_temporal,2,test,1241362,1,0.7212569
C_temporal,2,test,1241625,0,0.6655844
C_temporal,2,test,1241779,1,0.847953
C_temporal,2,test,1242413,1,0.5454183
C_temporal,2,test,1242831,0,0.5228298
C_temporal,2,test,1243993,0,0.6518176
C_temporal,2,test,1244763,0,0.58884335
C_temporal,2,test,1244765,0,0.42737937
C_temporal,2,test,1245905,1,0.57704264
C_temporal,2,test,1245930,0,0.4264251
C_temporal,2,test,1246192,1,0.68400896
C_temporal,2,test,1246490,1,0.7415125
C_temporal,2,test,1246702,1,0.6762357
C_shuffled,2,val,12246,1,0.38931358
C_shuffled,2,val,15488,1,0.48615307
C_shuffled,2,val,16787,0,0.6458637
C_shuffled,2,val,20993,1,0.84226704
C_shuffled,2,val,28836,1,0.7649951
C_shuffled,2,val,31619,1,0.62021464
C_shuffled,2,val,32089,0,0.72896755
C_shuffled,2,val,33225,1,0.510242
C_shuffled,2,val,35136,1,0.5354792
C_shuffled,2,val,38963,1,0.48151177
C_shuffled,2,val,43310,1,0.66891396
C_shuffled,2,val,45419,1,0.6129811
C_shuffled,2,val,62606,1,0.6313735
C_shuffled,2,val,64928,1,0.5435659
C_shuffled,2,val,66226,1,0.5997977
C_shuffled,2,val,68648,0,0.52428937
C_shuffled,2,val,86896,0,0.5638641
C_shuffled,2,val,88424,1,0.62071806
C_shuffled,2,val,93202,0,0.63526887
C_shuffled,2,val,95626,1,0.7207496
C_shuffled,2,val,100595,0,0.71017987
C_shuffled,2,val,112715,1,0.630577
C_shuffled,2,val,116182,1,0.66203564
C_shuffled,2,val,121258,1,0.74936396
C_shuffled,2,val,121744,1,0.75994015
C_shuffled,2,val,123208,1,0.65127045
C_shuffled,2,val,125059,1,0.60566795
C_shuffled,2,val,129040,1,0.5278909
C_shuffled,2,val,130832,1,0.55620486
C_shuffled,2,val,139693,0,0.62877476
C_shuffled,2,val,140328,0,0.770226
C_shuffled,2,val,152430,1,0.7092216
C_shuffled,2,val,154147,1,0.74820685
C_shuffled,2,val,156299,1,0.54861575
C_shuffled,2,val,159617,1,0.6169156
C_shuffled,2,val,162979,1,0.53501105
C_shuffled,2,val,163659,1,0.6322017
C_shuffled,2,val,167183,1,0.55993736
C_shuffled,2,val,169449,1,0.5234315
C_shuffled,2,val,169727,0,0.6449988
C_shuffled,2,val,173162,0,0.54460734
C_shuffled,2,val,175032,0,0.680892
C_shuffled,2,val,181466,0,0.6887844
C_shuffled,2,val,184874,1,0.5747611
C_shuffled,2,val,186257,0,0.812348
C_shuffled,2,val,190187,0,0.7591668
C_shuffled,2,val,198213,1,0.6489539
C_shuffled,2,val,202039,0,0.5421211
C_shuffled,2,val,203640,1,0.6647453
C_shuffled,2,val,210361,1,0.72869235
C_shuffled,2,val,216010,1,0.83852136
C_shuffled,2,val,217013,0,0.8030747
C_shuffled,2,val,219309,1,0.54698646
C_shuffled,2,val,226859,0,0.31785843
C_shuffled,2,val,227399,0,0.43239382
C_shuffled,2,val,234696,1,0.72358865
C_shuffled,2,val,245427,1,0.6006859
C_shuffled,2,val,248666,1,0.53098583
C_shuffled,2,val,255374,0,0.617717
C_shuffled,2,val,271883,1,0.6149422
C_shuffled,2,val,274322,1,0.75771445
C_shuffled,2,val,274345,0,0.78688216
C_shuffled,2,val,274563,1,0.6615225
C_shuffled,2,val,277012,1,0.49659753
C_shuffled,2,val,278134,1,0.6858321
C_shuffled,2,val,282212,1,0.5346775
C_shuffled,2,val,285801,1,0.59966123
C_shuffled,2,val,290944,0,0.6297513
C_shuffled,2,val,305034,0,0.4954762
C_shuffled,2,val,306770,0,0.6258301
C_shuffled,2,val,308426,1,0.5831883
C_shuffled,2,val,310464,1,0.49636745
C_shuffled,2,val,310596,0,0.5640208
C_shuffled,2,val,311547,1,0.5527444
C_shuffled,2,val,311717,0,0.6092728
C_shuffled,2,val,312810,1,0.5786955
C_shuffled,2,val,313664,1,0.5118407
C_shuffled,2,val,319549,1,0.82662284
C_shuffled,2,val,324095,1,0.67220676
C_shuffled,2,val,331536,1,0.72993284
C_shuffled,2,val,332529,1,0.67020905
C_shuffled,2,val,337613,1,0.61704624
C_shuffled,2,val,338312,1,0.48509005
C_shuffled,2,val,345087,1,0.6045596
C_shuffled,2,val,345832,0,0.70256376
C_shuffled,2,val,348567,1,0.7557598
C_shuffled,2,val,348988,1,0.65668714
C_shuffled,2,val,352441,0,0.5831117
C_shuffled,2,val,353886,0,0.69547945
C_shuffled,2,val,355783,0,0.64921004
C_shuffled,2,val,368436,1,0.7357712
C_shuffled,2,val,370843,1,0.68519187
C_shuffled,2,val,383287,0,0.5767815
C_shuffled,2,val,387760,1,0.6490616
C_shuffled,2,val,398520,1,0.6700407
C_shuffled,2,val,400416,0,0.55889827
C_shuffled,2,val,400944,1,0.60292876
C_shuffled,2,val,402364,0,0.63727516
C_shuffled,2,val,409952,1,0.7692742
C_shuffled,2,val,412024,1,0.5733651
C_shuffled,2,val,413554,1,0.6578396
C_shuffled,2,val,419138,0,0.6356382
C_shuffled,2,val,421493,0,0.37174305
C_shuffled,2,val,422674,1,0.6709382
C_shuffled,2,val,431921,0,0.7462231
C_shuffled,2,val,432168,1,0.52563095
C_shuffled,2,val,432540,1,0.60720235
C_shuffled,2,val,432906,1,0.6058648
C_shuffled,2,val,435436,0,0.64287806
C_shuffled,2,val,445545,1,0.6715518
C_shuffled,2,val,448027,0,0.44380096
C_shuffled,2,val,450155,1,0.9568527
C_shuffled,2,val,451844,1,0.66887355
C_shuffled,2,val,463298,1,0.6976574
C_shuffled,2,val,465401,1,0.8380927
C_shuffled,2,val,467821,0,0.46515393
C_shuffled,2,val,468086,1,0.57548285
C_shuffled,2,val,470865,1,0.5400343
C_shuffled,2,val,477981,1,0.5314626
C_shuffled,2,val,482448,0,0.54824936
C_shuffled,2,val,486901,0,0.6742529
C_shuffled,2,val,487515,1,0.5486536
C_shuffled,2,val,490818,1,0.6662755
C_shuffled,2,val,490962,1,0.5984859
C_shuffled,2,val,493534,0,0.58042216
C_shuffled,2,val,506609,1,0.6204993
C_shuffled,2,val,508572,1,0.69728696
C_shuffled,2,val,513568,0,0.786346
C_shuffled,2,val,518232,1,0.60391223
C_shuffled,2,val,518961,1,0.68040985
C_shuffled,2,val,520017,0,0.6536101
C_shuffled,2,val,526518,0,0.4765715
C_shuffled,2,val,528647,1,0.68890005
C_shuffled,2,val,531193,0,0.6639451
C_shuffled,2,val,531462,1,0.6325266
C_shuffled,2,val,532148,1,0.6436448
C_shuffled,2,val,535178,1,0.5143943
C_shuffled,2,val,541544,1,0.5451329
C_shuffled,2,val,544153,1,0.48778993
C_shuffled,2,val,545205,0,0.48905957
C_shuffled,2,val,547533,1,0.50263476
C_shuffled,2,val,556177,0,0.78949976
C_shuffled,2,val,563033,0,0.56710213
C_shuffled,2,val,570135,0,0.6316219
C_shuffled,2,val,573425,1,0.8013845
C_shuffled,2,val,578084,0,0.5437259
C_shuffled,2,val,578406,1,0.5986946
C_shuffled,2,val,580750,0,0.8622956
C_shuffled,2,val,581298,1,0.63570833
C_shuffled,2,val,585465,1,0.6027207
C_shuffled,2,val,589139,1,0.74093336
C_shuffled,2,val,593504,1,0.67918575
C_shuffled,2,val,597579,1,0.7981501
C_shuffled,2,val,598821,0,0.46402624
C_shuffled,2,val,612720,1,0.7447915
C_shuffled,2,val,615119,1,0.83796066
C_shuffled,2,val,619649,1,0.5504209
C_shuffled,2,val,620975,1,0.78141433
C_shuffled,2,val,624977,0,0.6681608
C_shuffled,2,val,627036,1,0.68342024
C_shuffled,2,val,629729,1,0.6783345
C_shuffled,2,val,644744,1,0.78206396
C_shuffled,2,val,651309,0,0.68188477
C_shuffled,2,val,653987,0,0.58920044
C_shuffled,2,val,657533,1,0.7697203
C_shuffled,2,val,660061,1,0.6695306
C_shuffled,2,val,660533,0,0.67553556
C_shuffled,2,val,661193,0,0.63449895
C_shuffled,2,val,673553,1,0.65844584
C_shuffled,2,val,677928,1,0.7124027
C_shuffled,2,val,681205,1,0.5872751
C_shuffled,2,val,681852,1,0.7555563
C_shuffled,2,val,682914,1,0.60919875
C_shuffled,2,val,686482,1,0.74060744
C_shuffled,2,val,689380,1,0.580973
C_shuffled,2,val,690904,1,0.66660583
C_shuffled,2,val,695455,0,0.6137492
C_shuffled,2,val,697961,1,0.5587641
C_shuffled,2,val,700550,1,0.66205007
C_shuffled,2,val,704317,0,0.54322517
C_shuffled,2,val,705906,1,0.6182696
C_shuffled,2,val,707482,1,0.8232414
C_shuffled,2,val,707873,1,0.59083724
C_shuffled,2,val,714644,1,0.58977896
C_shuffled,2,val,715113,1,0.7116377
C_shuffled,2,val,718140,0,0.7209043
C_shuffled,2,val,719050,0,0.52902204
C_shuffled,2,val,719439,1,0.59279615
C_shuffled,2,val,726126,0,0.76675785
C_shuffled,2,val,726953,0,0.6611434
C_shuffled,2,val,738715,0,0.56894183
C_shuffled,2,val,743380,1,0.6640803
C_shuffled,2,val,744145,0,0.71787566
C_shuffled,2,val,745143,0,0.5857934
C_shuffled,2,val,745489,1,0.486324
C_shuffled,2,val,746867,0,0.3700423
C_shuffled,2,val,747906,0,0.5775821
C_shuffled,2,val,749268,1,0.6132185
C_shuffled,2,val,752967,1,0.6732249
C_shuffled,2,val,752970,0,0.6338173
C_shuffled,2,val,755914,1,0.7321397
C_shuffled,2,val,757410,0,0.80245894
C_shuffled,2,val,765618,1,0.6986166
C_shuffled,2,val,766763,1,0.57825553
C_shuffled,2,val,767066,1,0.6273098
C_shuffled,2,val,769720,1,0.8971876
C_shuffled,2,val,770052,0,0.5973617
C_shuffled,2,val,803606,1,0.6337155
C_shuffled,2,val,804052,1,0.41889182
C_shuffled,2,val,806326,0,0.6463878
C_shuffled,2,val,807529,0,0.59469783
C_shuffled,2,val,813769,0,0.59881246
C_shuffled,2,val,820530,1,0.96784127
C_shuffled,2,val,822633,1,0.6399763
C_shuffled,2,val,827739,0,0.70904166
C_shuffled,2,val,829943,1,0.6053763
C_shuffled,2,val,833210,1,0.5771318
C_shuffled,2,val,834130,0,0.5511687
C_shuffled,2,val,834393,0,0.57896835
C_shuffled,2,val,834446,1,0.58448756
C_shuffled,2,val,835833,1,0.53305656
C_shuffled,2,val,836931,1,0.6297926
C_shuffled,2,val,844104,1,0.6581849
C_shuffled,2,val,848723,1,0.5814634
C_shuffled,2,val,849297,1,0.5770926
C_shuffled,2,val,853842,1,0.78106797
C_shuffled,2,val,857171,1,0.59918284
C_shuffled,2,val,857521,0,0.49751887
C_shuffled,2,val,857621,1,0.57226014
C_shuffled,2,val,859236,0,0.72547174
C_shuffled,2,val,867398,0,0.56547546
C_shuffled,2,val,867481,0,0.5870894
C_shuffled,2,val,868318,0,0.5582386
C_shuffled,2,val,873206,1,0.71182895
C_shuffled,2,val,875241,1,0.48340464
C_shuffled,2,val,876098,1,0.6404679
C_shuffled,2,val,877486,1,0.7137278
C_shuffled,2,val,880466,1,0.48996246
C_shuffled,2,val,885222,0,0.71645516
C_shuffled,2,val,898035,1,0.46879107
C_shuffled,2,val,899067,0,0.60849965
C_shuffled,2,val,899206,1,0.60136425
C_shuffled,2,val,899668,1,0.51856804
C_shuffled,2,val,903654,1,0.6271
C_shuffled,2,val,935158,1,0.81440747
C_shuffled,2,val,953310,1,0.6723151
C_shuffled,2,val,953656,0,0.7432291
C_shuffled,2,val,957325,1,0.62229854
C_shuffled,2,val,959771,1,0.71177095
C_shuffled,2,val,960726,0,0.6040431
C_shuffled,2,val,961563,0,0.40942657
C_shuffled,2,val,962643,1,0.7101183
C_shuffled,2,val,963182,1,0.62346154
C_shuffled,2,val,963540,1,0.6921952
C_shuffled,2,val,967064,1,0.49545127
C_shuffled,2,val,972111,0,0.7361793
C_shuffled,2,val,975370,0,0.7646774
C_shuffled,2,val,976220,1,0.6886921
C_shuffled,2,val,978990,0,0.6634362
C_shuffled,2,val,982055,0,0.54602945
C_shuffled,2,val,982477,0,0.6181486
C_shuffled,2,val,982545,1,0.55176497
C_shuffled,2,val,983856,1,0.60305774
C_shuffled,2,val,983916,1,0.52397895
C_shuffled,2,val,985152,1,0.61653644
C_shuffled,2,val,987657,1,0.69229114
C_shuffled,2,val,988590,1,0.8048315
C_shuffled,2,val,989038,1,0.6260681
C_shuffled,2,val,990510,1,0.67178845
C_shuffled,2,val,991790,1,0.5687076
C_shuffled,2,val,993731,1,0.6710101
C_shuffled,2,val,994160,1,0.70255345
C_shuffled,2,val,994960,0,0.5852115
C_shuffled,2,val,995346,0,0.76788676
C_shuffled,2,val,1000434,1,0.51474047
C_shuffled,2,val,1002373,1,0.62058127
C_shuffled,2,val,1002968,1,0.5521784
C_shuffled,2,val,1005095,1,0.8304659
C_shuffled,2,val,1006489,0,0.520665
C_shuffled,2,val,1013371,1,0.74781686
C_shuffled,2,val,1021541,1,0.5882957
C_shuffled,2,val,1030940,1,0.50685006
C_shuffled,2,val,1033938,0,0.7959761
C_shuffled,2,val,1036745,1,0.65207064
C_shuffled,2,val,1040848,0,0.61618847
C_shuffled,2,val,1042457,0,0.5067842
C_shuffled,2,val,1048580,1,0.71611714
C_shuffled,2,val,1049886,1,0.6700743
C_shuffled,2,val,1050525,1,0.67499137
C_shuffled,2,val,1056454,1,0.76776737
C_shuffled,2,val,1057961,0,0.51193374
C_shuffled,2,val,1058939,1,0.65125966
C_shuffled,2,val,1058965,1,0.47399598
C_shuffled,2,val,1061023,1,0.6531521
C_shuffled,2,val,1065129,1,0.6291136
C_shuffled,2,val,1068977,0,0.46373433
C_shuffled,2,val,1069003,0,0.69117284
C_shuffled,2,val,1071801,0,0.6772922
C_shuffled,2,val,1073471,1,0.6640906
C_shuffled,2,val,1073751,1,0.53189594
C_shuffled,2,val,1073787,1,0.53507286
C_shuffled,2,val,1074093,1,0.522146
C_shuffled,2,val,1075990,0,0.5767003
C_shuffled,2,val,1076383,1,0.7041008
C_shuffled,2,val,1077013,1,0.6091052
C_shuffled,2,val,1078392,1,0.77503264
C_shuffled,2,val,1079219,0,0.4947707
C_shuffled,2,val,1079586,0,0.6706131
C_shuffled,2,val,1079656,1,0.6712431
C_shuffled,2,val,1079923,0,0.40586215
C_shuffled,2,val,1080470,1,0.45718512
C_shuffled,2,val,1081738,1,0.5347303
C_shuffled,2,val,1082124,1,0.41840285
C_shuffled,2,val,1084347,0,0.6518434
C_shuffled,2,val,1085496,1,0.7103532
C_shuffled,2,val,1087391,0,0.7191508
C_shuffled,2,val,1087667,1,0.5761476
C_shuffled,2,val,1087796,0,0.44244814
C_shuffled,2,val,1088918,1,0.5327022
C_shuffled,2,val,1089436,0,0.6042336
C_shuffled,2,val,1089796,1,0.57708895
C_shuffled,2,val,1090438,1,0.5795579
C_shuffled,2,val,1090543,1,0.844223
C_shuffled,2,val,1092437,1,0.6724532
C_shuffled,2,val,1092848,1,0.8258502
C_shuffled,2,val,1092889,1,0.5861136
C_shuffled,2,val,1092948,1,0.537033
C_shuffled,2,val,1093743,0,0.5388017
C_shuffled,2,val,1093823,1,0.5115816
C_shuffled,2,val,1094730,0,0.8850854
C_shuffled,2,val,1097465,1,0.75072974
C_shuffled,2,val,1097474,1,0.6459176
C_shuffled,2,val,1098204,1,0.69904625
C_shuffled,2,val,1099234,1,0.5579148
C_shuffled,2,val,1099979,0,0.6435881
C_shuffled,2,val,1101522,0,0.514343
C_shuffled,2,val,1102276,1,0.70911264
C_shuffled,2,val,1102856,1,0.3642297
C_shuffled,2,val,1103434,0,0.47046822
C_shuffled,2,val,1103891,1,0.4087599
C_shuffled,2,val,1104649,1,0.7129413
C_shuffled,2,val,1105121,0,0.7692709
C_shuffled,2,val,1105241,0,0.35853404
C_shuffled,2,val,1105299,0,0.7567256
C_shuffled,2,val,1105715,1,0.83850545
C_shuffled,2,val,1107359,1,0.7305179
C_shuffled,2,val,1107910,1,0.71923035
C_shuffled,2,val,1109280,1,0.7790725
C_shuffled,2,val,1109782,1,0.53102136
C_shuffled,2,val,1111153,0,0.6122959
C_shuffled,2,val,1111157,0,0.6975541
C_shuffled,2,val,1111426,0,0.45050728
C_shuffled,2,val,1111513,1,0.76558805
C_shuffled,2,val,1111920,1,0.84429526
C_shuffled,2,val,1112811,1,0.5606711
C_shuffled,2,val,1113155,0,0.5989484
C_shuffled,2,val,1113398,1,0.70204586
C_shuffled,2,val,1115212,1,0.6109396
C_shuffled,2,val,1115427,1,0.45512074
C_shuffled,2,val,1116007,0,0.41577154
C_shuffled,2,val,1116601,0,0.5419571
C_shuffled,2,val,1116926,1,0.7437038
C_shuffled,2,val,1117576,0,0.581902
C_shuffled,2,val,1117714,1,0.98257446
C_shuffled,2,val,1117752,1,0.66813934
C_shuffled,2,val,1117975,1,0.625549
C_shuffled,2,val,1118436,1,0.68954587
C_shuffled,2,val,1118542,0,0.6015049
C_shuffled,2,val,1118849,1,0.5799706
C_shuffled,2,val,1119248,1,0.64231753
C_shuffled,2,val,1119520,0,0.36569068
C_shuffled,2,val,1119526,1,0.7898616
C_shuffled,2,val,1119652,1,0.5444249
C_shuffled,2,val,1119666,1,0.7712233
C_shuffled,2,val,1119802,1,0.74867696
C_shuffled,2,val,1119855,0,0.6309287
C_shuffled,2,val,1120326,1,0.7484045
C_shuffled,2,val,1120436,0,0.5438781
C_shuffled,2,val,1120645,0,0.42980707
C_shuffled,2,val,1120684,0,0.68053335
C_shuffled,2,val,1120869,0,0.57295555
C_shuffled,2,val,1121493,0,0.49321494
C_shuffled,2,val,1121705,1,0.8231774
C_shuffled,2,val,1121914,1,0.8424764
C_shuffled,2,val,1122025,1,0.45743835
C_shuffled,2,val,1122057,0,0.5377554
C_shuffled,2,val,1122513,1,0.48873627
C_shuffled,2,val,1123015,0,0.66678715
C_shuffled,2,val,1123071,1,0.5796261
C_shuffled,2,val,1124095,1,0.6433739
C_shuffled,2,val,1125442,1,0.90193284
C_shuffled,2,val,1127285,0,0.6297547
C_shuffled,2,val,1127560,1,0.7268594
C_shuffled,2,val,1128117,1,0.7453258
C_shuffled,2,val,1128350,1,0.6450122
C_shuffled,2,val,1129711,0,0.6086091
C_shuffled,2,val,1129961,0,0.6359913
C_shuffled,2,val,1131906,1,0.71872354
C_shuffled,2,val,1132251,1,0.80657077
C_shuffled,2,val,1132255,0,0.55232906
C_shuffled,2,val,1132760,0,0.8021716
C_shuffled,2,val,1133011,0,0.8723408
C_shuffled,2,val,1133607,1,0.79092795
C_shuffled,2,val,1134095,1,0.443695
C_shuffled,2,val,1134921,1,0.42666417
C_shuffled,2,val,1135094,0,0.7414589
C_shuffled,2,val,1135191,0,0.5742724
C_shuffled,2,val,1136524,0,0.62733954
C_shuffled,2,val,1136723,0,0.6403409
C_shuffled,2,val,1136790,1,0.7921617
C_shuffled,2,val,1136946,0,0.5947772
C_shuffled,2,val,1136981,1,0.8258008
C_shuffled,2,val,1137743,1,0.68745345
C_shuffled,2,val,1137897,1,0.81154966
C_shuffled,2,val,1138757,1,0.741046
C_shuffled,2,val,1139275,1,0.5848254
C_shuffled,2,val,1140239,1,0.6551518
C_shuffled,2,val,1141115,1,0.7671552
C_shuffled,2,val,1141596,0,0.8025913
C_shuffled,2,val,1142051,1,0.856043
C_shuffled,2,val,1142643,1,0.6558825
C_shuffled,2,val,1142724,0,0.7701875
C_shuffled,2,val,1143116,0,0.59096634
C_shuffled,2,val,1143964,1,0.87127
C_shuffled,2,val,1144198,1,0.73293495
C_shuffled,2,val,1144614,1,0.736783
C_shuffled,2,val,1145385,0,0.48696348
C_shuffled,2,val,1145450,0,0.66857326
C_shuffled,2,val,1145704,1,0.6147658
C_shuffled,2,val,1146057,0,0.7440608
C_shuffled,2,val,1146465,0,0.65786844
C_shuffled,2,val,1146999,1,0.5241033
C_shuffled,2,val,1147005,0,0.57715213
C_shuffled,2,val,1147122,1,0.56942886
C_shuffled,2,val,1147843,1,0.6106679
C_shuffled,2,val,1148270,0,0.5100242
C_shuffled,2,val,1149196,0,0.6411911
C_shuffled,2,val,1149831,1,0.60655683
C_shuffled,2,val,1149904,0,0.49617746
C_shuffled,2,val,1150324,0,0.6277465
C_shuffled,2,val,1150911,0,0.4882088
C_shuffled,2,val,1151371,1,0.5894809
C_shuffled,2,val,1151387,0,0.66234493
C_shuffled,2,val,1151393,1,0.7745853
C_shuffled,2,val,1151510,0,0.5383462
C_shuffled,2,val,1152877,0,0.672589
C_shuffled,2,val,1153056,1,0.71802354
C_shuffled,2,val,1153155,1,0.5757474
C_shuffled,2,val,1153931,1,0.7118659
C_shuffled,2,val,1155546,1,0.589009
C_shuffled,2,val,1155802,1,0.5805665
C_shuffled,2,val,1156057,0,0.78985405
C_shuffled,2,val,1156739,1,0.67087454
C_shuffled,2,val,1156847,1,0.5776136
C_shuffled,2,val,1156904,1,0.86329585
C_shuffled,2,val,1157181,1,0.6657573
C_shuffled,2,val,1205869,1,0.8433698
C_shuffled,2,val,1205937,0,0.6667158
C_shuffled,2,val,1206010,0,0.6903895
C_shuffled,2,val,1206766,1,0.4358636
C_shuffled,2,val,1207435,1,0.75062746
C_shuffled,2,val,1207793,1,0.6840677
C_shuffled,2,val,1207923,1,0.6472454
C_shuffled,2,val,1208350,1,0.69377476
C_shuffled,2,val,1208880,1,0.3894796
C_shuffled,2,val,1209469,1,0.67393005
C_shuffled,2,val,1209502,0,0.5319857
C_shuffled,2,val,1209699,0,0.62126595
C_shuffled,2,val,1210123,0,0.78877
C_shuffled,2,val,1210315,0,0.56550777
C_shuffled,2,val,1211177,1,0.73006916
C_shuffled,2,val,1211297,1,0.7853545
C_shuffled,2,val,1211321,1,0.54566956
C_shuffled,2,val,1211878,1,0.7256473
C_shuffled,2,val,1212103,1,0.77053905
C_shuffled,2,val,1212313,0,0.60288143
C_shuffled,2,val,1212354,0,0.5900292
C_shuffled,2,val,1212394,1,0.68903863
C_shuffled,2,val,1212797,1,0.6760722
C_shuffled,2,val,1213174,1,0.48514864
C_shuffled,2,val,1213716,1,0.6702388
C_shuffled,2,val,1213929,1,0.63024706
C_shuffled,2,val,1214506,1,0.7919703
C_shuffled,2,val,1215252,0,0.73278725
C_shuffled,2,val,1215332,0,0.70806944
C_shuffled,2,val,1215381,0,0.63725615
C_shuffled,2,val,1215388,0,0.66437423
C_shuffled,2,val,1215420,1,0.5706982
C_shuffled,2,val,1215443,0,0.75128603
C_shuffled,2,val,1215869,0,0.6741068
C_shuffled,2,val,1216904,0,0.69522256
C_shuffled,2,val,1217080,1,0.7811084
C_shuffled,2,val,1217218,0,0.57692766
C_shuffled,2,val,1217635,1,0.6981058
C_shuffled,2,val,1217769,1,0.67707443
C_shuffled,2,val,1218335,1,0.6726669
C_shuffled,2,val,1218829,1,0.67562765
C_shuffled,2,val,1219765,1,0.69387543
C_shuffled,2,val,1219935,1,0.85482764
C_shuffled,2,val,1220475,0,0.6196732
C_shuffled,2,val,1220500,1,0.6273525
C_shuffled,2,val,1220605,1,0.8687842
C_shuffled,2,val,1220959,1,0.62080497
C_shuffled,2,val,1221268,1,0.5675678
C_shuffled,2,val,1221554,0,0.66121125
C_shuffled,2,val,1221883,0,0.5820869
C_shuffled,2,val,1222037,1,0.74229324
C_shuffled,2,val,1223272,1,0.6184269
C_shuffled,2,val,1223459,1,0.53830194
C_shuffled,2,val,1223585,1,0.64656997
C_shuffled,2,val,1223773,1,0.55112207
C_shuffled,2,val,1223866,1,0.72990835
C_shuffled,2,val,1223969,1,0.7132132
C_shuffled,2,val,1224121,0,0.6575575
C_shuffled,2,val,1224698,0,0.5314394
C_shuffled,2,val,1225046,0,0.5346555
C_shuffled,2,val,1225751,1,0.7414309
C_shuffled,2,val,1225914,0,0.58140814
C_shuffled,2,val,1226824,0,0.6002221
C_shuffled,2,val,1227195,1,0.78750646
C_shuffled,2,val,1228020,1,0.609813
C_shuffled,2,val,1228509,1,0.7491907
C_shuffled,2,val,1228820,0,0.60474783
C_shuffled,2,val,1229766,1,0.68398005
C_shuffled,2,val,1229837,0,0.43965346
C_shuffled,2,val,1229860,1,0.7820379
C_shuffled,2,val,1229920,1,0.6148035
C_shuffled,2,val,1230241,1,0.59057784
C_shuffled,2,val,1230259,1,0.6167335
C_shuffled,2,val,1230724,1,0.7576654
C_shuffled,2,val,1230781,0,0.54028773
C_shuffled,2,val,1230810,1,0.671811
C_shuffled,2,val,1231114,1,0.66351455
C_shuffled,2,val,1231343,1,0.8974571
C_shuffled,2,val,1231638,1,0.595221
C_shuffled,2,val,1232033,0,0.5087212
C_shuffled,2,val,1232188,1,0.7195755
C_shuffled,2,val,1232333,1,0.5663194
C_shuffled,2,val,1233203,1,0.7328139
C_shuffled,2,val,1233777,1,0.6829171
C_shuffled,2,val,1233962,0,0.6748553
C_shuffled,2,val,1233970,1,0.58808553
C_shuffled,2,val,1234198,0,0.6756734
C_shuffled,2,val,1235172,0,0.6472122
C_shuffled,2,val,1235254,0,0.5149911
C_shuffled,2,val,1235265,1,0.7144091
C_shuffled,2,val,1235697,1,0.55133355
C_shuffled,2,val,1236071,1,0.5994282
C_shuffled,2,val,1236083,0,0.7573936
C_shuffled,2,val,1236734,1,0.7247329
C_shuffled,2,val,1237352,1,0.8606539
C_shuffled,2,val,1237367,1,0.61646825
C_shuffled,2,val,1237508,1,0.8119741
C_shuffled,2,val,1237839,0,0.59658015
C_shuffled,2,val,1237971,1,0.7969142
C_shuffled,2,val,1238001,0,0.8049207
C_shuffled,2,val,1238292,0,0.66549385
C_shuffled,2,val,1239029,1,0.7112032
C_shuffled,2,val,1239095,1,0.6790903
C_shuffled,2,val,1239127,0,0.5622172
C_shuffled,2,val,1239331,1,0.48600477
C_shuffled,2,val,1239701,0,0.5776953
C_shuffled,2,val,1239881,1,0.46926564
C_shuffled,2,val,1240282,0,0.5283831
C_shuffled,2,val,1240710,1,0.46229717
C_shuffled,2,val,1241104,0,0.6394765
C_shuffled,2,val,1241185,0,0.5008782
C_shuffled,2,val,1242267,1,0.59741247
C_shuffled,2,val,1242283,0,0.6210505
C_shuffled,2,val,1243098,1,0.72972065
C_shuffled,2,val,1243427,1,0.6507852
C_shuffled,2,val,1243514,1,0.73532027
C_shuffled,2,val,1243942,1,0.63824457
C_shuffled,2,val,1244606,1,0.6916488
C_shuffled,2,val,1244680,1,0.8268457
C_shuffled,2,val,1245566,1,0.5438961
C_shuffled,2,val,1245696,1,0.5725983
C_shuffled,2,val,1246095,1,0.5987275
C_shuffled,2,val,1246508,0,0.53496397
C_shuffled,2,test,17109,1,0.6439867
C_shuffled,2,test,22019,0,0.5331086
C_shuffled,2,test,30603,1,0.6469913
C_shuffled,2,test,36502,0,0.550854
C_shuffled,2,test,42908,1,0.61845297
C_shuffled,2,test,52327,1,0.684262
C_shuffled,2,test,52609,1,0.665926
C_shuffled,2,test,54828,1,0.64075077
C_shuffled,2,test,61867,0,0.5780478
C_shuffled,2,test,63449,0,0.4012643
C_shuffled,2,test,65596,0,0.700715
C_shuffled,2,test,68483,1,0.60502607
C_shuffled,2,test,70693,0,0.6102047
C_shuffled,2,test,74146,0,0.61735284
C_shuffled,2,test,85978,1,0.49311042
C_shuffled,2,test,86305,1,0.6002185
C_shuffled,2,test,86310,1,0.5809724
C_shuffled,2,test,91934,0,0.50214124
C_shuffled,2,test,93011,0,0.6896631
C_shuffled,2,test,98629,1,0.5388641
C_shuffled,2,test,102312,1,0.6035275
C_shuffled,2,test,105772,1,0.5091661
C_shuffled,2,test,108509,1,0.58134806
C_shuffled,2,test,113763,0,0.60680073
C_shuffled,2,test,121544,1,0.64232624
C_shuffled,2,test,132583,0,0.69157046
C_shuffled,2,test,143353,1,0.8052205
C_shuffled,2,test,144004,0,0.62055033
C_shuffled,2,test,157463,1,0.63252497
C_shuffled,2,test,160103,1,0.74585134
C_shuffled,2,test,160197,1,0.73623806
C_shuffled,2,test,163423,1,0.8083912
C_shuffled,2,test,164362,1,0.37977684
C_shuffled,2,test,165324,0,0.6081686
C_shuffled,2,test,166451,1,0.8073569
C_shuffled,2,test,167707,1,0.7291283
C_shuffled,2,test,180001,0,0.47426283
C_shuffled,2,test,181034,1,0.6554841
C_shuffled,2,test,182595,0,0.63481086
C_shuffled,2,test,183219,0,0.5279192
C_shuffled,2,test,184704,0,0.44320905
C_shuffled,2,test,190049,1,0.73607236
C_shuffled,2,test,203461,1,0.6545705
C_shuffled,2,test,208652,1,0.74883103
C_shuffled,2,test,216589,1,0.5021468
C_shuffled,2,test,218529,1,0.63920265
C_shuffled,2,test,220792,0,0.64017725
C_shuffled,2,test,223651,1,0.47845674
C_shuffled,2,test,229959,1,0.6454267
C_shuffled,2,test,234398,0,0.5041901
C_shuffled,2,test,234471,0,0.68512034
C_shuffled,2,test,240229,0,0.49776697
C_shuffled,2,test,250983,0,0.7881772
C_shuffled,2,test,252362,0,0.48902303
C_shuffled,2,test,271298,0,0.75299287
C_shuffled,2,test,274179,0,0.7748215
C_shuffled,2,test,275882,1,0.5883803
C_shuffled,2,test,278098,0,0.44076872
C_shuffled,2,test,278230,0,0.79558134
C_shuffled,2,test,278485,0,0.5880596
C_shuffled,2,test,285173,1,0.742613
C_shuffled,2,test,288581,1,0.61170936
C_shuffled,2,test,293811,0,0.65176183
C_shuffled,2,test,304034,0,0.6661709
C_shuffled,2,test,309162,1,0.51514983
C_shuffled,2,test,309228,1,0.77512527
C_shuffled,2,test,315569,1,0.7275035
C_shuffled,2,test,325318,0,0.5018121
C_shuffled,2,test,327943,1,0.6530231
C_shuffled,2,test,335403,0,0.6186085
C_shuffled,2,test,345895,1,0.58615255
C_shuffled,2,test,350707,0,0.7288658
C_shuffled,2,test,353416,1,0.74114245
C_shuffled,2,test,354035,1,0.60715324
C_shuffled,2,test,360745,1,0.9406723
C_shuffled,2,test,367686,0,0.5998728
C_shuffled,2,test,369915,1,0.48662022
C_shuffled,2,test,372332,1,0.7326896
C_shuffled,2,test,374203,0,0.5774262
C_shuffled,2,test,376880,1,0.7826506
C_shuffled,2,test,377217,1,0.6219001
C_shuffled,2,test,383626,1,0.7014285
C_shuffled,2,test,384429,0,0.51204437
C_shuffled,2,test,391348,0,0.4961791
C_shuffled,2,test,398295,0,0.57460356
C_shuffled,2,test,398592,1,0.57103497
C_shuffled,2,test,400980,1,0.7136255
C_shuffled,2,test,403399,0,0.5141772
C_shuffled,2,test,405843,1,0.69329655
C_shuffled,2,test,409579,1,0.71474165
C_shuffled,2,test,410795,1,0.6745306
C_shuffled,2,test,412716,1,0.8937644
C_shuffled,2,test,419522,1,0.7476098
C_shuffled,2,test,432045,0,0.65659744
C_shuffled,2,test,432782,0,0.66189677
C_shuffled,2,test,433303,1,0.58392435
C_shuffled,2,test,438187,1,0.75103855
C_shuffled,2,test,442019,0,0.70704895
C_shuffled,2,test,442797,1,0.42991126
C_shuffled,2,test,442895,1,0.47001344
C_shuffled,2,test,443207,1,0.6359756
C_shuffled,2,test,443610,0,0.5601971
C_shuffled,2,test,445318,0,0.5522462
C_shuffled,2,test,451415,1,0.4740422
C_shuffled,2,test,460422,1,0.5367452
C_shuffled,2,test,460580,1,0.748176
C_shuffled,2,test,463375,1,0.57256496
C_shuffled,2,test,465763,1,0.7414419
C_shuffled,2,test,468342,1,0.5467475
C_shuffled,2,test,469078,1,0.50777715
C_shuffled,2,test,476977,1,0.6606783
C_shuffled,2,test,477285,1,0.66212845
C_shuffled,2,test,486523,0,0.5853852
C_shuffled,2,test,488255,0,0.4039176
C_shuffled,2,test,490630,1,0.80343145
C_shuffled,2,test,492132,0,0.5960223
C_shuffled,2,test,492492,0,0.7183491
C_shuffled,2,test,507011,1,0.7264242
C_shuffled,2,test,508867,1,0.7490469
C_shuffled,2,test,511417,1,0.6439453
C_shuffled,2,test,512053,1,0.71184707
C_shuffled,2,test,512180,1,0.7607229
C_shuffled,2,test,515887,1,0.5029117
C_shuffled,2,test,516493,0,0.55900586
C_shuffled,2,test,525973,0,0.77429676
C_shuffled,2,test,529750,0,0.60237145
C_shuffled,2,test,536935,1,0.6450947
C_shuffled,2,test,549363,0,0.4839961
C_shuffled,2,test,552901,1,0.6403866
C_shuffled,2,test,555492,0,0.64454734
C_shuffled,2,test,559178,1,0.7444797
C_shuffled,2,test,565908,0,0.41306958
C_shuffled,2,test,575773,1,0.53422815
C_shuffled,2,test,580587,0,0.49408808
C_shuffled,2,test,581598,1,0.55279106
C_shuffled,2,test,588986,1,0.59970766
C_shuffled,2,test,589857,0,0.6750784
C_shuffled,2,test,591051,1,0.7515329
C_shuffled,2,test,592121,0,0.5572204
C_shuffled,2,test,592548,0,0.61613077
C_shuffled,2,test,595954,1,0.57219994
C_shuffled,2,test,596445,0,0.71118534
C_shuffled,2,test,602165,1,0.6912553
C_shuffled,2,test,604557,1,0.60019344
C_shuffled,2,test,605762,0,0.509601
C_shuffled,2,test,607813,0,0.6233229
C_shuffled,2,test,610488,0,0.53944194
C_shuffled,2,test,611309,0,0.66343385
C_shuffled,2,test,615384,1,0.4889412
C_shuffled,2,test,617695,0,0.6351505
C_shuffled,2,test,618335,1,0.6077332
C_shuffled,2,test,624692,1,0.7363856
C_shuffled,2,test,626615,0,0.5724257
C_shuffled,2,test,627587,1,0.60667664
C_shuffled,2,test,628861,1,0.581387
C_shuffled,2,test,644091,1,0.5351809
C_shuffled,2,test,644443,1,0.5099113
C_shuffled,2,test,647436,0,0.5988724
C_shuffled,2,test,650259,0,0.7222217
C_shuffled,2,test,657738,0,0.6936671
C_shuffled,2,test,660164,1,0.6470442
C_shuffled,2,test,660433,0,0.56743145
C_shuffled,2,test,663130,1,0.672456
C_shuffled,2,test,663548,1,0.8228718
C_shuffled,2,test,665050,1,0.6930675
C_shuffled,2,test,665220,1,0.76249576
C_shuffled,2,test,671576,0,0.55253977
C_shuffled,2,test,672172,1,0.6669959
C_shuffled,2,test,677259,0,0.5959031
C_shuffled,2,test,681120,1,0.67075187
C_shuffled,2,test,684963,1,0.5371433
C_shuffled,2,test,687171,1,0.46946752
C_shuffled,2,test,690734,0,0.49300256
C_shuffled,2,test,693326,1,0.51731116
C_shuffled,2,test,696029,0,0.65022993
C_shuffled,2,test,699877,0,0.66475314
C_shuffled,2,test,701498,1,0.6163249
C_shuffled,2,test,702078,0,0.48896915
C_shuffled,2,test,702801,0,0.46842754
C_shuffled,2,test,704059,0,0.63552964
C_shuffled,2,test,704101,1,0.60411716
C_shuffled,2,test,709805,1,0.8097946
C_shuffled,2,test,711782,1,0.5969758
C_shuffled,2,test,711787,1,0.56634146
C_shuffled,2,test,712016,1,0.69838876
C_shuffled,2,test,714764,0,0.7267133
C_shuffled,2,test,715221,1,0.6013517
C_shuffled,2,test,723474,0,0.5389719
C_shuffled,2,test,726409,0,0.5392529
C_shuffled,2,test,726499,0,0.50861895
C_shuffled,2,test,740043,1,0.52786356
C_shuffled,2,test,742847,0,0.72480714
C_shuffled,2,test,743605,1,0.63348055
C_shuffled,2,test,747584,1,0.53503084
C_shuffled,2,test,750881,0,0.55859756
C_shuffled,2,test,751252,0,0.47708452
C_shuffled,2,test,755294,1,0.5995726
C_shuffled,2,test,780355,1,0.7439421
C_shuffled,2,test,789437,1,0.4082157
C_shuffled,2,test,803706,1,0.5208699
C_shuffled,2,test,806762,0,0.47590625
C_shuffled,2,test,808258,0,0.5073046
C_shuffled,2,test,809234,1,0.5676253
C_shuffled,2,test,818267,1,0.43771517
C_shuffled,2,test,829142,1,0.69974536
C_shuffled,2,test,835463,1,0.5517216
C_shuffled,2,test,839278,1,0.60740036
C_shuffled,2,test,841534,0,0.5550069
C_shuffled,2,test,841748,1,0.644703
C_shuffled,2,test,844964,0,0.8785679
C_shuffled,2,test,851163,1,0.5644053
C_shuffled,2,test,851639,1,0.6550597
C_shuffled,2,test,854069,1,0.5211463
C_shuffled,2,test,855223,1,0.65517706
C_shuffled,2,test,857435,1,0.76757056
C_shuffled,2,test,860381,0,0.6297175
C_shuffled,2,test,861607,0,0.42638263
C_shuffled,2,test,872844,1,0.61954516
C_shuffled,2,test,877831,0,0.66245824
C_shuffled,2,test,878721,0,0.562142
C_shuffled,2,test,882885,1,0.5822564
C_shuffled,2,test,883112,1,0.52478266
C_shuffled,2,test,883479,0,0.5525272
C_shuffled,2,test,885394,1,0.471465
C_shuffled,2,test,899469,1,0.71252155
C_shuffled,2,test,900762,1,0.75623506
C_shuffled,2,test,900957,1,0.7305846
C_shuffled,2,test,924232,0,0.6697161
C_shuffled,2,test,934409,0,0.690455
C_shuffled,2,test,941626,1,0.5018394
C_shuffled,2,test,947197,1,0.60014224
C_shuffled,2,test,951246,0,0.68041617
C_shuffled,2,test,954440,1,0.53349966
C_shuffled,2,test,956387,1,0.71280426
C_shuffled,2,test,963985,1,0.6778632
C_shuffled,2,test,966701,0,0.56599826
C_shuffled,2,test,968655,0,0.60427445
C_shuffled,2,test,976523,1,0.6575276
C_shuffled,2,test,977714,1,0.688599
C_shuffled,2,test,979369,1,0.6753618
C_shuffled,2,test,980871,1,0.5271449
C_shuffled,2,test,981562,0,0.5521827
C_shuffled,2,test,986260,1,0.6691592
C_shuffled,2,test,986510,1,0.7585918
C_shuffled,2,test,989331,1,0.5059894
C_shuffled,2,test,991197,0,0.61682343
C_shuffled,2,test,991829,1,0.61123466
C_shuffled,2,test,993100,1,0.6748083
C_shuffled,2,test,993602,1,0.6036196
C_shuffled,2,test,995694,1,0.65519375
C_shuffled,2,test,996219,0,0.580515
C_shuffled,2,test,996551,0,0.7221735
C_shuffled,2,test,1000725,1,0.5513745
C_shuffled,2,test,1001535,1,0.53458
C_shuffled,2,test,1003409,1,0.7339738
C_shuffled,2,test,1005121,1,0.55488944
C_shuffled,2,test,1005171,1,0.5932372
C_shuffled,2,test,1005619,1,0.63301396
C_shuffled,2,test,1007363,0,0.5265526
C_shuffled,2,test,1058429,1,0.68055636
C_shuffled,2,test,1061584,1,0.75218654
C_shuffled,2,test,1062066,0,0.5817296
C_shuffled,2,test,1066534,1,0.5368186
C_shuffled,2,test,1067041,1,0.5805563
C_shuffled,2,test,1067177,1,0.66279733
C_shuffled,2,test,1068069,1,0.6138058
C_shuffled,2,test,1068151,0,0.5402205
C_shuffled,2,test,1068390,1,0.6831563
C_shuffled,2,test,1068426,1,0.6275067
C_shuffled,2,test,1068928,0,0.5832608
C_shuffled,2,test,1069432,1,0.68722904
C_shuffled,2,test,1069948,1,0.61918217
C_shuffled,2,test,1070002,1,0.5848583
C_shuffled,2,test,1070070,1,0.67195815
C_shuffled,2,test,1070173,1,0.65248775
C_shuffled,2,test,1071053,0,0.66661716
C_shuffled,2,test,1071949,1,0.62816507
C_shuffled,2,test,1072395,1,0.66107833
C_shuffled,2,test,1073214,1,0.5699254
C_shuffled,2,test,1073232,0,0.54290986
C_shuffled,2,test,1073268,1,0.68674666
C_shuffled,2,test,1073839,0,0.64090115
C_shuffled,2,test,1074312,0,0.5542514
C_shuffled,2,test,1074427,1,0.6851619
C_shuffled,2,test,1074571,1,0.5785287
C_shuffled,2,test,1074753,0,0.8097309
C_shuffled,2,test,1075228,1,0.79732794
C_shuffled,2,test,1075404,1,0.6642432
C_shuffled,2,test,1075699,1,0.69790673
C_shuffled,2,test,1077606,1,0.5716915
C_shuffled,2,test,1079282,1,0.8199747
C_shuffled,2,test,1081059,1,0.50136244
C_shuffled,2,test,1081377,0,0.7199658
C_shuffled,2,test,1081798,0,0.64967096
C_shuffled,2,test,1082290,0,0.73927027
C_shuffled,2,test,1082987,0,0.631717
C_shuffled,2,test,1084214,1,0.50446093
C_shuffled,2,test,1084630,1,0.72450614
C_shuffled,2,test,1085216,0,0.65273637
C_shuffled,2,test,1086129,1,0.59660935
C_shuffled,2,test,1086243,1,0.75300694
C_shuffled,2,test,1086770,1,0.5667468
C_shuffled,2,test,1086772,1,0.52795124
C_shuffled,2,test,1087850,0,0.49034125
C_shuffled,2,test,1089310,0,0.6230918
C_shuffled,2,test,1089629,0,0.71292335
C_shuffled,2,test,1091748,1,0.7492216
C_shuffled,2,test,1093139,0,0.45680147
C_shuffled,2,test,1093650,1,0.72839445
C_shuffled,2,test,1094011,1,0.69197017
C_shuffled,2,test,1094046,1,0.6040606
C_shuffled,2,test,1094897,1,0.58410496
C_shuffled,2,test,1095869,1,0.6385291
C_shuffled,2,test,1095940,1,0.67399913
C_shuffled,2,test,1096850,1,0.7054738
C_shuffled,2,test,1096858,1,0.43177795
C_shuffled,2,test,1098886,1,0.54429954
C_shuffled,2,test,1103930,1,0.585855
C_shuffled,2,test,1104113,1,0.72881985
C_shuffled,2,test,1104452,1,0.630237
C_shuffled,2,test,1104592,1,0.71971095
C_shuffled,2,test,1105198,0,0.5639111
C_shuffled,2,test,1105837,1,0.6179788
C_shuffled,2,test,1106300,1,0.5305436
C_shuffled,2,test,1106596,0,0.7353582
C_shuffled,2,test,1107096,1,0.53868854
C_shuffled,2,test,1107291,0,0.59393364
C_shuffled,2,test,1107631,1,0.81173444
C_shuffled,2,test,1108050,1,0.7329561
C_shuffled,2,test,1109506,1,0.7249924
C_shuffled,2,test,1109526,1,0.6448734
C_shuffled,2,test,1109598,1,0.7467517
C_shuffled,2,test,1109983,1,0.54353327
C_shuffled,2,test,1111098,1,0.7242337
C_shuffled,2,test,1111860,1,0.641172
C_shuffled,2,test,1113294,1,0.5528942
C_shuffled,2,test,1113365,1,0.59094757
C_shuffled,2,test,1113808,0,0.6077232
C_shuffled,2,test,1115713,1,0.65713704
C_shuffled,2,test,1116144,1,0.5505291
C_shuffled,2,test,1116479,0,0.4622767
C_shuffled,2,test,1116580,1,0.77398723
C_shuffled,2,test,1117063,0,0.5679767
C_shuffled,2,test,1117243,1,0.64628816
C_shuffled,2,test,1117669,0,0.71542066
C_shuffled,2,test,1117701,1,0.67872405
C_shuffled,2,test,1117869,1,0.48137423
C_shuffled,2,test,1118191,1,0.4058478
C_shuffled,2,test,1118291,0,0.52403235
C_shuffled,2,test,1118398,1,0.7680932
C_shuffled,2,test,1118511,1,0.6886554
C_shuffled,2,test,1118641,0,0.7250608
C_shuffled,2,test,1119092,1,0.5102109
C_shuffled,2,test,1119930,1,0.6226678
C_shuffled,2,test,1120836,1,0.7707871
C_shuffled,2,test,1121365,1,0.6518506
C_shuffled,2,test,1121559,1,0.6352866
C_shuffled,2,test,1121672,1,0.57946193
C_shuffled,2,test,1121736,0,0.79722595
C_shuffled,2,test,1121795,1,0.7166821
C_shuffled,2,test,1121927,1,0.6165895
C_shuffled,2,test,1122004,0,0.5049933
C_shuffled,2,test,1122185,1,0.5918869
C_shuffled,2,test,1122658,1,1.0675008
C_shuffled,2,test,1122760,0,0.58556557
C_shuffled,2,test,1123435,1,0.65740836
C_shuffled,2,test,1123551,0,0.5950972
C_shuffled,2,test,1123858,0,0.6233926
C_shuffled,2,test,1124152,0,0.63488346
C_shuffled,2,test,1124180,0,0.4191735
C_shuffled,2,test,1124482,1,0.553541
C_shuffled,2,test,1126244,0,0.77600545
C_shuffled,2,test,1126628,1,0.50255096
C_shuffled,2,test,1126767,0,0.53892934
C_shuffled,2,test,1127029,0,0.7701024
C_shuffled,2,test,1127812,1,0.4830392
C_shuffled,2,test,1128467,1,0.7842512
C_shuffled,2,test,1128811,0,0.5966567
C_shuffled,2,test,1129353,0,0.69922036
C_shuffled,2,test,1129383,1,0.6844204
C_shuffled,2,test,1129401,1,0.73495626
C_shuffled,2,test,1130020,1,0.6793633
C_shuffled,2,test,1130043,1,0.9074215
C_shuffled,2,test,1130495,1,0.5254991
C_shuffled,2,test,1130530,0,0.65731955
C_shuffled,2,test,1131124,1,0.5712186
C_shuffled,2,test,1131656,1,0.7223275
C_shuffled,2,test,1132058,1,0.60013187
C_shuffled,2,test,1132465,1,0.5827792
C_shuffled,2,test,1132886,0,0.7557375
C_shuffled,2,test,1133211,1,0.60235703
C_shuffled,2,test,1134193,1,0.6439987
C_shuffled,2,test,1134339,0,0.4971211
C_shuffled,2,test,1135004,0,0.6946215
C_shuffled,2,test,1136675,1,0.6908296
C_shuffled,2,test,1136878,1,0.6748452
C_shuffled,2,test,1137456,0,0.5511671
C_shuffled,2,test,1137818,1,0.7107584
C_shuffled,2,test,1138670,1,0.5858101
C_shuffled,2,test,1138681,1,0.558979
C_shuffled,2,test,1138864,1,0.55242354
C_shuffled,2,test,1140316,1,0.82448477
C_shuffled,2,test,1142126,0,0.7540962
C_shuffled,2,test,1142188,1,0.538561
C_shuffled,2,test,1144028,0,0.6414647
C_shuffled,2,test,1144147,0,0.4173048
C_shuffled,2,test,1144488,1,0.67935276
C_shuffled,2,test,1144757,1,0.66598904
C_shuffled,2,test,1145720,0,0.62039566
C_shuffled,2,test,1146563,0,0.5762644
C_shuffled,2,test,1146584,1,0.6391973
C_shuffled,2,test,1148113,1,0.67413884
C_shuffled,2,test,1148157,1,0.6030065
C_shuffled,2,test,1148282,1,0.76775324
C_shuffled,2,test,1148607,1,0.6189872
C_shuffled,2,test,1148756,1,0.71658194
C_shuffled,2,test,1148957,1,0.74092823
C_shuffled,2,test,1149553,1,0.72973317
C_shuffled,2,test,1149963,1,0.6046212
C_shuffled,2,test,1150067,1,0.5257824
C_shuffled,2,test,1150178,1,0.660822
C_shuffled,2,test,1151052,0,0.5869054
C_shuffled,2,test,1151422,1,0.7362487
C_shuffled,2,test,1151513,1,0.6679425
C_shuffled,2,test,1151818,0,0.48298103
C_shuffled,2,test,1152700,1,0.5845996
C_shuffled,2,test,1152707,0,0.52501744
C_shuffled,2,test,1153263,0,0.581575
C_shuffled,2,test,1153649,0,0.6414814
C_shuffled,2,test,1153914,1,0.5986824
C_shuffled,2,test,1154191,1,0.5957526
C_shuffled,2,test,1154313,1,0.7008333
C_shuffled,2,test,1154712,1,0.69968057
C_shuffled,2,test,1155176,1,0.62337345
C_shuffled,2,test,1155575,1,0.7049311
C_shuffled,2,test,1156251,1,0.57842016
C_shuffled,2,test,1156386,1,0.62477744
C_shuffled,2,test,1156786,1,0.62983406
C_shuffled,2,test,1156887,1,0.62893564
C_shuffled,2,test,1158961,1,0.5639503
C_shuffled,2,test,1205766,1,0.8176973
C_shuffled,2,test,1205889,1,0.8015497
C_shuffled,2,test,1206310,1,0.532366
C_shuffled,2,test,1207017,1,0.4947154
C_shuffled,2,test,1207116,1,0.7700945
C_shuffled,2,test,1207484,0,0.67048275
C_shuffled,2,test,1207861,1,0.6536967
C_shuffled,2,test,1207963,1,0.7989401
C_shuffled,2,test,1208561,1,0.6274273
C_shuffled,2,test,1208898,1,0.66985667
C_shuffled,2,test,1209022,1,0.7857589
C_shuffled,2,test,1209496,0,0.5128108
C_shuffled,2,test,1210080,0,0.6109806
C_shuffled,2,test,1210100,0,0.59625536
C_shuffled,2,test,1210485,1,0.5840635
C_shuffled,2,test,1210639,1,0.6373547
C_shuffled,2,test,1210786,0,0.58464074
C_shuffled,2,test,1210809,1,0.6637621
C_shuffled,2,test,1211001,1,0.75898015
C_shuffled,2,test,1211380,1,0.8007052
C_shuffled,2,test,1212066,0,0.6293359
C_shuffled,2,test,1212451,0,0.70712656
C_shuffled,2,test,1212582,1,0.673266
C_shuffled,2,test,1213071,1,0.613473
C_shuffled,2,test,1213526,1,0.56688017
C_shuffled,2,test,1214739,0,0.4451456
C_shuffled,2,test,1214832,0,0.5583181
C_shuffled,2,test,1215142,0,0.7136827
C_shuffled,2,test,1215607,0,0.6343922
C_shuffled,2,test,1216041,1,0.47369128
C_shuffled,2,test,1216045,1,0.61417794
C_shuffled,2,test,1216704,1,0.7943205
C_shuffled,2,test,1216776,1,0.6512222
C_shuffled,2,test,1217243,1,0.63783455
C_shuffled,2,test,1218194,1,0.8602946
C_shuffled,2,test,1218554,1,0.6243645
C_shuffled,2,test,1218673,1,0.49518418
C_shuffled,2,test,1219597,0,0.7780003
C_shuffled,2,test,1219877,1,0.64954376
C_shuffled,2,test,1220226,0,0.6771122
C_shuffled,2,test,1220426,0,0.6189226
C_shuffled,2,test,1220526,1,0.6262899
C_shuffled,2,test,1220699,1,0.5687922
C_shuffled,2,test,1220702,0,0.48386464
C_shuffled,2,test,1220802,1,0.5687998
C_shuffled,2,test,1220833,1,0.63871056
C_shuffled,2,test,1220875,0,0.63185906
C_shuffled,2,test,1221102,0,0.4607409
C_shuffled,2,test,1221236,1,0.54182816
C_shuffled,2,test,1221707,0,0.8536715
C_shuffled,2,test,1222369,0,0.54077715
C_shuffled,2,test,1222988,1,0.60860974
C_shuffled,2,test,1223193,0,0.68506014
C_shuffled,2,test,1223568,1,0.6589032
C_shuffled,2,test,1223754,0,0.5292071
C_shuffled,2,test,1224229,1,0.609522
C_shuffled,2,test,1224519,1,0.8226717
C_shuffled,2,test,1224731,1,0.6166442
C_shuffled,2,test,1225050,0,0.70502377
C_shuffled,2,test,1225323,1,0.5624144
C_shuffled,2,test,1225341,1,0.6909974
C_shuffled,2,test,1225388,0,0.71417624
C_shuffled,2,test,1225413,1,0.7333336
C_shuffled,2,test,1225605,0,0.5538172
C_shuffled,2,test,1226794,0,0.650178
C_shuffled,2,test,1226946,1,0.52910614
C_shuffled,2,test,1227262,1,0.5963604
C_shuffled,2,test,1227437,1,0.6788594
C_shuffled,2,test,1227597,0,0.8272655
C_shuffled,2,test,1227732,1,0.59156454
C_shuffled,2,test,1227755,1,0.85832834
C_shuffled,2,test,1227765,1,0.51354206
C_shuffled,2,test,1228018,1,0.804786
C_shuffled,2,test,1228461,1,0.7098508
C_shuffled,2,test,1228842,0,0.84394693
C_shuffled,2,test,1229345,1,0.72843355
C_shuffled,2,test,1229605,0,0.7266704
C_shuffled,2,test,1230051,1,0.6842125
C_shuffled,2,test,1230374,1,0.789927
C_shuffled,2,test,1230384,0,0.5254566
C_shuffled,2,test,1230408,1,0.5118113
C_shuffled,2,test,1230574,0,0.5397832
C_shuffled,2,test,1230712,0,0.74513954
C_shuffled,2,test,1230855,0,0.3959553
C_shuffled,2,test,1231339,0,0.67396045
C_shuffled,2,test,1232028,0,0.5085731
C_shuffled,2,test,1233241,0,0.71536267
C_shuffled,2,test,1233508,1,0.66580445
C_shuffled,2,test,1233527,1,0.6798739
C_shuffled,2,test,1233621,0,0.63244635
C_shuffled,2,test,1233632,1,0.7892737
C_shuffled,2,test,1233791,1,0.6259199
C_shuffled,2,test,1234521,0,0.501874
C_shuffled,2,test,1235863,1,0.6032991
C_shuffled,2,test,1235882,0,0.49008238
C_shuffled,2,test,1235914,0,0.57340693
C_shuffled,2,test,1235985,1,0.6025469
C_shuffled,2,test,1236656,0,0.5700489
C_shuffled,2,test,1237272,1,0.70052963
C_shuffled,2,test,1237647,0,0.6993164
C_shuffled,2,test,1238245,1,0.57506496
C_shuffled,2,test,1238297,0,0.67534876
C_shuffled,2,test,1238348,0,0.5551939
C_shuffled,2,test,1238457,1,0.5498469
C_shuffled,2,test,1238537,0,0.88201463
C_shuffled,2,test,1238550,1,0.6660433
C_shuffled,2,test,1238559,1,0.77533346
C_shuffled,2,test,1238835,1,0.60949135
C_shuffled,2,test,1238864,1,0.47660607
C_shuffled,2,test,1238867,1,0.67713743
C_shuffled,2,test,1238917,0,0.8303281
C_shuffled,2,test,1238960,1,0.7897223
C_shuffled,2,test,1239042,1,0.4325243
C_shuffled,2,test,1239079,1,0.6111586
C_shuffled,2,test,1239224,1,0.57826304
C_shuffled,2,test,1239283,1,0.62052995
C_shuffled,2,test,1239427,1,0.829824
C_shuffled,2,test,1239611,1,0.59197664
C_shuffled,2,test,1239907,1,0.55251294
C_shuffled,2,test,1241318,1,0.69573426
C_shuffled,2,test,1241362,1,0.825107
C_shuffled,2,test,1241625,0,0.52972007
C_shuffled,2,test,1241779,1,0.75035095
C_shuffled,2,test,1242413,1,0.66088974
C_shuffled,2,test,1242831,0,0.6504219
C_shuffled,2,test,1243993,0,0.64529616
C_shuffled,2,test,1244763,0,0.64404505
C_shuffled,2,test,1244765,0,0.62542814
C_shuffled,2,test,1245905,1,0.54170465
C_shuffled,2,test,1245930,0,0.55730087
C_shuffled,2,test,1246192,1,0.52497727
C_shuffled,2,test,1246490,1,0.779534
C_shuffled,2,test,1246702,1,0.55876917
H,2,val,12246,1,0.47341442
H,2,val,15488,1,0.9224982
H,2,val,16787,0,0.810534
H,2,val,20993,1,0.40445456
H,2,val,28836,1,0.5620709
H,2,val,31619,1,0.58721095
H,2,val,32089,0,0.7166909
H,2,val,33225,1,0.6227006
H,2,val,35136,1,0.81153494
H,2,val,38963,1,0.8217443
H,2,val,43310,1,1.0789952
H,2,val,45419,1,0.64680105
H,2,val,62606,1,0.3766568
H,2,val,64928,1,0.30428922
H,2,val,66226,1,0.9956753
H,2,val,68648,0,1.1187514
H,2,val,86896,0,0.522979
H,2,val,88424,1,0.83298814
H,2,val,93202,0,0.5870005
H,2,val,95626,1,1.1319207
H,2,val,100595,0,0.37374312
H,2,val,112715,1,1.0700727
H,2,val,116182,1,0.36610144
H,2,val,121258,1,0.3705634
H,2,val,121744,1,0.75056577
H,2,val,123208,1,0.75818306
H,2,val,125059,1,0.6590058
H,2,val,129040,1,0.8868066
H,2,val,130832,1,0.7454066
H,2,val,139693,0,0.5086904
H,2,val,140328,0,0.5292188
H,2,val,152430,1,0.5528986
H,2,val,154147,1,1.1438725
H,2,val,156299,1,1.1672571
H,2,val,159617,1,0.9048914
H,2,val,162979,1,1.0597961
H,2,val,163659,1,0.51360875
H,2,val,167183,1,0.88437665
H,2,val,169449,1,1.0968721
H,2,val,169727,0,0.59720415
H,2,val,173162,0,0.48586172
H,2,val,175032,0,0.33932608
H,2,val,181466,0,0.5583173
H,2,val,184874,1,0.7830266
H,2,val,186257,0,0.39766487
H,2,val,190187,0,0.86286426
H,2,val,198213,1,0.6536305
H,2,val,202039,0,0.4133566
H,2,val,203640,1,0.9736086
H,2,val,210361,1,0.6202906
H,2,val,216010,1,0.64798594
H,2,val,217013,0,0.7664566
H,2,val,219309,1,0.69004184
H,2,val,226859,0,0.6042428
H,2,val,227399,0,0.62336326
H,2,val,234696,1,0.39554465
H,2,val,245427,1,0.85570973
H,2,val,248666,1,0.7420649
H,2,val,255374,0,0.29082337
H,2,val,271883,1,0.5914032
H,2,val,274322,1,0.8685878
H,2,val,274345,0,0.23117653
H,2,val,274563,1,0.85088074
H,2,val,277012,1,0.54892015
H,2,val,278134,1,0.8589569
H,2,val,282212,1,0.43935072
H,2,val,285801,1,0.6542862
H,2,val,290944,0,0.23209605
H,2,val,305034,0,0.21181825
H,2,val,306770,0,0.6489788
H,2,val,308426,1,0.41643792
H,2,val,310464,1,0.5788875
H,2,val,310596,0,0.15659073
H,2,val,311547,1,0.21577525
H,2,val,311717,0,0.5270158
H,2,val,312810,1,0.951213
H,2,val,313664,1,0.88485855
H,2,val,319549,1,0.7733083
H,2,val,324095,1,0.8485643
H,2,val,331536,1,0.81908214
H,2,val,332529,1,0.90800315
H,2,val,337613,1,0.73443943
H,2,val,338312,1,0.43631074
H,2,val,345087,1,0.83799535
H,2,val,345832,0,0.5615936
H,2,val,348567,1,0.7848993
H,2,val,348988,1,0.9414137
H,2,val,352441,0,0.31016058
H,2,val,353886,0,0.44340107
H,2,val,355783,0,0.45050782
H,2,val,368436,1,0.82445174
H,2,val,370843,1,0.85353726
H,2,val,383287,0,0.41665077
H,2,val,387760,1,0.6265508
H,2,val,398520,1,0.677552
H,2,val,400416,0,0.42990625
H,2,val,400944,1,0.6659832
H,2,val,402364,0,0.17030689
H,2,val,409952,1,0.97734785
H,2,val,412024,1,0.5449818
H,2,val,413554,1,1.11571
H,2,val,419138,0,0.21456411
H,2,val,421493,0,0.24842367
H,2,val,422674,1,0.66596925
H,2,val,431921,0,0.51805276
H,2,val,432168,1,0.9616742
H,2,val,432540,1,0.555208
H,2,val,432906,1,0.71854573
H,2,val,435436,0,0.69744736
H,2,val,445545,1,0.66989124
H,2,val,448027,0,0.25080702
H,2,val,450155,1,1.1869223
H,2,val,451844,1,1.0529418
H,2,val,463298,1,0.8106278
H,2,val,465401,1,0.7576865
H,2,val,467821,0,0.19229576
H,2,val,468086,1,0.77455604
H,2,val,470865,1,0.5881787
H,2,val,477981,1,0.8939845
H,2,val,482448,0,0.6801415
H,2,val,486901,0,0.49507308
H,2,val,487515,1,0.74873847
H,2,val,490818,1,1.0092201
H,2,val,490962,1,1.0214491
H,2,val,493534,0,0.43331814
H,2,val,506609,1,0.92291796
H,2,val,508572,1,0.82653636
H,2,val,513568,0,0.4784065
H,2,val,518232,1,0.6823031
H,2,val,518961,1,0.846522
H,2,val,520017,0,0.27910236
H,2,val,526518,0,0.28265715
H,2,val,528647,1,0.84776115
H,2,val,531193,0,-0.045473695
H,2,val,531462,1,0.6584266
H,2,val,532148,1,0.9614146
H,2,val,535178,1,0.722515
H,2,val,541544,1,0.5086536
H,2,val,544153,1,0.8414713
H,2,val,545205,0,0.19601595
H,2,val,547533,1,0.91115725
H,2,val,556177,0,0.41564518
H,2,val,563033,0,0.73791164
H,2,val,570135,0,0.54085314
H,2,val,573425,1,0.7043497
H,2,val,578084,0,0.73076266
H,2,val,578406,1,1.0181412
H,2,val,580750,0,0.31646144
H,2,val,581298,1,0.71866065
H,2,val,585465,1,0.5686417
H,2,val,589139,1,1.0042528
H,2,val,593504,1,1.0995398
H,2,val,597579,1,0.9791267
H,2,val,598821,0,0.2707249
H,2,val,612720,1,0.912913
H,2,val,615119,1,0.8057279
H,2,val,619649,1,0.7296527
H,2,val,620975,1,0.56956637
H,2,val,624977,0,0.46926478
H,2,val,627036,1,0.9394033
H,2,val,629729,1,0.70125306
H,2,val,644744,1,1.0862702
H,2,val,651309,0,0.30009383
H,2,val,653987,0,0.15938261
H,2,val,657533,1,0.5070218
H,2,val,660061,1,0.41949284
H,2,val,660533,0,0.4748395
H,2,val,661193,0,0.46239448
H,2,val,673553,1,0.7095617
H,2,val,677928,1,0.8438532
H,2,val,681205,1,0.704722
H,2,val,681852,1,0.47370964
H,2,val,682914,1,0.7474971
H,2,val,686482,1,0.86240536
H,2,val,689380,1,0.30854118
H,2,val,690904,1,0.8824863
H,2,val,695455,0,0.46927744
H,2,val,697961,1,0.7512063
H,2,val,700550,1,0.68517166
H,2,val,704317,0,0.21287319
H,2,val,705906,1,0.854933
H,2,val,707482,1,0.4988929
H,2,val,707873,1,0.4914657
H,2,val,714644,1,1.0898275
H,2,val,715113,1,0.6070563
H,2,val,718140,0,0.47533113
H,2,val,719050,0,0.5248022
H,2,val,719439,1,0.72089475
H,2,val,726126,0,0.11839837
H,2,val,726953,0,0.16808683
H,2,val,738715,0,0.64017504
H,2,val,743380,1,0.5386458
H,2,val,744145,0,0.4311679
H,2,val,745143,0,0.38899443
H,2,val,745489,1,0.5160349
H,2,val,746867,0,0.3427334
H,2,val,747906,0,0.47087544
H,2,val,749268,1,0.90317917
H,2,val,752967,1,1.0113231
H,2,val,752970,0,0.42047542
H,2,val,755914,1,0.8616918
H,2,val,757410,0,0.90867853
H,2,val,765618,1,0.595865
H,2,val,766763,1,0.8214469
H,2,val,767066,1,0.663666
H,2,val,769720,1,0.5346113
H,2,val,770052,0,0.37656483
H,2,val,803606,1,0.7117237
H,2,val,804052,1,0.77230686
H,2,val,806326,0,0.49371943
H,2,val,807529,0,0.74676806
H,2,val,813769,0,0.35211414
H,2,val,820530,1,0.771956
H,2,val,822633,1,0.3199331
H,2,val,827739,0,0.085244656
H,2,val,829943,1,0.765625
H,2,val,833210,1,0.7066377
H,2,val,834130,0,0.2782666
H,2,val,834393,0,0.21441242
H,2,val,834446,1,0.8934938
H,2,val,835833,1,0.9172926
H,2,val,836931,1,0.98487663
H,2,val,844104,1,0.3937192
H,2,val,848723,1,0.5633912
H,2,val,849297,1,0.6505751
H,2,val,853842,1,0.6341632
H,2,val,857171,1,0.5969738
H,2,val,857521,0,0.6333574
H,2,val,857621,1,0.73687303
H,2,val,859236,0,0.48253512
H,2,val,867398,0,0.56586254
H,2,val,867481,0,0.46051458
H,2,val,868318,0,0.30311412
H,2,val,873206,1,0.88671213
H,2,val,875241,1,0.6557161
H,2,val,876098,1,0.26776764
H,2,val,877486,1,0.35982037
H,2,val,880466,1,0.7247902
H,2,val,885222,0,0.57755464
H,2,val,898035,1,0.5551759
H,2,val,899067,0,0.4108786
H,2,val,899206,1,1.137852
H,2,val,899668,1,0.6466866
H,2,val,903654,1,0.6350618
H,2,val,935158,1,0.9215517
H,2,val,953310,1,1.044195
H,2,val,953656,0,0.5849796
H,2,val,957325,1,0.7131371
H,2,val,959771,1,1.0698974
H,2,val,960726,0,0.2189441
H,2,val,961563,0,0.3864224
H,2,val,962643,1,0.5989915
H,2,val,963182,1,0.6552411
H,2,val,963540,1,0.6680972
H,2,val,967064,1,0.40493035
H,2,val,972111,0,0.16328752
H,2,val,975370,0,0.90802026
H,2,val,976220,1,0.97493327
H,2,val,978990,0,0.4691804
H,2,val,982055,0,0.35494497
H,2,val,982477,0,0.36361277
H,2,val,982545,1,0.58405775
H,2,val,983856,1,1.1680092
H,2,val,983916,1,0.39711267
H,2,val,985152,1,0.3841291
H,2,val,987657,1,0.9617897
H,2,val,988590,1,0.74945813
H,2,val,989038,1,0.99286246
H,2,val,990510,1,1.0972657
H,2,val,991790,1,0.7673907
H,2,val,993731,1,0.8390057
H,2,val,994160,1,1.1263082
H,2,val,994960,0,0.36579973
H,2,val,995346,0,0.7460773
H,2,val,1000434,1,0.52015775
H,2,val,1002373,1,0.8762349
H,2,val,1002968,1,1.0537632
H,2,val,1005095,1,0.36049846
H,2,val,1006489,0,0.7205593
H,2,val,1013371,1,0.3350311
H,2,val,1021541,1,0.35044184
H,2,val,1030940,1,0.57591563
H,2,val,1033938,0,0.54937947
H,2,val,1036745,1,0.7461555
H,2,val,1040848,0,0.6907771
H,2,val,1042457,0,0.33608294
H,2,val,1048580,1,0.65282637
H,2,val,1049886,1,1.0461831
H,2,val,1050525,1,0.9157251
H,2,val,1056454,1,0.6076126
H,2,val,1057961,0,0.695685
H,2,val,1058939,1,0.5999464
H,2,val,1058965,1,0.88873017
H,2,val,1061023,1,0.9813621
H,2,val,1065129,1,0.6409222
H,2,val,1068977,0,0.45227414
H,2,val,1069003,0,0.47810832
H,2,val,1071801,0,0.37616336
H,2,val,1073471,1,0.80904716
H,2,val,1073751,1,0.36599144
H,2,val,1073787,1,0.75985235
H,2,val,1074093,1,0.5635198
H,2,val,1075990,0,0.14968571
H,2,val,1076383,1,0.48192072
H,2,val,1077013,1,0.618005
H,2,val,1078392,1,0.5478647
H,2,val,1079219,0,0.06739378
H,2,val,1079586,0,0.33391652
H,2,val,1079656,1,0.37807417
H,2,val,1079923,0,0.17940399
H,2,val,1080470,1,0.0013472438
H,2,val,1081738,1,0.80429715
H,2,val,1082124,1,0.6859071
H,2,val,1084347,0,0.9079494
H,2,val,1085496,1,0.67654556
H,2,val,1087391,0,0.26156375
H,2,val,1087667,1,0.91348
H,2,val,1087796,0,0.30157667
H,2,val,1088918,1,0.69112635
H,2,val,1089436,0,0.6054616
H,2,val,1089796,1,0.9003422
H,2,val,1090438,1,1.1476626
H,2,val,1090543,1,0.5234556
H,2,val,1092437,1,0.79903924
H,2,val,1092848,1,0.46510023
H,2,val,1092889,1,0.813851
H,2,val,1092948,1,0.6696154
H,2,val,1093743,0,0.10552615
H,2,val,1093823,1,0.84268755
H,2,val,1094730,0,0.4559619
H,2,val,1097465,1,0.8100593
H,2,val,1097474,1,0.9461713
H,2,val,1098204,1,0.8880463
H,2,val,1099234,1,0.7671037
H,2,val,1099979,0,0.38600746
H,2,val,1101522,0,0.56512517
H,2,val,1102276,1,0.6832147
H,2,val,1102856,1,0.25789315
H,2,val,1103434,0,0.5531082
H,2,val,1103891,1,0.4482875
H,2,val,1104649,1,0.91249144
H,2,val,1105121,0,0.21408176
H,2,val,1105241,0,0.34738442
H,2,val,1105299,0,0.4727376
H,2,val,1105715,1,0.7168286
H,2,val,1107359,1,0.72637874
H,2,val,1107910,1,0.75878125
H,2,val,1109280,1,0.86690366
H,2,val,1109782,1,0.53507406
H,2,val,1111153,0,0.36520928
H,2,val,1111157,0,0.9129096
H,2,val,1111426,0,0.4972775
H,2,val,1111513,1,1.0285327
H,2,val,1111920,1,0.78113216
H,2,val,1112811,1,1.0404847
H,2,val,1113155,0,0.60077256
H,2,val,1113398,1,0.45996973
H,2,val,1115212,1,0.70507014
H,2,val,1115427,1,0.5798311
H,2,val,1116007,0,0.26766118
H,2,val,1116601,0,0.42076093
H,2,val,1116926,1,0.92192733
H,2,val,1117576,0,0.5779071
H,2,val,1117714,1,0.47513878
H,2,val,1117752,1,0.56306833
H,2,val,1117975,1,0.82323956
H,2,val,1118436,1,1.0115294
H,2,val,1118542,0,0.3953789
H,2,val,1118849,1,0.6587523
H,2,val,1119248,1,1.0687373
H,2,val,1119520,0,0.36523706
H,2,val,1119526,1,0.5248033
H,2,val,1119652,1,0.72705704
H,2,val,1119666,1,0.7933091
H,2,val,1119802,1,0.8448391
H,2,val,1119855,0,0.47972435
H,2,val,1120326,1,0.44022506
H,2,val,1120436,0,0.38284513
H,2,val,1120645,0,0.14032444
H,2,val,1120684,0,0.518666
H,2,val,1120869,0,0.46331006
H,2,val,1121493,0,0.49397922
H,2,val,1121705,1,1.0613924
H,2,val,1121914,1,0.9857266
H,2,val,1122025,1,0.20970154
H,2,val,1122057,0,0.41322988
H,2,val,1122513,1,0.402224
H,2,val,1123015,0,0.4086787
H,2,val,1123071,1,0.6613869
H,2,val,1124095,1,0.6448895
H,2,val,1125442,1,0.8024384
H,2,val,1127285,0,0.59941405
H,2,val,1127560,1,0.9888059
H,2,val,1128117,1,0.9660423
H,2,val,1128350,1,0.4894225
H,2,val,1129711,0,0.5730855
H,2,val,1129961,0,0.38176212
H,2,val,1131906,1,1.0836511
H,2,val,1132251,1,0.5194136
H,2,val,1132255,0,0.55708456
H,2,val,1132760,0,0.64294636
H,2,val,1133011,0,0.73408157
H,2,val,1133607,1,0.8685887
H,2,val,1134095,1,0.69974
H,2,val,1134921,1,0.5566364
H,2,val,1135094,0,0.53833145
H,2,val,1135191,0,0.43550754
H,2,val,1136524,0,0.43862253
H,2,val,1136723,0,0.33294848
H,2,val,1136790,1,0.6609348
H,2,val,1136946,0,0.2886172
H,2,val,1136981,1,1.0442917
H,2,val,1137743,1,0.9401368
H,2,val,1137897,1,0.81710076
H,2,val,1138757,1,0.48829252
H,2,val,1139275,1,0.89115644
H,2,val,1140239,1,0.5468472
H,2,val,1141115,1,1.1834242
H,2,val,1141596,0,0.6672847
H,2,val,1142051,1,0.66291386
H,2,val,1142643,1,0.7157724
H,2,val,1142724,0,0.43747425
H,2,val,1143116,0,0.33536497
H,2,val,1143964,1,0.7419624
H,2,val,1144198,1,0.8138714
H,2,val,1144614,1,0.74059904
H,2,val,1145385,0,0.6745619
H,2,val,1145450,0,0.6245595
H,2,val,1145704,1,0.8853774
H,2,val,1146057,0,0.11383742
H,2,val,1146465,0,0.42367482
H,2,val,1146999,1,0.6030246
H,2,val,1147005,0,0.32770374
H,2,val,1147122,1,0.90638936
H,2,val,1147843,1,1.0312562
H,2,val,1148270,0,0.42330265
H,2,val,1149196,0,0.6483502
H,2,val,1149831,1,0.9833329
H,2,val,1149904,0,0.57796425
H,2,val,1150324,0,0.47248694
H,2,val,1150911,0,0.4051573
H,2,val,1151371,1,1.0839062
H,2,val,1151387,0,0.6149739
H,2,val,1151393,1,0.7937461
H,2,val,1151510,0,0.24875668
H,2,val,1152877,0,0.34493038
H,2,val,1153056,1,0.7123967
H,2,val,1153155,1,0.7346606
H,2,val,1153931,1,0.7721464
H,2,val,1155546,1,0.7050039
H,2,val,1155802,1,0.7389269
H,2,val,1156057,0,0.71711993
H,2,val,1156739,1,0.82669526
H,2,val,1156847,1,0.7401636
H,2,val,1156904,1,0.6211441
H,2,val,1157181,1,1.0401971
H,2,val,1205869,1,0.8271849
H,2,val,1205937,0,0.5137677
H,2,val,1206010,0,0.7712965
H,2,val,1206766,1,0.37919387
H,2,val,1207435,1,0.91590774
H,2,val,1207793,1,0.4050306
H,2,val,1207923,1,1.141242
H,2,val,1208350,1,0.82524
H,2,val,1208880,1,0.5943965
H,2,val,1209469,1,0.8659307
H,2,val,1209502,0,0.25583303
H,2,val,1209699,0,0.8881969
H,2,val,1210123,0,0.53382295
H,2,val,1210315,0,0.20164636
H,2,val,1211177,1,0.6063996
H,2,val,1211297,1,0.7040094
H,2,val,1211321,1,0.65602386
H,2,val,1211878,1,0.86685795
H,2,val,1212103,1,0.59538347
H,2,val,1212313,0,0.39636165
H,2,val,1212354,0,0.5122156
H,2,val,1212394,1,0.3336353
H,2,val,1212797,1,0.8584433
H,2,val,1213174,1,0.42092496
H,2,val,1213716,1,0.99317396
H,2,val,1213929,1,0.7222787
H,2,val,1214506,1,0.8699206
H,2,val,1215252,0,0.22718209
H,2,val,1215332,0,0.14147833
H,2,val,1215381,0,0.74447644
H,2,val,1215388,0,0.29440272
H,2,val,1215420,1,0.4806994
H,2,val,1215443,0,0.44436538
H,2,val,1215869,0,0.5412817
H,2,val,1216904,0,0.032375097
H,2,val,1217080,1,1.0751938
H,2,val,1217218,0,0.31003603
H,2,val,1217635,1,0.71412766
H,2,val,1217769,1,0.6214793
H,2,val,1218335,1,0.89457864
H,2,val,1218829,1,0.8429494
H,2,val,1219765,1,0.88378274
H,2,val,1219935,1,1.1140554
H,2,val,1220475,0,0.22275761
H,2,val,1220500,1,0.84230304
H,2,val,1220605,1,0.9337748
H,2,val,1220959,1,0.6678467
H,2,val,1221268,1,0.47820228
H,2,val,1221554,0,0.6566462
H,2,val,1221883,0,0.32476148
H,2,val,1222037,1,0.60539585
H,2,val,1223272,1,0.84713805
H,2,val,1223459,1,0.8927555
H,2,val,1223585,1,0.60772943
H,2,val,1223773,1,0.9025111
H,2,val,1223866,1,0.56303585
H,2,val,1223969,1,0.78362715
H,2,val,1224121,0,0.26382315
H,2,val,1224698,0,0.57533807
H,2,val,1225046,0,0.6615043
H,2,val,1225751,1,0.6356048
H,2,val,1225914,0,0.28800765
H,2,val,1226824,0,0.49952352
H,2,val,1227195,1,1.1708156
H,2,val,1228020,1,0.8546219
H,2,val,1228509,1,0.96857035
H,2,val,1228820,0,0.29797447
H,2,val,1229766,1,1.2653502
H,2,val,1229837,0,0.30398571
H,2,val,1229860,1,0.7388745
H,2,val,1229920,1,0.7400288
H,2,val,1230241,1,0.8133849
H,2,val,1230259,1,0.60761136
H,2,val,1230724,1,0.51543945
H,2,val,1230781,0,0.07339394
H,2,val,1230810,1,0.6547665
H,2,val,1231114,1,1.0254335
H,2,val,1231343,1,1.0305946
H,2,val,1231638,1,0.8375258
H,2,val,1232033,0,0.37270162
H,2,val,1232188,1,0.7979908
H,2,val,1232333,1,0.8138137
H,2,val,1233203,1,0.82809615
H,2,val,1233777,1,1.0612246
H,2,val,1233962,0,0.43184862
H,2,val,1233970,1,0.64701504
H,2,val,1234198,0,0.043142855
H,2,val,1235172,0,0.681349
H,2,val,1235254,0,0.28059515
H,2,val,1235265,1,0.55012906
H,2,val,1235697,1,0.6345447
H,2,val,1236071,1,0.66083235
H,2,val,1236083,0,0.45353538
H,2,val,1236734,1,0.3068757
H,2,val,1237352,1,0.48614866
H,2,val,1237367,1,0.63082826
H,2,val,1237508,1,0.45111647
H,2,val,1237839,0,0.2562392
H,2,val,1237971,1,0.69504756
H,2,val,1238001,0,0.30144173
H,2,val,1238292,0,0.5607328
H,2,val,1239029,1,0.6751959
H,2,val,1239095,1,0.87714916
H,2,val,1239127,0,0.9043211
H,2,val,1239331,1,0.62703323
H,2,val,1239701,0,0.681465
H,2,val,1239881,1,0.8404336
H,2,val,1240282,0,0.25941885
H,2,val,1240710,1,0.63936985
H,2,val,1241104,0,0.18421373
H,2,val,1241185,0,0.49893165
H,2,val,1242267,1,0.7317166
H,2,val,1242283,0,0.36213765
H,2,val,1243098,1,0.7752335
H,2,val,1243427,1,0.25317684
H,2,val,1243514,1,1.449127
H,2,val,1243942,1,0.92318857
H,2,val,1244606,1,0.7780134
H,2,val,1244680,1,0.6639374
H,2,val,1245566,1,0.33780482
H,2,val,1245696,1,0.65691364
H,2,val,1246095,1,0.66534084
H,2,val,1246508,0,0.21389344
H,2,test,17109,1,0.56428796
H,2,test,22019,0,0.22857612
H,2,test,30603,1,0.62793034
H,2,test,36502,0,0.3250648
H,2,test,42908,1,0.78085023
H,2,test,52327,1,1.1487539
H,2,test,52609,1,0.75741535
H,2,test,54828,1,1.2303205
H,2,test,61867,0,0.3982936
H,2,test,63449,0,0.38529798
H,2,test,65596,0,0.42794454
H,2,test,68483,1,0.67074436
H,2,test,70693,0,0.6263881
H,2,test,74146,0,0.6669958
H,2,test,85978,1,0.514482
H,2,test,86305,1,0.80631506
H,2,test,86310,1,0.6064484
H,2,test,91934,0,0.3630057
H,2,test,93011,0,0.41908306
H,2,test,98629,1,0.3455987
H,2,test,102312,1,0.8436692
H,2,test,105772,1,1.2258306
H,2,test,108509,1,0.5205034
H,2,test,113763,0,0.59724015
H,2,test,121544,1,0.64291096
H,2,test,132583,0,0.35744458
H,2,test,143353,1,0.7421802
H,2,test,144004,0,0.38057053
H,2,test,157463,1,0.72970545
H,2,test,160103,1,0.66851586
H,2,test,160197,1,0.479922
H,2,test,163423,1,0.8439617
H,2,test,164362,1,0.36231333
H,2,test,165324,0,0.27020636
H,2,test,166451,1,0.7959805
H,2,test,167707,1,0.7562996
H,2,test,180001,0,0.21671987
H,2,test,181034,1,0.7993638
H,2,test,182595,0,0.5166542
H,2,test,183219,0,0.7116426
H,2,test,184704,0,0.38314503
H,2,test,190049,1,0.43583047
H,2,test,203461,1,0.56038684
H,2,test,208652,1,0.60907626
H,2,test,216589,1,0.76861715
H,2,test,218529,1,0.92307323
H,2,test,220792,0,0.5126214
H,2,test,223651,1,0.5407891
H,2,test,229959,1,0.97875917
H,2,test,234398,0,0.29757866
H,2,test,234471,0,0.18398497
H,2,test,240229,0,0.30012712
H,2,test,250983,0,0.7513766
H,2,test,252362,0,0.56991136
H,2,test,271298,0,0.5395344
H,2,test,274179,0,1.1054251
H,2,test,275882,1,0.8827226
H,2,test,278098,0,0.47179013
H,2,test,278230,0,0.38545355
H,2,test,278485,0,0.33398533
H,2,test,285173,1,0.61800754
H,2,test,288581,1,0.5615632
H,2,test,293811,0,0.6046589
H,2,test,304034,0,0.1878523
H,2,test,309162,1,1.1785833
H,2,test,309228,1,0.7364409
H,2,test,315569,1,0.8832109
H,2,test,325318,0,0.7783884
H,2,test,327943,1,0.798474
H,2,test,335403,0,0.40200824
H,2,test,345895,1,0.9577824
H,2,test,350707,0,0.47802103
H,2,test,353416,1,0.5342288
H,2,test,354035,1,0.4045089
H,2,test,360745,1,0.79108924
H,2,test,367686,0,0.49150932
H,2,test,369915,1,0.819112
H,2,test,372332,1,0.6500385
H,2,test,374203,0,0.46284005
H,2,test,376880,1,0.8735743
H,2,test,377217,1,0.6028248
H,2,test,383626,1,0.7523223
H,2,test,384429,0,0.55897987
H,2,test,391348,0,0.5432841
H,2,test,398295,0,0.3389753
H,2,test,398592,1,0.8259673
H,2,test,400980,1,0.9470588
H,2,test,403399,0,0.43952537
H,2,test,405843,1,1.1185437
H,2,test,409579,1,0.41638047
H,2,test,410795,1,0.62719953
H,2,test,412716,1,0.97896624
H,2,test,419522,1,0.70052403
H,2,test,432045,0,-0.3093965
H,2,test,432782,0,0.7029809
H,2,test,433303,1,0.7397059
H,2,test,438187,1,0.90450746
H,2,test,442019,0,0.6854497
H,2,test,442797,1,0.813924
H,2,test,442895,1,0.90352523
H,2,test,443207,1,0.8349309
H,2,test,443610,0,0.75781435
H,2,test,445318,0,0.4473113
H,2,test,451415,1,0.5284836
H,2,test,460422,1,0.5560879
H,2,test,460580,1,0.6149178
H,2,test,463375,1,0.75687975
H,2,test,465763,1,0.94167113
H,2,test,468342,1,0.72137135
H,2,test,469078,1,0.56629384
H,2,test,476977,1,0.62960947
H,2,test,477285,1,0.4410137
H,2,test,486523,0,0.4613247
H,2,test,488255,0,0.31795728
H,2,test,490630,1,0.6453602
H,2,test,492132,0,0.4341662
H,2,test,492492,0,0.562766
H,2,test,507011,1,0.5495249
H,2,test,508867,1,0.6596721
H,2,test,511417,1,0.7379202
H,2,test,512053,1,0.8292375
H,2,test,512180,1,0.7778197
H,2,test,515887,1,0.5754333
H,2,test,516493,0,0.5036898
H,2,test,525973,0,0.55144656
H,2,test,529750,0,0.15502292
H,2,test,536935,1,0.51720196
H,2,test,549363,0,0.32688957
H,2,test,552901,1,0.9024403
H,2,test,555492,0,0.48925868
H,2,test,559178,1,0.6683028
H,2,test,565908,0,0.5253606
H,2,test,575773,1,0.8052896
H,2,test,580587,0,0.25231457
H,2,test,581598,1,0.92344284
H,2,test,588986,1,0.9399127
H,2,test,589857,0,0.36581647
H,2,test,591051,1,0.57860523
H,2,test,592121,0,0.59554785
H,2,test,592548,0,0.34012187
H,2,test,595954,1,0.6793705
H,2,test,596445,0,0.36763468
H,2,test,602165,1,0.61993533
H,2,test,604557,1,0.60081804
H,2,test,605762,0,0.2253364
H,2,test,607813,0,0.21900076
H,2,test,610488,0,0.5966987
H,2,test,611309,0,0.5809049
H,2,test,615384,1,0.93412304
H,2,test,617695,0,0.31629902
H,2,test,618335,1,0.8372391
H,2,test,624692,1,0.70995593
H,2,test,626615,0,0.55307126
H,2,test,627587,1,1.0971854
H,2,test,628861,1,0.42602968
H,2,test,644091,1,0.94963807
H,2,test,644443,1,0.97142273
H,2,test,647436,0,0.516318
H,2,test,650259,0,0.4246812
H,2,test,657738,0,0.6469936
H,2,test,660164,1,0.5273186
H,2,test,660433,0,0.6038703
H,2,test,663130,1,0.6610889
H,2,test,663548,1,0.40304884
H,2,test,665050,1,0.44553065
H,2,test,665220,1,0.6545267
H,2,test,671576,0,0.21797326
H,2,test,672172,1,0.7266113
H,2,test,677259,0,0.32797754
H,2,test,681120,1,0.6971803
H,2,test,684963,1,0.81902254
H,2,test,687171,1,0.6403794
H,2,test,690734,0,0.19428357
H,2,test,693326,1,0.7599563
H,2,test,696029,0,0.72743505
H,2,test,699877,0,0.56487364
H,2,test,701498,1,0.7225646
H,2,test,702078,0,0.3433773
H,2,test,702801,0,0.32687625
H,2,test,704059,0,0.78245395
H,2,test,704101,1,0.30289942
H,2,test,709805,1,0.811382
H,2,test,711782,1,0.8600711
H,2,test,711787,1,0.76898587
H,2,test,712016,1,0.72714114
H,2,test,714764,0,0.7671569
H,2,test,715221,1,0.4457137
H,2,test,723474,0,0.18727806
H,2,test,726409,0,0.64302605
H,2,test,726499,0,0.3242606
H,2,test,740043,1,0.7212225
H,2,test,742847,0,0.61636364
H,2,test,743605,1,0.4447106
H,2,test,747584,1,0.69965243
H,2,test,750881,0,0.49001813
H,2,test,751252,0,0.5932185
H,2,test,755294,1,0.82674754
H,2,test,780355,1,0.7394049
H,2,test,789437,1,0.7482776
H,2,test,803706,1,0.54796493
H,2,test,806762,0,0.3482382
H,2,test,808258,0,0.2516509
H,2,test,809234,1,0.70346814
H,2,test,818267,1,0.82272136
H,2,test,829142,1,0.99659467
H,2,test,835463,1,0.75338
H,2,test,839278,1,0.647347
H,2,test,841534,0,0.5689023
H,2,test,841748,1,0.7174092
H,2,test,844964,0,0.6715995
H,2,test,851163,1,0.8435316
H,2,test,851639,1,0.7125956
H,2,test,854069,1,0.6891717
H,2,test,855223,1,0.85249746
H,2,test,857435,1,0.63496846
H,2,test,860381,0,0.18754637
H,2,test,861607,0,0.5158377
H,2,test,872844,1,0.9689349
H,2,test,877831,0,0.29238158
H,2,test,878721,0,0.77349997
H,2,test,882885,1,0.80284035
H,2,test,883112,1,0.86007357
H,2,test,883479,0,0.7152165
H,2,test,885394,1,0.67621875
H,2,test,899469,1,0.8787348
H,2,test,900762,1,0.7193783
H,2,test,900957,1,0.98041004
H,2,test,924232,0,0.3975336
H,2,test,934409,0,0.5462515
H,2,test,941626,1,0.44340506
H,2,test,947197,1,0.59688145
H,2,test,951246,0,0.08438647
H,2,test,954440,1,0.73984253
H,2,test,956387,1,0.22613907
H,2,test,963985,1,0.99937654
H,2,test,966701,0,0.42439157
H,2,test,968655,0,0.2201362
H,2,test,976523,1,0.83332586
H,2,test,977714,1,0.8993641
H,2,test,979369,1,0.9535165
H,2,test,980871,1,0.8913689
H,2,test,981562,0,0.66490775
H,2,test,986260,1,0.7016014
H,2,test,986510,1,0.6612613
H,2,test,989331,1,0.8358878
H,2,test,991197,0,0.5912886
H,2,test,991829,1,0.48920098
H,2,test,993100,1,0.9075505
H,2,test,993602,1,0.7287055
H,2,test,995694,1,0.61705554
H,2,test,996219,0,0.25222498
H,2,test,996551,0,0.45593807
H,2,test,1000725,1,0.5900853
H,2,test,1001535,1,0.6377278
H,2,test,1003409,1,0.71870553
H,2,test,1005121,1,1.0194602
H,2,test,1005171,1,0.92174804
H,2,test,1005619,1,0.6757547
H,2,test,1007363,0,0.63775766
H,2,test,1058429,1,0.81733876
H,2,test,1061584,1,0.4155272
H,2,test,1062066,0,0.57951164
H,2,test,1066534,1,0.6464549
H,2,test,1067041,1,1.1851606
H,2,test,1067177,1,0.548438
H,2,test,1068069,1,0.727136
H,2,test,1068151,0,0.38764396
H,2,test,1068390,1,0.6902894
H,2,test,1068426,1,0.8554615
H,2,test,1068928,0,0.63032615
H,2,test,1069432,1,0.9220289
H,2,test,1069948,1,0.9778962
H,2,test,1070002,1,0.3990249
H,2,test,1070070,1,0.75849396
H,2,test,1070173,1,1.0233276
H,2,test,1071053,0,0.36841932
H,2,test,1071949,1,0.42369294
H,2,test,1072395,1,0.7574435
H,2,test,1073214,1,0.7185668
H,2,test,1073232,0,0.55766565
H,2,test,1073268,1,0.5641281
H,2,test,1073839,0,0.45478928
H,2,test,1074312,0,0.49293482
H,2,test,1074427,1,0.6159079
H,2,test,1074571,1,0.5397367
H,2,test,1074753,0,0.41030484
H,2,test,1075228,1,1.1487452
H,2,test,1075404,1,0.9477644
H,2,test,1075699,1,0.39411405
H,2,test,1077606,1,0.82092184
H,2,test,1079282,1,0.7273384
H,2,test,1081059,1,0.39886147
H,2,test,1081377,0,0.10789579
H,2,test,1081798,0,0.26955536
H,2,test,1082290,0,0.54363215
H,2,test,1082987,0,0.1592175
H,2,test,1084214,1,0.84861976
H,2,test,1084630,1,0.94263285
H,2,test,1085216,0,0.110419095
H,2,test,1086129,1,0.61834645
H,2,test,1086243,1,0.81793314
H,2,test,1086770,1,0.9676591
H,2,test,1086772,1,0.7147488
H,2,test,1087850,0,0.4565939
H,2,test,1089310,0,0.7056872
H,2,test,1089629,0,0.6408507
H,2,test,1091748,1,1.2963643
H,2,test,1093139,0,0.5354363
H,2,test,1093650,1,1.0684812
H,2,test,1094011,1,0.5712885
H,2,test,1094046,1,0.70389646
H,2,test,1094897,1,0.89290476
H,2,test,1095869,1,0.9200829
H,2,test,1095940,1,1.0608823
H,2,test,1096850,1,0.65512145
H,2,test,1096858,1,0.74108595
H,2,test,1098886,1,0.97570574
H,2,test,1103930,1,0.59383714
H,2,test,1104113,1,0.5984624
H,2,test,1104452,1,0.8723376
H,2,test,1104592,1,0.6305275
H,2,test,1105198,0,0.674372
H,2,test,1105837,1,0.7478659
H,2,test,1106300,1,0.592923
H,2,test,1106596,0,0.4489193
H,2,test,1107096,1,0.8133411
H,2,test,1107291,0,0.34470683
H,2,test,1107631,1,1.163008
H,2,test,1108050,1,1.0248871
H,2,test,1109506,1,0.75919956
H,2,test,1109526,1,0.6913197
H,2,test,1109598,1,1.228688
H,2,test,1109983,1,0.7009617
H,2,test,1111098,1,0.86278147
H,2,test,1111860,1,0.80245245
H,2,test,1113294,1,0.8686323
H,2,test,1113365,1,0.6487271
H,2,test,1113808,0,0.2753685
H,2,test,1115713,1,0.7536537
H,2,test,1116144,1,0.9672959
H,2,test,1116479,0,0.4779061
H,2,test,1116580,1,0.7145214
H,2,test,1117063,0,0.44115707
H,2,test,1117243,1,0.7887607
H,2,test,1117669,0,0.30407336
H,2,test,1117701,1,0.86175203
H,2,test,1117869,1,0.9345778
H,2,test,1118191,1,0.7887194
H,2,test,1118291,0,0.25867215
H,2,test,1118398,1,0.50199395
H,2,test,1118511,1,0.6968173
H,2,test,1118641,0,0.08356595
H,2,test,1119092,1,0.4599167
H,2,test,1119930,1,0.90702677
H,2,test,1120836,1,0.8384913
H,2,test,1121365,1,0.88673884
H,2,test,1121559,1,0.99654424
H,2,test,1121672,1,0.5385702
H,2,test,1121736,0,0.51842254
H,2,test,1121795,1,0.6076744
H,2,test,1121927,1,0.7747605
H,2,test,1122004,0,0.15894863
H,2,test,1122185,1,0.76889294
H,2,test,1122658,1,0.5060847
H,2,test,1122760,0,0.385437
H,2,test,1123435,1,0.6932524
H,2,test,1123551,0,0.3373643
H,2,test,1123858,0,0.41745648
H,2,test,1124152,0,0.72863847
H,2,test,1124180,0,0.29173312
H,2,test,1124482,1,0.648844
H,2,test,1126244,0,0.17577589
H,2,test,1126628,1,0.7855309
H,2,test,1126767,0,0.49759
H,2,test,1127029,0,0.51038563
H,2,test,1127812,1,0.49998802
H,2,test,1128467,1,0.6552309
H,2,test,1128811,0,0.6499435
H,2,test,1129353,0,0.4961779
H,2,test,1129383,1,0.5423955
H,2,test,1129401,1,0.44591728
H,2,test,1130020,1,0.8775302
H,2,test,1130043,1,0.7650671
H,2,test,1130495,1,0.20153785
H,2,test,1130530,0,0.61219287
H,2,test,1131124,1,0.69996285
H,2,test,1131656,1,0.9255249
H,2,test,1132058,1,0.59466714
H,2,test,1132465,1,0.7368592
H,2,test,1132886,0,1.0748093
H,2,test,1133211,1,0.15845466
H,2,test,1134193,1,0.7913363
H,2,test,1134339,0,0.3153135
H,2,test,1135004,0,0.37571955
H,2,test,1136675,1,0.7287749
H,2,test,1136878,1,0.69348407
H,2,test,1137456,0,0.87100714
H,2,test,1137818,1,0.56953806
H,2,test,1138670,1,0.56337905
H,2,test,1138681,1,0.5361221
H,2,test,1138864,1,0.4810651
H,2,test,1140316,1,0.8758464
H,2,test,1142126,0,0.331224
H,2,test,1142188,1,0.77282536
H,2,test,1144028,0,0.6755275
H,2,test,1144147,0,0.4058525
H,2,test,1144488,1,0.67891616
H,2,test,1144757,1,0.6937051
H,2,test,1145720,0,0.8250359
H,2,test,1146563,0,0.56053877
H,2,test,1146584,1,0.7997706
H,2,test,1148113,1,0.36566484
H,2,test,1148157,1,0.9717915
H,2,test,1148282,1,0.70582765
H,2,test,1148607,1,0.7845484
H,2,test,1148756,1,0.57029223
H,2,test,1148957,1,0.8846791
H,2,test,1149553,1,0.83909464
H,2,test,1149963,1,0.6155586
H,2,test,1150067,1,0.81356144
H,2,test,1150178,1,0.7739204
H,2,test,1151052,0,0.5330918
H,2,test,1151422,1,0.8813844
H,2,test,1151513,1,0.53594536
H,2,test,1151818,0,0.2688957
H,2,test,1152700,1,0.75701725
H,2,test,1152707,0,0.89769435
H,2,test,1153263,0,0.30808485
H,2,test,1153649,0,0.671238
H,2,test,1153914,1,0.7717072
H,2,test,1154191,1,1.0394958
H,2,test,1154313,1,0.80187947
H,2,test,1154712,1,0.8016296
H,2,test,1155176,1,0.9158647
H,2,test,1155575,1,0.6634723
H,2,test,1156251,1,0.53189075
H,2,test,1156386,1,0.84974223
H,2,test,1156786,1,0.5155992
H,2,test,1156887,1,0.61482716
H,2,test,1158961,1,1.0976908
H,2,test,1205766,1,0.8895032
H,2,test,1205889,1,0.8587733
H,2,test,1206310,1,0.5386505
H,2,test,1207017,1,0.75978726
H,2,test,1207116,1,1.0759494
H,2,test,1207484,0,0.5273554
H,2,test,1207861,1,1.3589797
H,2,test,1207963,1,0.55312556
H,2,test,1208561,1,1.0092864
H,2,test,1208898,1,0.82981944
H,2,test,1209022,1,0.6387954
H,2,test,1209496,0,0.36049795
H,2,test,1210080,0,0.5463212
H,2,test,1210100,0,0.12241554
H,2,test,1210485,1,0.7394274
H,2,test,1210639,1,0.92883706
H,2,test,1210786,0,0.22537652
H,2,test,1210809,1,0.9065255
H,2,test,1211001,1,0.82623273
H,2,test,1211380,1,0.79236114
H,2,test,1212066,0,0.4692924
H,2,test,1212451,0,0.28557003
H,2,test,1212582,1,0.8421601
H,2,test,1213071,1,0.42498475
H,2,test,1213526,1,0.8733665
H,2,test,1214739,0,0.36664614
H,2,test,1214832,0,0.3100534
H,2,test,1215142,0,0.446299
H,2,test,1215607,0,0.49909294
H,2,test,1216041,1,0.5659887
H,2,test,1216045,1,0.4733249
H,2,test,1216704,1,0.6810353
H,2,test,1216776,1,0.5663825
H,2,test,1217243,1,0.6060162
H,2,test,1218194,1,0.5319255
H,2,test,1218554,1,1.0198121
H,2,test,1218673,1,0.7121586
H,2,test,1219597,0,0.52110493
H,2,test,1219877,1,0.669858
H,2,test,1220226,0,0.32453784
H,2,test,1220426,0,0.54024476
H,2,test,1220526,1,0.60580873
H,2,test,1220699,1,0.582049
H,2,test,1220702,0,0.4131037
H,2,test,1220802,1,1.1130581
H,2,test,1220833,1,0.7652259
H,2,test,1220875,0,0.4285347
H,2,test,1221102,0,0.6338605
H,2,test,1221236,1,0.65740144
H,2,test,1221707,0,0.46334946
H,2,test,1222369,0,0.6579664
H,2,test,1222988,1,0.5641985
H,2,test,1223193,0,0.56014407
H,2,test,1223568,1,0.87315387
H,2,test,1223754,0,0.46556264
H,2,test,1224229,1,1.2088628
H,2,test,1224519,1,1.1414332
H,2,test,1224731,1,0.7623903
H,2,test,1225050,0,0.23142314
H,2,test,1225323,1,0.5453047
H,2,test,1225341,1,0.41276702
H,2,test,1225388,0,0.38321117
H,2,test,1225413,1,1.1010506
H,2,test,1225605,0,0.48852825
H,2,test,1226794,0,0.37503114
H,2,test,1226946,1,0.73395133
H,2,test,1227262,1,0.69867706
H,2,test,1227437,1,0.7645507
H,2,test,1227597,0,0.32680696
H,2,test,1227732,1,0.775417
H,2,test,1227755,1,1.0948005
H,2,test,1227765,1,1.108211
H,2,test,1228018,1,0.37747642
H,2,test,1228461,1,0.93815655
H,2,test,1228842,0,0.13792884
H,2,test,1229345,1,0.92712796
H,2,test,1229605,0,0.352206
H,2,test,1230051,1,0.84846467
H,2,test,1230374,1,0.9264014
H,2,test,1230384,0,0.67488766
H,2,test,1230408,1,0.64756507
H,2,test,1230574,0,0.5580828
H,2,test,1230712,0,0.7715842
H,2,test,1230855,0,0.25483853
H,2,test,1231339,0,0.3933615
H,2,test,1232028,0,0.15722793
H,2,test,1233241,0,0.69994324
H,2,test,1233508,1,0.63414645
H,2,test,1233527,1,0.57505095
H,2,test,1233621,0,0.6876961
H,2,test,1233632,1,0.6207314
H,2,test,1233791,1,0.5426811
H,2,test,1234521,0,0.36105686
H,2,test,1235863,1,0.58011305
H,2,test,1235882,0,0.27987593
H,2,test,1235914,0,0.2769103
H,2,test,1235985,1,0.70562005
H,2,test,1236656,0,0.55359477
H,2,test,1237272,1,0.5402612
H,2,test,1237647,0,0.3038676
H,2,test,1238245,1,0.6701461
H,2,test,1238297,0,0.6662138
H,2,test,1238348,0,0.57727283
H,2,test,1238457,1,0.66607684
H,2,test,1238537,0,0.6313456
H,2,test,1238550,1,0.9356058
H,2,test,1238559,1,0.985979
H,2,test,1238835,1,0.8692391
H,2,test,1238864,1,0.8069717
H,2,test,1238867,1,0.47505277
H,2,test,1238917,0,0.28769505
H,2,test,1238960,1,0.903666
H,2,test,1239042,1,0.3687685
H,2,test,1239079,1,0.59433687
H,2,test,1239224,1,0.53626806
H,2,test,1239283,1,0.44344768
H,2,test,1239427,1,0.78484714
H,2,test,1239611,1,0.70549107
H,2,test,1239907,1,0.6521291
H,2,test,1241318,1,0.25927338
H,2,test,1241362,1,0.90222347
H,2,test,1241625,0,0.50301087
H,2,test,1241779,1,0.60977
H,2,test,1242413,1,0.7686352
H,2,test,1242831,0,0.42484945
H,2,test,1243993,0,0.41216147
H,2,test,1244763,0,0.5304814
H,2,test,1244765,0,0.18805653
H,2,test,1245905,1,0.8923047
H,2,test,1245930,0,0.42659637
H,2,test,1246192,1,0.56005126
H,2,test,1246490,1,0.95381534
H,2,test,1246702,1,0.6881362
H_recording,2,val,12246,1,0.50618935
H_recording,2,val,15488,1,0.8999648
H_recording,2,val,16787,0,0.80334777
H_recording,2,val,20993,1,0.554368
H_recording,2,val,28836,1,0.61255825
H_recording,2,val,31619,1,0.63872635
H_recording,2,val,32089,0,0.64332736
H_recording,2,val,33225,1,0.52058536
H_recording,2,val,35136,1,0.725352
H_recording,2,val,38963,1,0.7193593
H_recording,2,val,43310,1,0.9117434
H_recording,2,val,45419,1,0.89115477
H_recording,2,val,62606,1,0.18216982
H_recording,2,val,64928,1,0.2708109
H_recording,2,val,66226,1,0.8127701
H_recording,2,val,68648,0,0.8893122
H_recording,2,val,86896,0,0.56010365
H_recording,2,val,88424,1,0.8046847
H_recording,2,val,93202,0,0.59241366
H_recording,2,val,95626,1,0.9763166
H_recording,2,val,100595,0,0.37288314
H_recording,2,val,112715,1,1.065672
H_recording,2,val,116182,1,0.36812338
H_recording,2,val,121258,1,0.3547882
H_recording,2,val,121744,1,0.8932557
H_recording,2,val,123208,1,0.87450117
H_recording,2,val,125059,1,0.6738403
H_recording,2,val,129040,1,0.71302086
H_recording,2,val,130832,1,0.6651561
H_recording,2,val,139693,0,0.43812022
H_recording,2,val,140328,0,0.7764225
H_recording,2,val,152430,1,0.6033261
H_recording,2,val,154147,1,1.2496452
H_recording,2,val,156299,1,1.1865721
H_recording,2,val,159617,1,0.9673228
H_recording,2,val,162979,1,1.0093563
H_recording,2,val,163659,1,0.50186706
H_recording,2,val,167183,1,0.8495478
H_recording,2,val,169449,1,1.0758818
H_recording,2,val,169727,0,0.58789235
H_recording,2,val,173162,0,0.47979504
H_recording,2,val,175032,0,0.37973964
H_recording,2,val,181466,0,0.73744553
H_recording,2,val,184874,1,0.77636313
H_recording,2,val,186257,0,0.46701843
H_recording,2,val,190187,0,1.0097358
H_recording,2,val,198213,1,0.70015365
H_recording,2,val,202039,0,0.33405226
H_recording,2,val,203640,1,0.9199542
H_recording,2,val,210361,1,0.7205937
H_recording,2,val,216010,1,0.76434135
H_recording,2,val,217013,0,0.701839
H_recording,2,val,219309,1,0.53082114
H_recording,2,val,226859,0,0.41824096
H_recording,2,val,227399,0,0.5054434
H_recording,2,val,234696,1,0.47427726
H_recording,2,val,245427,1,0.8400442
H_recording,2,val,248666,1,0.6895887
H_recording,2,val,255374,0,0.32388264
H_recording,2,val,271883,1,0.84349793
H_recording,2,val,274322,1,0.79660773
H_recording,2,val,274345,0,0.22278059
H_recording,2,val,274563,1,0.7499301
H_recording,2,val,277012,1,0.6322256
H_recording,2,val,278134,1,0.82512164
H_recording,2,val,282212,1,0.53171194
H_recording,2,val,285801,1,0.67006147
H_recording,2,val,290944,0,0.22852701
H_recording,2,val,305034,0,0.09870458
H_recording,2,val,306770,0,0.56547374
H_recording,2,val,308426,1,0.25879663
H_recording,2,val,310464,1,0.42002532
H_recording,2,val,310596,0,0.27166113
H_recording,2,val,311547,1,0.20182252
H_recording,2,val,311717,0,0.61311597
H_recording,2,val,312810,1,1.0072061
H_recording,2,val,313664,1,0.7244904
H_recording,2,val,319549,1,0.89315665
H_recording,2,val,324095,1,0.82401973
H_recording,2,val,331536,1,0.9300926
H_recording,2,val,332529,1,0.89631605
H_recording,2,val,337613,1,0.73998165
H_recording,2,val,338312,1,0.34318277
H_recording,2,val,345087,1,0.91413355
H_recording,2,val,345832,0,0.57663447
H_recording,2,val,348567,1,1.0576731
H_recording,2,val,348988,1,0.95528305
H_recording,2,val,352441,0,0.201318
H_recording,2,val,353886,0,0.3977695
H_recording,2,val,355783,0,0.4546774
H_recording,2,val,368436,1,0.69494843
H_recording,2,val,370843,1,0.91279256
H_recording,2,val,383287,0,0.44979823
H_recording,2,val,387760,1,0.8007369
H_recording,2,val,398520,1,0.67979604
H_recording,2,val,400416,0,0.37494895
H_recording,2,val,400944,1,0.57729226
H_recording,2,val,402364,0,0.006542027
H_recording,2,val,409952,1,1.0292097
H_recording,2,val,412024,1,0.6266865
H_recording,2,val,413554,1,1.0794334
H_recording,2,val,419138,0,0.27500635
H_recording,2,val,421493,0,0.18387938
H_recording,2,val,422674,1,0.57014656
H_recording,2,val,431921,0,0.4951126
H_recording,2,val,432168,1,0.7836758
H_recording,2,val,432540,1,0.6174093
H_recording,2,val,432906,1,0.8242693
H_recording,2,val,435436,0,0.6781243
H_recording,2,val,445545,1,0.7862143
H_recording,2,val,448027,0,0.25245818
H_recording,2,val,450155,1,1.1320184
H_recording,2,val,451844,1,1.0253693
H_recording,2,val,463298,1,0.6074599
H_recording,2,val,465401,1,0.8063996
H_recording,2,val,467821,0,0.12155855
H_recording,2,val,468086,1,0.92727894
H_recording,2,val,470865,1,0.55179596
H_recording,2,val,477981,1,0.87455213
H_recording,2,val,482448,0,0.6517423
H_recording,2,val,486901,0,0.69963664
H_recording,2,val,487515,1,0.7110116
H_recording,2,val,490818,1,1.0568377
H_recording,2,val,490962,1,0.9802526
H_recording,2,val,493534,0,0.5004182
H_recording,2,val,506609,1,0.9690846
H_recording,2,val,508572,1,0.9022494
H_recording,2,val,513568,0,0.54437065
H_recording,2,val,518232,1,0.27930844
H_recording,2,val,518961,1,0.8553178
H_recording,2,val,520017,0,0.17071763
H_recording,2,val,526518,0,0.23327383
H_recording,2,val,528647,1,1.0338728
H_recording,2,val,531193,0,0.035253823
H_recording,2,val,531462,1,0.76116997
H_recording,2,val,532148,1,0.9919398
H_recording,2,val,535178,1,0.78111005
H_recording,2,val,541544,1,0.43485457
H_recording,2,val,544153,1,0.70518345
H_recording,2,val,545205,0,0.3645138
H_recording,2,val,547533,1,0.995476
H_recording,2,val,556177,0,0.48459452
H_recording,2,val,563033,0,0.8293952
H_recording,2,val,570135,0,0.82588875
H_recording,2,val,573425,1,0.91558456
H_recording,2,val,578084,0,0.69367087
H_recording,2,val,578406,1,1.0145292
H_recording,2,val,580750,0,0.37201142
H_recording,2,val,581298,1,0.6864665
H_recording,2,val,585465,1,0.52027494
H_recording,2,val,589139,1,0.94393045
H_recording,2,val,593504,1,1.0747995
H_recording,2,val,597579,1,0.98067397
H_recording,2,val,598821,0,0.15997064
H_recording,2,val,612720,1,1.0145223
H_recording,2,val,615119,1,1.0383348
H_recording,2,val,619649,1,0.44129774
H_recording,2,val,620975,1,0.66071904
H_recording,2,val,624977,0,0.5279341
H_recording,2,val,627036,1,0.89590746
H_recording,2,val,629729,1,0.783841
H_recording,2,val,644744,1,1.1416359
H_recording,2,val,651309,0,0.44849548
H_recording,2,val,653987,0,0.2718197
H_recording,2,val,657533,1,0.64416987
H_recording,2,val,660061,1,0.35613587
H_recording,2,val,660533,0,0.4515415
H_recording,2,val,661193,0,0.46084982
H_recording,2,val,673553,1,0.6151626
H_recording,2,val,677928,1,0.8785794
H_recording,2,val,681205,1,0.61295235
H_recording,2,val,681852,1,0.8479055
H_recording,2,val,682914,1,0.64959633
H_recording,2,val,686482,1,0.9156121
H_recording,2,val,689380,1,0.21002233
H_recording,2,val,690904,1,0.87533855
H_recording,2,val,695455,0,0.35497952
H_recording,2,val,697961,1,0.8093575
H_recording,2,val,700550,1,0.7175483
H_recording,2,val,704317,0,0.21744418
H_recording,2,val,705906,1,0.8004126
H_recording,2,val,707482,1,0.80932134
H_recording,2,val,707873,1,0.49944305
H_recording,2,val,714644,1,0.9886092
H_recording,2,val,715113,1,0.7415445
H_recording,2,val,718140,0,0.47482038
H_recording,2,val,719050,0,0.36204106
H_recording,2,val,719439,1,0.7447445
H_recording,2,val,726126,0,0.23273736
H_recording,2,val,726953,0,0.32152537
H_recording,2,val,738715,0,0.73714954
H_recording,2,val,743380,1,0.68377966
H_recording,2,val,744145,0,0.31045896
H_recording,2,val,745143,0,0.4732709
H_recording,2,val,745489,1,0.45932108
H_recording,2,val,746867,0,0.2184338
H_recording,2,val,747906,0,0.36534035
H_recording,2,val,749268,1,0.8825648
H_recording,2,val,752967,1,1.1112504
H_recording,2,val,752970,0,0.51716363
H_recording,2,val,755914,1,0.9254486
H_recording,2,val,757410,0,0.9216184
H_recording,2,val,765618,1,0.6236158
H_recording,2,val,766763,1,0.6972616
H_recording,2,val,767066,1,0.41365784
H_recording,2,val,769720,1,0.68804204
H_recording,2,val,770052,0,0.43668413
H_recording,2,val,803606,1,0.822401
H_recording,2,val,804052,1,0.6891527
H_recording,2,val,806326,0,0.4686381
H_recording,2,val,807529,0,0.6835102
H_recording,2,val,813769,0,0.40482464
H_recording,2,val,820530,1,0.8763393
H_recording,2,val,822633,1,0.35149762
H_recording,2,val,827739,0,0.14374483
H_recording,2,val,829943,1,0.7436517
H_recording,2,val,833210,1,0.7035808
H_recording,2,val,834130,0,0.25038242
H_recording,2,val,834393,0,0.28226998
H_recording,2,val,834446,1,0.8515389
H_recording,2,val,835833,1,0.81263316
H_recording,2,val,836931,1,1.0102192
H_recording,2,val,844104,1,0.27761444
H_recording,2,val,848723,1,0.4243453
H_recording,2,val,849297,1,0.6299695
H_recording,2,val,853842,1,0.7219304
H_recording,2,val,857171,1,0.4242844
H_recording,2,val,857521,0,0.5748862
H_recording,2,val,857621,1,0.6820862
H_recording,2,val,859236,0,0.4989679
H_recording,2,val,867398,0,0.515073
H_recording,2,val,867481,0,0.41672122
H_recording,2,val,868318,0,0.13329393
H_recording,2,val,873206,1,0.9428596
H_recording,2,val,875241,1,0.7564754
H_recording,2,val,876098,1,0.28747934
H_recording,2,val,877486,1,0.32941288
H_recording,2,val,880466,1,0.7779844
H_recording,2,val,885222,0,0.58645415
H_recording,2,val,898035,1,0.6440601
H_recording,2,val,899067,0,0.53762746
H_recording,2,val,899206,1,1.0508702
H_recording,2,val,899668,1,0.6103234
H_recording,2,val,903654,1,0.7742975
H_recording,2,val,935158,1,0.99970305
H_recording,2,val,953310,1,1.0778122
H_recording,2,val,953656,0,0.5942649
H_recording,2,val,957325,1,0.5789874
H_recording,2,val,959771,1,1.124476
H_recording,2,val,960726,0,0.3417296
H_recording,2,val,961563,0,0.1669558
H_recording,2,val,962643,1,0.5307294
H_recording,2,val,963182,1,0.73019964
H_recording,2,val,963540,1,0.8532644
H_recording,2,val,967064,1,0.27475247
H_recording,2,val,972111,0,0.3555742
H_recording,2,val,975370,0,1.1723328
H_recording,2,val,976220,1,0.90648973
H_recording,2,val,978990,0,0.41556305
H_recording,2,val,982055,0,0.36751223
H_recording,2,val,982477,0,0.35206676
H_recording,2,val,982545,1,0.49662507
H_recording,2,val,983856,1,1.0402997
H_recording,2,val,983916,1,0.28067622
H_recording,2,val,985152,1,0.57326454
H_recording,2,val,987657,1,1.1442207
H_recording,2,val,988590,1,0.7505072
H_recording,2,val,989038,1,0.87820315
H_recording,2,val,990510,1,1.0688031
H_recording,2,val,991790,1,0.92104197
H_recording,2,val,993731,1,0.930254
H_recording,2,val,994160,1,1.0254288
H_recording,2,val,994960,0,0.20987833
H_recording,2,val,995346,0,0.7357786
H_recording,2,val,1000434,1,0.51072305
H_recording,2,val,1002373,1,1.0207803
H_recording,2,val,1002968,1,0.957821
H_recording,2,val,1005095,1,0.5385175
H_recording,2,val,1006489,0,0.6828934
H_recording,2,val,1013371,1,0.21341753
H_recording,2,val,1021541,1,0.32218814
H_recording,2,val,1030940,1,0.43787563
H_recording,2,val,1033938,0,0.7166005
H_recording,2,val,1036745,1,0.8061467
H_recording,2,val,1040848,0,0.6732696
H_recording,2,val,1042457,0,0.16690364
H_recording,2,val,1048580,1,0.7036912
H_recording,2,val,1049886,1,1.112337
H_recording,2,val,1050525,1,0.9004723
H_recording,2,val,1056454,1,0.67430365
H_recording,2,val,1057961,0,0.5095123
H_recording,2,val,1058939,1,0.56125844
H_recording,2,val,1058965,1,0.6887498
H_recording,2,val,1061023,1,1.0095716
H_recording,2,val,1065129,1,0.59802866
H_recording,2,val,1068977,0,0.46515068
H_recording,2,val,1069003,0,0.51314723
H_recording,2,val,1071801,0,0.31173965
H_recording,2,val,1073471,1,0.8576244
H_recording,2,val,1073751,1,0.21480736
H_recording,2,val,1073787,1,0.45941573
H_recording,2,val,1074093,1,0.4942298
H_recording,2,val,1075990,0,0.09071374
H_recording,2,val,1076383,1,0.5500779
H_recording,2,val,1077013,1,0.62014365
H_recording,2,val,1078392,1,0.4283957
H_recording,2,val,1079219,0,0.051174402
H_recording,2,val,1079586,0,0.36341605
H_recording,2,val,1079656,1,0.38902923
H_recording,2,val,1079923,0,0.18869579
H_recording,2,val,1080470,1,0.07045418
H_recording,2,val,1081738,1,0.7192303
H_recording,2,val,1082124,1,0.5283385
H_recording,2,val,1084347,0,0.8309761
H_recording,2,val,1085496,1,0.9845933
H_recording,2,val,1087391,0,0.29543492
H_recording,2,val,1087667,1,0.8606595
H_recording,2,val,1087796,0,0.2561608
H_recording,2,val,1088918,1,0.59345436
H_recording,2,val,1089436,0,0.64675134
H_recording,2,val,1089796,1,0.9439732
H_recording,2,val,1090438,1,1.0980265
H_recording,2,val,1090543,1,0.77514786
H_recording,2,val,1092437,1,0.7937793
H_recording,2,val,1092848,1,0.5179552
H_recording,2,val,1092889,1,0.71635765
H_recording,2,val,1092948,1,0.49238554
H_recording,2,val,1093743,0,0.061509013
H_recording,2,val,1093823,1,0.8424233
H_recording,2,val,1094730,0,0.6388615
H_recording,2,val,1097465,1,0.87907445
H_recording,2,val,1097474,1,0.9399708
H_recording,2,val,1098204,1,0.9195949
H_recording,2,val,1099234,1,0.7480434
H_recording,2,val,1099979,0,0.58755285
H_recording,2,val,1101522,0,0.46056223
H_recording,2,val,1102276,1,0.5664892
H_recording,2,val,1102856,1,0.15838575
H_recording,2,val,1103434,0,0.55560166
H_recording,2,val,1103891,1,0.3847441
H_recording,2,val,1104649,1,0.8376796
H_recording,2,val,1105121,0,0.37020624
H_recording,2,val,1105241,0,0.28820443
H_recording,2,val,1105299,0,0.5458107
H_recording,2,val,1105715,1,0.831465
H_recording,2,val,1107359,1,0.79494214
H_recording,2,val,1107910,1,0.76622015
H_recording,2,val,1109280,1,0.96081173
H_recording,2,val,1109782,1,0.449108
H_recording,2,val,1111153,0,0.3499925
H_recording,2,val,1111157,0,0.80451894
H_recording,2,val,1111426,0,0.44976312
H_recording,2,val,1111513,1,1.0310616
H_recording,2,val,1111920,1,1.0124938
H_recording,2,val,1112811,1,0.98260665
H_recording,2,val,1113155,0,0.4625634
H_recording,2,val,1113398,1,0.48366433
H_recording,2,val,1115212,1,0.68223953
H_recording,2,val,1115427,1,0.5935144
H_recording,2,val,1116007,0,0.15293008
H_recording,2,val,1116601,0,0.46892333
H_recording,2,val,1116926,1,0.87915695
H_recording,2,val,1117576,0,0.59949374
H_recording,2,val,1117714,1,0.7063452
H_recording,2,val,1117752,1,0.56677145
H_recording,2,val,1117975,1,0.9526293
H_recording,2,val,1118436,1,0.95090926
H_recording,2,val,1118542,0,0.2493374
H_recording,2,val,1118849,1,0.6129617
H_recording,2,val,1119248,1,0.97164756
H_recording,2,val,1119520,0,0.6222613
H_recording,2,val,1119526,1,0.5038644
H_recording,2,val,1119652,1,0.72223973
H_recording,2,val,1119666,1,0.7382231
H_recording,2,val,1119802,1,0.77227986
H_recording,2,val,1119855,0,0.52458745
H_recording,2,val,1120326,1,0.29762343
H_recording,2,val,1120436,0,0.2466889
H_recording,2,val,1120645,0,-0.08464891
H_recording,2,val,1120684,0,0.51515466
H_recording,2,val,1120869,0,0.55014145
H_recording,2,val,1121493,0,0.4028902
H_recording,2,val,1121705,1,1.3438101
H_recording,2,val,1121914,1,1.0019875
H_recording,2,val,1122025,1,0.17340314
H_recording,2,val,1122057,0,0.37535658
H_recording,2,val,1122513,1,0.27394927
H_recording,2,val,1123015,0,0.37353683
H_recording,2,val,1123071,1,0.5385492
H_recording,2,val,1124095,1,0.5101552
H_recording,2,val,1125442,1,1.058206
H_recording,2,val,1127285,0,0.4419005
H_recording,2,val,1127560,1,1.0406927
H_recording,2,val,1128117,1,0.9509072
H_recording,2,val,1128350,1,0.52648157
H_recording,2,val,1129711,0,0.48507684
H_recording,2,val,1129961,0,0.29775316
H_recording,2,val,1131906,1,0.98409915
H_recording,2,val,1132251,1,0.63338697
H_recording,2,val,1132255,0,0.6059929
H_recording,2,val,1132760,0,0.728898
H_recording,2,val,1133011,0,0.6348489
H_recording,2,val,1133607,1,1.0374799
H_recording,2,val,1134095,1,0.6142886
H_recording,2,val,1134921,1,0.57244766
H_recording,2,val,1135094,0,0.5707462
H_recording,2,val,1135191,0,0.33073208
H_recording,2,val,1136524,0,0.38375136
H_recording,2,val,1136723,0,0.0206393
H_recording,2,val,1136790,1,0.8059317
H_recording,2,val,1136946,0,0.33436847
H_recording,2,val,1136981,1,1.0695786
H_recording,2,val,1137743,1,0.858994
H_recording,2,val,1137897,1,0.95898694
H_recording,2,val,1138757,1,0.46003923
H_recording,2,val,1139275,1,0.9354167
H_recording,2,val,1140239,1,0.4997186
H_recording,2,val,1141115,1,1.2491195
H_recording,2,val,1141596,0,0.6847763
H_recording,2,val,1142051,1,0.78525203
H_recording,2,val,1142643,1,0.659231
H_recording,2,val,1142724,0,0.5442521
H_recording,2,val,1143116,0,0.29679248
H_recording,2,val,1143964,1,0.99764895
H_recording,2,val,1144198,1,0.78999025
H_recording,2,val,1144614,1,0.63219804
H_recording,2,val,1145385,0,0.46073836
H_recording,2,val,1145450,0,0.51408607
H_recording,2,val,1145704,1,0.793458
H_recording,2,val,1146057,0,0.13613111
H_recording,2,val,1146465,0,0.44945383
H_recording,2,val,1146999,1,0.6632744
H_recording,2,val,1147005,0,0.33921885
H_recording,2,val,1147122,1,0.79098374
H_recording,2,val,1147843,1,0.95872945
H_recording,2,val,1148270,0,0.41047305
H_recording,2,val,1149196,0,0.7178288
H_recording,2,val,1149831,1,0.8456701
H_recording,2,val,1149904,0,0.45420215
H_recording,2,val,1150324,0,0.55526793
H_recording,2,val,1150911,0,0.23712018
H_recording,2,val,1151371,1,0.9508889
H_recording,2,val,1151387,0,0.67837244
H_recording,2,val,1151393,1,0.6254867
H_recording,2,val,1151510,0,0.45749325
H_recording,2,val,1152877,0,0.71344614
H_recording,2,val,1153056,1,0.70551217
H_recording,2,val,1153155,1,0.77237076
H_recording,2,val,1153931,1,0.74859965
H_recording,2,val,1155546,1,0.4751246
H_recording,2,val,1155802,1,0.76777
H_recording,2,val,1156057,0,0.8041725
H_recording,2,val,1156739,1,0.8478918
H_recording,2,val,1156847,1,0.5385108
H_recording,2,val,1156904,1,0.73007375
H_recording,2,val,1157181,1,1.0538929
H_recording,2,val,1205869,1,0.9008751
H_recording,2,val,1205937,0,0.49947637
H_recording,2,val,1206010,0,0.69073313
H_recording,2,val,1206766,1,0.46163023
H_recording,2,val,1207435,1,0.92130643
H_recording,2,val,1207793,1,0.4044876
H_recording,2,val,1207923,1,1.144563
H_recording,2,val,1208350,1,0.8972678
H_recording,2,val,1208880,1,0.46504477
H_recording,2,val,1209469,1,0.85908437
H_recording,2,val,1209502,0,0.26030684
H_recording,2,val,1209699,0,0.7588448
H_recording,2,val,1210123,0,0.5012859
H_recording,2,val,1210315,0,0.11790937
H_recording,2,val,1211177,1,0.6391805
H_recording,2,val,1211297,1,0.6699865
H_recording,2,val,1211321,1,0.54386675
H_recording,2,val,1211878,1,0.9243365
H_recording,2,val,1212103,1,0.60239345
H_recording,2,val,1212313,0,0.43588233
H_recording,2,val,1212354,0,0.33633608
H_recording,2,val,1212394,1,0.34877115
H_recording,2,val,1212797,1,0.9336575
H_recording,2,val,1213174,1,0.3702842
H_recording,2,val,1213716,1,0.88050824
H_recording,2,val,1213929,1,0.7119129
H_recording,2,val,1214506,1,1.1152608
H_recording,2,val,1215252,0,0.11957282
H_recording,2,val,1215332,0,0.21325564
H_recording,2,val,1215381,0,0.797302
H_recording,2,val,1215388,0,0.3424789
H_recording,2,val,1215420,1,0.4929114
H_recording,2,val,1215443,0,0.48710072
H_recording,2,val,1215869,0,0.5981904
H_recording,2,val,1216904,0,0.18396068
H_recording,2,val,1217080,1,1.1244936
H_recording,2,val,1217218,0,0.24419168
H_recording,2,val,1217635,1,0.7798032
H_recording,2,val,1217769,1,0.56682336
H_recording,2,val,1218335,1,0.8080183
H_recording,2,val,1218829,1,0.81938404
H_recording,2,val,1219765,1,0.97455406
H_recording,2,val,1219935,1,1.1021135
H_recording,2,val,1220475,0,0.22318241
H_recording,2,val,1220500,1,0.78952765
H_recording,2,val,1220605,1,0.8278741
H_recording,2,val,1220959,1,0.60032165
H_recording,2,val,1221268,1,0.45706385
H_recording,2,val,1221554,0,0.5744644
H_recording,2,val,1221883,0,0.29795521
H_recording,2,val,1222037,1,0.66435367
H_recording,2,val,1223272,1,0.81683284
H_recording,2,val,1223459,1,0.91369164
H_recording,2,val,1223585,1,0.6288648
H_recording,2,val,1223773,1,0.82397366
H_recording,2,val,1223866,1,0.61002296
H_recording,2,val,1223969,1,0.7713915
H_recording,2,val,1224121,0,0.33129045
H_recording,2,val,1224698,0,0.6635289
H_recording,2,val,1225046,0,0.43475878
H_recording,2,val,1225751,1,0.7612644
H_recording,2,val,1225914,0,0.30299002
H_recording,2,val,1226824,0,0.36137354
H_recording,2,val,1227195,1,1.1010401
H_recording,2,val,1228020,1,0.9646277
H_recording,2,val,1228509,1,1.0433701
H_recording,2,val,1228820,0,0.34470463
H_recording,2,val,1229766,1,1.1705904
H_recording,2,val,1229837,0,0.15340748
H_recording,2,val,1229860,1,0.82782215
H_recording,2,val,1229920,1,0.76289076
H_recording,2,val,1230241,1,0.8074578
H_recording,2,val,1230259,1,0.542899
H_recording,2,val,1230724,1,0.562914
H_recording,2,val,1230781,0,-0.08053452
H_recording,2,val,1230810,1,0.666896
H_recording,2,val,1231114,1,1.0469037
H_recording,2,val,1231343,1,0.9644354
H_recording,2,val,1231638,1,0.93708944
H_recording,2,val,1232033,0,0.2947149
H_recording,2,val,1232188,1,0.86378396
H_recording,2,val,1232333,1,0.74235594
H_recording,2,val,1233203,1,0.9094633
H_recording,2,val,1233777,1,1.0177978
H_recording,2,val,1233962,0,0.3573916
H_recording,2,val,1233970,1,0.5742156
H_recording,2,val,1234198,0,0.017023623
H_recording,2,val,1235172,0,0.6698008
H_recording,2,val,1235254,0,0.14829698
H_recording,2,val,1235265,1,0.67258483
H_recording,2,val,1235697,1,0.6433793
H_recording,2,val,1236071,1,0.7164869
H_recording,2,val,1236083,0,0.48836896
H_recording,2,val,1236734,1,0.41439563
H_recording,2,val,1237352,1,0.6319654
H_recording,2,val,1237367,1,0.56431526
H_recording,2,val,1237508,1,0.59160006
H_recording,2,val,1237839,0,0.24515626
H_recording,2,val,1237971,1,0.73092973
H_recording,2,val,1238001,0,0.3346099
H_recording,2,val,1238292,0,0.6724
H_recording,2,val,1239029,1,0.7424982
H_recording,2,val,1239095,1,0.7848218
H_recording,2,val,1239127,0,0.685436
H_recording,2,val,1239331,1,0.6718248
H_recording,2,val,1239701,0,0.5939186
H_recording,2,val,1239881,1,0.9609542
H_recording,2,val,1240282,0,0.3946632
H_recording,2,val,1240710,1,0.64921534
H_recording,2,val,1241104,0,0.121560395
H_recording,2,val,1241185,0,0.4514021
H_recording,2,val,1242267,1,0.8065243
H_recording,2,val,1242283,0,0.43857557
H_recording,2,val,1243098,1,0.7557655
H_recording,2,val,1243427,1,0.30394915
H_recording,2,val,1243514,1,1.4824415
H_recording,2,val,1243942,1,0.9582908
H_recording,2,val,1244606,1,0.9037192
H_recording,2,val,1244680,1,0.5454672
H_recording,2,val,1245566,1,0.3592947
H_recording,2,val,1245696,1,0.6643019
H_recording,2,val,1246095,1,0.55458176
H_recording,2,val,1246508,0,0.06019157
H_recording,2,test,17109,1,0.53279126
H_recording,2,test,22019,0,0.24021074
H_recording,2,test,30603,1,0.63903326
H_recording,2,test,36502,0,0.2581109
H_recording,2,test,42908,1,0.91266906
H_recording,2,test,52327,1,1.0463101
H_recording,2,test,52609,1,0.86471874
H_recording,2,test,54828,1,1.1778071
H_recording,2,test,61867,0,0.54492426
H_recording,2,test,63449,0,0.46342736
H_recording,2,test,65596,0,0.46422464
H_recording,2,test,68483,1,0.65960085
H_recording,2,test,70693,0,0.60350084
H_recording,2,test,74146,0,0.7253113
H_recording,2,test,85978,1,0.4720673
H_recording,2,test,86305,1,0.7810668
H_recording,2,test,86310,1,0.56487393
H_recording,2,test,91934,0,0.48714682
H_recording,2,test,93011,0,0.44822115
H_recording,2,test,98629,1,0.4252974
H_recording,2,test,102312,1,0.73916924
H_recording,2,test,105772,1,1.1025926
H_recording,2,test,108509,1,0.5749123
H_recording,2,test,113763,0,0.5852078
H_recording,2,test,121544,1,0.6867052
H_recording,2,test,132583,0,0.3269784
H_recording,2,test,143353,1,0.78209543
H_recording,2,test,144004,0,0.26863864
H_recording,2,test,157463,1,0.5256724
H_recording,2,test,160103,1,0.7812769
H_recording,2,test,160197,1,0.5049121
H_recording,2,test,163423,1,0.8844603
H_recording,2,test,164362,1,0.20665643
H_recording,2,test,165324,0,0.25435266
H_recording,2,test,166451,1,1.0585157
H_recording,2,test,167707,1,0.82007617
H_recording,2,test,180001,0,0.13012433
H_recording,2,test,181034,1,0.8427282
H_recording,2,test,182595,0,0.51908594
H_recording,2,test,183219,0,0.67131907
H_recording,2,test,184704,0,0.32408094
H_recording,2,test,190049,1,0.57942206
H_recording,2,test,203461,1,0.47089309
H_recording,2,test,208652,1,0.5508409
H_recording,2,test,216589,1,0.6504474
H_recording,2,test,218529,1,0.8207843
H_recording,2,test,220792,0,0.576543
H_recording,2,test,223651,1,0.32934284
H_recording,2,test,229959,1,0.98201877
H_recording,2,test,234398,0,0.31395224
H_recording,2,test,234471,0,0.22150448
H_recording,2,test,240229,0,0.23114163
H_recording,2,test,250983,0,0.8858339
H_recording,2,test,252362,0,0.61276317
H_recording,2,test,271298,0,0.5943589
H_recording,2,test,274179,0,1.1527026
H_recording,2,test,275882,1,0.9176583
H_recording,2,test,278098,0,0.5102808
H_recording,2,test,278230,0,0.40905714
H_recording,2,test,278485,0,0.18517917
H_recording,2,test,285173,1,0.5516957
H_recording,2,test,288581,1,0.57263935
H_recording,2,test,293811,0,0.60968727
H_recording,2,test,304034,0,0.2595241
H_recording,2,test,309162,1,1.5060296
H_recording,2,test,309228,1,0.79617906
H_recording,2,test,315569,1,1.0541482
H_recording,2,test,325318,0,0.6811805
H_recording,2,test,327943,1,0.92180395
H_recording,2,test,335403,0,0.2711178
H_recording,2,test,345895,1,1.098279
H_recording,2,test,350707,0,0.45612568
H_recording,2,test,353416,1,0.6760351
H_recording,2,test,354035,1,0.49923843
H_recording,2,test,360745,1,0.6897227
H_recording,2,test,367686,0,0.5315031
H_recording,2,test,369915,1,0.7427767
H_recording,2,test,372332,1,0.87977916
H_recording,2,test,374203,0,0.43023235
H_recording,2,test,376880,1,0.8662742
H_recording,2,test,377217,1,0.6065451
H_recording,2,test,383626,1,0.65467316
H_recording,2,test,384429,0,0.5825518
H_recording,2,test,391348,0,0.5513941
H_recording,2,test,398295,0,0.23057076
H_recording,2,test,398592,1,0.8385347
H_recording,2,test,400980,1,0.85286593
H_recording,2,test,403399,0,0.25426716
H_recording,2,test,405843,1,1.0691257
H_recording,2,test,409579,1,0.44733888
H_recording,2,test,410795,1,0.65291655
H_recording,2,test,412716,1,1.1109285
H_recording,2,test,419522,1,0.9362
H_recording,2,test,432045,0,-0.23772752
H_recording,2,test,432782,0,0.6015124
H_recording,2,test,433303,1,0.76385134
H_recording,2,test,438187,1,1.0557208
H_recording,2,test,442019,0,0.8312693
H_recording,2,test,442797,1,0.8889302
H_recording,2,test,442895,1,0.88751787
H_recording,2,test,443207,1,0.788203
H_recording,2,test,443610,0,0.7972182
H_recording,2,test,445318,0,0.35235557
H_recording,2,test,451415,1,0.5710305
H_recording,2,test,460422,1,0.46183905
H_recording,2,test,460580,1,0.6910882
H_recording,2,test,463375,1,0.70801175
H_recording,2,test,465763,1,1.0105684
H_recording,2,test,468342,1,0.7732251
H_recording,2,test,469078,1,0.62926435
H_recording,2,test,476977,1,0.83311045
H_recording,2,test,477285,1,0.35292643
H_recording,2,test,486523,0,0.25911462
H_recording,2,test,488255,0,0.48673588
H_recording,2,test,490630,1,0.58660716
H_recording,2,test,492132,0,0.48755714
H_recording,2,test,492492,0,0.40678853
H_recording,2,test,507011,1,0.716926
H_recording,2,test,508867,1,0.69352347
H_recording,2,test,511417,1,0.79099536
H_recording,2,test,512053,1,0.73524815
H_recording,2,test,512180,1,0.8454264
H_recording,2,test,515887,1,0.42903954
H_recording,2,test,516493,0,0.6412201
H_recording,2,test,525973,0,0.6771142
H_recording,2,test,529750,0,0.113764465
H_recording,2,test,536935,1,0.5130824
H_recording,2,test,549363,0,0.2391743
H_recording,2,test,552901,1,1.0873032
H_recording,2,test,555492,0,0.33649465
H_recording,2,test,559178,1,0.76710856
H_recording,2,test,565908,0,0.40649414
H_recording,2,test,575773,1,0.75257534
H_recording,2,test,580587,0,0.10677004
H_recording,2,test,581598,1,0.94998205
H_recording,2,test,588986,1,0.8166586
H_recording,2,test,589857,0,0.35969988
H_recording,2,test,591051,1,0.625658
H_recording,2,test,592121,0,0.5968935
H_recording,2,test,592548,0,0.41700125
H_recording,2,test,595954,1,0.649732
H_recording,2,test,596445,0,0.3951714
H_recording,2,test,602165,1,0.5757275
H_recording,2,test,604557,1,0.5433143
H_recording,2,test,605762,0,0.30814445
H_recording,2,test,607813,0,0.11883032
H_recording,2,test,610488,0,0.6129031
H_recording,2,test,611309,0,0.52907574
H_recording,2,test,615384,1,0.9438381
H_recording,2,test,617695,0,0.2890089
H_recording,2,test,618335,1,0.7190584
H_recording,2,test,624692,1,0.67877465
H_recording,2,test,626615,0,0.70382476
H_recording,2,test,627587,1,1.0110974
H_recording,2,test,628861,1,0.20445856
H_recording,2,test,644091,1,0.8599338
H_recording,2,test,644443,1,0.8288361
H_recording,2,test,647436,0,0.6002568
H_recording,2,test,650259,0,0.48009717
H_recording,2,test,657738,0,0.7092721
H_recording,2,test,660164,1,0.49808258
H_recording,2,test,660433,0,0.5449486
H_recording,2,test,663130,1,0.58671176
H_recording,2,test,663548,1,0.5557435
H_recording,2,test,665050,1,0.31966257
H_recording,2,test,665220,1,0.7123819
H_recording,2,test,671576,0,0.19493523
H_recording,2,test,672172,1,0.5042843
H_recording,2,test,677259,0,0.31494108
H_recording,2,test,681120,1,0.8082827
H_recording,2,test,684963,1,0.7243464
H_recording,2,test,687171,1,0.68420595
H_recording,2,test,690734,0,0.023455739
H_recording,2,test,693326,1,0.64487195
H_recording,2,test,696029,0,0.71173936
H_recording,2,test,699877,0,0.60283446
H_recording,2,test,701498,1,0.67459035
H_recording,2,test,702078,0,0.24695784
H_recording,2,test,702801,0,0.22753432
H_recording,2,test,704059,0,0.71168053
H_recording,2,test,704101,1,0.32254604
H_recording,2,test,709805,1,0.8926811
H_recording,2,test,711782,1,0.87824464
H_recording,2,test,711787,1,0.7543832
H_recording,2,test,712016,1,0.78904486
H_recording,2,test,714764,0,0.5827272
H_recording,2,test,715221,1,0.48652637
H_recording,2,test,723474,0,0.18341321
H_recording,2,test,726409,0,0.65094316
H_recording,2,test,726499,0,0.23203349
H_recording,2,test,740043,1,0.6100573
H_recording,2,test,742847,0,0.55768716
H_recording,2,test,743605,1,0.56907874
H_recording,2,test,747584,1,0.6944219
H_recording,2,test,750881,0,0.2574734
H_recording,2,test,751252,0,0.4608829
H_recording,2,test,755294,1,0.7975563
H_recording,2,test,780355,1,0.78691155
H_recording,2,test,789437,1,0.8121344
H_recording,2,test,803706,1,0.4778964
H_recording,2,test,806762,0,0.23476106
H_recording,2,test,808258,0,0.16908267
H_recording,2,test,809234,1,0.6482659
H_recording,2,test,818267,1,0.8439165
H_recording,2,test,829142,1,0.98522246
H_recording,2,test,835463,1,0.6035775
H_recording,2,test,839278,1,0.77606213
H_recording,2,test,841534,0,0.5065143
H_recording,2,test,841748,1,0.83473504
H_recording,2,test,844964,0,0.9223579
H_recording,2,test,851163,1,0.81938344
H_recording,2,test,851639,1,0.58391017
H_recording,2,test,854069,1,0.63200724
H_recording,2,test,855223,1,0.93032867
H_recording,2,test,857435,1,0.63330907
H_recording,2,test,860381,0,0.2721509
H_recording,2,test,861607,0,0.589919
H_recording,2,test,872844,1,0.9557297
H_recording,2,test,877831,0,0.32345793
H_recording,2,test,878721,0,0.8918161
H_recording,2,test,882885,1,0.7760452
H_recording,2,test,883112,1,0.9397125
H_recording,2,test,883479,0,0.74669176
H_recording,2,test,885394,1,0.44875622
H_recording,2,test,899469,1,0.87967145
H_recording,2,test,900762,1,0.7910776
H_recording,2,test,900957,1,1.0017582
H_recording,2,test,924232,0,0.367545
H_recording,2,test,934409,0,0.59973806
H_recording,2,test,941626,1,0.36355603
H_recording,2,test,947197,1,0.6122392
H_recording,2,test,951246,0,0.22295523
H_recording,2,test,954440,1,0.6372912
H_recording,2,test,956387,1,0.24598876
H_recording,2,test,963985,1,0.9312109
H_recording,2,test,966701,0,0.35470572
H_recording,2,test,968655,0,0.09778154
H_recording,2,test,976523,1,0.77664196
H_recording,2,test,977714,1,1.0185815
H_recording,2,test,979369,1,0.88962936
H_recording,2,test,980871,1,1.1585885
H_recording,2,test,981562,0,0.6234593
H_recording,2,test,986260,1,0.7171428
H_recording,2,test,986510,1,0.5891451
H_recording,2,test,989331,1,0.76000476
H_recording,2,test,991197,0,0.5419042
H_recording,2,test,991829,1,0.48850408
H_recording,2,test,993100,1,0.945004
H_recording,2,test,993602,1,0.83664185
H_recording,2,test,995694,1,0.5125169
H_recording,2,test,996219,0,0.1669966
H_recording,2,test,996551,0,0.392124
H_recording,2,test,1000725,1,0.51047665
H_recording,2,test,1001535,1,0.5164567
H_recording,2,test,1003409,1,0.9983679
H_recording,2,test,1005121,1,0.8373415
H_recording,2,test,1005171,1,1.0500274
H_recording,2,test,1005619,1,0.6680065
H_recording,2,test,1007363,0,0.7180488
H_recording,2,test,1058429,1,0.8118518
H_recording,2,test,1061584,1,0.5721132
H_recording,2,test,1062066,0,0.626963
H_recording,2,test,1066534,1,0.5110822
H_recording,2,test,1067041,1,1.1751299
H_recording,2,test,1067177,1,0.3984385
H_recording,2,test,1068069,1,0.62649083
H_recording,2,test,1068151,0,0.42010522
H_recording,2,test,1068390,1,0.67530334
H_recording,2,test,1068426,1,0.97688615
H_recording,2,test,1068928,0,0.55618626
H_recording,2,test,1069432,1,1.0215775
H_recording,2,test,1069948,1,0.9753022
H_recording,2,test,1070002,1,0.47665524
H_recording,2,test,1070070,1,0.74629503
H_recording,2,test,1070173,1,1.1833886
H_recording,2,test,1071053,0,0.3257603
H_recording,2,test,1071949,1,0.18856108
H_recording,2,test,1072395,1,0.721813
H_recording,2,test,1073214,1,0.8474852
H_recording,2,test,1073232,0,0.7508079
H_recording,2,test,1073268,1,0.56891346
H_recording,2,test,1073839,0,0.28444332
H_recording,2,test,1074312,0,0.58078074
H_recording,2,test,1074427,1,0.6788486
H_recording,2,test,1074571,1,0.58368254
H_recording,2,test,1074753,0,0.5160336
H_recording,2,test,1075228,1,1.225597
H_recording,2,test,1075404,1,0.93979657
H_recording,2,test,1075699,1,0.5158142
H_recording,2,test,1077606,1,0.71599436
H_recording,2,test,1079282,1,0.7692879
H_recording,2,test,1081059,1,0.43822175
H_recording,2,test,1081377,0,0.33690906
H_recording,2,test,1081798,0,0.1918129
H_recording,2,test,1082290,0,0.63321483
H_recording,2,test,1082987,0,0.34864652
H_recording,2,test,1084214,1,0.96672916
H_recording,2,test,1084630,1,0.945382
H_recording,2,test,1085216,0,-0.015666008
H_recording,2,test,1086129,1,0.5114132
H_recording,2,test,1086243,1,0.910463
H_recording,2,test,1086770,1,0.863281
H_recording,2,test,1086772,1,0.6200698
H_recording,2,test,1087850,0,0.33428606
H_recording,2,test,1089310,0,0.66197777
H_recording,2,test,1089629,0,0.53037506
H_recording,2,test,1091748,1,1.3640714
H_recording,2,test,1093139,0,0.75541
H_recording,2,test,1093650,1,1.1591631
H_recording,2,test,1094011,1,0.59325624
H_recording,2,test,1094046,1,0.6746807
H_recording,2,test,1094897,1,0.8598654
H_recording,2,test,1095869,1,0.90488577
H_recording,2,test,1095940,1,1.0404319
H_recording,2,test,1096850,1,0.65223444
H_recording,2,test,1096858,1,0.7836093
H_recording,2,test,1098886,1,0.9393366
H_recording,2,test,1103930,1,0.45319843
H_recording,2,test,1104113,1,0.74099565
H_recording,2,test,1104452,1,0.79199886
H_recording,2,test,1104592,1,0.6996381
H_recording,2,test,1105198,0,0.5984682
H_recording,2,test,1105837,1,0.5563509
H_recording,2,test,1106300,1,0.5917297
H_recording,2,test,1106596,0,0.5673171
H_recording,2,test,1107096,1,0.8630062
H_recording,2,test,1107291,0,0.2986373
H_recording,2,test,1107631,1,1.2993903
H_recording,2,test,1108050,1,1.1033926
H_recording,2,test,1109506,1,0.91916764
H_recording,2,test,1109526,1,0.7885513
H_recording,2,test,1109598,1,1.0840507
H_recording,2,test,1109983,1,0.7160898
H_recording,2,test,1111098,1,0.9563558
H_recording,2,test,1111860,1,0.8194202
H_recording,2,test,1113294,1,0.6239502
H_recording,2,test,1113365,1,0.7205503
H_recording,2,test,1113808,0,0.40846065
H_recording,2,test,1115713,1,0.74410623
H_recording,2,test,1116144,1,0.9073012
H_recording,2,test,1116479,0,0.4638233
H_recording,2,test,1116580,1,0.80704975
H_recording,2,test,1117063,0,0.3646834
H_recording,2,test,1117243,1,0.9214429
H_recording,2,test,1117669,0,0.15701595
H_recording,2,test,1117701,1,0.9051157
H_recording,2,test,1117869,1,1.0375562
H_recording,2,test,1118191,1,0.80549103
H_recording,2,test,1118291,0,0.31398892
H_recording,2,test,1118398,1,0.7563031
H_recording,2,test,1118511,1,0.68521196
H_recording,2,test,1118641,0,0.014389932
H_recording,2,test,1119092,1,0.5201622
H_recording,2,test,1119930,1,0.920623
H_recording,2,test,1120836,1,0.9615915
H_recording,2,test,1121365,1,0.8724899
H_recording,2,test,1121559,1,0.99685
H_recording,2,test,1121672,1,0.22273618
H_recording,2,test,1121736,0,0.4793283
H_recording,2,test,1121795,1,0.67117405
H_recording,2,test,1121927,1,0.69759744
H_recording,2,test,1122004,0,0.24063665
H_recording,2,test,1122185,1,0.5957357
H_recording,2,test,1122658,1,0.7429983
H_recording,2,test,1122760,0,0.30540934
H_recording,2,test,1123435,1,0.8751377
H_recording,2,test,1123551,0,0.2887733
H_recording,2,test,1123858,0,0.4814465
H_recording,2,test,1124152,0,0.7872329
H_recording,2,test,1124180,0,0.47066224
H_recording,2,test,1124482,1,0.741503
H_recording,2,test,1126244,0,0.1775926
H_recording,2,test,1126628,1,0.7000622
H_recording,2,test,1126767,0,0.43312845
H_recording,2,test,1127029,0,0.5999198
H_recording,2,test,1127812,1,0.40268654
H_recording,2,test,1128467,1,0.64820147
H_recording,2,test,1128811,0,0.7450149
H_recording,2,test,1129353,0,0.62878233
H_recording,2,test,1129383,1,0.7616715
H_recording,2,test,1129401,1,0.35602677
H_recording,2,test,1130020,1,0.8809165
H_recording,2,test,1130043,1,0.8528148
H_recording,2,test,1130495,1,0.23834103
H_recording,2,test,1130530,0,0.4959584
H_recording,2,test,1131124,1,0.6896126
H_recording,2,test,1131656,1,1.0958197
H_recording,2,test,1132058,1,0.5610852
H_recording,2,test,1132465,1,0.6074439
H_recording,2,test,1132886,0,0.93911314
H_recording,2,test,1133211,1,0.0716449
H_recording,2,test,1134193,1,0.68619794
H_recording,2,test,1134339,0,0.30145308
H_recording,2,test,1135004,0,0.49278235
H_recording,2,test,1136675,1,0.6988043
H_recording,2,test,1136878,1,0.5763563
H_recording,2,test,1137456,0,0.7648613
H_recording,2,test,1137818,1,0.7529568
H_recording,2,test,1138670,1,0.46029744
H_recording,2,test,1138681,1,0.6458272
H_recording,2,test,1138864,1,0.39297274
H_recording,2,test,1140316,1,0.96516013
H_recording,2,test,1142126,0,0.5027915
H_recording,2,test,1142188,1,0.73445815
H_recording,2,test,1144028,0,0.7573273
H_recording,2,test,1144147,0,0.26541162
H_recording,2,test,1144488,1,0.73334897
H_recording,2,test,1144757,1,0.84938145
H_recording,2,test,1145720,0,0.67220694
H_recording,2,test,1146563,0,0.45757622
H_recording,2,test,1146584,1,0.7254782
H_recording,2,test,1148113,1,0.2177223
H_recording,2,test,1148157,1,0.89117646
H_recording,2,test,1148282,1,0.68651867
H_recording,2,test,1148607,1,0.72572064
H_recording,2,test,1148756,1,0.6395073
H_recording,2,test,1148957,1,0.9805567
H_recording,2,test,1149553,1,1.1496027
H_recording,2,test,1149963,1,0.5583889
H_recording,2,test,1150067,1,0.71495086
H_recording,2,test,1150178,1,0.81187
H_recording,2,test,1151052,0,0.5076123
H_recording,2,test,1151422,1,1.0308652
H_recording,2,test,1151513,1,0.52468306
H_recording,2,test,1151818,0,0.2090945
H_recording,2,test,1152700,1,0.6916398
H_recording,2,test,1152707,0,0.9237331
H_recording,2,test,1153263,0,0.22130123
H_recording,2,test,1153649,0,0.57167816
H_recording,2,test,1153914,1,0.70010895
H_recording,2,test,1154191,1,0.9070827
H_recording,2,test,1154313,1,0.81358784
H_recording,2,test,1154712,1,0.84784925
H_recording,2,test,1155176,1,0.8724227
H_recording,2,test,1155575,1,0.6504412
H_recording,2,test,1156251,1,0.6342222
H_recording,2,test,1156386,1,0.86955786
H_recording,2,test,1156786,1,0.47933286
H_recording,2,test,1156887,1,0.516272
H_recording,2,test,1158961,1,0.9401625
H_recording,2,test,1205766,1,0.95974785
H_recording,2,test,1205889,1,1.0348895
H_recording,2,test,1206310,1,0.55451304
H_recording,2,test,1207017,1,0.7108745
H_recording,2,test,1207116,1,1.0139143
H_recording,2,test,1207484,0,0.5786436
H_recording,2,test,1207861,1,1.1617821
H_recording,2,test,1207963,1,0.63862664
H_recording,2,test,1208561,1,0.82342744
H_recording,2,test,1208898,1,0.7459096
H_recording,2,test,1209022,1,0.85010064
H_recording,2,test,1209496,0,0.4216481
H_recording,2,test,1210080,0,0.43105802
H_recording,2,test,1210100,0,0.11770004
H_recording,2,test,1210485,1,0.6716331
H_recording,2,test,1210639,1,0.99253094
H_recording,2,test,1210786,0,0.19490874
H_recording,2,test,1210809,1,0.79300445
H_recording,2,test,1211001,1,0.93102217
H_recording,2,test,1211380,1,0.825775
H_recording,2,test,1212066,0,0.45434117
H_recording,2,test,1212451,0,0.2160387
H_recording,2,test,1212582,1,0.8373769
H_recording,2,test,1213071,1,0.20828387
H_recording,2,test,1213526,1,0.7635364
H_recording,2,test,1214739,0,0.41812998
H_recording,2,test,1214832,0,0.3161546
H_recording,2,test,1215142,0,0.5042611
H_recording,2,test,1215607,0,0.57173526
H_recording,2,test,1216041,1,0.55801237
H_recording,2,test,1216045,1,0.5974205
H_recording,2,test,1216704,1,0.73230463
H_recording,2,test,1216776,1,0.56965095
H_recording,2,test,1217243,1,0.70913804
H_recording,2,test,1218194,1,0.5132444
H_recording,2,test,1218554,1,1.0062063
H_recording,2,test,1218673,1,0.720342
H_recording,2,test,1219597,0,0.716414
H_recording,2,test,1219877,1,0.5577735
H_recording,2,test,1220226,0,0.33576578
H_recording,2,test,1220426,0,0.37576646
H_recording,2,test,1220526,1,0.7736924
H_recording,2,test,1220699,1,0.59975535
H_recording,2,test,1220702,0,0.35416555
H_recording,2,test,1220802,1,1.0690317
H_recording,2,test,1220833,1,0.79140013
H_recording,2,test,1220875,0,0.45025223
H_recording,2,test,1221102,0,0.6676254
H_recording,2,test,1221236,1,0.6697357
H_recording,2,test,1221707,0,0.50116867
H_recording,2,test,1222369,0,0.6676744
H_recording,2,test,1222988,1,0.4438732
H_recording,2,test,1223193,0,0.6205031
H_recording,2,test,1223568,1,0.8959849
H_recording,2,test,1223754,0,0.7372442
H_recording,2,test,1224229,1,1.1228888
H_recording,2,test,1224519,1,1.2115483
H_recording,2,test,1224731,1,0.7086086
H_recording,2,test,1225050,0,0.19009677
H_recording,2,test,1225323,1,0.590745
H_recording,2,test,1225341,1,0.3909786
H_recording,2,test,1225388,0,0.41407138
H_recording,2,test,1225413,1,1.1728251
H_recording,2,test,1225605,0,0.38954973
H_recording,2,test,1226794,0,0.360485
H_recording,2,test,1226946,1,0.79563576
H_recording,2,test,1227262,1,0.51312494
H_recording,2,test,1227437,1,0.8947965
H_recording,2,test,1227597,0,0.5472854
H_recording,2,test,1227732,1,0.8015249
H_recording,2,test,1227755,1,1.0059264
H_recording,2,test,1227765,1,1.1409311
H_recording,2,test,1228018,1,0.2753132
H_recording,2,test,1228461,1,0.99120784
H_recording,2,test,1228842,0,0.25413555
H_recording,2,test,1229345,1,0.96350396
H_recording,2,test,1229605,0,0.4052965
H_recording,2,test,1230051,1,0.79150224
H_recording,2,test,1230374,1,1.1208844
H_recording,2,test,1230384,0,0.7506118
H_recording,2,test,1230408,1,0.59805137
H_recording,2,test,1230574,0,0.66487753
H_recording,2,test,1230712,0,0.7470079
H_recording,2,test,1230855,0,0.27612612
H_recording,2,test,1231339,0,0.3945918
H_recording,2,test,1232028,0,0.11858904
H_recording,2,test,1233241,0,0.7650553
H_recording,2,test,1233508,1,0.7180194
H_recording,2,test,1233527,1,0.53051543
H_recording,2,test,1233621,0,0.63121754
H_recording,2,test,1233632,1,0.6474994
H_recording,2,test,1233791,1,0.5911897
H_recording,2,test,1234521,0,0.41488206
H_recording,2,test,1235863,1,0.5223141
H_recording,2,test,1235882,0,0.24160561
H_recording,2,test,1235914,0,0.28544664
H_recording,2,test,1235985,1,0.52520657
H_recording,2,test,1236656,0,0.4914469
H_recording,2,test,1237272,1,0.553852
H_recording,2,test,1237647,0,0.44123143
H_recording,2,test,1238245,1,0.6464223
H_recording,2,test,1238297,0,0.65281534
H_recording,2,test,1238348,0,0.46145123
H_recording,2,test,1238457,1,0.58615965
H_recording,2,test,1238537,0,0.80036294
H_recording,2,test,1238550,1,0.9610262
H_recording,2,test,1238559,1,1.0824617
H_recording,2,test,1238835,1,0.7467254
H_recording,2,test,1238864,1,0.757888
H_recording,2,test,1238867,1,0.62811846
H_recording,2,test,1238917,0,0.38188782
H_recording,2,test,1238960,1,0.85105836
H_recording,2,test,1239042,1,0.33985126
H_recording,2,test,1239079,1,0.55012286
H_recording,2,test,1239224,1,0.6447555
H_recording,2,test,1239283,1,0.49824917
H_recording,2,test,1239427,1,0.9715854
H_recording,2,test,1239611,1,0.57492584
H_recording,2,test,1239907,1,0.5138485
H_recording,2,test,1241318,1,0.21234974
H_recording,2,test,1241362,1,0.96874064
H_recording,2,test,1241625,0,0.491336
H_recording,2,test,1241779,1,0.7171239
H_recording,2,test,1242413,1,0.5748631
H_recording,2,test,1242831,0,0.28005722
H_recording,2,test,1243993,0,0.4508003
H_recording,2,test,1244763,0,0.49109918
H_recording,2,test,1244765,0,0.11625159
H_recording,2,test,1245905,1,0.79776233
H_recording,2,test,1245930,0,0.15987048
H_recording,2,test,1246192,1,0.50580823
H_recording,2,test,1246490,1,1.0421798
H_recording,2,test,1246702,1,0.75675887
